date,open,high,low,close,adj_close,volume
,BSFC,BSFC,BSFC,BSFC,BSFC,BSFC
2020-04-28,2020.0,2020.0,2020.0,2020.0,2020.0,0
2020-04-29,2020.0,2020.0,2020.0,2020.0,2020.0,0
2020-04-30,2020.0,2020.0,2020.0,2020.0,2020.0,0
2020-05-01,2020.0,2020.0,2020.0,2020.0,2020.0,0
2020-05-04,2100.0,2100.0,2100.0,2100.0,2100.0,0
2020-05-05,2100.0,2100.0,2100.0,2100.0,2100.0,0
2020-05-06,2250.0,2300.0,2250.0,2300.0,2300.0,1
2020-05-07,2450.0,2450.0,2450.0,2450.0,2450.0,0
2020-05-08,2450.0,2450.0,2450.0,2450.0,2450.0,0
2020-05-11,2450.0,2450.0,2450.0,2450.0,2450.0,0
2020-05-12,2600.0,2600.0,2600.0,2600.0,2600.0,0
2020-05-13,2600.0,2600.0,2600.0,2600.0,2600.0,0
2020-05-14,2600.0,2600.0,2600.0,2600.0,2600.0,0
2020-05-15,2600.0,2600.0,2600.0,2600.0,2600.0,0
2020-05-18,2600.0,2600.0,2600.0,2600.0,2600.0,0
2020-05-19,2600.0,2600.0,2600.0,2600.0,2600.0,0
2020-05-20,2600.0,2600.0,2600.0,2600.0,2600.0,0
2020-05-21,2600.0,2600.0,2600.0,2600.0,2600.0,0
2020-05-22,2600.0,2600.0,2600.0,2600.0,2600.0,0
2020-05-26,2600.0,2600.0,2600.0,2600.0,2600.0,0
2020-05-27,2600.0,2600.0,2600.0,2600.0,2600.0,0
2020-05-28,2600.0,2600.0,2600.0,2600.0,2600.0,0
2020-05-29,2600.0,2600.0,2600.0,2600.0,2600.0,0
2020-06-01,2600.0,2600.0,2600.0,2600.0,2600.0,0
2020-06-02,2600.0,2600.0,2600.0,2600.0,2600.0,0
2020-06-03,2600.0,2600.0,2600.0,2600.0,2600.0,0
2020-06-04,2600.0,2600.0,2600.0,2600.0,2600.0,0
2020-06-05,2600.0,2600.0,2600.0,2600.0,2600.0,0
2020-06-08,2600.0,2600.0,2600.0,2600.0,2600.0,0
2020-06-09,2300.0,2300.0,2260.0,2300.0,2300.0,1
2020-06-10,2600.0,2600.0,2600.0,2600.0,2600.0,1
2020-06-11,2600.0,2600.0,2600.0,2600.0,2600.0,0
2020-06-12,2600.0,2600.0,2600.0,2600.0,2600.0,0
2020-06-15,2600.0,2600.0,2600.0,2600.0,2600.0,0
2020-06-16,2600.0,2600.0,2600.0,2600.0,2600.0,0
2020-06-17,2600.0,2600.0,2600.0,2600.0,2600.0,0
2020-06-18,2600.0,2600.0,2600.0,2600.0,2600.0,0
2020-06-19,2600.0,2600.0,2600.0,2600.0,2600.0,0
2020-06-22,2600.0,2600.0,2600.0,2600.0,2600.0,0
2020-06-23,2600.0,2600.0,2600.0,2600.0,2600.0,0
2020-06-24,2300.0,2300.0,2300.0,2300.0,2300.0,1
2020-06-25,2300.0,2300.0,2300.0,2300.0,2300.0,1
2020-06-26,2300.0,2300.0,2300.0,2300.0,2300.0,0
2020-06-29,2300.0,2300.0,2300.0,2300.0,2300.0,0
2020-06-30,2300.0,2300.0,2300.0,2300.0,2300.0,0
2020-07-01,2300.0,2300.0,2300.0,2300.0,2300.0,0
2020-07-02,2300.0,2300.0,2300.0,2300.0,2300.0,0
2020-07-06,2700.0,2700.0,2700.0,2700.0,2700.0,0
2020-07-07,2700.0,2700.0,2700.0,2700.0,2700.0,0
2020-07-08,2700.0,2700.0,2700.0,2700.0,2700.0,0
2020-07-09,2700.0,2700.0,2700.0,2700.0,2700.0,0
2020-07-10,2700.0,2700.0,2700.0,2700.0,2700.0,0
2020-07-13,2700.0,2700.0,2700.0,2700.0,2700.0,0
2020-07-14,2700.0,2700.0,2700.0,2700.0,2700.0,0
2020-07-15,2700.0,2700.0,2700.0,2700.0,2700.0,0
2020-07-16,2700.0,2700.0,2700.0,2700.0,2700.0,0
2020-07-17,2700.0,2700.0,2700.0,2700.0,2700.0,0
2020-07-20,2700.0,2700.0,2700.0,2700.0,2700.0,0
2020-07-21,2700.0,2700.0,2700.0,2700.0,2700.0,0
2020-07-22,2700.0,2700.0,2700.0,2700.0,2700.0,0
2020-07-23,2700.0,2700.0,2700.0,2700.0,2700.0,0
2020-07-24,2700.0,2700.0,2700.0,2700.0,2700.0,0
2020-07-27,2700.0,2700.0,2700.0,2700.0,2700.0,0
2020-07-28,2700.0,2700.0,2700.0,2700.0,2700.0,0
2020-07-29,2700.0,2700.0,2700.0,2700.0,2700.0,0
2020-07-30,2700.0,2700.0,2700.0,2700.0,2700.0,0
2020-07-31,2700.0,2700.0,2700.0,2700.0,2700.0,0
2020-08-03,2700.0,2700.0,2700.0,2700.0,2700.0,0
2020-08-04,2700.0,2700.0,2700.0,2700.0,2700.0,0
2020-08-05,2700.0,2700.0,2700.0,2700.0,2700.0,0
2020-08-06,2700.0,2700.0,2700.0,2700.0,2700.0,0
2020-08-07,2700.0,2700.0,2700.0,2700.0,2700.0,0
2020-08-10,2700.0,2700.0,2700.0,2700.0,2700.0,0
2020-08-11,2700.0,2700.0,2700.0,2700.0,2700.0,0
2020-08-12,2700.0,2700.0,2700.0,2700.0,2700.0,0
2020-08-13,2700.0,2700.0,2700.0,2700.0,2700.0,0
2020-08-14,2700.0,2700.0,2700.0,2700.0,2700.0,0
2020-08-17,2700.0,2700.0,2700.0,2700.0,2700.0,0
2020-08-18,2700.0,2700.0,2700.0,2700.0,2700.0,0
2020-08-19,2700.0,2700.0,2700.0,2700.0,2700.0,0
2020-08-20,2700.0,2700.0,2700.0,2700.0,2700.0,0
2020-08-21,2700.0,2700.0,2700.0,2700.0,2700.0,0
2020-08-24,2700.0,2700.0,2700.0,2700.0,2700.0,0
2020-08-25,2700.0,2700.0,2700.0,2700.0,2700.0,0
2020-08-26,2700.0,2700.0,2700.0,2700.0,2700.0,0
2020-08-27,2700.0,2700.0,2700.0,2700.0,2700.0,0
2020-08-28,2150.0,2150.0,2150.0,2150.0,2150.0,0
2020-08-31,2150.0,2150.0,2150.0,2150.0,2150.0,0
2020-09-01,2150.0,2150.0,2150.0,2150.0,2150.0,0
2020-09-02,2150.0,2150.0,2150.0,2150.0,2150.0,0
2020-09-03,2150.0,2150.0,2150.0,2150.0,2150.0,0
2020-09-04,2150.0,2150.0,2150.0,2150.0,2150.0,0
2020-09-08,2150.0,2150.0,2150.0,2150.0,2150.0,0
2020-09-09,2150.0,2150.0,2150.0,2150.0,2150.0,1
2020-09-10,2150.0,2150.0,2150.0,2150.0,2150.0,0
2020-09-11,2150.0,2150.0,2150.0,2150.0,2150.0,0
2020-09-14,2150.0,2150.0,2150.0,2150.0,2150.0,0
2020-09-15,2150.0,2150.0,2150.0,2150.0,2150.0,0
2020-09-16,2150.0,2150.0,2150.0,2150.0,2150.0,0
2020-09-17,2150.0,2150.0,2150.0,2150.0,2150.0,0
2020-09-18,2150.0,2150.0,2150.0,2150.0,2150.0,0
2020-09-21,2150.0,2150.0,2150.0,2150.0,2150.0,0
2020-09-22,2150.0,2150.0,2150.0,2150.0,2150.0,0
2020-09-23,2150.0,2150.0,2150.0,2150.0,2150.0,0
2020-09-24,2150.0,2150.0,2150.0,2150.0,2150.0,0
2020-09-25,2150.0,2150.0,2150.0,2150.0,2150.0,0
2020-09-28,2150.0,2150.0,2150.0,2150.0,2150.0,0
2020-09-29,2150.0,2150.0,2150.0,2150.0,2150.0,0
2020-09-30,2150.0,2150.0,2150.0,2150.0,2150.0,0
2020-10-01,2150.0,2150.0,2150.0,2150.0,2150.0,0
2020-10-02,2150.0,2150.0,2150.0,2150.0,2150.0,0
2020-10-05,2150.0,2150.0,2150.0,2150.0,2150.0,0
2020-10-06,2150.0,2150.0,2150.0,2150.0,2150.0,0
2020-10-07,2150.0,2150.0,2150.0,2150.0,2150.0,0
2020-10-08,2150.0,2150.0,2150.0,2150.0,2150.0,0
2020-10-09,2150.0,2150.0,2150.0,2150.0,2150.0,0
2020-10-12,2150.0,2150.0,2150.0,2150.0,2150.0,0
2020-10-13,2150.0,2150.0,2150.0,2150.0,2150.0,0
2020-10-14,2150.0,2150.0,2150.0,2150.0,2150.0,0
2020-10-15,2150.0,2150.0,2150.0,2150.0,2150.0,0
2020-10-16,2150.0,2150.0,2150.0,2150.0,2150.0,0
2020-10-19,2050.0,2050.0,2050.0,2050.0,2050.0,0
2020-10-20,2050.0,2050.0,2050.0,2050.0,2050.0,0
2020-10-21,2050.0,2050.0,2050.0,2050.0,2050.0,0
2020-10-22,2050.0,2050.0,2050.0,2050.0,2050.0,0
2020-10-23,2050.0,2050.0,2050.0,2050.0,2050.0,0
2020-10-26,2050.0,2050.0,2050.0,2050.0,2050.0,0
2020-10-27,2050.0,2050.0,2050.0,2050.0,2050.0,0
2020-10-28,2050.0,2050.0,2050.0,2050.0,2050.0,0
2020-10-29,2050.0,2050.0,2050.0,2050.0,2050.0,0
2020-10-30,2050.0,2050.0,2050.0,2050.0,2050.0,0
2020-11-02,2050.0,2050.0,2050.0,2050.0,2050.0,0
2020-11-03,2050.0,2050.0,2050.0,2050.0,2050.0,0
2020-11-04,2050.0,2050.0,2050.0,2050.0,2050.0,0
2020-11-05,2050.0,2050.0,2050.0,2050.0,2050.0,0
2020-11-06,2050.0,2050.0,2050.0,2050.0,2050.0,0
2020-11-09,2050.0,2050.0,2050.0,2050.0,2050.0,0
2020-11-10,2050.0,2050.0,2050.0,2050.0,2050.0,0
2020-11-11,2050.0,2050.0,2050.0,2050.0,2050.0,0
2020-11-12,2050.0,2050.0,2050.0,2050.0,2050.0,0
2020-11-13,2050.0,2050.0,2050.0,2050.0,2050.0,0
2020-11-16,2050.0,2050.0,2050.0,2050.0,2050.0,0
2020-11-17,2150.0,2150.0,2150.0,2150.0,2150.0,0
2020-11-18,2150.0,2150.0,2150.0,2150.0,2150.0,0
2020-11-19,2150.0,2150.0,2150.0,2150.0,2150.0,0
2020-11-20,2150.0,2150.0,2150.0,2150.0,2150.0,0
2020-11-23,2150.0,2150.0,2150.0,2150.0,2150.0,0
2020-11-24,2150.0,2150.0,2150.0,2150.0,2150.0,0
2020-11-25,2150.0,2150.0,2150.0,2150.0,2150.0,0
2020-11-27,2150.0,2150.0,2150.0,2150.0,2150.0,0
2020-11-30,2150.0,2150.0,2150.0,2150.0,2150.0,0
2020-12-01,2150.0,2150.0,2150.0,2150.0,2150.0,0
2020-12-02,2150.0,2150.0,2150.0,2150.0,2150.0,0
2020-12-03,2150.0,2150.0,2150.0,2150.0,2150.0,0
2020-12-04,2150.0,2150.0,2150.0,2150.0,2150.0,0
2020-12-07,2150.0,2150.0,2150.0,2150.0,2150.0,1
2020-12-08,2060.0,2180.0,2060.0,2180.0,2180.0,3
2020-12-09,2120.0,2120.0,2120.0,2120.0,2120.0,7
2020-12-10,2120.0,2120.0,2120.0,2120.0,2120.0,0
2020-12-11,2130.0,2130.0,2130.0,2130.0,2130.0,0
2020-12-14,2130.0,2130.0,2130.0,2130.0,2130.0,0
2020-12-15,2130.0,2130.0,2130.0,2130.0,2130.0,0
2020-12-16,2130.0,2130.0,2130.0,2130.0,2130.0,0
2020-12-17,2130.0,2130.0,2130.0,2130.0,2130.0,0
2020-12-18,2140.0,2140.0,2140.0,2140.0,2140.0,5
2020-12-21,2140.0,2140.0,2140.0,2140.0,2140.0,0
2020-12-22,2140.0,2140.0,2140.0,2140.0,2140.0,10
2020-12-23,2140.0,2140.0,2140.0,2140.0,2140.0,0
2020-12-24,2140.0,2140.0,2140.0,2140.0,2140.0,0
2020-12-28,2200.0,2220.0,2000.0,2000.0,2000.0,2
2020-12-29,2000.0,2000.0,2000.0,2000.0,2000.0,0
2020-12-30,2000.0,2000.0,2000.0,2000.0,2000.0,0
2020-12-31,2220.0,2220.0,2110.0,2220.0,2220.0,0
2021-01-04,2270.0,2270.0,2270.0,2270.0,2270.0,1
2021-01-05,2270.0,2270.0,2270.0,2270.0,2270.0,0
2021-01-06,2270.0,2270.0,2270.0,2270.0,2270.0,0
2021-01-07,2270.0,2270.0,2270.0,2270.0,2270.0,0
2021-01-08,2270.0,2270.0,2270.0,2270.0,2270.0,0
2021-01-11,2270.0,2270.0,2270.0,2270.0,2270.0,0
2021-01-12,2270.0,2270.0,2270.0,2270.0,2270.0,0
2021-01-13,2270.0,2270.0,2270.0,2270.0,2270.0,0
2021-01-14,2270.0,2270.0,2270.0,2270.0,2270.0,0
2021-01-15,2150.0,2150.0,2150.0,2150.0,2150.0,1
2021-01-19,2100.0,2100.0,2050.0,2100.0,2100.0,2
2021-01-20,2100.0,2100.0,2100.0,2100.0,2100.0,0
2021-01-21,2300.0,2300.0,2150.0,2150.0,2150.0,1
2021-01-22,2150.0,2150.0,2150.0,2150.0,2150.0,0
2021-01-25,2150.0,2150.0,2150.0,2150.0,2150.0,0
2021-01-26,2150.0,2150.0,2150.0,2150.0,2150.0,0
2021-01-27,2150.0,2150.0,2150.0,2150.0,2150.0,0
2021-01-28,2150.0,2150.0,2150.0,2150.0,2150.0,0
2021-01-29,2150.0,2150.0,2150.0,2150.0,2150.0,0
2021-02-01,2150.0,2150.0,2150.0,2150.0,2150.0,0
2021-02-02,2150.0,2150.0,2150.0,2150.0,2150.0,0
2021-02-03,2150.0,2300.0,2150.0,2300.0,2300.0,1
2021-02-04,2125.0,2125.0,2125.0,2125.0,2125.0,0
2021-02-05,2125.0,2125.0,2125.0,2125.0,2125.0,0
2021-02-08,2150.0,2150.0,1010.0,1010.0,1010.0,3
2021-02-09,2150.0,2150.0,2150.0,2150.0,2150.0,0
2021-02-10,2150.0,2250.0,2150.0,2250.0,2250.0,0
2021-02-11,2250.0,2250.0,2250.0,2250.0,2250.0,0
2021-02-12,2250.0,2250.0,2250.0,2250.0,2250.0,1
2021-02-16,2250.0,2250.0,2250.0,2250.0,2250.0,0
2021-02-17,2250.0,2250.0,2250.0,2250.0,2250.0,0
2021-02-18,2150.0,2150.0,2100.0,2100.0,2100.0,1
2021-02-19,2100.0,2100.0,2100.0,2100.0,2100.0,0
2021-02-22,2050.0,2100.0,2050.0,2100.0,2100.0,4
2021-02-23,1900.0,1900.0,1900.0,1900.0,1900.0,0
2021-02-24,2150.0,2350.0,2150.0,2150.0,2150.0,1
2021-02-25,2150.0,2150.0,2150.0,2150.0,2150.0,0
2021-02-26,2150.0,2150.0,2150.0,2150.0,2150.0,0
2021-03-01,2340.0,2340.0,2340.0,2340.0,2340.0,0
2021-03-02,2340.0,2340.0,2340.0,2340.0,2340.0,0
2021-03-03,2340.0,2340.0,2340.0,2340.0,2340.0,0
2021-03-04,2350.0,2350.0,2350.0,2350.0,2350.0,0
2021-03-05,2350.0,2350.0,2350.0,2350.0,2350.0,0
2021-03-08,2350.0,2350.0,2350.0,2350.0,2350.0,0
2021-03-09,2250.0,2250.0,2250.0,2250.0,2250.0,0
2021-03-10,2350.0,2350.0,2350.0,2350.0,2350.0,0
2021-03-11,2350.0,2350.0,2350.0,2350.0,2350.0,0
2021-03-12,2150.0,2150.0,2150.0,2150.0,2150.0,0
2021-03-15,2150.0,2150.0,2150.0,2150.0,2150.0,0
2021-03-16,2370.0,2370.0,2370.0,2370.0,2370.0,0
2021-03-17,2370.0,2370.0,2370.0,2370.0,2370.0,0
2021-03-18,2370.0,2370.0,2370.0,2370.0,2370.0,0
2021-03-19,2370.0,2370.0,2370.0,2370.0,2370.0,0
2021-03-22,2370.0,2370.0,2370.0,2370.0,2370.0,0
2021-03-23,2370.0,2370.0,2370.0,2370.0,2370.0,0
2021-03-24,2250.0,2360.0,1660.0,2360.0,2360.0,1
2021-03-25,2360.0,2360.0,2360.0,2360.0,2360.0,0
2021-03-26,2360.0,2360.0,2360.0,2360.0,2360.0,0
2021-03-29,2360.0,2360.0,2360.0,2360.0,2360.0,0
2021-03-30,2360.0,2360.0,2360.0,2360.0,2360.0,0
2021-03-31,2360.0,2360.0,2360.0,2360.0,2360.0,0
2021-04-01,2250.0,2250.0,2250.0,2250.0,2250.0,0
2021-04-05,2360.0,2360.0,2360.0,2360.0,2360.0,1
2021-04-06,2400.0,2400.0,2400.0,2400.0,2400.0,0
2021-04-07,2400.0,2400.0,2400.0,2400.0,2400.0,0
2021-04-08,2400.0,2400.0,2400.0,2400.0,2400.0,0
2021-04-09,2400.0,2400.0,2400.0,2400.0,2400.0,0
2021-04-12,2400.0,2400.0,2400.0,2400.0,2400.0,1
2021-04-13,2400.0,2400.0,2400.0,2400.0,2400.0,0
2021-04-14,2400.0,2400.0,2400.0,2400.0,2400.0,0
2021-04-15,2400.0,2400.0,2400.0,2400.0,2400.0,0
2021-04-16,2400.0,3000.0,2385.0,3000.0,3000.0,5
2021-04-19,3050.0,4390.0,3050.0,4390.0,4390.0,1
2021-04-20,5390.0,5920.0,5390.0,5920.0,5920.0,4
2021-04-21,5670.0,5670.0,5330.0,5340.0,5340.0,1
2021-04-22,5860.0,5860.0,5860.0,5860.0,5860.0,0
2021-04-23,5860.0,5860.0,5860.0,5860.0,5860.0,0
2021-04-26,5860.0,5860.0,5860.0,5860.0,5860.0,0
2021-04-27,5860.0,5860.0,5860.0,5860.0,5860.0,0
2021-04-28,5860.0,5860.0,5860.0,5860.0,5860.0,0
2021-04-29,5000.0,6940.0,4460.0,4460.0,4460.0,4
2021-04-30,5700.0,5700.0,4000.0,5500.0,5500.0,1
2021-05-03,5500.0,5500.0,5500.0,5500.0,5500.0,0
2021-05-04,5120.0,5120.0,5120.0,5120.0,5120.0,0
2021-05-05,5700.0,5700.0,5210.0,5210.0,5210.0,1
2021-05-06,4215.0,5250.0,4210.0,5250.0,5250.0,1
2021-05-07,5250.0,5250.0,5250.0,5250.0,5250.0,0
2021-05-10,5250.0,5250.0,5250.0,5250.0,5250.0,1
2021-05-11,5210.0,5350.0,5210.0,5350.0,5350.0,0
2021-05-12,5350.0,5350.0,5350.0,5350.0,5350.0,0
2021-05-13,5350.0,5500.0,5350.0,5500.0,5500.0,1
2021-05-14,5070.0,5500.0,5070.0,5500.0,5500.0,0
2021-05-17,5500.0,5650.0,5500.0,5650.0,5650.0,0
2021-05-18,5690.0,5690.0,5690.0,5690.0,5690.0,0
2021-05-19,5690.0,5850.0,5690.0,5850.0,5850.0,2
2021-05-20,5850.0,5850.0,5850.0,5850.0,5850.0,0
2021-05-21,5500.0,6000.0,5120.0,6000.0,6000.0,0
2021-05-24,6100.0,6100.0,6090.0,6090.0,6090.0,0
2021-05-25,6000.0,6000.0,6000.0,6000.0,6000.0,0
2021-05-26,6000.0,6090.0,6000.0,6090.0,6090.0,0
2021-05-27,6090.0,6150.0,6090.0,6150.0,6150.0,1
2021-05-28,6000.0,6300.0,6000.0,6300.0,6300.0,1
2021-06-01,6145.0,6145.0,5250.0,6000.0,6000.0,2
2021-06-02,5500.0,6000.0,5500.0,6000.0,6000.0,1
2021-06-03,6000.0,6000.0,6000.0,6000.0,6000.0,0
2021-06-04,6000.0,6000.0,5990.0,5990.0,5990.0,0
2021-06-07,5990.0,5990.0,5990.0,5990.0,5990.0,0
2021-06-08,5950.0,5990.0,1985.0,5950.0,5950.0,1
2021-06-09,5950.0,5950.0,5950.0,5950.0,5950.0,0
2021-06-10,5990.0,6240.0,5990.0,6100.0,6100.0,0
2021-06-11,6100.0,6100.0,6100.0,6100.0,6100.0,0
2021-06-14,6230.0,6300.0,6230.0,6230.0,6230.0,4
2021-06-15,6300.0,6300.0,6180.0,6250.0,6250.0,1
2021-06-16,6150.0,6250.0,6150.0,6250.0,6250.0,0
2021-06-17,6300.0,6300.0,6300.0,6300.0,6300.0,0
2021-06-18,6300.0,6300.0,6300.0,6300.0,6300.0,0
2021-06-21,6300.0,6300.0,6300.0,6300.0,6300.0,0
2021-06-22,6300.0,6300.0,6300.0,6300.0,6300.0,0
2021-06-23,6300.0,6300.0,6300.0,6300.0,6300.0,0
2021-06-24,6300.0,6300.0,6300.0,6300.0,6300.0,0
2021-06-25,6290.0,6290.0,6290.0,6290.0,6290.0,0
2021-06-28,6290.0,8000.0,6290.0,7000.0,7000.0,2
2021-06-29,7250.0,7250.0,7250.0,7250.0,7250.0,0
2021-06-30,7250.0,7390.0,7250.0,7250.0,7250.0,1
2021-07-01,7250.0,7250.0,7250.0,7250.0,7250.0,0
2021-07-02,7250.0,7250.0,7250.0,7250.0,7250.0,0
2021-07-06,7250.0,7250.0,7250.0,7250.0,7250.0,0
2021-07-07,7250.0,7250.0,7250.0,7250.0,7250.0,0
2021-07-08,7250.0,7250.0,7250.0,7250.0,7250.0,0
2021-07-09,7250.0,7250.0,7250.0,7250.0,7250.0,0
2021-07-12,7250.0,7250.0,7250.0,7250.0,7250.0,0
2021-07-13,7250.0,7250.0,7250.0,7250.0,7250.0,0
2021-07-14,7250.0,7250.0,7250.0,7250.0,7250.0,0
2021-07-15,7250.0,7250.0,7250.0,7250.0,7250.0,0
2021-07-16,7250.0,7250.0,7250.0,7250.0,7250.0,0
2021-07-19,7250.0,7250.0,7250.0,7250.0,7250.0,0
2021-07-20,6990.0,6990.0,6990.0,6990.0,6990.0,0
2021-07-21,3370.0,3400.0,3370.0,3400.0,3400.0,1
2021-07-22,6000.0,6000.0,5990.0,5990.0,5990.0,0
2021-07-23,5990.0,5990.0,5990.0,5990.0,5990.0,0
2021-07-26,5990.0,5990.0,5990.0,5990.0,5990.0,0
2021-07-27,5990.0,5990.0,5990.0,5990.0,5990.0,0
2021-07-28,5990.0,5990.0,5990.0,5990.0,5990.0,0
2021-07-29,5990.0,5990.0,5990.0,5990.0,5990.0,0
2021-07-30,5410.0,6100.0,4960.0,6000.0,6000.0,1
2021-08-02,6000.0,6000.0,6000.0,6000.0,6000.0,0
2021-08-03,6000.0,6000.0,6000.0,6000.0,6000.0,0
2021-08-04,6000.0,6000.0,6000.0,6000.0,6000.0,0
2021-08-05,6000.0,6000.0,6000.0,6000.0,6000.0,0
2021-08-06,6000.0,6000.0,6000.0,6000.0,6000.0,0
2021-08-09,6000.0,6000.0,6000.0,6000.0,6000.0,0
2021-08-10,6000.0,6000.0,6000.0,6000.0,6000.0,0
2021-08-11,6000.0,6000.0,6000.0,6000.0,6000.0,0
2021-08-12,6000.0,6000.0,6000.0,6000.0,6000.0,0
2021-08-13,6000.0,6000.0,6000.0,6000.0,6000.0,0
2021-08-16,6000.0,6000.0,6000.0,6000.0,6000.0,0
2021-08-17,6000.0,6000.0,6000.0,6000.0,6000.0,0
2021-08-18,6000.0,6000.0,6000.0,6000.0,6000.0,0
2021-08-19,6000.0,6000.0,6000.0,6000.0,6000.0,0
2021-08-20,6100.0,6240.0,6040.0,6240.0,6240.0,1
2021-08-23,6240.0,6240.0,6240.0,6240.0,6240.0,0
2021-08-24,6240.0,6240.0,6240.0,6240.0,6240.0,0
2021-08-25,6240.0,6240.0,6240.0,6240.0,6240.0,0
2021-08-26,6240.0,6240.0,6240.0,6240.0,6240.0,0
2021-08-27,6240.0,6240.0,6240.0,6240.0,6240.0,0
2021-08-30,6240.0,6240.0,6240.0,6240.0,6240.0,0
2021-08-31,6400.0,6400.0,6400.0,6400.0,6400.0,0
2021-09-01,6400.0,6400.0,6400.0,6400.0,6400.0,0
2021-09-02,6400.0,6400.0,6400.0,6400.0,6400.0,0
2021-09-03,6400.0,6400.0,6400.0,6400.0,6400.0,0
2021-09-07,6400.0,6400.0,6400.0,6400.0,6400.0,0
2021-09-08,6400.0,6400.0,6400.0,6400.0,6400.0,0
2021-09-09,6400.0,6400.0,6400.0,6400.0,6400.0,0
2021-09-10,6400.0,6400.0,6400.0,6400.0,6400.0,0
2021-09-13,6400.0,6400.0,6400.0,6400.0,6400.0,0
2021-09-14,6400.0,6400.0,6400.0,6400.0,6400.0,0
2021-09-15,6400.0,6400.0,6400.0,6400.0,6400.0,0
2021-09-16,6400.0,6400.0,6400.0,6400.0,6400.0,0
2021-09-17,6400.0,6400.0,6400.0,6400.0,6400.0,0
2021-09-20,6400.0,6400.0,6400.0,6400.0,6400.0,0
2021-09-21,6400.0,6400.0,6400.0,6400.0,6400.0,0
2021-09-22,6400.0,6400.0,6400.0,6400.0,6400.0,0
2021-09-23,6400.0,6400.0,6400.0,6400.0,6400.0,0
2021-09-24,6300.0,6300.0,6300.0,6300.0,6300.0,0
2021-09-27,6400.0,6400.0,6400.0,6400.0,6400.0,0
2021-09-28,6400.0,6400.0,6400.0,6400.0,6400.0,0
2021-09-29,6400.0,6400.0,6400.0,6400.0,6400.0,0
2021-09-30,6300.0,6350.0,6300.0,6350.0,6350.0,1
2021-10-01,6350.0,6350.0,6350.0,6350.0,6350.0,0
2021-10-04,6290.0,6290.0,6290.0,6290.0,6290.0,0
2021-10-05,6090.0,6090.0,6090.0,6090.0,6090.0,0
2021-10-06,6300.0,6300.0,6300.0,6300.0,6300.0,1
2021-10-07,6290.0,6300.0,6290.0,6300.0,6300.0,1
2021-10-08,6250.0,6300.0,6250.0,6300.0,6300.0,1
2021-10-11,6000.0,6900.0,6000.0,6900.0,6900.0,4
2021-10-12,6850.0,7830.0,6850.0,7830.0,7830.0,3
2021-10-13,7800.0,7850.0,7800.0,7800.0,7800.0,1
2021-10-14,7850.0,7890.0,7700.0,7700.0,7700.0,1
2021-10-15,7500.0,7700.0,6040.0,7700.0,7700.0,1
2021-10-18,7700.0,7830.0,7700.0,7830.0,7830.0,2
2021-10-19,7500.0,7830.0,6000.0,6000.0,6000.0,1
2021-10-20,7500.0,7880.0,6150.0,7870.0,7870.0,4
2021-10-21,7860.0,7870.0,7860.0,7870.0,7870.0,1
2021-10-22,7150.0,7490.0,7150.0,7420.0,7420.0,1
2021-10-25,7470.0,7470.0,7470.0,7470.0,7470.0,1
2021-10-26,7460.0,7460.0,7400.0,7420.0,7420.0,1
2021-10-27,7430.0,7450.0,7240.0,7450.0,7450.0,1
2021-10-28,7450.0,7870.0,6750.0,7500.0,7500.0,14
2021-10-29,7000.0,7350.0,7000.0,7250.0,7250.0,1
2021-11-01,7000.0,7000.0,5500.0,6581.0,6581.0,12
2021-11-02,6850.0,6850.0,6581.0,6720.0,6720.0,11
2021-11-03,5290.0,5290.0,4700.0,4750.0,4750.0,134
2021-11-04,4720.0,4800.0,4338.0,4460.0,4460.0,26
2021-11-05,4500.0,4870.0,4040.0,4270.0,4270.0,34
2021-11-08,4180.0,4240.0,3420.0,3800.0,3800.0,57
2021-11-09,3610.0,4114.0,3550.0,3800.0,3800.0,164
2021-11-10,3680.0,3800.0,3110.0,3270.0,3270.0,115
2021-11-11,3210.0,3850.0,3210.0,3600.0,3600.0,100
2021-11-12,3980.0,3980.0,3480.0,3579.0,3579.0,147
2021-11-15,3490.0,3672.0,3269.0,3400.0,3400.0,57
2021-11-16,3255.0,3370.0,3220.0,3259.0,3259.0,19
2021-11-17,3450.0,3450.0,3137.0,3280.0,3280.0,32
2021-11-18,3215.0,3270.0,2920.0,3260.0,3260.0,60
2021-11-19,3160.0,3260.0,2770.0,2880.0,2880.0,57
2021-11-22,2776.0,2990.0,2480.0,2725.0,2725.0,54
2021-11-23,2840.0,2920.0,2600.0,2810.0,2810.0,46
2021-11-24,2840.0,3930.0,2600.0,3650.0,3650.0,741
2021-11-26,3360.0,3600.0,3300.0,3470.0,3470.0,120
2021-11-29,3500.0,3500.0,2900.0,3000.0,3000.0,69
2021-11-30,3170.0,3240.0,2650.0,2950.0,2950.0,126
2021-12-01,2930.0,2950.0,2670.0,2810.0,2810.0,89
2021-12-02,3060.0,3060.0,2530.0,2739.0,2739.0,35
2021-12-03,2700.0,2700.0,2100.0,2380.0,2380.0,42
2021-12-06,2400.0,2620.0,2150.0,2500.0,2500.0,33
2021-12-07,2500.0,2560.0,2410.0,2520.0,2520.0,31
2021-12-08,2510.0,2510.0,2330.0,2400.0,2400.0,26
2021-12-09,2380.0,2870.0,2320.0,2520.0,2520.0,62
2021-12-10,2630.0,2800.0,2600.0,2780.0,2780.0,19
2021-12-13,2850.0,3050.0,2662.0,3000.0,3000.0,42
2021-12-14,3060.0,3200.0,2680.0,3100.0,3100.0,109
2021-12-15,3200.0,3200.0,2733.0,3010.0,3010.0,45
2021-12-16,3040.0,3180.0,2809.0,2880.0,2880.0,39
2021-12-17,3010.0,3170.0,2490.0,2490.0,2490.0,81
2021-12-20,3000.0,3000.0,1840.0,2050.0,2050.0,213
2021-12-21,2050.0,2650.0,2050.0,2090.0,2090.0,131
2021-12-22,2080.0,2100.0,1820.0,1830.0,1830.0,46
2021-12-23,1850.0,1959.0,1850.0,1920.0,1920.0,25
2021-12-27,1810.0,1970.0,1810.0,1920.0,1920.0,51
2021-12-28,1930.0,1970.0,1800.0,1800.0,1800.0,36
2021-12-29,1840.0,1840.0,1550.0,1580.0,1580.0,92
2021-12-30,1620.0,1740.0,1570.0,1710.0,1710.0,67
2021-12-31,1630.0,1800.0,1600.0,1630.0,1630.0,30
2022-01-03,1650.0,1800.0,1610.0,1710.0,1710.0,17
2022-01-04,1780.0,1780.0,1600.0,1675.0,1675.0,24
2022-01-05,1730.0,1900.0,1620.0,1880.0,1880.0,122
2022-01-06,1890.0,1970.0,1820.0,1880.0,1880.0,48
2022-01-07,1780.0,1940.0,1750.0,1935.0,1935.0,44
2022-01-10,1870.0,1870.0,1700.0,1750.0,1750.0,39
2022-01-11,1840.0,1900.0,1643.0,1850.0,1850.0,38
2022-01-12,1960.0,1960.0,1757.0,1850.0,1850.0,17
2022-01-13,1960.0,1970.0,1800.0,1855.0,1855.0,74
2022-01-14,1780.0,1940.0,1740.0,1770.0,1770.0,13
2022-01-18,1940.0,1940.0,1720.0,1790.0,1790.0,19
2022-01-19,1800.0,1800.0,1700.0,1750.0,1750.0,8
2022-01-20,1660.0,2220.0,1660.0,1900.0,1900.0,762
2022-01-21,6400.0,6800.0,3490.0,3800.0,3800.0,56681
2022-01-24,3220.0,4320.0,2860.0,3970.0,3970.0,10350
2022-01-25,3860.0,4480.0,3600.0,4050.0,4050.0,5403
2022-01-26,4180.0,4500.0,3600.0,3790.0,3790.0,8901
2022-01-27,3420.0,3440.0,2470.0,2690.0,2690.0,2889
2022-01-28,2386.0,2586.0,2320.0,2390.0,2390.0,844
2022-01-31,2240.0,2480.0,2160.0,2350.0,2350.0,548
2022-02-01,2250.0,2590.0,2040.0,2210.0,2210.0,567
2022-02-02,2130.0,2330.0,2100.0,2150.0,2150.0,378
2022-02-03,2040.0,2380.0,2040.0,2250.0,2250.0,525
2022-02-04,2140.0,2250.0,2100.0,2250.0,2250.0,226
2022-02-07,2150.0,2250.0,2100.0,2140.0,2140.0,365
2022-02-08,2100.0,2140.0,1900.0,2010.0,2010.0,291
2022-02-09,2000.0,2190.0,1860.0,2140.0,2140.0,703
2022-02-10,2110.0,2110.0,1930.0,1970.0,1970.0,227
2022-02-11,1980.0,2040.0,1910.0,1980.0,1980.0,204
2022-02-14,2020.0,2030.0,1940.0,1980.0,1980.0,113
2022-02-15,1980.0,2019.0,1932.0,1940.0,1940.0,80
2022-02-16,1990.0,1990.0,1900.0,1920.0,1920.0,85
2022-02-17,1900.0,1960.0,1790.0,1830.0,1830.0,167
2022-02-18,1760.0,1850.0,1710.0,1800.0,1800.0,168
2022-02-22,1810.0,1830.0,1670.0,1700.0,1700.0,204
2022-02-23,1730.0,1730.0,1560.0,1600.0,1600.0,110
2022-02-24,1500.0,1640.0,1370.0,1630.0,1630.0,151
2022-02-25,1610.0,1700.0,1600.0,1620.0,1620.0,103
2022-02-28,1550.0,1831.0,1550.0,1790.0,1790.0,218
2022-03-01,1750.0,1858.0,1750.0,1790.0,1790.0,66
2022-03-02,1890.0,1890.0,1650.0,1680.0,1680.0,102
2022-03-03,1680.0,1880.0,1500.0,1760.0,1760.0,499
2022-03-04,1720.0,1970.0,1710.0,1770.0,1770.0,450
2022-03-07,1790.0,1950.0,1760.0,1890.0,1890.0,286
2022-03-08,1920.0,2030.0,1800.0,1960.0,1960.0,443
2022-03-09,1870.0,2050.0,1870.0,1880.0,1880.0,121
2022-03-10,1880.0,2250.0,1840.0,2120.0,2120.0,1298
2022-03-11,2090.0,2840.0,1930.0,2570.0,2570.0,3548
2022-03-14,2530.0,2550.0,2180.0,2220.0,2220.0,783
2022-03-15,2220.0,2348.0,1880.0,1920.0,1920.0,510
2022-03-16,1910.0,1970.0,1855.0,1930.0,1930.0,153
2022-03-17,1920.0,1950.0,1850.0,1940.0,1940.0,143
2022-03-18,1900.0,2070.0,1900.0,2020.0,2020.0,201
2022-03-21,2050.0,2150.0,1940.0,2065.0,2065.0,268
2022-03-22,2030.0,2130.0,2030.0,2100.0,2100.0,158
2022-03-23,2020.0,2290.0,2020.0,2220.0,2220.0,317
2022-03-24,2200.0,2420.0,2091.0,2320.0,2320.0,342
2022-03-25,2310.0,2310.0,2130.0,2160.0,2160.0,133
2022-03-28,2220.0,2220.0,2050.0,2050.0,2050.0,50
2022-03-29,2130.0,2170.0,2020.0,2050.0,2050.0,38
2022-03-30,2120.0,2120.0,1970.0,2090.0,2090.0,69
2022-03-31,2022.0,2120.0,1950.0,1950.0,1950.0,168
2022-04-01,1950.0,2150.0,1950.0,2090.0,2090.0,202
2022-04-04,2120.0,2170.0,2060.0,2090.0,2090.0,92
2022-04-05,2120.0,2120.0,1990.0,2060.0,2060.0,53
2022-04-06,2010.0,2060.0,1900.0,1930.0,1930.0,230
2022-04-07,1990.0,1990.0,1810.0,1860.0,1860.0,54
2022-04-08,1830.0,1840.0,1670.0,1710.0,1710.0,85
2022-04-11,1670.0,1750.0,1670.0,1700.0,1700.0,92
2022-04-12,1670.0,1732.0,1529.0,1550.0,1550.0,64
2022-04-13,1579.0,1670.0,1579.0,1650.0,1650.0,58
2022-04-14,1720.0,1750.0,1610.0,1620.0,1620.0,31
2022-04-18,1610.0,1610.0,1500.0,1500.0,1500.0,168
2022-04-19,1510.0,1577.0,1510.0,1520.0,1520.0,32
2022-04-20,1520.0,1570.0,1520.0,1570.0,1570.0,39
2022-04-21,1610.0,1626.0,1560.0,1600.0,1600.0,86
2022-04-22,1640.0,1640.0,1520.0,1530.0,1530.0,40
2022-04-25,1590.0,1590.0,1510.0,1550.0,1550.0,67
2022-04-26,1530.0,1550.0,1510.0,1515.0,1515.0,75
2022-04-27,1510.0,1598.0,1500.0,1510.0,1510.0,178
2022-04-28,1510.0,1530.0,1400.0,1510.0,1510.0,112
2022-04-29,1480.0,1547.0,1450.0,1530.0,1530.0,30
2022-05-02,1480.0,1570.0,1430.0,1430.0,1430.0,39
2022-05-03,1432.0,1482.0,1420.0,1430.0,1430.0,44
2022-05-04,1430.0,1490.0,1420.0,1420.0,1420.0,37
2022-05-05,1444.0,1500.0,1420.0,1430.0,1430.0,66
2022-05-06,1420.0,1450.0,1420.0,1430.0,1430.0,39
2022-05-09,1400.0,1400.0,1280.0,1320.0,1320.0,42
2022-05-10,1400.0,1400.0,1280.0,1280.0,1280.0,71
2022-05-11,1280.0,1299.0,1060.0,1190.0,1190.0,66
2022-05-12,1223.0,1223.0,1130.0,1130.0,1130.0,30
2022-05-13,1130.0,1170.0,1130.0,1140.0,1140.0,22
2022-05-16,1240.0,1494.0,1150.0,1180.0,1180.0,334
2022-05-17,1240.0,1350.0,1160.0,1230.0,1230.0,50
2022-05-18,1241.0,1300.0,1230.0,1260.0,1260.0,17
2022-05-19,1220.0,1320.0,1218.0,1250.0,1250.0,7
2022-05-20,1350.0,1390.0,1320.0,1360.0,1360.0,44
2022-05-23,1400.0,1447.0,1310.0,1390.0,1390.0,25
2022-05-24,1260.0,1390.0,1240.0,1390.0,1390.0,7
2022-05-25,1290.0,1450.0,1290.0,1340.0,1340.0,74
2022-05-26,1300.0,1420.0,1300.0,1350.0,1350.0,14
2022-05-27,1375.0,1420.0,1334.0,1380.0,1380.0,16
2022-05-31,1400.0,1400.0,1312.0,1350.0,1350.0,28
2022-06-01,1400.0,1410.0,1280.0,1370.0,1370.0,18
2022-06-02,1390.0,1410.0,1310.0,1380.0,1380.0,28
2022-06-03,1410.0,1410.0,1320.0,1370.0,1370.0,12
2022-06-06,1460.0,1480.0,1350.0,1420.0,1420.0,36
2022-06-07,1400.0,1540.0,1400.0,1480.0,1480.0,31
2022-06-08,1450.0,1680.0,1450.0,1590.0,1590.0,140
2022-06-09,1600.0,1600.0,1480.0,1580.0,1580.0,29
2022-06-10,1430.0,1510.0,1410.0,1450.0,1450.0,8
2022-06-13,1390.0,1460.0,1330.0,1460.0,1460.0,23
2022-06-14,1420.0,1435.0,1380.0,1430.0,1430.0,6
2022-06-15,1400.0,1410.0,1320.0,1320.0,1320.0,44
2022-06-16,1360.0,1400.0,1280.0,1280.0,1280.0,22
2022-06-17,1280.0,1340.0,1090.0,1090.0,1090.0,31
2022-06-21,1130.0,1283.0,1130.0,1200.0,1200.0,19
2022-06-22,1190.0,1220.0,1080.0,1080.0,1080.0,31
2022-06-23,1160.0,1240.0,1110.0,1190.0,1190.0,13
2022-06-24,1290.0,1480.0,1268.0,1480.0,1480.0,75
2022-06-27,1500.0,1500.0,1340.0,1340.0,1340.0,18
2022-06-28,1280.0,1340.0,1250.0,1300.0,1300.0,18
2022-06-29,1210.0,1400.0,1180.0,1260.0,1260.0,21
2022-06-30,1295.0,1295.0,1230.0,1240.0,1240.0,5
2022-07-01,1340.0,1340.0,1190.0,1190.0,1190.0,10
2022-07-05,1210.0,1510.0,1040.0,1440.0,1440.0,111
2022-07-06,1310.0,1436.0,1310.0,1340.0,1340.0,13
2022-07-07,1360.0,1400.0,1330.0,1400.0,1400.0,7
2022-07-08,1360.0,1429.0,1340.0,1340.0,1340.0,4
2022-07-11,1350.0,1400.0,1301.0,1400.0,1400.0,6
2022-07-12,1400.0,1440.0,1330.0,1370.0,1370.0,13
2022-07-13,1330.0,1355.0,1320.0,1320.0,1320.0,6
2022-07-14,1250.0,1400.0,1250.0,1380.0,1380.0,4
2022-07-15,1400.0,1400.0,1310.0,1340.0,1340.0,6
2022-07-18,1300.0,1410.0,1300.0,1410.0,1410.0,3
2022-07-19,1400.0,1400.0,1289.0,1310.0,1310.0,25
2022-07-20,1330.0,1390.0,1310.0,1370.0,1370.0,6
2022-07-21,1320.0,1420.0,1310.0,1370.0,1370.0,23
2022-07-22,1335.0,1335.0,1290.0,1290.0,1290.0,6
2022-07-25,1340.0,1350.0,1300.0,1300.0,1300.0,4
2022-07-26,1280.0,1300.0,1280.0,1280.0,1280.0,5
2022-07-27,1270.0,1310.0,1264.0,1310.0,1310.0,4
2022-07-28,1271.0,1344.0,1270.0,1280.0,1280.0,4
2022-07-29,1290.0,1300.0,1290.0,1300.0,1300.0,6
2022-08-01,1250.0,1290.0,1200.0,1250.0,1250.0,10
2022-08-02,1250.0,1275.0,1250.0,1250.0,1250.0,4
2022-08-03,1250.0,1260.0,1210.0,1260.0,1260.0,23
2022-08-04,1300.0,1340.0,1220.0,1280.0,1280.0,10
2022-08-05,1280.0,1310.0,1280.0,1280.0,1280.0,5
2022-08-08,1280.0,1320.0,1250.0,1310.0,1310.0,19
2022-08-09,1390.0,1390.0,1270.0,1270.0,1270.0,5
2022-08-10,1290.0,1325.0,1250.0,1250.0,1250.0,4
2022-08-11,1240.0,1330.0,1240.0,1288.0,1288.0,6
2022-08-12,1300.0,1320.0,1270.0,1305.0,1305.0,8
2022-08-15,1284.0,1380.0,1281.0,1380.0,1380.0,11
2022-08-16,1380.0,1380.0,1280.0,1280.0,1280.0,41
2022-08-17,1320.0,1320.0,1240.0,1250.0,1250.0,25
2022-08-18,1235.0,1260.0,1200.0,1230.0,1230.0,13
2022-08-19,1190.0,1230.0,1140.0,1220.0,1220.0,35
2022-08-22,1310.0,1339.0,1210.0,1300.0,1300.0,58
2022-08-23,1260.0,1350.0,1260.0,1280.0,1280.0,13
2022-08-24,1280.0,1280.0,1240.0,1270.0,1270.0,6
2022-08-25,1240.0,1320.0,1220.0,1220.0,1220.0,7
2022-08-26,1270.0,1270.0,1200.0,1250.0,1250.0,11
2022-08-29,1180.0,1270.0,1180.0,1200.0,1200.0,13
2022-08-30,1210.0,1210.0,1180.0,1180.0,1180.0,8
2022-08-31,1180.0,1200.0,1150.0,1150.0,1150.0,9
2022-09-01,1150.0,1200.0,1090.0,1140.0,1140.0,30
2022-09-02,1120.0,1158.0,1120.0,1120.0,1120.0,21
2022-09-06,1130.0,1180.0,1120.0,1130.0,1130.0,13
2022-09-07,1100.0,1190.0,1100.0,1100.0,1100.0,22
2022-09-08,1090.0,1115.0,1060.0,1100.0,1100.0,23
2022-09-09,1060.0,1125.0,1060.0,1110.0,1110.0,15
2022-09-12,1190.0,1190.0,1050.0,1060.0,1060.0,76
2022-09-13,1210.0,1270.0,1060.0,1060.0,1060.0,204
2022-09-14,1108.0,1110.0,970.0,990.0,990.0,141
2022-09-15,1000.0,1060.0,970.0,985.0,985.0,52
2022-09-16,951.0,951.0,850.0,862.0,862.0,90
2022-09-19,870.0,908.0,850.0,850.0,850.0,40
2022-09-20,850.0,877.0,800.0,820.0,820.0,67
2022-09-21,810.0,830.0,758.0,758.0,758.0,63
2022-09-22,770.0,840.0,731.0,829.0,829.0,43
2022-09-23,850.0,990.0,850.0,903.0,903.0,23
2022-09-26,930.0,930.0,760.0,795.0,795.0,43
2022-09-27,770.0,798.0,740.0,751.0,751.0,24
2022-09-28,750.0,775.0,663.0,670.0,670.0,38
2022-09-29,671.0,730.0,640.0,645.0,645.0,31
2022-09-30,655.0,660.0,608.0,630.0,630.0,51
2022-10-03,643.0,864.0,636.0,832.0,832.0,137
2022-10-04,928.0,1090.0,900.0,1010.0,1010.0,238
2022-10-05,990.0,1050.0,990.0,1000.0,1000.0,89
2022-10-06,1040.0,1040.0,980.0,983.0,983.0,12
2022-10-07,1030.0,1030.0,852.0,918.0,918.0,25
2022-10-10,892.0,990.0,892.0,980.0,980.0,9
2022-10-11,1010.0,1010.0,880.0,913.0,913.0,9
2022-10-12,1020.0,1020.0,911.0,988.0,988.0,7
2022-10-13,931.0,960.0,866.0,880.0,880.0,34
2022-10-14,855.0,979.0,855.0,934.0,934.0,12
2022-10-17,1020.0,1020.0,910.0,924.0,924.0,9
2022-10-18,1010.0,1010.0,946.0,947.0,947.0,10
2022-10-19,990.0,990.0,860.0,890.0,890.0,12
2022-10-20,960.0,960.0,860.0,880.0,880.0,4
2022-10-21,960.0,960.0,877.0,890.0,890.0,9
2022-10-24,940.0,940.0,872.0,890.0,890.0,12
2022-10-25,940.0,978.0,915.0,943.0,943.0,16
2022-10-26,978.0,978.0,904.0,970.0,970.0,8
2022-10-27,939.0,962.0,908.0,962.0,962.0,3
2022-10-28,870.0,960.0,860.0,950.0,950.0,5
2022-10-31,931.0,940.0,894.0,910.0,910.0,7
2022-11-01,980.0,980.0,921.0,970.0,970.0,16
2022-11-02,956.0,980.0,931.0,941.0,941.0,7
2022-11-03,1040.0,1080.0,941.0,980.0,980.0,90
2022-11-04,890.0,1030.0,890.0,970.0,970.0,5
2022-11-07,950.0,950.0,912.0,940.0,940.0,10
2022-11-08,950.0,952.0,860.0,898.0,898.0,27
2022-11-09,880.0,936.0,880.0,936.0,936.0,16
2022-11-10,911.0,939.0,870.0,917.0,917.0,10
2022-11-11,900.0,925.0,820.0,921.0,921.0,40
2022-11-14,920.0,920.0,845.0,888.0,888.0,23
2022-11-15,860.0,897.0,745.0,840.0,840.0,129
2022-11-16,800.0,800.0,750.0,799.0,799.0,11
2022-11-17,800.0,830.0,765.0,820.0,820.0,46
2022-11-18,820.0,820.0,769.0,800.0,800.0,14
2022-11-21,800.0,800.0,770.0,785.0,785.0,15
2022-11-22,750.0,800.0,700.0,790.0,790.0,61
2022-11-23,770.0,820.0,770.0,780.0,780.0,3
2022-11-25,760.0,780.0,755.0,780.0,780.0,4
2022-11-28,770.0,770.0,758.0,758.0,758.0,1
2022-11-29,752.0,770.0,700.0,752.0,752.0,39
2022-11-30,710.0,710.0,630.0,650.0,650.0,34
2022-12-01,660.0,700.0,580.0,590.0,590.0,50
2022-12-02,580.0,601.0,530.0,600.0,600.0,83
2022-12-05,570.0,646.0,523.0,578.0,578.0,21
2022-12-06,550.0,550.0,523.0,540.0,540.0,10
2022-12-07,519.0,564.0,516.0,560.0,560.0,31
2022-12-08,534.0,550.0,500.0,540.0,540.0,32
2022-12-09,513.0,550.0,450.0,490.0,490.0,47
2022-12-12,483.0,483.0,396.0,450.0,450.0,26
2022-12-13,401.0,460.0,401.0,459.0,459.0,34
2022-12-14,440.0,484.0,405.0,460.0,460.0,22
2022-12-15,484.0,500.0,480.0,490.0,490.0,12
2022-12-16,470.0,500.0,460.0,480.0,480.0,17
2022-12-19,465.0,500.0,401.0,443.0,443.0,33
2022-12-20,428.0,570.0,401.0,430.0,430.0,26
2022-12-21,532.0,532.0,452.0,486.0,486.0,10
2022-12-22,480.0,510.0,408.0,471.0,471.0,17
2022-12-23,510.0,510.0,421.0,452.0,452.0,5
2022-12-27,460.0,480.0,401.0,402.0,402.0,55
2022-12-28,422.0,422.0,350.0,350.0,350.0,30
2022-12-29,357.0,357.0,350.0,350.0,350.0,40
2022-12-30,368.0,400.0,310.0,400.0,400.0,27
2023-01-03,410.0,422.0,410.0,422.0,422.0,50
2023-01-04,485.0,497.0,396.0,399.0,399.0,54
2023-01-05,399.0,496.0,359.0,367.0,367.0,54
2023-01-06,376.0,520.0,376.0,480.0,480.0,342
2023-01-09,480.0,480.0,435.0,450.0,450.0,15
2023-01-10,440.0,480.0,400.0,445.0,445.0,29
2023-01-11,467.0,500.0,442.0,442.0,442.0,57
2023-01-12,464.0,490.0,434.0,471.0,471.0,28
2023-01-13,450.0,470.0,442.0,446.0,446.0,49
2023-01-17,438.0,444.0,370.0,430.0,430.0,154
2023-01-18,420.0,420.0,390.0,400.0,400.0,116
2023-01-19,420.0,449.0,350.0,394.0,394.0,94
2023-01-20,410.0,410.0,376.0,385.0,385.0,88
2023-01-23,370.0,380.0,320.0,375.0,375.0,39
2023-01-24,380.0,380.0,345.0,360.0,360.0,102
2023-01-25,370.0,370.0,310.0,330.0,330.0,766
2023-01-26,350.0,350.0,320.0,329.0,329.0,382
2023-01-27,330.0,380.0,310.0,370.0,370.0,2182
2023-01-30,620.0,725.0,400.0,418.0,418.0,25115
2023-01-31,455.0,520.0,390.0,520.0,520.0,5669
2023-02-01,500.0,520.0,400.0,430.0,430.0,3525
2023-02-02,400.0,432.0,400.0,420.0,420.0,846
2023-02-03,403.0,422.0,380.0,390.0,390.0,687
2023-02-06,410.0,414.0,347.0,357.0,357.0,896
2023-02-07,350.0,350.0,331.0,350.0,350.0,845
2023-02-08,353.0,382.0,348.0,370.0,370.0,1023
2023-02-09,381.0,381.0,357.0,370.0,370.0,553
2023-02-10,328.0,328.0,187.0,197.0,197.0,8040
2023-02-13,193.0,199.0,185.0,199.0,199.0,2217
2023-02-14,199.0,200.0,161.0,170.0,170.0,3214
2023-02-15,177.0,187.0,172.0,185.0,185.0,1293
2023-02-16,189.0,192.0,175.0,192.0,192.0,1035
2023-02-17,190.0,190.0,176.0,184.0,184.0,461
2023-02-21,190.0,190.0,165.0,173.0,173.0,938
2023-02-22,172.0,184.0,165.0,168.0,168.0,377
2023-02-23,178.0,178.0,165.0,167.0,167.0,1140
2023-02-24,162.0,169.0,151.0,159.0,159.0,809
2023-02-27,164.0,169.0,155.0,163.0,163.0,386
2023-02-28,163.0,163.0,150.0,153.0,153.0,870
2023-03-01,150.0,170.0,150.0,163.0,163.0,2162
2023-03-02,180.0,190.0,164.0,180.0,180.0,17087
2023-03-03,175.0,182.0,166.0,171.0,171.0,2901
2023-03-06,168.0,183.0,162.0,180.0,180.0,3478
2023-03-07,185.0,243.0,183.0,210.0,210.0,24718
2023-03-08,210.0,216.0,170.0,179.0,179.0,8637
2023-03-09,173.0,187.0,173.0,181.0,181.0,2854
2023-03-10,172.0,179.0,160.0,170.0,170.0,3353
2023-03-13,169.0,169.0,150.0,153.0,153.0,2962
2023-03-14,155.0,160.0,150.0,151.0,151.0,1671
2023-03-15,162.0,162.0,138.0,144.0,144.0,2053
2023-03-16,141.0,150.0,141.0,150.0,150.0,740
2023-03-17,150.0,150.0,130.0,130.0,130.0,1048
2023-03-20,140.0,165.0,133.0,159.0,159.0,12815
2023-03-21,189.0,233.0,161.0,177.0,177.0,21736
2023-03-22,168.0,172.0,155.0,160.0,160.0,2904
2023-03-23,160.0,175.0,153.0,156.0,156.0,2195
2023-03-24,158.0,188.0,152.0,174.0,174.0,3607
2023-03-27,175.0,180.0,166.0,166.0,166.0,906
2023-03-28,170.0,174.0,158.0,159.0,159.0,834
2023-03-29,159.0,163.0,152.0,157.0,157.0,1020
2023-03-30,152.0,161.0,114.0,129.0,129.0,13112
2023-03-31,130.0,141.0,120.0,127.0,127.0,4710
2023-04-03,132.0,147.0,129.0,140.0,140.0,7781
2023-04-04,140.0,140.0,120.0,125.0,125.0,2757
2023-04-05,126.0,130.0,123.0,129.0,129.0,1539
2023-04-06,130.0,134.0,125.0,132.0,132.0,1289
2023-04-10,130.0,133.0,126.0,132.0,132.0,1046
2023-04-11,133.0,146.0,125.0,136.0,136.0,3658
2023-04-12,136.0,139.0,130.0,134.0,134.0,1838
2023-04-13,137.0,148.0,130.0,145.0,145.0,3617
2023-04-14,148.0,148.0,133.0,136.0,136.0,1435
2023-04-17,145.0,145.0,136.0,142.0,142.0,1533
2023-04-18,147.0,147.0,125.0,135.0,135.0,5739
2023-04-19,135.0,135.0,130.0,132.0,132.0,987
2023-04-20,131.0,135.0,129.0,132.0,132.0,938
2023-04-21,131.0,131.0,125.0,125.0,125.0,1208
2023-04-24,127.0,130.0,120.0,121.0,121.0,1033
2023-04-25,120.0,121.0,113.0,113.0,113.0,1637
2023-04-26,120.0,129.0,113.0,120.0,120.0,6256
2023-04-27,120.0,125.0,117.0,120.0,120.0,1444
2023-04-28,114.0,125.0,113.0,125.0,125.0,1373
2023-05-01,128.0,128.0,115.0,118.0,118.0,838
2023-05-02,118.0,121.0,110.0,114.0,114.0,2132
2023-05-03,117.0,118.0,110.0,115.0,115.0,1020
2023-05-04,116.0,116.0,112.0,113.0,113.0,603
2023-05-05,112.0,115.0,108.0,113.0,113.0,738
2023-05-08,118.0,118.0,110.0,114.0,114.0,912
2023-05-09,120.0,127.0,114.0,126.0,126.0,6202
2023-05-10,127.0,127.0,116.0,122.0,122.0,3063
2023-05-11,119.0,122.0,115.0,116.0,116.0,958
2023-05-12,115.0,117.0,108.0,112.0,112.0,1353
2023-05-15,113.0,113.0,107.0,109.0,109.0,1065
2023-05-16,108.0,118.0,108.0,113.0,113.0,854
2023-05-17,114.0,135.0,111.0,123.0,123.0,6284
2023-05-18,120.0,123.0,114.0,114.0,114.0,1307
2023-05-19,120.0,120.0,112.0,112.0,112.0,951
2023-05-22,111.0,115.0,106.0,107.0,107.0,1511
2023-05-23,120.0,120.0,100.0,108.0,108.0,3420
2023-05-24,103.0,106.0,89.0,100.0,100.0,2523
2023-05-25,97.0,102.0,87.0,93.0,93.0,3919
2023-05-26,92.0,92.0,85.0,86.0,86.0,1181
2023-05-30,87.0,110.0,84.0,107.0,107.0,11806
2023-05-31,103.0,105.0,93.0,98.0,98.0,2998
2023-06-01,110.0,110.0,93.0,97.0,97.0,5145
2023-06-02,95.0,98.0,87.0,95.0,95.0,2811
2023-06-05,95.0,95.0,81.0,85.0,85.0,2847
2023-06-06,85.0,85.0,73.0,77.0,77.0,3066
2023-06-07,80.0,80.0,74.0,75.0,75.0,2019
2023-06-08,77.0,86.0,75.0,84.0,84.0,2898
2023-06-09,83.0,84.0,77.0,79.0,79.0,1642
2023-06-12,83.0,83.0,75.0,75.0,75.0,1241
2023-06-13,78.0,80.0,72.0,75.0,75.0,1732
2023-06-14,77.0,77.0,70.0,73.0,73.0,1574
2023-06-15,73.0,74.0,65.0,72.0,72.0,3109
2023-06-16,75.0,89.0,72.0,82.0,82.0,13036
2023-06-20,84.0,84.0,66.0,69.0,69.0,8969
2023-06-21,75.5,76.0,58.0,66.5,66.5,41066
2023-06-22,66.0,66.5,62.0,64.5,64.5,5830
2023-06-23,63.5,64.0,59.0,62.0,62.0,2950
2023-06-26,60.5,61.5,59.0,59.5,59.5,1458
2023-06-27,60.5,69.0,57.5,65.0,65.0,14890
2023-06-28,63.5,64.55000305175781,58.0,59.0,59.0,4860
2023-06-29,60.0,60.0,55.5,58.0,58.0,2444
2023-06-30,58.5,60.0,56.0,57.0,57.0,2212
2023-07-03,57.0,58.0,54.0,56.75,56.75,1192
2023-07-05,55.5,57.0,54.0,54.5,54.5,2196
2023-07-06,53.5,56.0,53.0,55.0,55.0,1666
2023-07-07,55.5,57.5,55.5,57.5,57.5,874
2023-07-10,56.5,57.0,52.5,55.0,55.0,2224
2023-07-11,56.0,61.0,54.0,59.5,59.5,2506
2023-07-12,59.5,61.5,57.0,59.0,59.0,2402
2023-07-13,59.5,62.0,56.5,60.0,60.0,5896
2023-07-14,58.0,59.0,56.5,59.0,59.0,1204
2023-07-17,58.5,58.5,53.0,55.0,55.0,2200
2023-07-18,56.0,56.0,53.5,54.0,54.0,1020
2023-07-19,54.5,56.5,53.0,56.5,56.5,1048
2023-07-20,55.0,55.5,52.5,54.5,54.5,1074
2023-07-21,54.0,55.0,49.5,51.0,51.0,3154
2023-07-24,52.5,57.5,52.0,56.5,56.5,1888
2023-07-25,55.5,55.5,51.5,53.25,53.25,1428
2023-07-26,53.0,55.0,51.5,53.5,53.5,1356
2023-07-27,55.0,55.0,51.5,53.5,53.5,336
2023-07-28,52.5,55.0,50.0,51.0,51.0,2388
2023-07-31,47.5,47.650001525878906,41.0,41.95000076293945,41.95000076293945,6614
2023-08-01,42.099998474121094,43.29999923706055,41.04999923706055,42.75,42.75,1564
2023-08-02,41.5,43.5,41.5,43.20000076293945,43.20000076293945,2028
2023-08-03,42.5,42.5,39.650001525878906,40.0,40.0,2624
2023-08-04,39.0,62.0,38.150001525878906,43.75,43.75,112076
2023-08-07,51.5,104.0,46.5,62.5,62.5,654890
2023-08-08,53.5,56.5,45.0,46.20000076293945,46.20000076293945,34110
2023-08-09,44.04999923706055,48.5,41.5,45.0,45.0,12260
2023-08-10,43.0,47.5,42.5,45.900001525878906,45.900001525878906,4564
2023-08-11,45.0,45.0,41.5,41.75,41.75,2552
2023-08-14,42.5,47.95000076293945,39.5,46.5,46.5,4864
2023-08-15,47.5,47.5,39.5,43.5,43.5,3712
2023-08-16,43.5,44.5,40.0,41.5,41.5,2594
2023-08-17,42.0,66.0,41.45000076293945,46.5,46.5,39854
2023-08-18,41.0,45.5,40.099998474121094,44.0,44.0,2622
2023-08-21,44.79999923706055,46.0,44.0,44.70000076293945,44.70000076293945,1176
2023-08-22,43.5,44.25,37.5,39.5,39.5,2988
2023-08-23,40.0,40.400001525878906,37.5,37.54999923706055,37.54999923706055,3396
2023-08-24,38.5,39.0,35.04999923706055,35.79999923706055,35.79999923706055,1338
2023-08-25,35.70000076293945,36.849998474121094,32.79999923706055,33.75,33.75,3340
2023-08-28,34.5,35.0,32.5,33.0,33.0,1408
2023-08-29,33.5,33.5,30.0,30.649999618530273,30.649999618530273,2284
2023-08-30,30.600000381469727,30.600000381469727,27.75,29.25,29.25,1044
2023-08-31,27.799999237060547,28.700000762939453,27.0,27.899999618530273,27.899999618530273,2648
2023-09-01,28.0,28.0,25.5,27.0,27.0,3148
2023-09-05,27.399999618530273,36.900001525878906,27.399999618530273,32.95000076293945,32.95000076293945,36252
2023-09-06,28.549999237060547,29.299999237060547,22.75,23.299999237060547,23.299999237060547,12360
2023-09-07,19.950000762939453,27.5,19.049999237060547,26.950000762939453,26.950000762939453,9130
2023-09-08,23.899999618530273,26.0,22.549999237060547,24.0,24.0,1750
2023-09-11,24.0,24.049999237060547,21.850000381469727,23.450000762939453,23.450000762939453,1838
2023-09-12,23.0,23.399999618530273,21.5,22.5,22.5,1862
2023-09-13,23.5,23.5,19.25,19.850000381469727,19.850000381469727,3186
2023-09-14,19.049999237060547,20.0,18.899999618530273,19.399999618530273,19.399999618530273,1758
2023-09-15,18.600000381469727,19.950000762939453,17.5,17.75,17.75,2964
2023-09-18,19.049999237060547,19.049999237060547,14.600000381469727,16.700000762939453,16.700000762939453,3964
2023-09-19,16.5,19.950000762939453,14.699999809265137,16.299999237060547,16.299999237060547,9862
2023-09-20,16.299999237060547,16.399999618530273,14.75,15.800000190734863,15.800000190734863,2400
2023-09-21,15.449999809265137,16.0,14.899999618530273,15.050000190734863,15.050000190734863,2732
2023-09-22,15.5,16.75,13.5,14.5,14.5,57044
2023-09-25,12.899999618530273,13.699999809265137,11.25,11.600000381469727,11.600000381469727,19968
2023-09-26,12.0,12.600000381469727,10.899999618530273,11.449999809265137,11.449999809265137,11360
2023-09-27,11.199999809265137,12.449999809265137,10.550000190734863,11.0,11.0,11650
2023-09-28,10.75,12.0,10.5,11.850000381469727,11.850000381469727,10186
2023-09-29,12.25,14.949999809265137,11.75,13.0,13.0,42962
2023-10-02,12.600000381469727,12.850000381469727,10.600000381469727,11.399999618530273,11.399999618530273,10114
2023-10-03,11.25,11.25,7.800000190734863,10.25,10.25,12550
2023-10-04,10.449999809265137,10.5,8.800000190734863,9.699999809265137,9.699999809265137,6748
2023-10-05,9.399999618530273,10.949999809265137,8.850000381469727,10.350000381469727,10.350000381469727,10396
2023-10-06,10.5,10.75,9.199999809265137,9.699999809265137,9.699999809265137,5402
2023-10-09,10.100000381469727,10.100000381469727,9.149999618530273,9.600000381469727,9.600000381469727,3736
2023-10-10,10.050000190734863,10.199999809265137,8.899999618530273,9.899999618530273,9.899999618530273,4740
2023-10-11,9.699999809265137,10.25,9.25,9.75,9.75,12470
2023-10-12,10.550000190734863,13.300000190734863,9.5,10.0,10.0,70266
2023-10-13,12.350000381469727,12.649999618530273,9.600000381469727,10.0,10.0,302822
2023-10-16,9.5,9.600000381469727,8.050000190734863,9.149999618530273,9.149999618530273,98312
2023-10-17,10.0,12.0,9.050000190734863,9.899999618530273,9.899999618530273,177202
2023-10-18,9.0,9.5,7.650000095367432,9.449999809265137,9.449999809265137,54760
2023-10-19,9.0,9.25,8.149999618530273,8.5,8.5,21934
2023-10-20,8.100000381469727,8.350000381469727,7.199999809265137,7.550000190734863,7.550000190734863,39760
2023-10-23,7.449999809265137,7.75,7.099999904632568,7.199999809265137,7.199999809265137,18040
2023-10-24,7.0,7.5,6.75,7.449999809265137,7.449999809265137,26062
2023-10-25,7.199999809265137,7.5,7.050000190734863,7.400000095367432,7.400000095367432,15764
2023-10-26,7.300000190734863,7.449999809265137,6.75,7.150000095367432,7.150000095367432,13704
2023-10-27,7.150000095367432,7.199999809265137,6.800000190734863,6.949999809265137,6.949999809265137,15514
2023-10-30,7.0,7.0,6.25,6.5,6.5,12424
2023-10-31,5.949999809265137,6.400000095367432,5.550000190734863,6.300000190734863,6.300000190734863,15430
2023-11-01,6.099999904632568,6.599999904632568,6.0,6.400000095367432,6.400000095367432,44090
2023-11-02,7.25,7.5,6.25,6.599999904632568,6.599999904632568,291006
2023-11-03,6.0,6.349999904632568,4.949999809265137,5.650000095367432,5.650000095367432,128406
2023-11-06,5.699999809265137,5.699999809265137,5.199999809265137,5.349999904632568,5.349999904632568,35890
2023-11-07,5.349999904632568,5.75,5.099999904632568,5.699999809265137,5.699999809265137,35208
2023-11-08,5.849999904632568,6.5,5.400000095367432,6.25,6.25,71256
2023-11-09,6.400000095367432,7.849999904632568,6.0,6.400000095367432,6.400000095367432,156632
2023-11-10,6.25,7.699999809265137,6.0,7.25,7.25,59908
2023-11-13,8.0,10.399999618530273,7.050000190734863,8.149999618530273,8.149999618530273,429638
2023-11-14,8.0,8.25,6.75,7.25,7.25,57142
2023-11-15,7.0,7.449999809265137,6.099999904632568,6.199999809265137,6.199999809265137,54544
2023-11-16,6.199999809265137,6.25,5.550000190734863,5.849999904632568,5.849999904632568,31382
2023-11-17,5.699999809265137,6.949999809265137,5.699999809265137,6.900000095367432,6.900000095367432,70148
2023-11-20,8.5,9.399999618530273,7.75,8.399999618530273,8.399999618530273,579490
2023-11-21,7.900000095367432,7.949999809265137,7.0,7.699999809265137,7.699999809265137,75512
2023-11-22,7.449999809265137,9.199999809265137,7.300000190734863,8.899999618530273,8.899999618530273,81024
2023-11-24,8.899999618530273,8.899999618530273,8.0,8.5,8.5,22350
2023-11-27,8.850000381469727,8.850000381469727,7.800000190734863,8.0,8.0,24116
2023-11-28,7.75,8.050000190734863,7.550000190734863,8.0,8.0,19538
2023-11-29,7.75,7.900000095367432,7.550000190734863,7.75,7.75,19372
2023-11-30,7.75,7.75,6.900000095367432,7.300000190734863,7.300000190734863,45608
2023-12-01,7.5,7.5,6.75,7.449999809265137,7.449999809265137,15414
2023-12-04,7.300000190734863,8.5,7.300000190734863,8.25,8.25,55266
2023-12-05,8.100000381469727,8.100000381469727,7.550000190734863,7.75,7.75,11882
2023-12-06,7.550000190734863,7.699999809265137,7.150000095367432,7.150000095367432,7.150000095367432,9130
2023-12-07,7.0,8.350000381469727,6.900000095367432,7.349999904632568,7.349999904632568,38136
2023-12-08,7.349999904632568,8.0,7.300000190734863,7.849999904632568,7.849999904632568,23812
2023-12-11,7.199999809265137,8.699999809265137,7.199999809265137,8.25,8.25,22692
2023-12-12,8.350000381469727,8.600000381469727,7.800000190734863,8.300000190734863,8.300000190734863,8734
2023-12-13,8.25,8.25,7.599999904632568,7.650000095367432,7.650000095367432,10574
2023-12-14,7.800000190734863,8.25,7.650000095367432,7.949999809265137,7.949999809265137,8710
2023-12-15,8.199999809265137,8.25,7.599999904632568,7.599999904632568,7.599999904632568,11088
2023-12-18,7.949999809265137,7.949999809265137,6.900000095367432,7.5,7.5,10988
2023-12-19,7.150000095367432,7.800000190734863,7.150000095367432,7.300000190734863,7.300000190734863,14394
2023-12-20,7.300000190734863,7.449999809265137,7.099999904632568,7.25,7.25,9884
2023-12-21,7.349999904632568,7.400000095367432,7.0,7.300000190734863,7.300000190734863,8864
2023-12-22,7.400000095367432,7.400000095367432,7.0,7.25,7.25,10802
2023-12-26,7.199999809265137,7.25,6.800000190734863,7.199999809265137,7.199999809265137,12430
2023-12-27,7.050000190734863,7.849999904632568,6.849999904632568,7.800000190734863,7.800000190734863,31116
2023-12-28,7.699999809265137,8.350000381469727,7.25,7.650000095367432,7.650000095367432,180198
2023-12-29,7.449999809265137,7.449999809265137,7.150000095367432,7.199999809265137,7.199999809265137,23344
2024-01-02,7.150000095367432,7.400000095367432,7.0,7.0,7.0,9364
2024-01-03,7.050000190734863,7.25,7.0,7.050000190734863,7.050000190734863,11888
2024-01-04,7.349999904632568,7.5,7.050000190734863,7.199999809265137,7.199999809265137,10372
2024-01-05,7.25,7.300000190734863,6.900000095367432,7.0,7.0,16196
2024-01-08,7.0,7.099999904632568,6.699999809265137,6.849999904632568,6.849999904632568,15224
2024-01-09,6.849999904632568,7.150000095367432,6.800000190734863,7.099999904632568,7.099999904632568,5172
2024-01-10,7.0,7.599999904632568,7.0,7.599999904632568,7.599999904632568,15274
2024-01-11,7.550000190734863,7.849999904632568,6.75,6.800000190734863,6.800000190734863,44390
2024-01-12,6.900000095367432,7.199999809265137,6.800000190734863,6.949999809265137,6.949999809265137,7928
2024-01-16,7.0,7.050000190734863,6.800000190734863,6.900000095367432,6.900000095367432,5456
2024-01-17,6.949999809265137,8.449999809265137,6.650000095367432,8.350000381469727,8.350000381469727,152134
2024-01-18,7.199999809265137,7.349999904632568,6.75,7.0,7.0,33690
2024-01-19,7.0,7.300000190734863,6.949999809265137,7.300000190734863,7.300000190734863,12152
2024-01-22,7.25,7.25,6.849999904632568,7.050000190734863,7.050000190734863,8812
2024-01-23,7.0,7.25,6.849999904632568,7.0,7.0,8064
2024-01-24,6.900000095367432,7.050000190734863,6.900000095367432,6.949999809265137,6.949999809265137,5570
2024-01-25,7.0,7.199999809265137,7.0,7.150000095367432,7.150000095367432,6488
2024-01-26,7.099999904632568,7.300000190734863,7.0,7.150000095367432,7.150000095367432,4894
2024-01-29,7.0,7.25,7.0,7.199999809265137,7.199999809265137,5922
2024-01-30,6.949999809265137,7.150000095367432,6.849999904632568,6.949999809265137,6.949999809265137,5956
2024-01-31,6.949999809265137,6.949999809265137,6.150000095367432,6.650000095367432,6.650000095367432,9778
2024-02-01,6.650000095367432,7.0,6.650000095367432,6.75,6.75,2312
2024-02-02,6.900000095367432,6.900000095367432,6.599999904632568,6.599999904632568,6.599999904632568,3164
2024-02-05,6.849999904632568,6.849999904632568,6.599999904632568,6.599999904632568,6.599999904632568,4438
2024-02-06,6.5,6.800000190734863,6.5,6.550000190734863,6.550000190734863,3512
2024-02-07,6.900000095367432,6.900000095367432,6.300000190734863,6.599999904632568,6.599999904632568,1918
2024-02-08,6.400000095367432,6.599999904632568,6.400000095367432,6.400000095367432,6.400000095367432,3186
2024-02-09,6.400000095367432,6.5,6.150000095367432,6.449999809265137,6.449999809265137,8294
2024-02-12,6.550000190734863,6.550000190734863,6.25,6.300000190734863,6.300000190734863,3536
2024-02-13,6.300000190734863,6.300000190734863,6.150000095367432,6.25,6.25,4040
2024-02-14,6.150000095367432,6.150000095367432,5.5,6.099999904632568,6.099999904632568,11790
2024-02-15,6.150000095367432,6.400000095367432,5.650000095367432,6.099999904632568,6.099999904632568,10796
2024-02-16,5.949999809265137,6.099999904632568,5.599999904632568,6.0,6.0,10686
2024-02-20,5.800000190734863,6.25,5.75,5.900000095367432,5.900000095367432,2544
2024-02-21,6.5,6.75,5.099999904632568,5.400000095367432,5.400000095367432,336562
2024-02-22,5.199999809265137,5.349999904632568,4.599999904632568,4.599999904632568,4.599999904632568,49618
2024-02-23,4.849999904632568,4.949999809265137,4.400000095367432,4.449999809265137,4.449999809265137,28202
2024-02-26,4.650000095367432,4.900000095367432,4.150000095367432,4.699999809265137,4.699999809265137,43226
2024-02-27,4.849999904632568,5.0,4.5,4.900000095367432,4.900000095367432,24088
2024-02-28,5.0,5.099999904632568,4.900000095367432,5.050000190734863,5.050000190734863,18486
2024-02-29,5.349999904632568,5.550000190734863,5.0,5.349999904632568,5.349999904632568,22228
2024-03-01,5.599999904632568,6.25,5.449999809265137,6.099999904632568,6.099999904632568,38358
2024-03-04,8.0,8.699999809265137,6.449999809265137,7.349999904632568,7.349999904632568,430264
2024-03-05,6.75,6.949999809265137,5.25,5.25,5.25,99500
2024-03-06,5.900000095367432,6.25,5.25,5.800000190734863,5.800000190734863,33920
2024-03-07,5.849999904632568,5.900000095367432,5.300000190734863,5.650000095367432,5.650000095367432,37542
2024-03-08,5.699999809265137,5.849999904632568,5.550000190734863,5.650000095367432,5.650000095367432,16600
2024-03-11,5.5,5.650000095367432,5.0,5.400000095367432,5.400000095367432,51190
2024-03-12,5.650000095367432,5.75,5.150000095367432,5.300000190734863,5.300000190734863,26778
2024-03-13,5.199999809265137,5.550000190734863,5.199999809265137,5.5,5.5,14930
2024-03-14,5.5,5.650000095367432,5.150000095367432,5.650000095367432,5.650000095367432,43356
2024-03-15,5.599999904632568,5.650000095367432,5.349999904632568,5.449999809265137,5.449999809265137,18250
2024-03-18,5.550000190734863,5.599999904632568,4.849999904632568,4.900000095367432,4.900000095367432,71110
2024-03-19,5.0,5.099999904632568,4.699999809265137,4.75,4.75,22618
2024-03-20,4.949999809265137,5.0,4.75,4.849999904632568,4.849999904632568,5806
2024-03-21,5.099999904632568,5.099999904632568,4.599999904632568,4.599999904632568,4.599999904632568,17688
2024-03-22,4.900000095367432,5.5,4.599999904632568,4.699999809265137,4.699999809265137,15982
2024-03-25,4.800000190734863,4.949999809265137,4.5,4.800000190734863,4.800000190734863,22194
2024-03-26,4.800000190734863,4.849999904632568,4.599999904632568,4.75,4.75,16674
2024-03-27,4.849999904632568,4.849999904632568,4.300000190734863,4.5,4.5,18616
2024-03-28,4.5,4.699999809265137,4.5,4.599999904632568,4.599999904632568,21806
2024-04-01,4.599999904632568,4.650000095367432,4.449999809265137,4.449999809265137,4.449999809265137,24186
2024-04-02,4.849999904632568,4.849999904632568,4.449999809265137,4.599999904632568,4.599999904632568,12354
2024-04-03,4.699999809265137,4.699999809265137,4.25,4.300000190734863,4.300000190734863,23004
2024-04-04,4.349999904632568,4.699999809265137,4.0,4.300000190734863,4.300000190734863,62382
2024-04-05,4.449999809265137,4.449999809265137,3.5999999046325684,4.050000190734863,4.050000190734863,43944
2024-04-08,4.349999904632568,4.699999809265137,4.0,4.199999809265137,4.199999809265137,58788
2024-04-09,4.150000095367432,5.25,4.099999904632568,4.800000190734863,4.800000190734863,120574
2024-04-10,5.050000190734863,8.0,4.349999904632568,4.599999904632568,4.599999904632568,1486918
2024-04-11,4.449999809265137,4.449999809265137,3.75,4.25,4.25,270690
2024-04-12,4.150000095367432,4.150000095367432,3.75,3.9000000953674316,3.9000000953674316,108492
2024-04-15,3.9000000953674316,3.9000000953674316,3.5,3.549999952316284,3.549999952316284,107072
2024-04-16,3.5,3.5,2.950000047683716,3.450000047683716,3.450000047683716,83064
2024-04-17,3.3499999046325684,4.349999904632568,3.0,3.299999952316284,3.299999952316284,317516
2024-04-18,3.299999952316284,3.4000000953674316,3.049999952316284,3.200000047683716,3.200000047683716,57192
2024-04-19,3.0999999046325684,4.800000190734863,3.0,3.799999952316284,3.799999952316284,1894530
2024-04-22,3.5,3.5999999046325684,3.049999952316284,3.25,3.25,255430
2024-04-23,3.0999999046325684,3.3499999046325684,3.049999952316284,3.299999952316284,3.299999952316284,103560
2024-04-24,3.200000047683716,3.299999952316284,3.0999999046325684,3.299999952316284,3.299999952316284,76004
2024-04-25,3.299999952316284,3.299999952316284,3.0999999046325684,3.200000047683716,3.200000047683716,50712
2024-04-26,3.25,3.450000047683716,3.0999999046325684,3.200000047683716,3.200000047683716,109298
2024-04-29,3.200000047683716,3.200000047683716,2.6500000953674316,2.950000047683716,2.950000047683716,154540
2024-04-30,2.950000047683716,2.950000047683716,2.700000047683716,2.799999952316284,2.799999952316284,53736
2024-05-01,2.950000047683716,2.950000047683716,2.75,2.8499999046325684,2.8499999046325684,94226
2024-05-02,2.8499999046325684,3.0,2.75,3.0,3.0,49704
2024-05-03,3.0,3.1500000953674316,2.8499999046325684,3.0,3.0,55550
2024-05-06,3.0999999046325684,3.0999999046325684,2.049999952316284,2.8499999046325684,2.8499999046325684,56284
2024-05-07,2.75,3.049999952316284,2.5999999046325684,2.799999952316284,2.799999952316284,90922
2024-05-08,2.75,2.799999952316284,2.5999999046325684,2.6500000953674316,2.6500000953674316,30558
2024-05-09,2.700000047683716,2.75,2.700000047683716,2.700000047683716,2.700000047683716,24458
2024-05-10,2.75,2.799999952316284,2.6500000953674316,2.6500000953674316,2.6500000953674316,23824
2024-05-13,2.700000047683716,2.700000047683716,2.6500000953674316,2.700000047683716,2.700000047683716,18372
2024-05-14,2.5999999046325684,3.200000047683716,2.5,2.799999952316284,2.799999952316284,170492
2024-05-15,4.400000095367432,4.599999904632568,2.9000000953674316,3.25,3.25,1626972
2024-05-16,4.25,7.300000190734863,3.5,6.900000095367432,6.900000095367432,3474680
2024-05-17,6.199999809265137,6.25,3.549999952316284,3.799999952316284,3.799999952316284,1201810
2024-05-20,3.9700000286102295,3.9700000286102295,2.8399999141693115,3.25,3.25,654700
2024-05-21,2.990000009536743,3.119999885559082,2.7279999256134033,2.740000009536743,2.740000009536743,237400
2024-05-22,2.549999952316284,2.549999952316284,2.1700000762939453,2.3299999237060547,2.3299999237060547,371800
2024-05-23,2.5999999046325684,2.630000114440918,2.259999990463257,2.509999990463257,2.509999990463257,217200
2024-05-24,2.950000047683716,3.680000066757202,2.5,2.8399999141693115,2.8399999141693115,5840700
2024-05-28,2.609999895095825,2.8610000610351562,2.609999895095825,2.759999990463257,2.759999990463257,177000
2024-05-29,2.640000104904175,2.8499999046325684,2.309999942779541,2.4000000953674316,2.4000000953674316,401100
2024-05-30,2.6700000762939453,2.759999990463257,2.490000009536743,2.5899999141693115,2.5899999141693115,267500
2024-05-31,2.680000066757202,2.680000066757202,2.4000000953674316,2.5,2.5,123500
2024-06-03,2.5399999618530273,2.75,2.4000000953674316,2.4700000286102295,2.4700000286102295,238600
2024-06-04,2.430000066757202,2.5199999809265137,2.240000009536743,2.25,2.25,148800
2024-06-05,2.25,2.680000066757202,2.200000047683716,2.5199999809265137,2.5199999809265137,354800
2024-06-06,2.5,2.8499999046325684,2.440000057220459,2.609999895095825,2.609999895095825,519500
2024-06-07,2.509999990463257,2.5999999046325684,2.3399999141693115,2.4600000381469727,2.4600000381469727,218800
2024-06-10,2.569999933242798,2.640000104904175,2.359999895095825,2.450000047683716,2.450000047683716,245200
2024-06-11,2.609999895095825,2.7899999618530273,2.390000104904175,2.6600000858306885,2.6600000858306885,491700
2024-06-12,2.7100000381469727,3.0799999237060547,2.609999895095825,2.7750000953674316,2.7750000953674316,605900
2024-06-13,2.559999942779541,2.759999990463257,2.180000066757202,2.380000114440918,2.380000114440918,392200
2024-06-14,2.3299999237060547,2.549999952316284,2.2100000381469727,2.450000047683716,2.450000047683716,560900
2024-06-17,2.4700000286102295,2.509999990463257,2.359999895095825,2.440000057220459,2.440000057220459,211900
2024-06-18,2.440000057220459,2.4600000381469727,2.069999933242798,2.2300000190734863,2.2300000190734863,283600
2024-06-20,2.240000009536743,2.309999942779541,2.069999933242798,2.2899999618530273,2.2899999618530273,96200
2024-06-21,2.2100000381469727,2.2100000381469727,2.0299999713897705,2.069999933242798,2.069999933242798,228600
2024-06-24,2.0299999713897705,2.0799999237060547,1.649999976158142,1.75,1.75,391800
2024-06-25,1.7200000286102295,1.909999966621399,1.649999976158142,1.8200000524520874,1.8200000524520874,370500
2024-06-26,1.7200000286102295,1.850000023841858,1.6699999570846558,1.7799999713897705,1.7799999713897705,167300
2024-06-27,3.259999990463257,3.7200000286102295,2.069999933242798,2.2899999618530273,2.2899999618530273,43423200
2024-06-28,2.1700000762939453,2.200000047683716,1.75,2.0,2.0,1257800
2024-07-01,1.8899999856948853,2.049999952316284,1.7999999523162842,1.9700000286102295,1.9700000286102295,255200
2024-07-02,2.0199999809265137,2.0199999809265137,1.75,1.809999942779541,1.809999942779541,241500
2024-07-03,1.809999942779541,2.049999952316284,1.809999942779541,1.9500000476837158,1.9500000476837158,253400
2024-07-05,1.9500000476837158,2.0,1.8600000143051147,1.940000057220459,1.940000057220459,99900
2024-07-08,1.9199999570846558,1.9800000190734863,1.809999942779541,1.8600000143051147,1.8600000143051147,267800
2024-07-09,1.8700000047683716,1.8899999856948853,1.7400000095367432,1.7599999904632568,1.7599999904632568,166200
2024-07-10,1.7899999618530273,1.809999942779541,1.5700000524520874,1.6799999475479126,1.6799999475479126,287400
2024-07-11,2.390000104904175,2.5899999141693115,1.8200000524520874,2.049999952316284,2.049999952316284,24711400
2024-07-12,1.899999976158142,2.700000047683716,1.8799999952316284,2.4000000953674316,2.4000000953674316,4246100
2024-07-15,2.2200000286102295,2.9000000953674316,2.2200000286102295,2.680000066757202,2.680000066757202,1817500
2024-07-16,2.559999942779541,2.8399999141693115,2.25,2.3299999237060547,2.3299999237060547,462600
2024-07-17,2.430000066757202,2.569999933242798,2.3499999046325684,2.509999990463257,2.509999990463257,159300
2024-07-18,2.4200000762939453,2.556999921798706,2.109999895095825,2.2799999713897705,2.2799999713897705,377800
2024-07-19,2.190000057220459,2.259999990463257,2.140000104904175,2.1600000858306885,2.1600000858306885,100200
2024-07-22,2.140000104904175,2.2200000286102295,1.8600000143051147,1.9900000095367432,1.9900000095367432,191600
2024-07-23,1.9900000095367432,2.25,1.7799999713897705,2.2100000381469727,2.2100000381469727,197600
2024-07-24,2.140000104904175,2.3399999141693115,1.9500000476837158,2.009999990463257,2.009999990463257,451500
2024-07-25,1.9900000095367432,2.0889999866485596,1.9299999475479126,1.9299999475479126,1.9299999475479126,53300
2024-07-26,1.9299999475479126,1.9800000190734863,1.899999976158142,1.940000057220459,1.940000057220459,60600
2024-07-29,2.009999990463257,2.009999990463257,1.8700000047683716,1.8899999856948853,1.8899999856948853,324400
2024-07-30,2.0,2.009999990463257,1.8799999952316284,1.9299999475479126,1.9299999475479126,58300
2024-07-31,1.899999976158142,1.9299999475479126,1.8179999589920044,1.840000033378601,1.840000033378601,73500
2024-08-01,1.840000033378601,1.899999976158142,1.7610000371932983,1.7899999618530273,1.7899999618530273,66000
2024-08-02,1.8300000429153442,1.8600000143051147,1.7599999904632568,1.850000023841858,1.850000023841858,61200
2024-08-05,1.7000000476837158,1.7790000438690186,1.5499999523162842,1.649999976158142,1.649999976158142,73000
2024-08-06,1.6799999475479126,1.7999999523162842,1.6100000143051147,1.6200000047683716,1.6200000047683716,88500
2024-08-07,1.659999966621399,1.659999966621399,1.5499999523162842,1.5499999523162842,1.5499999523162842,45300
2024-08-08,1.5399999618530273,1.597000002861023,1.409999966621399,1.409999966621399,1.409999966621399,74600
2024-08-09,1.4500000476837158,1.4500000476837158,1.2799999713897705,1.2799999713897705,1.2799999713897705,162800
2024-08-12,1.2699999809265137,1.3200000524520874,1.1200000047683716,1.159999966621399,1.159999966621399,137800
2024-08-13,1.2000000476837158,1.2000000476837158,1.0499999523162842,1.1100000143051147,1.1100000143051147,127100
2024-08-14,1.1200000047683716,1.190000057220459,1.1100000143051147,1.149999976158142,1.149999976158142,81100
2024-08-15,1.1299999952316284,1.159999966621399,1.0099999904632568,1.0399999618530273,1.0399999618530273,293700
2024-08-16,1.25,1.4500000476837158,0.984000027179718,1.1200000047683716,1.1200000047683716,6328400
2024-08-19,1.0800000429153442,1.149999976158142,1.0299999713897705,1.1100000143051147,1.1100000143051147,417600
2024-08-20,1.2000000476837158,1.2400000095367432,1.0499999523162842,1.2000000476837158,1.2000000476837158,4746800
2024-08-21,1.1100000143051147,1.4199999570846558,1.1100000143051147,1.409999966621399,1.409999966621399,1075000
2024-08-22,1.440000057220459,1.440000057220459,1.1699999570846558,1.2300000190734863,1.2300000190734863,2520800
2024-08-23,1.159999966621399,1.309999942779541,1.159999966621399,1.2999999523162842,1.2999999523162842,381900
2024-08-26,1.2699999809265137,1.3200000524520874,1.1699999570846558,1.25,1.25,359000
2024-08-27,1.2200000286102295,1.2400000095367432,1.1799999475479126,1.184999942779541,1.184999942779541,98700
2024-08-28,1.159999966621399,1.1799999475479126,1.0700000524520874,1.100000023841858,1.100000023841858,165800
2024-08-29,1.0800000429153442,1.1100000143051147,1.0299999713897705,1.0700000524520874,1.0700000524520874,129400
2024-08-30,1.059999942779541,1.1100000143051147,1.0399999618530273,1.0800000429153442,1.0800000429153442,119800
2024-09-03,1.0800000429153442,1.100000023841858,1.0399999618530273,1.0700000524520874,1.0700000524520874,83300
2024-09-04,1.0499999523162842,1.0499999523162842,0.8629999756813049,0.9300000071525574,0.9300000071525574,256900
2024-09-05,0.949999988079071,0.949999988079071,0.7110000252723694,0.7400000095367432,0.7400000095367432,660000
2024-09-06,0.7699999809265137,0.8790000081062317,0.75,0.7649999856948853,0.7649999856948853,3408600
2024-09-09,0.7200000286102295,0.7860000133514404,0.6510000228881836,0.7599999904632568,0.7599999904632568,446000
2024-09-10,0.7799999713897705,0.7829999923706055,0.7059999704360962,0.7689999938011169,0.7689999938011169,151900
2024-09-11,0.7450000047683716,0.7990000247955322,0.7400000095367432,0.7829999923706055,0.7829999923706055,153000
2024-09-12,0.7799999713897705,0.8199999928474426,0.7609999775886536,0.8109999895095825,0.8109999895095825,137500
2024-09-13,0.7799999713897705,0.8199999928474426,0.6740000247955322,0.7409999966621399,0.7409999966621399,411500
2024-09-16,0.7409999966621399,0.75,0.6740000247955322,0.7360000014305115,0.7360000014305115,229300
2024-09-17,0.7300000190734863,0.7379999756813049,0.6840000152587891,0.7300000190734863,0.7300000190734863,144200
2024-09-18,0.7319999933242798,0.7319999933242798,0.6890000104904175,0.6909999847412109,0.6909999847412109,112300
2024-09-19,0.6859999895095825,0.7200000286102295,0.6499999761581421,0.6499999761581421,0.6499999761581421,173800
2024-09-20,0.6800000071525574,0.6830000281333923,0.6299999952316284,0.6309999823570251,0.6309999823570251,154700
2024-09-23,0.6399999856948853,0.6600000262260437,0.6050000190734863,0.621999979019165,0.621999979019165,209700
2024-09-24,0.6290000081062317,0.6389999985694885,0.6079999804496765,0.6380000114440918,0.6380000114440918,166200
2024-09-25,0.6380000114440918,0.6399999856948853,0.6179999709129333,0.6240000128746033,0.6240000128746033,125300
2024-09-26,0.6209999918937683,0.6489999890327454,0.6140000224113464,0.6140000224113464,0.6140000224113464,169900
2024-09-27,0.6349999904632568,0.6349999904632568,0.5600000023841858,0.6079999804496765,0.6079999804496765,259000
2024-09-30,0.5789999961853027,0.6069999933242798,0.5199999809265137,0.5299999713897705,0.5299999713897705,285800
2024-10-01,0.5199999809265137,0.5199999809265137,0.45100000500679016,0.47699999809265137,0.47699999809265137,216500
2024-10-02,0.4869999885559082,0.527999997138977,0.45899999141693115,0.5120000243186951,0.5120000243186951,312900
2024-10-03,0.5090000033378601,0.574999988079071,0.4970000088214874,0.5519999861717224,0.5519999861717224,186300
2024-10-04,0.550000011920929,0.550000011920929,0.5220000147819519,0.5400000214576721,0.5400000214576721,60800
2024-10-07,0.531000018119812,0.550000011920929,0.4880000054836273,0.5460000038146973,0.5460000038146973,211600
2024-10-08,0.527999997138977,0.527999997138977,0.4950000047683716,0.5120000243186951,0.5120000243186951,53000
2024-10-09,0.5189999938011169,0.5400000214576721,0.49000000953674316,0.5299999713897705,0.5299999713897705,532400
2024-10-10,0.5389999747276306,0.5839999914169312,0.4970000088214874,0.5299999713897705,0.5299999713897705,6305700
2024-10-11,0.5,0.5189999938011169,0.44999998807907104,0.48899999260902405,0.48899999260902405,2546600
2024-10-14,0.46299999952316284,0.5699999928474426,0.45100000500679016,0.4819999933242798,0.4819999933242798,1671600
2024-10-15,0.4729999899864197,0.48100000619888306,0.45100000500679016,0.47200000286102295,0.47200000286102295,436100
2024-10-16,0.4659999907016754,0.4880000054836273,0.45100000500679016,0.46000000834465027,0.46000000834465027,508800
2024-10-17,0.46000000834465027,0.5690000057220459,0.45500001311302185,0.5419999957084656,0.5419999957084656,3938300
2024-10-18,0.5099999904632568,0.5400000214576721,0.46700000762939453,0.5,0.5,959700
2024-10-21,0.49000000953674316,0.699999988079071,0.46700000762939453,0.6499999761581421,0.6499999761581421,7536900
2024-10-22,0.6299999952316284,0.699999988079071,0.5609999895095825,0.6000000238418579,0.6000000238418579,2538400
2024-10-23,0.5899999737739563,0.6399999856948853,0.5699999928474426,0.5979999899864197,0.5979999899864197,3810200
2024-10-24,0.6200000047683716,0.7200000286102295,0.45899999141693115,0.515999972820282,0.515999972820282,9069300
2024-10-25,0.4950000047683716,0.4950000047683716,0.3400000035762787,0.38199999928474426,0.38199999928474426,3400400
2024-10-28,0.3970000147819519,0.4390000104904175,0.375,0.39899998903274536,0.39899998903274536,1202400
2024-10-29,0.3869999945163727,0.4000000059604645,0.3400000035762787,0.36899998784065247,0.36899998784065247,1404200
2024-10-30,0.3400000035762787,0.3709999918937683,0.3230000138282776,0.32499998807907104,0.32499998807907104,1029400
2024-10-31,0.3230000138282776,0.3330000042915344,0.2630000114440918,0.3109999895095825,0.3109999895095825,13698800
2024-11-01,0.2919999957084656,0.3100000023841858,0.2800000011920929,0.30799999833106995,0.30799999833106995,939400
2024-11-04,0.2980000078678131,0.33000001311302185,0.26600000262260437,0.32100000977516174,0.32100000977516174,1415500
2024-11-05,0.3059999942779541,0.31299999356269836,0.2770000100135803,0.30300000309944153,0.30300000309944153,502600
2024-11-06,0.29600000381469727,0.3009999990463257,0.27000001072883606,0.2720000147819519,0.2720000147819519,358600
2024-11-07,0.27799999713897705,0.35199999809265137,0.27799999713897705,0.29499998688697815,0.29499998688697815,2692200
2024-11-08,0.28299999237060547,0.3269999921321869,0.28200000524520874,0.3109999895095825,0.3109999895095825,1188700
2024-11-11,0.3050000071525574,0.3100000023841858,0.28600001335144043,0.3100000023841858,0.3100000023841858,482300
2024-11-12,0.30000001192092896,0.3009999990463257,0.2809999883174896,0.28700000047683716,0.28700000047683716,384000
2024-11-13,0.2800000011920929,0.30000001192092896,0.25600001215934753,0.2840000092983246,0.2840000092983246,603900
2024-11-14,0.27799999713897705,0.296999990940094,0.26600000262260437,0.28700000047683716,0.28700000047683716,479300
2024-11-15,0.2709999978542328,0.29600000381469727,0.25,0.25699999928474426,0.25699999928474426,12370300
2024-11-18,0.2199999988079071,0.2329999953508377,0.20200000703334808,0.2329999953508377,0.2329999953508377,2166600
2024-11-19,0.23600000143051147,0.23800000548362732,0.2029999941587448,0.21899999678134918,0.21899999678134918,1679600
2024-11-20,0.2150000035762787,0.22300000488758087,0.20000000298023224,0.2070000022649765,0.2070000022649765,861800
2024-11-21,0.210999995470047,0.23499999940395355,0.20100000500679016,0.22100000083446503,0.22100000083446503,1101800
2024-11-22,0.2290000021457672,0.23899999260902405,0.2199999988079071,0.22699999809265137,0.22699999809265137,823500
2024-11-25,0.23000000417232513,0.2460000067949295,0.22100000083446503,0.23899999260902405,0.23899999260902405,765800
2024-11-26,0.24899999797344208,0.47699999809265137,0.22599999606609344,0.3700000047683716,0.3700000047683716,67064100
2024-11-27,0.30000001192092896,0.4000000059604645,0.23999999463558197,0.30799999833106995,0.30799999833106995,11384700
2024-11-29,0.30799999833106995,0.3370000123977661,0.30000001192092896,0.3199999928474426,0.3199999928474426,1729900
2024-12-02,0.3100000023841858,0.3199999928474426,0.2759999930858612,0.2849999964237213,0.2849999964237213,1226400
2024-12-03,0.2849999964237213,0.28600001335144043,0.23100000619888306,0.27300000190734863,0.27300000190734863,1567300
2024-12-04,0.2919999957084656,0.32499998807907104,0.28700000047683716,0.2980000078678131,0.2980000078678131,1306100
2024-12-05,0.2939999997615814,0.2980000078678131,0.2720000147819519,0.28299999237060547,0.28299999237060547,394500
2024-12-06,0.27399998903274536,0.31299999356269836,0.27000001072883606,0.2939999997615814,0.2939999997615814,712700
2024-12-09,0.28999999165534973,0.30000001192092896,0.2750000059604645,0.2939999997615814,0.2939999997615814,400600
2024-12-10,0.2980000078678131,0.3400000035762787,0.28600001335144043,0.3319999873638153,0.3319999873638153,1888100
2024-12-11,0.3109999895095825,0.328000009059906,0.3019999861717224,0.31700000166893005,0.31700000166893005,2517600
2024-12-12,0.32100000977516174,0.33000001311302185,0.3149999976158142,0.3199999928474426,0.3199999928474426,373900
2024-12-13,0.3199999928474426,0.34299999475479126,0.3109999895095825,0.31299999356269836,0.31299999356269836,431400
2024-12-16,0.3050000071525574,0.3190000057220459,0.27799999713897705,0.28999999165534973,0.28999999165534973,639200
2024-12-17,0.28200000524520874,0.3070000112056732,0.27000001072883606,0.2919999957084656,0.2919999957084656,390400
2024-12-18,0.3019999861717224,0.32499998807907104,0.2849999964237213,0.2849999964237213,0.2849999964237213,279700
2024-12-19,0.2879999876022339,0.2919999957084656,0.10999999940395355,0.14800000190734863,0.14800000190734863,7454100
2024-12-20,0.07199999690055847,0.20000000298023224,0.07100000232458115,0.10000000149011612,0.10000000149011612,1116100
2024-12-23,0.07699999958276749,0.1289999932050705,0.07699999958276749,0.09000000357627869,0.09000000357627869,981600
2024-12-24,0.08500000089406967,0.18000000715255737,0.08500000089406967,0.13300000131130219,0.13300000131130219,403100
2024-12-26,0.1289999932050705,0.15000000596046448,0.10999999940395355,0.11500000208616257,0.11500000208616257,137500
2024-12-27,0.11100000143051147,0.14900000393390656,0.11100000143051147,0.1469999998807907,0.1469999998807907,392800
2024-12-30,0.14000000059604645,0.17499999701976776,0.11100000143051147,0.1599999964237213,0.1599999964237213,93800
2024-12-31,0.13500000536441803,0.1599999964237213,0.11100000143051147,0.125,0.125,405600
2025-01-02,0.11900000274181366,0.12300000339746475,0.11500000208616257,0.11999999731779099,0.11999999731779099,65100
2025-01-03,0.11500000208616257,0.11999999731779099,0.10999999940395355,0.11999999731779099,0.11999999731779099,81500
2025-01-06,0.12099999934434891,0.12800000607967377,0.10100000351667404,0.12800000607967377,0.12800000607967377,152000
2025-01-07,0.10999999940395355,0.12700000405311584,0.10999999940395355,0.12600000202655792,0.12600000202655792,45400
2025-01-08,0.11400000005960464,0.12999999523162842,0.1120000034570694,0.125,0.125,57700
2025-01-10,0.12700000405311584,0.12700000405311584,0.11599999666213989,0.11699999868869781,0.11699999868869781,23800
2025-01-13,0.11699999868869781,0.125,0.11699999868869781,0.125,0.125,24900
2025-01-14,0.11800000071525574,0.125,0.10999999940395355,0.10999999940395355,0.10999999940395355,26000
2025-01-15,0.10999999940395355,0.125,0.10999999940395355,0.11800000071525574,0.11800000071525574,40500
2025-01-16,0.11599999666213989,0.12099999934434891,0.11599999666213989,0.11800000071525574,0.11800000071525574,21000
2025-01-17,0.11999999731779099,0.12099999934434891,0.11500000208616257,0.11500000208616257,0.11500000208616257,20100
2025-01-21,0.11500000208616257,0.125,0.10999999940395355,0.125,0.125,9300
2025-01-22,0.11500000208616257,0.11800000071525574,0.09600000083446503,0.10499999672174454,0.10499999672174454,260000
2025-01-23,0.10300000011920929,0.10499999672174454,0.0949999988079071,0.10000000149011612,0.10000000149011612,176900
2025-01-24,0.10000000149011612,0.10000000149011612,0.08699999749660492,0.0949999988079071,0.0949999988079071,21200
2025-01-27,0.08100000023841858,0.10000000149011612,0.08100000023841858,0.08100000023841858,0.08100000023841858,28100
2025-01-28,0.08100000023841858,0.0989999994635582,0.07999999821186066,0.07999999821186066,0.07999999821186066,42800
2025-01-29,0.07500000298023224,0.09000000357627869,0.07199999690055847,0.08100000023841858,0.08100000023841858,61800
2025-01-30,0.0729999989271164,0.10000000149011612,0.0729999989271164,0.0989999994635582,0.0989999994635582,11000
2025-01-31,0.07400000095367432,0.16899999976158142,0.07400000095367432,0.10000000149011612,0.10000000149011612,458300
2025-02-03,0.09200000017881393,0.10599999874830246,0.09200000017881393,0.09200000017881393,0.09200000017881393,22000
2025-02-04,0.09200000017881393,0.10999999940395355,0.09000000357627869,0.10000000149011612,0.10000000149011612,16700
2025-02-05,0.08399999886751175,0.0989999994635582,0.08399999886751175,0.09000000357627869,0.09000000357627869,29400
2025-02-06,0.08299999684095383,0.10000000149011612,0.08299999684095383,0.08799999952316284,0.08799999952316284,35000
2025-02-07,0.09399999678134918,0.10000000149011612,0.07999999821186066,0.0949999988079071,0.0949999988079071,64900
2025-02-10,0.08799999952316284,0.0949999988079071,0.08100000023841858,0.08500000089406967,0.08500000089406967,25700
2025-02-11,0.08799999952316284,0.09600000083446503,0.07999999821186066,0.09600000083446503,0.09600000083446503,21700
2025-02-12,0.0949999988079071,0.0949999988079071,0.07999999821186066,0.09000000357627869,0.09000000357627869,27700
2025-02-13,0.08500000089406967,0.0949999988079071,0.07999999821186066,0.09000000357627869,0.09000000357627869,10500
2025-02-14,0.07999999821186066,0.0949999988079071,0.07999999821186066,0.0860000029206276,0.0860000029206276,28100
2025-02-18,0.07999999821186066,0.09399999678134918,0.07999999821186066,0.08299999684095383,0.08299999684095383,38500
2025-02-19,0.07999999821186066,0.13899999856948853,0.07999999821186066,0.09799999743700027,0.09799999743700027,470600
2025-02-20,0.0949999988079071,0.10499999672174454,0.0949999988079071,0.09799999743700027,0.09799999743700027,23700
2025-02-21,0.10999999940395355,0.11999999731779099,0.09099999815225601,0.10000000149011612,0.10000000149011612,89600
2025-02-24,0.10000000149011612,0.125,0.10000000149011612,0.10999999940395355,0.10999999940395355,64700
2025-02-25,0.10999999940395355,0.11100000143051147,0.10000000149011612,0.11100000143051147,0.11100000143051147,48100
2025-02-26,0.11699999868869781,0.11999999731779099,0.10100000351667404,0.11299999803304672,0.11299999803304672,147500
2025-02-27,0.10999999940395355,0.10999999940395355,0.09099999815225601,0.10199999809265137,0.10199999809265137,70700
2025-02-28,0.10999999940395355,0.10999999940395355,0.09099999815225601,0.10499999672174454,0.10499999672174454,2200
2025-03-03,0.10499999672174454,0.10999999940395355,0.10000000149011612,0.10000000149011612,0.10000000149011612,27800
2025-03-04,0.10499999672174454,0.10499999672174454,0.08399999886751175,0.10000000149011612,0.10000000149011612,44500
2025-03-05,0.09799999743700027,0.10100000351667404,0.08399999886751175,0.09399999678134918,0.09399999678134918,67200
2025-03-06,0.0860000029206276,0.10000000149011612,0.08100000023841858,0.10000000149011612,0.10000000149011612,91900
2025-03-07,0.0860000029206276,0.0989999994635582,0.08500000089406967,0.08500000089406967,0.08500000089406967,48200
2025-03-10,0.07999999821186066,0.09000000357627869,0.07999999821186066,0.08799999952316284,0.08799999952316284,46100
2025-03-11,0.08299999684095383,0.09000000357627869,0.07999999821186066,0.08500000089406967,0.08500000089406967,137800
2025-03-12,0.08299999684095383,0.0860000029206276,0.07000000029802322,0.07500000298023224,0.07500000298023224,220300
2025-03-13,0.07999999821186066,0.07999999821186066,0.06400000303983688,0.07000000029802322,0.07000000029802322,438300
2025-03-14,0.07000000029802322,0.07000000029802322,0.061000000685453415,0.07000000029802322,0.07000000029802322,533300
2025-03-17,0.06800000369548798,0.06800000369548798,0.06499999761581421,0.06800000369548798,0.06800000369548798,111900
2025-03-18,0.06599999964237213,0.06700000166893005,0.05999999865889549,0.06499999761581421,0.06499999761581421,124800
2025-03-19,0.06300000101327896,0.06300000101327896,0.050999999046325684,0.05400000140070915,0.05400000140070915,187300
2025-03-20,0.05700000002980232,0.05999999865889549,0.04100000113248825,0.054999999701976776,0.054999999701976776,404700
2025-03-21,0.054999999701976776,0.054999999701976776,0.03999999910593033,0.054999999701976776,0.054999999701976776,82300
2025-03-24,0.05999999865889549,0.05999999865889549,0.03999999910593033,0.05000000074505806,0.05000000074505806,112400
2025-03-25,0.05000000074505806,0.05000000074505806,0.04100000113248825,0.05000000074505806,0.05000000074505806,90600
2025-03-26,0.04100000113248825,0.05000000074505806,0.03999999910593033,0.05000000074505806,0.05000000074505806,51300
2025-03-27,0.04600000008940697,0.05000000074505806,0.041999999433755875,0.05000000074505806,0.05000000074505806,68800
2025-03-28,0.04699999839067459,0.05000000074505806,0.03999999910593033,0.05000000074505806,0.05000000074505806,25500
2025-03-31,0.041999999433755875,0.05000000074505806,0.041999999433755875,0.05000000074505806,0.05000000074505806,45600
2025-04-01,0.05000000074505806,0.05000000074505806,0.04100000113248825,0.05000000074505806,0.05000000074505806,11300
2025-04-02,0.05000000074505806,0.05000000074505806,0.04100000113248825,0.05000000074505806,0.05000000074505806,7000
2025-04-03,0.04100000113248825,0.04699999839067459,0.04100000113248825,0.04500000178813934,0.04500000178813934,5900
2025-04-04,0.04100000113248825,0.05000000074505806,0.04100000113248825,0.04600000008940697,0.04600000008940697,8400
2025-04-07,0.04399999976158142,0.05000000074505806,0.041999999433755875,0.04699999839067459,0.04699999839067459,25900
2025-04-08,0.04899999871850014,0.05000000074505806,0.041999999433755875,0.04899999871850014,0.04899999871850014,17300
2025-04-09,0.04800000041723251,0.04800000041723251,0.041999999433755875,0.04800000041723251,0.04800000041723251,39600
2025-04-10,0.041999999433755875,0.04800000041723251,0.041999999433755875,0.04800000041723251,0.04800000041723251,26900
2025-04-11,0.041999999433755875,0.05299999937415123,0.041999999433755875,0.04600000008940697,0.04600000008940697,7700
2025-04-14,0.041999999433755875,0.054999999701976776,0.041999999433755875,0.04600000008940697,0.04600000008940697,10900
2025-04-15,0.041999999433755875,0.05000000074505806,0.041999999433755875,0.041999999433755875,0.041999999433755875,8600
2025-04-16,0.05000000074505806,0.05999999865889549,0.04500000178813934,0.05299999937415123,0.05299999937415123,100300
2025-04-17,0.05999999865889549,0.05999999865889549,0.054999999701976776,0.0560000017285347,0.0560000017285347,5400
2025-04-21,0.04500000178813934,0.054999999701976776,0.04500000178813934,0.04800000041723251,0.04800000041723251,25700
2025-04-22,0.04500000178813934,0.0560000017285347,0.04500000178813934,0.0560000017285347,0.0560000017285347,2600
2025-04-23,0.05999999865889549,0.05999999865889549,0.04500000178813934,0.05000000074505806,0.05000000074505806,3500
2025-04-24,0.04800000041723251,0.05000000074505806,0.04500000178813934,0.04500000178813934,0.04500000178813934,2300
2025-04-25,0.054999999701976776,0.05900000035762787,0.04500000178813934,0.05000000074505806,0.05000000074505806,94400
2025-04-28,0.054999999701976776,0.06800000369548798,0.05299999937415123,0.057999998331069946,0.057999998331069946,67200
2025-04-29,0.050999999046325684,0.06800000369548798,0.050999999046325684,0.06800000369548798,0.06800000369548798,2100
2025-04-30,0.06800000369548798,0.06800000369548798,0.050999999046325684,0.06800000369548798,0.06800000369548798,17900
2025-05-01,0.05900000035762787,0.06800000369548798,0.04500000178813934,0.04800000041723251,0.04800000041723251,97800
2025-05-02,0.05999999865889549,0.06800000369548798,0.04699999839067459,0.05700000002980232,0.05700000002980232,49300
2025-05-05,0.05999999865889549,0.05999999865889549,0.05000000074505806,0.052000001072883606,0.052000001072883606,2300
2025-05-06,0.05000000074505806,0.06800000369548798,0.05000000074505806,0.057999998331069946,0.057999998331069946,71300
2025-05-07,0.06499999761581421,0.06800000369548798,0.0560000017285347,0.06400000303983688,0.06400000303983688,20400
2025-05-08,0.061000000685453415,0.07100000232458115,0.0560000017285347,0.06700000166893005,0.06700000166893005,41500
2025-05-09,0.06700000166893005,0.07100000232458115,0.061000000685453415,0.07100000232458115,0.07100000232458115,10400
2025-05-12,0.057999998331069946,0.07100000232458115,0.057999998331069946,0.06499999761581421,0.06499999761581421,33100
2025-05-13,0.07100000232458115,0.07100000232458115,0.06499999761581421,0.06499999761581421,0.06499999761581421,4200
2025-05-14,0.0560000017285347,0.07100000232458115,0.0560000017285347,0.07100000232458115,0.07100000232458115,103600
2025-05-15,0.0560000017285347,0.06400000303983688,0.0560000017285347,0.05999999865889549,0.05999999865889549,39400
2025-05-16,0.07000000029802322,0.07000000029802322,0.06700000166893005,0.06800000369548798,0.06800000369548798,64000
2025-05-19,0.07000000029802322,0.07000000029802322,0.057999998331069946,0.0689999982714653,0.0689999982714653,12300
2025-05-20,0.06800000369548798,0.06800000369548798,0.057999998331069946,0.06800000369548798,0.06800000369548798,1500
2025-05-21,0.06800000369548798,0.06800000369548798,0.06700000166893005,0.06700000166893005,0.06700000166893005,7900
2025-05-22,0.0560000017285347,0.06700000166893005,0.0560000017285347,0.06700000166893005,0.06700000166893005,133500
2025-05-23,0.06700000166893005,0.07000000029802322,0.054999999701976776,0.06400000303983688,0.06400000303983688,55100
2025-05-27,0.054999999701976776,0.06199999898672104,0.054999999701976776,0.061000000685453415,0.061000000685453415,25000
2025-05-28,0.06800000369548798,0.0689999982714653,0.052000001072883606,0.0689999982714653,0.0689999982714653,14200
2025-05-29,0.0689999982714653,0.0689999982714653,0.06199999898672104,0.0689999982714653,0.0689999982714653,18500
2025-05-30,0.0689999982714653,0.0689999982714653,0.0560000017285347,0.05700000002980232,0.05700000002980232,15000
2025-06-02,0.0560000017285347,0.07000000029802322,0.0560000017285347,0.0689999982714653,0.0689999982714653,32800
2025-06-03,0.06499999761581421,0.06800000369548798,0.054999999701976776,0.057999998331069946,0.057999998331069946,9300
2025-06-04,0.0560000017285347,0.06499999761581421,0.054999999701976776,0.057999998331069946,0.057999998331069946,5700
2025-06-05,0.061000000685453415,0.06499999761581421,0.05999999865889549,0.05999999865889549,0.05999999865889549,10000
2025-06-06,0.05999999865889549,0.06499999761581421,0.054999999701976776,0.06300000101327896,0.06300000101327896,133800
2025-06-09,0.07000000029802322,0.07000000029802322,0.05999999865889549,0.06499999761581421,0.06499999761581421,24700
2025-06-10,0.06499999761581421,0.07000000029802322,0.05999999865889549,0.0689999982714653,0.0689999982714653,30300
2025-06-11,0.06199999898672104,0.06499999761581421,0.06199999898672104,0.06199999898672104,0.06199999898672104,58000
2025-06-12,0.06199999898672104,0.06199999898672104,0.05700000002980232,0.05700000002980232,0.05700000002980232,24300
2025-06-13,0.061000000685453415,0.06400000303983688,0.05299999937415123,0.05299999937415123,0.05299999937415123,8500
2025-06-16,0.07100000232458115,0.07100000232458115,0.05299999937415123,0.0560000017285347,0.0560000017285347,30900
2025-06-17,0.05299999937415123,0.061000000685453415,0.050999999046325684,0.050999999046325684,0.050999999046325684,25400
2025-06-18,0.05900000035762787,0.05900000035762787,0.050999999046325684,0.050999999046325684,0.050999999046325684,6800
2025-06-20,0.05999999865889549,0.06199999898672104,0.052000001072883606,0.052000001072883606,0.052000001072883606,1400
2025-06-23,0.05000000074505806,0.06800000369548798,0.05000000074505806,0.05000000074505806,0.05000000074505806,5500
2025-06-24,0.05000000074505806,0.06800000369548798,0.04899999871850014,0.05000000074505806,0.05000000074505806,91900
2025-06-25,0.05900000035762787,0.05999999865889549,0.050999999046325684,0.052000001072883606,0.052000001072883606,4500
2025-06-26,0.061000000685453415,0.061000000685453415,0.05000000074505806,0.05000000074505806,0.05000000074505806,1000
2025-06-27,0.054999999701976776,0.06199999898672104,0.054999999701976776,0.0560000017285347,0.0560000017285347,33500
2025-06-30,0.05299999937415123,0.06499999761581421,0.05299999937415123,0.061000000685453415,0.061000000685453415,2200
2025-07-01,0.054999999701976776,0.06800000369548798,0.054999999701976776,0.06800000369548798,0.06800000369548798,16800
2025-07-02,0.0560000017285347,0.06499999761581421,0.0560000017285347,0.061000000685453415,0.061000000685453415,43300
2025-07-03,0.05999999865889549,0.06599999964237213,0.05999999865889549,0.06199999898672104,0.06199999898672104,21100
2025-07-07,0.06800000369548798,0.06800000369548798,0.052000001072883606,0.05999999865889549,0.05999999865889549,35200
2025-07-08,0.05999999865889549,0.05999999865889549,0.05999999865889549,0.05999999865889549,0.05999999865889549,0
2025-07-09,0.05999999865889549,0.05999999865889549,0.050999999046325684,0.050999999046325684,0.050999999046325684,38200
2025-07-10,0.050999999046325684,0.05999999865889549,0.050999999046325684,0.05999999865889549,0.05999999865889549,5700
2025-07-11,0.0560000017285347,0.05999999865889549,0.052000001072883606,0.0560000017285347,0.0560000017285347,21700
2025-07-14,0.0560000017285347,0.0560000017285347,0.050999999046325684,0.050999999046325684,0.050999999046325684,500
2025-07-15,0.050999999046325684,0.05999999865889549,0.050999999046325684,0.05999999865889549,0.05999999865889549,4100
2025-07-16,0.052000001072883606,0.05299999937415123,0.04800000041723251,0.05000000074505806,0.05000000074505806,317200
2025-07-17,0.054999999701976776,0.054999999701976776,0.04500000178813934,0.04899999871850014,0.04899999871850014,74500
2025-07-18,0.04800000041723251,0.04899999871850014,0.04800000041723251,0.04899999871850014,0.04899999871850014,7000
2025-07-21,0.04899999871850014,0.04899999871850014,0.0430000014603138,0.04600000008940697,0.04600000008940697,24100
2025-07-22,0.0430000014603138,0.05000000074505806,0.0430000014603138,0.05000000074505806,0.05000000074505806,111600
2025-07-23,0.04899999871850014,0.04899999871850014,0.04600000008940697,0.04800000041723251,0.04800000041723251,76600
2025-07-24,0.04899999871850014,0.04899999871850014,0.04500000178813934,0.04500000178813934,0.04500000178813934,47700
2025-07-25,0.04500000178813934,0.04600000008940697,0.0430000014603138,0.0430000014603138,0.0430000014603138,47800
2025-07-28,0.041999999433755875,0.04600000008940697,0.041999999433755875,0.04600000008940697,0.04600000008940697,18800
2025-07-29,0.04399999976158142,0.04500000178813934,0.041999999433755875,0.04500000178813934,0.04500000178813934,2700
2025-07-30,0.04399999976158142,0.04500000178813934,0.04399999976158142,0.04500000178813934,0.04500000178813934,31400
2025-07-31,0.041999999433755875,0.04800000041723251,0.041999999433755875,0.04800000041723251,0.04800000041723251,9700
2025-08-01,0.04500000178813934,0.04500000178813934,0.0430000014603138,0.0430000014603138,0.0430000014603138,2200
2025-08-04,0.04399999976158142,0.04800000041723251,0.0430000014603138,0.04800000041723251,0.04800000041723251,36300
2025-08-05,0.04399999976158142,0.04399999976158142,0.03799999877810478,0.03799999877810478,0.03799999877810478,132500
2025-08-06,0.041999999433755875,0.0430000014603138,0.03799999877810478,0.0430000014603138,0.0430000014603138,54400
2025-08-07,0.03400000184774399,0.0430000014603138,0.03400000184774399,0.03999999910593033,0.03999999910593033,57400
2025-08-08,0.03999999910593033,0.03999999910593033,0.03400000184774399,0.03999999910593033,0.03999999910593033,4900
2025-08-11,0.03400000184774399,0.041999999433755875,0.03400000184774399,0.03999999910593033,0.03999999910593033,8000
2025-08-12,0.041999999433755875,0.041999999433755875,0.03400000184774399,0.03400000184774399,0.03400000184774399,69200
2025-08-13,0.03400000184774399,0.03999999910593033,0.028999999165534973,0.029999999329447746,0.029999999329447746,309200
2025-08-14,0.029999999329447746,0.029999999329447746,0.02500000037252903,0.02800000086426735,0.02800000086426735,300900
2025-08-15,0.02500000037252903,0.02800000086426735,0.02500000037252903,0.02800000086426735,0.02800000086426735,40200
2025-08-18,0.02800000086426735,0.02800000086426735,0.02199999988079071,0.023000000044703484,0.023000000044703484,42500
2025-08-19,0.02800000086426735,0.0430000014603138,0.02800000086426735,0.0430000014603138,0.0430000014603138,280200
2025-08-20,0.0430000014603138,0.0430000014603138,0.02199999988079071,0.027000000700354576,0.027000000700354576,731400
2025-08-21,0.02500000037252903,0.02500000037252903,0.024000000208616257,0.024000000208616257,0.024000000208616257,143000
2025-08-22,0.02500000037252903,0.027000000700354576,0.020999999716877937,0.027000000700354576,0.027000000700354576,365800
2025-08-25,0.027000000700354576,0.027000000700354576,0.020999999716877937,0.023000000044703484,0.023000000044703484,357400
2025-08-26,0.02500000037252903,0.02500000037252903,0.020999999716877937,0.02500000037252903,0.02500000037252903,141600
2025-08-27,0.020999999716877937,0.02500000037252903,0.01899999938905239,0.01899999938905239,0.01899999938905239,706100
2025-08-28,0.01899999938905239,0.02500000037252903,0.01899999938905239,0.023000000044703484,0.023000000044703484,82300
2025-08-29,0.019999999552965164,0.024000000208616257,0.019999999552965164,0.023000000044703484,0.023000000044703484,109100
2025-09-02,0.023000000044703484,0.023000000044703484,0.020999999716877937,0.020999999716877937,0.020999999716877937,5300
2025-09-03,0.019999999552965164,0.024000000208616257,0.019999999552965164,0.019999999552965164,0.019999999552965164,128900
2025-09-04,0.02199999988079071,0.024000000208616257,0.019999999552965164,0.020999999716877937,0.020999999716877937,146100
2025-09-05,0.019999999552965164,0.020999999716877937,0.019999999552965164,0.020999999716877937,0.020999999716877937,91500
2025-09-08,0.024000000208616257,0.024000000208616257,0.01899999938905239,0.019999999552965164,0.019999999552965164,45800
2025-09-09,0.024000000208616257,0.024000000208616257,0.023000000044703484,0.023000000044703484,0.023000000044703484,5500
2025-09-10,0.023000000044703484,0.023000000044703484,0.017999999225139618,0.023000000044703484,0.023000000044703484,13600
2025-09-11,0.023000000044703484,0.023000000044703484,0.017999999225139618,0.020999999716877937,0.020999999716877937,110900
2025-09-12,0.024000000208616257,0.024000000208616257,0.01899999938905239,0.019999999552965164,0.019999999552965164,192300
2025-09-15,0.019999999552965164,0.026000000536441803,0.019999999552965164,0.02199999988079071,0.02199999988079071,117600
2025-09-16,0.027000000700354576,0.027000000700354576,0.019999999552965164,0.020999999716877937,0.020999999716877937,258900
2025-09-17,0.026000000536441803,0.026000000536441803,0.019999999552965164,0.019999999552965164,0.019999999552965164,266300
2025-09-18,0.019999999552965164,0.02500000037252903,0.01899999938905239,0.02199999988079071,0.02199999988079071,182200
2025-09-19,0.02500000037252903,0.029999999329447746,0.02500000037252903,0.02800000086426735,0.02800000086426735,241500
2025-09-22,0.029999999329447746,0.029999999329447746,0.02199999988079071,0.02199999988079071,0.02199999988079071,320300
2025-09-23,0.020999999716877937,0.02199999988079071,0.020999999716877937,0.020999999716877937,0.020999999716877937,143900
2025-09-24,0.020999999716877937,0.023000000044703484,0.019999999552965164,0.019999999552965164,0.019999999552965164,126900
2025-09-25,0.019999999552965164,0.024000000208616257,0.019999999552965164,0.024000000208616257,0.024000000208616257,15100
2025-09-26,0.019999999552965164,0.02199999988079071,0.01899999938905239,0.02199999988079071,0.02199999988079071,287600
2025-09-29,0.02199999988079071,0.024000000208616257,0.01899999938905239,0.019999999552965164,0.019999999552965164,79900
2025-09-30,0.020999999716877937,0.020999999716877937,0.01899999938905239,0.019999999552965164,0.019999999552965164,66100
2025-10-01,0.019999999552965164,0.019999999552965164,0.01899999938905239,0.019999999552965164,0.019999999552965164,107900
2025-10-02,0.019999999552965164,0.019999999552965164,0.01899999938905239,0.019999999552965164,0.019999999552965164,79500
2025-10-03,0.019999999552965164,0.019999999552965164,0.019999999552965164,0.019999999552965164,0.019999999552965164,67000
2025-10-06,0.019999999552965164,0.020999999716877937,0.01899999938905239,0.019999999552965164,0.019999999552965164,111300
2025-10-07,0.020999999716877937,0.02500000037252903,0.01899999938905239,0.019999999552965164,0.019999999552965164,716400
2025-10-08,0.019999999552965164,0.020999999716877937,0.01899999938905239,0.019999999552965164,0.019999999552965164,86800
2025-10-09,0.01899999938905239,0.019999999552965164,0.010999999940395355,0.013000000268220901,0.013000000268220901,5175500
2025-10-10,0.013000000268220901,0.014999999664723873,0.010999999940395355,0.012000000104308128,0.012000000104308128,1162900
2025-10-13,0.012000000104308128,0.013000000268220901,0.009999999776482582,0.010999999940395355,0.010999999940395355,765500
2025-10-14,0.013000000268220901,0.013000000268220901,0.009999999776482582,0.012000000104308128,0.012000000104308128,180000
2025-10-15,0.010999999940395355,0.013000000268220901,0.009999999776482582,0.010999999940395355,0.010999999940395355,164000
2025-10-16,0.009999999776482582,0.012000000104308128,0.009999999776482582,0.012000000104308128,0.012000000104308128,448100
2025-10-17,0.013000000268220901,0.013000000268220901,0.009999999776482582,0.010999999940395355,0.010999999940395355,212900
2025-10-20,0.009999999776482582,0.012000000104308128,0.009999999776482582,0.012000000104308128,0.012000000104308128,375600
2025-10-21,0.010999999940395355,0.012000000104308128,0.009999999776482582,0.012000000104308128,0.012000000104308128,373400
2025-10-22,0.013000000268220901,0.013000000268220901,0.009999999776482582,0.010999999940395355,0.010999999940395355,81700
2025-10-23,0.010999999940395355,0.013000000268220901,0.010999999940395355,0.010999999940395355,0.010999999940395355,164000
2025-10-24,0.013000000268220901,0.013000000268220901,0.010999999940395355,0.012000000104308128,0.012000000104308128,78900
2025-10-27,0.013000000268220901,0.03700000047683716,0.012000000104308128,0.029999999329447746,0.029999999329447746,3528700
2025-10-28,0.03500000014901161,0.03500000014901161,0.023000000044703484,0.024000000208616257,0.024000000208616257,1883200
2025-10-29,0.026000000536441803,0.026000000536441803,0.020999999716877937,0.026000000536441803,0.026000000536441803,581300
2025-10-30,0.02500000037252903,0.02500000037252903,0.014999999664723873,0.01600000075995922,0.01600000075995922,3764400
2025-10-31,0.019999999552965164,0.019999999552965164,0.012000000104308128,0.014000000432133675,0.014000000432133675,1606700
2025-11-03,0.014000000432133675,0.032999999821186066,0.013000000268220901,0.019999999552965164,0.019999999552965164,7768600
2025-11-04,0.019999999552965164,0.03400000184774399,0.01600000075995922,0.02199999988079071,0.02199999988079071,13802000
2025-11-05,0.02500000037252903,0.027000000700354576,0.01600000075995922,0.02199999988079071,0.02199999988079071,9257100
2025-11-06,0.023000000044703484,0.023000000044703484,0.014999999664723873,0.017999999225139618,0.017999999225139618,1704800
2025-11-07,0.017000000923871994,0.017999999225139618,0.012000000104308128,0.013000000268220901,0.013000000268220901,4625900
2025-11-10,0.014999999664723873,0.014999999664723873,0.012000000104308128,0.012000000104308128,0.012000000104308128,2613600
2025-11-11,0.013000000268220901,0.013000000268220901,0.012000000104308128,0.013000000268220901,0.013000000268220901,1396000
2025-11-12,0.012000000104308128,0.014000000432133675,0.012000000104308128,0.013000000268220901,0.013000000268220901,2478000
2025-11-13,0.013000000268220901,0.014000000432133675,0.00800000037997961,0.00800000037997961,0.00800000037997961,6367700
2025-11-14,0.008999999612569809,0.008999999612569809,0.00800000037997961,0.00800000037997961,0.00800000037997961,1062600
2025-11-17,0.008999999612569809,0.008999999612569809,0.006000000052154064,0.006000000052154064,0.006000000052154064,2204300
2025-11-18,0.007000000216066837,0.00800000037997961,0.007000000216066837,0.007000000216066837,0.007000000216066837,597500
2025-11-19,0.007000000216066837,0.00800000037997961,0.007000000216066837,0.00800000037997961,0.00800000037997961,350600
2025-11-20,0.00800000037997961,0.00800000037997961,0.004999999888241291,0.004999999888241291,0.004999999888241291,7710400
2025-11-21,0.004999999888241291,0.004999999888241291,0.004999999888241291,0.004999999888241291,0.004999999888241291,4624100
2025-11-24,0.004999999888241291,0.004999999888241291,0.003000000026077032,0.004000000189989805,0.004000000189989805,4458800
2025-11-25,0.004000000189989805,0.004999999888241291,0.004000000189989805,0.004000000189989805,0.004000000189989805,8460600
2025-11-26,0.004000000189989805,0.004999999888241291,0.004000000189989805,0.004000000189989805,0.004000000189989805,1128800
2025-11-28,0.004000000189989805,0.004999999888241291,0.004000000189989805,0.004000000189989805,0.004000000189989805,457200
2025-12-01,0.004999999888241291,0.004999999888241291,0.004000000189989805,0.004000000189989805,0.004000000189989805,906800
2025-12-02,0.004000000189989805,0.004000000189989805,0.004000000189989805,0.004000000189989805,0.004000000189989805,3993800
2025-12-03,0.004000000189989805,0.004000000189989805,0.004000000189989805,0.004000000189989805,0.004000000189989805,1054100
2025-12-04,0.004000000189989805,0.004000000189989805,0.003000000026077032,0.004000000189989805,0.004000000189989805,4194800
2025-12-05,0.003000000026077032,0.004000000189989805,0.003000000026077032,0.004000000189989805,0.004000000189989805,1908000
2025-12-08,0.004000000189989805,0.004000000189989805,0.004000000189989805,0.004000000189989805,0.004000000189989805,574600
2025-12-09,0.004000000189989805,0.004000000189989805,0.003000000026077032,0.003000000026077032,0.003000000026077032,2258800
2025-12-10,0.003000000026077032,0.003000000026077032,0.003000000026077032,0.003000000026077032,0.003000000026077032,5272500
2025-12-11,0.003000000026077032,0.004999999888241291,0.003000000026077032,0.004000000189989805,0.004000000189989805,4337800
2025-12-12,0.004999999888241291,0.004999999888241291,0.004000000189989805,0.004000000189989805,0.004000000189989805,419000
2025-12-15,0.004000000189989805,0.004000000189989805,0.004000000189989805,0.004000000189989805,0.004000000189989805,213800
2025-12-16,0.004000000189989805,0.004000000189989805,0.003000000026077032,0.003000000026077032,0.003000000026077032,3978800
2025-12-17,0.003000000026077032,0.003000000026077032,0.003000000026077032,0.003000000026077032,0.003000000026077032,6795000
2025-12-18,0.003000000026077032,0.003000000026077032,0.0020000000949949026,0.0020000000949949026,0.0020000000949949026,7956800
2025-12-19,0.0020000000949949026,0.003000000026077032,0.0020000000949949026,0.0020000000949949026,0.0020000000949949026,5859400
2025-12-22,0.0020000000949949026,0.003000000026077032,0.0020000000949949026,0.003000000026077032,0.003000000026077032,5930500
2025-12-23,0.003000000026077032,0.003000000026077032,0.0020000000949949026,0.0020000000949949026,0.0020000000949949026,18253800
2025-12-24,0.0020000000949949026,0.003000000026077032,0.0020000000949949026,0.003000000026077032,0.003000000026077032,4445000
2025-12-26,0.0020000000949949026,0.003000000026077032,0.0020000000949949026,0.003000000026077032,0.003000000026077032,4363100
2025-12-29,0.003000000026077032,0.003000000026077032,0.0020000000949949026,0.0020000000949949026,0.0020000000949949026,787500
2025-12-30,0.003000000026077032,0.003000000026077032,0.0020000000949949026,0.0020000000949949026,0.0020000000949949026,3995700
