date,open,high,low,close,adj_close,volume
,CHGG,CHGG,CHGG,CHGG,CHGG,CHGG
2020-01-02,38.09000015258789,39.20000076293945,37.810001373291016,39.029998779296875,39.029998779296875,1366900
2020-01-03,38.40999984741211,38.61000061035156,37.88999938964844,38.310001373291016,38.310001373291016,664500
2020-01-06,38.08000183105469,39.119998931884766,37.959999084472656,38.880001068115234,38.880001068115234,690600
2020-01-07,38.880001068115234,39.959999084472656,38.65999984741211,39.439998626708984,39.439998626708984,2141200
2020-01-08,39.439998626708984,40.380001068115234,39.380001068115234,40.099998474121094,40.099998474121094,1352800
2020-01-09,40.529998779296875,40.68000030517578,40.27000045776367,40.4900016784668,40.4900016784668,1246900
2020-01-10,40.459999084472656,40.7400016784668,40.119998931884766,40.2400016784668,40.2400016784668,832400
2020-01-13,40.5,41.650001525878906,40.290000915527344,41.209999084472656,41.209999084472656,1056800
2020-01-14,41.22999954223633,41.880001068115234,40.84000015258789,41.459999084472656,41.459999084472656,1071700
2020-01-15,41.40999984741211,42.189998626708984,41.31999969482422,41.380001068115234,41.380001068115234,1107600
2020-01-16,41.68000030517578,42.72999954223633,41.599998474121094,42.720001220703125,42.720001220703125,1694700
2020-01-17,43.040000915527344,43.529998779296875,42.470001220703125,43.33000183105469,43.33000183105469,2066900
2020-01-21,43.400001525878906,43.43000030517578,42.66999816894531,43.0099983215332,43.0099983215332,1563600
2020-01-22,43.47999954223633,43.869998931884766,42.93000030517578,42.939998626708984,42.939998626708984,747100
2020-01-23,42.5,43.13999938964844,42.15999984741211,42.939998626708984,42.939998626708984,1269600
2020-01-24,43.0,43.4900016784668,42.2599983215332,42.720001220703125,42.720001220703125,1490400
2020-01-27,41.720001220703125,42.59000015258789,41.060001373291016,42.43000030517578,42.43000030517578,1434800
2020-01-28,42.79999923706055,42.81999969482422,42.150001525878906,42.36000061035156,42.36000061035156,920400
2020-01-29,42.13999938964844,42.369998931884766,41.34000015258789,41.369998931884766,41.369998931884766,1032200
2020-01-30,40.810001373291016,41.720001220703125,40.77000045776367,41.70000076293945,41.70000076293945,1057800
2020-01-31,41.869998931884766,42.11000061035156,40.959999084472656,41.22999954223633,41.22999954223633,1197300
2020-02-03,41.41999816894531,42.04999923706055,41.41999816894531,41.75,41.75,917300
2020-02-04,42.27000045776367,43.279998779296875,42.27000045776367,42.630001068115234,42.630001068115234,971000
2020-02-05,42.95000076293945,43.2599983215332,42.06999969482422,42.2400016784668,42.2400016784668,916000
2020-02-06,42.41999816894531,43.470001220703125,42.2400016784668,42.849998474121094,42.849998474121094,1510100
2020-02-07,42.7400016784668,43.029998779296875,42.16999816894531,42.709999084472656,42.709999084472656,2755200
2020-02-10,43.0,44.900001525878906,42.779998779296875,44.61000061035156,44.61000061035156,3841700
2020-02-11,43.04999923706055,43.380001068115234,40.540000915527344,40.90999984741211,40.90999984741211,4619600
2020-02-12,41.189998626708984,41.869998931884766,39.029998779296875,40.08000183105469,40.08000183105469,3332300
2020-02-13,39.7400016784668,40.20000076293945,39.400001525878906,39.900001525878906,39.900001525878906,5401600
2020-02-14,39.959999084472656,40.33000183105469,39.630001068115234,40.08000183105469,40.08000183105469,1875000
2020-02-18,40.11000061035156,40.88999938964844,39.869998931884766,40.720001220703125,40.720001220703125,1666400
2020-02-19,40.86000061035156,41.540000915527344,40.70000076293945,40.970001220703125,40.970001220703125,1196200
2020-02-20,40.88999938964844,40.970001220703125,40.099998474121094,40.56999969482422,40.56999969482422,1188800
2020-02-21,40.4900016784668,40.4900016784668,39.47999954223633,40.029998779296875,40.029998779296875,1013900
2020-02-24,38.5099983215332,39.099998474121094,38.09000015258789,38.7400016784668,38.7400016784668,1731400
2020-02-25,38.970001220703125,38.970001220703125,37.0099983215332,37.540000915527344,37.540000915527344,1338400
2020-02-26,37.630001068115234,38.630001068115234,37.06999969482422,37.2599983215332,37.2599983215332,1860100
2020-02-27,36.65999984741211,39.90999984741211,35.880001068115234,39.0099983215332,39.0099983215332,2906200
2020-02-28,38.31999969482422,39.619998931884766,37.880001068115234,39.209999084472656,39.209999084472656,1751700
2020-03-02,39.40999984741211,40.75,38.97999954223633,40.75,40.75,1853300
2020-03-03,40.599998474121094,40.709999084472656,38.2400016784668,39.2599983215332,39.2599983215332,1684500
2020-03-04,39.86000061035156,40.0,38.41999816894531,39.790000915527344,39.790000915527344,1219500
2020-03-05,39.040000915527344,40.439998626708984,38.400001525878906,38.959999084472656,38.959999084472656,1221500
2020-03-06,38.0,39.43000030517578,37.630001068115234,39.15999984741211,39.15999984741211,1251000
2020-03-09,37.0099983215332,38.86000061035156,36.0,37.290000915527344,37.290000915527344,1942800
2020-03-10,38.439998626708984,38.970001220703125,36.13999938964844,38.970001220703125,38.970001220703125,1713900
2020-03-11,38.0,38.290000915527344,35.68000030517578,36.7400016784668,36.7400016784668,2548500
2020-03-12,34.720001220703125,39.90999984741211,34.02000045776367,36.79999923706055,36.79999923706055,5340100
2020-03-13,38.08000183105469,38.2400016784668,34.68000030517578,36.099998474121094,36.099998474121094,3541000
2020-03-16,31.520000457763672,35.2400016784668,30.899999618530273,31.5,31.5,2673100
2020-03-17,31.700000762939453,32.560001373291016,29.549999237060547,32.310001373291016,32.310001373291016,2950400
2020-03-18,30.239999771118164,31.5,25.889999389648438,27.709999084472656,27.709999084472656,2789600
2020-03-19,27.5,31.829999923706055,26.520000457763672,30.0,30.0,2946800
2020-03-20,30.5,33.47999954223633,29.5,29.639999389648438,29.639999389648438,4135900
2020-03-23,30.1299991607666,34.95000076293945,29.229999542236328,34.13999938964844,34.13999938964844,2954600
2020-03-24,35.779998779296875,36.45000076293945,33.459999084472656,34.150001525878906,34.150001525878906,2627000
2020-03-25,33.88999938964844,36.5,33.0099983215332,34.029998779296875,34.029998779296875,2477400
2020-03-26,34.540000915527344,37.04999923706055,34.459999084472656,36.65999984741211,36.65999984741211,2431200
2020-03-27,35.619998931884766,37.099998474121094,34.54999923706055,36.2599983215332,36.2599983215332,1553000
2020-03-30,36.369998931884766,37.5,36.2400016784668,36.5,36.5,2215900
2020-03-31,36.130001068115234,36.959999084472656,34.939998626708984,35.779998779296875,35.779998779296875,2601800
2020-04-01,34.95000076293945,35.279998779296875,33.77000045776367,34.130001068115234,34.130001068115234,1783400
2020-04-02,33.52000045776367,35.369998931884766,33.439998626708984,33.959999084472656,33.959999084472656,1627100
2020-04-03,33.5099983215332,34.349998474121094,32.529998779296875,34.25,34.25,1769100
2020-04-06,35.06999969482422,35.36000061035156,33.54999923706055,34.93000030517578,34.93000030517578,1796100
2020-04-07,35.66999816894531,36.959999084472656,34.90999984741211,35.130001068115234,35.130001068115234,1657900
2020-04-08,35.75,37.31999969482422,35.5,36.84000015258789,36.84000015258789,2088100
2020-04-09,37.22999954223633,37.689998626708984,36.099998474121094,37.650001525878906,37.650001525878906,1684900
2020-04-13,37.65999984741211,38.349998474121094,36.02000045776367,38.099998474121094,38.099998474121094,1342600
2020-04-14,38.56999969482422,40.279998779296875,38.41999816894531,39.65999984741211,39.65999984741211,3119000
2020-04-15,38.97999954223633,40.040000915527344,38.5,39.75,39.75,1830700
2020-04-16,36.900001525878906,38.54999923706055,34.939998626708984,35.869998931884766,35.869998931884766,2872300
2020-04-17,36.650001525878906,37.439998626708984,36.02000045776367,36.75,36.75,1439300
2020-04-20,36.18000030517578,37.34000015258789,36.18000030517578,36.41999816894531,36.41999816894531,1228800
2020-04-21,36.0099983215332,36.400001525878906,34.93000030517578,35.65999984741211,35.65999984741211,1106200
2020-04-22,36.709999084472656,37.27000045776367,36.5,36.79999923706055,36.79999923706055,1314800
2020-04-23,36.84000015258789,38.029998779296875,36.56999969482422,37.81999969482422,37.81999969482422,1402500
2020-04-24,38.31999969482422,39.59000015258789,37.91999816894531,39.470001220703125,39.470001220703125,1301700
2020-04-27,40.13999938964844,42.290000915527344,40.0099983215332,41.849998474121094,41.849998474121094,1501000
2020-04-28,42.70000076293945,43.290000915527344,40.779998779296875,41.150001525878906,41.150001525878906,2494500
2020-04-29,41.81999969482422,42.689998626708984,40.20000076293945,42.02000045776367,42.02000045776367,1902000
2020-04-30,41.66999816894531,43.2400016784668,41.540000915527344,42.75,42.75,1449100
2020-05-01,41.869998931884766,42.45000076293945,41.650001525878906,42.36000061035156,42.36000061035156,2447700
2020-05-04,41.93000030517578,44.310001373291016,41.2400016784668,43.790000915527344,43.790000915527344,3565000
2020-05-05,53.599998474121094,61.33000183105469,53.0,57.91999816894531,57.91999816894531,38518000
2020-05-06,58.65999984741211,62.11000061035156,57.29999923706055,60.400001525878906,60.400001525878906,16087100
2020-05-07,60.4900016784668,60.650001525878906,58.11000061035156,59.38999938964844,59.38999938964844,5131000
2020-05-08,59.93000030517578,63.5,59.22999954223633,63.130001068115234,63.130001068115234,5949300
2020-05-11,62.4900016784668,63.900001525878906,61.150001525878906,61.16999816894531,61.16999816894531,3645700
2020-05-12,61.470001220703125,65.41999816894531,60.40999984741211,61.90999984741211,61.90999984741211,4288400
2020-05-13,63.18000030517578,66.4000015258789,62.31999969482422,64.80999755859375,64.80999755859375,5672500
2020-05-14,64.02999877929688,66.87000274658203,62.54999923706055,65.30000305175781,65.30000305175781,4377600
2020-05-15,64.91999816894531,67.9800033569336,64.36000061035156,66.66000366210938,66.66000366210938,3493300
2020-05-18,66.19000244140625,66.87000274658203,61.439998626708984,62.20000076293945,62.20000076293945,5423100
2020-05-19,62.54999923706055,63.52000045776367,61.0,61.029998779296875,61.029998779296875,2899300
2020-05-20,62.34000015258789,63.220001220703125,61.66999816894531,63.0099983215332,63.0099983215332,2410600
2020-05-21,63.54999923706055,64.26000213623047,61.58000183105469,62.790000915527344,62.790000915527344,2039900
2020-05-22,64.2300033569336,65.98999786376953,63.349998474121094,64.91000366210938,64.91000366210938,2491700
2020-05-26,65.75,65.95999908447266,61.81999969482422,62.099998474121094,62.099998474121094,2414500
2020-05-27,61.939998626708984,62.11000061035156,55.70000076293945,60.7400016784668,60.7400016784668,4240600
2020-05-28,60.560001373291016,63.849998474121094,60.04999923706055,60.470001220703125,60.470001220703125,3591800
2020-05-29,60.63999938964844,62.06999969482422,59.540000915527344,61.08000183105469,61.08000183105469,2524700
2020-06-01,61.79999923706055,63.81999969482422,61.08000183105469,62.43000030517578,62.43000030517578,4473400
2020-06-02,62.68000030517578,65.38999938964844,62.0,62.560001373291016,62.560001373291016,3467500
2020-06-03,62.29999923706055,62.810001373291016,58.5099983215332,61.400001525878906,61.400001525878906,3521100
2020-06-04,60.86000061035156,61.27000045776367,57.709999084472656,58.34000015258789,58.34000015258789,3159400
2020-06-05,57.95000076293945,59.529998779296875,57.08000183105469,58.540000915527344,58.540000915527344,2499100
2020-06-08,57.58000183105469,57.90999984741211,55.86000061035156,57.7400016784668,57.7400016784668,3748500
2020-06-09,58.310001373291016,58.720001220703125,56.4900016784668,56.900001525878906,56.900001525878906,2041300
2020-06-10,57.04999923706055,60.029998779296875,56.84000015258789,58.84000015258789,58.84000015258789,3188000
2020-06-11,57.91999816894531,59.790000915527344,56.18000030517578,56.81999969482422,56.81999969482422,2547700
2020-06-12,58.220001220703125,58.220001220703125,54.849998474121094,56.900001525878906,56.900001525878906,2583400
2020-06-15,57.43000030517578,59.869998931884766,56.900001525878906,59.369998931884766,59.369998931884766,3073700
2020-06-16,60.36000061035156,61.0,57.97999954223633,60.38999938964844,60.38999938964844,2870700
2020-06-17,62.150001525878906,64.77999877929688,61.619998931884766,63.869998931884766,63.869998931884766,5304800
2020-06-18,63.66999816894531,64.5,61.90999984741211,63.11000061035156,63.11000061035156,2229700
2020-06-19,64.44000244140625,69.05000305175781,63.849998474121094,67.80999755859375,67.80999755859375,7674800
2020-06-22,69.2699966430664,70.56999969482422,66.91999816894531,69.83000183105469,69.83000183105469,5303600
2020-06-23,70.13999938964844,70.41999816894531,66.54000091552734,66.72000122070312,66.72000122070312,4236800
2020-06-24,66.16000366210938,67.27999877929688,62.599998474121094,64.1500015258789,64.1500015258789,3542400
2020-06-25,64.5,65.0,62.52000045776367,64.94999694824219,64.94999694824219,4043100
2020-06-26,64.8499984741211,66.20999908447266,64.29000091552734,65.41999816894531,65.41999816894531,15315300
2020-06-29,65.69999694824219,68.27999877929688,63.689998626708984,66.7300033569336,66.7300033569336,3897600
2020-06-30,66.23999786376953,68.19000244140625,66.19999694824219,67.26000213623047,67.26000213623047,2763200
2020-07-01,67.26000213623047,68.91999816894531,66.12000274658203,68.08000183105469,68.08000183105469,2222700
2020-07-02,69.0,71.23999786376953,68.16999816894531,70.19999694824219,70.19999694824219,4315200
2020-07-06,71.33999633789062,72.75,70.33000183105469,71.2699966430664,71.2699966430664,4497900
2020-07-07,71.0,72.44999694824219,69.6500015258789,71.23999786376953,71.23999786376953,2778600
2020-07-08,71.73999786376953,73.77999877929688,71.13999938964844,72.79000091552734,72.79000091552734,2143100
2020-07-09,74.0,74.0,71.20999908447266,72.80999755859375,72.80999755859375,2077900
2020-07-10,73.9000015258789,75.23999786376953,73.01000213623047,75.0199966430664,75.0199966430664,2394200
2020-07-13,77.12000274658203,77.41999816894531,70.05999755859375,70.45999908447266,70.45999908447266,4825900
2020-07-14,70.0,71.41999816894531,67.06999969482422,69.19999694824219,69.19999694824219,3068500
2020-07-15,69.0199966430664,71.23999786376953,68.0,70.91000366210938,70.91000366210938,1954700
2020-07-16,70.0,71.62999725341797,69.06999969482422,71.0,71.0,1575300
2020-07-17,71.8499984741211,73.5,71.0199966430664,73.0,73.0,1756100
2020-07-20,73.5,77.9000015258789,73.5,76.94000244140625,76.94000244140625,2906700
2020-07-21,77.01000213623047,77.63999938964844,75.95999908447266,76.58000183105469,76.58000183105469,2403700
2020-07-22,76.58000183105469,77.2300033569336,74.88999938964844,76.0,76.0,1212300
2020-07-23,77.05000305175781,79.08999633789062,73.16000366210938,74.62999725341797,74.62999725341797,2950800
2020-07-24,73.45999908447266,74.22000122070312,71.41000366210938,73.41999816894531,73.41999816894531,1895600
2020-07-27,74.30000305175781,75.1500015258789,73.12999725341797,74.30000305175781,74.30000305175781,1164800
2020-07-28,74.37999725341797,74.45999908447266,72.55000305175781,72.83999633789062,72.83999633789062,2469700
2020-07-29,74.41000366210938,75.44999694824219,73.55999755859375,74.98999786376953,74.98999786376953,2535900
2020-07-30,74.62000274658203,79.25,74.5,78.45999908447266,78.45999908447266,2880200
2020-07-31,80.0,81.02999877929688,78.36000061035156,80.97000122070312,80.97000122070312,3296800
2020-08-03,84.5999984741211,87.97000122070312,83.2300033569336,85.93000030517578,85.93000030517578,9526700
2020-08-04,86.91999816894531,87.87999725341797,80.45999908447266,85.18000030517578,85.18000030517578,9735900
2020-08-05,85.44000244140625,86.27999877929688,83.5199966430664,85.11000061035156,85.11000061035156,2749800
2020-08-06,85.61000061035156,86.4800033569336,83.33999633789062,84.81999969482422,84.81999969482422,2329600
2020-08-07,85.06999969482422,89.81999969482422,84.83999633789062,86.9800033569336,86.9800033569336,4262100
2020-08-10,87.9000015258789,88.31999969482422,79.80000305175781,81.52999877929688,81.52999877929688,3888100
2020-08-11,79.91000366210938,80.1500015258789,76.4000015258789,76.95999908447266,76.95999908447266,4344100
2020-08-12,77.25,77.62000274658203,73.93000030517578,74.5,74.5,5134500
2020-08-13,74.08999633789062,79.11000061035156,74.04000091552734,76.86000061035156,76.86000061035156,3297000
2020-08-14,77.01000213623047,78.0,76.0999984741211,77.13999938964844,77.13999938964844,1306500
2020-08-17,78.44000244140625,79.94000244140625,77.88999938964844,79.70999908447266,79.70999908447266,2178800
2020-08-18,81.7699966430664,82.06999969482422,76.45999908447266,78.22000122070312,78.22000122070312,5182200
2020-08-19,77.37000274658203,78.94000244140625,75.69000244140625,77.62000274658203,77.62000274658203,5798100
2020-08-20,77.37000274658203,78.0,76.2300033569336,77.9000015258789,77.9000015258789,3488500
2020-08-21,78.30000305175781,79.01000213623047,77.12999725341797,77.79000091552734,77.79000091552734,2923600
2020-08-24,78.19000244140625,78.66999816894531,72.05000305175781,73.45999908447266,73.45999908447266,5309800
2020-08-25,72.8499984741211,75.77999877929688,72.62999725341797,75.4800033569336,75.4800033569336,3176800
2020-08-26,76.2300033569336,76.9800033569336,75.01000213623047,76.33999633789062,76.33999633789062,2744600
2020-08-27,75.93000030517578,76.13999938964844,73.80000305175781,75.19999694824219,75.19999694824219,2352100
2020-08-28,75.62999725341797,75.91000366210938,72.7699966430664,72.95999908447266,72.95999908447266,2228000
2020-08-31,73.25,73.95999908447266,71.9000015258789,73.73999786376953,73.73999786376953,4158800
2020-09-01,74.75,77.41999816894531,74.58000183105469,76.58000183105469,76.58000183105469,2537200
2020-09-02,77.7300033569336,78.29000091552734,74.12999725341797,77.95999908447266,77.95999908447266,4181000
2020-09-03,76.0999984741211,76.36000061035156,68.30000305175781,69.9000015258789,69.9000015258789,5068400
2020-09-04,68.94999694824219,69.76000213623047,63.52000045776367,67.94000244140625,67.94000244140625,4104000
2020-09-08,65.87999725341797,68.33000183105469,64.72000122070312,66.01000213623047,66.01000213623047,2494600
2020-09-09,67.12000274658203,68.83000183105469,66.13999938964844,68.0199966430664,68.0199966430664,2343600
2020-09-10,68.2699966430664,69.1500015258789,64.91000366210938,65.52999877929688,65.52999877929688,2035700
2020-09-11,66.5,67.44000244140625,64.69999694824219,65.6500015258789,65.6500015258789,2096400
2020-09-14,66.58999633789062,66.58999633789062,64.5999984741211,66.01000213623047,66.01000213623047,1456600
2020-09-15,66.9000015258789,67.13999938964844,65.25,66.38999938964844,66.38999938964844,1741400
2020-09-16,66.91999816894531,67.58999633789062,65.2699966430664,66.2300033569336,66.2300033569336,1649400
2020-09-17,65.08000183105469,65.54000091552734,63.560001373291016,65.26000213623047,65.26000213623047,1801800
2020-09-18,66.02999877929688,66.37000274658203,62.84000015258789,64.0999984741211,64.0999984741211,2393900
2020-09-21,63.7599983215332,68.22000122070312,63.75,68.05000305175781,68.05000305175781,4984700
2020-09-22,67.54000091552734,68.62000274658203,64.9000015258789,68.48999786376953,68.48999786376953,3868100
2020-09-23,68.5199966430664,71.5199966430664,68.45999908447266,69.94999694824219,69.94999694824219,2201000
2020-09-24,69.16999816894531,69.69000244140625,66.80999755859375,67.94000244140625,67.94000244140625,1802700
2020-09-25,68.30000305175781,70.2699966430664,67.88999938964844,69.66000366210938,69.66000366210938,1026200
2020-09-28,70.23999786376953,71.95999908447266,70.0,70.79000091552734,70.79000091552734,1632100
2020-09-29,70.86000061035156,72.1500015258789,70.2300033569336,71.69000244140625,71.69000244140625,981100
2020-09-30,71.47000122070312,72.55999755859375,70.44999694824219,71.44000244140625,71.44000244140625,1367800
2020-10-01,72.44000244140625,74.70999908447266,71.98999786376953,74.51000213623047,74.51000213623047,1519300
2020-10-02,73.05000305175781,74.4800033569336,72.22000122070312,72.56999969482422,72.56999969482422,1298700
2020-10-05,72.7699966430664,75.13999938964844,71.54000091552734,74.76000213623047,74.76000213623047,1942700
2020-10-06,75.26000213623047,78.0,75.0199966430664,76.16999816894531,76.16999816894531,1770600
2020-10-07,77.01000213623047,80.04000091552734,76.98999786376953,79.72000122070312,79.72000122070312,1894500
2020-10-08,80.04000091552734,81.16999816894531,78.79000091552734,79.94000244140625,79.94000244140625,1497800
2020-10-09,80.0999984741211,82.25,79.91000366210938,81.37999725341797,81.37999725341797,951400
2020-10-12,82.41999816894531,83.16000366210938,81.2300033569336,82.8499984741211,82.8499984741211,1437500
2020-10-13,83.47000122070312,86.2300033569336,83.11000061035156,85.83999633789062,85.83999633789062,2436300
2020-10-14,85.22000122070312,86.0,83.19999694824219,84.0,84.0,1580100
2020-10-15,82.75,84.58000183105469,81.91000366210938,84.05999755859375,84.05999755859375,1650200
2020-10-16,85.19999694824219,85.93000030517578,84.33999633789062,84.38999938964844,84.38999938964844,1289400
2020-10-19,85.5,88.2699966430664,85.33000183105469,86.33999633789062,86.33999633789062,1378700
2020-10-20,86.52999877929688,88.23999786376953,85.86000061035156,87.0199966430664,87.0199966430664,1226000
2020-10-21,88.33000183105469,89.08000183105469,85.19999694824219,86.08000183105469,86.08000183105469,1696500
2020-10-22,86.16999816894531,88.72000122070312,84.56999969482422,86.55000305175781,86.55000305175781,2421900
2020-10-23,86.08999633789062,87.0,85.2300033569336,86.76000213623047,86.76000213623047,1905500
2020-10-26,87.02999877929688,89.98999786376953,84.80000305175781,86.69000244140625,86.69000244140625,3912100
2020-10-27,80.33999633789062,82.23999786376953,75.81999969482422,77.11000061035156,77.11000061035156,8561800
2020-10-28,75.66000366210938,77.2300033569336,74.76000213623047,76.16999816894531,76.16999816894531,2350200
2020-10-29,76.80000305175781,76.9000015258789,74.38999938964844,74.83999633789062,74.83999633789062,1488500
2020-10-30,74.47000122070312,75.70999908447266,72.54000091552734,73.44000244140625,73.44000244140625,2257900
2020-11-02,74.8499984741211,75.5199966430664,71.91999816894531,72.87999725341797,72.87999725341797,1529500
2020-11-03,73.66000366210938,74.47000122070312,72.51000213623047,73.16999816894531,73.16999816894531,1136000
2020-11-04,75.27999877929688,77.58999633789062,73.80000305175781,76.5999984741211,76.5999984741211,1673700
2020-11-05,78.25,78.98999786376953,77.05999755859375,78.0,78.0,1491800
2020-11-06,77.02999877929688,77.91000366210938,75.0,77.2300033569336,77.2300033569336,1216400
2020-11-09,71.51000213623047,71.91999816894531,65.27999877929688,69.51000213623047,69.51000213623047,4495800
2020-11-10,68.47000122070312,68.98999786376953,64.80000305175781,66.08999633789062,66.08999633789062,3600200
2020-11-11,67.8499984741211,71.08999633789062,67.58000183105469,69.68000030517578,69.68000030517578,2920200
2020-11-12,70.0,72.37999725341797,70.0,70.75,70.75,2315800
2020-11-13,70.97000122070312,71.88999938964844,69.58999633789062,70.38999938964844,70.38999938964844,1412800
2020-11-16,67.79000091552734,70.38999938964844,67.27999877929688,67.9000015258789,67.9000015258789,2563300
2020-11-17,68.4800033569336,69.02999877929688,66.9000015258789,68.05000305175781,68.05000305175781,2325500
2020-11-18,68.05000305175781,70.0,67.0999984741211,69.04000091552734,69.04000091552734,2096500
2020-11-19,69.58999633789062,71.55999755859375,69.58999633789062,70.56999969482422,70.56999969482422,2045200
2020-11-20,70.98999786376953,72.76000213623047,70.41999816894531,71.0199966430664,71.0199966430664,2091800
2020-11-23,70.83000183105469,71.73999786376953,70.41999816894531,71.33000183105469,71.33000183105469,2399200
2020-11-24,70.69999694824219,71.48999786376953,68.0999984741211,68.7300033569336,68.7300033569336,1989800
2020-11-25,69.44000244140625,73.31999969482422,68.45999908447266,72.56999969482422,72.56999969482422,3978000
2020-11-27,73.5,75.25,72.75,75.01000213623047,75.01000213623047,1290400
2020-11-30,77.43000030517578,78.48999786376953,75.26000213623047,77.93000030517578,77.93000030517578,2914600
2020-12-01,78.5,78.80000305175781,76.37999725341797,78.4000015258789,78.4000015258789,1619800
2020-12-02,77.66999816894531,77.94000244140625,75.45999908447266,76.02999877929688,76.02999877929688,1745000
2020-12-03,75.55000305175781,78.27999877929688,75.5,76.12999725341797,76.12999725341797,1555600
2020-12-04,76.18000030517578,76.97000122070312,75.30000305175781,75.94000244140625,75.94000244140625,1155800
2020-12-07,76.94000244140625,78.94000244140625,76.23999786376953,78.4800033569336,78.4800033569336,1321800
2020-12-08,79.0,79.7699966430664,77.79000091552734,79.30999755859375,79.30999755859375,1026300
2020-12-09,79.80000305175781,81.87000274658203,77.62000274658203,78.44000244140625,78.44000244140625,1781900
2020-12-10,78.30000305175781,81.37000274658203,78.0,80.56999969482422,80.56999969482422,2193500
2020-12-11,80.95999908447266,82.75,80.06999969482422,81.94999694824219,81.94999694824219,1535200
2020-12-14,81.2699966430664,84.33000183105469,81.0,83.45999908447266,83.45999908447266,1701700
2020-12-15,83.54000091552734,86.30000305175781,82.86000061035156,85.66000366210938,85.66000366210938,1709500
2020-12-16,85.72000122070312,87.80999755859375,85.51000213623047,87.0199966430664,87.0199966430664,1573300
2020-12-17,87.77999877929688,88.70999908447266,86.26000213623047,87.4800033569336,87.4800033569336,2115000
2020-12-18,87.5,88.7699966430664,86.30000305175781,87.5,87.5,2107800
2020-12-21,87.94999694824219,90.88999938964844,86.56999969482422,90.61000061035156,90.61000061035156,3225500
2020-12-22,91.05000305175781,95.19999694824219,90.31999969482422,93.88999938964844,93.88999938964844,2856900
2020-12-23,93.61000061035156,94.48999786376953,92.02999877929688,93.08000183105469,93.08000183105469,1468200
2020-12-24,92.47000122070312,93.87000274658203,91.6500015258789,92.41000366210938,92.41000366210938,561000
2020-12-28,93.19000244140625,93.69000244140625,90.31999969482422,91.70999908447266,91.70999908447266,1251100
2020-12-29,92.22000122070312,92.54000091552734,87.06999969482422,88.52999877929688,88.52999877929688,1488000
2020-12-30,89.2300033569336,91.75,88.91000366210938,90.56999969482422,90.56999969482422,1331700
2020-12-31,91.06999969482422,91.38999938964844,89.5999984741211,90.33000183105469,90.33000183105469,820800
2021-01-04,90.25,90.54000091552734,85.87000274658203,87.33000183105469,87.33000183105469,1576700
2021-01-05,87.51000213623047,91.0999984741211,86.98999786376953,90.8499984741211,90.8499984741211,2159400
2021-01-06,88.36000061035156,92.2300033569336,87.72000122070312,89.56999969482422,89.56999969482422,1658100
2021-01-07,90.0,92.48999786376953,89.75,91.22000122070312,91.22000122070312,1054900
2021-01-08,92.79000091552734,96.88999938964844,92.29000091552734,96.62999725341797,96.62999725341797,2908600
2021-01-11,95.0,98.58999633789062,94.55000305175781,96.5199966430664,96.5199966430664,1622700
2021-01-12,97.18000030517578,98.54000091552734,96.5199966430664,97.94999694824219,97.94999694824219,1017600
2021-01-13,98.75,99.48999786376953,97.26000213623047,98.41999816894531,98.41999816894531,1038900
2021-01-14,100.0,101.25,98.47000122070312,100.44999694824219,100.44999694824219,1688800
2021-01-15,102.06999969482422,104.81999969482422,97.44000244140625,97.7699966430664,97.7699966430664,2003300
2021-01-19,98.20999908447266,100.69999694824219,96.66000366210938,99.62999725341797,99.62999725341797,1719200
2021-01-20,100.58000183105469,101.86000061035156,98.91999816894531,100.04000091552734,100.04000091552734,1462200
2021-01-21,101.48999786376953,102.12000274658203,99.25,100.3499984741211,100.3499984741211,1218700
2021-01-22,99.3499984741211,99.97000122070312,95.91000366210938,96.87000274658203,96.87000274658203,2006500
2021-01-25,98.4800033569336,99.11000061035156,94.44000244140625,95.81999969482422,95.81999969482422,1712300
2021-01-26,97.54000091552734,104.0,97.08000183105469,100.16999816894531,100.16999816894531,2754900
2021-01-27,96.56999969482422,97.08999633789062,90.51000213623047,93.26000213623047,93.26000213623047,2004200
2021-01-28,93.86000061035156,96.75,92.47000122070312,94.16999816894531,94.16999816894531,3112900
2021-01-29,95.80000305175781,95.98999786376953,91.4000015258789,95.26000213623047,95.26000213623047,1152700
2021-02-01,96.13999938964844,97.62999725341797,94.69000244140625,95.80999755859375,95.80999755859375,980600
2021-02-02,96.63999938964844,99.52999877929688,96.55999755859375,98.5,98.5,1510300
2021-02-03,99.33999633789062,100.01000213623047,97.55999755859375,99.16999816894531,99.16999816894531,1275200
2021-02-04,99.55000305175781,101.20999908447266,98.58000183105469,99.87999725341797,99.87999725341797,1063200
2021-02-05,100.51000213623047,103.13999938964844,100.45999908447266,102.1500015258789,102.1500015258789,1318900
2021-02-08,104.0,105.12000274658203,101.22000122070312,102.0,102.0,2438600
2021-02-09,106.43000030517578,111.94999694824219,100.0999984741211,102.3499984741211,102.3499984741211,5681900
2021-02-10,104.30999755859375,106.45999908447266,101.02999877929688,105.02999877929688,105.02999877929688,1965900
2021-02-11,105.0,107.44999694824219,102.69999694824219,106.37000274658203,106.37000274658203,1730000
2021-02-12,106.26000213623047,113.95999908447266,105.9800033569336,113.51000213623047,113.51000213623047,2383000
2021-02-16,113.43000030517578,115.20999908447266,109.72000122070312,112.0,112.0,1692800
2021-02-17,107.0199966430664,108.0,101.3499984741211,103.45999908447266,103.45999908447266,2279200
2021-02-18,102.73999786376953,106.83000183105469,101.11000061035156,105.6500015258789,105.6500015258789,5970800
2021-02-19,107.41999816894531,109.83000183105469,106.12000274658203,108.77999877929688,108.77999877929688,2698300
2021-02-22,108.08999633789062,108.2699966430664,102.81999969482422,103.77999877929688,103.77999877929688,2777800
2021-02-23,99.98999786376953,102.18000030517578,96.5199966430664,99.37000274658203,99.37000274658203,4258700
2021-02-24,98.94999694824219,100.19000244140625,96.4000015258789,98.1500015258789,98.1500015258789,1608800
2021-02-25,98.16000366210938,98.77999877929688,91.58999633789062,93.3499984741211,93.3499984741211,2323800
2021-02-26,95.87000274658203,97.5999984741211,93.18000030517578,96.52999877929688,96.52999877929688,1718000
2021-03-01,98.4000015258789,99.44000244140625,96.91000366210938,99.05000305175781,99.05000305175781,1075000
2021-03-02,100.18000030517578,100.19000244140625,97.37999725341797,97.58999633789062,97.58999633789062,2698900
2021-03-03,96.20999908447266,96.8499984741211,87.27999877929688,89.66999816894531,89.66999816894531,4613600
2021-03-04,89.16999816894531,90.7699966430664,86.08999633789062,88.58999633789062,88.58999633789062,3374200
2021-03-05,88.94000244140625,88.94000244140625,81.44999694824219,87.55000305175781,87.55000305175781,3025400
2021-03-08,87.0,87.8499984741211,80.4800033569336,81.61000061035156,81.61000061035156,2254700
2021-03-09,85.05999755859375,87.52999877929688,84.2300033569336,85.94000244140625,85.94000244140625,1949500
2021-03-10,87.37000274658203,88.54000091552734,84.0,84.22000122070312,84.22000122070312,2074300
2021-03-11,87.43000030517578,90.83999633789062,86.86000061035156,89.18000030517578,89.18000030517578,2510800
2021-03-12,86.5,89.83999633789062,86.0,89.19999694824219,89.19999694824219,1614500
2021-03-15,90.0,91.68000030517578,88.56999969482422,91.62999725341797,91.62999725341797,1428300
2021-03-16,92.66999816894531,95.1500015258789,91.51000213623047,91.98999786376953,91.98999786376953,1805700
2021-03-17,89.72000122070312,95.38999938964844,88.83999633789062,93.95999908447266,93.95999908447266,1694200
2021-03-18,92.38999938964844,93.91999816894531,89.44999694824219,90.3499984741211,90.3499984741211,1786500
2021-03-19,89.36000061035156,92.27999877929688,88.4800033569336,91.69000244140625,91.69000244140625,1644800
2021-03-22,92.41000366210938,94.25,91.2300033569336,92.5999984741211,92.5999984741211,1194200
2021-03-23,92.38999938964844,93.13999938964844,90.26000213623047,91.05999755859375,91.05999755859375,1263300
2021-03-24,90.98999786376953,92.0,86.05000305175781,86.37000274658203,86.37000274658203,1209200
2021-03-25,85.0,87.43000030517578,84.25,86.2300033569336,86.2300033569336,1142600
2021-03-26,86.13999938964844,86.88999938964844,82.33999633789062,85.30000305175781,85.30000305175781,1406700
2021-03-29,84.4000015258789,84.98999786376953,80.33000183105469,81.37000274658203,81.37000274658203,1657500
2021-03-30,81.88999938964844,84.08999633789062,81.16999816894531,83.44000244140625,83.44000244140625,1383100
2021-03-31,84.33000183105469,86.4800033569336,83.58999633789062,85.66000366210938,85.66000366210938,1178300
2021-04-01,88.0,89.08999633789062,87.5199966430664,88.25,88.25,1201800
2021-04-05,89.05999755859375,89.69000244140625,87.5199966430664,89.0199966430664,89.0199966430664,1224700
2021-04-06,89.98999786376953,91.55000305175781,89.2699966430664,90.4000015258789,90.4000015258789,1177600
2021-04-07,90.12000274658203,90.37999725341797,87.87000274658203,88.38999938964844,88.38999938964844,863000
2021-04-08,89.75,90.0199966430664,88.5999984741211,89.6500015258789,89.6500015258789,889500
2021-04-09,88.98999786376953,89.69999694824219,87.13999938964844,89.62999725341797,89.62999725341797,607400
2021-04-12,88.72000122070312,89.31999969482422,87.18000030517578,88.98999786376953,88.98999786376953,829800
2021-04-13,90.0,91.9000015258789,89.18000030517578,90.83000183105469,90.83000183105469,1169300
2021-04-14,90.81999969482422,92.19999694824219,89.02999877929688,89.16000366210938,89.16000366210938,1357100
2021-04-15,90.0,92.37000274658203,89.33000183105469,91.77999877929688,91.77999877929688,1024500
2021-04-16,92.45999908447266,92.7300033569336,90.45999908447266,92.19999694824219,92.19999694824219,666700
2021-04-19,91.0,91.54000091552734,89.01000213623047,89.9800033569336,89.9800033569336,1000600
2021-04-20,90.68000030517578,91.43000030517578,88.58999633789062,90.94000244140625,90.94000244140625,1084800
2021-04-21,90.13999938964844,93.25,89.52999877929688,92.62000274658203,92.62000274658203,936600
2021-04-22,92.76000213623047,95.5999984741211,92.55999755859375,93.19000244140625,93.19000244140625,2415900
2021-04-23,93.19999694824219,93.97000122070312,91.0,92.02999877929688,92.02999877929688,1586900
2021-04-26,93.37000274658203,95.98999786376953,92.69999694824219,95.97000122070312,95.97000122070312,981300
2021-04-27,96.4000015258789,96.80000305175781,93.94999694824219,94.43000030517578,94.43000030517578,836800
2021-04-28,94.5,96.45999908447266,93.5999984741211,95.4000015258789,95.4000015258789,886600
2021-04-29,96.2300033569336,96.94000244140625,91.51000213623047,92.27999877929688,92.27999877929688,835200
2021-04-30,91.33000183105469,92.73999786376953,89.79000091552734,90.33000183105469,90.33000183105469,1126200
2021-05-03,91.11000061035156,91.5199966430664,83.01000213623047,83.01000213623047,83.01000213623047,3692000
2021-05-04,85.75,88.08000183105469,80.16000366210938,83.18000030517578,83.18000030517578,5324100
2021-05-05,83.61000061035156,87.62000274658203,83.33999633789062,86.0199966430664,86.0199966430664,2689900
2021-05-06,85.12999725341797,85.9000015258789,83.38999938964844,84.76000213623047,84.76000213623047,2136400
2021-05-07,85.87999725341797,88.19000244140625,84.77999877929688,85.16000366210938,85.16000366210938,1126700
2021-05-10,84.19000244140625,84.68000030517578,81.58000183105469,82.13999938964844,82.13999938964844,1232800
2021-05-11,79.1500015258789,83.38999938964844,77.51000213623047,82.38999938964844,82.38999938964844,1805500
2021-05-12,80.66000366210938,81.88999938964844,78.62999725341797,79.69000244140625,79.69000244140625,1703900
2021-05-13,81.01000213623047,81.5999984741211,75.08000183105469,76.06999969482422,76.06999969482422,2464400
2021-05-14,77.33000183105469,78.5999984741211,76.33999633789062,77.3499984741211,77.3499984741211,4143400
2021-05-17,76.58000183105469,77.05999755859375,74.41999816894531,75.70999908447266,75.70999908447266,2303100
2021-05-18,76.45999908447266,78.62999725341797,76.27999877929688,76.72000122070312,76.72000122070312,1710500
2021-05-19,75.13999938964844,75.16999816894531,72.5,75.01000213623047,75.01000213623047,2204500
2021-05-20,75.44000244140625,77.4800033569336,75.44000244140625,76.11000061035156,76.11000061035156,1869000
2021-05-21,75.08999633789062,75.73999786376953,73.63999938964844,73.8499984741211,73.8499984741211,2197200
2021-05-24,74.62999725341797,74.7699966430664,72.91000366210938,73.98999786376953,73.98999786376953,1722200
2021-05-25,74.44999694824219,75.55000305175781,73.51000213623047,74.7699966430664,74.7699966430664,2069600
2021-05-26,74.87999725341797,77.0,74.68000030517578,76.31999969482422,76.31999969482422,1422500
2021-05-27,76.30000305175781,77.68000030517578,75.27999877929688,77.04000091552734,77.04000091552734,1443500
2021-05-28,76.70999908447266,77.73999786376953,76.4800033569336,76.91000366210938,76.91000366210938,910500
2021-06-01,76.86000061035156,77.5,75.36000061035156,76.31999969482422,76.31999969482422,1332000
2021-06-02,76.05999755859375,76.5999984741211,75.25,76.33999633789062,76.33999633789062,827500
2021-06-03,75.81999969482422,76.0999984741211,73.62999725341797,73.83000183105469,73.83000183105469,1876500
2021-06-04,74.43000030517578,74.76000213623047,72.41000366210938,72.77999877929688,72.77999877929688,1162500
2021-06-07,72.5,74.94000244140625,71.66000366210938,74.61000061035156,74.61000061035156,1676100
2021-06-08,75.04000091552734,75.87999725341797,74.2699966430664,75.33999633789062,75.33999633789062,1116100
2021-06-09,75.94999694824219,76.33000183105469,74.52999877929688,74.54000091552734,74.54000091552734,604000
2021-06-10,74.5,76.44000244140625,74.29000091552734,76.08999633789062,76.08999633789062,688700
2021-06-11,76.41000366210938,76.87999725341797,75.86000061035156,76.75,76.75,1060800
2021-06-14,77.08999633789062,79.05000305175781,77.0,77.91999816894531,77.91999816894531,879300
2021-06-15,77.47000122070312,77.81999969482422,75.80999755859375,76.5199966430664,76.5199966430664,814500
2021-06-16,76.26000213623047,77.9800033569336,75.61000061035156,76.80999755859375,76.80999755859375,1147900
2021-06-17,76.41999816894531,79.4800033569336,76.41999816894531,78.5199966430664,78.5199966430664,1576100
2021-06-18,78.8499984741211,80.62000274658203,78.63999938964844,79.98999786376953,79.98999786376953,1689200
2021-06-21,79.44000244140625,81.2699966430664,78.61000061035156,80.04000091552734,80.04000091552734,1204600
2021-06-22,80.04000091552734,81.12000274658203,79.61000061035156,81.08999633789062,81.08999633789062,1013100
2021-06-23,81.19999694824219,82.2300033569336,81.08999633789062,81.43000030517578,81.43000030517578,790300
2021-06-24,82.54000091552734,84.05000305175781,82.0999984741211,82.69999694824219,82.69999694824219,1120300
2021-06-25,83.0,83.79000091552734,81.8499984741211,82.94999694824219,82.94999694824219,2148000
2021-06-28,83.4800033569336,85.11000061035156,83.37999725341797,84.61000061035156,84.61000061035156,1220400
2021-06-29,84.5999984741211,85.63999938964844,83.7699966430664,84.93000030517578,84.93000030517578,1247900
2021-06-30,84.5,84.9800033569336,82.45999908447266,83.11000061035156,83.11000061035156,914300
2021-07-01,83.0,84.08999633789062,81.69000244140625,83.30000305175781,83.30000305175781,882300
2021-07-02,83.0999984741211,84.36000061035156,83.0999984741211,84.16999816894531,84.16999816894531,680400
2021-07-06,84.30000305175781,86.5,84.30000305175781,86.26000213623047,86.26000213623047,1038900
2021-07-07,87.08000183105469,87.8499984741211,85.41000366210938,85.47000122070312,85.47000122070312,1335900
2021-07-08,83.48999786376953,84.80999755859375,81.43000030517578,84.29000091552734,84.29000091552734,909900
2021-07-09,84.5199966430664,86.13999938964844,83.9800033569336,85.23999786376953,85.23999786376953,683600
2021-07-12,85.23999786376953,86.16999816894531,83.4000015258789,84.51000213623047,84.51000213623047,619000
2021-07-13,84.62999725341797,85.87999725341797,83.76000213623047,84.66000366210938,84.66000366210938,631600
2021-07-14,85.08999633789062,85.5999984741211,81.26000213623047,81.43000030517578,81.43000030517578,825100
2021-07-15,81.55000305175781,82.5,80.20999908447266,81.47000122070312,81.47000122070312,869200
2021-07-16,81.66999816894531,82.95999908447266,81.08999633789062,81.58000183105469,81.58000183105469,900800
2021-07-19,80.3499984741211,84.19999694824219,80.0,83.5199966430664,83.5199966430664,1027800
2021-07-20,84.58000183105469,85.45999908447266,82.94999694824219,84.87000274658203,84.87000274658203,997100
2021-07-21,84.5199966430664,85.73999786376953,83.87999725341797,85.55999755859375,85.55999755859375,638300
2021-07-22,86.41000366210938,86.9000015258789,85.94000244140625,86.66000366210938,86.66000366210938,591400
2021-07-23,86.37000274658203,88.23999786376953,86.27999877929688,88.05999755859375,88.05999755859375,886100
2021-07-26,87.5,88.94000244140625,87.16000366210938,87.44000244140625,87.44000244140625,934500
2021-07-27,87.83000183105469,88.51000213623047,83.12000274658203,86.01000213623047,86.01000213623047,800800
2021-07-28,86.37999725341797,88.37000274658203,86.16999816894531,87.70999908447266,87.70999908447266,707200
2021-07-29,88.16999816894531,90.5,87.48999786376953,89.9000015258789,89.9000015258789,1171100
2021-07-30,89.13999938964844,90.29000091552734,88.26000213623047,88.62999725341797,88.62999725341797,982000
2021-08-02,89.12999725341797,89.5199966430664,86.56999969482422,89.47000122070312,89.47000122070312,824200
2021-08-03,89.55999755859375,89.83000183105469,87.95999908447266,88.45999908447266,88.45999908447266,882500
2021-08-04,88.87999725341797,89.69000244140625,87.41000366210938,88.55999755859375,88.55999755859375,667700
2021-08-05,88.80000305175781,88.80000305175781,86.75,87.18000030517578,87.18000030517578,886700
2021-08-06,86.44999694824219,86.58000183105469,83.62000274658203,83.94999694824219,83.94999694824219,919100
2021-08-09,83.86000061035156,83.86000061035156,79.43000030517578,79.77999877929688,79.77999877929688,2830200
2021-08-10,81.54000091552734,85.70999908447266,80.66000366210938,85.0,85.0,3196500
2021-08-11,85.02999877929688,85.02999877929688,81.2699966430664,83.16000366210938,83.16000366210938,2124600
2021-08-12,82.63999938964844,82.9800033569336,81.0,82.4000015258789,82.4000015258789,1294300
2021-08-13,82.4000015258789,83.66000366210938,81.94000244140625,83.25,83.25,774200
2021-08-16,82.77999877929688,82.80000305175781,79.04000091552734,79.83999633789062,79.83999633789062,1643400
2021-08-17,79.12000274658203,80.11000061035156,76.9800033569336,80.02999877929688,80.02999877929688,1188800
2021-08-18,80.23999786376953,81.0,78.91000366210938,79.54000091552734,79.54000091552734,921500
2021-08-19,78.36000061035156,79.05000305175781,76.9800033569336,77.44000244140625,77.44000244140625,1107200
2021-08-20,77.5,78.94000244140625,77.5,78.86000061035156,78.86000061035156,575200
2021-08-23,79.11000061035156,81.29000091552734,79.01000213623047,80.30000305175781,80.30000305175781,865400
2021-08-24,80.33000183105469,81.19999694824219,79.83000183105469,80.93000030517578,80.93000030517578,776200
2021-08-25,81.0199966430664,81.3499984741211,79.81999969482422,80.63999938964844,80.63999938964844,691800
2021-08-26,80.81999969482422,82.25,79.94999694824219,80.70999908447266,80.70999908447266,875300
2021-08-27,80.55999755859375,82.44999694824219,80.3499984741211,81.20999908447266,81.20999908447266,563400
2021-08-30,81.7699966430664,83.20999908447266,81.29000091552734,83.16000366210938,83.16000366210938,916200
2021-08-31,82.97000122070312,83.4800033569336,81.31999969482422,83.22000122070312,83.22000122070312,986400
2021-09-01,82.94000244140625,84.6500015258789,82.69000244140625,83.33000183105469,83.33000183105469,1298800
2021-09-02,83.7300033569336,85.48999786376953,83.0,84.2300033569336,84.2300033569336,784100
2021-09-03,84.16000366210938,87.12999725341797,83.5999984741211,86.62000274658203,86.62000274658203,1453000
2021-09-07,86.69999694824219,87.0,81.72000122070312,81.86000061035156,81.86000061035156,2035000
2021-09-08,81.66999816894531,81.66999816894531,79.19999694824219,79.91999816894531,79.91999816894531,1432000
2021-09-09,79.41000366210938,80.91000366210938,79.41000366210938,79.83000183105469,79.83000183105469,737100
2021-09-10,80.13999938964844,80.62000274658203,78.4800033569336,78.54000091552734,78.54000091552734,862300
2021-09-13,78.19000244140625,78.2699966430664,76.08000183105469,77.0,77.0,1354000
2021-09-14,77.05999755859375,77.33000183105469,74.4800033569336,75.55999755859375,75.55999755859375,2070900
2021-09-15,75.37000274658203,75.37000274658203,72.6500015258789,74.1500015258789,74.1500015258789,2962500
2021-09-16,74.5,75.87999725341797,73.72000122070312,75.61000061035156,75.61000061035156,1686800
2021-09-17,76.75,78.88999938964844,76.75,78.25,78.25,2469200
2021-09-20,76.83000183105469,77.22000122070312,73.16000366210938,73.97000122070312,73.97000122070312,2497700
2021-09-21,73.98999786376953,75.55999755859375,73.97000122070312,74.47000122070312,74.47000122070312,1189100
2021-09-22,73.9800033569336,74.91000366210938,73.0199966430664,73.58000183105469,73.58000183105469,881800
2021-09-23,73.58999633789062,74.58999633789062,73.05000305175781,73.75,73.75,899700
2021-09-24,73.66000366210938,73.66999816894531,72.4000015258789,72.8499984741211,72.8499984741211,1033700
2021-09-27,72.02999877929688,72.8499984741211,70.27999877929688,72.0999984741211,72.0999984741211,1435900
2021-09-28,70.97000122070312,71.41000366210938,69.48999786376953,69.6500015258789,69.6500015258789,1396700
2021-09-29,70.08999633789062,70.38999938964844,67.81999969482422,67.95999908447266,67.95999908447266,1397200
2021-09-30,67.95999908447266,68.79000091552734,67.41999816894531,68.0199966430664,68.0199966430664,1539400
2021-10-01,68.2300033569336,69.05000305175781,67.08999633789062,68.62000274658203,68.62000274658203,1461400
2021-10-04,68.3499984741211,69.19000244140625,66.80999755859375,69.06999969482422,69.06999969482422,2172300
2021-10-05,69.4800033569336,71.30999755859375,69.25,69.95999908447266,69.95999908447266,1071300
2021-10-06,69.62000274658203,70.58999633789062,69.38999938964844,69.5999984741211,69.5999984741211,694600
2021-10-07,68.5,68.88999938964844,66.2699966430664,66.41999816894531,66.41999816894531,2854400
2021-10-08,66.55000305175781,66.5999984741211,62.34000015258789,63.66999816894531,63.66999816894531,3062000
2021-10-11,63.11000061035156,64.19000244140625,62.209999084472656,62.279998779296875,62.279998779296875,2191900
2021-10-12,62.459999084472656,63.86000061035156,62.18000030517578,62.599998474121094,62.599998474121094,1605700
2021-10-13,63.470001220703125,65.22000122070312,63.029998779296875,63.5,63.5,2287500
2021-10-14,63.95000076293945,64.44999694824219,61.93000030517578,62.08000183105469,62.08000183105469,2103300
2021-10-15,62.08000183105469,62.83000183105469,60.56999969482422,61.279998779296875,61.279998779296875,2834100
2021-10-18,61.369998931884766,63.56999969482422,61.36000061035156,62.34000015258789,62.34000015258789,1710700
2021-10-19,62.86000061035156,65.08999633789062,62.380001068115234,62.79999923706055,62.79999923706055,2093300
2021-10-20,63.38999938964844,63.43000030517578,61.29999923706055,61.529998779296875,61.529998779296875,2053900
2021-10-21,61.56999969482422,62.939998626708984,61.25,61.41999816894531,61.41999816894531,1706000
2021-10-22,60.93000030517578,61.54999923706055,59.689998626708984,59.86000061035156,59.86000061035156,1698600
2021-10-25,59.93000030517578,60.43000030517578,58.779998779296875,58.779998779296875,58.779998779296875,2896400
2021-10-26,59.290000915527344,59.84000015258789,58.310001373291016,59.029998779296875,59.029998779296875,2272400
2021-10-27,59.029998779296875,60.13999938964844,57.709999084472656,58.279998779296875,58.279998779296875,1522400
2021-10-28,58.099998474121094,59.06999969482422,57.25,58.09000015258789,58.09000015258789,1446900
2021-10-29,58.349998474121094,59.70000076293945,57.720001220703125,59.439998626708984,59.439998626708984,1852300
2021-11-01,59.59000015258789,63.119998931884766,59.59000015258789,62.7599983215332,62.7599983215332,7210100
2021-11-02,39.34000015258789,39.34000015258789,31.969999313354492,32.119998931884766,32.119998931884766,77348500
2021-11-03,32.06999969482422,34.880001068115234,32.0,34.08000183105469,34.08000183105469,22873400
2021-11-04,34.25,34.34000015258789,31.09000015258789,31.6299991607666,31.6299991607666,16335000
2021-11-05,31.639999389648438,32.16999816894531,30.59000015258789,30.639999389648438,30.639999389648438,9045200
2021-11-08,30.84000015258789,31.450000762939453,30.3700008392334,30.780000686645508,30.780000686645508,9422800
2021-11-09,30.700000762939453,30.719999313354492,29.649999618530273,30.049999237060547,30.049999237060547,6337800
2021-11-10,29.889999389648438,30.959999084472656,29.389999389648438,30.149999618530273,30.149999618530273,5889000
2021-11-11,30.200000762939453,30.540000915527344,29.350000381469727,29.639999389648438,29.639999389648438,4850500
2021-11-12,29.68000030517578,29.75,29.209999084472656,29.420000076293945,29.420000076293945,3916600
2021-11-15,29.350000381469727,29.489999771118164,28.90999984741211,29.309999465942383,29.309999465942383,4999200
2021-11-16,29.290000915527344,29.729999542236328,28.969999313354492,29.690000534057617,29.690000534057617,4285200
2021-11-17,29.65999984741211,30.280000686645508,28.559999465942383,28.600000381469727,28.600000381469727,6532500
2021-11-18,28.399999618530273,28.420000076293945,26.709999084472656,27.059999465942383,27.059999465942383,6439600
2021-11-19,27.020000457763672,27.440000534057617,26.299999237060547,26.530000686645508,26.530000686645508,4302900
2021-11-22,26.5,26.5,25.5,25.540000915527344,25.540000915527344,4305400
2021-11-23,25.540000915527344,26.030000686645508,24.860000610351562,25.020000457763672,25.020000457763672,5114300
2021-11-24,24.790000915527344,25.81999969482422,24.25,25.25,25.25,4622800
2021-11-26,25.739999771118164,26.3799991607666,24.899999618530273,24.989999771118164,24.989999771118164,3440400
2021-11-29,25.600000381469727,26.809999465942383,25.299999237060547,25.700000762939453,25.700000762939453,5555000
2021-11-30,26.100000381469727,27.860000610351562,26.049999237060547,27.850000381469727,27.850000381469727,9355200
2021-12-01,28.110000610351562,29.43000030517578,27.350000381469727,27.440000534057617,27.440000534057617,9895900
2021-12-02,28.09000015258789,29.040000915527344,27.739999771118164,28.950000762939453,28.950000762939453,6745100
2021-12-03,28.889999389648438,28.889999389648438,27.780000686645508,28.559999465942383,28.559999465942383,5982900
2021-12-06,28.65999984741211,29.93000030517578,27.790000915527344,29.43000030517578,29.43000030517578,6963100
2021-12-07,29.59000015258789,30.170000076293945,28.1299991607666,28.190000534057617,28.190000534057617,6440100
2021-12-08,28.219999313354492,28.93000030517578,27.899999618530273,28.709999084472656,28.709999084472656,7696000
2021-12-09,28.469999313354492,29.219999313354492,27.899999618530273,28.0,28.0,3344400
2021-12-10,27.90999984741211,28.530000686645508,27.25,27.56999969482422,27.56999969482422,2743600
2021-12-13,27.719999313354492,28.34000015258789,27.09000015258789,27.920000076293945,27.920000076293945,3883000
2021-12-14,27.5,28.489999771118164,27.309999465942383,27.469999313354492,27.469999313354492,4628400
2021-12-15,27.200000762939453,28.100000381469727,26.719999313354492,27.889999389648438,27.889999389648438,2836800
2021-12-16,28.229999542236328,28.389999389648438,27.3700008392334,27.690000534057617,27.690000534057617,3060200
2021-12-17,27.450000762939453,29.65999984741211,26.959999084472656,29.459999084472656,29.459999084472656,5093300
2021-12-20,29.18000030517578,30.68000030517578,28.850000381469727,29.65999984741211,29.65999984741211,5162100
2021-12-21,29.440000534057617,30.690000534057617,29.440000534057617,30.399999618530273,30.399999618530273,2569600
2021-12-22,30.299999237060547,31.40999984741211,30.1200008392334,30.360000610351562,30.360000610351562,3436500
2021-12-23,30.350000381469727,30.770000457763672,29.700000762939453,30.549999237060547,30.549999237060547,2655400
2021-12-27,30.260000228881836,30.920000076293945,30.139999389648438,30.280000686645508,30.280000686645508,2304800
2021-12-28,30.260000228881836,30.31999969482422,29.329999923706055,29.389999389648438,29.389999389648438,2717200
2021-12-29,29.389999389648438,29.540000915527344,28.809999465942383,29.280000686645508,29.280000686645508,2774100
2021-12-30,29.290000915527344,30.65999984741211,29.15999984741211,30.520000457763672,30.520000457763672,2598000
2021-12-31,30.329999923706055,31.309999465942383,30.329999923706055,30.700000762939453,30.700000762939453,3593600
2022-01-03,30.809999465942383,31.31999969482422,30.09000015258789,31.1200008392334,31.1200008392334,2617000
2022-01-04,30.59000015258789,31.079999923706055,29.270000457763672,29.65999984741211,29.65999984741211,5245900
2022-01-05,30.1200008392334,30.979999542236328,28.75,28.989999771118164,28.989999771118164,4685800
2022-01-06,28.90999984741211,30.600000381469727,28.81999969482422,29.489999771118164,29.489999771118164,3181600
2022-01-07,29.40999984741211,30.579999923706055,29.270000457763672,29.549999237060547,29.549999237060547,2598000
2022-01-10,29.1200008392334,29.420000076293945,27.8700008392334,29.280000686645508,29.280000686645508,3077400
2022-01-11,29.3700008392334,30.450000762939453,29.299999237060547,29.59000015258789,29.59000015258789,4246500
2022-01-12,29.780000686645508,30.299999237060547,28.8700008392334,29.030000686645508,29.030000686645508,5133900
2022-01-13,30.600000381469727,30.690000534057617,29.09000015258789,29.190000534057617,29.190000534057617,4255500
2022-01-14,29.020000457763672,29.639999389648438,28.43000030517578,28.940000534057617,28.940000534057617,2953400
2022-01-18,28.799999237060547,29.059999465942383,27.3799991607666,27.510000228881836,27.510000228881836,3326700
2022-01-19,27.610000610351562,28.40999984741211,27.280000686645508,27.790000915527344,27.790000915527344,3255100
2022-01-20,28.059999465942383,28.559999465942383,26.75,26.84000015258789,26.84000015258789,5120600
2022-01-21,26.440000534057617,27.1299991607666,25.780000686645508,26.209999084472656,26.209999084472656,4955500
2022-01-24,25.600000381469727,26.68000030517578,24.989999771118164,26.649999618530273,26.649999618530273,7255700
2022-01-25,26.200000762939453,26.899999618530273,25.149999618530273,25.229999542236328,25.229999542236328,4588300
2022-01-26,25.84000015258789,26.239999771118164,24.360000610351562,24.360000610351562,24.360000610351562,4476000
2022-01-27,24.3700008392334,25.06999969482422,23.889999389648438,24.1299991607666,24.1299991607666,2903600
2022-01-28,24.170000076293945,24.420000076293945,23.229999542236328,24.3700008392334,24.3700008392334,4265700
2022-01-31,24.6200008392334,26.510000228881836,24.5,26.469999313354492,26.469999313354492,4041400
2022-02-01,26.719999313354492,27.219999313354492,26.010000228881836,27.209999084472656,27.209999084472656,3285000
2022-02-02,27.639999389648438,27.639999389648438,25.93000030517578,26.049999237060547,26.049999237060547,2040600
2022-02-03,25.549999237060547,25.889999389648438,24.860000610351562,24.920000076293945,24.920000076293945,2823900
2022-02-04,25.059999465942383,26.469999313354492,24.719999313354492,26.309999465942383,26.309999465942383,3308500
2022-02-07,26.34000015258789,27.68000030517578,26.260000228881836,27.270000457763672,27.270000457763672,9435100
2022-02-08,28.8700008392334,31.899999618530273,27.75,31.6299991607666,31.6299991607666,21002000
2022-02-09,31.09000015258789,33.099998474121094,30.829999923706055,33.0099983215332,33.0099983215332,7846000
2022-02-10,32.31999969482422,32.970001220703125,31.34000015258789,31.600000381469727,31.600000381469727,4504000
2022-02-11,31.729999542236328,32.29999923706055,30.399999618530273,30.729999542236328,30.729999542236328,2846300
2022-02-14,30.450000762939453,31.440000534057617,30.25,30.440000534057617,30.440000534057617,2850300
2022-02-15,30.8700008392334,31.399999618530273,30.59000015258789,30.770000457763672,30.770000457763672,2346400
2022-02-16,30.299999237060547,30.489999771118164,29.549999237060547,29.920000076293945,29.920000076293945,2519800
2022-02-17,29.739999771118164,29.799999237060547,28.809999465942383,28.920000076293945,28.920000076293945,1924900
2022-02-18,28.989999771118164,29.229999542236328,28.149999618530273,28.290000915527344,28.290000915527344,1794900
2022-02-22,27.860000610351562,28.75,27.579999923706055,28.030000686645508,28.030000686645508,2036900
2022-02-23,28.799999237060547,29.969999313354492,28.579999923706055,29.1200008392334,29.1200008392334,3665300
2022-02-24,27.8700008392334,30.850000381469727,27.809999465942383,30.690000534057617,30.690000534057617,4126000
2022-02-25,30.5,31.020000457763672,29.6200008392334,31.010000228881836,31.010000228881836,3117700
2022-02-28,30.700000762939453,31.600000381469727,30.479999542236328,31.270000457763672,31.270000457763672,2951400
2022-03-01,31.049999237060547,32.22999954223633,30.969999313354492,31.34000015258789,31.34000015258789,2297700
2022-03-02,31.110000610351562,32.09000015258789,30.84000015258789,31.8700008392334,31.8700008392334,2529000
2022-03-03,31.829999923706055,32.16999816894531,30.5,30.6299991607666,30.6299991607666,2704900
2022-03-04,30.6200008392334,31.260000228881836,30.350000381469727,30.739999771118164,30.739999771118164,2433300
2022-03-07,30.940000534057617,31.31999969482422,30.079999923706055,30.260000228881836,30.260000228881836,3140500
2022-03-08,30.100000381469727,31.079999923706055,30.0,30.25,30.25,2590900
2022-03-09,30.559999465942383,31.93000030517578,30.059999465942383,30.920000076293945,30.920000076293945,2448200
2022-03-10,30.459999084472656,31.139999389648438,29.90999984741211,30.639999389648438,30.639999389648438,2087700
2022-03-11,30.860000610351562,30.8799991607666,29.829999923706055,30.06999969482422,30.06999969482422,2834400
2022-03-14,29.809999465942383,31.219999313354492,29.59000015258789,30.18000030517578,30.18000030517578,2825500
2022-03-15,30.270000457763672,31.079999923706055,30.0,30.809999465942383,30.809999465942383,2122500
2022-03-16,31.3700008392334,31.8799991607666,30.829999923706055,31.81999969482422,31.81999969482422,2455400
2022-03-17,31.90999984741211,32.900001525878906,31.59000015258789,32.880001068115234,32.880001068115234,2529000
2022-03-18,32.7400016784668,33.79999923706055,32.38999938964844,33.72999954223633,33.72999954223633,3794500
2022-03-21,33.599998474121094,34.15999984741211,32.95000076293945,33.619998931884766,33.619998931884766,2300500
2022-03-22,33.54999923706055,34.56999969482422,33.54999923706055,34.31999969482422,34.31999969482422,1935600
2022-03-23,33.77000045776367,35.09000015258789,33.43000030517578,34.209999084472656,34.209999084472656,1712000
2022-03-24,34.25,35.75,34.209999084472656,35.7400016784668,35.7400016784668,2170600
2022-03-25,35.79999923706055,35.79999923706055,34.900001525878906,35.40999984741211,35.40999984741211,1950600
2022-03-28,35.459999084472656,36.52000045776367,35.150001525878906,35.81999969482422,35.81999969482422,1741900
2022-03-29,36.34000015258789,36.83000183105469,35.77000045776367,36.43000030517578,36.43000030517578,2127400
2022-03-30,35.959999084472656,36.400001525878906,35.7400016784668,36.040000915527344,36.040000915527344,1487700
2022-03-31,36.16999816894531,36.68000030517578,36.0,36.279998779296875,36.279998779296875,1948800
2022-04-01,36.560001373291016,37.06999969482422,36.310001373291016,36.52000045776367,36.52000045776367,1868300
2022-04-04,36.7400016784668,37.18000030517578,36.310001373291016,37.029998779296875,37.029998779296875,1932700
2022-04-05,37.11000061035156,37.63999938964844,36.150001525878906,36.209999084472656,36.209999084472656,1788000
2022-04-06,35.68000030517578,36.13999938964844,34.72999954223633,35.56999969482422,35.56999969482422,2167800
2022-04-07,35.45000076293945,36.29999923706055,34.79999923706055,35.2599983215332,35.2599983215332,1808200
2022-04-08,34.95000076293945,35.66999816894531,34.79999923706055,35.20000076293945,35.20000076293945,1409200
2022-04-11,34.689998626708984,36.029998779296875,34.45000076293945,35.290000915527344,35.290000915527344,1413300
2022-04-12,33.209999084472656,34.83000183105469,32.08000183105469,32.31999969482422,32.31999969482422,4403000
2022-04-13,32.279998779296875,33.209999084472656,32.130001068115234,32.5,32.5,2138700
2022-04-14,32.68000030517578,32.939998626708984,31.889999389648438,32.36000061035156,32.36000061035156,1346800
2022-04-18,32.15999984741211,32.470001220703125,31.469999313354492,31.510000228881836,31.510000228881836,2508200
2022-04-19,31.440000534057617,32.650001525878906,31.440000534057617,32.18000030517578,32.18000030517578,1445200
2022-04-20,32.060001373291016,32.09000015258789,29.6299991607666,29.65999984741211,29.65999984741211,3043500
2022-04-21,30.219999313354492,30.579999923706055,27.889999389648438,27.989999771118164,27.989999771118164,2540400
2022-04-22,27.8799991607666,28.260000228881836,26.549999237060547,26.739999771118164,26.739999771118164,2302900
2022-04-25,26.469999313354492,27.3700008392334,26.190000534057617,27.31999969482422,27.31999969482422,2202200
2022-04-26,26.899999618530273,27.110000610351562,25.540000915527344,25.899999618530273,25.899999618530273,2283900
2022-04-27,25.889999389648438,26.93000030517578,25.149999618530273,25.25,25.25,2692300
2022-04-28,25.489999771118164,26.049999237060547,24.809999465942383,25.700000762939453,25.700000762939453,1730700
2022-04-29,25.549999237060547,26.459999084472656,24.6200008392334,24.739999771118164,24.739999771118164,2404500
2022-05-02,24.610000610351562,25.450000762939453,24.059999465942383,24.979999542236328,24.979999542236328,6970100
2022-05-03,15.729999542236328,18.18000030517578,15.65999984741211,17.420000076293945,17.420000076293945,50792400
2022-05-04,17.600000381469727,20.5,17.399999618530273,20.389999389648438,20.389999389648438,22976400
2022-05-05,20.09000015258789,21.079999923706055,18.889999389648438,19.510000228881836,19.510000228881836,8643600
2022-05-06,19.68000030517578,19.889999389648438,18.3799991607666,18.649999618530273,18.649999618530273,5689200
2022-05-09,18.329999923706055,18.739999771118164,17.43000030517578,17.5,17.5,4318200
2022-05-10,17.81999969482422,18.079999923706055,16.639999389648438,17.729999542236328,17.729999542236328,4340000
2022-05-11,17.969999313354492,18.149999618530273,16.260000228881836,16.459999084472656,16.459999084472656,4151000
2022-05-12,16.25,18.139999389648438,16.170000076293945,17.700000762939453,17.700000762939453,4204900
2022-05-13,17.770000457763672,18.260000228881836,17.579999923706055,18.200000762939453,18.200000762939453,3264000
2022-05-16,18.290000915527344,20.40999984741211,17.299999237060547,18.729999542236328,18.729999542236328,8158000
2022-05-17,18.799999237060547,19.399999618530273,18.59000015258789,19.25,19.25,3163200
2022-05-18,18.84000015258789,19.1299991607666,18.18000030517578,18.510000228881836,18.510000228881836,2621900
2022-05-19,18.479999542236328,19.649999618530273,18.31999969482422,19.239999771118164,19.239999771118164,3084800
2022-05-20,19.469999313354492,19.530000686645508,18.15999984741211,18.600000381469727,18.600000381469727,2159800
2022-05-23,18.610000610351562,18.700000762939453,17.90999984741211,18.420000076293945,18.420000076293945,2511800
2022-05-24,18.389999389648438,18.389999389648438,17.559999465942383,17.979999542236328,17.979999542236328,2073600
2022-05-25,17.959999084472656,18.450000762939453,17.8799991607666,18.170000076293945,18.170000076293945,2456800
2022-05-26,18.3700008392334,18.780000686645508,18.229999542236328,18.6299991607666,18.6299991607666,2802200
2022-05-27,18.829999923706055,19.3700008392334,18.75,19.34000015258789,19.34000015258789,1651900
2022-05-31,19.3799991607666,19.690000534057617,19.06999969482422,19.459999084472656,19.459999084472656,2052200
2022-06-01,19.389999389648438,19.649999618530273,18.59000015258789,18.739999771118164,18.739999771118164,2252300
2022-06-02,18.780000686645508,20.489999771118164,18.56999969482422,20.420000076293945,20.420000076293945,2705000
2022-06-03,21.469999313354492,21.850000381469727,20.520000457763672,21.139999389648438,21.139999389648438,4025300
2022-06-06,21.469999313354492,21.790000915527344,20.719999313354492,20.889999389648438,20.889999389648438,2754300
2022-06-07,20.600000381469727,20.940000534057617,20.209999084472656,20.469999313354492,20.469999313354492,2264500
2022-06-08,20.6200008392334,21.190000534057617,20.34000015258789,20.549999237060547,20.549999237060547,1847800
2022-06-09,20.290000915527344,20.420000076293945,19.700000762939453,19.739999771118164,19.739999771118164,1722100
2022-06-10,19.280000686645508,19.329999923706055,18.780000686645508,18.950000762939453,18.950000762939453,1607900
2022-06-13,18.059999465942383,18.530000686645508,17.1299991607666,17.290000915527344,17.290000915527344,2596900
2022-06-14,17.31999969482422,17.75,17.059999465942383,17.530000686645508,17.530000686645508,2608200
2022-06-15,17.709999084472656,18.950000762939453,17.709999084472656,18.59000015258789,18.59000015258789,2383800
2022-06-16,17.90999984741211,17.93000030517578,16.719999313354492,17.020000457763672,17.020000457763672,2519100
2022-06-17,17.309999465942383,19.15999984741211,17.309999465942383,19.149999618530273,19.149999618530273,3461200
2022-06-21,19.1200008392334,19.559999465942383,18.43000030517578,18.450000762939453,18.450000762939453,3795900
2022-06-22,18.270000457763672,18.889999389648438,18.229999542236328,18.489999771118164,18.489999771118164,3322800
2022-06-23,18.559999465942383,19.25,18.440000534057617,19.170000076293945,19.170000076293945,2842500
2022-06-24,19.239999771118164,20.010000228881836,19.149999618530273,19.389999389648438,19.389999389648438,15989600
2022-06-27,19.450000762939453,19.760000228881836,18.719999313354492,19.43000030517578,19.43000030517578,2111500
2022-06-28,19.520000457763672,19.790000915527344,18.329999923706055,18.350000381469727,18.350000381469727,2027800
2022-06-29,17.809999465942383,18.31999969482422,17.68000030517578,18.280000686645508,18.280000686645508,1806700
2022-06-30,18.049999237060547,18.850000381469727,17.520000457763672,18.780000686645508,18.780000686645508,2884300
2022-07-01,19.0,19.559999465942383,18.780000686645508,19.149999618530273,19.149999618530273,3005900
2022-07-05,18.709999084472656,19.200000762939453,17.979999542236328,19.18000030517578,19.18000030517578,2374400
2022-07-06,19.290000915527344,19.389999389648438,18.540000915527344,18.860000610351562,18.860000610351562,1599000
2022-07-07,18.959999084472656,19.25,18.440000534057617,18.940000534057617,18.940000534057617,3213000
2022-07-08,18.729999542236328,19.469999313354492,18.5,19.3700008392334,19.3700008392334,2674100
2022-07-11,19.200000762939453,19.309999465942383,17.43000030517578,17.56999969482422,17.56999969482422,2169600
2022-07-12,17.610000610351562,18.450000762939453,17.610000610351562,18.3799991607666,18.3799991607666,1958000
2022-07-13,17.920000076293945,18.68000030517578,17.719999313354492,18.540000915527344,18.540000915527344,1375400
2022-07-14,18.520000457763672,18.610000610351562,17.809999465942383,18.360000610351562,18.360000610351562,1183600
2022-07-15,18.739999771118164,19.43000030517578,18.549999237060547,19.420000076293945,19.420000076293945,1550100
2022-07-18,19.5,20.309999465942383,19.489999771118164,19.75,19.75,2129300
2022-07-19,19.5,19.93000030517578,19.270000457763672,19.579999923706055,19.579999923706055,2182100
2022-07-20,19.75,20.40999984741211,19.600000381469727,20.34000015258789,20.34000015258789,1999200
2022-07-21,20.1200008392334,21.110000610351562,19.959999084472656,21.110000610351562,21.110000610351562,1663400
2022-07-22,21.059999465942383,21.09000015258789,20.299999237060547,20.469999313354492,20.469999313354492,1216200
2022-07-25,20.5,20.579999923706055,19.850000381469727,20.389999389648438,20.389999389648438,1355000
2022-07-26,20.190000534057617,20.389999389648438,19.709999084472656,19.729999542236328,19.729999542236328,1052200
2022-07-27,20.190000534057617,21.0,19.93000030517578,20.899999618530273,20.899999618530273,2460200
2022-07-28,20.34000015258789,21.09000015258789,20.030000686645508,21.049999237060547,21.049999237060547,1214300
2022-07-29,21.1200008392334,21.3700008392334,20.610000610351562,21.299999237060547,21.299999237060547,1254200
2022-08-01,21.5,21.68000030517578,20.8700008392334,21.139999389648438,21.139999389648438,2490300
2022-08-02,20.899999618530273,21.760000228881836,20.899999618530273,21.3799991607666,21.3799991607666,1524500
2022-08-03,21.540000915527344,22.200000762939453,20.829999923706055,22.149999618530273,22.149999618530273,2287700
2022-08-04,22.1299991607666,22.190000534057617,21.280000686645508,21.6299991607666,21.6299991607666,2115000
2022-08-05,23.479999542236328,23.860000610351562,22.690000534057617,23.59000015258789,23.59000015258789,2901900
2022-08-08,23.690000534057617,23.920000076293945,22.440000534057617,22.440000534057617,22.440000534057617,2376300
2022-08-09,22.139999389648438,22.40999984741211,21.3700008392334,21.559999465942383,21.559999465942383,1340100
2022-08-10,22.139999389648438,22.940000534057617,22.09000015258789,22.940000534057617,22.940000534057617,1274700
2022-08-11,23.06999969482422,23.389999389648438,22.059999465942383,22.09000015258789,22.09000015258789,1189300
2022-08-12,22.290000915527344,22.700000762939453,22.18000030517578,22.600000381469727,22.600000381469727,852600
2022-08-15,22.420000076293945,22.850000381469727,22.229999542236328,22.549999237060547,22.549999237060547,1257100
2022-08-16,22.309999465942383,22.420000076293945,21.760000228881836,21.950000762939453,21.950000762939453,1244300
2022-08-17,21.469999313354492,21.75,20.719999313354492,20.770000457763672,20.770000457763672,2409700
2022-08-18,20.68000030517578,21.209999084472656,20.3700008392334,21.18000030517578,21.18000030517578,1601800
2022-08-19,20.829999923706055,21.270000457763672,20.3799991607666,21.149999618530273,21.149999618530273,1874600
2022-08-22,20.760000228881836,20.850000381469727,19.56999969482422,19.639999389648438,19.639999389648438,1605600
2022-08-23,19.700000762939453,20.06999969482422,19.59000015258789,19.65999984741211,19.65999984741211,1331000
2022-08-24,19.729999542236328,20.600000381469727,19.600000381469727,20.239999771118164,20.239999771118164,1621400
2022-08-25,20.479999542236328,20.579999923706055,19.809999465942383,20.3700008392334,20.3700008392334,1051100
2022-08-26,20.489999771118164,20.549999237060547,19.149999618530273,19.34000015258789,19.34000015258789,1140300
2022-08-29,19.09000015258789,19.93000030517578,19.079999923706055,19.709999084472656,19.709999084472656,1588600
2022-08-30,20.0,20.190000534057617,19.06999969482422,19.06999969482422,19.06999969482422,1474200
2022-08-31,19.459999084472656,20.079999923706055,19.31999969482422,19.68000030517578,19.68000030517578,1741400
2022-09-01,19.399999618530273,19.969999313354492,19.350000381469727,19.950000762939453,19.950000762939453,1805400
2022-09-02,20.229999542236328,20.639999389648438,19.739999771118164,20.639999389648438,20.639999389648438,2046900
2022-09-06,20.709999084472656,20.799999237060547,20.25,20.34000015258789,20.34000015258789,1422100
2022-09-07,20.43000030517578,21.459999084472656,20.34000015258789,21.450000762939453,21.450000762939453,1462500
2022-09-08,21.950000762939453,22.719999313354492,21.719999313354492,22.719999313354492,22.719999313354492,1753700
2022-09-09,22.8700008392334,23.469999313354492,22.860000610351562,23.06999969482422,23.06999969482422,1339500
2022-09-12,23.040000915527344,23.3700008392334,22.579999923706055,23.1200008392334,23.1200008392334,1468700
2022-09-13,22.09000015258789,22.530000686645508,21.549999237060547,21.6200008392334,21.6200008392334,1885100
2022-09-14,21.56999969482422,21.940000534057617,21.229999542236328,21.940000534057617,21.940000534057617,1104600
2022-09-15,21.739999771118164,22.969999313354492,21.739999771118164,22.93000030517578,22.93000030517578,1911300
2022-09-16,22.540000915527344,22.56999969482422,20.979999542236328,21.1299991607666,21.1299991607666,2214800
2022-09-19,21.040000915527344,21.860000610351562,20.889999389648438,21.860000610351562,21.860000610351562,1629900
2022-09-20,21.450000762939453,21.65999984741211,20.899999618530273,21.09000015258789,21.09000015258789,1082000
2022-09-21,21.139999389648438,21.139999389648438,19.920000076293945,20.030000686645508,20.030000686645508,1313900
2022-09-22,19.940000534057617,20.049999237060547,19.309999465942383,19.31999969482422,19.31999969482422,1798500
2022-09-23,18.989999771118164,19.25,18.68000030517578,18.950000762939453,18.950000762939453,1600200
2022-09-26,19.950000762939453,21.1200008392334,19.920000076293945,20.670000076293945,20.670000076293945,2615800
2022-09-27,21.020000457763672,21.280000686645508,20.239999771118164,20.510000228881836,20.510000228881836,1380300
2022-09-28,20.700000762939453,22.760000228881836,20.59000015258789,22.68000030517578,22.68000030517578,2334900
2022-09-29,22.239999771118164,22.530000686645508,21.399999618530273,21.6299991607666,21.6299991607666,2067800
2022-09-30,21.440000534057617,21.959999084472656,21.06999969482422,21.06999969482422,21.06999969482422,1336400
2022-10-03,21.229999542236328,21.469999313354492,20.729999542236328,21.200000762939453,21.200000762939453,1100100
2022-10-04,21.770000457763672,22.420000076293945,21.65999984741211,21.8799991607666,21.8799991607666,1209400
2022-10-05,21.420000076293945,21.760000228881836,20.6200008392334,21.479999542236328,21.479999542236328,1205500
2022-10-06,21.520000457763672,22.06999969482422,21.469999313354492,22.040000915527344,22.040000915527344,927000
2022-10-07,21.65999984741211,21.850000381469727,21.0,21.100000381469727,21.100000381469727,1103400
2022-10-10,21.139999389648438,21.469999313354492,20.670000076293945,21.239999771118164,21.239999771118164,912600
2022-10-11,21.010000228881836,21.239999771118164,19.989999771118164,20.920000076293945,20.920000076293945,1092200
2022-10-12,21.010000228881836,21.809999465942383,20.440000534057617,21.559999465942383,21.559999465942383,1155800
2022-10-13,20.540000915527344,22.0,20.420000076293945,21.75,21.75,1281100
2022-10-14,22.06999969482422,22.200000762939453,19.93000030517578,20.020000457763672,20.020000457763672,1976300
2022-10-17,20.6299991607666,21.780000686645508,20.59000015258789,21.760000228881836,21.760000228881836,1581700
2022-10-18,22.3700008392334,22.790000915527344,21.469999313354492,21.8700008392334,21.8700008392334,1428900
2022-10-19,21.729999542236328,22.09000015258789,21.0,21.110000610351562,21.110000610351562,1175800
2022-10-20,21.06999969482422,22.079999923706055,21.049999237060547,21.31999969482422,21.31999969482422,1285300
2022-10-21,21.34000015258789,21.850000381469727,20.780000686645508,21.5,21.5,871800
2022-10-24,21.489999771118164,21.5,20.190000534057617,21.0,21.0,1100200
2022-10-25,21.139999389648438,22.270000457763672,21.139999389648438,22.190000534057617,22.190000534057617,1178900
2022-10-26,21.940000534057617,22.489999771118164,21.670000076293945,21.700000762939453,21.700000762939453,800800
2022-10-27,21.760000228881836,22.5,21.65999984741211,22.059999465942383,22.059999465942383,1361600
2022-10-28,21.979999542236328,22.889999389648438,21.950000762939453,22.809999465942383,22.809999465942383,1196800
2022-10-31,22.510000228881836,22.639999389648438,21.56999969482422,21.56999969482422,21.56999969482422,2056600
2022-11-01,21.969999313354492,22.329999923706055,21.06999969482422,21.110000610351562,21.110000610351562,2484900
2022-11-02,26.6299991607666,27.829999923706055,25.100000381469727,25.75,25.75,10863000
2022-11-03,25.639999389648438,26.549999237060547,25.5,25.549999237060547,25.549999237060547,3095600
2022-11-04,26.139999389648438,26.25,25.270000457763672,25.889999389648438,25.889999389648438,1746900
2022-11-07,26.100000381469727,26.389999389648438,25.25,25.75,25.75,1428000
2022-11-08,25.989999771118164,26.34000015258789,25.639999389648438,26.280000686645508,26.280000686645508,1419100
2022-11-09,26.049999237060547,27.360000610351562,25.920000076293945,27.229999542236328,27.229999542236328,2234300
2022-11-10,28.0,28.729999542236328,27.8700008392334,28.489999771118164,28.489999771118164,1917300
2022-11-11,28.700000762939453,29.06999969482422,28.200000762939453,28.209999084472656,28.209999084472656,1338800
2022-11-14,28.1200008392334,28.290000915527344,26.93000030517578,26.959999084472656,26.959999084472656,1440300
2022-11-15,27.729999542236328,28.959999084472656,27.729999542236328,28.899999618530273,28.899999618530273,1683200
2022-11-16,28.68000030517578,29.170000076293945,28.260000228881836,28.520000457763672,28.520000457763672,1513000
2022-11-17,27.899999618530273,28.850000381469727,27.579999923706055,28.760000228881836,28.760000228881836,1093400
2022-11-18,29.329999923706055,29.329999923706055,27.739999771118164,28.290000915527344,28.290000915527344,1359900
2022-11-21,28.040000915527344,28.68000030517578,27.829999923706055,28.610000610351562,28.610000610351562,1000900
2022-11-22,28.5,28.559999465942383,27.850000381469727,28.329999923706055,28.329999923706055,925000
2022-11-23,28.459999084472656,28.700000762939453,27.979999542236328,28.559999465942383,28.559999465942383,903100
2022-11-25,28.440000534057617,28.940000534057617,28.350000381469727,28.559999465942383,28.559999465942383,375200
2022-11-28,28.34000015258789,28.809999465942383,28.049999237060547,28.40999984741211,28.40999984741211,1091000
2022-11-29,28.579999923706055,28.719999313354492,27.90999984741211,28.110000610351562,28.110000610351562,915300
2022-11-30,28.729999542236328,29.899999618530273,28.219999313354492,29.84000015258789,29.84000015258789,2043500
2022-12-01,29.809999465942383,29.950000762939453,29.1200008392334,29.59000015258789,29.59000015258789,1333100
2022-12-02,29.030000686645508,30.049999237060547,28.809999465942383,29.690000534057617,29.690000534057617,1074700
2022-12-05,29.549999237060547,29.75,28.510000228881836,28.59000015258789,28.59000015258789,995400
2022-12-06,28.43000030517578,28.84000015258789,27.700000762939453,28.190000534057617,28.190000534057617,1716600
2022-12-07,27.770000457763672,28.0,27.450000762939453,27.59000015258789,27.59000015258789,893000
2022-12-08,27.940000534057617,28.610000610351562,27.809999465942383,28.079999923706055,28.079999923706055,788300
2022-12-09,27.899999618530273,28.06999969482422,27.15999984741211,27.190000534057617,27.190000534057617,761600
2022-12-12,26.959999084472656,27.65999984741211,26.3700008392334,27.649999618530273,27.649999618530273,1010500
2022-12-13,28.6299991607666,28.739999771118164,27.690000534057617,27.950000762939453,27.950000762939453,1510900
2022-12-14,28.1200008392334,28.989999771118164,28.020000457763672,28.729999542236328,28.729999542236328,1364500
2022-12-15,28.530000686645508,28.889999389648438,27.530000686645508,27.6200008392334,27.6200008392334,1443800
2022-12-16,27.440000534057617,27.90999984741211,27.170000076293945,27.719999313354492,27.719999313354492,1815500
2022-12-19,27.649999618530273,28.219999313354492,27.1299991607666,27.270000457763672,27.270000457763672,1116500
2022-12-20,27.09000015258789,27.479999542236328,26.59000015258789,26.760000228881836,26.760000228881836,1022900
2022-12-21,27.030000686645508,27.309999465942383,26.639999389648438,26.8700008392334,26.8700008392334,905900
2022-12-22,26.68000030517578,26.719999313354492,25.700000762939453,26.059999465942383,26.059999465942383,1622900
2022-12-23,25.989999771118164,26.18000030517578,25.5,26.0,26.0,776600
2022-12-27,25.889999389648438,25.889999389648438,25.309999465942383,25.40999984741211,25.40999984741211,817100
2022-12-28,25.459999084472656,25.829999923706055,25.209999084472656,25.260000228881836,25.260000228881836,1075600
2022-12-29,25.440000534057617,25.760000228881836,25.270000457763672,25.530000686645508,25.530000686645508,906300
2022-12-30,25.190000534057617,25.450000762939453,25.040000915527344,25.270000457763672,25.270000457763672,660600
2023-01-03,25.729999542236328,25.729999542236328,25.079999923706055,25.40999984741211,25.40999984741211,1332600
2023-01-04,25.709999084472656,25.969999313354492,25.09000015258789,25.459999084472656,25.459999084472656,1276900
2023-01-05,25.540000915527344,26.670000076293945,25.309999465942383,26.450000762939453,26.450000762939453,1775800
2023-01-06,26.34000015258789,26.450000762939453,25.459999084472656,25.68000030517578,25.68000030517578,1050700
2023-01-09,26.030000686645508,26.510000228881836,24.889999389648438,25.040000915527344,25.040000915527344,2336500
2023-01-10,25.059999465942383,26.09000015258789,24.450000762939453,25.700000762939453,25.700000762939453,1778600
2023-01-11,25.540000915527344,25.920000076293945,24.31999969482422,24.530000686645508,24.530000686645508,2018200
2023-01-12,24.600000381469727,24.75,23.770000457763672,24.299999237060547,24.299999237060547,2021300
2023-01-13,24.020000457763672,24.639999389648438,23.940000534057617,24.6200008392334,24.6200008392334,1859500
2023-01-17,24.610000610351562,24.809999465942383,24.290000915527344,24.440000534057617,24.440000534057617,1240900
2023-01-18,21.979999542236328,23.190000534057617,20.059999465942383,20.3799991607666,20.3799991607666,9055400
2023-01-19,21.030000686645508,21.389999389648438,20.450000762939453,20.579999923706055,20.579999923706055,4534700
2023-01-20,20.81999969482422,20.920000076293945,20.260000228881836,20.559999465942383,20.559999465942383,2776300
2023-01-23,20.6200008392334,21.270000457763672,19.940000534057617,20.989999771118164,20.989999771118164,3125400
2023-01-24,21.0,21.139999389648438,20.6299991607666,20.6299991607666,20.6299991607666,1466700
2023-01-25,20.299999237060547,20.579999923706055,19.770000457763672,19.799999237060547,19.799999237060547,2943200
2023-01-26,20.059999465942383,20.40999984741211,19.989999771118164,20.309999465942383,20.309999465942383,2870400
2023-01-27,20.239999771118164,20.75,20.190000534057617,20.59000015258789,20.59000015258789,1794000
2023-01-30,20.190000534057617,21.579999923706055,20.190000534057617,21.1299991607666,21.1299991607666,2492500
2023-01-31,21.1299991607666,21.6200008392334,20.729999542236328,20.760000228881836,20.760000228881836,2073500
2023-02-01,20.84000015258789,21.170000076293945,20.15999984741211,20.950000762939453,20.950000762939453,2642000
2023-02-02,21.09000015258789,21.600000381469727,20.780000686645508,20.889999389648438,20.889999389648438,2442100
2023-02-03,20.549999237060547,22.020000457763672,20.510000228881836,21.34000015258789,21.34000015258789,3094300
2023-02-06,21.0,21.420000076293945,20.700000762939453,21.030000686645508,21.030000686645508,6480100
2023-02-07,16.469999313354492,17.579999923706055,16.1200008392334,17.43000030517578,17.43000030517578,20721500
2023-02-08,17.510000228881836,18.1299991607666,17.510000228881836,17.56999969482422,17.56999969482422,4910300
2023-02-09,17.780000686645508,18.059999465942383,17.059999465942383,17.100000381469727,17.100000381469727,2431400
2023-02-10,17.0,17.399999618530273,16.81999969482422,16.950000762939453,16.950000762939453,2505200
2023-02-13,16.920000076293945,17.110000610351562,16.709999084472656,16.850000381469727,16.850000381469727,2414400
2023-02-14,16.889999389648438,17.1299991607666,16.690000534057617,16.950000762939453,16.950000762939453,1629200
2023-02-15,16.760000228881836,17.260000228881836,16.670000076293945,17.190000534057617,17.190000534057617,1755100
2023-02-16,16.8799991607666,16.989999771118164,16.6200008392334,16.639999389648438,16.639999389648438,2275300
2023-02-17,16.829999923706055,16.829999923706055,16.219999313354492,16.360000610351562,16.360000610351562,2359100
2023-02-21,16.229999542236328,16.229999542236328,15.640000343322754,15.65999984741211,15.65999984741211,2869000
2023-02-22,15.65999984741211,15.9399995803833,15.550000190734863,15.729999542236328,15.729999542236328,1992900
2023-02-23,15.979999542236328,16.0,15.630000114440918,15.789999961853027,15.789999961853027,2810600
2023-02-24,16.31999969482422,16.350000381469727,15.739999771118164,15.989999771118164,15.989999771118164,3386800
2023-02-27,16.040000915527344,16.299999237060547,15.729999542236328,15.8100004196167,15.8100004196167,3709900
2023-02-28,15.800000190734863,16.010000228881836,15.800000190734863,15.890000343322754,15.890000343322754,3774000
2023-03-01,15.960000038146973,16.049999237060547,15.460000038146973,15.510000228881836,15.510000228881836,2954500
2023-03-02,15.34000015258789,16.079999923706055,15.300000190734863,16.040000915527344,16.040000915527344,2355600
2023-03-03,16.110000610351562,16.6299991607666,16.100000381469727,16.600000381469727,16.600000381469727,2844500
2023-03-06,16.56999969482422,17.309999465942383,16.56999969482422,16.8700008392334,16.8700008392334,3651200
2023-03-07,16.8799991607666,17.170000076293945,16.700000762939453,17.079999923706055,17.079999923706055,2420000
2023-03-08,16.93000030517578,17.030000686645508,16.3799991607666,16.559999465942383,16.559999465942383,2107900
2023-03-09,16.530000686645508,16.68000030517578,16.079999923706055,16.149999618530273,16.149999618530273,2260700
2023-03-10,16.059999465942383,16.149999618530273,15.760000228881836,15.890000343322754,15.890000343322754,1806000
2023-03-13,15.649999618530273,15.899999618530273,15.520000457763672,15.550000190734863,15.550000190734863,2173300
2023-03-14,15.890000343322754,16.020000457763672,15.720000267028809,16.0,16.0,1997600
2023-03-15,15.84000015258789,16.270000457763672,15.789999961853027,16.1299991607666,16.1299991607666,1989600
2023-03-16,16.06999969482422,16.489999771118164,15.819999694824219,16.440000534057617,16.440000534057617,2169300
2023-03-17,16.459999084472656,16.649999618530273,16.18000030517578,16.280000686645508,16.280000686645508,3428500
2023-03-20,16.059999465942383,16.200000762939453,15.699999809265137,15.859999656677246,15.859999656677246,2194500
2023-03-21,16.010000228881836,16.06999969482422,15.8100004196167,15.970000267028809,15.970000267028809,2732900
2023-03-22,15.949999809265137,16.010000228881836,15.479999542236328,15.489999771118164,15.489999771118164,3612300
2023-03-23,15.59000015258789,15.779999732971191,15.350000381469727,15.430000305175781,15.430000305175781,2486100
2023-03-24,15.279999732971191,15.6899995803833,15.25,15.680000305175781,15.680000305175781,2173400
2023-03-27,15.869999885559082,16.010000228881836,15.680000305175781,15.890000343322754,15.890000343322754,2307200
2023-03-28,15.869999885559082,16.149999618530273,15.779999732971191,16.100000381469727,16.100000381469727,3159900
2023-03-29,16.299999237060547,16.350000381469727,16.09000015258789,16.170000076293945,16.170000076293945,2814700
2023-03-30,16.34000015258789,16.389999389648438,16.06999969482422,16.239999771118164,16.239999771118164,1725400
2023-03-31,16.31999969482422,16.450000762939453,16.030000686645508,16.299999237060547,16.299999237060547,4326600
2023-04-03,16.299999237060547,16.389999389648438,16.010000228881836,16.190000534057617,16.190000534057617,2513700
2023-04-04,16.280000686645508,16.420000076293945,15.859999656677246,16.40999984741211,16.40999984741211,1988500
2023-04-05,16.299999237060547,16.31999969482422,15.90999984741211,16.170000076293945,16.170000076293945,2447900
2023-04-06,16.229999542236328,16.299999237060547,16.010000228881836,16.229999542236328,16.229999542236328,1878500
2023-04-10,16.06999969482422,16.3799991607666,15.989999771118164,16.3700008392334,16.3700008392334,2617500
2023-04-11,16.479999542236328,17.139999389648438,16.469999313354492,17.030000686645508,17.030000686645508,3044100
2023-04-12,17.110000610351562,17.149999618530273,16.709999084472656,16.770000457763672,16.770000457763672,2914700
2023-04-13,17.06999969482422,18.299999237060547,17.059999465942383,17.989999771118164,17.989999771118164,5061400
2023-04-14,17.799999237060547,18.329999923706055,17.709999084472656,18.280000686645508,18.280000686645508,3361300
2023-04-17,18.280000686645508,18.639999389648438,17.93000030517578,17.940000534057617,17.940000534057617,3338500
2023-04-18,17.940000534057617,17.950000762939453,17.280000686645508,17.299999237060547,17.299999237060547,3682700
2023-04-19,17.399999618530273,17.690000534057617,17.309999465942383,17.6299991607666,17.6299991607666,2095300
2023-04-20,18.399999618530273,18.770000457763672,18.280000686645508,18.600000381469727,18.600000381469727,3169500
2023-04-21,18.469999313354492,18.639999389648438,18.260000228881836,18.479999542236328,18.479999542236328,3305900
2023-04-24,18.479999542236328,18.649999618530273,18.309999465942383,18.440000534057617,18.440000534057617,1704100
2023-04-25,18.229999542236328,18.43000030517578,18.049999237060547,18.059999465942383,18.059999465942383,2340100
2023-04-26,18.1299991607666,18.5,18.059999465942383,18.34000015258789,18.34000015258789,1661400
2023-04-27,18.489999771118164,18.709999084472656,18.1200008392334,18.1299991607666,18.1299991607666,3225200
2023-04-28,18.239999771118164,18.399999618530273,17.90999984741211,17.979999542236328,17.979999542236328,3642500
2023-05-01,17.8700008392334,17.920000076293945,17.420000076293945,17.600000381469727,17.600000381469727,9201700
2023-05-02,9.25,9.850000381469727,8.720000267028809,9.079999923706055,9.079999923706055,50376200
2023-05-03,9.619999885559082,11.069999694824219,9.300000190734863,10.170000076293945,10.170000076293945,33676900
2023-05-04,10.050000190734863,10.229999542236328,9.289999961853027,9.4399995803833,9.4399995803833,9858400
2023-05-05,9.510000228881836,10.369999885559082,9.470000267028809,10.140000343322754,10.140000343322754,8728100
2023-05-08,10.130000114440918,10.430000305175781,9.9399995803833,10.100000381469727,10.100000381469727,5914600
2023-05-09,9.960000038146973,10.0600004196167,9.75,9.979999542236328,9.979999542236328,3799000
2023-05-10,10.109999656677246,10.1899995803833,9.739999771118164,9.800000190734863,9.800000190734863,4796100
2023-05-11,9.6899995803833,9.720000267028809,9.4399995803833,9.470000267028809,9.470000267028809,3716400
2023-05-12,9.8100004196167,9.9399995803833,9.609999656677246,9.710000038146973,9.710000038146973,3424200
2023-05-15,9.670000076293945,9.800000190734863,9.59000015258789,9.65999984741211,9.65999984741211,4503700
2023-05-16,9.649999618530273,9.710000038146973,9.199999809265137,9.220000267028809,9.220000267028809,3328300
2023-05-17,9.260000228881836,9.34000015258789,9.119999885559082,9.149999618530273,9.149999618530273,3221000
2023-05-18,9.119999885559082,9.5600004196167,9.09000015258789,9.430000305175781,9.430000305175781,3717600
2023-05-19,9.399999618530273,9.430000305175781,9.199999809265137,9.220000267028809,9.220000267028809,2005200
2023-05-22,9.270000457763672,9.510000228881836,9.149999618530273,9.449999809265137,9.449999809265137,2853200
2023-05-23,9.460000038146973,9.760000228881836,9.350000381469727,9.470000267028809,9.470000267028809,3761800
2023-05-24,9.380000114440918,9.710000038146973,9.329999923706055,9.6899995803833,9.6899995803833,2600700
2023-05-25,9.5600004196167,9.5600004196167,9.229999542236328,9.319999694824219,9.319999694824219,2490600
2023-05-26,9.329999923706055,9.40999984741211,9.15999984741211,9.199999809265137,9.199999809265137,2606300
2023-05-30,9.279999732971191,9.390000343322754,8.979999542236328,9.109999656677246,9.109999656677246,3341700
2023-05-31,9.079999923706055,9.239999771118164,8.819999694824219,8.979999542236328,8.979999542236328,3298000
2023-06-01,9.029999732971191,9.149999618530273,8.720000267028809,9.020000457763672,9.020000457763672,3902600
2023-06-02,9.210000038146973,9.609999656677246,9.180000305175781,9.609999656677246,9.609999656677246,4859600
2023-06-05,9.539999961853027,9.670000076293945,9.470000267028809,9.479999542236328,9.479999542236328,2843500
2023-06-06,9.40999984741211,10.140000343322754,9.380000114440918,10.069999694824219,10.069999694824219,3863100
2023-06-07,9.899999618530273,10.199999809265137,9.880000114440918,10.140000343322754,10.140000343322754,3354600
2023-06-08,10.210000038146973,10.4399995803833,10.020000457763672,10.359999656677246,10.359999656677246,3686700
2023-06-09,10.390000343322754,10.5600004196167,10.359999656677246,10.5,10.5,3170400
2023-06-12,10.550000190734863,10.9399995803833,10.420000076293945,10.930000305175781,10.930000305175781,3520400
2023-06-13,11.0,11.029999732971191,10.550000190734863,10.609999656677246,10.609999656677246,3218400
2023-06-14,10.630000114440918,10.949999809265137,10.029999732971191,10.1899995803833,10.1899995803833,3066000
2023-06-15,10.130000114440918,10.25,10.029999732971191,10.220000267028809,10.220000267028809,2279100
2023-06-16,10.220000267028809,10.220000267028809,9.779999732971191,9.800000190734863,9.800000190734863,3964200
2023-06-20,9.859999656677246,9.859999656677246,9.489999771118164,9.619999885559082,9.619999885559082,2379700
2023-06-21,9.539999961853027,9.649999618530273,9.3100004196167,9.520000457763672,9.520000457763672,2482200
2023-06-22,9.479999542236328,9.479999542236328,9.1899995803833,9.239999771118164,9.239999771118164,2803100
2023-06-23,9.119999885559082,9.210000038146973,8.850000381469727,8.869999885559082,8.869999885559082,5017900
2023-06-26,8.899999618530273,9.050000190734863,8.720000267028809,8.739999771118164,8.739999771118164,3552800
2023-06-27,8.819999694824219,8.84000015258789,8.600000381469727,8.699999809265137,8.699999809265137,2910000
2023-06-28,8.699999809265137,8.890000343322754,8.550000190734863,8.829999923706055,8.829999923706055,3392200
2023-06-29,8.789999961853027,9.039999961853027,8.779999732971191,8.829999923706055,8.829999923706055,2488100
2023-06-30,8.90999984741211,8.960000038146973,8.779999732971191,8.880000114440918,8.880000114440918,2429300
2023-07-03,8.890000343322754,9.4399995803833,8.890000343322754,9.420000076293945,9.420000076293945,1891800
2023-07-05,9.3100004196167,9.380000114440918,8.9399995803833,8.970000267028809,8.970000267028809,3361000
2023-07-06,8.869999885559082,8.869999885559082,8.59000015258789,8.65999984741211,8.65999984741211,3043900
2023-07-07,8.829999923706055,9.100000381469727,8.8100004196167,8.989999771118164,8.989999771118164,2941500
2023-07-10,8.9399995803833,9.220000267028809,8.880000114440918,8.899999618530273,8.899999618530273,3016700
2023-07-11,8.970000267028809,9.279999732971191,8.970000267028809,9.170000076293945,9.170000076293945,2755700
2023-07-12,9.369999885559082,9.399999618530273,9.09000015258789,9.390000343322754,9.390000343322754,2548900
2023-07-13,9.369999885559082,9.529999732971191,9.279999732971191,9.479999542236328,9.479999542236328,3270700
2023-07-14,9.40999984741211,9.479999542236328,9.15999984741211,9.180000305175781,9.180000305175781,1819400
2023-07-17,9.170000076293945,9.270000457763672,9.010000228881836,9.119999885559082,9.119999885559082,2388300
2023-07-18,9.180000305175781,9.369999885559082,9.050000190734863,9.359999656677246,9.359999656677246,2055800
2023-07-19,9.479999542236328,9.859999656677246,9.420000076293945,9.59000015258789,9.59000015258789,2812100
2023-07-20,9.579999923706055,9.800000190734863,9.5,9.579999923706055,9.579999923706055,2140000
2023-07-21,9.699999809265137,9.779999732971191,9.300000190734863,9.600000381469727,9.600000381469727,2322100
2023-07-24,9.579999923706055,9.979999542236328,9.550000190734863,9.869999885559082,9.869999885559082,2346200
2023-07-25,9.619999885559082,10.149999618530273,9.619999885559082,10.09000015258789,10.09000015258789,2178500
2023-07-26,10.09000015258789,10.289999961853027,9.970000267028809,10.100000381469727,10.100000381469727,2006600
2023-07-27,10.1899995803833,10.3100004196167,9.859999656677246,9.890000343322754,9.890000343322754,1856400
2023-07-28,10.100000381469727,10.1899995803833,9.970000267028809,10.1899995803833,10.1899995803833,1507600
2023-07-31,10.239999771118164,10.390000343322754,10.100000381469727,10.130000114440918,10.130000114440918,2028600
2023-08-01,10.100000381469727,10.649999618530273,9.90999984741211,10.34000015258789,10.34000015258789,2948900
2023-08-02,10.119999885559082,10.210000038146973,9.880000114440918,10.15999984741211,10.15999984741211,2803300
2023-08-03,10.130000114440918,10.579999923706055,10.039999961853027,10.4399995803833,10.4399995803833,2203600
2023-08-04,10.5,10.760000228881836,10.449999809265137,10.489999771118164,10.489999771118164,2135400
2023-08-07,10.5,10.630000114440918,10.0,10.029999732971191,10.029999732971191,7175900
2023-08-08,13.100000381469727,13.109999656677246,10.380000114440918,10.460000038146973,10.460000038146973,21253800
2023-08-09,10.319999694824219,10.770000457763672,9.930000305175781,10.130000114440918,10.130000114440918,6444800
2023-08-10,10.1899995803833,10.470000267028809,10.149999618530273,10.289999961853027,10.289999961853027,3243300
2023-08-11,10.140000343322754,10.260000228881836,9.970000267028809,10.149999618530273,10.149999618530273,2182000
2023-08-14,10.020000457763672,10.170000076293945,9.880000114440918,10.149999618530273,10.149999618530273,2746200
2023-08-15,10.050000190734863,10.170000076293945,9.789999961853027,9.800000190734863,9.800000190734863,2117500
2023-08-16,9.75,9.829999923706055,9.520000457763672,9.529999732971191,9.529999732971191,2228600
2023-08-17,10.300000190734863,10.789999961853027,10.029999732971191,10.609999656677246,10.609999656677246,5865600
2023-08-18,10.399999618530273,10.619999885559082,9.989999771118164,10.0,10.0,2772400
2023-08-21,9.979999542236328,10.079999923706055,9.859999656677246,10.050000190734863,10.050000190734863,2136000
2023-08-22,10.020000457763672,10.09000015258789,9.739999771118164,9.739999771118164,9.739999771118164,1225700
2023-08-23,9.710000038146973,9.930000305175781,9.600000381469727,9.899999618530273,9.899999618530273,2200300
2023-08-24,9.800000190734863,9.859999656677246,9.449999809265137,9.59000015258789,9.59000015258789,1991200
2023-08-25,9.640000343322754,9.65999984741211,9.40999984741211,9.569999694824219,9.569999694824219,1296000
2023-08-28,9.640000343322754,10.069999694824219,9.640000343322754,9.970000267028809,9.970000267028809,2251300
2023-08-29,9.9399995803833,10.029999732971191,9.789999961853027,9.899999618530273,9.899999618530273,2282700
2023-08-30,9.930000305175781,10.119999885559082,9.829999923706055,10.079999923706055,10.079999923706055,2403000
2023-08-31,10.039999961853027,10.350000381469727,10.010000228881836,10.210000038146973,10.210000038146973,2213100
2023-09-01,10.369999885559082,10.789999961853027,10.369999885559082,10.640000343322754,10.640000343322754,1936200
2023-09-05,10.520000457763672,10.670000076293945,10.359999656677246,10.479999542236328,10.479999542236328,1745800
2023-09-06,10.489999771118164,10.510000228881836,10.039999961853027,10.220000267028809,10.220000267028809,1852200
2023-09-07,10.0600004196167,10.199999809265137,10.020000457763672,10.149999618530273,10.149999618530273,1517100
2023-09-08,10.229999542236328,10.279999732971191,10.100000381469727,10.1899995803833,10.1899995803833,936900
2023-09-11,10.289999961853027,10.399999618530273,10.199999809265137,10.399999618530273,10.399999618530273,1563900
2023-09-12,10.359999656677246,10.420000076293945,10.0600004196167,10.0600004196167,10.0600004196167,1235400
2023-09-13,10.119999885559082,10.119999885559082,9.899999618530273,9.930000305175781,9.930000305175781,1419400
2023-09-14,10.050000190734863,10.140000343322754,9.979999542236328,10.020000457763672,10.020000457763672,1487700
2023-09-15,10.020000457763672,10.020000457763672,9.8100004196167,9.819999694824219,9.819999694824219,2138700
2023-09-18,9.800000190734863,9.890000343322754,9.699999809265137,9.75,9.75,1238300
2023-09-19,9.710000038146973,9.829999923706055,9.489999771118164,9.5,9.5,1605200
2023-09-20,9.300000190734863,9.569999694824219,9.109999656677246,9.449999809265137,9.449999809265137,2159100
2023-09-21,9.350000381469727,9.399999618530273,8.960000038146973,8.970000267028809,8.970000267028809,1795300
2023-09-22,9.050000190734863,9.109999656677246,8.819999694824219,8.9399995803833,8.9399995803833,1764100
2023-09-25,8.800000190734863,9.039999961853027,8.800000190734863,8.970000267028809,8.970000267028809,1754500
2023-09-26,8.84000015258789,8.979999542236328,8.819999694824219,8.84000015258789,8.84000015258789,4722400
2023-09-27,8.850000381469727,8.970000267028809,8.649999618530273,8.729999542236328,8.729999542236328,2018100
2023-09-28,8.739999771118164,9.0,8.65999984741211,8.9399995803833,8.9399995803833,1978300
2023-09-29,9.010000228881836,9.180000305175781,8.880000114440918,8.920000076293945,8.920000076293945,2621600
2023-10-02,8.9399995803833,9.029999732971191,8.649999618530273,8.75,8.75,1603000
2023-10-03,8.65999984741211,8.729999542236328,8.520000457763672,8.670000076293945,8.670000076293945,1659000
2023-10-04,8.699999809265137,8.699999809265137,8.300000190734863,8.470000267028809,8.470000267028809,1762700
2023-10-05,8.460000038146973,8.5600004196167,8.289999961853027,8.40999984741211,8.40999984741211,1248900
2023-10-06,8.300000190734863,8.430000305175781,8.270000457763672,8.359999656677246,8.359999656677246,1518200
2023-10-09,8.25,8.369999885559082,8.140000343322754,8.289999961853027,8.289999961853027,1100900
2023-10-10,8.350000381469727,8.720000267028809,8.319999694824219,8.680000305175781,8.680000305175781,1835900
2023-10-11,8.699999809265137,8.779999732971191,8.390000343322754,8.449999809265137,8.449999809265137,2366100
2023-10-12,8.520000457763672,8.520000457763672,8.079999923706055,8.199999809265137,8.199999809265137,2021600
2023-10-13,8.149999618530273,8.279999732971191,8.130000114440918,8.260000228881836,8.260000228881836,1575400
2023-10-16,8.350000381469727,8.550000190734863,8.279999732971191,8.489999771118164,8.489999771118164,1331500
2023-10-17,8.420000076293945,8.699999809265137,8.420000076293945,8.4399995803833,8.4399995803833,1104200
2023-10-18,8.319999694824219,8.449999809265137,8.260000228881836,8.420000076293945,8.420000076293945,1173500
2023-10-19,8.359999656677246,8.479999542236328,8.229999542236328,8.239999771118164,8.239999771118164,1200100
2023-10-20,8.229999542236328,8.489999771118164,8.149999618530273,8.390000343322754,8.390000343322754,1911500
2023-10-23,8.25,8.479999542236328,8.130000114440918,8.319999694824219,8.319999694824219,1396300
2023-10-24,8.4399995803833,8.600000381469727,8.170000076293945,8.279999732971191,8.279999732971191,1565000
2023-10-25,8.199999809265137,8.359999656677246,8.109999656677246,8.34000015258789,8.34000015258789,1794700
2023-10-26,8.359999656677246,8.569999694824219,8.239999771118164,8.479999542236328,8.479999542236328,2709500
2023-10-27,8.619999885559082,8.75,8.449999809265137,8.479999542236328,8.479999542236328,3047800
2023-10-30,8.59000015258789,8.9399995803833,8.59000015258789,8.869999885559082,8.869999885559082,4625000
2023-10-31,8.579999923706055,8.649999618530273,7.320000171661377,7.53000020980835,7.53000020980835,9726900
2023-11-01,7.619999885559082,7.789999961853027,7.369999885559082,7.5,7.5,6598700
2023-11-02,7.690000057220459,7.989999771118164,7.619999885559082,7.989999771118164,7.989999771118164,4121300
2023-11-03,8.170000076293945,8.579999923706055,8.15999984741211,8.350000381469727,8.350000381469727,2355700
2023-11-06,8.319999694824219,8.369999885559082,7.909999847412109,8.020000457763672,8.020000457763672,1668800
2023-11-07,8.0,8.680000305175781,7.989999771118164,8.619999885559082,8.619999885559082,2390400
2023-11-08,8.529999732971191,8.979999542236328,8.470000267028809,8.90999984741211,8.90999984741211,2179000
2023-11-09,8.979999542236328,9.149999618530273,8.579999923706055,8.600000381469727,8.600000381469727,1875500
2023-11-10,8.630000114440918,8.670000076293945,8.350000381469727,8.4399995803833,8.4399995803833,2325500
2023-11-13,8.399999618530273,8.539999961853027,8.319999694824219,8.520000457763672,8.520000457763672,1322500
2023-11-14,8.819999694824219,8.989999771118164,8.710000038146973,8.890000343322754,8.890000343322754,2182900
2023-11-15,9.390000343322754,10.729999542236328,9.289999961853027,10.489999771118164,10.489999771118164,7191700
2023-11-16,10.300000190734863,10.489999771118164,10.010000228881836,10.359999656677246,10.359999656677246,4749000
2023-11-17,10.460000038146973,10.470000267028809,10.149999618530273,10.460000038146973,10.460000038146973,2342900
2023-11-20,9.5600004196167,9.960000038146973,9.079999923706055,9.8100004196167,9.8100004196167,5683200
2023-11-21,9.789999961853027,10.130000114440918,9.6899995803833,10.130000114440918,10.130000114440918,3950400
2023-11-22,10.300000190734863,10.470000267028809,10.210000038146973,10.329999923706055,10.329999923706055,2029400
2023-11-24,10.210000038146973,10.350000381469727,10.039999961853027,10.149999618530273,10.149999618530273,706600
2023-11-27,10.020000457763672,10.1899995803833,9.949999809265137,10.010000228881836,10.010000228881836,1659800
2023-11-28,10.029999732971191,10.359999656677246,9.880000114440918,10.279999732971191,10.279999732971191,2322000
2023-11-29,10.300000190734863,10.489999771118164,10.180000305175781,10.199999809265137,10.199999809265137,2099900
2023-11-30,10.199999809265137,10.199999809265137,9.850000381469727,9.930000305175781,9.930000305175781,2769700
2023-12-01,9.899999618530273,10.260000228881836,9.869999885559082,10.229999542236328,10.229999542236328,2014600
2023-12-04,10.149999618530273,10.4399995803833,10.039999961853027,10.270000457763672,10.270000457763672,1775000
2023-12-05,10.109999656677246,10.380000114440918,10.0,10.0,10.0,1976200
2023-12-06,10.199999809265137,10.640000343322754,10.140000343322754,10.510000228881836,10.510000228881836,1663600
2023-12-07,10.5,10.90999984741211,10.449999809265137,10.850000381469727,10.850000381469727,2039700
2023-12-08,10.800000190734863,11.020000457763672,10.65999984741211,10.680000305175781,10.680000305175781,1623200
2023-12-11,10.630000114440918,10.8100004196167,10.5600004196167,10.670000076293945,10.670000076293945,1705200
2023-12-12,10.65999984741211,10.75,10.510000228881836,10.550000190734863,10.550000190734863,2111200
2023-12-13,10.579999923706055,11.020000457763672,10.390000343322754,10.979999542236328,10.979999542236328,2368700
2023-12-14,11.1899995803833,11.350000381469727,10.770000457763672,11.069999694824219,11.069999694824219,4563000
2023-12-15,11.079999923706055,11.170000076293945,10.59000015258789,10.670000076293945,10.670000076293945,3328100
2023-12-18,10.479999542236328,11.369999885559082,10.170000076293945,11.029999732971191,11.029999732971191,2392500
2023-12-19,11.100000381469727,11.390000343322754,11.050000190734863,11.140000343322754,11.140000343322754,2173700
2023-12-20,11.119999885559082,11.270000457763672,10.9399995803833,11.0,11.0,2935000
2023-12-21,11.220000267028809,11.350000381469727,10.989999771118164,11.170000076293945,11.170000076293945,1896100
2023-12-22,11.180000305175781,11.1899995803833,10.989999771118164,11.0600004196167,11.0600004196167,1386800
2023-12-26,11.0600004196167,11.229999542236328,11.010000228881836,11.119999885559082,11.119999885559082,1100200
2023-12-27,11.210000038146973,11.300000190734863,11.140000343322754,11.289999961853027,11.289999961853027,1546600
2023-12-28,11.220000267028809,11.479999542236328,11.210000038146973,11.40999984741211,11.40999984741211,2207400
2023-12-29,11.380000114440918,11.460000038146973,11.229999542236328,11.359999656677246,11.359999656677246,1694000
2024-01-02,11.239999771118164,11.470000267028809,11.0600004196167,11.229999542236328,11.229999542236328,1991600
2024-01-03,11.210000038146973,11.319999694824219,10.970000267028809,11.069999694824219,11.069999694824219,3225700
2024-01-04,11.100000381469727,11.109999656677246,10.470000267028809,10.680000305175781,10.680000305175781,4841400
2024-01-05,10.640000343322754,10.960000038146973,10.479999542236328,10.779999732971191,10.779999732971191,2321100
2024-01-08,10.760000228881836,11.079999923706055,10.65999984741211,10.869999885559082,10.869999885559082,2062900
2024-01-09,10.729999542236328,11.09000015258789,10.479999542236328,10.989999771118164,10.989999771118164,3236900
2024-01-10,11.010000228881836,11.069999694824219,10.670000076293945,10.800000190734863,10.800000190734863,1757300
2024-01-11,10.739999771118164,10.890000343322754,10.609999656677246,10.869999885559082,10.869999885559082,1518400
2024-01-12,11.0,11.119999885559082,10.850000381469727,11.100000381469727,11.100000381469727,1429700
2024-01-16,11.020000457763672,11.25,10.869999885559082,10.869999885559082,10.869999885559082,2404600
2024-01-17,10.609999656677246,10.859999656677246,10.300000190734863,10.75,10.75,2261200
2024-01-18,10.779999732971191,10.800000190734863,10.010000228881836,10.0600004196167,10.0600004196167,3403300
2024-01-19,8.899999618530273,9.850000381469727,8.899999618530273,9.84000015258789,9.84000015258789,4296800
2024-01-22,9.770000457763672,10.229999542236328,9.75,10.0,10.0,2896500
2024-01-23,10.100000381469727,10.270000457763672,10.010000228881836,10.010000228881836,10.010000228881836,2063000
2024-01-24,10.100000381469727,10.210000038146973,9.84000015258789,9.979999542236328,9.979999542236328,1837900
2024-01-25,10.050000190734863,10.220000267028809,10.010000228881836,10.140000343322754,10.140000343322754,2544300
2024-01-26,10.1899995803833,10.5,10.1899995803833,10.329999923706055,10.329999923706055,1951200
2024-01-29,10.279999732971191,10.319999694824219,9.880000114440918,10.15999984741211,10.15999984741211,3317100
2024-01-30,10.140000343322754,10.180000305175781,9.75,9.779999732971191,9.779999732971191,2124700
2024-01-31,9.779999732971191,10.289999961853027,9.75,9.850000381469727,9.850000381469727,2797300
2024-02-01,9.920000076293945,10.130000114440918,9.829999923706055,9.850000381469727,9.850000381469727,1790300
2024-02-02,9.75,9.84000015258789,9.529999732971191,9.569999694824219,9.569999694824219,4077900
2024-02-05,9.539999961853027,9.539999961853027,9.149999618530273,9.300000190734863,9.300000190734863,7025400
2024-02-06,8.550000190734863,9.75,8.550000190734863,8.729999542236328,8.729999542236328,10543600
2024-02-07,8.760000228881836,8.819999694824219,8.390000343322754,8.600000381469727,8.600000381469727,4796000
2024-02-08,8.600000381469727,8.699999809265137,8.470000267028809,8.600000381469727,8.600000381469727,2527200
2024-02-09,8.600000381469727,8.960000038146973,8.520000457763672,8.729999542236328,8.729999542236328,2927700
2024-02-12,8.729999542236328,8.960000038146973,8.729999542236328,8.829999923706055,8.829999923706055,2509300
2024-02-13,8.5600004196167,8.819999694824219,8.470000267028809,8.6899995803833,8.6899995803833,4994500
2024-02-14,8.819999694824219,9.079999923706055,8.739999771118164,9.050000190734863,9.050000190734863,3451600
2024-02-15,9.079999923706055,9.34000015258789,9.069999694824219,9.3100004196167,9.3100004196167,3319900
2024-02-16,9.229999542236328,9.319999694824219,8.989999771118164,9.09000015258789,9.09000015258789,2817900
2024-02-20,9.0600004196167,9.109999656677246,8.739999771118164,8.739999771118164,8.739999771118164,2864900
2024-02-21,8.699999809265137,8.8100004196167,8.5600004196167,8.720000267028809,8.720000267028809,3810300
2024-02-22,8.739999771118164,8.899999618530273,8.680000305175781,8.760000228881836,8.760000228881836,4023200
2024-02-23,8.739999771118164,8.989999771118164,8.710000038146973,8.920000076293945,8.920000076293945,2307800
2024-02-26,8.84000015258789,8.949999809265137,8.680000305175781,8.710000038146973,8.710000038146973,3870200
2024-02-27,8.789999961853027,9.020000457763672,8.770000457763672,8.84000015258789,8.84000015258789,1833800
2024-02-28,8.739999771118164,8.829999923706055,8.510000228881836,8.550000190734863,8.550000190734863,3274500
2024-02-29,8.699999809265137,8.989999771118164,8.6899995803833,8.9399995803833,8.9399995803833,2386100
2024-03-01,8.930000305175781,9.140000343322754,8.90999984741211,9.039999961853027,9.039999961853027,2816800
2024-03-04,9.029999732971191,9.140000343322754,8.760000228881836,8.859999656677246,8.859999656677246,1905500
2024-03-05,8.75,8.760000228881836,8.199999809265137,8.239999771118164,8.239999771118164,3484200
2024-03-06,8.289999961853027,8.3100004196167,7.860000133514404,7.949999809265137,7.949999809265137,2961600
2024-03-07,7.980000019073486,8.279999732971191,7.949999809265137,8.239999771118164,8.239999771118164,2244200
2024-03-08,8.260000228881836,8.369999885559082,8.09000015258789,8.180000305175781,8.180000305175781,1658800
2024-03-11,8.34000015258789,8.40999984741211,8.180000305175781,8.199999809265137,8.199999809265137,1872900
2024-03-12,8.229999542236328,8.229999542236328,7.960000038146973,8.020000457763672,8.020000457763672,1478700
2024-03-13,7.960000038146973,8.149999618530273,7.949999809265137,8.029999732971191,8.029999732971191,1799600
2024-03-14,7.96999979019165,8.039999961853027,7.71999979019165,7.869999885559082,7.869999885559082,2830900
2024-03-15,7.800000190734863,8.0,7.800000190734863,7.96999979019165,7.96999979019165,2855300
2024-03-18,7.929999828338623,7.96999979019165,7.739999771118164,7.829999923706055,7.829999923706055,2483100
2024-03-19,7.769999980926514,7.889999866485596,7.710000038146973,7.829999923706055,7.829999923706055,1979300
2024-03-20,7.75,8.050000190734863,7.71999979019165,8.0,8.0,1485200
2024-03-21,8.050000190734863,8.149999618530273,7.949999809265137,8.020000457763672,8.020000457763672,1896600
2024-03-22,8.039999961853027,8.119999885559082,7.699999809265137,7.809999942779541,7.809999942779541,1239000
2024-03-25,7.690000057220459,7.800000190734863,7.429999828338623,7.489999771118164,7.489999771118164,2634300
2024-03-26,7.590000152587891,7.650000095367432,7.369999885559082,7.369999885559082,7.369999885559082,2127100
2024-03-27,7.369999885559082,7.599999904632568,7.300000190734863,7.579999923706055,7.579999923706055,2581000
2024-03-28,7.590000152587891,7.690000057220459,7.480000019073486,7.570000171661377,7.570000171661377,1319500
2024-04-01,7.630000114440918,7.75,7.210000038146973,7.21999979019165,7.21999979019165,2538300
2024-04-02,7.119999885559082,7.210000038146973,7.059999942779541,7.130000114440918,7.130000114440918,2027300
2024-04-03,7.099999904632568,7.230000019073486,7.079999923706055,7.190000057220459,7.190000057220459,1489600
2024-04-04,7.289999961853027,7.409999847412109,7.039999961853027,7.059999942779541,7.059999942779541,1270600
2024-04-05,7.010000228881836,7.159999847412109,6.980000019073486,7.130000114440918,7.130000114440918,2089100
2024-04-08,7.179999828338623,7.320000171661377,7.179999828338623,7.21999979019165,7.21999979019165,1295200
2024-04-09,7.25,7.590000152587891,7.21999979019165,7.590000152587891,7.590000152587891,2383200
2024-04-10,7.369999885559082,7.53000020980835,7.309999942779541,7.5,7.5,2394500
2024-04-11,7.539999961853027,7.679999828338623,7.289999961853027,7.449999809265137,7.449999809265137,1929600
2024-04-12,7.380000114440918,7.420000076293945,7.099999904632568,7.150000095367432,7.150000095367432,1489200
2024-04-15,7.130000114440918,7.21999979019165,6.75,6.869999885559082,6.869999885559082,2173800
2024-04-16,6.800000190734863,6.880000114440918,6.630000114440918,6.809999942779541,6.809999942779541,1978200
2024-04-17,6.840000152587891,6.920000076293945,6.739999771118164,6.900000095367432,6.900000095367432,3411100
2024-04-18,6.929999828338623,7.199999809265137,6.920000076293945,7.03000020980835,7.03000020980835,2076200
2024-04-19,6.920000076293945,7.260000228881836,6.920000076293945,7.090000152587891,7.090000152587891,2227900
2024-04-22,7.110000133514404,7.179999828338623,6.820000171661377,6.820000171661377,6.820000171661377,1470400
2024-04-23,6.800000190734863,6.980000019073486,6.699999809265137,6.829999923706055,6.829999923706055,1902900
2024-04-24,6.789999961853027,6.909999847412109,6.630000114440918,6.809999942779541,6.809999942779541,2097900
2024-04-25,6.75,6.900000095367432,6.699999809265137,6.880000114440918,6.880000114440918,1511200
2024-04-26,6.960000038146973,7.179999828338623,6.960000038146973,7.099999904632568,7.099999904632568,1957900
2024-04-29,7.059999942779541,7.21999979019165,6.840000152587891,7.170000076293945,7.170000076293945,4952500
2024-04-30,6.21999979019165,6.230000019073486,5.110000133514404,5.170000076293945,5.170000076293945,18726000
2024-05-01,5.150000095367432,5.46999979019165,4.960000038146973,5.380000114440918,5.380000114440918,7543100
2024-05-02,5.449999809265137,5.489999771118164,5.070000171661377,5.210000038146973,5.210000038146973,4370200
2024-05-03,5.360000133514404,5.389999866485596,5.119999885559082,5.239999771118164,5.239999771118164,4176700
2024-05-06,5.269999980926514,5.329999923706055,5.150000095367432,5.159999847412109,5.159999847412109,2523900
2024-05-07,5.139999866485596,5.21999979019165,5.059999942779541,5.059999942779541,5.059999942779541,2867100
2024-05-08,5.010000228881836,5.179999828338623,4.960000038146973,4.960000038146973,4.960000038146973,3521300
2024-05-09,4.96999979019165,5.03000020980835,4.869999885559082,4.929999828338623,4.929999828338623,3246400
2024-05-10,4.920000076293945,4.949999809265137,4.670000076293945,4.679999828338623,4.679999828338623,3345800
2024-05-13,4.739999771118164,4.840000152587891,4.510000228881836,4.570000171661377,4.570000171661377,4859400
2024-05-14,4.630000114440918,4.800000190734863,4.610000133514404,4.679999828338623,4.679999828338623,4275700
2024-05-15,4.739999771118164,4.840000152587891,4.46999979019165,4.610000133514404,4.610000133514404,4450500
2024-05-16,4.599999904632568,4.670000076293945,4.510000228881836,4.599999904632568,4.599999904632568,2933300
2024-05-17,4.559999942779541,4.559999942779541,4.369999885559082,4.380000114440918,4.380000114440918,4114600
2024-05-20,4.380000114440918,4.389999866485596,4.050000190734863,4.070000171661377,4.070000171661377,4834900
2024-05-21,4.010000228881836,4.179999828338623,3.890000104904175,4.099999904632568,4.099999904632568,7357200
2024-05-22,4.090000152587891,4.130000114440918,3.930000066757202,3.940000057220459,3.940000057220459,2529400
2024-05-23,3.9200000762939453,3.930000066757202,3.7300000190734863,3.7699999809265137,3.7699999809265137,3924400
2024-05-24,3.799999952316284,3.8299999237060547,3.690000057220459,3.690000057220459,3.690000057220459,2343500
2024-05-28,3.700000047683716,3.7699999809265137,3.609999895095825,3.630000114440918,3.630000114440918,2597400
2024-05-29,3.5799999237060547,3.7200000286102295,3.509999990463257,3.6700000762939453,3.6700000762939453,3988900
2024-05-30,3.690000057220459,3.880000114440918,3.6700000762939453,3.7699999809265137,3.7699999809265137,4499500
2024-05-31,3.799999952316284,3.9100000858306885,3.759999990463257,3.8299999237060547,3.8299999237060547,4279800
2024-06-03,3.8399999141693115,3.9200000762939453,3.6500000953674316,3.6600000858306885,3.6600000858306885,3549100
2024-06-04,3.5999999046325684,3.759999990463257,3.5999999046325684,3.619999885559082,3.619999885559082,3698900
2024-06-05,3.640000104904175,3.7699999809265137,3.609999895095825,3.680000066757202,3.680000066757202,3338100
2024-06-06,3.6600000858306885,3.759999990463257,3.630000114440918,3.75,3.75,2198700
2024-06-07,3.6700000762939453,3.7699999809265137,3.630000114440918,3.700000047683716,3.700000047683716,2218100
2024-06-10,3.700000047683716,3.7100000381469727,3.5799999237060547,3.6700000762939453,3.6700000762939453,2333500
2024-06-11,3.630000114440918,3.7200000286102295,3.5899999141693115,3.5999999046325684,3.5999999046325684,2311700
2024-06-12,3.6500000953674316,3.75,3.3499999046325684,3.430000066757202,3.430000066757202,4065200
2024-06-13,3.4200000762939453,3.450000047683716,3.0299999713897705,3.0399999618530273,3.0399999618530273,7388500
2024-06-14,2.9800000190734863,3.0399999618530273,2.7200000286102295,2.7899999618530273,2.7899999618530273,6455900
2024-06-17,2.809999942779541,2.859999895095825,2.5999999046325684,2.609999895095825,2.609999895095825,5723500
2024-06-18,3.0199999809265137,3.259999990463257,2.690000057220459,2.700000047683716,2.700000047683716,20178300
2024-06-20,2.680000066757202,2.859999895095825,2.5299999713897705,2.819999933242798,2.819999933242798,6594800
2024-06-21,2.819999933242798,2.869999885559082,2.7300000190734863,2.8499999046325684,2.8499999046325684,4252300
2024-06-24,2.8299999237060547,3.069999933242798,2.819999933242798,3.0299999713897705,3.0299999713897705,5770400
2024-06-25,3.0299999713897705,3.0999999046325684,2.9200000762939453,2.9800000190734863,2.9800000190734863,3426700
2024-06-26,2.940000057220459,2.9600000381469727,2.8299999237060547,2.9100000858306885,2.9100000858306885,2656900
2024-06-27,2.9200000762939453,3.009999990463257,2.869999885559082,2.9600000381469727,2.9600000381469727,3579200
2024-06-28,2.9700000286102295,3.1700000762939453,2.9700000286102295,3.1600000858306885,3.1600000858306885,7359800
2024-07-01,3.1600000858306885,3.200000047683716,2.9100000858306885,2.990000009536743,2.990000009536743,3323900
2024-07-02,2.9700000286102295,3.0,2.819999933242798,2.890000104904175,2.890000104904175,2603200
2024-07-03,2.9000000953674316,2.9800000190734863,2.869999885559082,2.880000114440918,2.880000114440918,1217100
2024-07-05,2.869999885559082,2.9000000953674316,2.759999990463257,2.7699999809265137,2.7699999809265137,3168600
2024-07-08,2.7799999713897705,2.940000057220459,2.7699999809265137,2.9100000858306885,2.9100000858306885,3161400
2024-07-09,2.9100000858306885,2.9100000858306885,2.7699999809265137,2.799999952316284,2.799999952316284,3513800
2024-07-10,2.799999952316284,2.880000114440918,2.680000066757202,2.690000057220459,2.690000057220459,2434400
2024-07-11,2.740000009536743,2.9700000286102295,2.7200000286102295,2.930000066757202,2.930000066757202,4088800
2024-07-12,2.9600000381469727,3.0199999809265137,2.869999885559082,2.9800000190734863,2.9800000190734863,2722400
2024-07-15,2.990000009536743,3.1700000762939453,2.9600000381469727,3.1700000762939453,3.1700000762939453,4742100
2024-07-16,3.4200000762939453,3.759999990463257,3.4200000762939453,3.7200000286102295,3.7200000286102295,7607500
2024-07-17,3.6500000953674316,3.759999990463257,3.430000066757202,3.5399999618530273,3.5399999618530273,6543900
2024-07-18,3.509999990463257,3.5299999713897705,3.2300000190734863,3.2699999809265137,3.2699999809265137,3564100
2024-07-19,3.240000009536743,3.369999885559082,3.180000066757202,3.2699999809265137,3.2699999809265137,2827300
2024-07-22,3.299999952316284,3.319999933242798,3.130000114440918,3.25,3.25,6500100
2024-07-23,3.2200000286102295,3.440000057220459,3.2100000381469727,3.3399999141693115,3.3399999141693115,2936600
2024-07-24,3.3399999141693115,3.440000057220459,3.2699999809265137,3.299999952316284,3.299999952316284,2137400
2024-07-25,3.319999933242798,3.559999942779541,3.2899999618530273,3.5199999809265137,3.5199999809265137,2540200
2024-07-26,3.5899999141693115,3.809999942779541,3.440000057220459,3.509999990463257,3.509999990463257,4687900
2024-07-29,3.549999952316284,3.609999895095825,3.369999885559082,3.440000057220459,3.440000057220459,2536700
2024-07-30,3.430000066757202,3.490000009536743,3.3299999237060547,3.4000000953674316,3.4000000953674316,2807200
2024-07-31,3.440000057220459,3.5899999141693115,3.309999942779541,3.4100000858306885,3.4100000858306885,2553800
2024-08-01,3.4000000953674316,3.440000057220459,3.119999885559082,3.180000066757202,3.180000066757202,3441500
2024-08-02,3.0399999618530273,3.0799999237060547,2.950000047683716,3.0,3.0,3530700
2024-08-05,2.7699999809265137,2.9800000190734863,2.690000057220459,2.930000066757202,2.930000066757202,4712400
2024-08-06,2.450000047683716,2.4600000381469727,2.109999895095825,2.2799999713897705,2.2799999713897705,12835100
2024-08-07,2.299999952316284,2.319999933242798,2.200000047683716,2.2100000381469727,2.2100000381469727,4899600
2024-08-08,2.2300000190734863,2.3399999141693115,2.2100000381469727,2.259999990463257,2.259999990463257,3780800
2024-08-09,2.2799999713897705,2.2899999618530273,2.0899999141693115,2.0999999046325684,2.0999999046325684,4148900
2024-08-12,2.069999933242798,2.119999885559082,1.9900000095367432,2.049999952316284,2.049999952316284,6932400
2024-08-13,2.049999952316284,2.119999885559082,2.0399999618530273,2.0999999046325684,2.0999999046325684,3215800
2024-08-14,2.0999999046325684,2.1700000762939453,1.9700000286102295,1.9800000190734863,1.9800000190734863,3708400
2024-08-15,2.0199999809265137,2.0899999141693115,1.9700000286102295,1.9700000286102295,1.9700000286102295,3609500
2024-08-16,1.9700000286102295,2.130000114440918,1.9500000476837158,2.049999952316284,2.049999952316284,3642300
2024-08-19,2.069999933242798,2.319999933242798,2.069999933242798,2.2899999618530273,2.2899999618530273,4678700
2024-08-20,2.2699999809265137,2.2899999618530273,2.069999933242798,2.109999895095825,2.109999895095825,4917800
2024-08-21,2.140000104904175,2.3299999237060547,2.109999895095825,2.2899999618530273,2.2899999618530273,3507400
2024-08-22,2.299999952316284,2.299999952316284,2.140000104904175,2.140000104904175,2.140000104904175,2676500
2024-08-23,2.1700000762939453,2.2699999809265137,2.130000114440918,2.2200000286102295,2.2200000286102295,2412900
2024-08-26,2.240000009536743,2.299999952316284,2.180000066757202,2.2799999713897705,2.2799999713897705,2357900
2024-08-27,2.2899999618530273,2.309999942779541,2.2200000286102295,2.2799999713897705,2.2799999713897705,1845600
2024-08-28,2.2699999809265137,2.2699999809265137,2.0899999141693115,2.1500000953674316,2.1500000953674316,2998000
2024-08-29,2.1700000762939453,2.2300000190734863,2.0999999046325684,2.190000057220459,2.190000057220459,1888800
2024-08-30,2.2200000286102295,2.240000009536743,2.140000104904175,2.1600000858306885,2.1600000858306885,5569800
2024-09-03,2.1500000953674316,2.1600000858306885,2.059999942779541,2.109999895095825,2.109999895095825,3326000
2024-09-04,2.0899999141693115,2.1700000762939453,2.0199999809265137,2.0799999237060547,2.0799999237060547,3468900
2024-09-05,2.0999999046325684,2.130000114440918,2.059999942779541,2.069999933242798,2.069999933242798,2582100
2024-09-06,2.0799999237060547,2.0799999237060547,1.8799999952316284,1.899999976158142,1.899999976158142,4161400
2024-09-09,1.8899999856948853,1.9199999570846558,1.7799999713897705,1.7999999523162842,1.7999999523162842,3856600
2024-09-10,1.7999999523162842,1.940000057220459,1.7799999713897705,1.8899999856948853,1.8899999856948853,2942400
2024-09-11,1.8799999952316284,1.9199999570846558,1.8200000524520874,1.9199999570846558,1.9199999570846558,3270900
2024-09-12,1.899999976158142,1.909999966621399,1.7799999713897705,1.850000023841858,1.850000023841858,3577400
2024-09-13,1.8700000047683716,1.9700000286102295,1.8300000429153442,1.840000033378601,1.840000033378601,3675800
2024-09-16,1.8700000047683716,1.8899999856948853,1.7899999618530273,1.809999942779541,1.809999942779541,2441000
2024-09-17,1.809999942779541,1.899999976158142,1.7899999618530273,1.809999942779541,1.809999942779541,2912300
2024-09-18,1.8200000524520874,1.9299999475479126,1.7200000286102295,1.75,1.75,6599500
2024-09-19,1.809999942779541,1.9199999570846558,1.809999942779541,1.840000033378601,1.840000033378601,3549800
2024-09-20,1.7999999523162842,1.809999942779541,1.7200000286102295,1.7400000095367432,1.7400000095367432,6199500
2024-09-23,1.7400000095367432,1.7400000095367432,1.6299999952316284,1.6399999856948853,1.6399999856948853,5593500
2024-09-24,1.649999976158142,1.7200000286102295,1.649999976158142,1.7200000286102295,1.7200000286102295,3412700
2024-09-25,1.7000000476837158,1.7200000286102295,1.6299999952316284,1.6299999952316284,1.6299999952316284,2780000
2024-09-26,1.6699999570846558,1.7100000381469727,1.6299999952316284,1.6299999952316284,1.6299999952316284,2610300
2024-09-27,1.659999966621399,1.8600000143051147,1.659999966621399,1.7699999809265137,1.7699999809265137,4390600
2024-09-30,1.7899999618530273,1.850000023841858,1.7599999904632568,1.7699999809265137,1.7699999809265137,2682900
2024-10-01,1.8300000429153442,1.8600000143051147,1.7699999809265137,1.8200000524520874,1.8200000524520874,3860600
2024-10-02,1.8200000524520874,1.8600000143051147,1.6799999475479126,1.6799999475479126,1.6799999475479126,3758300
2024-10-03,1.6799999475479126,1.6799999475479126,1.6100000143051147,1.6299999952316284,1.6299999952316284,3316300
2024-10-04,1.649999976158142,1.7000000476837158,1.6299999952316284,1.6799999475479126,1.6799999475479126,2876400
2024-10-07,1.690000057220459,1.7200000286102295,1.6399999856948853,1.659999966621399,1.659999966621399,4232600
2024-10-08,1.6799999475479126,1.6799999475479126,1.600000023841858,1.6100000143051147,1.6100000143051147,3703600
2024-10-09,1.6200000047683716,1.659999966621399,1.5399999618530273,1.5399999618530273,1.5399999618530273,4680300
2024-10-10,1.5399999618530273,1.5499999523162842,1.4800000190734863,1.5299999713897705,1.5299999713897705,3244100
2024-10-11,1.5199999809265137,1.600000023841858,1.5099999904632568,1.5399999618530273,1.5399999618530273,4731500
2024-10-14,1.5499999523162842,1.5700000524520874,1.4900000095367432,1.5,1.5,3847700
2024-10-15,1.5099999904632568,1.6799999475479126,1.4900000095367432,1.6299999952316284,1.6299999952316284,5090700
2024-10-16,1.6299999952316284,1.7200000286102295,1.5499999523162842,1.559999942779541,1.559999942779541,4708200
2024-10-17,1.5399999618530273,1.6100000143051147,1.5,1.5299999713897705,1.5299999713897705,3455900
2024-10-18,1.5499999523162842,1.6299999952316284,1.5199999809265137,1.6100000143051147,1.6100000143051147,3583600
2024-10-21,1.600000023841858,1.6200000047683716,1.5099999904632568,1.5199999809265137,1.5199999809265137,3592100
2024-10-22,1.5499999523162842,1.7100000381469727,1.5099999904632568,1.7100000381469727,1.7100000381469727,5643400
2024-10-23,1.7100000381469727,1.7300000190734863,1.5700000524520874,1.6399999856948853,1.6399999856948853,3137100
2024-10-24,1.6399999856948853,1.6699999570846558,1.5700000524520874,1.6200000047683716,1.6200000047683716,2603100
2024-10-25,1.590000033378601,1.7000000476837158,1.5299999713897705,1.600000023841858,1.600000023841858,2763200
2024-10-28,1.590000033378601,1.7200000286102295,1.590000033378601,1.7100000381469727,1.7100000381469727,3732500
2024-10-29,1.7000000476837158,1.809999942779541,1.659999966621399,1.7999999523162842,1.7999999523162842,4317500
2024-10-30,1.809999942779541,1.809999942779541,1.6399999856948853,1.659999966621399,1.659999966621399,5636300
2024-10-31,1.649999976158142,1.659999966621399,1.5700000524520874,1.600000023841858,1.600000023841858,3256800
2024-11-01,1.600000023841858,1.6699999570846558,1.600000023841858,1.6299999952316284,1.6299999952316284,3121100
2024-11-04,1.600000023841858,1.809999942779541,1.600000023841858,1.6699999570846558,1.6699999570846558,3256500
2024-11-05,1.6699999570846558,1.7999999523162842,1.6699999570846558,1.7899999618530273,1.7899999618530273,2724000
2024-11-06,1.8700000047683716,1.9199999570846558,1.7100000381469727,1.7599999904632568,1.7599999904632568,3864800
2024-11-07,1.7300000190734863,1.7699999809265137,1.7000000476837158,1.7200000286102295,1.7200000286102295,2482900
2024-11-08,1.7300000190734863,1.7400000095367432,1.6799999475479126,1.7200000286102295,1.7200000286102295,1879600
2024-11-11,1.75,1.8799999952316284,1.7400000095367432,1.8600000143051147,1.8600000143051147,3618100
2024-11-12,1.8600000143051147,1.909999966621399,1.7400000095367432,1.7699999809265137,1.7699999809265137,5829600
2024-11-13,1.4700000286102295,1.590000033378601,1.340000033378601,1.5800000429153442,1.5800000429153442,12487200
2024-11-14,1.600000023841858,1.7300000190734863,1.5499999523162842,1.7100000381469727,1.7100000381469727,5164300
2024-11-15,1.7300000190734863,1.7799999713897705,1.659999966621399,1.7200000286102295,1.7200000286102295,4183600
2024-11-18,1.6799999475479126,1.8200000524520874,1.659999966621399,1.7300000190734863,1.7300000190734863,3254700
2024-11-19,1.7000000476837158,1.75,1.659999966621399,1.6799999475479126,1.6799999475479126,2763300
2024-11-20,1.6799999475479126,1.7599999904632568,1.6200000047683716,1.7300000190734863,1.7300000190734863,2888700
2024-11-21,1.75,1.809999942779541,1.659999966621399,1.7999999523162842,1.7999999523162842,2917800
2024-11-22,1.7699999809265137,2.0199999809265137,1.7699999809265137,2.009999990463257,2.009999990463257,4560600
2024-11-25,2.0799999237060547,2.359999895095825,2.0799999237060547,2.259999990463257,2.259999990463257,9896300
2024-11-26,2.2699999809265137,2.309999942779541,2.130000114440918,2.240000009536743,2.240000009536743,4254900
2024-11-27,2.2699999809265137,2.359999895095825,2.180000066757202,2.299999952316284,2.299999952316284,3990800
2024-11-29,2.2699999809265137,2.299999952316284,2.0899999141693115,2.109999895095825,2.109999895095825,3513600
2024-12-02,2.109999895095825,2.4000000953674316,2.0999999046325684,2.369999885559082,2.369999885559082,7254300
2024-12-03,2.369999885559082,2.4700000286102295,2.2899999618530273,2.450000047683716,2.450000047683716,5800800
2024-12-04,2.4700000286102295,2.6700000762939453,2.440000057220459,2.559999942779541,2.559999942779541,6765700
2024-12-05,2.549999952316284,2.5899999141693115,2.380000114440918,2.450000047683716,2.450000047683716,3197800
2024-12-06,2.5,2.509999990463257,2.359999895095825,2.4000000953674316,2.4000000953674316,2684500
2024-12-09,2.450000047683716,2.7300000190734863,2.4200000762939453,2.6500000953674316,2.6500000953674316,4482400
2024-12-10,2.630000114440918,2.6500000953674316,2.4000000953674316,2.4600000381469727,2.4600000381469727,4263200
2024-12-11,2.4700000286102295,2.5199999809265137,2.2799999713897705,2.299999952316284,2.299999952316284,4369300
2024-12-12,2.2699999809265137,2.319999933242798,2.200000047683716,2.240000009536743,2.240000009536743,3302100
2024-12-13,2.2100000381469727,2.240000009536743,2.0899999141693115,2.190000057220459,2.190000057220459,4375000
2024-12-16,2.1600000858306885,2.380000114440918,2.0799999237060547,2.319999933242798,2.319999933242798,3839300
2024-12-17,2.299999952316284,2.4000000953674316,2.180000066757202,2.190000057220459,2.190000057220459,2974200
2024-12-18,2.200000047683716,2.2200000286102295,1.9299999475479126,1.9700000286102295,1.9700000286102295,2833300
2024-12-19,1.9700000286102295,1.9900000095367432,1.7799999713897705,1.850000023841858,1.850000023841858,3344000
2024-12-20,1.7999999523162842,1.8600000143051147,1.7699999809265137,1.7699999809265137,1.7699999809265137,4001600
2024-12-23,1.7599999904632568,1.7699999809265137,1.6399999856948853,1.649999976158142,1.649999976158142,3213600
2024-12-24,1.649999976158142,1.659999966621399,1.590000033378601,1.6100000143051147,1.6100000143051147,1131900
2024-12-26,1.600000023841858,1.6399999856948853,1.5399999618530273,1.6399999856948853,1.6399999856948853,3449100
2024-12-27,1.6299999952316284,1.6799999475479126,1.5700000524520874,1.5800000429153442,1.5800000429153442,2568200
2024-12-30,1.5499999523162842,1.5700000524520874,1.4900000095367432,1.5299999713897705,1.5299999713897705,3748400
2024-12-31,1.5399999618530273,1.659999966621399,1.5399999618530273,1.6100000143051147,1.6100000143051147,3799100
2025-01-02,1.6699999570846558,1.7899999618530273,1.6399999856948853,1.6799999475479126,1.6799999475479126,3121800
2025-01-03,1.7000000476837158,1.7000000476837158,1.600000023841858,1.649999976158142,1.649999976158142,2626000
2025-01-06,1.7200000286102295,1.7999999523162842,1.649999976158142,1.7699999809265137,1.7699999809265137,2763400
2025-01-07,1.7799999713897705,1.8700000047683716,1.7699999809265137,1.809999942779541,1.809999942779541,2461600
2025-01-08,1.75,1.7599999904632568,1.6200000047683716,1.649999976158142,1.649999976158142,2102900
2025-01-10,1.6299999952316284,1.7899999618530273,1.5800000429153442,1.7899999618530273,1.7899999618530273,2480300
2025-01-13,1.7300000190734863,1.75,1.600000023841858,1.6200000047683716,1.6200000047683716,1752000
2025-01-14,1.5499999523162842,1.5800000429153442,1.4299999475479126,1.5,1.5,6874200
2025-01-15,1.5299999713897705,1.559999942779541,1.4700000286102295,1.5399999618530273,1.5399999618530273,2246900
2025-01-16,1.5199999809265137,1.559999942779541,1.4800000190734863,1.5399999618530273,1.5399999618530273,1462700
2025-01-17,1.5700000524520874,1.600000023841858,1.4500000476837158,1.4800000190734863,1.4800000190734863,3126500
2025-01-21,1.4700000286102295,1.5399999618530273,1.4500000476837158,1.5099999904632568,1.5099999904632568,2753000
2025-01-22,1.5299999713897705,1.5700000524520874,1.4900000095367432,1.4900000095367432,1.4900000095367432,2064400
2025-01-23,1.4900000095367432,1.5,1.4199999570846558,1.4700000286102295,1.4700000286102295,2340000
2025-01-24,1.4600000381469727,1.5,1.440000057220459,1.4700000286102295,1.4700000286102295,1452300
2025-01-27,1.4600000381469727,1.5700000524520874,1.4500000476837158,1.5199999809265137,1.5199999809265137,2235600
2025-01-28,1.4900000095367432,1.6399999856948853,1.4600000381469727,1.6100000143051147,1.6100000143051147,2651700
2025-01-29,1.600000023841858,1.7400000095367432,1.600000023841858,1.7300000190734863,1.7300000190734863,2797300
2025-01-30,1.7300000190734863,1.7599999904632568,1.5,1.5299999713897705,1.5299999713897705,4711000
2025-01-31,1.5099999904632568,1.559999942779541,1.5,1.5399999618530273,1.5399999618530273,2092500
2025-02-03,1.5499999523162842,1.5499999523162842,1.409999966621399,1.440000057220459,1.440000057220459,2150200
2025-02-04,1.4600000381469727,1.5199999809265137,1.4299999475479126,1.4900000095367432,1.4900000095367432,1889400
2025-02-05,1.5099999904632568,1.6799999475479126,1.4700000286102295,1.4900000095367432,1.4900000095367432,6792300
2025-02-06,1.4800000190734863,1.4900000095367432,1.3799999952316284,1.409999966621399,1.409999966621399,3162900
2025-02-07,1.399999976158142,1.4900000095367432,1.399999976158142,1.4199999570846558,1.4199999570846558,1919000
2025-02-10,1.4299999475479126,1.4500000476837158,1.399999976158142,1.399999976158142,1.399999976158142,1701600
2025-02-11,1.3899999856948853,1.440000057220459,1.3700000047683716,1.3799999952316284,1.3799999952316284,1377800
2025-02-12,1.340000033378601,1.4500000476837158,1.2999999523162842,1.4500000476837158,1.4500000476837158,2222100
2025-02-13,1.4500000476837158,1.4600000381469727,1.3899999856948853,1.3899999856948853,1.3899999856948853,1676800
2025-02-14,1.399999976158142,1.5199999809265137,1.399999976158142,1.4600000381469727,1.4600000381469727,1973800
2025-02-18,1.4900000095367432,1.5199999809265137,1.4199999570846558,1.5099999904632568,1.5099999904632568,1755800
2025-02-19,1.5199999809265137,1.559999942779541,1.4600000381469727,1.5,1.5,1632500
2025-02-20,1.5199999809265137,1.5800000429153442,1.4500000476837158,1.4700000286102295,1.4700000286102295,1618200
2025-02-21,1.5099999904632568,1.5399999618530273,1.4199999570846558,1.4299999475479126,1.4299999475479126,1799500
2025-02-24,1.4700000286102295,1.6799999475479126,1.399999976158142,1.559999942779541,1.559999942779541,9764200
2025-02-25,1.190000057220459,1.2100000381469727,1.0099999904632568,1.0700000524520874,1.0700000524520874,16602000
2025-02-26,1.0700000524520874,1.1699999570846558,1.0199999809265137,1.0299999713897705,1.0299999713897705,5669600
2025-02-27,1.0199999809265137,1.059999942779541,0.9399999976158142,0.9700000286102295,0.9700000286102295,6978300
2025-02-28,0.9700000286102295,1.100000023841858,0.9599999785423279,1.090000033378601,1.090000033378601,4042700
2025-03-03,1.090000033378601,1.2300000190734863,1.0299999713897705,1.0399999618530273,1.0399999618530273,6157100
2025-03-04,1.0299999713897705,1.0299999713897705,0.949999988079071,0.9900000095367432,0.9900000095367432,4244300
2025-03-05,0.9599999785423279,0.9900000095367432,0.9300000071525574,0.949999988079071,0.949999988079071,3555400
2025-03-06,0.9399999976158142,0.949999988079071,0.8600000143051147,0.8600000143051147,0.8600000143051147,4267200
2025-03-07,0.8600000143051147,0.8899999856948853,0.800000011920929,0.8700000047683716,0.8700000047683716,7580200
2025-03-10,0.8700000047683716,0.8700000047683716,0.800000011920929,0.800000011920929,0.800000011920929,4073300
2025-03-11,0.800000011920929,0.8399999737739563,0.7699999809265137,0.7699999809265137,0.7699999809265137,4045000
2025-03-12,0.800000011920929,0.8799999952316284,0.75,0.8600000143051147,0.8600000143051147,3117500
2025-03-13,0.8700000047683716,0.8700000047683716,0.7799999713897705,0.7799999713897705,0.7799999713897705,1809800
2025-03-14,0.800000011920929,0.8500000238418579,0.7699999809265137,0.7900000214576721,0.7900000214576721,1326700
2025-03-17,0.7799999713897705,0.8199999928474426,0.7699999809265137,0.7699999809265137,0.7699999809265137,2463900
2025-03-18,0.7699999809265137,0.7900000214576721,0.75,0.75,0.75,1725400
2025-03-19,0.75,0.7699999809265137,0.7400000095367432,0.7400000095367432,0.7400000095367432,1680600
2025-03-20,0.7699999809265137,0.7900000214576721,0.7400000095367432,0.7400000095367432,0.7400000095367432,2035400
2025-03-21,0.7300000190734863,0.75,0.6899999976158142,0.7200000286102295,0.7200000286102295,4496300
2025-03-24,0.7400000095367432,0.7699999809265137,0.699999988079071,0.7200000286102295,0.7200000286102295,2101600
2025-03-25,0.7200000286102295,0.7200000286102295,0.6200000047683716,0.6200000047683716,0.6200000047683716,5776700
2025-03-26,0.6299999952316284,0.6600000262260437,0.6200000047683716,0.6499999761581421,0.6499999761581421,2477900
2025-03-27,0.6600000262260437,0.7400000095367432,0.6499999761581421,0.7300000190734863,0.7300000190734863,3755600
2025-03-28,0.7400000095367432,0.75,0.6600000262260437,0.6600000262260437,0.6600000262260437,1504900
2025-03-31,0.6499999761581421,0.6800000071525574,0.6200000047683716,0.6399999856948853,0.6399999856948853,1834700
2025-04-01,0.6399999856948853,0.6600000262260437,0.6100000143051147,0.6200000047683716,0.6200000047683716,2111200
2025-04-02,0.6200000047683716,0.6399999856948853,0.6100000143051147,0.6200000047683716,0.6200000047683716,1912800
2025-04-03,0.6100000143051147,0.6200000047683716,0.5699999928474426,0.5699999928474426,0.5699999928474426,2135200
2025-04-04,0.5600000023841858,0.5699999928474426,0.5,0.5099999904632568,0.5099999904632568,6041500
2025-04-07,0.4699999988079071,0.5299999713897705,0.44999998807907104,0.5199999809265137,0.5199999809265137,4183900
2025-04-08,0.5199999809265137,0.5699999928474426,0.47999998927116394,0.49000000953674316,0.49000000953674316,2100800
2025-04-09,0.47999998927116394,0.550000011920929,0.47999998927116394,0.5,0.5,5005900
2025-04-10,0.5099999904632568,0.5199999809265137,0.4399999976158142,0.46000000834465027,0.46000000834465027,3315100
2025-04-11,0.4699999988079071,0.5,0.4399999976158142,0.47999998927116394,0.47999998927116394,2884300
2025-04-14,0.47999998927116394,0.5199999809265137,0.47999998927116394,0.49000000953674316,0.49000000953674316,1681500
2025-04-15,0.47999998927116394,0.5199999809265137,0.4699999988079071,0.49000000953674316,0.49000000953674316,1085200
2025-04-16,0.49000000953674316,0.5099999904632568,0.49000000953674316,0.5,0.5,1055100
2025-04-17,0.5,0.5299999713897705,0.49000000953674316,0.5099999904632568,0.5099999904632568,1454600
2025-04-21,0.5,0.550000011920929,0.5,0.5400000214576721,0.5400000214576721,1301600
2025-04-22,0.550000011920929,0.5699999928474426,0.5199999809265137,0.5699999928474426,0.5699999928474426,1455400
2025-04-23,0.5699999928474426,0.6100000143051147,0.5699999928474426,0.6100000143051147,0.6100000143051147,1596200
2025-04-24,0.5899999737739563,0.6399999856948853,0.5799999833106995,0.6200000047683716,0.6200000047683716,1323100
2025-04-25,0.6100000143051147,0.6399999856948853,0.6100000143051147,0.6399999856948853,0.6399999856948853,987600
2025-04-28,0.6499999761581421,0.6499999761581421,0.6200000047683716,0.6499999761581421,0.6499999761581421,1459700
2025-04-29,0.6399999856948853,0.699999988079071,0.6299999952316284,0.6800000071525574,0.6800000071525574,1917100
2025-04-30,0.6399999856948853,0.7300000190734863,0.6299999952316284,0.7300000190734863,0.7300000190734863,2075300
2025-05-01,0.7200000286102295,0.7400000095367432,0.6800000071525574,0.7300000190734863,0.7300000190734863,1647300
2025-05-02,0.7300000190734863,0.7599999904632568,0.7200000286102295,0.7599999904632568,0.7599999904632568,1468300
2025-05-05,0.7300000190734863,0.75,0.7099999785423279,0.7300000190734863,0.7300000190734863,834800
2025-05-06,0.7200000286102295,0.7400000095367432,0.7099999785423279,0.7200000286102295,0.7200000286102295,918900
2025-05-07,0.7300000190734863,0.7400000095367432,0.6600000262260437,0.7099999785423279,0.7099999785423279,2051800
2025-05-08,0.7099999785423279,0.7300000190734863,0.699999988079071,0.7200000286102295,0.7200000286102295,1220700
2025-05-09,0.7300000190734863,0.8299999833106995,0.6800000071525574,0.6899999976158142,0.6899999976158142,6567100
2025-05-12,0.699999988079071,0.7699999809265137,0.6800000071525574,0.7400000095367432,0.7400000095367432,6540800
2025-05-13,0.7400000095367432,0.8100000023841858,0.7200000286102295,0.800000011920929,0.800000011920929,2700900
2025-05-14,0.7900000214576721,0.8299999833106995,0.7699999809265137,0.8299999833106995,0.8299999833106995,3433400
2025-05-15,0.8399999737739563,0.8799999952316284,0.6700000166893005,0.8199999928474426,0.8199999928474426,4307100
2025-05-16,0.800000011920929,0.8999999761581421,0.800000011920929,0.8999999761581421,0.8999999761581421,2383200
2025-05-19,0.8299999833106995,0.9200000166893005,0.8199999928474426,0.8999999761581421,0.8999999761581421,4221800
2025-05-20,0.8700000047683716,1.0099999904632568,0.8700000047683716,1.0,1.0,3476900
2025-05-21,1.0,1.090000033378601,0.949999988079071,0.9800000190734863,0.9800000190734863,4809100
2025-05-22,0.9900000095367432,1.0099999904632568,0.9300000071525574,0.9900000095367432,0.9900000095367432,1980500
2025-05-23,0.9599999785423279,1.059999942779541,0.9599999785423279,0.9800000190734863,0.9800000190734863,2908200
2025-05-27,0.9800000190734863,0.9800000190734863,0.9100000262260437,0.949999988079071,0.949999988079071,2612600
2025-05-28,0.8999999761581421,0.949999988079071,0.8600000143051147,0.8600000143051147,0.8600000143051147,3094100
2025-05-29,0.8500000238418579,0.9399999976158142,0.8500000238418579,0.9200000166893005,0.9200000166893005,2370900
2025-05-30,0.9100000262260437,1.059999942779541,0.8999999761581421,1.0199999809265137,1.0199999809265137,3975000
2025-06-02,1.0399999618530273,1.2200000286102295,1.0199999809265137,1.2000000476837158,1.2000000476837158,5752700
2025-06-03,1.190000057220459,1.2400000095367432,1.1100000143051147,1.2100000381469727,1.2100000381469727,3149000
2025-06-04,1.190000057220459,1.2999999523162842,1.1799999475479126,1.25,1.25,2600800
2025-06-05,1.25,1.2699999809265137,1.1799999475479126,1.2100000381469727,1.2100000381469727,2481400
2025-06-06,1.409999966621399,1.7999999523162842,1.340000033378601,1.6299999952316284,1.6299999952316284,26658400
2025-06-09,1.7699999809265137,1.8899999856948853,1.6399999856948853,1.75,1.75,9041900
2025-06-10,1.7999999523162842,1.809999942779541,1.4600000381469727,1.559999942779541,1.559999942779541,5881800
2025-06-11,1.649999976158142,1.659999966621399,1.4700000286102295,1.5700000524520874,1.5700000524520874,4162600
2025-06-12,1.5800000429153442,1.600000023841858,1.409999966621399,1.4700000286102295,1.4700000286102295,4082100
2025-06-13,1.4299999475479126,1.440000057220459,1.340000033378601,1.350000023841858,1.350000023841858,4144100
2025-06-16,1.4299999475479126,1.5299999713897705,1.3600000143051147,1.4800000190734863,1.4800000190734863,3375000
2025-06-17,1.4500000476837158,1.559999942779541,1.4299999475479126,1.4600000381469727,1.4600000381469727,2968400
2025-06-18,1.4600000381469727,1.5099999904632568,1.409999966621399,1.440000057220459,1.440000057220459,2327800
2025-06-20,1.4500000476837158,1.4700000286102295,1.3300000429153442,1.3700000047683716,1.3700000047683716,4850300
2025-06-23,1.340000033378601,1.4299999475479126,1.2999999523162842,1.399999976158142,1.399999976158142,3815900
2025-06-24,1.399999976158142,1.4600000381469727,1.350000023841858,1.350000023841858,1.350000023841858,1707300
2025-06-25,1.350000023841858,1.3799999952316284,1.2300000190734863,1.2799999713897705,1.2799999713897705,2905600
2025-06-26,1.2999999523162842,1.3300000429153442,1.25,1.2599999904632568,1.2599999904632568,2991400
2025-06-27,1.2699999809265137,1.399999976158142,1.2699999809265137,1.2999999523162842,1.2999999523162842,18081200
2025-06-30,1.2999999523162842,1.340000033378601,1.1399999856948853,1.2100000381469727,1.2100000381469727,5429300
2025-07-01,1.2400000095367432,1.3799999952316284,1.2000000476837158,1.3799999952316284,1.3799999952316284,3557700
2025-07-02,1.4199999570846558,1.4299999475479126,1.3600000143051147,1.399999976158142,1.399999976158142,3755400
2025-07-03,1.440000057220459,1.4900000095367432,1.3799999952316284,1.440000057220459,1.440000057220459,2076600
2025-07-07,1.399999976158142,1.4500000476837158,1.3200000524520874,1.340000033378601,1.340000033378601,3449800
2025-07-08,1.3899999856948853,1.4199999570846558,1.350000023841858,1.3700000047683716,1.3700000047683716,1633000
2025-07-09,1.3700000047683716,1.399999976158142,1.309999942779541,1.3300000429153442,1.3300000429153442,1877000
2025-07-10,1.350000023841858,1.3600000143051147,1.2999999523162842,1.309999942779541,1.309999942779541,1284500
2025-07-11,1.3200000524520874,1.350000023841858,1.2699999809265137,1.2799999713897705,1.2799999713897705,2025600
2025-07-14,1.2799999713897705,1.399999976158142,1.2599999904632568,1.350000023841858,1.350000023841858,2150800
2025-07-15,1.3799999952316284,1.3899999856948853,1.3300000429153442,1.340000033378601,1.340000033378601,2101000
2025-07-16,1.3300000429153442,1.4700000286102295,1.3200000524520874,1.4199999570846558,1.4199999570846558,2255000
2025-07-17,1.4199999570846558,1.5199999809265137,1.4199999570846558,1.440000057220459,1.440000057220459,1737800
2025-07-18,1.4700000286102295,1.4900000095367432,1.3700000047683716,1.399999976158142,1.399999976158142,1839000
2025-07-21,1.399999976158142,1.4600000381469727,1.350000023841858,1.3700000047683716,1.3700000047683716,1989900
2025-07-22,1.3700000047683716,1.7699999809265137,1.350000023841858,1.7000000476837158,1.7000000476837158,9311500
2025-07-23,1.659999966621399,1.690000057220459,1.559999942779541,1.590000033378601,1.590000033378601,3033600
2025-07-24,1.5800000429153442,1.6100000143051147,1.4600000381469727,1.4900000095367432,1.4900000095367432,2583300
2025-07-25,1.5299999713897705,1.7200000286102295,1.5299999713897705,1.5800000429153442,1.5800000429153442,4564500
2025-07-28,1.6299999952316284,1.6399999856948853,1.4700000286102295,1.4900000095367432,1.4900000095367432,1759700
2025-07-29,1.5099999904632568,1.5099999904632568,1.340000033378601,1.3600000143051147,1.3600000143051147,2231300
2025-07-30,1.3899999856948853,1.409999966621399,1.3300000429153442,1.350000023841858,1.350000023841858,1209400
2025-07-31,1.350000023841858,1.3700000047683716,1.2599999904632568,1.309999942779541,1.309999942779541,2207300
2025-08-01,1.2599999904632568,1.2999999523162842,1.2400000095367432,1.2599999904632568,1.2599999904632568,2011400
2025-08-04,1.3200000524520874,1.409999966621399,1.2899999618530273,1.3899999856948853,1.3899999856948853,2070600
2025-08-05,1.3300000429153442,1.3600000143051147,1.2599999904632568,1.2899999618530273,1.2899999618530273,3962800
2025-08-06,1.2000000476837158,1.2799999713897705,1.0,1.1100000143051147,1.1100000143051147,7885600
2025-08-07,1.1399999856948853,1.159999966621399,1.090000033378601,1.1200000047683716,1.1200000047683716,1872600
2025-08-08,1.1200000047683716,1.2300000190734863,1.1100000143051147,1.1399999856948853,1.1399999856948853,2250000
2025-08-11,1.149999976158142,1.1799999475479126,1.0700000524520874,1.100000023841858,1.100000023841858,2746400
2025-08-12,1.100000023841858,1.1699999570846558,1.100000023841858,1.1100000143051147,1.1100000143051147,1704900
2025-08-13,1.159999966621399,1.2899999618530273,1.159999966621399,1.2799999713897705,1.2799999713897705,3453800
2025-08-14,1.2599999904632568,1.2699999809265137,1.2100000381469727,1.2599999904632568,1.2599999904632568,1159000
2025-08-15,1.2400000095367432,1.25,1.1799999475479126,1.2300000190734863,1.2300000190734863,2105400
2025-08-18,1.2000000476837158,1.2400000095367432,1.1799999475479126,1.2300000190734863,1.2300000190734863,1519100
2025-08-19,1.2300000190734863,1.25,1.1200000047683716,1.149999976158142,1.149999976158142,2601200
2025-08-20,1.1399999856948853,1.149999976158142,1.100000023841858,1.1200000047683716,1.1200000047683716,1178100
2025-08-21,1.1299999952316284,1.159999966621399,1.1100000143051147,1.1299999952316284,1.1299999952316284,1232700
2025-08-22,1.1299999952316284,1.2400000095367432,1.1100000143051147,1.2000000476837158,1.2000000476837158,2095500
2025-08-25,1.1699999570846558,1.2999999523162842,1.149999976158142,1.2799999713897705,1.2799999713897705,2879100
2025-08-26,1.2699999809265137,1.3700000047683716,1.25,1.3700000047683716,1.3700000047683716,2992400
2025-08-27,1.340000033378601,1.3700000047683716,1.2200000286102295,1.3200000524520874,1.3200000524520874,3132600
2025-08-28,1.309999942779541,1.4199999570846558,1.2999999523162842,1.409999966621399,1.409999966621399,2198700
2025-08-29,1.399999976158142,1.4700000286102295,1.3799999952316284,1.4700000286102295,1.4700000286102295,2081300
2025-09-02,1.409999966621399,1.440000057220459,1.309999942779541,1.3600000143051147,1.3600000143051147,7110500
2025-09-03,1.350000023841858,1.6100000143051147,1.3300000429153442,1.600000023841858,1.600000023841858,5439700
2025-09-04,1.5700000524520874,1.6799999475479126,1.5199999809265137,1.6699999570846558,1.6699999570846558,3119500
2025-09-05,1.659999966621399,1.7799999713897705,1.5800000429153442,1.7100000381469727,1.7100000381469727,4004700
2025-09-08,1.6799999475479126,1.7100000381469727,1.409999966621399,1.559999942779541,1.559999942779541,6126500
2025-09-09,1.5499999523162842,1.6200000047683716,1.4600000381469727,1.5499999523162842,1.5499999523162842,4591900
2025-09-10,1.5399999618530273,1.6699999570846558,1.5099999904632568,1.649999976158142,1.649999976158142,1898900
2025-09-11,1.6299999952316284,1.6799999475479126,1.4199999570846558,1.600000023841858,1.600000023841858,4672100
2025-09-12,1.590000033378601,1.659999966621399,1.4600000381469727,1.5399999618530273,1.5399999618530273,6746700
2025-09-15,1.7300000190734863,1.7300000190734863,1.3799999952316284,1.409999966621399,1.409999966621399,10867800
2025-09-16,1.399999976158142,1.5,1.309999942779541,1.5,1.5,6220200
2025-09-17,1.5,1.5099999904632568,1.3899999856948853,1.409999966621399,1.409999966621399,7909700
2025-09-18,1.4700000286102295,1.6799999475479126,1.4500000476837158,1.6799999475479126,1.6799999475479126,4489300
2025-09-19,1.7000000476837158,1.7200000286102295,1.6100000143051147,1.649999976158142,1.649999976158142,5140700
2025-09-22,1.6399999856948853,1.8700000047683716,1.600000023841858,1.840000033378601,1.840000033378601,4732100
2025-09-23,1.8600000143051147,1.899999976158142,1.6299999952316284,1.649999976158142,1.649999976158142,6772400
2025-09-24,1.7000000476837158,1.7100000381469727,1.4600000381469727,1.5700000524520874,1.5700000524520874,6526600
2025-09-25,1.5,1.5499999523162842,1.409999966621399,1.4500000476837158,1.4500000476837158,4992500
2025-09-26,1.5,1.5800000429153442,1.4600000381469727,1.5,1.5,3766700
2025-09-29,1.5,1.5199999809265137,1.4600000381469727,1.5199999809265137,1.5199999809265137,2805800
2025-09-30,1.5199999809265137,1.5299999713897705,1.4700000286102295,1.5099999904632568,1.5099999904632568,2501700
2025-10-01,1.5399999618530273,1.5800000429153442,1.5,1.559999942779541,1.559999942779541,2234900
2025-10-02,1.5700000524520874,1.6200000047683716,1.5299999713897705,1.6200000047683716,1.6200000047683716,1759000
2025-10-03,1.6100000143051147,1.6699999570846558,1.5700000524520874,1.5800000429153442,1.5800000429153442,2748000
2025-10-06,1.559999942779541,1.5700000524520874,1.4500000476837158,1.4700000286102295,1.4700000286102295,5906400
2025-10-07,1.4900000095367432,1.4900000095367432,1.399999976158142,1.409999966621399,1.409999966621399,2928700
2025-10-08,1.4199999570846558,1.4600000381469727,1.399999976158142,1.4199999570846558,1.4199999570846558,1532900
2025-10-09,1.409999966621399,1.4700000286102295,1.3300000429153442,1.4500000476837158,1.4500000476837158,5045900
2025-10-10,1.4500000476837158,1.4600000381469727,1.2699999809265137,1.2799999713897705,1.2799999713897705,4107700
2025-10-13,1.340000033378601,1.340000033378601,1.2000000476837158,1.2100000381469727,1.2100000381469727,4269900
2025-10-14,1.1699999570846558,1.309999942779541,1.1699999570846558,1.2899999618530273,1.2899999618530273,1783800
2025-10-15,1.340000033378601,1.3700000047683716,1.25,1.2799999713897705,1.2799999713897705,2962100
2025-10-16,1.2999999523162842,1.350000023841858,1.25,1.2599999904632568,1.2599999904632568,2415200
2025-10-17,1.2400000095367432,1.309999942779541,1.2300000190734863,1.2699999809265137,1.2699999809265137,3021500
2025-10-20,1.2999999523162842,1.3600000143051147,1.2799999713897705,1.350000023841858,1.350000023841858,1653200
2025-10-21,1.340000033378601,1.399999976158142,1.340000033378601,1.399999976158142,1.399999976158142,1588200
2025-10-22,1.3799999952316284,1.409999966621399,1.3200000524520874,1.3700000047683716,1.3700000047683716,2998000
2025-10-23,1.3799999952316284,1.409999966621399,1.3600000143051147,1.3799999952316284,1.3799999952316284,849900
2025-10-24,1.3899999856948853,1.409999966621399,1.3799999952316284,1.3899999856948853,1.3899999856948853,828200
2025-10-27,1.409999966621399,1.4900000095367432,1.350000023841858,1.440000057220459,1.440000057220459,3222600
2025-10-28,1.3799999952316284,1.409999966621399,1.149999976158142,1.25,1.25,7454800
2025-10-29,1.2300000190734863,1.2300000190734863,1.0199999809265137,1.0499999523162842,1.0499999523162842,8431800
2025-10-30,1.090000033378601,1.090000033378601,0.9300000071525574,0.949999988079071,0.949999988079071,5738000
2025-10-31,0.9800000190734863,1.059999942779541,0.949999988079071,1.059999942779541,1.059999942779541,3285800
2025-11-03,1.0399999618530273,1.0499999523162842,0.8399999737739563,0.9399999976158142,0.9399999976158142,9820200
2025-11-04,0.8799999952316284,0.9700000286102295,0.8799999952316284,0.9399999976158142,0.9399999976158142,1314400
2025-11-05,0.9300000071525574,0.949999988079071,0.8700000047683716,0.9200000166893005,0.9200000166893005,2183800
2025-11-06,0.9100000262260437,1.0499999523162842,0.8799999952316284,1.0099999904632568,1.0099999904632568,4439000
2025-11-07,0.9700000286102295,1.0,0.8799999952316284,0.8899999856948853,0.8899999856948853,3189100
2025-11-10,0.9700000286102295,0.9700000286102295,0.8799999952316284,0.8899999856948853,0.8899999856948853,2298600
2025-11-11,0.9300000071525574,1.2100000381469727,0.9300000071525574,1.1399999856948853,1.1399999856948853,6642500
2025-11-12,1.0800000429153442,1.2300000190734863,1.0800000429153442,1.2100000381469727,1.2100000381469727,3608800
2025-11-13,1.159999966621399,1.190000057220459,1.0399999618530273,1.1299999952316284,1.1299999952316284,4067400
2025-11-14,1.0499999523162842,1.1299999952316284,1.0499999523162842,1.090000033378601,1.090000033378601,1681700
2025-11-17,1.0700000524520874,1.100000023841858,1.0199999809265137,1.0199999809265137,1.0199999809265137,1613100
2025-11-18,1.0199999809265137,1.0499999523162842,1.0,1.0499999523162842,1.0499999523162842,986100
2025-11-19,1.0399999618530273,1.0800000429153442,0.9700000286102295,0.9900000095367432,0.9900000095367432,2872700
2025-11-20,1.0099999904632568,1.0399999618530273,0.8899999856948853,0.9100000262260437,0.9100000262260437,2321600
2025-11-21,0.9100000262260437,0.9700000286102295,0.9100000262260437,0.949999988079071,0.949999988079071,1148400
2025-11-24,0.9399999976158142,0.949999988079071,0.8899999856948853,0.949999988079071,0.949999988079071,2193300
2025-11-25,0.9300000071525574,0.9599999785423279,0.8700000047683716,0.8999999761581421,0.8999999761581421,1616700
2025-11-26,0.8999999761581421,1.0099999904632568,0.8999999761581421,0.9700000286102295,0.9700000286102295,2422200
2025-11-28,0.9800000190734863,1.0,0.9300000071525574,0.9700000286102295,0.9700000286102295,1694900
2025-12-01,0.8999999761581421,0.9599999785423279,0.8700000047683716,0.8700000047683716,0.8700000047683716,2825100
2025-12-02,0.8999999761581421,0.9599999785423279,0.8899999856948853,0.9399999976158142,0.9399999976158142,2084400
2025-12-03,0.949999988079071,0.949999988079071,0.8999999761581421,0.9100000262260437,0.9100000262260437,1008200
2025-12-04,0.8999999761581421,0.9300000071525574,0.8899999856948853,0.8999999761581421,0.8999999761581421,842700
2025-12-05,0.8899999856948853,0.9399999976158142,0.8500000238418579,0.8899999856948853,0.8899999856948853,1894400
2025-12-08,0.8999999761581421,0.949999988079071,0.8299999833106995,0.8999999761581421,0.8999999761581421,3017200
2025-12-09,0.9100000262260437,0.949999988079071,0.8899999856948853,0.8899999856948853,0.8899999856948853,1082700
2025-12-10,0.8999999761581421,0.9800000190734863,0.8899999856948853,0.9399999976158142,0.9399999976158142,1479000
2025-12-11,0.9700000286102295,0.9800000190734863,0.9200000166893005,0.9700000286102295,0.9700000286102295,1113400
2025-12-12,0.9800000190734863,1.0299999713897705,0.9200000166893005,0.9200000166893005,0.9200000166893005,1550600
2025-12-15,0.9599999785423279,0.9599999785423279,0.8700000047683716,0.8799999952316284,0.8799999952316284,1191800
2025-12-16,0.8899999856948853,0.9300000071525574,0.8899999856948853,0.9200000166893005,0.9200000166893005,919600
2025-12-17,0.9399999976158142,0.9599999785423279,0.8899999856948853,0.8899999856948853,0.8899999856948853,870500
2025-12-18,0.8899999856948853,0.9599999785423279,0.8899999856948853,0.9100000262260437,0.9100000262260437,1179200
2025-12-19,0.9300000071525574,0.949999988079071,0.8999999761581421,0.949999988079071,0.949999988079071,2129300
2025-12-22,0.8999999761581421,0.949999988079071,0.8899999856948853,0.8899999856948853,0.8899999856948853,870500
2025-12-23,0.9399999976158142,0.9399999976158142,0.8899999856948853,0.8899999856948853,0.8899999856948853,1000400
2025-12-24,0.8899999856948853,0.9399999976158142,0.8899999856948853,0.9100000262260437,0.9100000262260437,1410800
2025-12-26,0.9200000166893005,1.0099999904632568,0.9100000262260437,0.9900000095367432,0.9900000095367432,1897600
2025-12-29,0.9200000166893005,0.9900000095367432,0.9200000166893005,0.9599999785423279,0.9599999785423279,878800
2025-12-30,0.9700000286102295,0.9800000190734863,0.9200000166893005,0.9200000166893005,0.9200000166893005,1052200
