date,open,high,low,close,adj_close,volume
,EP,EP,EP,EP,EP,EP
2020-01-02,0.6000000238418579,0.6000000238418579,0.6000000238418579,0.6000000238418579,0.6000000238418579,2000
2020-01-03,0.6000000238418579,0.6000000238418579,0.6000000238418579,0.6000000238418579,0.6000000238418579,1125
2020-01-06,0.6000000238418579,0.6000000238418579,0.6000000238418579,0.6000000238418579,0.6000000238418579,0
2020-01-07,0.5400000214576721,0.5400000214576721,0.5199999809265137,0.5199999809265137,0.5199999809265137,1550
2020-01-08,0.5720000267028809,0.6000000238418579,0.5720000267028809,0.6000000238418579,0.6000000238418579,1200
2020-01-09,0.6000000238418579,0.6000000238418579,0.6000000238418579,0.6000000238418579,0.6000000238418579,0
2020-01-10,0.47999998927116394,0.47999998927116394,0.47999998927116394,0.47999998927116394,0.47999998927116394,4650
2020-01-13,0.5960000157356262,0.6000000238418579,0.5960000157356262,0.6000000238418579,0.6000000238418579,3550
2020-01-14,0.6000000238418579,0.6000000238418579,0.6000000238418579,0.6000000238418579,0.6000000238418579,2375
2020-01-15,0.6000000238418579,0.6000000238418579,0.6000000238418579,0.6000000238418579,0.6000000238418579,1750
2020-01-16,0.6000000238418579,0.6000000238418579,0.6000000238418579,0.6000000238418579,0.6000000238418579,900
2020-01-17,0.6000000238418579,0.6000000238418579,0.6000000238418579,0.6000000238418579,0.6000000238418579,1250
2020-01-21,0.7760000228881836,0.7760000228881836,0.6000000238418579,0.7760000228881836,0.7760000228881836,1325
2020-01-22,0.7760000228881836,0.7760000228881836,0.7760000228881836,0.7760000228881836,0.7760000228881836,0
2020-01-23,0.7760000228881836,0.7760000228881836,0.7760000228881836,0.7760000228881836,0.7760000228881836,0
2020-01-24,0.4519999921321869,0.7599999904632568,0.4519999921321869,0.7599999904632568,0.7599999904632568,300
2020-01-27,0.47999998927116394,0.7599999904632568,0.47999998927116394,0.7599999904632568,0.7599999904632568,1350
2020-01-28,0.7599999904632568,0.7599999904632568,0.7599999904632568,0.7599999904632568,0.7599999904632568,0
2020-01-29,0.7599999904632568,0.7599999904632568,0.7599999904632568,0.7599999904632568,0.7599999904632568,0
2020-01-30,0.6639999747276306,0.6639999747276306,0.6639999747276306,0.6639999747276306,0.6639999747276306,150
2020-01-31,0.7559999823570251,0.7559999823570251,0.6800000071525574,0.7559999823570251,0.7559999823570251,1750
2020-02-03,0.7559999823570251,0.7559999823570251,0.7559999823570251,0.7559999823570251,0.7559999823570251,0
2020-02-04,0.6800000071525574,0.7559999823570251,0.6759999990463257,0.7559999823570251,0.7559999823570251,2150
2020-02-05,0.7559999823570251,0.7559999823570251,0.7559999823570251,0.7559999823570251,0.7559999823570251,0
2020-02-06,0.7559999823570251,0.7559999823570251,0.7559999823570251,0.7559999823570251,0.7559999823570251,0
2020-02-07,0.7559999823570251,0.7559999823570251,0.7559999823570251,0.7559999823570251,0.7559999823570251,0
2020-02-10,0.7559999823570251,0.7559999823570251,0.7559999823570251,0.7559999823570251,0.7559999823570251,0
2020-02-11,0.7559999823570251,0.7559999823570251,0.7559999823570251,0.7559999823570251,0.7559999823570251,0
2020-02-12,0.6800000071525574,0.6800000071525574,0.6800000071525574,0.6800000071525574,0.6800000071525574,2225
2020-02-13,0.7360000014305115,0.7360000014305115,0.7360000014305115,0.7360000014305115,0.7360000014305115,50
2020-02-14,0.6800000071525574,0.7599999904632568,0.6800000071525574,0.7599999904632568,0.7599999904632568,1250
2020-02-18,0.7599999904632568,0.7599999904632568,0.7599999904632568,0.7599999904632568,0.7599999904632568,0
2020-02-19,0.7599999904632568,0.7599999904632568,0.7599999904632568,0.7599999904632568,0.7599999904632568,0
2020-02-20,0.7599999904632568,0.7599999904632568,0.7599999904632568,0.7599999904632568,0.7599999904632568,0
2020-02-21,0.6800000071525574,0.6800000071525574,0.6800000071525574,0.6800000071525574,0.6800000071525574,1250
2020-02-24,0.7360000014305115,0.7360000014305115,0.7360000014305115,0.7360000014305115,0.7360000014305115,375
2020-02-25,0.7360000014305115,0.7360000014305115,0.7360000014305115,0.7360000014305115,0.7360000014305115,0
2020-02-26,0.7360000014305115,0.7360000014305115,0.7360000014305115,0.7360000014305115,0.7360000014305115,0
2020-02-27,0.7360000014305115,0.7360000014305115,0.7360000014305115,0.7360000014305115,0.7360000014305115,0
2020-02-28,0.800000011920929,0.800000011920929,0.800000011920929,0.800000011920929,0.800000011920929,225
2020-03-02,0.800000011920929,0.800000011920929,0.800000011920929,0.800000011920929,0.800000011920929,0
2020-03-03,0.800000011920929,0.800000011920929,0.800000011920929,0.800000011920929,0.800000011920929,0
2020-03-04,0.800000011920929,0.9520000219345093,0.800000011920929,0.9520000219345093,0.9520000219345093,1100
2020-03-05,0.800000011920929,0.800000011920929,0.7039999961853027,0.800000011920929,0.800000011920929,500
2020-03-06,0.800000011920929,0.800000011920929,0.800000011920929,0.800000011920929,0.800000011920929,125
2020-03-09,0.7599999904632568,0.7599999904632568,0.7599999904632568,0.7599999904632568,0.7599999904632568,350
2020-03-10,0.7599999904632568,0.7599999904632568,0.7599999904632568,0.7599999904632568,0.7599999904632568,250
2020-03-11,0.7599999904632568,0.7599999904632568,0.7599999904632568,0.7599999904632568,0.7599999904632568,375
2020-03-12,0.6159999966621399,0.6159999966621399,0.5839999914169312,0.5839999914169312,0.5839999914169312,6100
2020-03-13,0.5839999914169312,0.5839999914169312,0.5839999914169312,0.5839999914169312,0.5839999914169312,0
2020-03-16,0.6600000262260437,0.6600000262260437,0.47999998927116394,0.47999998927116394,0.47999998927116394,1275
2020-03-17,0.6399999856948853,0.6399999856948853,0.6399999856948853,0.6399999856948853,0.6399999856948853,25
2020-03-18,0.5600000023841858,0.5600000023841858,0.5600000023841858,0.5600000023841858,0.5600000023841858,100
2020-03-19,0.5600000023841858,0.5600000023841858,0.5600000023841858,0.5600000023841858,0.5600000023841858,0
2020-03-20,0.5600000023841858,0.5600000023841858,0.5600000023841858,0.5600000023841858,0.5600000023841858,150
2020-03-23,0.5,0.5,0.5,0.5,0.5,725
2020-03-24,0.5519999861717224,0.5519999861717224,0.5519999861717224,0.5519999861717224,0.5519999861717224,125
2020-03-25,0.5519999861717224,0.5519999861717224,0.5519999861717224,0.5519999861717224,0.5519999861717224,125
2020-03-26,0.5519999861717224,0.5519999861717224,0.5519999861717224,0.5519999861717224,0.5519999861717224,100
2020-03-27,0.5519999861717224,0.5519999861717224,0.5519999861717224,0.5519999861717224,0.5519999861717224,75
2020-03-30,0.5519999861717224,0.5519999861717224,0.5519999861717224,0.5519999861717224,0.5519999861717224,0
2020-03-31,0.052000001072883606,0.47200000286102295,0.052000001072883606,0.47200000286102295,0.47200000286102295,375
2020-04-01,0.47200000286102295,0.47200000286102295,0.20399999618530273,0.4000000059604645,0.4000000059604645,700
2020-04-02,0.4000000059604645,0.4000000059604645,0.3240000009536743,0.4000000059604645,0.4000000059604645,3950
2020-04-03,0.4000000059604645,0.4000000059604645,0.4000000059604645,0.4000000059604645,0.4000000059604645,0
2020-04-06,0.5600000023841858,0.5600000023841858,0.5600000023841858,0.5600000023841858,0.5600000023841858,125
2020-04-07,0.40799999237060547,0.4359999895095825,0.25600001215934753,0.4359999895095825,0.4359999895095825,5125
2020-04-08,0.4399999976158142,0.47600001096725464,0.4399999976158142,0.47600001096725464,0.47600001096725464,3625
2020-04-09,0.6359999775886536,0.6359999775886536,0.6359999775886536,0.6359999775886536,0.6359999775886536,250
2020-04-13,0.6359999775886536,0.6359999775886536,0.6359999775886536,0.6359999775886536,0.6359999775886536,0
2020-04-14,0.6359999775886536,0.6359999775886536,0.6359999775886536,0.6359999775886536,0.6359999775886536,0
2020-04-15,0.3240000009536743,0.3240000009536743,0.3240000009536743,0.3240000009536743,0.3240000009536743,200
2020-04-16,0.6320000290870667,0.6320000290870667,0.6320000290870667,0.6320000290870667,0.6320000290870667,175
2020-04-17,0.5680000185966492,0.5680000185966492,0.5680000185966492,0.5680000185966492,0.5680000185966492,125
2020-04-20,0.5680000185966492,0.5680000185966492,0.5680000185966492,0.5680000185966492,0.5680000185966492,75
2020-04-21,0.515999972820282,0.515999972820282,0.4000000059604645,0.4000000059604645,0.4000000059604645,1525
2020-04-22,0.4000000059604645,0.4000000059604645,0.4000000059604645,0.4000000059604645,0.4000000059604645,0
2020-04-23,0.5600000023841858,0.5600000023841858,0.492000013589859,0.492000013589859,0.492000013589859,800
2020-04-24,0.5400000214576721,0.5400000214576721,0.4399999976158142,0.5199999809265137,0.5199999809265137,950
2020-04-27,0.4399999976158142,0.46399998664855957,0.4399999976158142,0.4399999976158142,0.4399999976158142,3450
2020-04-28,0.5559999942779541,0.5600000023841858,0.3720000088214874,0.5600000023841858,0.5600000023841858,1600
2020-04-29,0.4000000059604645,0.4000000059604645,0.4000000059604645,0.4000000059604645,0.4000000059604645,50
2020-04-30,0.4000000059604645,0.4000000059604645,0.4000000059604645,0.4000000059604645,0.4000000059604645,0
2020-05-01,0.5600000023841858,0.5600000023841858,0.5600000023841858,0.5600000023841858,0.5600000023841858,25
2020-05-04,0.5600000023841858,0.5600000023841858,0.5600000023841858,0.5600000023841858,0.5600000023841858,0
2020-05-05,0.5600000023841858,0.5600000023841858,0.5600000023841858,0.5600000023841858,0.5600000023841858,0
2020-05-06,0.41200000047683716,0.41200000047683716,0.41200000047683716,0.41200000047683716,0.41200000047683716,50
2020-05-07,0.5600000023841858,0.5600000023841858,0.5040000081062317,0.5040000081062317,0.5040000081062317,75
2020-05-08,0.5,0.5,0.47200000286102295,0.47200000286102295,0.47200000286102295,1450
2020-05-11,0.47200000286102295,0.47200000286102295,0.47200000286102295,0.47200000286102295,0.47200000286102295,0
2020-05-12,0.47600001096725464,0.47600001096725464,0.47600001096725464,0.47600001096725464,0.47600001096725464,75
2020-05-13,0.47600001096725464,0.47600001096725464,0.47600001096725464,0.47600001096725464,0.47600001096725464,0
2020-05-14,0.4000000059604645,0.4000000059604645,0.4000000059604645,0.4000000059604645,0.4000000059604645,50
2020-05-15,0.4000000059604645,0.46399998664855957,0.4000000059604645,0.46399998664855957,0.46399998664855957,400
2020-05-18,0.4959999918937683,0.5,0.46399998664855957,0.5,0.5,5825
2020-05-19,0.46399998664855957,0.46399998664855957,0.4000000059604645,0.4000000059604645,0.4000000059604645,2525
2020-05-20,0.4399999976158142,0.46000000834465027,0.4399999976158142,0.46000000834465027,0.46000000834465027,3475
2020-05-21,0.46000000834465027,0.46000000834465027,0.46000000834465027,0.46000000834465027,0.46000000834465027,1200
2020-05-22,0.46000000834465027,0.46000000834465027,0.46000000834465027,0.46000000834465027,0.46000000834465027,575
2020-05-26,0.46000000834465027,0.46000000834465027,0.46000000834465027,0.46000000834465027,0.46000000834465027,500
2020-05-27,0.46000000834465027,0.46000000834465027,0.46000000834465027,0.46000000834465027,0.46000000834465027,275
2020-05-28,0.4000000059604645,0.46000000834465027,0.4000000059604645,0.46000000834465027,0.46000000834465027,175
2020-05-29,0.46000000834465027,0.46000000834465027,0.46000000834465027,0.46000000834465027,0.46000000834465027,125
2020-06-01,0.46000000834465027,0.46000000834465027,0.46000000834465027,0.46000000834465027,0.46000000834465027,125
2020-06-02,0.46000000834465027,0.46000000834465027,0.46000000834465027,0.46000000834465027,0.46000000834465027,150
2020-06-03,0.4399999976158142,0.46000000834465027,0.4399999976158142,0.46000000834465027,0.46000000834465027,5650
2020-06-04,0.46000000834465027,0.46000000834465027,0.46000000834465027,0.46000000834465027,0.46000000834465027,0
2020-06-05,0.5,0.5,0.5,0.5,0.5,1475
2020-06-08,0.5,0.6800000071525574,0.5,0.6800000071525574,0.6800000071525574,3350
2020-06-09,0.6800000071525574,0.800000011920929,0.6800000071525574,0.800000011920929,0.800000011920929,3875
2020-06-10,0.800000011920929,0.800000011920929,0.5199999809265137,0.6800000071525574,0.6800000071525574,1500
2020-06-11,0.6800000071525574,0.800000011920929,0.6800000071525574,0.800000011920929,0.800000011920929,1400
2020-06-12,0.7200000286102295,0.7960000038146973,0.7200000286102295,0.7960000038146973,0.7960000038146973,175
2020-06-15,0.7599999904632568,0.7599999904632568,0.7599999904632568,0.7599999904632568,0.7599999904632568,250
2020-06-16,0.7599999904632568,0.800000011920929,0.7599999904632568,0.800000011920929,0.800000011920929,1575
2020-06-17,0.800000011920929,0.800000011920929,0.7400000095367432,0.7599999904632568,0.7599999904632568,3425
2020-06-18,0.7599999904632568,0.7599999904632568,0.7599999904632568,0.7599999904632568,0.7599999904632568,2500
2020-06-19,0.6880000233650208,0.6880000233650208,0.6880000233650208,0.6880000233650208,0.6880000233650208,50
2020-06-22,0.6639999747276306,0.7360000014305115,0.6639999747276306,0.6800000071525574,0.6800000071525574,7350
2020-06-23,0.671999990940094,0.7599999904632568,0.671999990940094,0.7599999904632568,0.7599999904632568,5175
2020-06-24,0.7680000066757202,0.871999979019165,0.7680000066757202,0.871999979019165,0.871999979019165,325
2020-06-25,0.871999979019165,0.871999979019165,0.871999979019165,0.871999979019165,0.871999979019165,75
2020-06-26,0.871999979019165,0.871999979019165,0.871999979019165,0.871999979019165,0.871999979019165,50
2020-06-29,0.8199999928474426,0.8199999928474426,0.8199999928474426,0.8199999928474426,0.8199999928474426,225
2020-06-30,0.8199999928474426,0.8199999928474426,0.8199999928474426,0.8199999928474426,0.8199999928474426,0
2020-07-01,0.8199999928474426,0.8199999928474426,0.8199999928474426,0.8199999928474426,0.8199999928474426,0
2020-07-02,0.7400000095367432,0.871999979019165,0.7400000095367432,0.871999979019165,0.871999979019165,1150
2020-07-06,1.0,1.0,0.871999979019165,0.871999979019165,0.871999979019165,650
2020-07-07,0.8119999766349792,0.8119999766349792,0.41999998688697815,0.800000011920929,0.800000011920929,2275
2020-07-08,0.800000011920929,0.800000011920929,0.800000011920929,0.800000011920929,0.800000011920929,0
2020-07-09,0.800000011920929,1.0,0.6880000233650208,1.0,1.0,4050
2020-07-10,1.0,1.0,0.8999999761581421,0.8999999761581421,0.8999999761581421,375
2020-07-13,0.8999999761581421,0.8999999761581421,0.8999999761581421,0.8999999761581421,0.8999999761581421,0
2020-07-14,0.8999999761581421,0.8999999761581421,0.8999999761581421,0.8999999761581421,0.8999999761581421,0
2020-07-15,0.8999999761581421,0.8999999761581421,0.8799999952316284,0.8799999952316284,0.8799999952316284,750
2020-07-16,0.8399999737739563,0.9200000166893005,0.8399999737739563,0.8799999952316284,0.8799999952316284,3300
2020-07-17,0.8799999952316284,0.8799999952316284,0.8799999952316284,0.8799999952316284,0.8799999952316284,0
2020-07-20,0.800000011920929,0.800000011920929,0.800000011920929,0.800000011920929,0.800000011920929,1025
2020-07-21,0.800000011920929,0.800000011920929,0.800000011920929,0.800000011920929,0.800000011920929,800
2020-07-22,0.800000011920929,0.800000011920929,0.800000011920929,0.800000011920929,0.800000011920929,0
2020-07-23,1.0,1.1799999475479126,1.0,1.1799999475479126,1.1799999475479126,400
2020-07-24,1.1920000314712524,1.1920000314712524,1.1920000314712524,1.1920000314712524,1.1920000314712524,125
2020-07-27,1.1920000314712524,1.1920000314712524,1.1920000314712524,1.1920000314712524,1.1920000314712524,0
2020-07-28,1.0399999618530273,1.1799999475479126,1.0399999618530273,1.1799999475479126,1.1799999475479126,950
2020-07-29,1.1799999475479126,1.1799999475479126,1.1799999475479126,1.1799999475479126,1.1799999475479126,100
2020-07-30,1.1799999475479126,1.1799999475479126,1.1799999475479126,1.1799999475479126,1.1799999475479126,0
2020-07-31,1.1799999475479126,1.1799999475479126,1.1799999475479126,1.1799999475479126,1.1799999475479126,0
2020-08-03,1.1799999475479126,1.1799999475479126,1.1799999475479126,1.1799999475479126,1.1799999475479126,0
2020-08-04,0.8040000200271606,1.1759999990463257,0.800000011920929,1.1759999990463257,1.1759999990463257,2625
2020-08-05,1.1759999990463257,1.1759999990463257,1.1759999990463257,1.1759999990463257,1.1759999990463257,0
2020-08-06,1.100000023841858,1.100000023841858,0.6200000047683716,0.9200000166893005,0.9200000166893005,4700
2020-08-07,1.1759999990463257,1.1759999990463257,1.1759999990463257,1.1759999990463257,1.1759999990463257,25
2020-08-10,1.1759999990463257,1.1759999990463257,1.1759999990463257,1.1759999990463257,1.1759999990463257,0
2020-08-11,1.159999966621399,1.5399999618530273,1.159999966621399,1.5399999618530273,1.5399999618530273,36575
2020-08-12,1.600000023841858,1.6399999856948853,1.440000057220459,1.5199999809265137,1.5199999809265137,8050
2020-08-13,1.440000057220459,1.559999942779541,1.440000057220459,1.555999994277954,1.555999994277954,11550
2020-08-14,1.4800000190734863,1.4800000190734863,1.4800000190734863,1.4800000190734863,1.4800000190734863,50
2020-08-17,0.8799999952316284,1.559999942779541,0.8799999952316284,1.4800000190734863,1.4800000190734863,22225
2020-08-18,1.399999976158142,1.399999976158142,1.399999976158142,1.399999976158142,1.399999976158142,3975
2020-08-19,1.399999976158142,1.5199999809265137,1.399999976158142,1.5199999809265137,1.5199999809265137,3925
2020-08-20,1.5199999809265137,1.5199999809265137,1.399999976158142,1.4800000190734863,1.4800000190734863,6600
2020-08-21,1.5199999809265137,1.5199999809265137,1.4800000190734863,1.5199999809265137,1.5199999809265137,13000
2020-08-24,1.5440000295639038,1.5440000295639038,1.5440000295639038,1.5440000295639038,1.5440000295639038,100
2020-08-25,1.5679999589920044,1.5679999589920044,1.559999942779541,1.559999942779541,1.559999942779541,75
2020-08-26,1.559999942779541,1.5800000429153442,1.559999942779541,1.5800000429153442,1.5800000429153442,2600
2020-08-27,1.5800000429153442,1.5800000429153442,1.5800000429153442,1.5800000429153442,1.5800000429153442,0
2020-08-28,1.5399999618530273,1.5399999618530273,1.5399999618530273,1.5399999618530273,1.5399999618530273,50
2020-08-31,1.5399999618530273,1.5399999618530273,1.5399999618530273,1.5399999618530273,1.5399999618530273,400
2020-09-01,1.5399999618530273,1.5399999618530273,1.5399999618530273,1.5399999618530273,1.5399999618530273,25
2020-09-02,1.5520000457763672,1.5520000457763672,1.5520000457763672,1.5520000457763672,1.5520000457763672,25
2020-09-03,1.5520000457763672,1.5520000457763672,1.5520000457763672,1.5520000457763672,1.5520000457763672,0
2020-09-04,1.5520000457763672,1.5520000457763672,1.5520000457763672,1.5520000457763672,1.5520000457763672,50
2020-09-08,1.5520000457763672,1.5520000457763672,1.5520000457763672,1.5520000457763672,1.5520000457763672,0
2020-09-09,1.5199999809265137,1.8799999952316284,1.5199999809265137,1.8799999952316284,1.8799999952316284,1775
2020-09-10,1.6399999856948853,1.6399999856948853,1.6399999856948853,1.6399999856948853,1.6399999856948853,125
2020-09-11,1.6399999856948853,1.6399999856948853,1.6399999856948853,1.6399999856948853,1.6399999856948853,0
2020-09-14,1.5399999618530273,1.5399999618530273,1.5199999809265137,1.5199999809265137,1.5199999809265137,375
2020-09-15,1.5199999809265137,1.5199999809265137,1.5199999809265137,1.5199999809265137,1.5199999809265137,275
2020-09-16,1.5199999809265137,1.5199999809265137,1.5199999809265137,1.5199999809265137,1.5199999809265137,0
2020-09-17,1.5199999809265137,1.5199999809265137,1.5199999809265137,1.5199999809265137,1.5199999809265137,0
2020-09-18,1.4800000190734863,1.531999945640564,1.4800000190734863,1.531999945640564,1.531999945640564,175
2020-09-21,1.531999945640564,1.531999945640564,1.531999945640564,1.531999945640564,1.531999945640564,0
2020-09-22,1.4800000190734863,1.4800000190734863,1.4800000190734863,1.4800000190734863,1.4800000190734863,675
2020-09-23,1.4800000190734863,1.4800000190734863,1.4800000190734863,1.4800000190734863,1.4800000190734863,0
2020-09-24,1.4800000190734863,1.559999942779541,1.399999976158142,1.559999942779541,1.559999942779541,500
2020-09-25,1.559999942779541,1.559999942779541,1.559999942779541,1.559999942779541,1.559999942779541,0
2020-09-28,1.4199999570846558,1.440000057220459,1.4199999570846558,1.440000057220459,1.440000057220459,775
2020-09-29,1.440000057220459,1.440000057220459,1.440000057220459,1.440000057220459,1.440000057220459,0
2020-09-30,1.440000057220459,1.440000057220459,1.440000057220459,1.440000057220459,1.440000057220459,0
2020-10-01,1.399999976158142,1.399999976158142,1.399999976158142,1.399999976158142,1.399999976158142,1750
2020-10-02,1.399999976158142,1.399999976158142,1.399999976158142,1.399999976158142,1.399999976158142,0
2020-10-05,1.399999976158142,1.5199999809265137,1.399999976158142,1.5199999809265137,1.5199999809265137,5275
2020-10-06,1.399999976158142,1.399999976158142,1.399999976158142,1.399999976158142,1.399999976158142,5550
2020-10-07,1.399999976158142,1.399999976158142,1.399999976158142,1.399999976158142,1.399999976158142,1125
2020-10-08,1.399999976158142,1.399999976158142,1.399999976158142,1.399999976158142,1.399999976158142,5625
2020-10-09,1.399999976158142,1.399999976158142,1.399999976158142,1.399999976158142,1.399999976158142,0
2020-10-12,1.399999976158142,1.399999976158142,1.399999976158142,1.399999976158142,1.399999976158142,3125
2020-10-13,1.399999976158142,1.399999976158142,1.399999976158142,1.399999976158142,1.399999976158142,1125
2020-10-14,1.399999976158142,1.399999976158142,1.399999976158142,1.399999976158142,1.399999976158142,0
2020-10-15,1.399999976158142,1.399999976158142,1.399999976158142,1.399999976158142,1.399999976158142,0
2020-10-16,1.399999976158142,1.399999976158142,1.399999976158142,1.399999976158142,1.399999976158142,500
2020-10-19,1.399999976158142,1.399999976158142,1.399999976158142,1.399999976158142,1.399999976158142,150
2020-10-20,1.399999976158142,1.399999976158142,1.399999976158142,1.399999976158142,1.399999976158142,1350
2020-10-21,1.5199999809265137,1.5199999809265137,1.399999976158142,1.399999976158142,1.399999976158142,3375
2020-10-22,1.5199999809265137,1.5199999809265137,1.5199999809265137,1.5199999809265137,1.5199999809265137,25
2020-10-23,1.5199999809265137,1.5199999809265137,1.5199999809265137,1.5199999809265137,1.5199999809265137,25
2020-10-26,1.399999976158142,1.399999976158142,1.399999976158142,1.399999976158142,1.399999976158142,250
2020-10-27,1.4199999570846558,1.468000054359436,1.4199999570846558,1.468000054359436,1.468000054359436,1700
2020-10-28,1.468000054359436,1.468000054359436,1.468000054359436,1.468000054359436,1.468000054359436,0
2020-10-29,1.559999942779541,1.559999942779541,1.559999942779541,1.559999942779541,1.559999942779541,25
2020-10-30,1.559999942779541,1.559999942779541,1.559999942779541,1.559999942779541,1.559999942779541,0
2020-11-02,1.559999942779541,1.559999942779541,1.559999942779541,1.559999942779541,1.559999942779541,0
2020-11-03,1.559999942779541,1.559999942779541,1.559999942779541,1.559999942779541,1.559999942779541,0
2020-11-04,1.559999942779541,1.559999942779541,1.559999942779541,1.559999942779541,1.559999942779541,0
2020-11-05,1.559999942779541,1.559999942779541,1.559999942779541,1.559999942779541,1.559999942779541,0
2020-11-06,1.4199999570846558,1.4199999570846558,1.4199999570846558,1.4199999570846558,1.4199999570846558,800
2020-11-09,1.5199999809265137,1.5199999809265137,1.5199999809265137,1.5199999809265137,1.5199999809265137,25
2020-11-10,1.4199999570846558,1.4199999570846558,1.4199999570846558,1.4199999570846558,1.4199999570846558,175
2020-11-11,1.4199999570846558,1.4199999570846558,1.4199999570846558,1.4199999570846558,1.4199999570846558,0
2020-11-12,1.4199999570846558,1.4199999570846558,1.4199999570846558,1.4199999570846558,1.4199999570846558,0
2020-11-13,1.4199999570846558,1.4199999570846558,1.4199999570846558,1.4199999570846558,1.4199999570846558,1625
2020-11-16,1.5199999809265137,1.5199999809265137,1.5199999809265137,1.5199999809265137,1.5199999809265137,25
2020-11-17,1.5199999809265137,1.5199999809265137,1.5199999809265137,1.5199999809265137,1.5199999809265137,250
2020-11-18,1.559999942779541,1.559999942779541,1.559999942779541,1.559999942779541,1.559999942779541,750
2020-11-19,1.559999942779541,1.559999942779541,1.559999942779541,1.559999942779541,1.559999942779541,0
2020-11-20,1.4199999570846558,1.4199999570846558,1.4199999570846558,1.4199999570846558,1.4199999570846558,250
2020-11-23,1.5199999809265137,1.5199999809265137,1.4199999570846558,1.4199999570846558,1.4199999570846558,525
2020-11-24,1.4199999570846558,1.4199999570846558,1.4199999570846558,1.4199999570846558,1.4199999570846558,0
2020-11-25,1.399999976158142,1.4800000190734863,1.2400000095367432,1.4800000190734863,1.4800000190734863,10800
2020-11-27,1.4800000190734863,1.4800000190734863,1.4800000190734863,1.4800000190734863,1.4800000190734863,25
2020-11-30,1.4800000190734863,1.4800000190734863,1.4800000190734863,1.4800000190734863,1.4800000190734863,0
2020-12-01,1.399999976158142,1.4800000190734863,1.399999976158142,1.4800000190734863,1.4800000190734863,950
2020-12-02,1.440000057220459,1.440000057220459,1.440000057220459,1.440000057220459,1.440000057220459,750
2020-12-03,1.440000057220459,1.440000057220459,1.440000057220459,1.440000057220459,1.440000057220459,0
2020-12-04,1.399999976158142,1.399999976158142,1.399999976158142,1.399999976158142,1.399999976158142,25
2020-12-07,1.5199999809265137,1.5199999809265137,1.5199999809265137,1.5199999809265137,1.5199999809265137,25
2020-12-08,1.4800000190734863,1.4800000190734863,1.4800000190734863,1.4800000190734863,1.4800000190734863,25
2020-12-09,1.4199999570846558,1.4199999570846558,1.4199999570846558,1.4199999570846558,1.4199999570846558,175
2020-12-10,1.4199999570846558,1.4199999570846558,1.4199999570846558,1.4199999570846558,1.4199999570846558,0
2020-12-11,1.3240000009536743,1.399999976158142,1.3240000009536743,1.399999976158142,1.399999976158142,475
2020-12-14,1.3799999952316284,1.4800000190734863,1.3200000524520874,1.4800000190734863,1.4800000190734863,2500
2020-12-15,1.4800000190734863,1.4800000190734863,1.4800000190734863,1.4800000190734863,1.4800000190734863,0
2020-12-16,1.3600000143051147,1.3600000143051147,1.3600000143051147,1.3600000143051147,1.3600000143051147,625
2020-12-17,1.3760000467300415,1.4160000085830688,1.3200000524520874,1.399999976158142,1.399999976158142,1725
2020-12-18,1.440000057220459,1.440000057220459,1.399999976158142,1.399999976158142,1.399999976158142,900
2020-12-21,1.399999976158142,1.399999976158142,1.399999976158142,1.399999976158142,1.399999976158142,0
2020-12-22,1.3799999952316284,1.399999976158142,1.3799999952316284,1.399999976158142,1.399999976158142,1525
2020-12-23,1.399999976158142,1.399999976158142,1.399999976158142,1.399999976158142,1.399999976158142,0
2020-12-24,1.4800000190734863,1.4800000190734863,1.4800000190734863,1.4800000190734863,1.4800000190734863,250
2020-12-28,1.4800000190734863,1.4800000190734863,1.4800000190734863,1.4800000190734863,1.4800000190734863,0
2020-12-29,1.3200000524520874,1.3200000524520874,1.3200000524520874,1.3200000524520874,1.3200000524520874,225
2020-12-30,1.559999942779541,1.559999942779541,1.559999942779541,1.559999942779541,1.559999942779541,25
2020-12-31,1.559999942779541,1.559999942779541,1.559999942779541,1.559999942779541,1.559999942779541,0
2021-01-04,1.3200000524520874,1.3200000524520874,1.3200000524520874,1.3200000524520874,1.3200000524520874,5000
2021-01-05,1.559999942779541,1.559999942779541,1.559999942779541,1.559999942779541,1.559999942779541,25
2021-01-06,1.559999942779541,1.559999942779541,1.559999942779541,1.559999942779541,1.559999942779541,0
2021-01-07,1.8799999952316284,1.8799999952316284,1.8799999952316284,1.8799999952316284,1.8799999952316284,125
2021-01-08,1.559999942779541,1.8799999952316284,1.559999942779541,1.8799999952316284,1.8799999952316284,6250
2021-01-11,1.7999999523162842,1.7999999523162842,1.600000023841858,1.600000023841858,1.600000023841858,3250
2021-01-12,1.600000023841858,1.628000020980835,1.600000023841858,1.628000020980835,1.628000020980835,5725
2021-01-13,1.628000020980835,1.628000020980835,1.628000020980835,1.628000020980835,1.628000020980835,0
2021-01-14,1.628000020980835,1.628000020980835,1.628000020980835,1.628000020980835,1.628000020980835,25
2021-01-15,1.628000020980835,1.628000020980835,1.628000020980835,1.628000020980835,1.628000020980835,0
2021-01-19,1.600000023841858,1.628000020980835,1.600000023841858,1.628000020980835,1.628000020980835,3750
2021-01-20,1.600000023841858,1.600000023841858,1.600000023841858,1.600000023841858,1.600000023841858,5425
2021-01-21,1.600000023841858,1.6799999475479126,1.600000023841858,1.6799999475479126,1.6799999475479126,625
2021-01-22,1.6799999475479126,1.6799999475479126,1.6519999504089355,1.6519999504089355,1.6519999504089355,400
2021-01-25,1.6519999504089355,1.6519999504089355,1.6519999504089355,1.6519999504089355,1.6519999504089355,0
2021-01-26,1.6399999856948853,1.6399999856948853,1.6399999856948853,1.6399999856948853,1.6399999856948853,25
2021-01-27,1.6399999856948853,1.6399999856948853,1.6399999856948853,1.6399999856948853,1.6399999856948853,0
2021-01-28,1.600000023841858,1.600000023841858,1.600000023841858,1.600000023841858,1.600000023841858,4625
2021-01-29,1.600000023841858,1.7319999933242798,1.600000023841858,1.7319999933242798,1.7319999933242798,3100
2021-02-01,1.7280000448226929,1.7599999904632568,1.600000023841858,1.7599999904632568,1.7599999904632568,325
2021-02-02,1.7599999904632568,1.7599999904632568,1.7599999904632568,1.7599999904632568,1.7599999904632568,0
2021-02-03,1.7599999904632568,1.7599999904632568,1.7599999904632568,1.7599999904632568,1.7599999904632568,0
2021-02-04,1.600000023841858,1.7400000095367432,1.600000023841858,1.7400000095367432,1.7400000095367432,325
2021-02-05,1.600000023841858,1.7599999904632568,1.600000023841858,1.7599999904632568,1.7599999904632568,350
2021-02-08,1.7999999523162842,1.7999999523162842,1.7999999523162842,1.7999999523162842,1.7999999523162842,25
2021-02-09,1.7599999904632568,1.7599999904632568,1.7599999904632568,1.7599999904632568,1.7599999904632568,25
2021-02-10,1.9199999570846558,1.9199999570846558,1.7999999523162842,1.7999999523162842,1.7999999523162842,600
2021-02-11,1.600000023841858,1.600000023841858,1.600000023841858,1.600000023841858,1.600000023841858,250
2021-02-12,1.7319999933242798,1.7319999933242798,1.7319999933242798,1.7319999933242798,1.7319999933242798,50
2021-02-16,1.6399999856948853,1.7200000286102295,1.6200000047683716,1.6679999828338623,1.6679999828338623,3625
2021-02-17,1.6519999504089355,1.6519999504089355,1.6519999504089355,1.6519999504089355,1.6519999504089355,125
2021-02-18,1.6519999504089355,1.6519999504089355,1.6519999504089355,1.6519999504089355,1.6519999504089355,500
2021-02-19,1.6519999504089355,1.840000033378601,1.6519999504089355,1.840000033378601,1.840000033378601,3300
2021-02-22,1.6799999475479126,1.9199999570846558,1.6519999504089355,1.6519999504089355,1.6519999504089355,3400
2021-02-23,1.6799999475479126,1.7319999933242798,1.6519999504089355,1.7319999933242798,1.7319999933242798,2300
2021-02-24,1.7319999933242798,1.8799999952316284,1.6519999504089355,1.8799999952316284,1.8799999952316284,7000
2021-02-25,1.8799999952316284,1.8799999952316284,1.8799999952316284,1.8799999952316284,1.8799999952316284,125
2021-02-26,1.9600000381469727,2.0,1.9600000381469727,2.0,2.0,375
2021-03-01,2.0,2.0,2.0,2.0,2.0,0
2021-03-02,1.600000023841858,1.600000023841858,1.600000023841858,1.600000023841858,1.600000023841858,350
2021-03-03,1.600000023841858,1.600000023841858,1.600000023841858,1.600000023841858,1.600000023841858,0
2021-03-04,1.600000023841858,1.600000023841858,1.600000023841858,1.600000023841858,1.600000023841858,0
2021-03-05,1.6799999475479126,2.0799999237060547,1.6799999475479126,2.0799999237060547,2.0799999237060547,425
2021-03-08,2.0,2.0,1.600000023841858,2.0,2.0,300
2021-03-09,2.0,2.0,1.600000023841858,1.600000023841858,1.600000023841858,175
2021-03-10,1.600000023841858,1.600000023841858,1.600000023841858,1.600000023841858,1.600000023841858,0
2021-03-11,2.0,2.0,1.7999999523162842,1.7999999523162842,1.7999999523162842,100
2021-03-12,1.9199999570846558,2.0,1.9199999570846558,2.0,2.0,1975
2021-03-15,2.200000047683716,16.639999389648438,2.0,4.840000152587891,4.840000152587891,67675
2021-03-16,5.0,5.0,4.400000095367432,4.800000190734863,4.800000190734863,20050
2021-03-17,4.800000190734863,5.0,4.400000095367432,5.0,5.0,22375
2021-03-18,4.960000038146973,5.0,4.400000095367432,4.71999979019165,4.71999979019165,9750
2021-03-19,4.800000190734863,4.800000190734863,3.640000104904175,4.71999979019165,4.71999979019165,6400
2021-03-22,4.800000190734863,4.920000076293945,4.739999771118164,4.920000076293945,4.920000076293945,6025
2021-03-23,5.0,5.0,4.880000114440918,4.900000095367432,4.900000095367432,16800
2021-03-24,4.940000057220459,5.28000020980835,4.920000076293945,5.199999809265137,5.199999809265137,11075
2021-03-25,5.320000171661377,6.360000133514404,5.320000171661377,5.800000190734863,5.800000190734863,23125
2021-03-26,5.840000152587891,6.71999979019165,5.840000152587891,6.71999979019165,6.71999979019165,13775
2021-03-29,6.71999979019165,6.800000190734863,6.400000095367432,6.400000095367432,6.400000095367432,12450
2021-03-30,6.760000228881836,6.760000228881836,6.5,6.599999904632568,6.599999904632568,3950
2021-03-31,5.960000038146973,6.480000019073486,5.199999809265137,6.480000019073486,6.480000019073486,1825
2021-04-01,6.480000019073486,6.679999828338623,6.480000019073486,6.679999828338623,6.679999828338623,5450
2021-04-05,6.679999828338623,7.0,6.599999904632568,6.920000076293945,6.920000076293945,11825
2021-04-06,6.900000095367432,7.320000171661377,6.880000114440918,7.28000020980835,7.28000020980835,9150
2021-04-07,7.199999809265137,7.519999980926514,7.039999961853027,7.039999961853027,7.039999961853027,7275
2021-04-08,7.239999771118164,7.239999771118164,7.239999771118164,7.239999771118164,7.239999771118164,725
2021-04-09,7.239999771118164,7.239999771118164,6.800000190734863,7.239999771118164,7.239999771118164,7425
2021-04-12,7.239999771118164,7.320000171661377,6.800000190734863,7.0,7.0,5800
2021-04-13,7.0,7.519999980926514,7.0,7.519999980926514,7.519999980926514,7675
2021-04-14,7.480000019073486,7.519999980926514,7.360000133514404,7.480000019073486,7.480000019073486,5950
2021-04-15,7.519999980926514,7.599999904632568,7.480000019073486,7.480000019073486,7.480000019073486,9250
2021-04-16,7.559999942779541,7.559999942779541,4.119999885559082,7.440000057220459,7.440000057220459,13275
2021-04-19,7.519999980926514,7.559999942779541,7.480000019073486,7.559999942779541,7.559999942779541,1900
2021-04-20,7.599999904632568,7.71999979019165,7.400000095367432,7.599999904632568,7.599999904632568,1600
2021-04-21,7.599999904632568,7.599999904632568,6.940000057220459,7.519999980926514,7.519999980926514,5225
2021-04-22,7.559999942779541,7.739999771118164,7.199999809265137,7.659999847412109,7.659999847412109,2350
2021-04-23,7.679999828338623,7.840000152587891,7.599999904632568,7.800000190734863,7.800000190734863,3350
2021-04-26,7.800000190734863,7.800000190734863,7.71999979019165,7.760000228881836,7.760000228881836,1150
2021-04-27,7.800000190734863,7.800000190734863,7.599999904632568,7.599999904632568,7.599999904632568,2425
2021-04-28,7.599999904632568,7.679999828338623,7.576000213623047,7.679999828338623,7.679999828338623,5075
2021-04-29,7.760000228881836,7.800000190734863,7.599999904632568,7.639999866485596,7.639999866485596,7450
2021-04-30,7.619999885559082,7.840000152587891,7.599999904632568,7.599999904632568,7.599999904632568,3250
2021-05-03,7.599999904632568,7.599999904632568,7.199999809265137,7.380000114440918,7.380000114440918,2750
2021-05-04,7.599999904632568,7.599999904632568,6.71999979019165,6.71999979019165,6.71999979019165,1900
2021-05-05,6.360000133514404,7.840000152587891,6.360000133514404,7.599999904632568,7.599999904632568,4150
2021-05-06,6.039999961853027,7.599999904632568,6.039999961853027,7.599999904632568,7.599999904632568,2025
2021-05-07,7.699999809265137,7.699999809265137,6.71999979019165,7.559999942779541,7.559999942779541,2800
2021-05-10,6.480000019073486,7.559999942779541,6.480000019073486,7.559999942779541,7.559999942779541,400
2021-05-11,7.044000148773193,7.639999866485596,7.044000148773193,7.559999942779541,7.559999942779541,125
2021-05-12,7.5,7.519999980926514,6.800000190734863,6.800000190734863,6.800000190734863,1450
2021-05-13,7.400000095367432,7.400000095367432,6.880000114440918,7.400000095367432,7.400000095367432,75
2021-05-14,7.400000095367432,7.400000095367432,7.400000095367432,7.400000095367432,7.400000095367432,0
2021-05-17,7.0,7.840000152587891,7.0,7.800000190734863,7.800000190734863,2700
2021-05-18,7.800000190734863,8.399999618530273,7.788000106811523,8.279999732971191,8.279999732971191,5750
2021-05-19,8.520000457763672,8.600000381469727,8.5,8.520000457763672,8.520000457763672,3500
2021-05-20,9.100000381469727,9.100000381469727,5.440000057220459,8.800000190734863,8.800000190734863,3900
2021-05-21,8.800000190734863,8.800000190734863,8.800000190734863,8.800000190734863,8.800000190734863,0
2021-05-24,8.579999923706055,8.720000267028809,8.039999961853027,8.720000267028809,8.720000267028809,500
2021-05-25,8.600000381469727,8.720000267028809,8.0,8.5600004196167,8.5600004196167,2100
2021-05-26,8.239999771118164,8.600000381469727,8.15999984741211,8.600000381469727,8.600000381469727,1050
2021-05-27,8.600000381469727,8.600000381469727,8.199999809265137,8.199999809265137,8.199999809265137,700
2021-05-28,8.220000267028809,8.531999588012695,8.220000267028809,8.531999588012695,8.531999588012695,550
2021-06-01,8.600000381469727,8.640000343322754,8.399999618530273,8.520000457763672,8.520000457763672,1050
2021-06-02,8.5600004196167,8.640000343322754,8.399999618530273,8.640000343322754,8.640000343322754,1025
2021-06-03,8.5600004196167,8.680000305175781,8.227999687194824,8.640000343322754,8.640000343322754,2550
2021-06-04,8.640000343322754,8.640000343322754,8.199999809265137,8.359999656677246,8.359999656677246,2075
2021-06-07,8.640000343322754,8.680000305175781,8.331999778747559,8.399999618530273,8.399999618530273,1850
2021-06-08,8.600000381469727,8.680000305175781,8.399999618530273,8.680000305175781,8.680000305175781,3375
2021-06-09,8.680000305175781,8.680000305175781,8.4399995803833,8.4399995803833,8.4399995803833,850
2021-06-10,8.479999542236328,8.479999542236328,8.199999809265137,8.199999809265137,8.199999809265137,2875
2021-06-11,8.399999618530273,8.600000381469727,8.199999809265137,8.600000381469727,8.600000381469727,1275
2021-06-14,8.479999542236328,8.539999961853027,8.399999618530273,8.539999961853027,8.539999961853027,1275
2021-06-15,8.680000305175781,8.680000305175781,8.199999809265137,8.319999694824219,8.319999694824219,1175
2021-06-16,8.359999656677246,8.359999656677246,8.0,8.239999771118164,8.239999771118164,3250
2021-06-17,8.15999984741211,8.15999984741211,8.15999984741211,8.15999984741211,8.15999984741211,50
2021-06-18,7.840000152587891,7.960000038146973,7.079999923706055,7.960000038146973,7.960000038146973,875
2021-06-21,7.119999885559082,7.880000114440918,7.0,7.559999942779541,7.559999942779541,2350
2021-06-22,7.559999942779541,7.599999904632568,7.320000171661377,7.599999904632568,7.599999904632568,225
2021-06-23,7.400000095367432,7.760000228881836,6.900000095367432,7.71999979019165,7.71999979019165,1750
2021-06-24,7.659999847412109,7.659999847412109,6.0,7.599999904632568,7.599999904632568,1150
2021-06-25,7.0,7.559999942779541,6.415999889373779,6.920000076293945,6.920000076293945,1425
2021-06-28,8.079999923706055,8.079999923706055,6.820000171661377,6.960000038146973,6.960000038146973,250
2021-06-29,7.0,8.0,7.0,7.0,7.0,925
2021-06-30,7.199999809265137,7.199999809265137,6.039999961853027,7.119999885559082,7.119999885559082,425
2021-07-01,7.159999847412109,7.159999847412109,6.880000114440918,6.960000038146973,6.960000038146973,325
2021-07-02,6.920000076293945,7.079999923706055,6.840000152587891,7.079999923706055,7.079999923706055,1125
2021-07-06,6.840000152587891,7.159999847412109,6.840000152587891,7.079999923706055,7.079999923706055,1525
2021-07-07,6.880000114440918,6.920000076293945,6.039999961853027,6.039999961853027,6.039999961853027,625
2021-07-08,6.960000038146973,6.960000038146973,6.760000228881836,6.760000228881836,6.760000228881836,275
2021-07-09,6.800000190734863,7.0,6.71999979019165,6.960000038146973,6.960000038146973,650
2021-07-12,6.960000038146973,6.960000038146973,6.960000038146973,6.960000038146973,6.960000038146973,0
2021-07-13,6.599999904632568,7.0,6.239999771118164,7.0,7.0,300
2021-07-14,8.0,8.0,6.920000076293945,6.920000076293945,6.920000076293945,125
2021-07-15,7.0,7.0,7.0,7.0,7.0,125
2021-07-16,6.840000152587891,7.0,6.840000152587891,7.0,7.0,275
2021-07-19,6.840000152587891,7.0,6.0,6.0,6.0,1975
2021-07-20,6.199999809265137,6.880000114440918,6.199999809265137,6.840000152587891,6.840000152587891,850
2021-07-21,7.0,7.0,6.0,6.940000057220459,6.940000057220459,2125
2021-07-22,6.840000152587891,6.840000152587891,6.840000152587891,6.840000152587891,6.840000152587891,2600
2021-07-23,6.5,6.5,6.199999809265137,6.199999809265137,6.199999809265137,100
2021-07-26,6.599999904632568,6.599999904632568,6.239999771118164,6.239999771118164,6.239999771118164,725
2021-07-27,6.340000152587891,6.800000190734863,6.239999771118164,6.239999771118164,6.239999771118164,3350
2021-07-28,6.239999771118164,6.320000171661377,6.239999771118164,6.320000171661377,6.320000171661377,1050
2021-07-29,6.400000095367432,6.400000095367432,6.400000095367432,6.400000095367432,6.400000095367432,475
2021-07-30,6.320000171661377,6.599999904632568,6.300000190734863,6.599999904632568,6.599999904632568,6400
2021-08-02,6.619999885559082,6.619999885559082,6.440000057220459,6.599999904632568,6.599999904632568,7175
2021-08-03,6.800000190734863,6.800000190734863,6.800000190734863,6.800000190734863,6.800000190734863,750
2021-08-04,6.559999942779541,6.559999942779541,6.480000019073486,6.480000019073486,6.480000019073486,2550
2021-08-05,6.480000019073486,6.599999904632568,6.480000019073486,6.599999904632568,6.599999904632568,350
2021-08-06,6.559999942779541,6.599999904632568,6.360000133514404,6.480000019073486,6.480000019073486,9700
2021-08-09,6.239999771118164,6.340000152587891,6.239999771118164,6.239999771118164,6.239999771118164,4800
2021-08-10,6.239999771118164,6.239999771118164,6.0,6.0,6.0,2450
2021-08-11,6.0,6.599999904632568,6.0,6.599999904632568,6.599999904632568,1375
2021-08-12,6.599999904632568,6.599999904632568,6.599999904632568,6.599999904632568,6.599999904632568,50
2021-08-13,6.599999904632568,6.599999904632568,6.599999904632568,6.599999904632568,6.599999904632568,0
2021-08-16,6.599999904632568,6.599999904632568,6.599999904632568,6.599999904632568,6.599999904632568,0
2021-08-17,6.119999885559082,6.400000095367432,5.840000152587891,6.400000095367432,6.400000095367432,1025
2021-08-18,6.400000095367432,6.400000095367432,6.199999809265137,6.320000171661377,6.320000171661377,375
2021-08-19,6.199999809265137,6.239999771118164,5.840000152587891,6.079999923706055,6.079999923706055,375
2021-08-20,5.960000038146973,6.079999923706055,5.840000152587891,6.079999923706055,6.079999923706055,2850
2021-08-23,6.360000133514404,6.400000095367432,5.840000152587891,5.840000152587891,5.840000152587891,1150
2021-08-24,5.840000152587891,6.400000095367432,5.840000152587891,5.840000152587891,5.840000152587891,225
2021-08-25,5.840000152587891,5.840000152587891,5.840000152587891,5.840000152587891,5.840000152587891,0
2021-08-26,5.840000152587891,6.400000095367432,5.840000152587891,6.400000095367432,6.400000095367432,850
2021-08-27,6.119999885559082,6.119999885559082,6.119999885559082,6.119999885559082,6.119999885559082,50
2021-08-30,6.119999885559082,6.119999885559082,6.119999885559082,6.119999885559082,6.119999885559082,0
2021-08-31,6.320000171661377,6.400000095367432,5.840000152587891,6.400000095367432,6.400000095367432,1625
2021-09-01,6.320000171661377,6.400000095367432,4.199999809265137,5.800000190734863,5.800000190734863,4075
2021-09-02,5.840000152587891,5.840000152587891,5.760000228881836,5.840000152587891,5.840000152587891,575
2021-09-03,5.920000076293945,6.199999809265137,5.920000076293945,6.0,6.0,175
2021-09-07,6.0,6.199999809265137,6.0,6.199999809265137,6.199999809265137,1025
2021-09-08,6.199999809265137,6.239999771118164,5.079999923706055,6.239999771118164,6.239999771118164,1725
2021-09-09,6.239999771118164,6.320000171661377,6.199999809265137,6.199999809265137,6.199999809265137,700
2021-09-10,6.119999885559082,6.199999809265137,6.119999885559082,6.199999809265137,6.199999809265137,400
2021-09-13,5.800000190734863,6.400000095367432,5.800000190734863,6.400000095367432,6.400000095367432,3425
2021-09-14,6.400000095367432,6.400000095367432,6.400000095367432,6.400000095367432,6.400000095367432,1025
2021-09-15,6.199999809265137,6.400000095367432,6.199999809265137,6.400000095367432,6.400000095367432,400
2021-09-16,6.400000095367432,6.400000095367432,6.400000095367432,6.400000095367432,6.400000095367432,0
2021-09-17,6.0,6.0,6.0,6.0,6.0,1225
2021-09-20,5.840000152587891,6.400000095367432,5.800000190734863,6.320000171661377,6.320000171661377,3075
2021-09-21,6.320000171661377,6.400000095367432,6.320000171661377,6.400000095367432,6.400000095367432,950
2021-09-22,6.320000171661377,6.400000095367432,6.320000171661377,6.400000095367432,6.400000095367432,400
2021-09-23,6.519999980926514,6.519999980926514,6.199999809265137,6.300000190734863,6.300000190734863,325
2021-09-24,6.400000095367432,6.400000095367432,6.320000171661377,6.320000171661377,6.320000171661377,1875
2021-09-27,6.400000095367432,6.400000095367432,6.360000133514404,6.400000095367432,6.400000095367432,2600
2021-09-28,6.400000095367432,7.320000171661377,6.400000095367432,7.320000171661377,7.320000171661377,3025
2021-09-29,7.199999809265137,8.800000190734863,7.199999809265137,8.479999542236328,8.479999542236328,14200
2021-09-30,8.239999771118164,8.479999542236328,8.0,8.199999809265137,8.199999809265137,775
2021-10-01,8.071999549865723,8.199999809265137,8.0,8.071999549865723,8.071999549865723,1600
2021-10-04,8.199999809265137,9.0,8.199999809265137,8.680000305175781,8.680000305175781,13925
2021-10-05,8.880000114440918,9.039999961853027,8.699999809265137,8.800000190734863,8.800000190734863,6000
2021-10-06,8.800000190734863,9.199999809265137,8.800000190734863,9.15999984741211,9.15999984741211,8150
2021-10-07,9.199999809265137,9.199999809265137,8.199999809265137,8.199999809265137,8.199999809265137,1550
2021-10-08,8.779999732971191,8.800000190734863,8.399999618530273,8.680000305175781,8.680000305175781,800
2021-10-11,9.119999885559082,9.119999885559082,9.0,9.119999885559082,9.119999885559082,3700
2021-10-12,9.199999809265137,9.960000038146973,9.119999885559082,9.199999809265137,9.199999809265137,4750
2021-10-13,9.199999809265137,9.479999542236328,9.039999961853027,9.479999542236328,9.479999542236328,2850
2021-10-14,9.199999809265137,9.4399995803833,8.199999809265137,8.199999809265137,8.199999809265137,1750
2021-10-15,8.720000267028809,9.079999923706055,8.199999809265137,9.079999923706055,9.079999923706055,1575
2021-10-18,9.199999809265137,9.4399995803833,8.800000190734863,9.4399995803833,9.4399995803833,1575
2021-10-19,9.300000190734863,9.399999618530273,9.199999809265137,9.199999809265137,9.199999809265137,500
2021-10-20,9.479999542236328,9.479999542236328,9.380000114440918,9.399999618530273,9.399999618530273,3625
2021-10-21,9.479999542236328,9.5600004196167,9.34000015258789,9.479999542236328,9.479999542236328,7925
2021-10-22,9.479999542236328,9.779999732971191,9.4399995803833,9.479999542236328,9.479999542236328,6225
2021-10-25,10.0,10.0,9.479999542236328,9.720000267028809,9.720000267028809,1950
2021-10-26,9.479999542236328,9.479999542236328,9.479999542236328,9.479999542236328,9.479999542236328,300
2021-10-27,9.600000381469727,9.720000267028809,9.600000381469727,9.720000267028809,9.720000267028809,375
2021-10-28,10.0,10.0,10.0,10.0,10.0,50
2021-10-29,10.0,10.520000457763672,9.920000076293945,10.520000457763672,10.520000457763672,6650
2021-11-01,10.520000457763672,11.199999809265137,10.520000457763672,11.199999809265137,11.199999809265137,5325
2021-11-02,11.199999809265137,11.199999809265137,11.0,11.0,11.0,5350
2021-11-03,11.199999809265137,11.199999809265137,10.800000190734863,10.800000190734863,10.800000190734863,2300
2021-11-04,10.680000305175781,10.680000305175781,10.380000114440918,10.680000305175781,10.680000305175781,500
2021-11-05,11.079999923706055,11.15999984741211,10.779999732971191,11.15999984741211,11.15999984741211,850
2021-11-08,11.15999984741211,11.199999809265137,11.15999984741211,11.199999809265137,11.199999809265137,375
2021-11-09,10.800000190734863,19.600000381469727,8.079999923706055,12.359999656677246,12.359999656677246,14325
2021-11-10,15.0,15.0,12.359999656677246,12.359999656677246,12.359999656677246,4475
2021-11-11,13.0,13.0,12.199999809265137,12.279999732971191,12.279999732971191,2125
2021-11-12,13.800000190734863,15.800000190734863,13.800000190734863,15.399999618530273,15.399999618530273,4725
2021-11-15,15.800000190734863,15.800000190734863,15.0,15.199999809265137,15.199999809265137,5775
2021-11-16,15.199999809265137,15.199999809265137,14.239999771118164,14.880000114440918,14.880000114440918,1000
2021-11-17,14.0,15.920000076293945,14.0,15.920000076293945,15.920000076293945,2450
2021-11-18,14.960000038146973,15.420000076293945,12.399999618530273,14.0,14.0,10450
2021-11-19,13.600000381469727,13.600000381469727,12.0,12.800000190734863,12.800000190734863,2075
2021-11-22,12.0,12.720000267028809,12.0,12.720000267028809,12.720000267028809,650
2021-11-23,12.0,12.720000267028809,12.0,12.720000267028809,12.720000267028809,400
2021-11-24,12.399999618530273,15.600000381469727,12.399999618530273,13.0,13.0,2325
2021-11-26,12.0,13.800000190734863,12.0,12.199999809265137,12.199999809265137,375
2021-11-29,13.680000305175781,13.680000305175781,12.399999618530273,12.800000190734863,12.800000190734863,5700
2021-11-30,13.199999809265137,15.0,12.399999618530273,14.239999771118164,14.239999771118164,7600
2021-12-01,14.239999771118164,14.359999656677246,10.760000228881836,12.800000190734863,12.800000190734863,9425
2021-12-02,12.800000190734863,12.800000190734863,12.0,12.800000190734863,12.800000190734863,700
2021-12-03,12.800000190734863,12.800000190734863,12.800000190734863,12.800000190734863,12.800000190734863,0
2021-12-06,12.199999809265137,12.800000190734863,12.199999809265137,12.199999809265137,12.199999809265137,1375
2021-12-07,12.199999809265137,12.199999809265137,12.0,12.199999809265137,12.199999809265137,675
2021-12-08,12.199999809265137,12.199999809265137,12.131999969482422,12.131999969482422,12.131999969482422,350
2021-12-09,12.15999984741211,12.15999984741211,11.760000228881836,11.760000228881836,11.760000228881836,2625
2021-12-10,11.9399995803833,12.199999809265137,11.9399995803833,12.119999885559082,12.119999885559082,600
2021-12-13,12.119999885559082,14.0,12.119999885559082,12.800000190734863,12.800000190734863,1125
2021-12-14,12.600000381469727,12.800000190734863,12.600000381469727,12.800000190734863,12.800000190734863,250
2021-12-15,12.0,12.0,12.0,12.0,12.0,775
2021-12-16,12.0,12.0,12.0,12.0,12.0,675
2021-12-17,12.0,12.0,12.0,12.0,12.0,375
2021-12-20,11.079999923706055,11.960000038146973,10.279999732971191,11.960000038146973,11.960000038146973,450
2021-12-21,11.960000038146973,11.960000038146973,11.960000038146973,11.960000038146973,11.960000038146973,75
2021-12-22,11.960000038146973,11.960000038146973,11.359999656677246,11.399999618530273,11.399999618530273,1725
2021-12-23,11.387999534606934,11.387999534606934,10.760000228881836,10.760000228881836,10.760000228881836,1000
2021-12-27,10.279999732971191,10.479999542236328,10.0,10.399999618530273,10.399999618530273,4050
2021-12-28,10.399999618530273,11.399999618530273,9.199999809265137,11.199999809265137,11.199999809265137,2750
2021-12-29,11.300000190734863,11.399999618530273,11.300000190734863,11.399999618530273,11.399999618530273,650
2021-12-30,11.399999618530273,11.600000381469727,10.920000076293945,11.600000381469727,11.600000381469727,1025
2021-12-31,12.0,12.071999549865723,12.0,12.071999549865723,12.071999549865723,300
2022-01-03,12.0,12.399999618530273,12.0,12.399999618530273,12.399999618530273,2300
2022-01-04,12.399999618530273,12.4399995803833,12.0,12.0,12.0,975
2022-01-05,12.199999809265137,12.199999809265137,12.0,12.0,12.0,625
2022-01-06,11.239999771118164,12.0,11.239999771118164,12.0,12.0,1025
2022-01-07,12.0,12.0,12.0,12.0,12.0,200
2022-01-10,12.0,12.039999961853027,11.920000076293945,12.0,12.0,4450
2022-01-11,11.920000076293945,11.920000076293945,11.880000114440918,11.880000114440918,11.880000114440918,150
2022-01-12,11.920000076293945,12.0,11.920000076293945,11.960000038146973,11.960000038146973,1800
2022-01-13,11.84000015258789,11.84000015258789,11.600000381469727,11.600000381469727,11.600000381469727,200
2022-01-14,11.600000381469727,12.0,11.600000381469727,12.0,12.0,1175
2022-01-18,12.0,12.0,12.0,12.0,12.0,50
2022-01-19,11.600000381469727,12.0,11.079999923706055,11.699999809265137,11.699999809265137,2050
2022-01-20,12.0,12.079999923706055,11.84000015258789,11.84000015258789,11.84000015258789,1825
2022-01-21,11.84000015258789,11.84000015258789,11.600000381469727,11.720000267028809,11.720000267028809,2100
2022-01-24,11.399999618530273,11.800000190734863,9.079999923706055,11.800000190734863,11.800000190734863,2475
2022-01-25,11.800000190734863,11.800000190734863,11.800000190734863,11.800000190734863,11.800000190734863,0
2022-01-26,11.800000190734863,11.800000190734863,11.399999618530273,11.800000190734863,11.800000190734863,1350
2022-01-27,11.800000190734863,11.800000190734863,11.800000190734863,11.800000190734863,11.800000190734863,125
2022-01-28,11.039999961853027,11.800000190734863,10.199999809265137,11.800000190734863,11.800000190734863,3300
2022-01-31,11.520000457763672,11.600000381469727,11.15999984741211,11.600000381469727,11.600000381469727,3075
2022-02-01,11.800000190734863,12.0,11.039999961853027,11.800000190734863,11.800000190734863,2325
2022-02-02,11.399999618530273,11.800000190734863,11.079999923706055,11.800000190734863,11.800000190734863,1125
2022-02-03,11.0,11.600000381469727,11.0,11.600000381469727,11.600000381469727,1750
2022-02-04,11.67199993133545,11.800000190734863,11.640000343322754,11.800000190734863,11.800000190734863,925
2022-02-07,11.680000305175781,11.680000305175781,11.0,11.0,11.0,825
2022-02-08,11.399999618530273,11.399999618530273,11.359999656677246,11.399999618530273,11.399999618530273,275
2022-02-09,11.479999542236328,11.800000190734863,11.399999618530273,11.800000190734863,11.800000190734863,2600
2022-02-10,11.600000381469727,11.84000015258789,11.600000381469727,11.84000015258789,11.84000015258789,800
2022-02-11,10.800000190734863,11.84000015258789,10.800000190734863,11.84000015258789,11.84000015258789,1075
2022-02-14,11.800000190734863,11.84000015258789,10.800000190734863,11.84000015258789,11.84000015258789,1375
2022-02-15,11.399999618530273,11.84000015258789,11.399999618530273,11.84000015258789,11.84000015258789,2475
2022-02-16,11.0,11.84000015258789,11.0,11.84000015258789,11.84000015258789,2150
2022-02-17,11.800000190734863,11.800000190734863,11.119999885559082,11.119999885559082,11.119999885559082,650
2022-02-18,11.800000190734863,11.800000190734863,11.760000228881836,11.800000190734863,11.800000190734863,550
2022-02-22,11.600000381469727,11.600000381469727,8.0,11.399999618530273,11.399999618530273,2850
2022-02-23,11.399999618530273,11.399999618530273,11.399999618530273,11.399999618530273,11.399999618530273,25
2022-02-24,11.399999618530273,11.800000190734863,11.199999809265137,11.800000190734863,11.800000190734863,2850
2022-02-25,11.800000190734863,11.800000190734863,11.800000190734863,11.800000190734863,11.800000190734863,0
2022-02-28,11.520000457763672,11.800000190734863,10.800000190734863,11.800000190734863,11.800000190734863,850
2022-03-01,11.800000190734863,11.84000015258789,11.800000190734863,11.84000015258789,11.84000015258789,550
2022-03-02,11.600000381469727,11.600000381469727,11.600000381469727,11.600000381469727,11.600000381469727,400
2022-03-03,11.960000038146973,12.199999809265137,11.520000457763672,12.199999809265137,12.199999809265137,16575
2022-03-04,12.199999809265137,12.239999771118164,12.0,12.239999771118164,12.239999771118164,5925
2022-03-07,12.319999694824219,13.800000190734863,11.600000381469727,13.600000381469727,13.600000381469727,48575
2022-03-08,15.479999542236328,18.0,15.479999542236328,17.75,17.75,72400
2022-03-09,17.489999771118164,17.489999771118164,15.5,16.299999237060547,16.299999237060547,28100
2022-03-10,15.649999618530273,18.024999618530273,15.649999618530273,18.0,18.0,12900
2022-03-11,16.799999237060547,17.700000762939453,16.0,17.700000762939453,17.700000762939453,34500
2022-03-14,15.930000305175781,15.930000305175781,13.1899995803833,14.100000381469727,14.100000381469727,31600
2022-03-15,13.75,14.930999755859375,13.09000015258789,14.75,14.75,16900
2022-03-16,14.859999656677246,15.23799991607666,14.329999923706055,15.23799991607666,15.23799991607666,2600
2022-03-17,14.25,16.0,14.25,15.75,15.75,10600
2022-03-18,15.739999771118164,17.920000076293945,15.65999984741211,17.920000076293945,17.920000076293945,26400
2022-03-21,17.334999084472656,18.5,17.270000457763672,18.0,18.0,15600
2022-03-22,18.0,18.25,18.0,18.200000762939453,18.200000762939453,9300
2022-03-23,18.200000762939453,18.469999313354492,17.854999542236328,18.459999084472656,18.459999084472656,12100
2022-03-24,18.374000549316406,18.5,18.34000015258789,18.5,18.5,20000
2022-03-25,18.5,18.684999465942383,18.299999237060547,18.610000610351562,18.610000610351562,10700
2022-03-28,18.610000610351562,18.610000610351562,17.5,18.479999542236328,18.479999542236328,18000
2022-03-29,18.142000198364258,18.809999465942383,18.049999237060547,18.809999465942383,18.809999465942383,9200
2022-03-30,18.329999923706055,18.799999237060547,18.290000915527344,18.799999237060547,18.799999237060547,9000
2022-03-31,18.760000228881836,18.799999237060547,17.5,18.790000915527344,18.790000915527344,5700
2022-04-01,18.799999237060547,20.0,18.270000457763672,19.700000762939453,19.700000762939453,55200
2022-04-04,19.790000915527344,20.5,18.829999923706055,20.5,20.5,16600
2022-04-05,20.5,21.895000457763672,20.0,21.25,21.25,47300
2022-04-06,21.049999237060547,23.15999984741211,19.899999618530273,21.5,21.5,50200
2022-04-07,21.209999084472656,22.0,21.0,22.0,22.0,43200
2022-04-08,21.88599967956543,22.100000381469727,21.5,22.040000915527344,22.040000915527344,29300
2022-04-11,22.040000915527344,22.040000915527344,19.889999389648438,20.850000381469727,20.850000381469727,44800
2022-04-12,20.100000381469727,22.0,20.100000381469727,22.0,22.0,28600
2022-04-13,22.0,22.31999969482422,21.670000076293945,22.170000076293945,22.170000076293945,35200
2022-04-14,22.200000762939453,22.850000381469727,21.917999267578125,22.639999389648438,22.639999389648438,24600
2022-04-18,22.68000030517578,22.950000762939453,22.049999237060547,22.950000762939453,22.950000762939453,15200
2022-04-19,22.950000762939453,23.100000381469727,22.389999389648438,22.969999313354492,22.969999313354492,42300
2022-04-20,22.969999313354492,22.969999313354492,22.350000381469727,22.799999237060547,22.799999237060547,41300
2022-04-21,22.799999237060547,22.969999313354492,22.493000030517578,22.969999313354492,22.969999313354492,18400
2022-04-22,22.959999084472656,22.969999313354492,22.0,22.65999984741211,22.65999984741211,28500
2022-04-25,22.049999237060547,22.75,21.520000457763672,22.0,22.0,63200
2022-04-26,22.0,22.100000381469727,21.5,22.0,22.0,16600
2022-04-27,22.0,22.299999237060547,21.75,22.299999237060547,22.299999237060547,52600
2022-04-28,22.5,23.049999237060547,22.232999801635742,23.0,23.0,38400
2022-04-29,22.670000076293945,23.799999237060547,22.670000076293945,23.799999237060547,23.799999237060547,60200
2022-05-02,24.0,24.0,23.058000564575195,23.719999313354492,23.719999313354492,28600
2022-05-03,23.020000457763672,24.850000381469727,23.0,24.5,24.5,54900
2022-05-04,24.75,24.899999618530273,24.14299964904785,24.799999237060547,24.799999237060547,73200
2022-05-05,24.899999618530273,24.899999618530273,23.700000762939453,24.549999237060547,24.549999237060547,38900
2022-05-06,24.520000457763672,24.739999771118164,24.020000457763672,24.700000762939453,24.700000762939453,38300
2022-05-09,24.469999313354492,24.469999313354492,18.305999755859375,19.459999084472656,19.459999084472656,58500
2022-05-10,20.40999984741211,21.760000228881836,20.0,20.270000457763672,20.270000457763672,56900
2022-05-11,20.59000015258789,21.549999237060547,19.479999542236328,21.549999237060547,21.549999237060547,59500
2022-05-12,21.170000076293945,21.59000015258789,20.2450008392334,21.049999237060547,21.049999237060547,62600
2022-05-13,21.899999618530273,21.899999618530273,21.200000762939453,21.899999618530273,21.899999618530273,53500
2022-05-16,21.3799991607666,21.899999618530273,20.860000610351562,21.829999923706055,21.829999923706055,28300
2022-05-17,21.90999984741211,22.899999618530273,21.3799991607666,22.899999618530273,22.899999618530273,78300
2022-05-18,22.040000915527344,22.760000228881836,21.049999237060547,21.549999237060547,21.549999237060547,89300
2022-05-19,21.559999465942383,21.559999465942383,20.360000610351562,20.469999313354492,20.469999313354492,56000
2022-05-20,20.0,21.860000610351562,19.510000228881836,20.68000030517578,20.68000030517578,84600
2022-05-23,20.299999237060547,20.780000686645508,19.649999618530273,20.399999618530273,20.399999618530273,60400
2022-05-24,20.510000228881836,20.90999984741211,20.139999389648438,20.600000381469727,20.600000381469727,34700
2022-05-25,20.440000534057617,20.809999465942383,20.360000610351562,20.600000381469727,20.600000381469727,32200
2022-05-26,21.020000457763672,21.170000076293945,20.040000915527344,20.989999771118164,20.989999771118164,45200
2022-05-27,20.989999771118164,21.030000686645508,20.600000381469727,20.84000015258789,20.84000015258789,42900
2022-05-31,20.8799991607666,21.170000076293945,20.739999771118164,20.979999542236328,20.979999542236328,85900
2022-06-01,21.0,21.170000076293945,20.5,21.040000915527344,21.040000915527344,87600
2022-06-02,21.0,21.219999313354492,20.604999542236328,20.950000762939453,20.950000762939453,68300
2022-06-03,21.030000686645508,21.200000762939453,20.844999313354492,21.1299991607666,21.1299991607666,51800
2022-06-06,21.200000762939453,21.200000762939453,19.549999237060547,20.420000076293945,20.420000076293945,132000
2022-06-07,20.450000762939453,20.860000610351562,18.329999923706055,19.139999389648438,19.139999389648438,138700
2022-06-08,19.06999969482422,19.950000762939453,18.200000762939453,19.920000076293945,19.920000076293945,77300
2022-06-09,19.920000076293945,20.049999237060547,19.25,19.280000686645508,19.280000686645508,53400
2022-06-10,19.020000457763672,19.65999984741211,18.649999618530273,19.399999618530273,19.399999618530273,51100
2022-06-13,19.200000762939453,19.5049991607666,16.049999237060547,16.049999237060547,16.049999237060547,124600
2022-06-14,16.299999237060547,16.3799991607666,15.079999923706055,15.640000343322754,15.640000343322754,99100
2022-06-15,16.190000534057617,17.18000030517578,15.399999618530273,16.6200008392334,16.6200008392334,210200
2022-06-16,16.200000762939453,17.3700008392334,16.086000442504883,17.31999969482422,17.31999969482422,208100
2022-06-17,17.31999969482422,17.450000762939453,15.130000114440918,15.609999656677246,15.609999656677246,478100
2022-06-21,15.779999732971191,16.969999313354492,15.5,15.880000114440918,15.880000114440918,161700
2022-06-22,15.3100004196167,16.375,13.890000343322754,14.010000228881836,14.010000228881836,168500
2022-06-23,13.859999656677246,14.229999542236328,11.777999877929688,12.869999885559082,12.869999885559082,129900
2022-06-24,12.829999923706055,13.489999771118164,11.005000114440918,12.180000305175781,12.180000305175781,867000
2022-06-27,12.0600004196167,12.300000190734863,10.380000114440918,10.829999923706055,10.829999923706055,144100
2022-06-28,11.0,11.4399995803833,10.630000114440918,10.819999694824219,10.819999694824219,85400
2022-06-29,10.989999771118164,11.050000190734863,10.21500015258789,10.9399995803833,10.9399995803833,99200
2022-06-30,10.949999809265137,12.0600004196167,10.479999542236328,11.869999885559082,11.869999885559082,123900
2022-07-01,11.789999961853027,11.890000343322754,10.289999961853027,10.430000305175781,10.430000305175781,116400
2022-07-05,10.479999542236328,10.479999542236328,8.9399995803833,10.1899995803833,10.1899995803833,223600
2022-07-06,9.979999542236328,11.0600004196167,9.350000381469727,10.869999885559082,10.869999885559082,133100
2022-07-07,10.869999885559082,11.1899995803833,9.630000114440918,10.140000343322754,10.140000343322754,165600
2022-07-08,10.069999694824219,10.699999809265137,9.779999732971191,10.15999984741211,10.15999984741211,66700
2022-07-11,9.920000076293945,10.609999656677246,9.399999618530273,9.899999618530273,9.899999618530273,72900
2022-07-12,9.800000190734863,10.279999732971191,9.710000038146973,10.0600004196167,10.0600004196167,65600
2022-07-13,9.90999984741211,10.199999809265137,9.100000381469727,9.630000114440918,9.630000114440918,93500
2022-07-14,9.510000228881836,9.949999809265137,8.640000343322754,9.100000381469727,9.100000381469727,68100
2022-07-15,9.390000343322754,9.5600004196167,8.789999961853027,9.289999961853027,9.289999961853027,32100
2022-07-18,9.420000076293945,9.84000015258789,9.029999732971191,9.399999618530273,9.399999618530273,30700
2022-07-19,9.399999618530273,9.699999809265137,8.907999992370605,9.029999732971191,9.029999732971191,43700
2022-07-20,9.050000190734863,9.850000381469727,8.819999694824219,9.600000381469727,9.600000381469727,39300
2022-07-21,9.279999732971191,10.420000076293945,9.279999732971191,10.25,10.25,48900
2022-07-22,10.369999885559082,10.625,9.479999542236328,9.649999618530273,9.649999618530273,57500
2022-07-25,9.609999656677246,9.9399995803833,8.5,9.0600004196167,9.0600004196167,73100
2022-07-26,9.0600004196167,10.430000305175781,9.0600004196167,10.390000343322754,10.390000343322754,88700
2022-07-27,10.300000190734863,10.319999694824219,9.680000305175781,10.15999984741211,10.15999984741211,35300
2022-07-28,9.979999542236328,10.539999961853027,9.539999961853027,10.489999771118164,10.489999771118164,45600
2022-07-29,10.359999656677246,11.350000381469727,9.600000381469727,11.0,11.0,39400
2022-08-01,10.729999542236328,10.880000114440918,10.109999656677246,10.75,10.75,41400
2022-08-02,10.930000305175781,11.989999771118164,10.300000190734863,11.5,11.5,46900
2022-08-03,11.989999771118164,13.0,11.5600004196167,12.710000038146973,12.710000038146973,43600
2022-08-04,12.880000114440918,13.149999618530273,11.800000190734863,11.9399995803833,11.9399995803833,50000
2022-08-05,11.829999923706055,12.539999961853027,11.460000038146973,12.369999885559082,12.369999885559082,27600
2022-08-08,12.510000228881836,13.055000305175781,11.619999885559082,12.630000114440918,12.630000114440918,28800
2022-08-09,12.970000267028809,13.220000267028809,12.15999984741211,13.0,13.0,29900
2022-08-10,13.25,14.529999732971191,12.649999618530273,14.069999694824219,14.069999694824219,45800
2022-08-11,14.149999618530273,14.430000305175781,13.609999656677246,14.029999732971191,14.029999732971191,47900
2022-08-12,13.739999771118164,14.869999885559082,13.375,14.75,14.75,30600
2022-08-15,14.59000015258789,15.0,13.65999984741211,14.039999961853027,14.039999961853027,64700
2022-08-16,14.84000015258789,15.510000228881836,13.640999794006348,15.0,15.0,47700
2022-08-17,15.0,15.199999809265137,14.430000305175781,14.800000190734863,14.800000190734863,32100
2022-08-18,14.899999618530273,15.100000381469727,14.449999809265137,14.899999618530273,14.899999618530273,41000
2022-08-19,14.949999809265137,14.949999809265137,14.229999542236328,14.829999923706055,14.829999923706055,33500
2022-08-22,14.699999809265137,15.0,13.51099967956543,14.899999618530273,14.899999618530273,54200
2022-08-23,14.800000190734863,15.050000190734863,14.510000228881836,14.680000305175781,14.680000305175781,46000
2022-08-24,14.470000267028809,14.75,14.380000114440918,14.720000267028809,14.720000267028809,42500
2022-08-25,14.729999542236328,15.0,14.520000457763672,14.930000305175781,14.930000305175781,48500
2022-08-26,15.0,15.0,14.270000457763672,14.680000305175781,14.680000305175781,19600
2022-08-29,14.5,14.5,13.880000114440918,14.40999984741211,14.40999984741211,28500
2022-08-30,14.489999771118164,14.699999809265137,14.199999809265137,14.699999809265137,14.699999809265137,54600
2022-08-31,14.710000038146973,14.789999961853027,14.5,14.760000228881836,14.760000228881836,51000
2022-09-01,14.789999961853027,14.890000343322754,14.670000076293945,14.890000343322754,14.890000343322754,27900
2022-09-02,14.850000381469727,14.920000076293945,14.581000328063965,14.880000114440918,14.880000114440918,35500
2022-09-06,14.949999809265137,14.949999809265137,14.149999618530273,14.4399995803833,14.4399995803833,58700
2022-09-07,14.553000450134277,14.75,14.329999923706055,14.720000267028809,14.720000267028809,63700
2022-09-08,14.819999694824219,14.819999694824219,14.350000381469727,14.630000114440918,14.630000114440918,41300
2022-09-09,14.670000076293945,14.770000457763672,14.380000114440918,14.680000305175781,14.680000305175781,30700
2022-09-12,14.710000038146973,14.760000228881836,13.920000076293945,14.069999694824219,14.069999694824219,29700
2022-09-13,13.729999542236328,14.15999984741211,13.449999809265137,14.029999732971191,14.029999732971191,45700
2022-09-14,14.100000381469727,14.34000015258789,13.430000305175781,13.649999618530273,13.649999618530273,56200
2022-09-15,13.5,13.765000343322754,12.140000343322754,12.199999809265137,12.199999809265137,61600
2022-09-16,12.109999656677246,12.234999656677246,11.449999809265137,12.010000228881836,12.010000228881836,408400
2022-09-19,11.770000457763672,12.619999885559082,11.34000015258789,12.050000190734863,12.050000190734863,237500
2022-09-20,12.199999809265137,12.770000457763672,12.0,12.289999961853027,12.289999961853027,49900
2022-09-21,12.699999809265137,13.267000198364258,12.585000038146973,13.010000228881836,13.010000228881836,30500
2022-09-22,13.0,13.619999885559082,13.0,13.380000114440918,13.380000114440918,31900
2022-09-23,13.0,13.020000457763672,12.579999923706055,12.8100004196167,12.8100004196167,34600
2022-09-26,12.710000038146973,12.739999771118164,12.1899995803833,12.1899995803833,12.1899995803833,24900
2022-09-27,12.239999771118164,13.279999732971191,12.140000343322754,13.010000228881836,13.010000228881836,34800
2022-09-28,13.180000305175781,13.199999809265137,12.923999786376953,13.149999618530273,13.149999618530273,23000
2022-09-29,13.069999694824219,13.350000381469727,12.708000183105469,13.260000228881836,13.260000228881836,24900
2022-09-30,13.109999656677246,13.399999618530273,12.779999732971191,13.149999618530273,13.149999618530273,39500
2022-10-03,13.350000381469727,13.420000076293945,13.130000114440918,13.399999618530273,13.399999618530273,45800
2022-10-04,13.449999809265137,13.789999961853027,13.390999794006348,13.770000457763672,13.770000457763672,45200
2022-10-05,13.779999732971191,13.989999771118164,13.5,13.84000015258789,13.84000015258789,37200
2022-10-06,13.84000015258789,14.149999618530273,13.550000190734863,14.0600004196167,14.0600004196167,39600
2022-10-07,14.0,14.199999809265137,13.78499984741211,14.170000076293945,14.170000076293945,43100
2022-10-10,14.180000305175781,14.59000015258789,14.010000228881836,14.539999961853027,14.539999961853027,35900
2022-10-11,14.569999694824219,14.569999694824219,14.149999618530273,14.359999656677246,14.359999656677246,27400
2022-10-12,14.4399995803833,14.600000381469727,14.34000015258789,14.529999732971191,14.529999732971191,29500
2022-10-13,14.4399995803833,14.75,14.4399995803833,14.720000267028809,14.720000267028809,32400
2022-10-14,14.75,14.84000015258789,14.520000457763672,14.720000267028809,14.720000267028809,20000
2022-10-17,14.760000228881836,14.885000228881836,14.630000114440918,14.869999885559082,14.869999885559082,33700
2022-10-18,14.789999961853027,14.949999809265137,14.760000228881836,14.9399995803833,14.9399995803833,20400
2022-10-19,14.949999809265137,15.149999618530273,14.79800033569336,15.09000015258789,15.09000015258789,36300
2022-10-20,15.170000076293945,15.380000114440918,14.989999771118164,15.350000381469727,15.350000381469727,40200
2022-10-21,15.520000457763672,15.520000457763672,15.300000190734863,15.5,15.5,34600
2022-10-24,15.364999771118164,15.899999618530273,15.27400016784668,15.770000457763672,15.770000457763672,63500
2022-10-25,15.75,16.020000457763672,15.75,16.0,16.0,39800
2022-10-26,16.1200008392334,16.18000030517578,15.819999694824219,16.09000015258789,16.09000015258789,20300
2022-10-27,15.6899995803833,16.209999084472656,15.6850004196167,16.010000228881836,16.010000228881836,35700
2022-10-28,16.020000457763672,16.049999237060547,15.710000038146973,16.020000457763672,16.020000457763672,40500
2022-10-31,16.020000457763672,16.170000076293945,15.918000221252441,16.0,16.0,39200
2022-11-01,16.139999389648438,16.299999237060547,16.020000457763672,16.200000762939453,16.200000762939453,39000
2022-11-02,16.209999084472656,16.5,16.18000030517578,16.350000381469727,16.350000381469727,48400
2022-11-03,16.389999389648438,16.690000534057617,16.25,16.649999618530273,16.649999618530273,35800
2022-11-04,16.75,16.8799991607666,16.68000030517578,16.850000381469727,16.850000381469727,33100
2022-11-07,16.950000762939453,16.950000762939453,16.652000427246094,16.920000076293945,16.920000076293945,28000
2022-11-08,16.950000762939453,16.950000762939453,16.764999389648438,16.829999923706055,16.829999923706055,23600
2022-11-09,16.829999923706055,16.889999389648438,14.630000114440918,14.859999656677246,14.859999656677246,62800
2022-11-10,15.069999694824219,15.619999885559082,15.0600004196167,15.289999961853027,15.289999961853027,37900
2022-11-11,15.34000015258789,15.654999732971191,14.75,15.050000190734863,15.050000190734863,50700
2022-11-14,14.850000381469727,14.880000114440918,14.208000183105469,14.300000190734863,14.300000190734863,31200
2022-11-15,14.130000114440918,15.850000381469727,14.130000114440918,14.300000190734863,14.300000190734863,43600
2022-11-16,14.199999809265137,14.8100004196167,14.15999984741211,14.520000457763672,14.520000457763672,23600
2022-11-17,14.5,14.868000030517578,14.151000022888184,14.779999732971191,14.779999732971191,22300
2022-11-18,15.0,15.0,14.489999771118164,14.899999618530273,14.899999618530273,23900
2022-11-21,14.5,15.199999809265137,13.399999618530273,13.510000228881836,13.510000228881836,30800
2022-11-22,12.75,14.399999618530273,12.75,13.970000267028809,13.970000267028809,30100
2022-11-23,13.930000305175781,14.979999542236328,13.460000038146973,13.850000381469727,13.850000381469727,28600
2022-11-25,13.989999771118164,14.329999923706055,13.5,13.84000015258789,13.84000015258789,14500
2022-11-28,13.75,13.760000228881836,13.0,13.350000381469727,13.350000381469727,13500
2022-11-29,13.619999885559082,14.119999885559082,13.350000381469727,13.4399995803833,13.4399995803833,20300
2022-11-30,13.489999771118164,13.994999885559082,13.380000114440918,13.720000267028809,13.720000267028809,23100
2022-12-01,13.75,13.75,13.149999618530273,13.15999984741211,13.15999984741211,17700
2022-12-02,13.0,13.470000267028809,13.0,13.199999809265137,13.199999809265137,8000
2022-12-05,13.640000343322754,13.720000267028809,12.510000228881836,12.640000343322754,12.640000343322754,26500
2022-12-06,12.859999656677246,12.864999771118164,11.859999656677246,12.09000015258789,12.09000015258789,23100
2022-12-07,12.0,12.380000114440918,11.5,11.65999984741211,11.65999984741211,22200
2022-12-08,12.010000228881836,12.88700008392334,11.100000381469727,11.460000038146973,11.460000038146973,15500
2022-12-09,11.529999732971191,11.680000305175781,11.229999542236328,11.329999923706055,11.329999923706055,15700
2022-12-12,11.407999992370605,11.869999885559082,11.210000038146973,11.649999618530273,11.649999618530273,14900
2022-12-13,11.800000190734863,12.329999923706055,11.654999732971191,12.229999542236328,12.229999542236328,17300
2022-12-14,12.210000038146973,12.4399995803833,12.010000228881836,12.199999809265137,12.199999809265137,15600
2022-12-15,12.0,12.279999732971191,11.039999961853027,11.1899995803833,11.1899995803833,22700
2022-12-16,11.069999694824219,11.300000190734863,10.239999771118164,11.0,11.0,47700
2022-12-19,10.770000457763672,10.770000457763672,9.949999809265137,10.270000457763672,10.270000457763672,118200
2022-12-20,10.25,11.109999656677246,10.25,11.010000228881836,11.010000228881836,12200
2022-12-21,11.479999542236328,11.802000045776367,11.220000267028809,11.680000305175781,11.680000305175781,29500
2022-12-22,11.600000381469727,11.930000305175781,11.600000381469727,11.739999771118164,11.739999771118164,17700
2022-12-23,11.979999542236328,12.449999809265137,11.53499984741211,12.140000343322754,12.140000343322754,31700
2022-12-27,12.279999732971191,12.399999618530273,11.75,11.75,11.75,9500
2022-12-28,11.6899995803833,11.899999618530273,11.529999732971191,11.699999809265137,11.699999809265137,9200
2022-12-29,11.960000038146973,11.960000038146973,11.550000190734863,11.6899995803833,11.6899995803833,8000
2022-12-30,11.920000076293945,12.300000190734863,11.904999732971191,12.300000190734863,12.300000190734863,15200
2023-01-03,12.289999961853027,12.289999961853027,10.944999694824219,11.0600004196167,11.0600004196167,17000
2023-01-04,11.119999885559082,11.479999542236328,10.880000114440918,11.350000381469727,11.350000381469727,27700
2023-01-05,11.399999618530273,12.0,11.0600004196167,11.850000381469727,11.850000381469727,10900
2023-01-06,11.755000114440918,12.079999923706055,11.550000190734863,12.039999961853027,12.039999961853027,21200
2023-01-09,12.210000038146973,12.210000038146973,11.800000190734863,11.850000381469727,11.850000381469727,9000
2023-01-10,12.050000190734863,12.25,11.8100004196167,12.25,12.25,14400
2023-01-11,12.050000190734863,12.380000114440918,11.800000190734863,12.300000190734863,12.300000190734863,17100
2023-01-12,12.369999885559082,12.555000305175781,11.920000076293945,12.350000381469727,12.350000381469727,13200
2023-01-13,12.369999885559082,12.4399995803833,11.960000038146973,12.369999885559082,12.369999885559082,11800
2023-01-17,12.277000427246094,13.819999694824219,12.140000343322754,13.0,13.0,56900
2023-01-18,13.050000190734863,13.180000305175781,12.59000015258789,12.630000114440918,12.630000114440918,24800
2023-01-19,12.6899995803833,12.782999992370605,11.84000015258789,12.279999732971191,12.279999732971191,15100
2023-01-20,12.449999809265137,13.029999732971191,12.449999809265137,13.0,13.0,16000
2023-01-23,13.067999839782715,13.470000267028809,12.710000038146973,12.850000381469727,12.850000381469727,21500
2023-01-24,12.770000457763672,12.779999732971191,12.600000381469727,12.680000305175781,12.680000305175781,4400
2023-01-25,13.029999732971191,13.404000282287598,12.800000190734863,13.210000038146973,13.210000038146973,22600
2023-01-26,13.029999732971191,13.300000190734863,13.006999969482422,13.260000228881836,13.260000228881836,11300
2023-01-27,13.119999885559082,13.399999618530273,13.109999656677246,13.25,13.25,10100
2023-01-30,13.288000106811523,13.399999618530273,12.359999656677246,12.930000305175781,12.930000305175781,16700
2023-01-31,12.90999984741211,13.279999732971191,12.710000038146973,13.1899995803833,13.1899995803833,17500
2023-02-01,13.1899995803833,13.329999923706055,13.0,13.180000305175781,13.180000305175781,20900
2023-02-02,13.260000228881836,13.329999923706055,13.050000190734863,13.329999923706055,13.329999923706055,10100
2023-02-03,13.220000267028809,13.329999923706055,12.989999771118164,13.180000305175781,13.180000305175781,13600
2023-02-06,13.09000015258789,13.300000190734863,13.005000114440918,13.050000190734863,13.050000190734863,8400
2023-02-07,13.0600004196167,13.25,12.920000076293945,13.25,13.25,11000
2023-02-08,13.329999923706055,13.329999923706055,13.100000381469727,13.100000381469727,13.100000381469727,13600
2023-02-09,13.038999557495117,13.177000045776367,12.529999732971191,12.59000015258789,12.59000015258789,17000
2023-02-10,12.720000267028809,12.97700023651123,12.569999694824219,12.569999694824219,12.569999694824219,13900
2023-02-13,12.430000305175781,12.720000267028809,12.430000305175781,12.710000038146973,12.710000038146973,6400
2023-02-14,12.77400016784668,12.829999923706055,12.640000343322754,12.680000305175781,12.680000305175781,7700
2023-02-15,12.789999961853027,12.989999771118164,12.649999618530273,12.989999771118164,12.989999771118164,5900
2023-02-16,12.859999656677246,13.199999809265137,12.600000381469727,13.170000076293945,13.170000076293945,14000
2023-02-17,13.34000015258789,13.34000015258789,13.050000190734863,13.199999809265137,13.199999809265137,14700
2023-02-21,12.899999618530273,13.329999923706055,12.850000381469727,12.850000381469727,12.850000381469727,13500
2023-02-22,12.869999885559082,13.170000076293945,12.75,12.75,12.75,8700
2023-02-23,12.960000038146973,13.15999984741211,12.779999732971191,13.0,13.0,10700
2023-02-24,13.0,13.0,12.65999984741211,12.970000267028809,12.970000267028809,13000
2023-02-27,12.854999542236328,13.09000015258789,12.776000022888184,12.960000038146973,12.960000038146973,9600
2023-02-28,12.899999618530273,13.119999885559082,12.899999618530273,13.0,13.0,14000
2023-03-01,12.850000381469727,13.229999542236328,12.850000381469727,13.130000114440918,13.130000114440918,14400
2023-03-02,12.859999656677246,13.1899995803833,12.710000038146973,12.859999656677246,12.859999656677246,30000
2023-03-03,12.899999618530273,13.329999923706055,12.199999809265137,12.260000228881836,12.260000228881836,27800
2023-03-06,12.220000267028809,12.510000228881836,11.550000190734863,11.970000267028809,11.970000267028809,18500
2023-03-07,11.789999961853027,12.630000114440918,11.789999961853027,12.430000305175781,12.430000305175781,15600
2023-03-08,12.4399995803833,13.100000381469727,12.210000038146973,12.970000267028809,12.970000267028809,17700
2023-03-09,12.899999618530273,13.100000381469727,12.600000381469727,12.600000381469727,12.600000381469727,16100
2023-03-10,12.90999984741211,13.03499984741211,12.5,12.8100004196167,12.8100004196167,24100
2023-03-13,12.550999641418457,12.859999656677246,12.0,12.649999618530273,12.649999618530273,28700
2023-03-14,12.9399995803833,12.9399995803833,12.199999809265137,12.520000457763672,12.520000457763672,21300
2023-03-15,12.579999923706055,12.920000076293945,12.0,12.199999809265137,12.199999809265137,28600
2023-03-16,12.050000190734863,12.569999694824219,12.0,12.25,12.25,14300
2023-03-17,12.0600004196167,13.0,11.180000305175781,12.890000343322754,12.890000343322754,137300
2023-03-20,12.729999542236328,13.170000076293945,12.640000343322754,13.170000076293945,13.170000076293945,39900
2023-03-21,13.25,13.399999618530273,12.789999961853027,13.399999618530273,13.399999618530273,37900
2023-03-22,13.279999732971191,13.279999732971191,12.0,12.079999923706055,12.079999923706055,51200
2023-03-23,12.5,13.020000457763672,12.130000114440918,12.399999618530273,12.399999618530273,23100
2023-03-24,12.100000381469727,12.619999885559082,12.0,12.449999809265137,12.449999809265137,17800
2023-03-27,12.960000038146973,12.960000038146973,12.170000076293945,12.359999656677246,12.359999656677246,17200
2023-03-28,12.380000114440918,12.470000267028809,12.10200023651123,12.260000228881836,12.260000228881836,11500
2023-03-29,12.119999885559082,12.5,12.079999923706055,12.390000343322754,12.390000343322754,11400
2023-03-30,12.3100004196167,12.489999771118164,11.869999885559082,12.369999885559082,12.369999885559082,16500
2023-03-31,12.350000381469727,12.510000228881836,12.0,12.40999984741211,12.40999984741211,20400
2023-04-03,12.479999542236328,12.899999618530273,12.109999656677246,12.359999656677246,12.359999656677246,14700
2023-04-04,12.145000457763672,13.25,12.109999656677246,13.25,13.25,36100
2023-04-05,13.170000076293945,13.25,12.779999732971191,12.789999961853027,12.789999961853027,18800
2023-04-06,12.913000106811523,12.913000106811523,12.630000114440918,12.8100004196167,12.8100004196167,6400
2023-04-10,12.569999694824219,12.930000305175781,12.569999694824219,12.859999656677246,12.859999656677246,15300
2023-04-11,12.850000381469727,13.067000389099121,12.359999656677246,12.699999809265137,12.699999809265137,15500
2023-04-12,12.699999809265137,12.920000076293945,12.270000457763672,12.720000267028809,12.720000267028809,18100
2023-04-13,12.539999961853027,12.760000228881836,12.199999809265137,12.600000381469727,12.600000381469727,18900
2023-04-14,12.6899995803833,12.949999809265137,12.350000381469727,12.6899995803833,12.6899995803833,19200
2023-04-17,12.51200008392334,12.512999534606934,12.074000358581543,12.25,12.25,10200
2023-04-18,12.40999984741211,12.5,12.0,12.300000190734863,12.300000190734863,25200
2023-04-19,12.109999656677246,12.270000457763672,11.109999656677246,11.510000228881836,11.510000228881836,39800
2023-04-20,11.770999908447266,11.770999908447266,11.364999771118164,11.59000015258789,11.59000015258789,13000
2023-04-21,11.3100004196167,11.960000038146973,11.260000228881836,11.289999961853027,11.289999961853027,12900
2023-04-24,11.319999694824219,11.4399995803833,11.0600004196167,11.239999771118164,11.239999771118164,8400
2023-04-25,11.09000015258789,11.800000190734863,10.84000015258789,11.010000228881836,11.010000228881836,24700
2023-04-26,11.010000228881836,11.819999694824219,10.630000114440918,10.829999923706055,10.829999923706055,20100
2023-04-27,11.109999656677246,11.15999984741211,10.739999771118164,11.0,11.0,5800
2023-04-28,11.039999961853027,11.0600004196167,10.850000381469727,10.850000381469727,10.850000381469727,5600
2023-05-01,10.5,10.5,10.279000282287598,10.470000267028809,10.470000267028809,7800
2023-05-02,10.300000190734863,10.449999809265137,8.0,9.699999809265137,9.699999809265137,111800
2023-05-03,10.399999618530273,10.520000457763672,9.760000228881836,9.949999809265137,9.949999809265137,23600
2023-05-04,10.050000190734863,10.050000190734863,9.0,9.260000228881836,9.260000228881836,21800
2023-05-05,9.255000114440918,9.75,9.0,9.15999984741211,9.15999984741211,20300
2023-05-08,9.180000305175781,9.470000267028809,8.75,9.109999656677246,9.109999656677246,21200
2023-05-09,9.229999542236328,9.3100004196167,9.050000190734863,9.279999732971191,9.279999732971191,8700
2023-05-10,9.5,9.5,9.119999885559082,9.270000457763672,9.270000457763672,8100
2023-05-11,9.109999656677246,9.600000381469727,8.774999618530273,9.300000190734863,9.300000190734863,13000
2023-05-12,9.380000114440918,9.781999588012695,9.380000114440918,9.760000228881836,9.760000228881836,6300
2023-05-15,9.979999542236328,10.609999656677246,9.979999542236328,10.510000228881836,10.510000228881836,8800
2023-05-16,10.739999771118164,10.739999771118164,9.78499984741211,9.789999961853027,9.789999961853027,2700
2023-05-17,9.539999961853027,10.319999694824219,9.539999961853027,10.0600004196167,10.0600004196167,10900
2023-05-18,10.069999694824219,11.5,10.029999732971191,11.5,11.5,19300
2023-05-19,11.729999542236328,11.770000457763672,11.210000038146973,11.640000343322754,11.640000343322754,11700
2023-05-22,11.460000038146973,11.609999656677246,10.399999618530273,10.479999542236328,10.479999542236328,36700
2023-05-23,10.479999542236328,10.520000457763672,10.239999771118164,10.369999885559082,10.369999885559082,7800
2023-05-24,10.0,10.130000114440918,9.5,9.760000228881836,9.760000228881836,67600
2023-05-25,9.899999618530273,9.930000305175781,9.109999656677246,9.109999656677246,9.109999656677246,11800
2023-05-26,9.0600004196167,9.949999809265137,9.0600004196167,9.289999961853027,9.289999961853027,18600
2023-05-30,9.0600004196167,9.430000305175781,8.369999885559082,8.890000343322754,8.890000343322754,16500
2023-05-31,9.210000038146973,9.607000350952148,8.630999565124512,9.460000038146973,9.460000038146973,50300
2023-06-01,9.220000267028809,10.520000457763672,9.220000267028809,9.850000381469727,9.850000381469727,41700
2023-06-02,10.300000190734863,10.65999984741211,10.010000228881836,10.5,10.5,16700
2023-06-05,10.430000305175781,10.579999923706055,9.869999885559082,10.449999809265137,10.449999809265137,11100
2023-06-06,10.699999809265137,11.130000114440918,10.670000076293945,11.050000190734863,11.050000190734863,29100
2023-06-07,11.282999992370605,11.640000343322754,10.979999542236328,11.40999984741211,11.40999984741211,27400
2023-06-08,11.420000076293945,11.829999923706055,11.140000343322754,11.829999923706055,11.829999923706055,14000
2023-06-09,11.75,11.800000190734863,11.229999542236328,11.729999542236328,11.729999542236328,11500
2023-06-12,11.569999694824219,11.569999694824219,10.579999923706055,11.010000228881836,11.010000228881836,19600
2023-06-13,11.069999694824219,11.850000381469727,11.0,11.069999694824219,11.069999694824219,18300
2023-06-14,11.02400016784668,11.34000015258789,11.0,11.029999732971191,11.029999732971191,12300
2023-06-15,11.0,11.619000434875488,10.359999656677246,10.569999694824219,10.569999694824219,29900
2023-06-16,11.09000015258789,11.09000015258789,9.729999542236328,10.079999923706055,10.079999923706055,38700
2023-06-20,10.0,10.140000343322754,9.390000343322754,9.850000381469727,9.850000381469727,10300
2023-06-21,10.100000381469727,10.100000381469727,9.5,9.819999694824219,9.819999694824219,7600
2023-06-22,9.520000457763672,9.564000129699707,8.890000343322754,8.890000343322754,8.890000343322754,32100
2023-06-23,8.90999984741211,9.449999809265137,8.5,9.0,9.0,216800
2023-06-26,8.880000114440918,9.09000015258789,8.579999923706055,8.640000343322754,8.640000343322754,21000
2023-06-27,8.788999557495117,8.788999557495117,8.350000381469727,8.350000381469727,8.350000381469727,22100
2023-06-28,8.838000297546387,8.847999572753906,8.300000190734863,8.430000305175781,8.430000305175781,13400
2023-06-29,8.479999542236328,8.732000350952148,8.300000190734863,8.489999771118164,8.489999771118164,19600
2023-06-30,8.460000038146973,9.100000381469727,8.460000038146973,9.100000381469727,9.100000381469727,12300
2023-07-03,9.199999809265137,9.199999809265137,8.75,8.75,8.75,4400
2023-07-05,9.180000305175781,9.180000305175781,8.569999694824219,8.600000381469727,8.600000381469727,31700
2023-07-06,8.600000381469727,8.859999656677246,8.399999618530273,8.789999961853027,8.789999961853027,18100
2023-07-07,8.989999771118164,9.25,8.75,9.25,9.25,42700
2023-07-10,9.0,9.079999923706055,8.930000305175781,8.930000305175781,8.930000305175781,11200
2023-07-11,8.789999961853027,8.8100004196167,8.75,8.789999961853027,8.789999961853027,10300
2023-07-12,8.84000015258789,8.970000267028809,8.75,8.789999961853027,8.789999961853027,9700
2023-07-13,8.739999771118164,8.989999771118164,8.5,8.699999809265137,8.699999809265137,30900
2023-07-14,8.710000038146973,8.84000015258789,8.5,8.5,8.5,16700
2023-07-17,8.470000267028809,8.819999694824219,8.470000267028809,8.600000381469727,8.600000381469727,10400
2023-07-18,8.510000228881836,8.850000381469727,8.510000228881836,8.84000015258789,8.84000015258789,7100
2023-07-19,8.850000381469727,9.404999732971191,8.65999984741211,9.210000038146973,9.210000038146973,132800
2023-07-20,9.109999656677246,10.0,8.90999984741211,9.600000381469727,9.600000381469727,116500
2023-07-21,9.699999809265137,9.805000305175781,9.3100004196167,9.430000305175781,9.430000305175781,40200
2023-07-24,9.520000457763672,9.545000076293945,9.057999610900879,9.09000015258789,9.09000015258789,16400
2023-07-25,9.100000381469727,9.399999618530273,9.010000228881836,9.229999542236328,9.229999542236328,12400
2023-07-26,9.229999542236328,9.229999542236328,8.949999809265137,9.149999618530273,9.149999618530273,12300
2023-07-27,9.119999885559082,9.229999542236328,8.850000381469727,8.949999809265137,8.949999809265137,21000
2023-07-28,9.199999809265137,9.289999961853027,8.949999809265137,8.989999771118164,8.989999771118164,20200
2023-07-31,9.050000190734863,9.149999618530273,8.949999809265137,9.0,9.0,18000
2023-08-01,9.039999961853027,9.5,9.0,9.470000267028809,9.470000267028809,16900
2023-08-02,9.279999732971191,9.640000343322754,9.020000457763672,9.140000343322754,9.140000343322754,11100
2023-08-03,9.199999809265137,9.539999961853027,9.199999809265137,9.270000457763672,9.270000457763672,55500
2023-08-04,9.4399995803833,9.65999984741211,9.319999694824219,9.460000038146973,9.460000038146973,14100
2023-08-07,9.369999885559082,9.369999885559082,8.880000114440918,8.930000305175781,8.930000305175781,19100
2023-08-08,8.850000381469727,9.270000457763672,8.850000381469727,9.180000305175781,9.180000305175781,8800
2023-08-09,9.0,9.170000076293945,8.850000381469727,8.970000267028809,8.970000267028809,21700
2023-08-10,9.017000198364258,9.017000198364258,8.859999656677246,8.899999618530273,8.899999618530273,6600
2023-08-11,8.875,9.050000190734863,8.875,9.039999961853027,9.039999961853027,15700
2023-08-14,8.899999618530273,9.199999809265137,8.854000091552734,8.90999984741211,8.90999984741211,26600
2023-08-15,8.850000381469727,8.880000114440918,8.510000228881836,8.510000228881836,8.510000228881836,6500
2023-08-16,8.630000114440918,8.8100004196167,8.539999961853027,8.600000381469727,8.600000381469727,16100
2023-08-17,8.65999984741211,8.850000381469727,8.649999618530273,8.75,8.75,17000
2023-08-18,8.600000381469727,9.055000305175781,8.600000381469727,8.859999656677246,8.859999656677246,12000
2023-08-21,8.979999542236328,9.34000015258789,8.979999542236328,9.09000015258789,9.09000015258789,29400
2023-08-22,9.0,9.210000038146973,8.920000076293945,8.989999771118164,8.989999771118164,19500
2023-08-23,9.0,9.130000114440918,8.8100004196167,9.069999694824219,9.069999694824219,19700
2023-08-24,9.0,9.0,8.595000267028809,8.609999656677246,8.609999656677246,24800
2023-08-25,8.600000381469727,8.989999771118164,8.545999526977539,8.850000381469727,8.850000381469727,18300
2023-08-28,8.760000228881836,8.970000267028809,8.300000190734863,8.300000190734863,8.300000190734863,39200
2023-08-29,8.050000190734863,8.899999618530273,8.050000190734863,8.760000228881836,8.760000228881836,24300
2023-08-30,8.869999885559082,8.880000114440918,8.550000190734863,8.579999923706055,8.579999923706055,12200
2023-08-31,8.630000114440918,8.84000015258789,8.630000114440918,8.739999771118164,8.739999771118164,11400
2023-09-01,8.86400032043457,9.199999809265137,8.814000129699707,8.869999885559082,8.869999885559082,21600
2023-09-05,8.869999885559082,9.229999542236328,8.734999656677246,9.0,9.0,22100
2023-09-06,8.90999984741211,9.0,8.670000076293945,8.720000267028809,8.720000267028809,28800
2023-09-07,8.65999984741211,8.699999809265137,8.354999542236328,8.449999809265137,8.449999809265137,55500
2023-09-08,8.489999771118164,8.760000228881836,8.350000381469727,8.619999885559082,8.619999885559082,16500
2023-09-11,8.760000228881836,8.84000015258789,8.0,8.0,8.0,67500
2023-09-12,8.0,8.515000343322754,8.0,8.449999809265137,8.449999809265137,34800
2023-09-13,8.449999809265137,8.470000267028809,8.220000267028809,8.220000267028809,8.220000267028809,21200
2023-09-14,8.0,8.149999618530273,7.994999885559082,8.0,8.0,39000
2023-09-15,8.020000457763672,8.920000076293945,8.0,8.90999984741211,8.90999984741211,588000
2023-09-18,8.859999656677246,9.428000450134277,8.800000190734863,8.970000267028809,8.970000267028809,82600
2023-09-19,9.100000381469727,9.569999694824219,8.899999618530273,9.0600004196167,9.0600004196167,38700
2023-09-20,9.199999809265137,9.199999809265137,8.899999618530273,9.029999732971191,9.029999732971191,19000
2023-09-21,9.039999961853027,9.420000076293945,8.850000381469727,9.270000457763672,9.270000457763672,19800
2023-09-22,9.4399995803833,10.0,9.300000190734863,9.890000343322754,9.890000343322754,40600
2023-09-25,9.819999694824219,10.380000114440918,9.819999694824219,10.319999694824219,10.319999694824219,43700
2023-09-26,10.25,10.569999694824219,10.25,10.420000076293945,10.420000076293945,29900
2023-09-27,10.520000457763672,10.5600004196167,10.3100004196167,10.4399995803833,10.4399995803833,33000
2023-09-28,10.5,10.619999885559082,10.25,10.25,10.25,18400
2023-09-29,10.430000305175781,10.430000305175781,9.319999694824219,9.630000114440918,9.630000114440918,47200
2023-10-02,9.670000076293945,9.670000076293945,8.75,8.859999656677246,8.859999656677246,31100
2023-10-03,8.850000381469727,9.550000190734863,8.710000038146973,9.0600004196167,9.0600004196167,39600
2023-10-04,9.199999809265137,9.199999809265137,8.567000389099121,8.619999885559082,8.619999885559082,31100
2023-10-05,8.640000343322754,9.100000381469727,8.640000343322754,8.970000267028809,8.970000267028809,24600
2023-10-06,9.0,9.069999694824219,8.699999809265137,8.699999809265137,8.699999809265137,14900
2023-10-09,9.010000228881836,9.010000228881836,8.59000015258789,8.729999542236328,8.729999542236328,30100
2023-10-10,8.779999732971191,9.5,8.779999732971191,8.989999771118164,8.989999771118164,37600
2023-10-11,9.069999694824219,9.380000114440918,8.800000190734863,8.84000015258789,8.84000015258789,19100
2023-10-12,8.970000267028809,9.029999732971191,8.75,8.949999809265137,8.949999809265137,73200
2023-10-13,9.029999732971191,9.460000038146973,9.020000457763672,9.390000343322754,9.390000343322754,21900
2023-10-16,9.364999771118164,9.40999984741211,9.25,9.380000114440918,9.380000114440918,44200
2023-10-17,9.210000038146973,9.5,9.029999732971191,9.029999732971191,9.029999732971191,32900
2023-10-18,9.0,9.0,8.600000381469727,8.619999885559082,8.619999885559082,12600
2023-10-19,8.619999885559082,8.774999618530273,8.350000381469727,8.619999885559082,8.619999885559082,22500
2023-10-20,8.579999923706055,8.579999923706055,8.350000381469727,8.390000343322754,8.390000343322754,25400
2023-10-23,8.399999618530273,8.645999908447266,8.380000114440918,8.380000114440918,8.380000114440918,27000
2023-10-24,8.350000381469727,8.479999542236328,8.3100004196167,8.3100004196167,8.3100004196167,13200
2023-10-25,8.369999885559082,8.395000457763672,8.100000381469727,8.100000381469727,8.100000381469727,28200
2023-10-26,8.100000381469727,8.170000076293945,8.039999961853027,8.100000381469727,8.100000381469727,34800
2023-10-27,8.050000190734863,8.079999923706055,8.0,8.020000457763672,8.020000457763672,16000
2023-10-30,8.079999923706055,8.149999618530273,8.0,8.149999618530273,8.149999618530273,37300
2023-10-31,8.210000038146973,8.390000343322754,8.175000190734863,8.359999656677246,8.359999656677246,28800
2023-11-01,8.369999885559082,8.59000015258789,8.229999542236328,8.300000190734863,8.300000190734863,15500
2023-11-02,8.300000190734863,8.46500015258789,8.289999961853027,8.329999923706055,8.329999923706055,19900
2023-11-03,8.40999984741211,8.444999694824219,8.210000038146973,8.399999618530273,8.399999618530273,15200
2023-11-06,8.149999618530273,8.3149995803833,7.550000190734863,7.659999847412109,7.659999847412109,29500
2023-11-07,7.559999942779541,7.639999866485596,6.820000171661377,6.820000171661377,6.820000171661377,47800
2023-11-08,6.809999942779541,6.885000228881836,6.28000020980835,6.289999961853027,6.289999961853027,39500
2023-11-09,6.400000095367432,6.400000095367432,5.659999847412109,5.71999979019165,5.71999979019165,98400
2023-11-10,6.0,6.440000057220459,6.0,6.389999866485596,6.389999866485596,79100
2023-11-13,6.730000019073486,7.139999866485596,6.599999904632568,7.139999866485596,7.139999866485596,55500
2023-11-14,7.21999979019165,9.0,7.130000114440918,8.770000457763672,8.770000457763672,86300
2023-11-15,8.579999923706055,8.6899995803833,8.010000228881836,8.210000038146973,8.210000038146973,24100
2023-11-16,8.130000114440918,8.529999732971191,7.409999847412109,7.75,7.75,43500
2023-11-17,7.869999885559082,7.869999885559082,7.429999828338623,7.650000095367432,7.650000095367432,26700
2023-11-20,7.619999885559082,8.119999885559082,7.619999885559082,7.789999961853027,7.789999961853027,27600
2023-11-21,7.880000114440918,7.980000019073486,6.909999847412109,7.079999923706055,7.079999923706055,51500
2023-11-22,6.980000019073486,7.599999904632568,6.980000019073486,7.269999980926514,7.269999980926514,54200
2023-11-24,7.449999809265137,8.180000305175781,7.449999809265137,8.069999694824219,8.069999694824219,39200
2023-11-27,7.960000038146973,8.5,7.900000095367432,8.180000305175781,8.180000305175781,66300
2023-11-28,8.199999809265137,8.449999809265137,8.1899995803833,8.210000038146973,8.210000038146973,30200
2023-11-29,8.300000190734863,8.579999923706055,8.1899995803833,8.579999923706055,8.579999923706055,19800
2023-11-30,8.569999694824219,9.279999732971191,8.569999694824219,9.039999961853027,9.039999961853027,45700
2023-12-01,9.255000114440918,9.430000305175781,8.699999809265137,8.949999809265137,8.949999809265137,46400
2023-12-04,9.130000114440918,9.430000305175781,8.789999961853027,8.859999656677246,8.859999656677246,23200
2023-12-05,8.880000114440918,9.420000076293945,8.859999656677246,8.970000267028809,8.970000267028809,23500
2023-12-06,9.0,9.300000190734863,8.600000381469727,8.789999961853027,8.789999961853027,96300
2023-12-07,8.850000381469727,9.1899995803833,8.75,8.859999656677246,8.859999656677246,24500
2023-12-08,8.880000114440918,8.9399995803833,8.75,8.850000381469727,8.850000381469727,11100
2023-12-11,8.649999618530273,9.244999885559082,8.5600004196167,8.649999618530273,8.649999618530273,57400
2023-12-12,8.640000343322754,8.819999694824219,8.3100004196167,8.670000076293945,8.670000076293945,24200
2023-12-13,8.75,9.25,8.600000381469727,9.039999961853027,9.039999961853027,58100
2023-12-14,9.300000190734863,9.354999542236328,8.90999984741211,9.15999984741211,9.15999984741211,49300
2023-12-15,9.109999656677246,9.5,8.460000038146973,9.149999618530273,9.149999618530273,156500
2023-12-18,9.199999809265137,9.5,9.149999618530273,9.319999694824219,9.319999694824219,29500
2023-12-19,9.40999984741211,9.600000381469727,9.119999885559082,9.5,9.5,65800
2023-12-20,9.600000381469727,10.300000190734863,9.569999694824219,10.170000076293945,10.170000076293945,69800
2023-12-21,10.300000190734863,10.420000076293945,9.880000114440918,10.40999984741211,10.40999984741211,40200
2023-12-22,10.399999618530273,10.489999771118164,10.130000114440918,10.489999771118164,10.489999771118164,22100
2023-12-26,10.34000015258789,10.75,10.34000015258789,10.75,10.75,38900
2023-12-27,10.65999984741211,10.769000053405762,9.899999618530273,10.140000343322754,10.140000343322754,33800
2023-12-28,9.989999771118164,10.399999618530273,9.90999984741211,9.979999542236328,9.979999542236328,36400
2023-12-29,10.100000381469727,10.989999771118164,9.800000190734863,10.989999771118164,10.989999771118164,75200
2024-01-02,10.9399995803833,10.9399995803833,10.010000228881836,10.40999984741211,10.40999984741211,38200
2024-01-03,10.529999732971191,10.829999923706055,9.729999542236328,9.850000381469727,9.850000381469727,42300
2024-01-04,9.930000305175781,10.0,9.100000381469727,9.1899995803833,9.1899995803833,33400
2024-01-05,9.140000343322754,9.229999542236328,8.550000190734863,8.949999809265137,8.949999809265137,61700
2024-01-08,9.100000381469727,9.100000381469727,8.619999885559082,8.649999618530273,8.649999618530273,64700
2024-01-09,8.619999885559082,8.755000114440918,8.244999885559082,8.3100004196167,8.3100004196167,17800
2024-01-10,8.3100004196167,8.3100004196167,7.619999885559082,7.800000190734863,7.800000190734863,29000
2024-01-11,7.78000020980835,7.869999885559082,7.53000020980835,7.550000190734863,7.550000190734863,26200
2024-01-12,7.829999923706055,7.920000076293945,7.349999904632568,7.349999904632568,7.349999904632568,23500
2024-01-16,7.5,8.0,6.590000152587891,6.769999980926514,6.769999980926514,60600
2024-01-17,6.699999809265137,7.025000095367432,6.519999980926514,6.860000133514404,6.860000133514404,101000
2024-01-18,6.820000171661377,6.949999809265137,6.650000095367432,6.690000057220459,6.690000057220459,18400
2024-01-19,6.820000171661377,7.074999809265137,6.550000190734863,6.710000038146973,6.710000038146973,60000
2024-01-22,6.75,6.835999965667725,6.429999828338623,6.550000190734863,6.550000190734863,93600
2024-01-23,6.610000133514404,6.730000019073486,6.5,6.570000171661377,6.570000171661377,36900
2024-01-24,6.670000076293945,6.730000019073486,6.5,6.510000228881836,6.510000228881836,18800
2024-01-25,6.699999809265137,6.880000114440918,6.5,6.800000190734863,6.800000190734863,30600
2024-01-26,6.78000020980835,7.699999809265137,6.78000020980835,7.449999809265137,7.449999809265137,30600
2024-01-29,7.610000133514404,7.619999885559082,6.889999866485596,6.980000019073486,6.980000019073486,90400
2024-01-30,6.949999809265137,6.989999771118164,6.5,6.840000152587891,6.840000152587891,28600
2024-01-31,6.860000133514404,7.369999885559082,6.679999828338623,6.679999828338623,6.679999828338623,50400
2024-02-01,6.829999923706055,6.949999809265137,6.5,6.519999980926514,6.519999980926514,31500
2024-02-02,6.489999771118164,6.789999961853027,6.489999771118164,6.510000228881836,6.510000228881836,23400
2024-02-05,6.420000076293945,6.630000114440918,6.179999828338623,6.21999979019165,6.21999979019165,72900
2024-02-06,6.389999866485596,6.550000190734863,6.050000190734863,6.070000171661377,6.070000171661377,65500
2024-02-07,6.119999885559082,6.284999847412109,6.039999961853027,6.070000171661377,6.070000171661377,39900
2024-02-08,6.059000015258789,6.309999942779541,6.039999961853027,6.090000152587891,6.090000152587891,32500
2024-02-09,6.079999923706055,6.283999919891357,5.949999809265137,6.0,6.0,39800
2024-02-12,6.059999942779541,6.769999980926514,5.929999828338623,5.929999828338623,5.929999828338623,33100
2024-02-13,6.0,6.210000038146973,5.929999828338623,5.929999828338623,5.929999828338623,43900
2024-02-14,5.949999809265137,6.334000110626221,5.949999809265137,6.130000114440918,6.130000114440918,16900
2024-02-15,6.079999923706055,6.670000076293945,6.059999942779541,6.429999828338623,6.429999828338623,70300
2024-02-16,6.440000057220459,6.6020002365112305,6.199999809265137,6.210000038146973,6.210000038146973,21500
2024-02-20,6.190000057220459,6.23799991607666,5.75,5.75,5.75,42400
2024-02-21,5.75,5.909999847412109,5.690000057220459,5.690000057220459,5.690000057220459,41800
2024-02-22,5.789999961853027,6.260000228881836,5.78000020980835,5.980000019073486,5.980000019073486,76700
2024-02-23,5.960000038146973,6.175000190734863,5.699999809265137,5.829999923706055,5.829999923706055,40500
2024-02-26,5.809999942779541,6.039999961853027,5.809999942779541,5.940000057220459,5.940000057220459,41900
2024-02-27,5.949999809265137,5.960000038146973,5.760000228881836,5.849999904632568,5.849999904632568,18900
2024-02-28,6.010000228881836,6.050000190734863,5.820000171661377,5.869999885559082,5.869999885559082,28600
2024-02-29,5.989999771118164,6.093999862670898,5.800000190734863,5.929999828338623,5.929999828338623,183700
2024-03-01,5.920000076293945,6.070000171661377,5.650000095367432,5.690000057220459,5.690000057220459,50200
2024-03-04,5.699999809265137,5.699999809265137,5.380000114440918,5.510000228881836,5.510000228881836,52000
2024-03-05,5.510000228881836,5.840000152587891,5.510000228881836,5.730000019073486,5.730000019073486,29000
2024-03-06,5.730000019073486,6.070000171661377,5.605000019073486,5.840000152587891,5.840000152587891,69900
2024-03-07,5.869999885559082,5.869999885559082,5.690000057220459,5.789999961853027,5.789999961853027,19300
2024-03-08,5.809999942779541,6.050000190734863,5.690000057220459,5.78000020980835,5.78000020980835,65500
2024-03-11,5.869999885559082,6.050000190734863,5.809999942779541,5.820000171661377,5.820000171661377,36000
2024-03-12,5.849999904632568,6.019999980926514,5.71999979019165,5.730000019073486,5.730000019073486,29700
2024-03-13,5.78000020980835,5.909999847412109,5.690000057220459,5.909999847412109,5.909999847412109,23400
2024-03-14,5.889999866485596,5.889999866485596,5.53000020980835,5.650000095367432,5.650000095367432,55500
2024-03-15,5.559999942779541,5.699999809265137,5.519999980926514,5.550000190734863,5.550000190734863,90400
2024-03-18,5.599999904632568,5.76200008392334,5.380000114440918,5.429999828338623,5.429999828338623,37800
2024-03-19,5.409999847412109,5.465000152587891,5.199999809265137,5.21999979019165,5.21999979019165,37200
2024-03-20,5.309999942779541,5.599999904632568,5.0,5.519999980926514,5.519999980926514,47900
2024-03-21,5.409999847412109,5.5,5.144999980926514,5.239999771118164,5.239999771118164,28500
2024-03-22,5.230000019073486,5.607999801635742,5.139999866485596,5.300000190734863,5.300000190734863,26100
2024-03-25,5.300000190734863,5.300000190734863,5.090000152587891,5.119999885559082,5.119999885559082,31900
2024-03-26,5.150000095367432,5.284999847412109,4.610000133514404,4.730000019073486,4.730000019073486,76400
2024-03-27,5.070000171661377,5.146999835968018,4.760000228881836,4.96999979019165,4.96999979019165,53500
2024-03-28,4.920000076293945,5.343999862670898,4.869999885559082,5.110000133514404,5.110000133514404,52600
2024-04-01,5.25,5.25,4.909999847412109,5.0,5.0,39700
2024-04-02,5.0,5.409999847412109,4.920000076293945,5.289999961853027,5.289999961853027,58200
2024-04-03,5.269999980926514,5.440000057220459,5.204999923706055,5.360000133514404,5.360000133514404,44100
2024-04-04,5.394999980926514,5.710000038146973,5.369999885559082,5.480000019073486,5.480000019073486,68700
2024-04-05,5.46999979019165,5.909999847412109,5.46999979019165,5.800000190734863,5.800000190734863,43500
2024-04-08,5.800000190734863,6.130000114440918,5.800000190734863,6.079999923706055,6.079999923706055,171500
2024-04-09,6.119999885559082,6.119999885559082,5.900000095367432,6.0,6.0,79600
2024-04-10,5.809999942779541,5.809999942779541,5.400000095367432,5.670000076293945,5.670000076293945,91700
2024-04-11,5.659999847412109,5.96999979019165,5.230000019073486,5.650000095367432,5.650000095367432,56500
2024-04-12,5.610000133514404,5.829999923706055,5.449999809265137,5.449999809265137,5.449999809265137,79800
2024-04-15,5.510000228881836,5.570000171661377,5.119999885559082,5.119999885559082,5.119999885559082,83000
2024-04-16,5.119999885559082,5.349999904632568,5.119999885559082,5.289999961853027,5.289999961853027,46700
2024-04-17,5.300000190734863,5.434999942779541,5.0,5.119999885559082,5.119999885559082,40000
2024-04-18,5.150000095367432,5.199999809265137,4.769999980926514,4.829999923706055,4.829999923706055,75200
2024-04-19,4.860000133514404,5.449999809265137,4.860000133514404,5.260000228881836,5.260000228881836,69600
2024-04-22,5.260000228881836,5.820000171661377,5.150000095367432,5.329999923706055,5.329999923706055,105200
2024-04-23,5.309999942779541,5.739999771118164,5.309999942779541,5.449999809265137,5.449999809265137,132200
2024-04-24,5.449999809265137,5.505000114440918,4.929999828338623,4.980000019073486,4.980000019073486,101700
2024-04-25,4.989999771118164,5.090000152587891,4.53000020980835,4.650000095367432,4.650000095367432,176600
2024-04-26,4.679999828338623,5.050000190734863,4.670000076293945,4.960000038146973,4.960000038146973,68700
2024-04-29,4.960000038146973,5.199999809265137,4.960000038146973,5.03000020980835,5.03000020980835,58200
2024-04-30,5.050000190734863,5.699999809265137,5.039999961853027,5.179999828338623,5.179999828338623,103000
2024-05-01,5.25,5.46999979019165,5.090000152587891,5.340000152587891,5.340000152587891,41600
2024-05-02,5.409999847412109,5.849999904632568,5.409999847412109,5.71999979019165,5.71999979019165,89000
2024-05-03,5.75,5.75,5.519999980926514,5.730000019073486,5.730000019073486,42400
2024-05-06,5.679999828338623,6.090000152587891,5.460000038146973,6.070000171661377,6.070000171661377,83400
2024-05-07,6.050000190734863,6.380000114440918,5.760000228881836,6.309999942779541,6.309999942779541,73400
2024-05-08,6.269999980926514,7.184999942779541,6.059999942779541,7.0,7.0,197900
2024-05-09,6.96999979019165,7.46999979019165,6.860000133514404,7.230000019073486,7.230000019073486,140200
2024-05-10,7.21999979019165,7.301000118255615,6.809999942779541,7.090000152587891,7.090000152587891,35000
2024-05-13,7.130000114440918,7.130000114440918,6.340000152587891,6.679999828338623,6.679999828338623,77100
2024-05-14,6.880000114440918,7.090000152587891,6.711999893188477,6.860000133514404,6.860000133514404,50800
2024-05-15,6.829999923706055,6.920000076293945,6.5,6.610000133514404,6.610000133514404,36000
2024-05-16,6.559999942779541,6.710000038146973,6.090000152587891,6.409999847412109,6.409999847412109,64800
2024-05-17,6.449999809265137,6.800000190734863,6.284999847412109,6.460000038146973,6.460000038146973,69700
2024-05-20,6.480000019073486,6.989999771118164,6.360000133514404,6.590000152587891,6.590000152587891,52700
2024-05-21,6.579999923706055,7.090000152587891,6.579999923706055,6.78000020980835,6.78000020980835,16400
2024-05-22,6.789999961853027,7.190000057220459,6.715000152587891,6.96999979019165,6.96999979019165,59800
2024-05-23,6.96999979019165,7.610000133514404,6.96999979019165,7.389999866485596,7.389999866485596,79100
2024-05-24,7.429999828338623,7.739999771118164,7.230000019073486,7.71999979019165,7.71999979019165,105100
2024-05-28,7.880000114440918,8.399999618530273,7.730000019073486,8.229999542236328,8.229999542236328,111800
2024-05-29,8.25,8.460000038146973,8.0,8.069999694824219,8.069999694824219,71300
2024-05-30,8.170000076293945,8.399999618530273,7.900000095367432,7.920000076293945,7.920000076293945,64400
2024-05-31,7.989999771118164,7.989999771118164,7.130000114440918,7.239999771118164,7.239999771118164,69300
2024-06-03,7.360000133514404,7.360000133514404,6.431000232696533,6.5,6.5,61700
2024-06-04,6.53000020980835,6.53000020980835,6.230000019073486,6.28000020980835,6.28000020980835,45300
2024-06-05,6.329999923706055,6.329999923706055,6.079999923706055,6.239999771118164,6.239999771118164,32500
2024-06-06,6.269999980926514,6.590000152587891,6.119999885559082,6.440000057220459,6.440000057220459,28100
2024-06-07,6.5,6.605000019073486,6.039999961853027,6.099999904632568,6.099999904632568,42500
2024-06-10,6.170000076293945,6.449999809265137,6.034999847412109,6.190000057220459,6.190000057220459,41200
2024-06-11,6.179999828338623,6.590000152587891,6.114999771118164,6.320000171661377,6.320000171661377,41600
2024-06-12,6.53000020980835,6.940000057220459,6.320000171661377,6.539999961853027,6.539999961853027,34100
2024-06-13,6.429999828338623,6.440000057220459,6.059999942779541,6.159999847412109,6.159999847412109,34500
2024-06-14,6.199999809265137,6.199999809265137,5.760000228881836,5.769999980926514,5.769999980926514,55500
2024-06-17,5.980000019073486,5.980000019073486,5.75,5.880000114440918,5.880000114440918,38800
2024-06-18,5.804999828338623,6.139999866485596,5.619999885559082,5.619999885559082,5.619999885559082,44200
2024-06-20,5.75,5.769999980926514,5.510000228881836,5.539999961853027,5.539999961853027,21000
2024-06-21,5.550000190734863,5.619999885559082,5.21999979019165,5.21999979019165,5.21999979019165,164500
2024-06-24,5.309999942779541,5.429999828338623,5.070000171661377,5.199999809265137,5.199999809265137,83900
2024-06-25,5.199999809265137,5.409999847412109,5.059999942779541,5.300000190734863,5.300000190734863,94400
2024-06-26,5.260000228881836,5.460000038146973,5.260000228881836,5.340000152587891,5.340000152587891,21600
2024-06-27,5.429999828338623,5.599999904632568,5.320000171661377,5.510000228881836,5.510000228881836,30000
2024-06-28,5.579999923706055,5.579999923706055,5.119999885559082,5.159999847412109,5.159999847412109,205900
2024-07-01,5.349999904632568,5.349999904632568,4.900000095367432,4.929999828338623,4.929999828338623,60300
2024-07-02,5.0,5.340000152587891,4.949999809265137,5.0,5.0,56500
2024-07-03,5.010000228881836,5.0929999351501465,4.989999771118164,5.039999961853027,5.039999961853027,10000
2024-07-05,5.139999866485596,5.139999866485596,4.929999828338623,5.059999942779541,5.059999942779541,32400
2024-07-08,5.059999942779541,5.269999980926514,4.980000019073486,5.269999980926514,5.269999980926514,79300
2024-07-09,5.190000057220459,5.659999847412109,5.099999904632568,5.599999904632568,5.599999904632568,72800
2024-07-10,5.599999904632568,5.650000095367432,5.380000114440918,5.559999942779541,5.559999942779541,26100
2024-07-11,5.650000095367432,5.800000190734863,5.429999828338623,5.650000095367432,5.650000095367432,42100
2024-07-12,5.690000057220459,5.75,5.449999809265137,5.630000114440918,5.630000114440918,47700
2024-07-15,5.670000076293945,5.760000228881836,5.46999979019165,5.679999828338623,5.679999828338623,39800
2024-07-16,5.670000076293945,5.809999942779541,5.5,5.610000133514404,5.610000133514404,47300
2024-07-17,5.730000019073486,5.760000228881836,5.039999961853027,5.420000076293945,5.420000076293945,69400
2024-07-18,5.360000133514404,5.559999942779541,5.329999923706055,5.360000133514404,5.360000133514404,20700
2024-07-19,5.360000133514404,5.360000133514404,4.96999979019165,5.039999961853027,5.039999961853027,79900
2024-07-22,5.059999942779541,5.21999979019165,4.949999809265137,5.119999885559082,5.119999885559082,98000
2024-07-23,5.5,5.565000057220459,5.199999809265137,5.409999847412109,5.409999847412109,150300
2024-07-24,5.300000190734863,5.559999942779541,5.289999961853027,5.349999904632568,5.349999904632568,37900
2024-07-25,5.320000171661377,5.460000038146973,5.199999809265137,5.429999828338623,5.429999828338623,29600
2024-07-26,5.429999828338623,5.539999961853027,5.349999904632568,5.460000038146973,5.460000038146973,35600
2024-07-29,5.480000019073486,5.480000019073486,5.0,5.019999980926514,5.019999980926514,51600
2024-07-30,5.050000190734863,5.150000095367432,4.920000076293945,5.050000190734863,5.050000190734863,59900
2024-07-31,5.079999923706055,5.5,5.0,5.46999979019165,5.46999979019165,57700
2024-08-01,5.5,5.550000190734863,5.03000020980835,5.03000020980835,5.03000020980835,39700
2024-08-02,4.909999847412109,5.019999980926514,4.650000095367432,4.690000057220459,4.690000057220459,59700
2024-08-05,4.650000095367432,4.795000076293945,4.150000095367432,4.230000019073486,4.230000019073486,66400
2024-08-06,4.269999980926514,4.409999847412109,4.199999809265137,4.210000038146973,4.210000038146973,58000
2024-08-07,4.309999942779541,4.559999942779541,4.059999942779541,4.25,4.25,51100
2024-08-08,4.300000190734863,4.730000019073486,4.300000190734863,4.539999961853027,4.539999961853027,30900
2024-08-09,4.510000228881836,4.699999809265137,4.349999904632568,4.510000228881836,4.510000228881836,17800
2024-08-12,4.559999942779541,4.900000095367432,4.559999942779541,4.869999885559082,4.869999885559082,41500
2024-08-13,4.949999809265137,5.135000228881836,4.789999961853027,4.940000057220459,4.940000057220459,70000
2024-08-14,4.920000076293945,4.920000076293945,4.510000228881836,4.699999809265137,4.699999809265137,30600
2024-08-15,4.710000038146973,5.329999923706055,4.599999904632568,5.329999923706055,5.329999923706055,87100
2024-08-16,5.300000190734863,5.389999866485596,5.050000190734863,5.289999961853027,5.289999961853027,48000
2024-08-19,5.25,5.449999809265137,5.25,5.449999809265137,5.449999809265137,17100
2024-08-20,5.429999828338623,5.550000190734863,5.349999904632568,5.489999771118164,5.489999771118164,18700
2024-08-21,5.460000038146973,5.460000038146973,5.210000038146973,5.349999904632568,5.349999904632568,36600
2024-08-22,5.21999979019165,5.320000171661377,5.21999979019165,5.28000020980835,5.28000020980835,6100
2024-08-23,5.329999923706055,5.449999809265137,5.210000038146973,5.429999828338623,5.429999828338623,77500
2024-08-26,5.460000038146973,5.75,5.28000020980835,5.300000190734863,5.300000190734863,118200
2024-08-27,5.489999771118164,5.489999771118164,5.297999858856201,5.369999885559082,5.369999885559082,20500
2024-08-28,5.360000133514404,5.360000133514404,5.239999771118164,5.349999904632568,5.349999904632568,18700
2024-08-29,5.409999847412109,5.710000038146973,5.380000114440918,5.630000114440918,5.630000114440918,23600
2024-08-30,5.650000095367432,5.989999771118164,5.619999885559082,5.909999847412109,5.909999847412109,36800
2024-09-03,5.730000019073486,5.730000019073486,5.320000171661377,5.369999885559082,5.369999885559082,27700
2024-09-04,5.300000190734863,5.34499979019165,4.949999809265137,5.039999961853027,5.039999961853027,98300
2024-09-05,5.119999885559082,5.119999885559082,5.0,5.050000190734863,5.050000190734863,15600
2024-09-06,5.110000133514404,5.139999866485596,4.800000190734863,4.929999828338623,4.929999828338623,44200
2024-09-09,5.0,5.099999904632568,4.880000114440918,4.920000076293945,4.920000076293945,19400
2024-09-10,4.980000019073486,4.980000019073486,4.599999904632568,4.71999979019165,4.71999979019165,33800
2024-09-11,4.769999980926514,4.840000152587891,4.5,4.650000095367432,4.650000095367432,16900
2024-09-12,4.71999979019165,4.940000057220459,4.699999809265137,4.920000076293945,4.920000076293945,27900
2024-09-13,4.949999809265137,5.139999866485596,4.909999847412109,5.119999885559082,5.119999885559082,33700
2024-09-16,5.150000095367432,5.25,5.050000190734863,5.159999847412109,5.159999847412109,22600
2024-09-17,5.150000095367432,5.340000152587891,5.130000114440918,5.25,5.25,36900
2024-09-18,5.210000038146973,5.429999828338623,5.099999904632568,5.099999904632568,5.099999904632568,20800
2024-09-19,5.300000190734863,5.480000019073486,5.195000171661377,5.320000171661377,5.320000171661377,29800
2024-09-20,5.340000152587891,5.389999866485596,5.110000133514404,5.360000133514404,5.360000133514404,105300
2024-09-23,5.28000020980835,5.400000095367432,4.920000076293945,4.980000019073486,4.980000019073486,30400
2024-09-24,5.090000152587891,5.090000152587891,4.789999961853027,4.949999809265137,4.949999809265137,112400
2024-09-25,4.960000038146973,5.059999942779541,4.960000038146973,5.0,5.0,25700
2024-09-26,4.940000057220459,5.0329999923706055,4.849999904632568,5.010000228881836,5.010000228881836,33600
2024-09-27,5.090000152587891,5.099999904632568,5.010000228881836,5.099999904632568,5.099999904632568,19000
2024-09-30,5.21999979019165,5.300000190734863,5.059999942779541,5.25,5.25,35800
2024-10-01,5.309999942779541,5.400000095367432,5.110000133514404,5.340000152587891,5.340000152587891,52100
2024-10-02,5.449999809265137,5.820000171661377,5.300000190734863,5.409999847412109,5.409999847412109,28600
2024-10-03,5.389999866485596,5.5,5.25,5.25,5.25,23500
2024-10-04,5.389999866485596,5.389999866485596,5.010000228881836,5.090000152587891,5.090000152587891,42400
2024-10-07,5.190000057220459,5.25,5.050000190734863,5.119999885559082,5.119999885559082,17900
2024-10-08,5.0,5.090000152587891,4.96999979019165,5.010000228881836,5.010000228881836,32700
2024-10-09,5.019999980926514,5.199999809265137,5.019999980926514,5.159999847412109,5.159999847412109,23500
2024-10-10,5.0,5.150000095367432,4.78000020980835,5.099999904632568,5.099999904632568,33400
2024-10-11,5.099999904632568,5.449999809265137,5.099999904632568,5.449999809265137,5.449999809265137,44900
2024-10-14,5.400000095367432,5.400000095367432,5.065000057220459,5.260000228881836,5.260000228881836,22100
2024-10-15,5.300000190734863,5.4629998207092285,5.239999771118164,5.300000190734863,5.300000190734863,21100
2024-10-16,5.380000114440918,5.380000114440918,5.263000011444092,5.320000171661377,5.320000171661377,18000
2024-10-17,5.300000190734863,5.300000190734863,5.079999923706055,5.150000095367432,5.150000095367432,12800
2024-10-18,5.150000095367432,5.199999809265137,4.909999847412109,5.179999828338623,5.179999828338623,26900
2024-10-21,5.179999828338623,5.25,5.099999904632568,5.099999904632568,5.099999904632568,11700
2024-10-22,5.139999866485596,5.199999809265137,5.019999980926514,5.019999980926514,5.019999980926514,9300
2024-10-23,5.050000190734863,5.099999904632568,5.050000190734863,5.099999904632568,5.099999904632568,21000
2024-10-24,5.09499979019165,5.170000076293945,4.880000114440918,5.170000076293945,5.170000076293945,48300
2024-10-25,5.230000019073486,5.300000190734863,5.170000076293945,5.25,5.25,10500
2024-10-28,5.300000190734863,5.300000190734863,5.070000171661377,5.179999828338623,5.179999828338623,41300
2024-10-29,5.289999961853027,5.46999979019165,5.172999858856201,5.46999979019165,5.46999979019165,28100
2024-10-30,5.53000020980835,5.53000020980835,5.400000095367432,5.510000228881836,5.510000228881836,15100
2024-10-31,5.510000228881836,5.510000228881836,5.099999904632568,5.179999828338623,5.179999828338623,23000
2024-11-01,5.21999979019165,5.264999866485596,5.144000053405762,5.199999809265137,5.199999809265137,13600
2024-11-04,5.239999771118164,5.3460001945495605,5.110000133514404,5.239999771118164,5.239999771118164,34300
2024-11-05,5.139999866485596,5.800000190734863,5.139999866485596,5.559999942779541,5.559999942779541,60000
2024-11-06,6.0,6.204999923706055,5.800000190734863,6.050000190734863,6.050000190734863,106100
2024-11-07,6.090000152587891,6.324999809265137,6.0,6.070000171661377,6.070000171661377,56700
2024-11-08,6.03000020980835,6.25,5.900000095367432,6.25,6.25,21800
2024-11-11,6.440000057220459,6.519999980926514,6.010000228881836,6.46999979019165,6.46999979019165,36900
2024-11-12,6.480000019073486,6.699999809265137,6.28000020980835,6.389999866485596,6.389999866485596,48900
2024-11-13,6.389999866485596,6.389999866485596,6.079999923706055,6.269999980926514,6.269999980926514,16600
2024-11-14,6.449999809265137,6.449999809265137,5.829999923706055,5.840000152587891,5.840000152587891,32300
2024-11-15,5.829999923706055,5.875,5.380000114440918,5.550000190734863,5.550000190734863,37700
2024-11-18,5.570000171661377,5.619999885559082,5.46999979019165,5.519999980926514,5.519999980926514,16200
2024-11-19,5.46999979019165,5.71999979019165,5.449999809265137,5.71999979019165,5.71999979019165,24400
2024-11-20,5.710000038146973,5.75,5.349999904632568,5.349999904632568,5.349999904632568,15600
2024-11-21,5.449999809265137,5.699999809265137,5.449999809265137,5.679999828338623,5.679999828338623,19500
2024-11-22,6.090000152587891,6.090000152587891,5.710000038146973,5.889999866485596,5.889999866485596,32400
2024-11-25,5.940000057220459,6.099999904632568,5.75,5.75,5.75,26100
2024-11-26,5.630000114440918,5.909999847412109,5.630000114440918,5.71999979019165,5.71999979019165,22100
2024-11-27,5.829999923706055,5.840000152587891,5.699999809265137,5.78000020980835,5.78000020980835,18900
2024-11-29,5.880000114440918,6.420000076293945,5.860000133514404,6.329999923706055,6.329999923706055,36900
2024-12-02,6.309999942779541,6.550000190734863,6.135000228881836,6.409999847412109,6.409999847412109,30200
2024-12-03,6.46999979019165,6.849999904632568,6.409999847412109,6.730000019073486,6.730000019073486,66200
2024-12-04,6.760000228881836,6.840000152587891,6.349999904632568,6.449999809265137,6.449999809265137,38200
2024-12-05,6.480000019073486,6.599999904632568,6.260000228881836,6.510000228881836,6.510000228881836,29200
2024-12-06,6.570000171661377,7.0,6.460000038146973,6.949999809265137,6.949999809265137,35200
2024-12-09,7.0,7.289999961853027,6.809999942779541,6.880000114440918,6.880000114440918,59600
2024-12-10,6.880000114440918,7.130000114440918,6.880000114440918,7.050000190734863,7.050000190734863,32600
2024-12-11,7.179999828338623,7.199999809265137,6.940000057220459,7.070000171661377,7.070000171661377,29400
2024-12-12,6.965000152587891,7.039999961853027,6.670000076293945,6.690000057220459,6.690000057220459,16200
2024-12-13,6.699999809265137,6.710000038146973,6.550000190734863,6.639999866485596,6.639999866485596,13400
2024-12-16,6.550000190734863,6.689000129699707,6.369999885559082,6.46999979019165,6.46999979019165,17800
2024-12-17,6.420000076293945,6.420000076293945,6.210000038146973,6.320000171661377,6.320000171661377,19300
2024-12-18,6.300000190734863,6.309999942779541,5.630000114440918,5.800000190734863,5.800000190734863,40300
2024-12-19,5.989999771118164,5.989999771118164,5.510000228881836,5.599999904632568,5.599999904632568,35800
2024-12-20,5.489999771118164,6.75,5.489999771118164,6.710000038146973,6.710000038146973,145600
2024-12-23,6.599999904632568,7.059999942779541,6.599999904632568,6.980000019073486,6.980000019073486,42900
2024-12-24,6.940000057220459,7.400000095367432,6.940000057220459,7.300000190734863,7.300000190734863,18700
2024-12-26,7.110000133514404,7.449999809265137,7.03000020980835,7.349999904632568,7.349999904632568,31100
2024-12-27,7.550000190734863,7.650000095367432,7.099999904632568,7.46999979019165,7.46999979019165,38900
2024-12-30,7.429999828338623,7.46999979019165,7.110000133514404,7.25,7.25,21100
2024-12-31,7.349999904632568,7.699999809265137,7.340000152587891,7.599999904632568,7.599999904632568,30500
2025-01-02,7.699999809265137,8.119999885559082,7.623000144958496,7.75,7.75,39200
2025-01-03,7.791999816894531,7.849999904632568,7.639999866485596,7.78000020980835,7.78000020980835,13800
2025-01-06,7.820000171661377,7.820000171661377,7.400000095367432,7.440000057220459,7.440000057220459,19700
2025-01-07,7.699999809265137,7.75,7.440000057220459,7.639999866485596,7.639999866485596,40000
2025-01-08,7.559999942779541,7.570000171661377,7.400000095367432,7.400000095367432,7.400000095367432,16000
2025-01-10,7.099999904632568,7.2230000495910645,6.690000057220459,6.699999809265137,6.699999809265137,30500
2025-01-13,6.639999866485596,6.690000057220459,6.429999828338623,6.619999885559082,6.619999885559082,14700
2025-01-14,6.769999980926514,6.769999980926514,6.449999809265137,6.449999809265137,6.449999809265137,18200
2025-01-15,6.730000019073486,7.050000190734863,6.348999977111816,7.0,7.0,28200
2025-01-16,7.050000190734863,7.099999904632568,6.929999828338623,6.929999828338623,6.929999828338623,13900
2025-01-17,7.190000057220459,7.190000057220459,6.619999885559082,6.619999885559082,6.619999885559082,21800
2025-01-21,6.71999979019165,6.78000020980835,6.439000129699707,6.699999809265137,6.699999809265137,25100
2025-01-22,6.789999961853027,6.789999961853027,6.369999885559082,6.369999885559082,6.369999885559082,22400
2025-01-23,6.300000190734863,6.359000205993652,6.159999847412109,6.329999923706055,6.329999923706055,20000
2025-01-24,6.320000171661377,6.320000171661377,6.01200008392334,6.179999828338623,6.179999828338623,19600
2025-01-27,6.010000228881836,6.159999847412109,5.960000038146973,6.010000228881836,6.010000228881836,27900
2025-01-28,6.090000152587891,6.388999938964844,5.764999866485596,6.159999847412109,6.159999847412109,31600
2025-01-29,6.139999866485596,6.190000057220459,6.059999942779541,6.059999942779541,6.059999942779541,11300
2025-01-30,6.150000095367432,6.238999843597412,6.0,6.079999923706055,6.079999923706055,16500
2025-01-31,6.010000228881836,6.010000228881836,5.75,5.849999904632568,5.849999904632568,18100
2025-02-03,5.679999828338623,5.900000095367432,5.679999828338623,5.889999866485596,5.889999866485596,20000
2025-02-04,5.889999866485596,6.045000076293945,5.869999885559082,5.929999828338623,5.929999828338623,14600
2025-02-05,5.989999771118164,6.139999866485596,5.989999771118164,6.099999904632568,6.099999904632568,16800
2025-02-06,6.21999979019165,6.288000106811523,5.929999828338623,5.929999828338623,5.929999828338623,18900
2025-02-07,5.960000038146973,6.034999847412109,5.75,5.75,5.75,24500
2025-02-10,5.829999923706055,5.949999809265137,5.730000019073486,5.820000171661377,5.820000171661377,11700
2025-02-11,5.710000038146973,5.880000114440918,5.559999942779541,5.710000038146973,5.710000038146973,23200
2025-02-12,5.579999923706055,5.78000020980835,5.550000190734863,5.550000190734863,5.550000190734863,14600
2025-02-13,5.820000171661377,5.820000171661377,5.539999961853027,5.690000057220459,5.690000057220459,14900
2025-02-14,5.760000228881836,6.349999904632568,5.760000228881836,6.28000020980835,6.28000020980835,17200
2025-02-18,6.429999828338623,6.5,6.070000171661377,6.300000190734863,6.300000190734863,20900
2025-02-19,6.349999904632568,6.695000171661377,6.349999904632568,6.659999847412109,6.659999847412109,21000
2025-02-20,6.579999923706055,6.664999961853027,6.375,6.380000114440918,6.380000114440918,19000
2025-02-21,6.449999809265137,6.650000095367432,6.320000171661377,6.369999885559082,6.369999885559082,16400
2025-02-24,6.519999980926514,6.699999809265137,6.059999942779541,6.690000057220459,6.690000057220459,27000
2025-02-25,6.699999809265137,6.800000190734863,6.440000057220459,6.699999809265137,6.699999809265137,18900
2025-02-26,6.610000133514404,6.630000114440918,6.5,6.590000152587891,6.590000152587891,10400
2025-02-27,6.579999923706055,6.78000020980835,6.579999923706055,6.579999923706055,6.579999923706055,10100
2025-02-28,6.679999828338623,6.900000095367432,6.679999828338623,6.900000095367432,6.900000095367432,16700
2025-03-03,6.900000095367432,6.900000095367432,6.480000019073486,6.519999980926514,6.519999980926514,16700
2025-03-04,6.269999980926514,6.679999828338623,6.269999980926514,6.550000190734863,6.550000190734863,8800
2025-03-05,6.650000095367432,6.710000038146973,6.5,6.519999980926514,6.519999980926514,14000
2025-03-06,6.769999980926514,6.7829999923706055,6.639999866485596,6.769999980926514,6.769999980926514,11200
2025-03-07,6.789999961853027,6.849999904632568,6.71999979019165,6.809999942779541,6.809999942779541,29800
2025-03-10,6.690000057220459,6.889999866485596,6.320000171661377,6.570000171661377,6.570000171661377,15400
2025-03-11,6.71999979019165,6.71999979019165,6.510000228881836,6.519999980926514,6.519999980926514,18700
2025-03-12,6.755000114440918,6.78000020980835,6.644999980926514,6.78000020980835,6.78000020980835,10000
2025-03-13,6.675000190734863,6.78000020980835,6.510000228881836,6.510000228881836,6.510000228881836,8900
2025-03-14,6.703999996185303,6.880000114440918,6.619999885559082,6.880000114440918,6.880000114440918,14900
2025-03-17,6.900000095367432,6.900000095367432,6.0,6.21999979019165,6.21999979019165,75000
2025-03-18,6.130000114440918,6.210000038146973,5.889999866485596,5.940000057220459,5.940000057220459,20800
2025-03-19,5.900000095367432,5.900000095367432,5.769999980926514,5.820000171661377,5.820000171661377,14600
2025-03-20,5.789999961853027,5.789999961853027,5.659999847412109,5.71999979019165,5.71999979019165,10400
2025-03-21,5.599999904632568,6.300000190734863,5.409999847412109,6.199999809265137,6.199999809265137,152100
2025-03-24,6.300000190734863,6.300000190734863,6.099999904632568,6.300000190734863,6.300000190734863,14100
2025-03-25,6.179999828338623,6.400000095367432,6.119999885559082,6.159999847412109,6.159999847412109,11000
2025-03-26,6.170000076293945,6.235000133514404,5.900000095367432,6.130000114440918,6.130000114440918,17600
2025-03-27,6.099999904632568,6.320000171661377,6.09499979019165,6.300000190734863,6.300000190734863,11900
2025-03-28,6.300000190734863,6.300000190734863,5.741000175476074,6.0,6.0,13600
2025-03-31,5.960000038146973,6.329999923706055,5.8429999351501465,6.28000020980835,6.28000020980835,46300
2025-04-01,6.309999942779541,6.309999942779541,5.769999980926514,5.769999980926514,5.769999980926514,22700
2025-04-02,5.650000095367432,5.889999866485596,5.650000095367432,5.849999904632568,5.849999904632568,20400
2025-04-03,5.429999828338623,5.630000114440918,5.09499979019165,5.25,5.25,46300
2025-04-04,5.119999885559082,5.260000228881836,5.090000152587891,5.260000228881836,5.260000228881836,43100
2025-04-07,4.840000152587891,5.650000095367432,4.840000152587891,5.360000133514404,5.360000133514404,22000
2025-04-08,5.670000076293945,5.697000026702881,4.889999866485596,4.960000038146973,4.960000038146973,29300
2025-04-09,4.929999828338623,6.340000152587891,4.929999828338623,6.21999979019165,6.21999979019165,76300
2025-04-10,5.71999979019165,6.125,5.504000186920166,5.619999885559082,5.619999885559082,28500
2025-04-11,5.630000114440918,5.96999979019165,5.501999855041504,5.960000038146973,5.960000038146973,24700
2025-04-14,6.050000190734863,6.050000190734863,5.400000095367432,5.400000095367432,5.400000095367432,26400
2025-04-15,5.28000020980835,5.5,5.060999870300293,5.130000114440918,5.130000114440918,18900
2025-04-16,5.130000114440918,5.320000171661377,5.090000152587891,5.110000133514404,5.110000133514404,27200
2025-04-17,5.090000152587891,5.440000057220459,5.010000228881836,5.320000171661377,5.320000171661377,20400
2025-04-21,5.170000076293945,5.25600004196167,4.78000020980835,4.809999942779541,4.809999942779541,31900
2025-04-22,4.860000133514404,5.25,4.849999904632568,5.230000019073486,5.230000019073486,41700
2025-04-23,5.28000020980835,5.340000152587891,5.0,5.079999923706055,5.079999923706055,26700
2025-04-24,5.110000133514404,5.300000190734863,4.75,4.949999809265137,4.949999809265137,23800
2025-04-25,4.869999885559082,4.940000057220459,4.610000133514404,4.829999923706055,4.829999923706055,13200
2025-04-28,4.798999786376953,5.195000171661377,4.670000076293945,5.150000095367432,5.150000095367432,27000
2025-04-29,5.119999885559082,5.21999979019165,4.900000095367432,4.909999847412109,4.909999847412109,17100
2025-04-30,4.820000171661377,4.900000095367432,4.570000171661377,4.590000152587891,4.590000152587891,28000
2025-05-01,4.670000076293945,4.829999923706055,4.550000190734863,4.650000095367432,4.650000095367432,12900
2025-05-02,4.789999961853027,4.877999782562256,4.28000020980835,4.309999942779541,4.309999942779541,41200
2025-05-05,4.28000020980835,4.309999942779541,3.8499999046325684,3.9000000953674316,3.9000000953674316,38000
2025-05-06,3.859999895095825,4.150000095367432,3.809999942779541,3.940000057220459,3.940000057220459,47100
2025-05-07,3.9700000286102295,4.110000133514404,3.759999990463257,3.950000047683716,3.950000047683716,27700
2025-05-08,3.9800000190734863,4.099999904632568,3.9600000381469727,3.990000009536743,3.990000009536743,34400
2025-05-09,3.950000047683716,4.0,3.890000104904175,3.890000104904175,3.890000104904175,17300
2025-05-12,4.170000076293945,4.230000019073486,3.950000047683716,4.039999961853027,4.039999961853027,22800
2025-05-13,4.179999828338623,4.179999828338623,3.9000000953674316,3.9800000190734863,3.9800000190734863,31500
2025-05-14,3.9200000762939453,4.09499979019165,3.877000093460083,3.930000066757202,3.930000066757202,25100
2025-05-15,3.9149999618530273,4.159999847412109,3.859999895095825,4.159999847412109,4.159999847412109,15100
2025-05-16,4.150000095367432,4.164000034332275,3.990000009536743,3.990000009536743,3.990000009536743,35100
2025-05-19,3.9200000762939453,4.11899995803833,3.9100000858306885,4.039999961853027,4.039999961853027,18100
2025-05-20,3.9600000381469727,4.059999942779541,3.934999942779541,4.059999942779541,4.059999942779541,32300
2025-05-21,3.990000009536743,4.119999885559082,3.8499999046325684,3.9800000190734863,3.9800000190734863,42400
2025-05-22,4.050000190734863,4.139999866485596,4.050000190734863,4.050000190734863,4.050000190734863,30900
2025-05-23,3.950000047683716,4.059999942779541,3.950000047683716,4.050000190734863,4.050000190734863,53800
2025-05-27,4.159999847412109,4.179999828338623,4.010000228881836,4.170000076293945,4.170000076293945,26900
2025-05-28,4.099999904632568,4.480000019073486,4.059999942779541,4.440000057220459,4.440000057220459,31300
2025-05-29,4.570000171661377,5.005000114440918,4.505000114440918,4.989999771118164,4.989999771118164,30700
2025-05-30,4.980000019073486,5.130000114440918,4.570000171661377,4.920000076293945,4.920000076293945,34100
2025-06-02,5.039999961853027,5.320000171661377,4.760000228881836,4.949999809265137,4.949999809265137,32300
2025-06-03,4.860000133514404,5.460000038146973,4.860000133514404,5.449999809265137,5.449999809265137,29400
2025-06-04,5.440000057220459,5.440000057220459,5.104000091552734,5.25,5.25,15200
2025-06-05,5.28000020980835,5.318999767303467,4.849999904632568,4.909999847412109,4.909999847412109,16100
2025-06-06,4.989999771118164,5.271999835968018,4.989999771118164,5.190000057220459,5.190000057220459,16400
2025-06-09,5.159999847412109,5.449999809265137,5.045000076293945,5.420000076293945,5.420000076293945,14700
2025-06-10,5.5,5.650000095367432,5.35699987411499,5.539999961853027,5.539999961853027,16500
2025-06-11,5.519999980926514,5.6579999923706055,5.260000228881836,5.349999904632568,5.349999904632568,22600
2025-06-12,5.269999980926514,5.380000114440918,5.090000152587891,5.119999885559082,5.119999885559082,20100
2025-06-13,5.409999847412109,5.420000076293945,5.203000068664551,5.300000190734863,5.300000190734863,27500
2025-06-16,5.570000171661377,5.619999885559082,5.309999942779541,5.619999885559082,5.619999885559082,14200
2025-06-17,5.800000190734863,5.800000190734863,5.570000171661377,5.630000114440918,5.630000114440918,14900
2025-06-18,5.639999866485596,5.75,5.53000020980835,5.75,5.75,11800
2025-06-20,5.710000038146973,5.75,5.5,5.53000020980835,5.53000020980835,37200
2025-06-23,5.630000114440918,5.71999979019165,5.40500020980835,5.71999979019165,5.71999979019165,25700
2025-06-24,5.570000171661377,5.639999866485596,5.289999961853027,5.570000171661377,5.570000171661377,27800
2025-06-25,5.46999979019165,5.554999828338623,5.25,5.300000190734863,5.300000190734863,12600
2025-06-26,5.309999942779541,5.639999866485596,5.260000228881836,5.570000171661377,5.570000171661377,17500
2025-06-27,5.579999923706055,5.590000152587891,5.190000057220459,5.519999980926514,5.519999980926514,116700
2025-06-30,5.5,5.5,5.28000020980835,5.28000020980835,5.28000020980835,26700
2025-07-01,5.309999942779541,5.510000228881836,5.210000038146973,5.309999942779541,5.309999942779541,13900
2025-07-02,5.230000019073486,5.449999809265137,5.064000129699707,5.389999866485596,5.389999866485596,60700
2025-07-03,5.494999885559082,5.630000114440918,5.420000076293945,5.630000114440918,5.630000114440918,11000
2025-07-07,5.5,5.9029998779296875,5.5,5.739999771118164,5.739999771118164,42100
2025-07-08,5.769999980926514,6.019999980926514,5.630000114440918,5.650000095367432,5.650000095367432,41600
2025-07-09,5.679999828338623,6.309999942779541,5.53000020980835,6.130000114440918,6.130000114440918,23200
2025-07-10,6.019999980926514,6.019999980926514,5.40500020980835,5.53000020980835,5.53000020980835,30000
2025-07-11,5.559999942779541,5.74399995803833,5.210000038146973,5.320000171661377,5.320000171661377,32900
2025-07-14,5.21999979019165,5.559999942779541,5.21999979019165,5.400000095367432,5.400000095367432,10700
2025-07-15,5.429999828338623,5.429999828338623,5.050000190734863,5.050000190734863,5.050000190734863,18300
2025-07-16,5.050000190734863,5.340000152587891,4.900000095367432,5.150000095367432,5.150000095367432,27600
2025-07-17,5.239999771118164,5.375999927520752,5.010000228881836,5.019999980926514,5.019999980926514,34500
2025-07-18,5.239999771118164,5.269999980926514,4.869999885559082,4.869999885559082,4.869999885559082,31900
2025-07-21,4.46999979019165,4.949999809265137,4.46999979019165,4.809999942779541,4.809999942779541,53700
2025-07-22,4.800000190734863,5.340000152587891,4.800000190734863,5.099999904632568,5.099999904632568,35200
2025-07-23,5.159999847412109,5.184999942779541,4.820000171661377,4.920000076293945,4.920000076293945,17600
2025-07-24,4.900000095367432,5.050000190734863,4.885000228881836,4.960000038146973,4.960000038146973,19000
2025-07-25,5.0,5.059999942779541,4.835000038146973,4.96999979019165,4.96999979019165,10800
2025-07-28,5.019999980926514,5.25,4.929999828338623,5.150000095367432,5.150000095367432,14200
2025-07-29,5.230000019073486,5.230000019073486,4.900000095367432,4.900000095367432,4.900000095367432,12000
2025-07-30,5.019999980926514,5.125,4.670000076293945,4.670000076293945,4.670000076293945,18200
2025-07-31,4.670000076293945,4.989999771118164,4.519999980926514,4.519999980926514,4.519999980926514,24900
2025-08-01,4.409999847412109,4.730000019073486,4.369999885559082,4.409999847412109,4.409999847412109,36500
2025-08-04,4.46999979019165,4.699999809265137,4.46999979019165,4.489999771118164,4.489999771118164,16400
2025-08-05,4.534999847412109,4.559999942779541,4.400000095367432,4.420000076293945,4.420000076293945,15500
2025-08-06,4.400000095367432,4.7270002365112305,4.400000095367432,4.46999979019165,4.46999979019165,13400
2025-08-07,4.550000190734863,4.550000190734863,4.320000171661377,4.349999904632568,4.349999904632568,20000
2025-08-08,4.429999828338623,4.738999843597412,4.409999847412109,4.519999980926514,4.519999980926514,16300
2025-08-11,4.599999904632568,4.771999835968018,4.110000133514404,4.610000133514404,4.610000133514404,39400
2025-08-12,4.659999847412109,4.869999885559082,4.659999847412109,4.840000152587891,4.840000152587891,22300
2025-08-13,4.900000095367432,5.0,4.84499979019165,4.96999979019165,4.96999979019165,13400
2025-08-14,4.96999979019165,4.96999979019165,4.6519999504089355,4.71999979019165,4.71999979019165,16600
2025-08-15,4.849999904632568,5.179999828338623,4.849999904632568,5.070000171661377,5.070000171661377,24800
2025-08-18,5.019999980926514,5.138999938964844,4.849999904632568,4.889999866485596,4.889999866485596,18400
2025-08-19,4.460000038146973,4.861999988555908,4.460000038146973,4.630000114440918,4.630000114440918,14600
2025-08-20,4.679999828338623,4.789999961853027,4.620999813079834,4.730000019073486,4.730000019073486,7500
2025-08-21,4.75,4.927999973297119,4.710000038146973,4.760000228881836,4.760000228881836,14400
2025-08-22,5.03000020980835,5.599999904632568,5.03000020980835,5.599999904632568,5.599999904632568,42500
2025-08-25,5.46999979019165,5.486999988555908,5.039999961853027,5.090000152587891,5.090000152587891,28500
2025-08-26,5.179999828338623,5.400000095367432,4.860000133514404,4.960000038146973,4.960000038146973,19700
2025-08-27,4.929999828338623,5.085000038146973,4.880000114440918,4.889999866485596,4.889999866485596,17200
2025-08-28,4.940000057220459,5.230000019073486,4.849999904632568,5.190000057220459,5.190000057220459,28400
2025-08-29,5.199999809265137,5.360000133514404,4.949999809265137,5.050000190734863,5.050000190734863,14600
2025-09-02,5.0,5.25,4.949999809265137,4.949999809265137,4.949999809265137,12600
2025-09-03,4.920000076293945,5.297999858856201,4.800000190734863,4.800000190734863,4.800000190734863,15500
2025-09-04,4.829999923706055,4.960000038146973,4.75,4.949999809265137,4.949999809265137,12800
2025-09-05,4.920000076293945,5.0,4.809999942779541,4.960000038146973,4.960000038146973,10200
2025-09-08,4.869999885559082,4.869999885559082,4.389999866485596,4.510000228881836,4.510000228881836,55000
2025-09-09,4.460000038146973,4.479000091552734,4.204999923706055,4.210000038146973,4.210000038146973,27000
2025-09-10,4.190000057220459,4.584000110626221,4.03000020980835,4.090000152587891,4.090000152587891,40800
2025-09-11,4.03000020980835,4.260000228881836,4.03000020980835,4.239999771118164,4.239999771118164,34400
2025-09-12,4.289999961853027,4.410999774932861,4.059999942779541,4.059999942779541,4.059999942779541,27400
2025-09-15,4.150000095367432,4.300000190734863,3.799999952316284,4.110000133514404,4.110000133514404,83300
2025-09-16,4.159999847412109,4.260000228881836,3.940000057220459,4.110000133514404,4.110000133514404,62400
2025-09-17,4.150000095367432,4.175000190734863,4.0,4.050000190734863,4.050000190734863,64700
2025-09-18,4.079999923706055,4.25,4.0,4.110000133514404,4.110000133514404,52400
2025-09-19,4.150000095367432,4.380000114440918,4.0,4.320000171661377,4.320000171661377,288000
2025-09-22,4.550000190734863,4.619999885559082,4.414000034332275,4.550000190734863,4.550000190734863,43800
2025-09-23,4.550000190734863,4.909999847412109,4.5,4.590000152587891,4.590000152587891,37900
2025-09-24,4.519999980926514,4.849999904632568,4.5,4.670000076293945,4.670000076293945,22600
2025-09-25,4.619999885559082,4.679999828338623,4.513999938964844,4.679999828338623,4.679999828338623,12200
2025-09-26,4.710000038146973,4.849999904632568,4.559999942779541,4.820000171661377,4.820000171661377,15000
2025-09-29,4.849999904632568,4.849999904632568,4.5,4.610000133514404,4.610000133514404,16400
2025-09-30,4.599999904632568,4.75,4.460000038146973,4.519999980926514,4.519999980926514,27700
2025-10-01,4.489999771118164,4.659999847412109,4.389999866485596,4.389999866485596,4.389999866485596,37200
2025-10-02,4.389999866485596,4.510000228881836,4.059999942779541,4.070000171661377,4.070000171661377,54500
2025-10-03,4.110000133514404,4.449999809265137,4.110000133514404,4.360000133514404,4.360000133514404,35600
2025-10-06,4.380000114440918,4.579999923706055,4.199999809265137,4.260000228881836,4.260000228881836,33500
2025-10-07,4.260000228881836,4.380000114440918,4.039999961853027,4.039999961853027,4.039999961853027,43100
2025-10-08,4.090000152587891,4.441999912261963,4.090000152587891,4.139999866485596,4.139999866485596,33100
2025-10-09,4.159999847412109,4.519999980926514,4.079999923706055,4.159999847412109,4.159999847412109,57500
2025-10-10,4.130000114440918,4.199999809265137,3.6700000762939453,3.7699999809265137,3.7699999809265137,73500
2025-10-13,3.9000000953674316,4.03000020980835,3.7699999809265137,4.03000020980835,4.03000020980835,22500
2025-10-14,3.890000104904175,4.0289998054504395,3.799999952316284,3.819999933242798,3.819999933242798,26700
2025-10-15,3.75,3.950000047683716,3.700000047683716,3.9100000858306885,3.9100000858306885,45700
2025-10-16,3.930000066757202,3.930000066757202,3.505000114440918,3.5199999809265137,3.5199999809265137,66700
2025-10-17,3.549999952316284,3.690000057220459,3.549999952316284,3.609999895095825,3.609999895095825,61100
2025-10-20,3.680000066757202,3.759999990463257,3.5,3.7200000286102295,3.7200000286102295,40900
2025-10-21,3.75,3.819999933242798,3.5999999046325684,3.609999895095825,3.609999895095825,35600
2025-10-22,3.6700000762939453,3.984999895095825,3.5999999046325684,3.930000066757202,3.930000066757202,43400
2025-10-23,3.9700000286102295,4.0,3.799999952316284,3.8299999237060547,3.8299999237060547,19400
2025-10-24,3.9100000858306885,4.079999923706055,3.7300000190734863,3.8299999237060547,3.8299999237060547,21300
2025-10-27,3.859999895095825,3.859999895095825,3.559999942779541,3.569999933242798,3.569999933242798,13000
2025-10-28,3.5899999141693115,3.6540000438690186,3.380000114440918,3.450000047683716,3.450000047683716,37700
2025-10-29,3.450000047683716,3.5450000762939453,3.2200000286102295,3.25,3.25,47700
2025-10-30,3.259999990463257,3.390000104904175,2.9000000953674316,2.930000066757202,2.930000066757202,37400
2025-10-31,2.990000009536743,3.0899999141693115,2.9149999618530273,3.009999990463257,3.009999990463257,37900
2025-11-03,3.009999990463257,3.128999948501587,2.799999952316284,3.049999952316284,3.049999952316284,113600
2025-11-04,3.059999942779541,3.1589999198913574,3.0,3.0899999141693115,3.0899999141693115,36300
2025-11-05,3.0999999046325684,3.200000047683716,3.0,3.180000066757202,3.180000066757202,34600
2025-11-06,3.109999895095825,3.2200000286102295,3.009999990463257,3.130000114440918,3.130000114440918,45800
2025-11-07,3.119999885559082,3.2200000286102295,3.0199999809265137,3.1600000858306885,3.1600000858306885,30300
2025-11-10,3.3499999046325684,3.5399999618530273,3.1600000858306885,3.490000009536743,3.490000009536743,25800
2025-11-11,3.5899999141693115,3.609999895095825,3.299999952316284,3.3399999141693115,3.3399999141693115,45300
2025-11-12,3.3499999046325684,3.5399999618530273,3.0999999046325684,3.1500000953674316,3.1500000953674316,41400
2025-11-13,3.109999895095825,3.4200000762939453,3.0,3.0999999046325684,3.0999999046325684,27500
2025-11-14,3.0399999618530273,3.2899999618530273,2.7799999713897705,2.859999895095825,2.859999895095825,105400
2025-11-17,2.9000000953674316,3.2750000953674316,2.9000000953674316,2.940000057220459,2.940000057220459,37400
2025-11-18,2.950000047683716,3.3499999046325684,2.950000047683716,3.2100000381469727,3.2100000381469727,34800
2025-11-19,3.140000104904175,3.259999990463257,3.0299999713897705,3.0299999713897705,3.0299999713897705,26200
2025-11-20,3.0999999046325684,3.239000082015991,2.9100000858306885,2.9100000858306885,2.9100000858306885,25600
2025-11-21,2.930000066757202,3.3299999237060547,2.930000066757202,3.259999990463257,3.259999990463257,47000
2025-11-24,3.309999942779541,3.375,3.0399999618530273,3.0399999618530273,3.0399999618530273,38900
2025-11-25,3.0199999809265137,3.1470000743865967,2.990000009536743,3.049999952316284,3.049999952316284,14000
2025-11-26,3.049999952316284,3.119999885559082,2.990999937057495,3.0,3.0,24100
2025-11-28,3.049999952316284,3.0880000591278076,3.0,3.0,3.0,10500
2025-12-01,3.009999990463257,3.1689999103546143,2.9600000381469727,3.0399999618530273,3.0399999618530273,21000
2025-12-02,3.0999999046325684,3.0999999046325684,2.8589999675750732,3.0299999713897705,3.0299999713897705,35200
2025-12-03,3.0799999237060547,3.2300000190734863,3.0480000972747803,3.2300000190734863,3.2300000190734863,29300
2025-12-04,3.2300000190734863,3.25,3.0399999618530273,3.1600000858306885,3.1600000858306885,18600
2025-12-05,3.2300000190734863,3.369999885559082,3.109999895095825,3.140000104904175,3.140000104904175,42300
2025-12-08,3.119999885559082,3.259999990463257,3.119999885559082,3.2200000286102295,3.2200000286102295,17000
2025-12-09,3.25,3.5,3.240000009536743,3.240000009536743,3.240000009536743,20300
2025-12-10,3.2300000190734863,3.309999942779541,3.1500000953674316,3.1500000953674316,3.1500000953674316,36400
2025-12-11,3.2200000286102295,3.2699999809265137,3.0799999237060547,3.2100000381469727,3.2100000381469727,41600
2025-12-12,3.25,3.3499999046325684,3.0899999141693115,3.319999933242798,3.319999933242798,34500
2025-12-15,3.3299999237060547,3.4000000953674316,3.200000047683716,3.2899999618530273,3.2899999618530273,28300
2025-12-16,3.2699999809265137,3.2799999713897705,3.121999979019165,3.259999990463257,3.259999990463257,28800
2025-12-17,3.119999885559082,3.2200000286102295,3.0399999618530273,3.1500000953674316,3.1500000953674316,48900
2025-12-18,3.1700000762939453,3.25,3.1019999980926514,3.180000066757202,3.180000066757202,26200
2025-12-19,3.1700000762939453,3.3299999237060547,2.950000047683716,3.0199999809265137,3.0199999809265137,122300
2025-12-22,3.069999933242798,3.25,2.8499999046325684,2.869999885559082,2.869999885559082,41700
2025-12-23,2.9100000858306885,3.1700000762939453,2.869999885559082,3.119999885559082,3.119999885559082,58800
2025-12-24,3.0799999237060547,3.1440000534057617,3.0399999618530273,3.049999952316284,3.049999952316284,11700
2025-12-26,3.0799999237060547,3.1630001068115234,2.9700000286102295,2.990000009536743,2.990000009536743,28100
2025-12-29,2.9100000858306885,3.059000015258789,2.9100000858306885,3.049999952316284,3.049999952316284,34100
2025-12-30,3.0799999237060547,3.140000104904175,3.0,3.0,3.0,94800
