date,open,high,low,close,adj_close,volume
,FXBY,FXBY,FXBY,FXBY,FXBY,FXBY
2020-01-02,11.149999618530273,11.149999618530273,11.149999618530273,11.149999618530273,8.526056289672852,0
2020-01-03,11.149999618530273,11.149999618530273,11.149999618530273,11.149999618530273,8.526056289672852,0
2020-01-06,11.199999809265137,11.25,11.199999809265137,11.25,8.602523803710938,400
2020-01-07,11.25,11.25,11.25,11.25,8.602523803710938,0
2020-01-08,11.350000381469727,11.350000381469727,11.350000381469727,11.350000381469727,8.678991317749023,400
2020-01-09,11.350000381469727,11.350000381469727,11.350000381469727,11.350000381469727,8.678991317749023,0
2020-01-10,11.350000381469727,11.399999618530273,11.350000381469727,11.350000381469727,8.678991317749023,2420
2020-01-13,11.350000381469727,11.350000381469727,11.350000381469727,11.350000381469727,8.678991317749023,0
2020-01-14,11.350000381469727,11.350000381469727,11.350000381469727,11.350000381469727,8.678991317749023,0
2020-01-15,11.5,11.5,11.5,11.5,8.793689727783203,1900
2020-01-16,11.5,11.5,11.5,11.5,8.793689727783203,0
2020-01-17,11.5,11.5,11.5,11.5,8.793689727783203,0
2020-01-21,11.5,11.5,11.449999809265137,11.449999809265137,8.755456924438477,400
2020-01-22,11.449999809265137,11.449999809265137,11.449999809265137,11.449999809265137,8.755456924438477,2020
2020-01-23,11.449999809265137,11.449999809265137,11.449999809265137,11.449999809265137,8.755456924438477,0
2020-01-24,11.449999809265137,11.449999809265137,11.449999809265137,11.449999809265137,8.755456924438477,0
2020-01-27,11.449999809265137,11.449999809265137,11.449999809265137,11.449999809265137,8.755456924438477,0
2020-01-28,11.449999809265137,11.5,11.449999809265137,11.5,8.793689727783203,100
2020-01-29,11.5,11.5,11.5,11.5,8.793689727783203,20
2020-01-30,11.5,11.5,11.5,11.5,8.793689727783203,20
2020-01-31,11.5,11.5,11.5,11.5,8.793689727783203,0
2020-02-03,11.449999809265137,11.449999809265137,11.449999809265137,11.449999809265137,8.755456924438477,60
2020-02-04,11.449999809265137,11.449999809265137,11.449999809265137,11.449999809265137,8.755456924438477,0
2020-02-05,11.449999809265137,11.449999809265137,11.449999809265137,11.449999809265137,8.755456924438477,0
2020-02-06,11.5,11.5,11.5,11.5,8.793689727783203,160
2020-02-07,11.5,11.5,11.5,11.5,8.793689727783203,20
2020-02-10,11.649999618530273,11.699999809265137,11.600000381469727,11.699999809265137,8.946624755859375,880
2020-02-11,11.699999809265137,11.699999809265137,11.699999809265137,11.699999809265137,8.946624755859375,0
2020-02-12,11.699999809265137,11.699999809265137,11.699999809265137,11.699999809265137,8.946624755859375,0
2020-02-13,11.699999809265137,11.699999809265137,11.699999809265137,11.699999809265137,8.946624755859375,0
2020-02-14,11.699999809265137,11.699999809265137,11.699999809265137,11.699999809265137,8.946624755859375,0
2020-02-18,11.649999618530273,11.649999618530273,11.649999618530273,11.649999618530273,8.908390045166016,40
2020-02-19,11.649999618530273,11.649999618530273,11.649999618530273,11.649999618530273,8.908390045166016,0
2020-02-20,11.649999618530273,11.649999618530273,11.649999618530273,11.649999618530273,8.908390045166016,160
2020-02-21,11.649999618530273,11.649999618530273,11.649999618530273,11.649999618530273,8.908390045166016,0
2020-02-24,11.649999618530273,11.649999618530273,11.5,11.5,8.793689727783203,2640
2020-02-25,11.300000190734863,11.5,11.199999809265137,11.5,8.793689727783203,11640
2020-02-26,11.25,11.449999809265137,11.25,11.449999809265137,8.755456924438477,200
2020-02-27,11.149999618530273,11.149999618530273,11.149999618530273,11.149999618530273,8.526056289672852,220
2020-02-28,11.100000381469727,11.100000381469727,10.800000190734863,10.800000190734863,8.2584228515625,3340
2020-03-02,11.0,11.75,11.0,11.75,8.984858512878418,100
2020-03-03,11.75,11.75,11.75,11.75,8.984858512878418,0
2020-03-04,11.75,11.75,11.75,11.75,8.984858512878418,0
2020-03-05,11.75,11.75,11.75,11.75,8.984858512878418,0
2020-03-06,10.850000381469727,11.050000190734863,10.75,10.899999618530273,8.334890365600586,1840
2020-03-09,10.25,10.25,9.550000190734863,9.550000190734863,7.302586555480957,160
2020-03-10,10.0,10.0,10.0,10.0,7.6466875076293945,200
2020-03-11,9.600000381469727,9.600000381469727,9.399999618530273,9.399999618530273,7.187885284423828,40
2020-03-12,9.25,9.25,9.25,9.25,7.07318639755249,200
2020-03-13,9.25,9.25,9.25,9.25,7.07318639755249,220
2020-03-16,8.699999809265137,8.699999809265137,8.100000381469727,8.100000381469727,6.193817138671875,120
2020-03-17,8.100000381469727,8.100000381469727,8.100000381469727,8.100000381469727,6.193817138671875,0
2020-03-18,8.550000190734863,8.550000190734863,8.100000381469727,8.100000381469727,6.193817138671875,40
2020-03-19,8.100000381469727,8.100000381469727,8.100000381469727,8.100000381469727,6.193817138671875,0
2020-03-20,8.100000381469727,8.100000381469727,8.100000381469727,8.100000381469727,6.193817138671875,0
2020-03-23,8.100000381469727,8.100000381469727,8.100000381469727,8.100000381469727,6.193817138671875,0
2020-03-24,8.100000381469727,8.100000381469727,8.100000381469727,8.100000381469727,6.193817138671875,0
2020-03-25,7.5,7.5,7.25,7.25,5.543848991394043,40
2020-03-26,7.25,7.25,7.25,7.25,5.543848991394043,0
2020-03-27,7.25,7.25,7.25,7.25,5.543848991394043,0
2020-03-30,7.25,7.25,7.25,7.25,5.543848991394043,0
2020-03-31,7.25,7.25,7.25,7.25,5.543848991394043,0
2020-04-01,7.25,7.25,7.25,7.25,5.543848991394043,0
2020-04-02,7.25,7.25,7.25,7.25,5.543848991394043,0
2020-04-03,7.75,7.75,7.75,7.75,5.926183223724365,20
2020-04-06,7.300000190734863,7.300000190734863,7.300000190734863,7.300000190734863,5.582082271575928,200
2020-04-07,7.5,7.5,7.5,7.5,5.735015869140625,40
2020-04-08,7.400000095367432,7.900000095367432,7.400000095367432,7.900000095367432,6.0408830642700195,460
2020-04-09,7.900000095367432,7.900000095367432,7.900000095367432,7.900000095367432,6.0408830642700195,0
2020-04-13,7.900000095367432,7.900000095367432,7.900000095367432,7.900000095367432,6.0408830642700195,0
2020-04-14,7.900000095367432,7.900000095367432,7.900000095367432,7.900000095367432,6.0408830642700195,0
2020-04-15,7.5,7.75,6.349999904632568,6.900000095367432,5.276214599609375,6580
2020-04-16,7.150000095367432,7.400000095367432,7.150000095367432,7.349999904632568,5.6203155517578125,880
2020-04-17,7.5,7.5,7.5,7.5,5.735015869140625,360
2020-04-20,7.5,7.5,7.5,7.5,5.735015869140625,0
2020-04-21,7.5,7.550000190734863,6.75,7.550000190734863,5.773249626159668,760
2020-04-22,7.5,7.550000190734863,6.75,7.550000190734863,5.773249626159668,2020
2020-04-23,7.5,7.550000190734863,7.5,7.550000190734863,5.773249626159668,400
2020-04-24,7.550000190734863,7.550000190734863,7.550000190734863,7.550000190734863,5.773249626159668,0
2020-04-27,7.75,7.75,7.75,7.75,5.926183223724365,40
2020-04-28,7.699999809265137,7.699999809265137,7.699999809265137,7.699999809265137,5.887949466705322,60
2020-04-29,8.25,8.25,8.25,8.25,6.3085174560546875,200
2020-04-30,8.25,8.25,8.25,8.25,6.3085174560546875,0
2020-05-01,8.25,8.25,8.25,8.25,6.3085174560546875,0
2020-05-04,8.25,8.25,8.25,8.25,6.3085174560546875,0
2020-05-05,8.25,8.25,8.25,8.25,6.3085174560546875,0
2020-05-06,8.25,8.25,8.25,8.25,6.3085174560546875,0
2020-05-07,8.25,8.25,8.25,8.25,6.3085174560546875,0
2020-05-08,8.25,8.25,8.25,8.25,6.3085174560546875,0
2020-05-11,8.25,8.25,8.25,8.25,6.3085174560546875,0
2020-05-12,8.25,8.25,8.25,8.25,6.3085174560546875,0
2020-05-13,8.050000190734863,8.050000190734863,8.050000190734863,8.050000190734863,6.155583381652832,200
2020-05-14,8.050000190734863,8.050000190734863,8.050000190734863,8.050000190734863,6.155583381652832,0
2020-05-15,8.050000190734863,8.050000190734863,8.050000190734863,8.050000190734863,6.155583381652832,0
2020-05-18,8.050000190734863,8.050000190734863,8.050000190734863,8.050000190734863,6.155583381652832,0
2020-05-19,8.050000190734863,8.050000190734863,8.050000190734863,8.050000190734863,6.155583381652832,0
2020-05-20,8.25,8.25,8.25,8.25,6.3085174560546875,100
2020-05-21,8.25,8.25,8.25,8.25,6.3085174560546875,0
2020-05-22,8.050000190734863,8.199999809265137,8.050000190734863,8.199999809265137,6.2702836990356445,720
2020-05-26,8.199999809265137,8.199999809265137,8.199999809265137,8.199999809265137,6.2702836990356445,0
2020-05-27,8.199999809265137,8.199999809265137,8.199999809265137,8.199999809265137,6.2702836990356445,0
2020-05-28,8.199999809265137,8.199999809265137,8.199999809265137,8.199999809265137,6.2702836990356445,0
2020-05-29,8.199999809265137,8.199999809265137,8.199999809265137,8.199999809265137,6.2702836990356445,0
2020-06-01,8.199999809265137,8.199999809265137,8.199999809265137,8.199999809265137,6.2702836990356445,0
2020-06-02,8.199999809265137,8.199999809265137,8.199999809265137,8.199999809265137,6.2702836990356445,0
2020-06-03,8.199999809265137,8.199999809265137,8.199999809265137,8.199999809265137,6.2702836990356445,0
2020-06-04,8.199999809265137,8.199999809265137,8.199999809265137,8.199999809265137,6.2702836990356445,0
2020-06-05,9.5,9.600000381469727,9.5,9.600000381469727,7.3408203125,360
2020-06-08,8.75,8.800000190734863,8.75,8.800000190734863,6.7290849685668945,100
2020-06-09,8.800000190734863,8.800000190734863,8.800000190734863,8.800000190734863,6.7290849685668945,0
2020-06-10,9.649999618530273,9.649999618530273,9.649999618530273,9.649999618530273,7.379053115844727,60
2020-06-11,9.050000190734863,9.050000190734863,8.350000381469727,9.0,6.882018089294434,1120
2020-06-12,9.0,9.0,9.0,9.0,6.882018089294434,0
2020-06-15,9.0,9.0,9.0,9.0,6.882018089294434,0
2020-06-16,9.0,9.0,9.0,9.0,6.882018089294434,0
2020-06-17,9.0,9.0,9.0,9.0,6.882018089294434,0
2020-06-18,9.0,9.0,9.0,9.0,6.882018089294434,0
2020-06-19,9.0,9.0,9.0,9.0,6.882018089294434,0
2020-06-22,9.0,9.0,9.0,9.0,6.882018089294434,0
2020-06-23,9.5,9.600000381469727,9.5,9.600000381469727,7.3408203125,620
2020-06-24,9.600000381469727,9.600000381469727,9.600000381469727,9.600000381469727,7.3408203125,0
2020-06-25,9.600000381469727,9.600000381469727,9.600000381469727,9.600000381469727,7.3408203125,0
2020-06-26,9.75,9.75,9.75,9.75,7.455520153045654,180
2020-06-29,9.75,9.75,9.75,9.75,7.455520153045654,0
2020-06-30,9.75,9.75,9.75,9.75,7.455520153045654,0
2020-07-01,9.75,9.75,9.75,9.75,7.455520153045654,0
2020-07-02,9.75,9.75,9.75,9.75,7.455520153045654,0
2020-07-06,9.75,9.75,9.75,9.75,7.455520153045654,0
2020-07-07,9.75,9.75,9.75,9.75,7.455520153045654,0
2020-07-08,9.75,9.75,9.75,9.75,7.455520153045654,0
2020-07-09,9.75,9.75,9.75,9.75,7.455520153045654,0
2020-07-10,9.75,9.75,9.75,9.75,7.455520153045654,0
2020-07-13,9.75,9.75,9.75,9.75,7.455520153045654,0
2020-07-14,9.75,9.75,9.75,9.75,7.455520153045654,400
2020-07-15,9.699999809265137,9.75,9.699999809265137,9.75,7.455520153045654,60
2020-07-16,9.850000381469727,9.899999618530273,9.850000381469727,9.899999618530273,7.570219993591309,60
2020-07-17,9.899999618530273,9.899999618530273,9.899999618530273,9.899999618530273,7.570219993591309,0
2020-07-20,9.550000190734863,9.550000190734863,9.550000190734863,9.550000190734863,7.302586555480957,220
2020-07-21,9.550000190734863,9.550000190734863,9.550000190734863,9.550000190734863,7.302586555480957,0
2020-07-22,9.550000190734863,9.550000190734863,9.550000190734863,9.550000190734863,7.302586555480957,0
2020-07-23,9.550000190734863,9.550000190734863,9.550000190734863,9.550000190734863,7.302586555480957,0
2020-07-24,9.550000190734863,9.550000190734863,9.550000190734863,9.550000190734863,7.302586555480957,0
2020-07-27,9.550000190734863,9.550000190734863,9.550000190734863,9.550000190734863,7.302586555480957,0
2020-07-28,9.550000190734863,9.550000190734863,9.550000190734863,9.550000190734863,7.302586555480957,0
2020-07-29,9.550000190734863,9.550000190734863,9.550000190734863,9.550000190734863,7.302586555480957,0
2020-07-30,9.550000190734863,9.550000190734863,9.550000190734863,9.550000190734863,7.302586555480957,0
2020-07-31,9.550000190734863,9.550000190734863,9.550000190734863,9.550000190734863,7.302586555480957,0
2020-08-03,9.600000381469727,9.600000381469727,9.600000381469727,9.600000381469727,7.3408203125,60
2020-08-04,9.75,9.75,9.75,9.75,7.455520153045654,20
2020-08-05,9.75,9.75,9.75,9.75,7.455520153045654,0
2020-08-06,9.75,9.75,9.75,9.75,7.455520153045654,0
2020-08-07,9.649999618530273,9.649999618530273,8.149999618530273,9.399999618530273,7.187885284423828,1880
2020-08-10,9.399999618530273,9.399999618530273,9.399999618530273,9.399999618530273,7.187885284423828,0
2020-08-11,9.399999618530273,9.399999618530273,9.399999618530273,9.399999618530273,7.187885284423828,0
2020-08-12,9.5,9.5,9.5,9.5,7.264352798461914,620
2020-08-13,9.5,9.5,9.5,9.5,7.264352798461914,0
2020-08-14,9.699999809265137,9.699999809265137,9.550000190734863,9.600000381469727,7.3408203125,1000
2020-08-17,9.899999618530273,9.899999618530273,9.899999618530273,9.899999618530273,7.570219993591309,400
2020-08-18,9.899999618530273,9.899999618530273,9.899999618530273,9.899999618530273,7.570219993591309,0
2020-08-19,9.899999618530273,9.899999618530273,9.899999618530273,9.899999618530273,7.570219993591309,0
2020-08-20,9.75,9.75,9.75,9.75,7.455520153045654,400
2020-08-21,9.75,9.75,9.75,9.75,7.455520153045654,0
2020-08-24,9.75,9.75,9.75,9.75,7.455520153045654,200
2020-08-25,9.75,9.75,9.75,9.75,7.455520153045654,520
2020-08-26,11.5,11.5,11.5,11.5,8.793689727783203,20
2020-08-27,11.5,11.5,11.5,11.5,8.793689727783203,0
2020-08-28,10.25,10.25,10.25,10.25,7.837854385375977,1400
2020-08-31,10.0,10.0,10.0,10.0,7.6466875076293945,400
2020-09-01,9.75,9.75,9.75,9.75,7.455520153045654,740
2020-09-02,9.75,9.75,9.75,9.75,7.455520153045654,0
2020-09-03,9.75,9.75,9.75,9.75,7.455520153045654,0
2020-09-04,9.75,9.75,9.75,9.75,7.455520153045654,0
2020-09-08,9.75,9.75,9.75,9.75,7.455520153045654,0
2020-09-09,9.75,9.75,9.75,9.75,7.455520153045654,0
2020-09-10,9.949999809265137,9.949999809265137,9.949999809265137,9.949999809265137,7.608452796936035,80
2020-09-11,9.899999618530273,9.899999618530273,9.899999618530273,9.899999618530273,7.570219993591309,20
2020-09-14,9.899999618530273,9.899999618530273,9.899999618530273,9.899999618530273,7.570219993591309,0
2020-09-15,9.899999618530273,9.899999618530273,9.899999618530273,9.899999618530273,7.570219993591309,0
2020-09-16,9.949999809265137,9.949999809265137,9.949999809265137,9.949999809265137,7.608452796936035,600
2020-09-17,9.949999809265137,9.949999809265137,9.949999809265137,9.949999809265137,7.608452796936035,0
2020-09-18,9.949999809265137,9.949999809265137,9.949999809265137,9.949999809265137,7.608452796936035,0
2020-09-21,9.899999618530273,9.899999618530273,9.899999618530273,9.899999618530273,7.570219993591309,20
2020-09-22,9.899999618530273,9.899999618530273,9.899999618530273,9.899999618530273,7.570219993591309,0
2020-09-23,9.899999618530273,9.899999618530273,9.899999618530273,9.899999618530273,7.570219993591309,0
2020-09-24,9.75,9.75,9.5,9.5,7.264352798461914,40
2020-09-25,9.25,9.350000381469727,9.25,9.350000381469727,7.14965295791626,1420
2020-09-28,9.5,9.5,9.5,9.5,7.264352798461914,40
2020-09-29,9.600000381469727,9.600000381469727,9.5,9.5,7.264352798461914,200
2020-09-30,9.5,9.5,9.5,9.5,7.264352798461914,0
2020-10-01,9.5,9.5,9.5,9.5,7.264352798461914,0
2020-10-02,9.5,9.5,9.5,9.5,7.264352798461914,0
2020-10-05,10.0,10.0,10.0,10.0,7.6466875076293945,360
2020-10-06,10.0,10.449999809265137,10.0,10.449999809265137,7.990787982940674,60
2020-10-07,10.449999809265137,10.449999809265137,10.449999809265137,10.449999809265137,7.990787982940674,0
2020-10-08,10.449999809265137,10.449999809265137,10.449999809265137,10.449999809265137,7.990787982940674,0
2020-10-09,10.449999809265137,10.449999809265137,10.449999809265137,10.449999809265137,7.990787982940674,0
2020-10-12,10.449999809265137,10.449999809265137,10.449999809265137,10.449999809265137,7.990787982940674,0
2020-10-13,10.449999809265137,10.449999809265137,10.449999809265137,10.449999809265137,7.990787982940674,0
2020-10-14,10.449999809265137,10.449999809265137,10.449999809265137,10.449999809265137,7.990787982940674,0
2020-10-15,10.449999809265137,10.449999809265137,10.449999809265137,10.449999809265137,7.990787982940674,0
2020-10-16,10.449999809265137,10.449999809265137,10.449999809265137,10.449999809265137,7.990787982940674,0
2020-10-19,10.449999809265137,10.449999809265137,10.449999809265137,10.449999809265137,7.990787982940674,0
2020-10-20,10.449999809265137,10.449999809265137,10.449999809265137,10.449999809265137,7.990787982940674,0
2020-10-21,10.449999809265137,10.449999809265137,10.449999809265137,10.449999809265137,7.990787982940674,0
2020-10-22,10.449999809265137,10.449999809265137,10.449999809265137,10.449999809265137,7.990787982940674,0
2020-10-23,10.449999809265137,10.449999809265137,10.449999809265137,10.449999809265137,7.990787982940674,0
2020-10-26,10.449999809265137,10.449999809265137,10.449999809265137,10.449999809265137,7.990787982940674,300
2020-10-27,10.449999809265137,10.449999809265137,10.449999809265137,10.449999809265137,7.990787982940674,0
2020-10-28,10.449999809265137,10.449999809265137,10.449999809265137,10.449999809265137,7.990787982940674,0
2020-10-29,10.449999809265137,10.449999809265137,10.449999809265137,10.449999809265137,7.990787982940674,0
2020-10-30,9.850000381469727,9.850000381469727,9.850000381469727,9.850000381469727,7.531987190246582,200
2020-11-02,9.899999618530273,9.899999618530273,9.899999618530273,9.899999618530273,7.570219993591309,40
2020-11-03,10.300000190734863,10.649999618530273,10.300000190734863,10.649999618530273,8.143722534179688,100
2020-11-04,10.649999618530273,10.649999618530273,10.649999618530273,10.649999618530273,8.143722534179688,0
2020-11-05,10.25,10.25,9.899999618530273,9.899999618530273,7.570219993591309,140
2020-11-06,9.899999618530273,9.899999618530273,9.899999618530273,9.899999618530273,7.570219993591309,0
2020-11-09,9.899999618530273,9.899999618530273,9.899999618530273,9.899999618530273,7.570219993591309,0
2020-11-10,10.0,10.300000190734863,10.0,10.300000190734863,7.876089096069336,920
2020-11-11,10.300000190734863,10.300000190734863,10.300000190734863,10.300000190734863,7.876089096069336,0
2020-11-12,10.300000190734863,10.300000190734863,10.300000190734863,10.300000190734863,7.876089096069336,0
2020-11-13,10.300000190734863,10.300000190734863,10.300000190734863,10.300000190734863,7.876089096069336,0
2020-11-16,10.300000190734863,10.300000190734863,10.300000190734863,10.300000190734863,7.876089096069336,0
2020-11-17,10.350000381469727,10.350000381469727,10.350000381469727,10.350000381469727,7.914322376251221,20
2020-11-18,10.25,10.350000381469727,10.25,10.350000381469727,7.914322376251221,640
2020-11-19,10.350000381469727,10.350000381469727,10.350000381469727,10.350000381469727,7.914322376251221,0
2020-11-20,10.350000381469727,10.350000381469727,10.350000381469727,10.350000381469727,7.914322376251221,0
2020-11-23,10.350000381469727,10.350000381469727,10.350000381469727,10.350000381469727,7.914322376251221,1580
2020-11-24,10.350000381469727,10.399999618530273,10.050000190734863,10.050000190734863,7.684920787811279,2640
2020-11-25,10.050000190734863,10.050000190734863,10.050000190734863,10.050000190734863,7.684920787811279,0
2020-11-27,10.050000190734863,10.050000190734863,10.050000190734863,10.050000190734863,7.684920787811279,20
2020-11-30,10.050000190734863,10.050000190734863,10.050000190734863,10.050000190734863,7.684920787811279,0
2020-12-01,10.050000190734863,10.050000190734863,10.050000190734863,10.050000190734863,7.684920787811279,0
2020-12-02,10.300000190734863,10.300000190734863,10.199999809265137,10.199999809265137,7.799620628356934,1100
2020-12-03,10.399999618530273,10.399999618530273,10.399999618530273,10.399999618530273,7.952556133270264,480
2020-12-04,10.550000190734863,10.550000190734863,10.550000190734863,10.550000190734863,8.067255973815918,1060
2020-12-07,10.75,10.75,10.699999809265137,10.699999809265137,8.18195629119873,180
2020-12-08,10.75,11.649999618530273,10.75,11.0,8.411355972290039,1160
2020-12-09,11.0,11.0,11.0,11.0,8.411355972290039,0
2020-12-10,11.25,11.25,11.25,11.25,8.602523803710938,400
2020-12-11,11.25,11.25,11.25,11.25,8.602523803710938,0
2020-12-14,11.25,11.25,11.25,11.25,8.602523803710938,0
2020-12-15,11.25,11.25,11.25,11.25,8.602523803710938,0
2020-12-16,10.75,10.75,10.5,10.5,8.029022216796875,220
2020-12-17,10.5,10.5,10.5,10.5,8.029022216796875,0
2020-12-18,10.5,10.5,10.5,10.5,8.029022216796875,0
2020-12-21,10.5,10.5,10.5,10.5,8.029022216796875,0
2020-12-22,10.5,10.5,10.5,10.5,8.029022216796875,0
2020-12-23,10.5,10.5,10.5,10.5,8.029022216796875,0
2020-12-24,11.0,11.0,11.0,11.0,8.411355972290039,100
2020-12-28,11.0,11.0,11.0,11.0,8.411355972290039,900
2020-12-29,11.0,11.0,11.0,11.0,8.411355972290039,0
2020-12-30,11.0,11.0,11.0,11.0,8.411355972290039,0
2020-12-31,11.0,11.0,11.0,11.0,8.411355972290039,0
2021-01-04,11.0,11.0,11.0,11.0,8.411355972290039,0
2021-01-05,11.0,11.0,11.0,11.0,8.411355972290039,0
2021-01-06,11.0,11.0,11.0,11.0,8.411355972290039,0
2021-01-07,11.350000381469727,11.350000381469727,11.350000381469727,11.350000381469727,8.678991317749023,300
2021-01-08,11.449999809265137,11.5,11.449999809265137,11.5,8.793689727783203,220
2021-01-11,11.5,11.5,11.5,11.5,8.793689727783203,380
2021-01-12,11.5,11.5,11.5,11.5,8.793689727783203,0
2021-01-13,11.5,11.5,11.5,11.5,8.793689727783203,0
2021-01-14,11.550000190734863,11.550000190734863,11.5,11.5,8.793689727783203,60
2021-01-15,11.550000190734863,12.100000381469727,11.5,11.5,8.793689727783203,300
2021-01-19,11.5,11.5,11.5,11.5,8.793689727783203,0
2021-01-20,11.5,11.5,11.5,11.5,8.793689727783203,0
2021-01-21,11.5,11.5,11.5,11.5,8.793689727783203,0
2021-01-22,11.5,11.5,11.5,11.5,8.793689727783203,0
2021-01-25,11.5,11.5,11.5,11.5,8.793689727783203,0
2021-01-26,11.600000381469727,11.600000381469727,11.5,11.5,8.793689727783203,360
2021-01-27,11.5,11.5,11.5,11.5,8.793689727783203,0
2021-01-28,11.5,11.5,11.5,11.5,8.793689727783203,0
2021-01-29,11.550000190734863,11.550000190734863,11.0,11.0,8.411355972290039,660
2021-02-01,11.5,11.5,11.5,11.5,8.793689727783203,500
2021-02-02,11.5,11.5,11.5,11.5,8.793689727783203,0
2021-02-03,11.850000381469727,11.850000381469727,11.850000381469727,11.850000381469727,9.061325073242188,2000
2021-02-04,11.850000381469727,11.850000381469727,11.850000381469727,11.850000381469727,9.061325073242188,2000
2021-02-05,11.850000381469727,11.850000381469727,11.850000381469727,11.850000381469727,9.061325073242188,0
2021-02-08,11.850000381469727,11.850000381469727,11.850000381469727,11.850000381469727,9.061325073242188,0
2021-02-09,11.850000381469727,11.850000381469727,11.850000381469727,11.850000381469727,9.061325073242188,0
2021-02-10,11.850000381469727,11.850000381469727,11.850000381469727,11.850000381469727,9.061325073242188,0
2021-02-11,11.850000381469727,11.850000381469727,11.850000381469727,11.850000381469727,9.061325073242188,0
2021-02-12,11.899999618530273,11.899999618530273,11.899999618530273,11.899999618530273,9.099557876586914,40
2021-02-16,11.899999618530273,11.899999618530273,11.899999618530273,11.899999618530273,9.099557876586914,0
2021-02-17,12.0,12.5,12.0,12.399999618530273,9.481892585754395,1000
2021-02-18,11.800000190734863,11.899999618530273,11.800000190734863,11.800000190734863,9.023091316223145,100
2021-02-19,11.800000190734863,11.800000190734863,11.800000190734863,11.800000190734863,9.023091316223145,0
2021-02-22,12.25,12.25,12.25,12.25,9.367192268371582,400
2021-02-23,12.0,12.0,11.800000190734863,11.800000190734863,9.023091316223145,460
2021-02-24,12.25,12.399999618530273,12.25,12.399999618530273,9.481892585754395,100
2021-02-25,12.399999618530273,12.5,12.350000381469727,12.350000381469727,9.443659782409668,1120
2021-02-26,12.350000381469727,12.350000381469727,12.350000381469727,12.350000381469727,9.443659782409668,20
2021-03-01,12.350000381469727,12.350000381469727,12.350000381469727,12.350000381469727,9.443659782409668,0
2021-03-02,13.100000381469727,13.100000381469727,13.100000381469727,13.100000381469727,10.017160415649414,20
2021-03-03,12.5,12.5,12.5,12.5,9.558359146118164,20
2021-03-04,12.5,12.5,12.5,12.5,9.558359146118164,0
2021-03-05,12.5,12.5,12.5,12.5,9.558359146118164,0
2021-03-08,12.5,12.5,12.5,12.5,9.558359146118164,0
2021-03-09,12.399999618530273,12.399999618530273,12.399999618530273,12.399999618530273,9.481892585754395,420
2021-03-10,12.399999618530273,12.399999618530273,12.399999618530273,12.399999618530273,9.481892585754395,20
2021-03-11,12.25,12.25,12.25,12.25,9.367192268371582,200
2021-03-12,13.0,13.0,13.0,13.0,9.940693855285645,20
2021-03-15,13.0,13.0,13.0,13.0,9.940693855285645,0
2021-03-16,13.0,13.0,13.0,13.0,9.940693855285645,0
2021-03-17,13.100000381469727,15.0,12.25,13.0,9.940693855285645,380
2021-03-18,13.0,13.0,13.0,13.0,9.940693855285645,0
2021-03-19,13.0,13.0,13.0,13.0,9.940693855285645,0
2021-03-22,13.0,13.0,13.0,13.0,9.940693855285645,0
2021-03-23,13.0,13.0,13.0,13.0,9.940693855285645,0
2021-03-24,13.0,13.0,13.0,13.0,9.940693855285645,0
2021-03-25,13.0,13.0,13.0,13.0,9.940693855285645,20
2021-03-26,13.0,13.0,13.0,13.0,9.940693855285645,0
2021-03-29,13.0,13.0,13.0,13.0,9.940693855285645,0
2021-03-30,13.0,13.0,13.0,13.0,9.940693855285645,0
2021-03-31,13.0,13.0,13.0,13.0,9.940693855285645,0
2021-04-01,14.100000381469727,14.100000381469727,13.399999618530273,13.5,10.323028564453125,380
2021-04-05,13.949999809265137,13.949999809265137,13.949999809265137,13.949999809265137,10.667128562927246,40
2021-04-06,13.25,13.25,13.25,13.25,10.131860733032227,220
2021-04-07,14.0,14.0,14.0,14.0,10.705362319946289,40
2021-04-08,14.0,14.0,14.0,14.0,10.705362319946289,0
2021-04-09,14.0,14.0,14.0,14.0,10.705362319946289,0
2021-04-12,13.75,13.75,13.75,13.75,10.51419448852539,20
2021-04-13,13.75,13.75,13.75,13.75,10.51419448852539,0
2021-04-14,13.75,13.75,13.75,13.75,10.51419448852539,0
2021-04-15,13.600000381469727,13.75,13.600000381469727,13.75,10.51419448852539,40
2021-04-16,13.75,13.75,13.75,13.75,10.51419448852539,20
2021-04-19,13.75,13.75,13.75,13.75,10.51419448852539,0
2021-04-20,13.75,13.75,13.75,13.75,10.51419448852539,0
2021-04-21,13.75,13.75,13.75,13.75,10.51419448852539,0
2021-04-22,13.75,13.75,13.75,13.75,10.51419448852539,0
2021-04-23,14.0,17.5,14.0,17.5,13.381702423095703,1380
2021-04-26,14.75,15.449999809265137,14.75,14.75,11.278863906860352,2520
2021-04-27,14.75,16.799999237060547,14.75,16.799999237060547,12.846434593200684,2580
2021-04-28,17.450000762939453,17.5,16.25,16.25,12.425868034362793,1180
2021-04-29,16.450000762939453,16.450000762939453,16.25,16.25,12.425868034362793,300
2021-04-30,16.0,16.0,16.0,16.0,12.234700202941895,240
2021-05-03,15.899999618530273,15.899999618530273,15.899999618530273,15.899999618530273,12.158232688903809,140
2021-05-04,16.25,16.25,13.0,13.0,9.940693855285645,2000
2021-05-05,16.25,16.25,16.0,16.0,12.234700202941895,120
2021-05-06,17.100000381469727,19.0,15.5,16.850000381469727,12.884668350219727,1940
2021-05-07,3.369999885559082,3.369999885559082,3.369999885559082,3.369999885559082,2.5769336223602295,0
2021-05-10,4.199999809265137,4.800000190734863,4.199999809265137,4.800000190734863,3.67041015625,700
2021-05-11,12.0,19.0,12.0,15.050000190734863,11.508265495300293,2800
2021-05-12,15.050000190734863,15.050000190734863,15.050000190734863,15.050000190734863,11.508265495300293,0
2021-05-13,15.989999771118164,15.989999771118164,15.989999771118164,15.989999771118164,12.227052688598633,600
2021-05-14,15.989999771118164,15.989999771118164,15.989999771118164,15.989999771118164,12.227052688598633,0
2021-05-17,14.699999809265137,14.699999809265137,14.699999809265137,14.699999809265137,11.240631103515625,200
2021-05-18,14.699999809265137,14.699999809265137,14.699999809265137,14.699999809265137,11.240631103515625,0
2021-05-19,15.229999542236328,15.229999542236328,14.800000190734863,14.800000190734863,11.317098617553711,300
2021-05-20,14.800000190734863,14.800000190734863,14.800000190734863,14.800000190734863,11.317098617553711,0
2021-05-21,14.800000190734863,14.800000190734863,14.800000190734863,14.800000190734863,11.317098617553711,0
2021-05-24,14.800000190734863,14.800000190734863,14.800000190734863,14.800000190734863,11.317098617553711,0
2021-05-25,14.800000190734863,14.800000190734863,14.800000190734863,14.800000190734863,11.317098617553711,0
2021-05-26,14.800000190734863,14.800000190734863,14.800000190734863,14.800000190734863,11.317098617553711,0
2021-05-27,14.800000190734863,14.800000190734863,14.800000190734863,14.800000190734863,11.317098617553711,0
2021-05-28,14.800000190734863,14.800000190734863,14.800000190734863,14.800000190734863,11.317098617553711,0
2021-06-01,14.800000190734863,14.800000190734863,14.800000190734863,14.800000190734863,11.317098617553711,0
2021-06-02,14.800000190734863,14.800000190734863,14.800000190734863,14.800000190734863,11.317098617553711,0
2021-06-03,14.800000190734863,14.800000190734863,14.800000190734863,14.800000190734863,11.317098617553711,0
2021-06-04,14.899999618530273,15.0,14.800000190734863,14.800000190734863,11.317098617553711,1300
2021-06-07,14.510000228881836,14.510000228881836,14.510000228881836,14.510000228881836,11.095343589782715,14600
2021-06-08,14.510000228881836,14.510000228881836,14.510000228881836,14.510000228881836,11.095343589782715,0
2021-06-09,14.510000228881836,14.510000228881836,14.510000228881836,14.510000228881836,11.095343589782715,0
2021-06-10,14.510000228881836,14.510000228881836,14.510000228881836,14.510000228881836,11.095343589782715,0
2021-06-11,14.510000228881836,14.510000228881836,14.510000228881836,14.510000228881836,11.095343589782715,0
2021-06-14,14.510000228881836,14.510000228881836,14.510000228881836,14.510000228881836,11.095343589782715,0
2021-06-15,14.510000228881836,14.510000228881836,14.510000228881836,14.510000228881836,11.095343589782715,0
2021-06-16,14.510000228881836,14.510000228881836,14.510000228881836,14.510000228881836,11.095343589782715,0
2021-06-17,14.510000228881836,14.510000228881836,14.510000228881836,14.510000228881836,11.095343589782715,0
2021-06-18,14.510000228881836,14.510000228881836,14.510000228881836,14.510000228881836,11.095343589782715,0
2021-06-21,14.25,14.25,14.25,14.25,10.896528244018555,200
2021-06-22,14.25,14.25,14.25,14.25,10.896528244018555,0
2021-06-23,14.25,14.25,14.25,14.25,10.896528244018555,0
2021-06-24,14.25,14.25,14.25,14.25,10.896528244018555,0
2021-06-25,14.050000190734863,14.050000190734863,14.050000190734863,14.050000190734863,10.743596076965332,100
2021-06-28,14.050000190734863,14.050000190734863,14.050000190734863,14.050000190734863,10.743596076965332,0
2021-06-29,14.050000190734863,14.050000190734863,14.050000190734863,14.050000190734863,10.743596076965332,0
2021-06-30,14.050000190734863,14.050000190734863,14.050000190734863,14.050000190734863,10.743596076965332,0
2021-07-01,14.050000190734863,14.050000190734863,14.050000190734863,14.050000190734863,10.743596076965332,0
2021-07-02,14.050000190734863,14.050000190734863,14.050000190734863,14.050000190734863,10.743596076965332,0
2021-07-06,14.279999732971191,14.279999732971191,14.279999732971191,14.279999732971191,10.919468879699707,400
2021-07-07,14.279999732971191,14.279999732971191,14.279999732971191,14.279999732971191,10.919468879699707,0
2021-07-08,14.279999732971191,14.279999732971191,14.279999732971191,14.279999732971191,10.919468879699707,0
2021-07-09,14.279999732971191,14.279999732971191,14.279999732971191,14.279999732971191,10.919468879699707,0
2021-07-12,14.279999732971191,14.279999732971191,14.279999732971191,14.279999732971191,10.919468879699707,0
2021-07-13,14.279999732971191,14.279999732971191,14.279999732971191,14.279999732971191,10.919468879699707,0
2021-07-14,14.279999732971191,14.279999732971191,14.279999732971191,14.279999732971191,10.919468879699707,100
2021-07-15,14.279999732971191,14.279999732971191,14.279999732971191,14.279999732971191,10.919468879699707,0
2021-07-16,14.279999732971191,14.279999732971191,14.279999732971191,14.279999732971191,10.919468879699707,0
2021-07-19,14.989999771118164,14.989999771118164,14.0,14.0,10.705362319946289,800
2021-07-20,14.0,14.0,14.0,14.0,10.705362319946289,0
2021-07-21,14.25,14.25,14.25,14.25,10.896528244018555,100
2021-07-22,14.25,14.25,14.25,14.25,10.896528244018555,0
2021-07-23,14.300000190734863,14.300000190734863,14.300000190734863,14.300000190734863,10.934762954711914,1000
2021-07-26,14.300000190734863,14.300000190734863,14.300000190734863,14.300000190734863,10.934762954711914,0
2021-07-27,14.300000190734863,14.300000190734863,14.300000190734863,14.300000190734863,10.934762954711914,0
2021-07-28,14.300000190734863,14.300000190734863,14.300000190734863,14.300000190734863,10.934762954711914,0
2021-07-29,14.300000190734863,14.300000190734863,14.300000190734863,14.300000190734863,10.934762954711914,0
2021-07-30,14.300000190734863,14.300000190734863,14.300000190734863,14.300000190734863,10.934762954711914,0
2021-08-02,14.300000190734863,14.300000190734863,14.300000190734863,14.300000190734863,10.934762954711914,0
2021-08-03,14.300000190734863,14.300000190734863,14.300000190734863,14.300000190734863,10.934762954711914,0
2021-08-04,14.300000190734863,14.300000190734863,14.300000190734863,14.300000190734863,10.934762954711914,0
2021-08-05,14.300000190734863,14.300000190734863,14.300000190734863,14.300000190734863,10.934762954711914,0
2021-08-06,14.300000190734863,14.300000190734863,14.300000190734863,14.300000190734863,10.934762954711914,0
2021-08-09,14.300000190734863,14.300000190734863,14.300000190734863,14.300000190734863,10.934762954711914,0
2021-08-10,14.300000190734863,14.300000190734863,14.300000190734863,14.300000190734863,10.934762954711914,0
2021-08-11,14.300000190734863,14.300000190734863,14.300000190734863,14.300000190734863,10.934762954711914,0
2021-08-12,14.5,14.5,14.5,14.5,11.087697982788086,500
2021-08-13,14.5,14.5,14.5,14.5,11.087697982788086,0
2021-08-16,14.5,14.5,14.5,14.5,11.087697982788086,0
2021-08-17,14.5,14.5,14.5,14.5,11.087697982788086,0
2021-08-18,14.5,14.5,14.020000457763672,14.020000457763672,10.720656394958496,200
2021-08-19,14.020000457763672,14.020000457763672,14.020000457763672,14.020000457763672,10.720656394958496,0
2021-08-20,14.90999984741211,14.90999984741211,14.90999984741211,14.90999984741211,11.40121078491211,100
2021-08-23,14.90999984741211,14.90999984741211,14.90999984741211,14.90999984741211,11.40121078491211,0
2021-08-24,14.90999984741211,14.90999984741211,14.90999984741211,14.90999984741211,11.40121078491211,0
2021-08-25,14.90999984741211,14.90999984741211,14.90999984741211,14.90999984741211,11.40121078491211,0
2021-08-26,14.90999984741211,14.90999984741211,14.90999984741211,14.90999984741211,11.40121078491211,0
2021-08-27,14.989999771118164,14.989999771118164,14.90999984741211,14.90999984741211,11.40121078491211,1100
2021-08-30,14.90999984741211,14.90999984741211,14.90999984741211,14.90999984741211,11.40121078491211,0
2021-08-31,14.90999984741211,14.90999984741211,14.90999984741211,14.90999984741211,11.40121078491211,0
2021-09-01,14.90999984741211,14.90999984741211,14.90999984741211,14.90999984741211,11.40121078491211,0
2021-09-02,14.90999984741211,14.90999984741211,14.90999984741211,14.90999984741211,11.40121078491211,0
2021-09-03,14.90999984741211,14.90999984741211,14.90999984741211,14.90999984741211,11.40121078491211,100
2021-09-07,14.979999542236328,15.0,14.979999542236328,14.979999542236328,11.454736709594727,400
2021-09-08,14.979999542236328,14.979999542236328,14.979999542236328,14.979999542236328,11.454736709594727,0
2021-09-09,14.979999542236328,14.979999542236328,14.979999542236328,14.979999542236328,11.454736709594727,0
2021-09-10,14.979999542236328,14.979999542236328,14.979999542236328,14.979999542236328,11.454736709594727,0
2021-09-13,14.979999542236328,14.979999542236328,14.979999542236328,14.979999542236328,11.454736709594727,0
2021-09-14,14.979999542236328,14.979999542236328,14.979999542236328,14.979999542236328,11.454736709594727,0
2021-09-15,14.979999542236328,14.979999542236328,14.979999542236328,14.979999542236328,11.454736709594727,0
2021-09-16,14.949999809265137,14.949999809265137,14.949999809265137,14.949999809265137,11.431797981262207,100
2021-09-17,15.149999618530273,15.149999618530273,15.149999618530273,15.149999618530273,11.584732055664062,200
2021-09-20,15.149999618530273,15.149999618530273,15.149999618530273,15.149999618530273,11.584732055664062,0
2021-09-21,14.850000381469727,14.850000381469727,14.850000381469727,14.850000381469727,11.355331420898438,400
2021-09-22,14.850000381469727,14.850000381469727,14.850000381469727,14.850000381469727,11.355331420898438,0
2021-09-23,14.850000381469727,14.850000381469727,14.850000381469727,14.850000381469727,11.355331420898438,0
2021-09-24,14.850000381469727,14.850000381469727,14.850000381469727,14.850000381469727,11.355331420898438,0
2021-09-27,14.850000381469727,14.850000381469727,14.850000381469727,14.850000381469727,11.355331420898438,0
2021-09-28,14.850000381469727,14.850000381469727,14.850000381469727,14.850000381469727,11.355331420898438,0
2021-09-29,14.850000381469727,14.850000381469727,14.850000381469727,14.850000381469727,11.355331420898438,0
2021-09-30,14.850000381469727,14.850000381469727,14.850000381469727,14.850000381469727,11.355331420898438,100
2021-10-01,14.850000381469727,14.850000381469727,14.850000381469727,14.850000381469727,11.355331420898438,0
2021-10-04,14.869999885559082,14.869999885559082,14.869999885559082,14.869999885559082,11.370624542236328,1000
2021-10-05,14.869999885559082,14.869999885559082,14.869999885559082,14.869999885559082,11.370624542236328,0
2021-10-06,14.869999885559082,14.869999885559082,14.869999885559082,14.869999885559082,11.370624542236328,0
2021-10-07,14.739999771118164,14.739999771118164,14.739999771118164,14.739999771118164,11.271217346191406,200
2021-10-08,14.739999771118164,14.739999771118164,14.739999771118164,14.739999771118164,11.271217346191406,0
2021-10-11,14.739999771118164,14.739999771118164,14.739999771118164,14.739999771118164,11.271217346191406,0
2021-10-12,14.739999771118164,14.739999771118164,14.739999771118164,14.739999771118164,11.271217346191406,0
2021-10-13,14.739999771118164,14.739999771118164,14.739999771118164,14.739999771118164,11.271217346191406,0
2021-10-14,14.739999771118164,14.739999771118164,14.739999771118164,14.739999771118164,11.271217346191406,0
2021-10-15,14.739999771118164,14.739999771118164,14.739999771118164,14.739999771118164,11.271217346191406,0
2021-10-18,14.739999771118164,14.739999771118164,14.739999771118164,14.739999771118164,11.271217346191406,0
2021-10-19,15.0,15.399999618530273,15.0,15.399999618530273,11.775898933410645,800
2021-10-20,15.5,15.5,15.5,15.5,11.85236644744873,300
2021-10-21,15.600000381469727,15.600000381469727,15.550000190734863,15.550000190734863,11.890599250793457,900
2021-10-22,15.850000381469727,15.850000381469727,15.850000381469727,15.850000381469727,12.120000839233398,100
2021-10-25,15.850000381469727,15.850000381469727,15.850000381469727,15.850000381469727,12.120000839233398,0
2021-10-26,15.850000381469727,15.850000381469727,15.850000381469727,15.850000381469727,12.120000839233398,0
2021-10-27,15.850000381469727,15.850000381469727,15.850000381469727,15.850000381469727,12.120000839233398,0
2021-10-28,15.850000381469727,15.850000381469727,15.850000381469727,15.850000381469727,12.120000839233398,0
2021-10-29,15.850000381469727,15.850000381469727,15.850000381469727,15.850000381469727,12.120000839233398,0
2021-11-01,15.850000381469727,15.850000381469727,15.850000381469727,15.850000381469727,12.120000839233398,0
2021-11-02,15.850000381469727,15.850000381469727,15.850000381469727,15.850000381469727,12.120000839233398,0
2021-11-03,15.899999618530273,15.899999618530273,15.899999618530273,15.899999618530273,12.158232688903809,400
2021-11-04,15.899999618530273,15.899999618530273,15.899999618530273,15.899999618530273,12.158232688903809,0
2021-11-05,15.899999618530273,15.899999618530273,15.899999618530273,15.899999618530273,12.158232688903809,200
2021-11-08,15.899999618530273,15.899999618530273,15.899999618530273,15.899999618530273,12.158232688903809,100
2021-11-09,15.899999618530273,15.899999618530273,15.899999618530273,15.899999618530273,12.158232688903809,0
2021-11-10,16.5,16.5,16.5,16.5,12.617034912109375,300
2021-11-11,16.5,16.5,16.5,16.5,12.617034912109375,0
2021-11-12,16.5,16.5,16.5,16.5,12.617034912109375,0
2021-11-15,16.5,16.5,16.5,16.5,12.617034912109375,0
2021-11-16,16.5,16.5,16.5,16.5,12.617034912109375,0
2021-11-17,16.5,16.5,16.5,16.5,12.617034912109375,0
2021-11-18,16.5,16.5,16.5,16.5,12.617034912109375,200
2021-11-19,16.5,16.5,16.5,16.5,12.617034912109375,0
2021-11-22,16.5,16.5,16.5,16.5,12.617034912109375,0
2021-11-23,16.5,16.5,16.5,16.5,12.617034912109375,0
2021-11-24,16.5,16.5,16.5,16.5,12.617034912109375,0
2021-11-26,16.5,16.5,16.5,16.5,12.617034912109375,0
2021-11-29,16.5,16.5,16.5,16.5,12.617034912109375,0
2021-11-30,16.5,16.5,16.5,16.5,12.617034912109375,0
2021-12-01,16.5,16.5,16.5,16.5,12.617034912109375,0
2021-12-02,16.5,16.5,16.5,16.5,12.617034912109375,0
2021-12-03,16.5,16.649999618530273,16.5,16.649999618530273,12.731734275817871,2900
2021-12-06,16.649999618530273,16.649999618530273,16.649999618530273,16.649999618530273,12.731734275817871,0
2021-12-07,17.0,17.0,17.0,17.0,12.999367713928223,200
2021-12-08,16.75,17.0,16.75,17.0,12.999367713928223,900
2021-12-09,17.0,17.0,17.0,17.0,12.999367713928223,400
2021-12-10,17.0,17.0,17.0,17.0,12.999367713928223,0
2021-12-13,17.0,17.0,17.0,17.0,12.999367713928223,2000
2021-12-14,17.0,17.0,17.0,17.0,14.73261833190918,0
2021-12-15,17.0,17.0,17.0,17.0,14.73261833190918,0
2021-12-16,17.0,17.0,17.0,17.0,14.73261833190918,0
2021-12-17,16.5,16.5,16.5,16.5,14.29930591583252,0
2021-12-20,15.979999542236328,15.979999542236328,15.979999542236328,15.979999542236328,13.848660469055176,600
2021-12-21,15.0,15.050000190734863,15.0,15.050000190734863,13.042699813842773,200
2021-12-22,15.0,15.0,14.0,14.0,12.132744789123535,800
2021-12-23,14.0,14.0,14.0,14.0,12.132744789123535,0
2021-12-27,14.0,14.0,14.0,14.0,12.132744789123535,0
2021-12-28,14.0,14.0,14.0,14.0,12.132744789123535,0
2021-12-29,14.210000038146973,14.210000038146973,14.210000038146973,14.210000038146973,12.314735412597656,200
2021-12-30,14.210000038146973,14.210000038146973,14.210000038146973,14.210000038146973,12.314735412597656,0
2021-12-31,14.210000038146973,14.210000038146973,14.210000038146973,14.210000038146973,12.314735412597656,0
2022-01-03,14.210000038146973,14.210000038146973,14.210000038146973,14.210000038146973,12.314735412597656,0
2022-01-04,14.210000038146973,14.210000038146973,14.210000038146973,14.210000038146973,12.314735412597656,0
2022-01-05,14.210000038146973,14.210000038146973,14.210000038146973,14.210000038146973,12.314735412597656,0
2022-01-06,14.210000038146973,14.210000038146973,14.210000038146973,14.210000038146973,12.314735412597656,0
2022-01-07,14.210000038146973,14.210000038146973,14.210000038146973,14.210000038146973,12.314735412597656,0
2022-01-10,14.920000076293945,14.920000076293945,13.75,13.75,11.916088104248047,2300
2022-01-11,13.75,13.75,13.75,13.75,11.916088104248047,0
2022-01-12,13.75,13.75,13.75,13.75,11.916088104248047,0
2022-01-13,15.899999618530273,15.899999618530273,15.899999618530273,15.899999618530273,13.77933120727539,100
2022-01-14,15.899999618530273,15.899999618530273,15.899999618530273,15.899999618530273,13.77933120727539,0
2022-01-18,14.319999694824219,15.0,14.319999694824219,15.0,12.999367713928223,3200
2022-01-19,14.5,15.0,14.5,15.0,12.999367713928223,500
2022-01-20,15.0,15.0,15.0,15.0,12.999367713928223,0
2022-01-21,15.25,15.25,15.25,15.25,13.216025352478027,1000
2022-01-24,15.0,15.0,15.0,15.0,12.999367713928223,100
2022-01-25,15.0,15.0,15.0,15.0,12.999367713928223,0
2022-01-26,15.0,15.0,15.0,15.0,12.999367713928223,0
2022-01-27,15.0,15.0,15.0,15.0,12.999367713928223,0
2022-01-28,15.0,15.0,15.0,15.0,12.999367713928223,0
2022-01-31,15.0,15.0,15.0,15.0,12.999367713928223,0
2022-02-01,15.0,15.0,15.0,15.0,12.999367713928223,0
2022-02-02,15.0,15.0,15.0,15.0,12.999367713928223,0
2022-02-03,15.0,15.0,15.0,15.0,12.999367713928223,0
2022-02-04,15.199999809265137,15.199999809265137,15.199999809265137,15.199999809265137,13.172693252563477,200
2022-02-07,15.199999809265137,15.199999809265137,15.199999809265137,15.199999809265137,13.172693252563477,0
2022-02-08,15.199999809265137,15.199999809265137,15.199999809265137,15.199999809265137,13.172693252563477,0
2022-02-09,15.300000190734863,15.300000190734863,15.300000190734863,15.300000190734863,13.259356498718262,500
2022-02-10,15.300000190734863,15.300000190734863,15.300000190734863,15.300000190734863,13.259356498718262,0
2022-02-11,15.300000190734863,15.300000190734863,15.300000190734863,15.300000190734863,13.259356498718262,0
2022-02-14,15.300000190734863,15.300000190734863,15.300000190734863,15.300000190734863,13.259356498718262,0
2022-02-15,15.300000190734863,15.300000190734863,15.300000190734863,15.300000190734863,13.259356498718262,0
2022-02-16,15.300000190734863,15.300000190734863,15.300000190734863,15.300000190734863,13.259356498718262,0
2022-02-17,15.300000190734863,15.300000190734863,15.300000190734863,15.300000190734863,13.259356498718262,0
2022-02-18,15.300000190734863,15.300000190734863,15.300000190734863,15.300000190734863,13.259356498718262,0
2022-02-22,15.199999809265137,15.199999809265137,15.199999809265137,15.199999809265137,13.172693252563477,200
2022-02-23,15.0,15.0,15.0,15.0,12.999367713928223,100
2022-02-24,14.75,14.75,14.449999809265137,14.550000190734863,12.609387397766113,3900
2022-02-25,14.550000190734863,14.550000190734863,14.550000190734863,14.550000190734863,12.609387397766113,0
2022-02-28,14.550000190734863,14.550000190734863,14.550000190734863,14.550000190734863,12.609387397766113,0
2022-03-01,14.5,14.5,14.5,14.5,12.566056251525879,200
2022-03-02,14.5,14.5,14.5,14.5,12.566056251525879,100
2022-03-03,14.5,14.5,14.5,14.5,12.566056251525879,0
2022-03-04,14.5,14.5,14.5,14.5,12.566056251525879,0
2022-03-07,14.5,14.5,14.5,14.5,12.566056251525879,0
2022-03-08,14.5,14.5,14.5,14.5,12.566056251525879,0
2022-03-09,14.5,14.5,14.5,14.5,12.566056251525879,0
2022-03-10,14.600000381469727,14.600000381469727,14.550000190734863,14.550000190734863,12.609387397766113,400
2022-03-11,14.550000190734863,14.550000190734863,14.550000190734863,14.550000190734863,12.609387397766113,0
2022-03-14,14.550000190734863,14.550000190734863,14.550000190734863,14.550000190734863,12.609387397766113,0
2022-03-15,15.0,15.0,15.0,15.0,12.999367713928223,200
2022-03-16,15.0,15.0,15.0,15.0,12.999367713928223,0
2022-03-17,15.0,15.0,15.0,15.0,12.999367713928223,0
2022-03-18,15.0,15.0,15.0,15.0,12.999367713928223,0
2022-03-21,15.0,15.25,15.0,15.0,12.999367713928223,2500
2022-03-22,15.25,15.390000343322754,15.25,15.390000343322754,13.337352752685547,3500
2022-03-23,15.390000343322754,15.390000343322754,15.390000343322754,15.390000343322754,13.337352752685547,0
2022-03-24,15.390000343322754,15.390000343322754,15.390000343322754,15.390000343322754,13.337352752685547,0
2022-03-25,15.390000343322754,15.390000343322754,15.390000343322754,15.390000343322754,13.337352752685547,100
2022-03-28,15.399999618530273,15.399999618530273,15.399999618530273,15.399999618530273,13.346017837524414,100
2022-03-29,15.399999618530273,15.399999618530273,15.399999618530273,15.399999618530273,13.346017837524414,0
2022-03-30,15.399999618530273,15.399999618530273,15.399999618530273,15.399999618530273,13.346017837524414,0
2022-03-31,15.399999618530273,15.399999618530273,15.399999618530273,15.399999618530273,13.346017837524414,0
2022-04-01,15.5,16.0,15.5,16.0,13.86599349975586,1300
2022-04-04,16.0,16.0,16.0,16.0,13.86599349975586,0
2022-04-05,16.0,16.0,16.0,16.0,13.86599349975586,0
2022-04-06,15.420000076293945,15.420000076293945,15.420000076293945,15.420000076293945,13.363351821899414,1100
2022-04-07,15.420000076293945,15.420000076293945,15.420000076293945,15.420000076293945,13.363351821899414,0
2022-04-08,15.420000076293945,15.420000076293945,15.420000076293945,15.420000076293945,13.363351821899414,0
2022-04-11,15.420000076293945,15.420000076293945,15.420000076293945,15.420000076293945,13.363351821899414,0
2022-04-12,15.420000076293945,15.420000076293945,15.420000076293945,15.420000076293945,13.363351821899414,0
2022-04-13,15.25,15.25,15.25,15.25,13.216025352478027,100
2022-04-14,14.880000114440918,14.880000114440918,14.880000114440918,14.880000114440918,12.895373344421387,300
2022-04-18,14.880000114440918,14.880000114440918,14.880000114440918,14.880000114440918,12.895373344421387,0
2022-04-19,14.880000114440918,14.880000114440918,14.880000114440918,14.880000114440918,12.895373344421387,0
2022-04-20,14.880000114440918,14.880000114440918,14.880000114440918,14.880000114440918,12.895373344421387,0
2022-04-21,15.5,15.5,15.5,15.5,13.432682037353516,100
2022-04-22,15.5,15.5,15.5,15.5,13.432682037353516,0
2022-04-25,15.100000381469727,15.100000381469727,15.100000381469727,15.100000381469727,13.086031913757324,200
2022-04-26,15.100000381469727,15.100000381469727,15.100000381469727,15.100000381469727,13.086031913757324,0
2022-04-27,15.100000381469727,15.100000381469727,15.100000381469727,15.100000381469727,13.086031913757324,0
2022-04-28,15.100000381469727,15.100000381469727,15.100000381469727,15.100000381469727,13.086031913757324,0
2022-04-29,15.100000381469727,15.100000381469727,15.0,15.0,12.999367713928223,6000
2022-05-02,14.75,14.75,14.300000190734863,14.300000190734863,12.392731666564941,1300
2022-05-03,14.300000190734863,14.300000190734863,14.300000190734863,14.300000190734863,12.392731666564941,0
2022-05-04,14.350000381469727,14.350000381469727,14.350000381469727,14.350000381469727,12.43606185913086,200
2022-05-05,14.350000381469727,14.350000381469727,14.350000381469727,14.350000381469727,12.43606185913086,0
2022-05-06,14.350000381469727,14.350000381469727,14.350000381469727,14.350000381469727,12.43606185913086,0
2022-05-09,14.350000381469727,14.350000381469727,14.350000381469727,14.350000381469727,12.43606185913086,0
2022-05-10,14.350000381469727,14.350000381469727,14.350000381469727,14.350000381469727,12.43606185913086,0
2022-05-11,14.350000381469727,14.350000381469727,14.350000381469727,14.350000381469727,12.43606185913086,0
2022-05-12,14.3100004196167,14.3100004196167,14.300000190734863,14.300000190734863,12.392731666564941,300
2022-05-13,14.300000190734863,14.300000190734863,14.300000190734863,14.300000190734863,12.392731666564941,0
2022-05-16,14.300000190734863,14.300000190734863,14.300000190734863,14.300000190734863,12.392731666564941,0
2022-05-17,14.300000190734863,14.300000190734863,14.300000190734863,14.300000190734863,12.392731666564941,0
2022-05-18,14.300000190734863,14.300000190734863,14.300000190734863,14.300000190734863,12.392731666564941,0
2022-05-19,14.300000190734863,14.300000190734863,14.0,14.0,12.132744789123535,1700
2022-05-20,14.0,14.0,14.0,14.0,12.132744789123535,200
2022-05-23,14.0,14.0,14.0,14.0,12.132744789123535,0
2022-05-24,14.0,14.0,14.0,14.0,12.132744789123535,0
2022-05-25,13.800000190734863,13.800000190734863,13.800000190734863,13.800000190734863,11.959419250488281,500
2022-05-26,13.899999618530273,13.899999618530273,13.899999618530273,13.899999618530273,12.046080589294434,200
2022-05-27,13.899999618530273,13.899999618530273,13.899999618530273,13.899999618530273,12.046080589294434,0
2022-05-31,13.899999618530273,13.899999618530273,13.899999618530273,13.899999618530273,12.046080589294434,0
2022-06-01,13.899999618530273,13.899999618530273,13.899999618530273,13.899999618530273,12.046080589294434,0
2022-06-02,13.899999618530273,13.899999618530273,13.899999618530273,13.899999618530273,12.046080589294434,0
2022-06-03,13.899999618530273,13.899999618530273,13.899999618530273,13.899999618530273,12.046080589294434,0
2022-06-06,13.899999618530273,13.899999618530273,13.899999618530273,13.899999618530273,12.046080589294434,0
2022-06-07,13.899999618530273,13.899999618530273,13.899999618530273,13.899999618530273,12.046080589294434,0
2022-06-08,13.899999618530273,13.899999618530273,13.899999618530273,13.899999618530273,12.046080589294434,0
2022-06-09,13.899999618530273,13.899999618530273,13.899999618530273,13.899999618530273,12.046080589294434,0
2022-06-10,13.899999618530273,13.899999618530273,13.899999618530273,13.899999618530273,12.046080589294434,0
2022-06-13,13.899999618530273,13.899999618530273,13.899999618530273,13.899999618530273,12.046080589294434,0
2022-06-14,13.899999618530273,13.899999618530273,13.899999618530273,13.899999618530273,12.046080589294434,0
2022-06-15,13.899999618530273,13.899999618530273,13.899999618530273,13.899999618530273,12.046080589294434,0
2022-06-16,13.899999618530273,13.899999618530273,13.899999618530273,13.899999618530273,12.046080589294434,0
2022-06-17,13.75,13.75,13.75,13.75,11.916088104248047,100
2022-06-21,13.75,13.75,13.75,13.75,11.916088104248047,0
2022-06-22,13.75,13.75,13.75,13.75,11.916088104248047,0
2022-06-23,13.75,13.75,13.75,13.75,11.916088104248047,0
2022-06-24,13.75,13.75,13.75,13.75,11.916088104248047,0
2022-06-27,13.0,13.0,12.75,12.75,11.049464225769043,200
2022-06-28,12.75,12.75,12.75,12.75,11.049464225769043,0
2022-06-29,12.75,12.75,12.75,12.75,11.049464225769043,0
2022-06-30,12.75,12.75,12.75,12.75,11.049464225769043,0
2022-07-01,12.75,12.75,12.75,12.75,11.049464225769043,0
2022-07-05,12.75,12.75,12.75,12.75,11.049464225769043,0
2022-07-06,12.850000381469727,12.850000381469727,12.5,12.5,10.832807540893555,4300
2022-07-07,12.5,12.5,12.5,12.5,10.832807540893555,0
2022-07-08,12.5,12.5,12.5,12.5,10.832807540893555,0
2022-07-11,12.5,12.5,12.5,12.5,10.832807540893555,0
2022-07-12,12.5,12.5,12.5,12.5,10.832807540893555,0
2022-07-13,12.5,12.5,12.5,12.5,10.832807540893555,0
2022-07-14,12.5,12.5,12.5,12.5,10.832807540893555,0
2022-07-15,12.5,12.5,12.5,12.5,10.832807540893555,0
2022-07-18,12.5,12.5,12.5,12.5,10.832807540893555,0
2022-07-19,12.5,12.5,12.5,12.5,10.832807540893555,0
2022-07-20,12.5,12.5,12.5,12.5,10.832807540893555,0
2022-07-21,12.5,12.5,12.5,12.5,10.832807540893555,0
2022-07-22,12.5,12.5,12.5,12.5,10.832807540893555,0
2022-07-25,12.5,12.5,12.5,12.5,10.832807540893555,0
2022-07-26,12.5,12.5,12.5,12.5,10.832807540893555,0
2022-07-27,12.5,12.5,12.5,12.5,10.832807540893555,0
2022-07-28,12.5,12.5,12.5,12.5,10.832807540893555,0
2022-07-29,12.5,12.5,12.5,12.5,10.832807540893555,0
2022-08-01,12.5,12.5,12.5,12.5,10.832807540893555,0
2022-08-02,12.5,12.5,12.5,12.5,10.832807540893555,0
2022-08-03,12.5,12.5,12.5,12.5,10.832807540893555,0
2022-08-04,12.5,12.5,12.5,12.5,10.832807540893555,0
2022-08-05,12.5,12.5,12.5,12.5,10.832807540893555,0
2022-08-08,12.5,12.5,12.5,12.5,10.832807540893555,0
2022-08-09,12.5,12.5,12.5,12.5,10.832807540893555,0
2022-08-10,12.5,12.5,12.5,12.5,10.832807540893555,0
2022-08-11,12.5,12.5,12.5,12.5,10.832807540893555,0
2022-08-12,13.75,13.75,13.75,13.75,11.916088104248047,200
2022-08-15,13.75,13.75,13.75,13.75,11.916088104248047,0
2022-08-16,13.75,13.75,13.75,13.75,11.916088104248047,0
2022-08-17,13.75,13.75,13.75,13.75,11.916088104248047,0
2022-08-18,13.75,13.75,13.75,13.75,11.916088104248047,0
2022-08-19,13.75,13.75,13.75,13.75,11.916088104248047,0
2022-08-22,13.75,13.75,13.75,13.75,11.916088104248047,0
2022-08-23,13.75,13.75,13.75,13.75,11.916088104248047,0
2022-08-24,13.75,13.75,13.75,13.75,11.916088104248047,0
2022-08-25,13.75,13.75,13.75,13.75,11.916088104248047,0
2022-08-26,13.75,13.75,13.75,13.75,11.916088104248047,0
2022-08-29,13.75,13.75,13.75,13.75,11.916088104248047,0
2022-08-30,14.0,14.0,14.0,14.0,12.132744789123535,400
2022-08-31,14.0,14.0,14.0,14.0,12.132744789123535,0
2022-09-01,13.800000190734863,13.800000190734863,12.800000190734863,12.800000190734863,11.092795372009277,1200
2022-09-02,12.800000190734863,12.800000190734863,12.800000190734863,12.800000190734863,11.092795372009277,0
2022-09-06,12.800000190734863,12.800000190734863,12.800000190734863,12.800000190734863,11.092795372009277,0
2022-09-07,12.800000190734863,12.800000190734863,12.800000190734863,12.800000190734863,11.092795372009277,0
2022-09-08,12.800000190734863,12.800000190734863,12.800000190734863,12.800000190734863,11.092795372009277,0
2022-09-09,12.800000190734863,12.800000190734863,12.800000190734863,12.800000190734863,11.092795372009277,0
2022-09-12,12.800000190734863,12.800000190734863,12.800000190734863,12.800000190734863,11.092795372009277,0
2022-09-13,12.800000190734863,12.800000190734863,12.800000190734863,12.800000190734863,11.092795372009277,0
2022-09-14,12.800000190734863,12.800000190734863,12.800000190734863,12.800000190734863,11.092795372009277,0
2022-09-15,12.800000190734863,12.800000190734863,12.800000190734863,12.800000190734863,11.092795372009277,0
2022-09-16,12.800000190734863,12.800000190734863,12.800000190734863,12.800000190734863,11.092795372009277,0
2022-09-19,12.800000190734863,12.800000190734863,12.800000190734863,12.800000190734863,11.092795372009277,0
2022-09-20,13.050000190734863,13.050000190734863,13.050000190734863,13.050000190734863,11.30945110321045,700
2022-09-21,13.050000190734863,13.050000190734863,13.050000190734863,13.050000190734863,11.30945110321045,0
2022-09-22,13.010000228881836,13.010000228881836,13.010000228881836,13.010000228881836,11.274785995483398,1000
2022-09-23,13.010000228881836,13.010000228881836,13.010000228881836,13.010000228881836,11.274785995483398,0
2022-09-26,13.010000228881836,13.010000228881836,13.010000228881836,13.010000228881836,11.274785995483398,0
2022-09-27,13.010000228881836,13.010000228881836,13.010000228881836,13.010000228881836,11.274785995483398,0
2022-09-28,12.800000190734863,12.800000190734863,12.520000457763672,12.520000457763672,10.850140571594238,700
2022-09-29,12.520000457763672,12.520000457763672,12.520000457763672,12.520000457763672,10.850140571594238,0
2022-09-30,12.520000457763672,12.520000457763672,12.520000457763672,12.520000457763672,10.850140571594238,0
2022-10-03,12.520000457763672,12.520000457763672,12.520000457763672,12.520000457763672,10.850140571594238,0
2022-10-04,12.75,12.75,12.75,12.75,11.049464225769043,400
2022-10-05,12.75,12.75,12.75,12.75,11.049464225769043,0
2022-10-06,12.75,12.75,12.75,12.75,11.049464225769043,0
2022-10-07,13.010000228881836,13.010000228881836,12.670000076293945,12.670000076293945,10.980133056640625,300
2022-10-10,12.670000076293945,12.670000076293945,12.670000076293945,12.670000076293945,10.980133056640625,0
2022-10-11,12.670000076293945,12.670000076293945,12.670000076293945,12.670000076293945,10.980133056640625,0
2022-10-12,12.600000381469727,12.600000381469727,12.600000381469727,12.600000381469727,10.919469833374023,2000
2022-10-13,12.600000381469727,12.600000381469727,12.600000381469727,12.600000381469727,10.919469833374023,0
2022-10-14,12.600000381469727,12.600000381469727,12.600000381469727,12.600000381469727,10.919469833374023,0
2022-10-17,12.600000381469727,12.600000381469727,12.600000381469727,12.600000381469727,10.919469833374023,0
2022-10-18,12.600000381469727,12.600000381469727,12.600000381469727,12.600000381469727,10.919469833374023,0
2022-10-19,12.600000381469727,12.600000381469727,12.600000381469727,12.600000381469727,10.919469833374023,0
2022-10-20,12.600000381469727,12.600000381469727,12.600000381469727,12.600000381469727,10.919469833374023,0
2022-10-21,12.75,12.75,12.699999809265137,12.75,11.049464225769043,500
2022-10-24,12.75,12.75,12.75,12.75,11.049464225769043,100
2022-10-25,13.0,13.0,13.0,13.0,11.266119956970215,100
2022-10-26,12.970000267028809,12.970000267028809,12.970000267028809,12.970000267028809,11.240120887756348,100
2022-10-27,12.970000267028809,12.970000267028809,12.970000267028809,12.970000267028809,11.240120887756348,0
2022-10-28,12.970000267028809,12.970000267028809,12.970000267028809,12.970000267028809,11.240120887756348,0
2022-10-31,12.970000267028809,12.970000267028809,12.970000267028809,12.970000267028809,11.240120887756348,0
2022-11-01,12.970000267028809,12.970000267028809,12.970000267028809,12.970000267028809,11.240120887756348,0
2022-11-02,12.970000267028809,12.970000267028809,12.970000267028809,12.970000267028809,11.240120887756348,0
2022-11-03,12.970000267028809,12.970000267028809,12.970000267028809,12.970000267028809,11.240120887756348,0
2022-11-04,12.970000267028809,12.970000267028809,12.970000267028809,12.970000267028809,11.240120887756348,0
2022-11-07,12.970000267028809,12.970000267028809,12.970000267028809,12.970000267028809,11.240120887756348,0
2022-11-08,13.130000114440918,13.140000343322754,13.130000114440918,13.140000343322754,11.387447357177734,200
2022-11-09,13.140000343322754,13.140000343322754,13.140000343322754,13.140000343322754,11.387447357177734,0
2022-11-10,13.140000343322754,13.140000343322754,13.140000343322754,13.140000343322754,11.387447357177734,0
2022-11-11,13.140000343322754,13.140000343322754,13.140000343322754,13.140000343322754,11.387447357177734,0
2022-11-14,13.140000343322754,13.140000343322754,13.140000343322754,13.140000343322754,11.387447357177734,100
2022-11-15,13.140000343322754,13.140000343322754,13.140000343322754,13.140000343322754,11.387447357177734,0
2022-11-16,13.140000343322754,13.140000343322754,13.140000343322754,13.140000343322754,11.387447357177734,0
2022-11-17,13.140000343322754,13.140000343322754,13.140000343322754,13.140000343322754,11.387447357177734,0
2022-11-18,13.390000343322754,13.390000343322754,13.390000343322754,13.390000343322754,11.604103088378906,100
2022-11-21,13.390000343322754,13.390000343322754,13.390000343322754,13.390000343322754,11.604103088378906,0
2022-11-22,13.390000343322754,13.390000343322754,13.390000343322754,13.390000343322754,11.604103088378906,0
2022-11-23,13.390000343322754,13.390000343322754,13.390000343322754,13.390000343322754,11.604103088378906,0
2022-11-25,13.390000343322754,13.390000343322754,13.390000343322754,13.390000343322754,11.604103088378906,0
2022-11-28,14.0,14.0,14.0,14.0,12.132744789123535,400
2022-11-29,14.0,14.0,14.0,14.0,12.132744789123535,300
2022-11-30,14.0,14.0,14.0,14.0,12.132744789123535,0
2022-12-01,15.0,15.0,14.050000190734863,14.050000190734863,12.17607593536377,200
2022-12-02,14.050000190734863,14.050000190734863,14.050000190734863,14.050000190734863,12.17607593536377,0
2022-12-05,14.5,14.5,14.5,14.5,12.566056251525879,400
2022-12-06,14.5,14.5,14.5,14.5,12.566056251525879,0
2022-12-07,14.0,14.0,14.0,14.0,12.132744789123535,100
2022-12-08,14.0,14.0,14.0,14.0,12.132744789123535,0
2022-12-09,14.0,14.0,14.0,14.0,12.132744789123535,0
2022-12-12,14.0,14.0,14.0,14.0,12.132744789123535,0
2022-12-13,14.0,14.0,14.0,14.0,12.132744789123535,100
2022-12-14,14.0,14.0,14.0,14.0,12.302339553833008,0
2022-12-15,14.0,14.0,14.0,14.0,12.302339553833008,0
2022-12-16,14.0,14.0,14.0,14.0,12.302339553833008,0
2022-12-19,14.0,14.0,14.0,14.0,12.302339553833008,0
2022-12-20,14.0,14.0,14.0,14.0,12.302339553833008,0
2022-12-21,14.0,14.0,14.0,14.0,12.302339553833008,0
2022-12-22,12.65999984741211,12.65999984741211,12.65999984741211,12.65999984741211,11.124831199645996,400
2022-12-23,12.65999984741211,12.65999984741211,12.65999984741211,12.65999984741211,11.124831199645996,0
2022-12-27,12.699999809265137,12.75,12.699999809265137,12.75,11.203917503356934,300
2022-12-28,12.75,12.75,12.75,12.75,11.203917503356934,0
2022-12-29,12.75,12.75,12.75,12.75,11.203917503356934,0
2022-12-30,12.75,12.75,12.75,12.75,11.203917503356934,0
2023-01-03,12.75,12.75,12.75,12.75,11.203917503356934,0
2023-01-04,12.75,12.75,12.75,12.75,11.203917503356934,0
2023-01-05,12.75,12.75,12.75,12.75,11.203917503356934,0
2023-01-06,13.850000381469727,13.850000381469727,13.850000381469727,13.850000381469727,12.170530319213867,100
2023-01-09,13.850000381469727,13.850000381469727,13.850000381469727,13.850000381469727,12.170530319213867,0
2023-01-10,13.850000381469727,13.850000381469727,13.850000381469727,13.850000381469727,12.170530319213867,0
2023-01-11,13.850000381469727,13.850000381469727,13.850000381469727,13.850000381469727,12.170530319213867,0
2023-01-12,13.850000381469727,13.850000381469727,13.850000381469727,13.850000381469727,12.170530319213867,0
2023-01-13,13.850000381469727,13.850000381469727,13.850000381469727,13.850000381469727,12.170530319213867,0
2023-01-17,13.850000381469727,13.850000381469727,13.850000381469727,13.850000381469727,12.170530319213867,0
2023-01-18,13.850000381469727,13.850000381469727,13.850000381469727,13.850000381469727,12.170530319213867,0
2023-01-19,13.850000381469727,13.850000381469727,13.850000381469727,13.850000381469727,12.170530319213867,0
2023-01-20,13.850000381469727,13.850000381469727,13.850000381469727,13.850000381469727,12.170530319213867,0
2023-01-23,13.850000381469727,13.850000381469727,13.850000381469727,13.850000381469727,12.170530319213867,0
2023-01-24,13.800000190734863,13.800000190734863,13.800000190734863,13.800000190734863,12.126593589782715,100
2023-01-25,13.800000190734863,13.800000190734863,13.800000190734863,13.800000190734863,12.126593589782715,0
2023-01-26,13.800000190734863,13.800000190734863,13.800000190734863,13.800000190734863,12.126593589782715,0
2023-01-27,13.800000190734863,13.800000190734863,13.800000190734863,13.800000190734863,12.126593589782715,0
2023-01-30,13.75,13.75,13.75,13.75,12.082655906677246,100
2023-01-31,13.800000190734863,13.800000190734863,13.800000190734863,13.800000190734863,12.126593589782715,400
2023-02-01,13.800000190734863,13.800000190734863,13.800000190734863,13.800000190734863,12.126593589782715,0
2023-02-02,13.800000190734863,13.800000190734863,13.800000190734863,13.800000190734863,12.126593589782715,0
2023-02-03,13.800000190734863,13.800000190734863,13.800000190734863,13.800000190734863,12.126593589782715,0
2023-02-06,14.0,14.0,14.0,14.0,12.302339553833008,200
2023-02-07,14.0,14.0,14.0,14.0,12.302339553833008,0
2023-02-08,14.0,14.0,14.0,14.0,12.302339553833008,0
2023-02-09,14.0,14.0,14.0,14.0,12.302339553833008,0
2023-02-10,14.0,14.0,14.0,14.0,12.302339553833008,0
2023-02-13,14.0,14.0,14.0,14.0,12.302339553833008,0
2023-02-14,14.0,14.0,14.0,14.0,12.302339553833008,0
2023-02-15,14.0,14.0,14.0,14.0,12.302339553833008,0
2023-02-16,14.0,14.0,14.0,14.0,12.302339553833008,0
2023-02-17,14.0,14.0,14.0,14.0,12.302339553833008,0
2023-02-21,14.0,14.0,14.0,14.0,12.302339553833008,0
2023-02-22,14.0,14.0,14.0,14.0,12.302339553833008,0
2023-02-23,14.0,14.0,14.0,14.0,12.302339553833008,0
2023-02-24,14.0,14.0,14.0,14.0,12.302339553833008,0
2023-02-27,14.0,14.0,14.0,14.0,12.302339553833008,0
2023-02-28,14.0,14.0,14.0,14.0,12.302339553833008,0
2023-03-01,14.0,14.0,14.0,14.0,12.302339553833008,0
2023-03-02,14.0,14.0,14.0,14.0,12.302339553833008,0
2023-03-03,14.0,14.0,14.0,14.0,12.302339553833008,0
2023-03-06,14.0,14.0,14.0,14.0,12.302339553833008,0
2023-03-07,14.770000457763672,14.819999694824219,14.75,14.75,12.961395263671875,600
2023-03-08,14.75,14.75,14.75,14.75,12.961395263671875,0
2023-03-09,14.75,14.75,14.75,14.75,12.961395263671875,0
2023-03-10,14.75,14.75,14.75,14.75,12.961395263671875,0
2023-03-13,14.75,14.75,14.75,14.75,12.961395263671875,0
2023-03-14,14.75,14.75,14.75,14.75,12.961395263671875,0
2023-03-15,14.0,14.0,14.0,14.0,12.302339553833008,100
2023-03-16,14.0,14.0,14.0,14.0,12.302339553833008,0
2023-03-17,14.0,14.0,14.0,14.0,12.302339553833008,0
2023-03-20,14.0,14.0,14.0,14.0,12.302339553833008,0
2023-03-21,14.0,14.0,14.0,14.0,12.302339553833008,0
2023-03-22,13.699999809265137,13.699999809265137,13.699999809265137,13.699999809265137,12.038719177246094,100
2023-03-23,13.699999809265137,13.699999809265137,13.699999809265137,13.699999809265137,12.038719177246094,0
2023-03-24,13.350000381469727,13.350000381469727,13.270000457763672,13.270000457763672,11.66086196899414,300
2023-03-27,13.270000457763672,13.270000457763672,13.270000457763672,13.270000457763672,11.66086196899414,0
2023-03-28,13.270000457763672,13.270000457763672,13.270000457763672,13.270000457763672,11.66086196899414,0
2023-03-29,13.270000457763672,13.270000457763672,13.270000457763672,13.270000457763672,11.66086196899414,0
2023-03-30,13.270000457763672,13.270000457763672,13.270000457763672,13.270000457763672,11.66086196899414,0
2023-03-31,13.270000457763672,13.270000457763672,13.270000457763672,13.270000457763672,11.66086196899414,0
2023-04-03,13.270000457763672,13.270000457763672,13.270000457763672,13.270000457763672,11.66086196899414,0
2023-04-04,13.75,13.75,13.75,13.75,12.082655906677246,100
2023-04-05,13.75,13.75,13.75,13.75,12.082655906677246,0
2023-04-06,13.75,13.75,13.75,13.75,12.082655906677246,0
2023-04-10,13.449999809265137,13.449999809265137,13.399999618530273,13.399999618530273,11.775097846984863,600
2023-04-11,13.399999618530273,13.5,13.399999618530273,13.399999618530273,11.775097846984863,300
2023-04-12,13.399999618530273,13.399999618530273,13.399999618530273,13.399999618530273,11.775097846984863,0
2023-04-13,13.399999618530273,13.399999618530273,13.399999618530273,13.399999618530273,11.775097846984863,0
2023-04-14,13.399999618530273,13.399999618530273,13.399999618530273,13.399999618530273,11.775097846984863,0
2023-04-17,13.399999618530273,13.399999618530273,13.399999618530273,13.399999618530273,11.775097846984863,0
2023-04-18,13.399999618530273,13.399999618530273,13.399999618530273,13.399999618530273,11.775097846984863,0
2023-04-19,13.399999618530273,13.399999618530273,13.399999618530273,13.399999618530273,11.775097846984863,0
2023-04-20,13.399999618530273,13.399999618530273,13.399999618530273,13.399999618530273,11.775097846984863,0
2023-04-21,13.399999618530273,13.399999618530273,13.399999618530273,13.399999618530273,11.775097846984863,0
2023-04-24,13.399999618530273,13.399999618530273,13.399999618530273,13.399999618530273,11.775097846984863,0
2023-04-25,13.399999618530273,13.399999618530273,13.399999618530273,13.399999618530273,11.775097846984863,0
2023-04-26,13.399999618530273,13.399999618530273,13.399999618530273,13.399999618530273,11.775097846984863,0
2023-04-27,13.399999618530273,13.399999618530273,13.399999618530273,13.399999618530273,11.775097846984863,0
2023-04-28,13.399999618530273,13.399999618530273,13.399999618530273,13.399999618530273,11.775097846984863,0
2023-05-01,13.399999618530273,13.399999618530273,13.399999618530273,13.399999618530273,11.775097846984863,0
2023-05-02,13.399999618530273,13.399999618530273,13.399999618530273,13.399999618530273,11.775097846984863,0
2023-05-03,13.399999618530273,13.399999618530273,13.399999618530273,13.399999618530273,11.775097846984863,0
2023-05-04,13.399999618530273,13.399999618530273,13.399999618530273,13.399999618530273,11.775097846984863,0
2023-05-05,13.270000457763672,13.270000457763672,13.270000457763672,13.270000457763672,11.66086196899414,600
2023-05-08,12.979999542236328,13.0,12.75,12.75,11.203917503356934,2600
2023-05-09,12.75,12.75,12.75,12.75,11.203917503356934,0
2023-05-10,12.75,12.75,12.75,12.75,11.203917503356934,0
2023-05-11,12.75,12.75,12.75,12.75,11.203917503356934,0
2023-05-12,12.75,12.75,12.649999618530273,12.649999618530273,11.116044044494629,1300
2023-05-15,12.649999618530273,12.649999618530273,12.649999618530273,12.649999618530273,11.116044044494629,0
2023-05-16,12.649999618530273,12.649999618530273,12.649999618530273,12.649999618530273,11.116044044494629,0
2023-05-17,12.649999618530273,12.649999618530273,12.649999618530273,12.649999618530273,11.116044044494629,0
2023-05-18,12.649999618530273,12.649999618530273,12.649999618530273,12.649999618530273,11.116044044494629,0
2023-05-19,12.630000114440918,12.630000114440918,12.630000114440918,12.630000114440918,11.098468780517578,800
2023-05-22,12.630000114440918,12.630000114440918,12.630000114440918,12.630000114440918,11.098468780517578,0
2023-05-23,12.630000114440918,12.630000114440918,12.630000114440918,12.630000114440918,11.098468780517578,0
2023-05-24,12.630000114440918,12.630000114440918,12.630000114440918,12.630000114440918,11.098468780517578,0
2023-05-25,12.649999618530273,12.649999618530273,12.649999618530273,12.649999618530273,11.116044044494629,100
2023-05-26,12.649999618530273,12.649999618530273,12.649999618530273,12.649999618530273,11.116044044494629,0
2023-05-30,12.649999618530273,12.649999618530273,12.649999618530273,12.649999618530273,11.116044044494629,600
2023-05-31,12.010000228881836,12.010000228881836,12.010000228881836,12.010000228881836,10.553650856018066,200
2023-06-01,12.010000228881836,12.010000228881836,12.010000228881836,12.010000228881836,10.553650856018066,0
2023-06-02,12.020000457763672,12.020000457763672,11.0,11.0,9.66612434387207,1000
2023-06-05,11.0,11.0,11.0,11.0,9.66612434387207,0
2023-06-06,11.0,11.0,11.0,11.0,9.66612434387207,0
2023-06-07,11.0,11.0,11.0,11.0,9.66612434387207,0
2023-06-08,11.0,11.0,11.0,11.0,9.66612434387207,0
2023-06-09,11.0,11.0,11.0,11.0,9.66612434387207,0
2023-06-12,11.0,11.0,11.0,11.0,9.66612434387207,0
2023-06-13,11.0,11.0,11.0,11.0,9.66612434387207,0
2023-06-14,11.0,11.0,11.0,11.0,9.66612434387207,0
2023-06-15,11.260000228881836,11.260000228881836,11.260000228881836,11.260000228881836,9.894597053527832,3300
2023-06-16,11.260000228881836,11.260000228881836,11.260000228881836,11.260000228881836,9.894597053527832,0
2023-06-20,11.260000228881836,11.260000228881836,11.260000228881836,11.260000228881836,9.894597053527832,0
2023-06-21,11.260000228881836,11.260000228881836,11.260000228881836,11.260000228881836,9.894597053527832,0
2023-06-22,11.260000228881836,11.260000228881836,11.260000228881836,11.260000228881836,9.894597053527832,0
2023-06-23,11.260000228881836,11.260000228881836,11.260000228881836,11.260000228881836,9.894597053527832,0
2023-06-26,11.260000228881836,11.260000228881836,11.260000228881836,11.260000228881836,9.894597053527832,0
2023-06-27,11.260000228881836,11.260000228881836,11.260000228881836,11.260000228881836,9.894597053527832,100
2023-06-28,11.260000228881836,11.260000228881836,11.260000228881836,11.260000228881836,9.894597053527832,0
2023-06-29,11.260000228881836,11.260000228881836,11.260000228881836,11.260000228881836,9.894597053527832,0
2023-06-30,13.0,13.0,13.0,13.0,11.423602104187012,100
2023-07-03,13.0,13.0,13.0,13.0,11.423602104187012,0
2023-07-05,13.0,13.0,13.0,13.0,11.423602104187012,0
2023-07-06,13.0,13.0,13.0,13.0,11.423602104187012,0
2023-07-07,13.0,13.0,13.0,13.0,11.423602104187012,0
2023-07-10,13.0,13.0,13.0,13.0,11.423602104187012,0
2023-07-11,13.0,13.0,13.0,13.0,11.423602104187012,0
2023-07-12,13.0,13.0,13.0,13.0,11.423602104187012,0
2023-07-13,11.729999542236328,11.729999542236328,11.729999542236328,11.729999542236328,10.30760383605957,300
2023-07-14,11.729999542236328,11.729999542236328,11.729999542236328,11.729999542236328,10.30760383605957,0
2023-07-17,11.729999542236328,11.729999542236328,11.729999542236328,11.729999542236328,10.30760383605957,0
2023-07-18,11.729999542236328,11.729999542236328,11.729999542236328,11.729999542236328,10.30760383605957,100
2023-07-19,12.9399995803833,12.989999771118164,12.9399995803833,12.989999771118164,11.414814949035645,200
2023-07-20,12.989999771118164,12.989999771118164,12.989999771118164,12.989999771118164,11.414814949035645,0
2023-07-21,12.9399995803833,12.9399995803833,12.9399995803833,12.9399995803833,11.370877265930176,100
2023-07-24,12.9399995803833,12.9399995803833,12.9399995803833,12.9399995803833,11.370877265930176,0
2023-07-25,12.9399995803833,12.9399995803833,12.9399995803833,12.9399995803833,11.370877265930176,0
2023-07-26,12.9399995803833,12.9399995803833,12.9399995803833,12.9399995803833,11.370877265930176,0
2023-07-27,12.9399995803833,12.9399995803833,12.9399995803833,12.9399995803833,11.370877265930176,0
2023-07-28,12.9399995803833,12.9399995803833,12.9399995803833,12.9399995803833,11.370877265930176,0
2023-07-31,12.9399995803833,12.9399995803833,12.9399995803833,12.9399995803833,11.370877265930176,0
2023-08-01,12.9399995803833,12.9399995803833,12.9399995803833,12.9399995803833,11.370877265930176,0
2023-08-02,12.9399995803833,12.9399995803833,12.9399995803833,12.9399995803833,11.370877265930176,0
2023-08-03,12.9399995803833,12.9399995803833,12.9399995803833,12.9399995803833,11.370877265930176,0
2023-08-04,12.9399995803833,12.9399995803833,12.9399995803833,12.9399995803833,11.370877265930176,0
2023-08-07,12.9399995803833,12.9399995803833,12.9399995803833,12.9399995803833,11.370877265930176,0
2023-08-08,12.9399995803833,12.9399995803833,12.9399995803833,12.9399995803833,11.370877265930176,0
2023-08-09,12.9399995803833,12.9399995803833,12.9399995803833,12.9399995803833,11.370877265930176,0
2023-08-10,12.9399995803833,12.9399995803833,12.9399995803833,12.9399995803833,11.370877265930176,0
2023-08-11,12.9399995803833,12.9399995803833,12.9399995803833,12.9399995803833,11.370877265930176,0
2023-08-14,12.970000267028809,12.970000267028809,12.970000267028809,12.970000267028809,11.397239685058594,100
2023-08-15,12.970000267028809,12.970000267028809,12.970000267028809,12.970000267028809,11.397239685058594,0
2023-08-16,12.970000267028809,12.970000267028809,12.970000267028809,12.970000267028809,11.397239685058594,0
2023-08-17,12.699999809265137,12.699999809265137,12.699999809265137,12.699999809265137,11.159980773925781,600
2023-08-18,12.619999885559082,12.619999885559082,12.619999885559082,12.619999885559082,11.089680671691895,300
2023-08-21,12.619999885559082,12.619999885559082,12.619999885559082,12.619999885559082,11.089680671691895,0
2023-08-22,12.619999885559082,12.619999885559082,12.619999885559082,12.619999885559082,11.089680671691895,0
2023-08-23,12.600000381469727,12.619999885559082,12.600000381469727,12.600000381469727,11.072107315063477,600
2023-08-24,12.600000381469727,12.600000381469727,12.600000381469727,12.600000381469727,11.072107315063477,0
2023-08-25,12.600000381469727,12.600000381469727,12.600000381469727,12.600000381469727,11.072107315063477,800
2023-08-28,12.600000381469727,12.600000381469727,12.600000381469727,12.600000381469727,11.072107315063477,0
2023-08-29,12.5,12.5,12.5,12.5,10.984231948852539,300
2023-08-30,12.5,12.5,12.5,12.5,10.984231948852539,500
2023-08-31,12.489999771118164,12.489999771118164,12.350000381469727,12.350000381469727,10.852422714233398,200
2023-09-01,12.300000190734863,12.300000190734863,12.300000190734863,12.300000190734863,10.808485984802246,100
2023-09-05,12.210000038146973,12.210000038146973,12.199999809265137,12.199999809265137,10.720611572265625,400
2023-09-06,12.199999809265137,12.199999809265137,12.100000381469727,12.100000381469727,10.632737159729004,500
2023-09-07,12.279999732971191,12.279999732971191,12.279999732971191,12.279999732971191,10.790909767150879,200
2023-09-08,12.279999732971191,12.279999732971191,12.279999732971191,12.279999732971191,10.790909767150879,0
2023-09-11,12.279999732971191,12.279999732971191,12.279999732971191,12.279999732971191,10.790909767150879,0
2023-09-12,12.239999771118164,12.239999771118164,12.239999771118164,12.239999771118164,10.75576114654541,200
2023-09-13,12.149999618530273,12.149999618530273,12.010000228881836,12.010000228881836,10.553650856018066,500
2023-09-14,12.020000457763672,12.020000457763672,12.020000457763672,12.020000457763672,10.56243896484375,400
2023-09-15,12.020000457763672,12.020000457763672,12.020000457763672,12.020000457763672,10.56243896484375,0
2023-09-18,12.020000457763672,12.020000457763672,12.020000457763672,12.020000457763672,10.56243896484375,0
2023-09-19,12.020000457763672,12.020000457763672,12.020000457763672,12.020000457763672,10.56243896484375,0
2023-09-20,12.020000457763672,12.020000457763672,12.020000457763672,12.020000457763672,10.56243896484375,0
2023-09-21,12.020000457763672,12.020000457763672,12.020000457763672,12.020000457763672,10.56243896484375,0
2023-09-22,12.119999885559082,12.119999885559082,12.119999885559082,12.119999885559082,10.650311470031738,100
2023-09-25,12.119999885559082,12.119999885559082,12.119999885559082,12.119999885559082,10.650311470031738,0
2023-09-26,12.119999885559082,12.119999885559082,12.119999885559082,12.119999885559082,10.650311470031738,0
2023-09-27,12.119999885559082,12.119999885559082,12.119999885559082,12.119999885559082,10.650311470031738,0
2023-09-28,12.119999885559082,12.119999885559082,12.119999885559082,12.119999885559082,10.650311470031738,0
2023-09-29,12.119999885559082,12.119999885559082,12.119999885559082,12.119999885559082,10.650311470031738,0
2023-10-02,12.119999885559082,12.119999885559082,12.119999885559082,12.119999885559082,10.650311470031738,0
2023-10-03,12.029999732971191,12.229999542236328,12.029999732971191,12.229999542236328,10.746973037719727,2600
2023-10-04,12.229999542236328,12.229999542236328,12.229999542236328,12.229999542236328,10.746973037719727,0
2023-10-05,12.229999542236328,12.229999542236328,12.229999542236328,12.229999542236328,10.746973037719727,0
2023-10-06,12.229999542236328,12.229999542236328,12.229999542236328,12.229999542236328,10.746973037719727,0
2023-10-09,12.25,12.25,12.25,12.25,10.764548301696777,100
2023-10-10,12.25,12.25,12.25,12.25,10.764548301696777,0
2023-10-11,12.25,12.25,12.25,12.25,10.764548301696777,0
2023-10-12,12.25,12.25,12.25,12.25,10.764548301696777,0
2023-10-13,12.25,12.25,12.25,12.25,10.764548301696777,0
2023-10-16,12.25,12.25,12.25,12.25,10.764548301696777,0
2023-10-17,12.25,12.25,12.25,12.25,10.764548301696777,0
2023-10-18,12.25,12.25,12.25,12.25,10.764548301696777,0
2023-10-19,12.119999885559082,12.119999885559082,12.119999885559082,12.119999885559082,10.650311470031738,100
2023-10-20,12.119999885559082,12.119999885559082,12.119999885559082,12.119999885559082,10.650311470031738,0
2023-10-23,12.119999885559082,12.119999885559082,12.119999885559082,12.119999885559082,10.650311470031738,0
2023-10-24,12.119999885559082,12.119999885559082,12.119999885559082,12.119999885559082,10.650311470031738,0
2023-10-25,12.020000457763672,12.020000457763672,12.020000457763672,12.020000457763672,10.56243896484375,100
2023-10-26,12.020000457763672,12.020000457763672,12.020000457763672,12.020000457763672,10.56243896484375,0
2023-10-27,12.020000457763672,12.020000457763672,12.020000457763672,12.020000457763672,10.56243896484375,0
2023-10-30,12.020000457763672,12.020000457763672,12.020000457763672,12.020000457763672,10.56243896484375,0
2023-10-31,12.020000457763672,12.020000457763672,12.020000457763672,12.020000457763672,10.56243896484375,0
2023-11-01,12.0,12.0,12.0,12.0,10.5448637008667,200
2023-11-02,12.0,12.0,11.979999542236328,12.0,10.5448637008667,1400
2023-11-03,12.050000190734863,12.050000190734863,12.050000190734863,12.050000190734863,10.588800430297852,100
2023-11-06,12.050000190734863,12.050000190734863,12.050000190734863,12.050000190734863,10.588800430297852,0
2023-11-07,12.050000190734863,12.050000190734863,12.050000190734863,12.050000190734863,10.588800430297852,0
2023-11-08,12.0,12.0,12.0,12.0,10.5448637008667,400
2023-11-09,12.0,12.0,12.0,12.0,10.5448637008667,0
2023-11-10,12.0,12.0,12.0,12.0,10.5448637008667,0
2023-11-13,12.0,12.0,12.0,12.0,10.5448637008667,0
2023-11-14,11.989999771118164,11.989999771118164,11.989999771118164,11.989999771118164,10.536076545715332,600
2023-11-15,11.989999771118164,11.989999771118164,11.989999771118164,11.989999771118164,10.536076545715332,0
2023-11-16,11.989999771118164,11.989999771118164,11.989999771118164,11.989999771118164,10.536076545715332,0
2023-11-17,12.0,12.0,12.0,12.0,10.5448637008667,500
2023-11-20,12.0,12.0,12.0,12.0,10.5448637008667,0
2023-11-21,12.25,12.25,12.15999984741211,12.15999984741211,10.685461044311523,900
2023-11-22,12.15999984741211,12.15999984741211,12.15999984741211,12.15999984741211,10.685461044311523,0
2023-11-24,12.15999984741211,12.15999984741211,12.15999984741211,12.15999984741211,10.685461044311523,0
2023-11-27,12.15999984741211,12.15999984741211,12.15999984741211,12.15999984741211,10.685461044311523,200
2023-11-28,12.15999984741211,12.15999984741211,12.15999984741211,12.15999984741211,10.685461044311523,0
2023-11-29,12.15999984741211,12.15999984741211,12.15999984741211,12.15999984741211,10.685461044311523,0
2023-11-30,12.25,12.289999961853027,12.25,12.279999732971191,10.790909767150879,2000
2023-12-01,12.329999923706055,12.329999923706055,12.229999542236328,12.329999923706055,10.834847450256348,1600
2023-12-04,12.0,12.0,12.0,12.0,10.5448637008667,300
2023-12-05,12.0,12.0,12.0,12.0,10.5448637008667,0
2023-12-06,12.600000381469727,12.600000381469727,12.25,12.25,10.764548301696777,200
2023-12-07,12.25,12.25,12.25,12.25,10.764548301696777,0
2023-12-08,12.40999984741211,12.40999984741211,12.40999984741211,12.40999984741211,10.905145645141602,100
2023-12-11,12.40999984741211,12.40999984741211,12.40999984741211,12.40999984741211,10.905145645141602,0
2023-12-12,12.420000076293945,12.420000076293945,12.420000076293945,12.420000076293945,10.913933753967285,100
2023-12-13,12.420000076293945,12.420000076293945,12.420000076293945,12.420000076293945,10.913933753967285,0
2023-12-14,12.420000076293945,12.420000076293945,12.420000076293945,12.420000076293945,11.16105842590332,0
2023-12-15,12.59000015258789,12.600000381469727,12.579999923706055,12.600000381469727,11.322813034057617,1000
2023-12-18,12.600000381469727,12.600000381469727,12.600000381469727,12.600000381469727,11.322813034057617,0
2023-12-19,12.300000190734863,12.739999771118164,12.300000190734863,12.739999771118164,11.44862174987793,1500
2023-12-20,12.850000381469727,12.890000343322754,12.829999923706055,12.890000343322754,11.583417892456055,4000
2023-12-21,12.890000343322754,12.890000343322754,12.890000343322754,12.890000343322754,11.583417892456055,100
2023-12-22,12.890000343322754,12.890000343322754,12.890000343322754,12.890000343322754,11.583417892456055,0
2023-12-26,12.890000343322754,12.890000343322754,12.890000343322754,12.890000343322754,11.583417892456055,0
2023-12-27,12.90999984741211,12.90999984741211,12.90999984741211,12.90999984741211,11.60138988494873,200
2023-12-28,12.90999984741211,12.90999984741211,12.90999984741211,12.90999984741211,11.60138988494873,0
2023-12-29,13.020000457763672,13.229999542236328,13.010000228881836,13.119999885559082,11.790103912353516,1400
2024-01-02,13.119999885559082,13.119999885559082,13.119999885559082,13.119999885559082,11.790103912353516,0
2024-01-03,13.119999885559082,13.119999885559082,13.119999885559082,13.119999885559082,11.790103912353516,0
2024-01-04,13.119999885559082,13.119999885559082,13.119999885559082,13.119999885559082,11.790103912353516,0
2024-01-05,13.140000343322754,13.140000343322754,13.140000343322754,13.140000343322754,11.808076858520508,100
2024-01-08,13.380000114440918,13.380000114440918,13.380000114440918,13.380000114440918,12.023749351501465,200
2024-01-09,13.380000114440918,13.380000114440918,13.380000114440918,13.380000114440918,12.023749351501465,0
2024-01-10,13.34000015258789,13.34000015258789,13.34000015258789,13.34000015258789,11.98780345916748,200
2024-01-11,13.399999618530273,13.420000076293945,13.399999618530273,13.420000076293945,12.059694290161133,1600
2024-01-12,13.420000076293945,13.420000076293945,13.420000076293945,13.420000076293945,12.059694290161133,0
2024-01-16,13.34000015258789,13.34000015258789,13.34000015258789,13.34000015258789,11.98780345916748,400
2024-01-17,13.319999694824219,13.319999694824219,13.180000305175781,13.180000305175781,11.844021797180176,900
2024-01-18,13.220000267028809,13.220000267028809,13.220000267028809,13.220000267028809,11.879966735839844,700
2024-01-19,13.420000076293945,13.4399995803833,13.300000190734863,13.300000190734863,11.951858520507812,1000
2024-01-22,13.970000267028809,14.079999923706055,13.970000267028809,14.079999923706055,12.652793884277344,7700
2024-01-23,14.079999923706055,14.079999923706055,14.079999923706055,14.079999923706055,12.652793884277344,0
2024-01-24,14.079999923706055,14.350000381469727,14.079999923706055,14.350000381469727,12.895426750183105,3900
2024-01-25,14.5,14.5,14.5,14.5,13.030220985412598,100
2024-01-26,14.479999542236328,14.5,14.479999542236328,14.5,13.030220985412598,800
2024-01-29,14.670000076293945,14.670000076293945,14.670000076293945,14.670000076293945,13.182989120483398,7800
2024-01-30,14.670000076293945,14.670000076293945,14.670000076293945,14.670000076293945,13.182989120483398,0
2024-01-31,14.670000076293945,14.670000076293945,14.670000076293945,14.670000076293945,13.182989120483398,0
2024-02-01,14.670000076293945,14.670000076293945,14.670000076293945,14.670000076293945,13.182989120483398,0
2024-02-02,14.670000076293945,14.670000076293945,14.670000076293945,14.670000076293945,13.182989120483398,0
2024-02-05,14.0,14.0,13.920000076293945,13.920000076293945,12.509012222290039,600
2024-02-06,14.59000015258789,14.609999656677246,14.579999923706055,14.609999656677246,13.129070281982422,900
2024-02-07,14.609999656677246,14.609999656677246,14.609999656677246,14.609999656677246,13.129070281982422,0
2024-02-08,14.609999656677246,14.609999656677246,14.609999656677246,14.609999656677246,13.129070281982422,0
2024-02-09,14.609999656677246,14.609999656677246,14.609999656677246,14.609999656677246,13.129070281982422,0
2024-02-12,14.609999656677246,14.609999656677246,14.609999656677246,14.609999656677246,13.129070281982422,0
2024-02-13,14.609999656677246,14.609999656677246,14.609999656677246,14.609999656677246,13.129070281982422,0
2024-02-14,14.609999656677246,14.609999656677246,14.609999656677246,14.609999656677246,13.129070281982422,0
2024-02-15,14.609999656677246,14.609999656677246,14.609999656677246,14.609999656677246,13.129070281982422,0
2024-02-16,14.569999694824219,14.75,14.569999694824219,14.619999885559082,13.138057708740234,10100
2024-02-20,14.619999885559082,14.619999885559082,14.619999885559082,14.619999885559082,13.138057708740234,0
2024-02-21,14.619999885559082,14.619999885559082,14.619999885559082,14.619999885559082,13.138057708740234,0
2024-02-22,14.619999885559082,14.619999885559082,14.619999885559082,14.619999885559082,13.138057708740234,0
2024-02-23,14.119999885559082,14.119999885559082,13.880000114440918,13.880000114440918,12.473067283630371,1200
2024-02-26,13.880000114440918,13.880000114440918,13.880000114440918,13.880000114440918,12.473067283630371,100
2024-02-27,14.399999618530273,14.399999618530273,14.399999618530273,14.399999618530273,12.940357208251953,500
2024-02-28,14.050000190734863,14.050000190734863,14.050000190734863,14.050000190734863,12.625835418701172,300
2024-02-29,14.050000190734863,14.050000190734863,14.050000190734863,14.050000190734863,12.625835418701172,0
2024-03-01,14.0,14.0,14.0,14.0,12.580903053283691,100
2024-03-04,14.0,14.199999809265137,14.0,14.0,12.580903053283691,900
2024-03-05,14.0,14.0,14.0,14.0,12.580903053283691,0
2024-03-06,14.0,14.0,14.0,14.0,12.580903053283691,0
2024-03-07,14.0,14.0,14.0,14.0,12.580903053283691,0
2024-03-08,14.0,14.0,14.0,14.0,12.580903053283691,0
2024-03-11,13.890000343322754,13.890000343322754,13.890000343322754,13.890000343322754,12.482053756713867,300
2024-03-12,14.029999732971191,14.170000076293945,13.8100004196167,13.8100004196167,12.410162925720215,5800
2024-03-13,13.8100004196167,13.8100004196167,13.8100004196167,13.8100004196167,12.410162925720215,0
2024-03-14,13.8100004196167,13.8100004196167,13.8100004196167,13.8100004196167,12.410162925720215,0
2024-03-15,13.8100004196167,13.8100004196167,13.8100004196167,13.8100004196167,12.410162925720215,0
2024-03-18,13.8100004196167,13.8100004196167,13.8100004196167,13.8100004196167,12.410162925720215,0
2024-03-19,13.859999656677246,13.869999885559082,13.859999656677246,13.869999885559082,12.464080810546875,5400
2024-03-20,14.029999732971191,14.029999732971191,13.84000015258789,13.84000015258789,12.437122344970703,1300
2024-03-21,13.829999923706055,13.829999923706055,13.829999923706055,13.829999923706055,12.42813491821289,500
2024-03-22,13.829999923706055,13.829999923706055,13.829999923706055,13.829999923706055,12.42813491821289,0
2024-03-25,13.829999923706055,13.829999923706055,13.829999923706055,13.829999923706055,12.42813491821289,0
2024-03-26,14.65999984741211,14.65999984741211,14.65999984741211,14.65999984741211,13.174003601074219,100
2024-03-27,14.65999984741211,14.65999984741211,14.65999984741211,14.65999984741211,13.174003601074219,0
2024-03-28,14.6899995803833,14.6899995803833,14.6899995803833,14.6899995803833,13.20096206665039,200
2024-04-01,14.6899995803833,14.6899995803833,14.6899995803833,14.6899995803833,13.20096206665039,0
2024-04-02,14.6899995803833,14.6899995803833,14.6899995803833,14.6899995803833,13.20096206665039,0
2024-04-03,14.6899995803833,14.6899995803833,14.6899995803833,14.6899995803833,13.20096206665039,0
2024-04-04,14.6899995803833,14.6899995803833,14.6899995803833,14.6899995803833,13.20096206665039,0
2024-04-05,14.6899995803833,14.6899995803833,14.6899995803833,14.6899995803833,13.20096206665039,0
2024-04-08,14.479999542236328,14.5,14.479999542236328,14.5,13.030220985412598,1500
2024-04-09,14.130000114440918,14.130000114440918,14.130000114440918,14.130000114440918,12.697725296020508,100
2024-04-10,14.130000114440918,14.130000114440918,14.130000114440918,14.130000114440918,12.697725296020508,0
2024-04-11,14.130000114440918,14.130000114440918,14.130000114440918,14.130000114440918,12.697725296020508,100
2024-04-12,14.130000114440918,14.130000114440918,14.130000114440918,14.130000114440918,12.697725296020508,0
2024-04-15,14.130000114440918,14.130000114440918,14.130000114440918,14.130000114440918,12.697725296020508,0
2024-04-16,14.130000114440918,14.130000114440918,14.130000114440918,14.130000114440918,12.697725296020508,0
2024-04-17,14.15999984741211,14.15999984741211,14.15999984741211,14.15999984741211,12.724684715270996,500
2024-04-18,14.15999984741211,14.15999984741211,14.15999984741211,14.15999984741211,12.724684715270996,0
2024-04-19,14.15999984741211,14.15999984741211,14.15999984741211,14.15999984741211,12.724684715270996,0
2024-04-22,14.15999984741211,14.15999984741211,14.15999984741211,14.15999984741211,12.724684715270996,0
2024-04-23,14.15999984741211,14.15999984741211,14.15999984741211,14.15999984741211,12.724684715270996,0
2024-04-24,14.15999984741211,14.15999984741211,14.15999984741211,14.15999984741211,12.724684715270996,0
2024-04-25,14.760000228881836,14.789999961853027,14.760000228881836,14.789999961853027,13.290825843811035,300
2024-04-26,15.029999732971191,15.029999732971191,15.029999732971191,15.029999732971191,13.506498336791992,700
2024-04-29,14.989999771118164,14.989999771118164,14.989999771118164,14.989999771118164,13.470552444458008,400
2024-04-30,14.989999771118164,14.989999771118164,14.989999771118164,14.989999771118164,13.470552444458008,0
2024-05-01,14.989999771118164,14.989999771118164,14.989999771118164,14.989999771118164,13.470552444458008,0
2024-05-02,15.0,15.0,15.0,15.0,13.47953987121582,300
2024-05-03,15.0,15.0,15.0,15.0,13.47953987121582,0
2024-05-06,15.0,15.0,15.0,15.0,13.47953987121582,0
2024-05-07,15.010000228881836,15.609999656677246,15.010000228881836,15.609999656677246,14.02770709991455,500
2024-05-08,15.609999656677246,15.609999656677246,15.609999656677246,15.609999656677246,14.02770709991455,0
2024-05-09,15.609999656677246,15.609999656677246,15.609999656677246,15.609999656677246,14.02770709991455,0
2024-05-10,15.609999656677246,15.609999656677246,15.609999656677246,15.609999656677246,14.02770709991455,100
2024-05-13,15.609999656677246,15.609999656677246,15.609999656677246,15.609999656677246,14.02770709991455,0
2024-05-14,15.609999656677246,15.609999656677246,15.609999656677246,15.609999656677246,14.02770709991455,0
2024-05-15,15.609999656677246,15.609999656677246,15.609999656677246,15.609999656677246,14.02770709991455,0
2024-05-16,15.399999618530273,15.510000228881836,15.399999618530273,15.510000228881836,13.937844276428223,300
2024-05-17,15.510000228881836,15.510000228881836,15.510000228881836,15.510000228881836,13.937844276428223,0
2024-05-20,15.510000228881836,15.510000228881836,15.510000228881836,15.510000228881836,13.937844276428223,0
2024-05-21,15.510000228881836,15.510000228881836,15.510000228881836,15.510000228881836,13.937844276428223,0
2024-05-22,15.84000015258789,15.84000015258789,15.729999542236328,15.729999542236328,14.135542869567871,200
2024-05-23,15.729999542236328,15.729999542236328,15.729999542236328,15.729999542236328,14.135542869567871,0
2024-05-24,15.729999542236328,15.729999542236328,15.729999542236328,15.729999542236328,14.135542869567871,100
2024-05-28,15.40999984741211,15.40999984741211,15.40999984741211,15.40999984741211,13.847979545593262,100
2024-05-29,15.75,15.75,15.75,15.75,14.153515815734863,100
2024-05-30,15.75,15.75,15.75,15.75,14.153515815734863,0
2024-05-31,15.75,15.75,15.75,15.75,14.153515815734863,0
2024-06-03,15.75,15.75,15.75,15.75,14.153515815734863,0
2024-06-04,15.75,15.75,15.75,15.75,14.153515815734863,500
2024-06-05,15.75,15.75,15.75,15.75,14.153515815734863,0
2024-06-06,15.75,15.75,15.75,15.75,14.153515815734863,0
2024-06-07,15.5,15.75,15.5,15.5,13.92885684967041,800
2024-06-10,15.5,15.5,15.5,15.5,13.92885684967041,0
2024-06-11,15.5,15.5,15.5,15.5,13.92885684967041,0
2024-06-12,15.5,15.5,15.5,15.5,13.92885684967041,100
2024-06-13,15.75,15.75,15.75,15.75,14.153515815734863,200
2024-06-14,15.75,15.75,15.75,15.75,14.153515815734863,0
2024-06-17,15.75,15.75,15.75,15.75,14.153515815734863,0
2024-06-18,15.75,15.75,15.75,15.75,14.153515815734863,0
2024-06-20,15.75,15.75,15.75,15.75,14.153515815734863,0
2024-06-21,15.75,15.75,15.75,15.75,14.153515815734863,0
2024-06-24,15.75,15.75,15.75,15.75,14.153515815734863,0
2024-06-25,16.0,16.0,16.0,16.0,14.378174781799316,100
2024-06-26,16.0,16.0,16.0,16.0,14.378174781799316,0
2024-06-27,15.949999809265137,15.949999809265137,15.949999809265137,15.949999809265137,14.333243370056152,100
2024-06-28,15.949999809265137,15.949999809265137,15.949999809265137,15.949999809265137,14.333243370056152,0
2024-07-01,15.949999809265137,15.949999809265137,15.949999809265137,15.949999809265137,14.333243370056152,0
2024-07-02,15.949999809265137,15.949999809265137,15.949999809265137,15.949999809265137,14.333243370056152,0
2024-07-03,15.949999809265137,15.949999809265137,15.949999809265137,15.949999809265137,14.333243370056152,0
2024-07-05,15.520000457763672,15.520000457763672,14.699999809265137,15.5,13.92885684967041,1700
2024-07-08,15.5,15.5,15.5,15.5,13.92885684967041,0
2024-07-09,15.5,15.5,15.5,15.5,13.92885684967041,0
2024-07-10,15.5,15.5,15.5,15.5,13.92885684967041,0
2024-07-11,15.5,15.5,15.5,15.5,13.92885684967041,100
2024-07-12,15.75,16.0,15.75,16.0,14.378174781799316,300
2024-07-15,15.75,15.75,15.720000267028809,15.720000267028809,14.126557350158691,1900
2024-07-16,15.720000267028809,15.720000267028809,15.720000267028809,15.720000267028809,14.126557350158691,0
2024-07-17,15.720000267028809,15.720000267028809,15.720000267028809,15.720000267028809,14.126557350158691,0
2024-07-18,15.720000267028809,15.720000267028809,15.720000267028809,15.720000267028809,14.126557350158691,0
2024-07-19,15.760000228881836,15.760000228881836,15.75,15.75,14.153515815734863,400
2024-07-22,15.720000267028809,15.779999732971191,15.720000267028809,15.779999732971191,14.180475234985352,1000
2024-07-23,15.640000343322754,16.0,15.640000343322754,15.649999618530273,14.063652038574219,2000
2024-07-24,15.319999694824219,15.319999694824219,15.319999694824219,15.319999694824219,13.767102241516113,200
2024-07-25,15.319999694824219,15.319999694824219,15.319999694824219,15.319999694824219,13.767102241516113,0
2024-07-26,15.529999732971191,15.529999732971191,15.529999732971191,15.529999732971191,13.955816268920898,100
2024-07-29,15.529999732971191,15.529999732971191,15.529999732971191,15.529999732971191,13.955816268920898,0
2024-07-30,15.600000381469727,15.600000381469727,15.600000381469727,15.600000381469727,14.018720626831055,100
2024-07-31,15.600000381469727,15.600000381469727,15.600000381469727,15.600000381469727,14.018720626831055,0
2024-08-01,15.699999809265137,15.699999809265137,15.600000381469727,15.600000381469727,14.018720626831055,500
2024-08-02,15.359999656677246,15.359999656677246,15.359999656677246,15.359999656677246,13.803048133850098,100
2024-08-05,15.359999656677246,15.359999656677246,15.359999656677246,15.359999656677246,13.803048133850098,0
2024-08-06,15.359999656677246,15.359999656677246,15.359999656677246,15.359999656677246,13.803048133850098,0
2024-08-07,15.359999656677246,15.359999656677246,15.359999656677246,15.359999656677246,13.803048133850098,0
2024-08-08,15.359999656677246,15.359999656677246,15.359999656677246,15.359999656677246,13.803048133850098,0
2024-08-09,16.360000610351562,16.360000610351562,16.360000610351562,16.360000610351562,14.701685905456543,600
2024-08-12,16.360000610351562,16.360000610351562,16.360000610351562,16.360000610351562,14.701685905456543,0
2024-08-13,16.360000610351562,16.360000610351562,16.360000610351562,16.360000610351562,14.701685905456543,0
2024-08-14,16.360000610351562,16.360000610351562,16.360000610351562,16.360000610351562,14.701685905456543,0
2024-08-15,15.390000343322754,15.390000343322754,15.390000343322754,15.390000343322754,13.830007553100586,600
2024-08-16,15.390000343322754,15.390000343322754,15.390000343322754,15.390000343322754,13.830007553100586,100
2024-08-19,15.390000343322754,15.390000343322754,15.390000343322754,15.390000343322754,13.830007553100586,100
2024-08-20,15.390000343322754,15.390000343322754,15.390000343322754,15.390000343322754,13.830007553100586,0
2024-08-21,15.390000343322754,15.390000343322754,15.390000343322754,15.390000343322754,13.830007553100586,0
2024-08-22,15.390000343322754,15.390000343322754,15.390000343322754,15.390000343322754,13.830007553100586,0
2024-08-23,15.390000343322754,15.390000343322754,15.390000343322754,15.390000343322754,13.830007553100586,0
2024-08-26,15.600000381469727,15.600000381469727,15.600000381469727,15.600000381469727,14.018720626831055,1000
2024-08-27,15.760000228881836,15.760000228881836,15.760000228881836,15.760000228881836,14.162503242492676,100
2024-08-28,15.760000228881836,15.760000228881836,15.760000228881836,15.760000228881836,14.162503242492676,0
2024-08-29,16.0,16.0,16.0,16.0,14.378174781799316,200
2024-08-30,16.0,16.0,16.0,16.0,14.378174781799316,0
2024-09-03,15.720000267028809,15.720000267028809,15.699999809265137,15.699999809265137,14.1085844039917,400
2024-09-04,15.710000038146973,15.720000267028809,15.699999809265137,15.699999809265137,14.1085844039917,1100
2024-09-05,15.699999809265137,15.699999809265137,15.699999809265137,15.699999809265137,14.1085844039917,0
2024-09-06,15.699999809265137,15.699999809265137,15.699999809265137,15.699999809265137,14.1085844039917,0
2024-09-09,15.699999809265137,15.699999809265137,15.5,15.5,13.92885684967041,2500
2024-09-10,15.5,15.5,15.5,15.5,13.92885684967041,0
2024-09-11,15.5,15.5,15.5,15.5,13.92885684967041,200
2024-09-12,15.5,15.5,15.5,15.5,13.92885684967041,0
2024-09-13,15.550000190734863,15.600000381469727,15.520000457763672,15.600000381469727,14.018720626831055,300
2024-09-16,15.569999694824219,15.569999694824219,15.5,15.5,13.92885684967041,1000
2024-09-17,15.579999923706055,15.579999923706055,15.579999923706055,15.579999923706055,14.000747680664062,100
2024-09-18,15.579999923706055,15.579999923706055,15.579999923706055,15.579999923706055,14.000747680664062,0
2024-09-19,16.420000076293945,16.440000534057617,16.40999984741211,16.40999984741211,14.746615409851074,3900
2024-09-20,16.40999984741211,16.40999984741211,16.40999984741211,16.40999984741211,14.746615409851074,0
2024-09-23,16.40999984741211,16.40999984741211,16.40999984741211,16.40999984741211,14.746615409851074,0
2024-09-24,15.920000076293945,15.920000076293945,15.920000076293945,15.920000076293945,14.306283950805664,100
2024-09-25,15.920000076293945,15.920000076293945,15.920000076293945,15.920000076293945,14.306283950805664,0
2024-09-26,15.920000076293945,15.920000076293945,15.920000076293945,15.920000076293945,14.306283950805664,0
2024-09-27,15.970000267028809,15.970000267028809,15.970000267028809,15.970000267028809,14.351216316223145,300
2024-09-30,16.0,16.0,16.0,16.0,14.378174781799316,100
2024-10-01,15.949999809265137,15.949999809265137,15.890000343322754,15.890000343322754,14.279325485229492,200
2024-10-02,15.890000343322754,15.890000343322754,15.890000343322754,15.890000343322754,14.279325485229492,0
2024-10-03,15.890000343322754,15.890000343322754,15.890000343322754,15.890000343322754,14.279325485229492,0
2024-10-04,15.59000015258789,15.8100004196167,15.59000015258789,15.8100004196167,14.20743465423584,800
2024-10-07,15.8100004196167,15.8100004196167,15.8100004196167,15.8100004196167,14.20743465423584,0
2024-10-08,15.8100004196167,15.8100004196167,15.8100004196167,15.8100004196167,14.20743465423584,0
2024-10-09,15.75,15.75,15.75,15.75,14.153515815734863,400
2024-10-10,15.75,15.75,15.75,15.75,14.153515815734863,0
2024-10-11,15.680000305175781,15.779999732971191,15.680000305175781,15.75,14.153515815734863,700
2024-10-14,15.75,15.75,15.75,15.75,14.153515815734863,0
2024-10-15,15.609999656677246,15.609999656677246,15.59000015258789,15.600000381469727,14.018720626831055,1300
2024-10-16,16.0,16.0,16.0,16.0,14.378174781799316,600
2024-10-17,16.0,16.0,15.850000381469727,15.949999809265137,14.333243370056152,1700
2024-10-18,15.8100004196167,15.8100004196167,15.800000190734863,15.8100004196167,14.20743465423584,1000
2024-10-21,16.110000610351562,16.110000610351562,16.0,16.0,14.378174781799316,2100
2024-10-22,16.0,16.0,16.0,16.0,14.378174781799316,0
2024-10-23,16.0,16.0,16.0,16.0,14.378174781799316,0
2024-10-24,16.0,16.0,16.0,16.0,14.378174781799316,0
2024-10-25,16.0,16.0,16.0,16.0,14.378174781799316,0
2024-10-28,16.0,16.0,16.0,16.0,14.378174781799316,0
2024-10-29,16.0,16.0,16.0,16.0,14.378174781799316,0
2024-10-30,15.970000267028809,15.979999542236328,15.890000343322754,15.890000343322754,14.279325485229492,300
2024-10-31,15.630000114440918,15.630000114440918,15.4399995803833,15.4399995803833,13.874938011169434,400
2024-11-01,15.4399995803833,15.4399995803833,15.4399995803833,15.4399995803833,13.874938011169434,0
2024-11-04,15.4399995803833,15.4399995803833,15.4399995803833,15.4399995803833,13.874938011169434,0
2024-11-05,15.4399995803833,15.4399995803833,15.4399995803833,15.4399995803833,13.874938011169434,0
2024-11-06,15.729999542236328,15.75,15.729999542236328,15.75,14.153515815734863,600
2024-11-07,15.75,15.75,15.75,15.75,14.153515815734863,0
2024-11-08,15.75,15.75,15.75,15.75,14.153515815734863,0
2024-11-11,15.75,15.75,15.75,15.75,14.153515815734863,0
2024-11-12,15.75,15.75,15.75,15.75,14.153515815734863,0
2024-11-13,15.75,15.75,15.75,15.75,14.153515815734863,0
2024-11-14,15.75,15.75,15.75,15.75,14.153515815734863,0
2024-11-15,15.75,15.75,15.75,15.75,14.153515815734863,0
2024-11-18,15.75,15.75,15.75,15.75,14.153515815734863,0
2024-11-19,15.75,15.75,15.75,15.75,14.153515815734863,0
2024-11-20,16.200000762939453,16.200000762939453,16.200000762939453,16.200000762939453,14.557903289794922,100
2024-11-21,16.200000762939453,16.200000762939453,16.149999618530273,16.149999618530273,14.512969970703125,800
2024-11-22,16.149999618530273,16.149999618530273,16.149999618530273,16.149999618530273,14.512969970703125,0
2024-11-25,16.149999618530273,16.149999618530273,16.149999618530273,16.149999618530273,14.512969970703125,0
2024-11-26,16.479999542236328,16.5,16.459999084472656,16.459999084472656,14.791546821594238,600
2024-11-27,16.459999084472656,16.459999084472656,16.459999084472656,16.459999084472656,14.791546821594238,0
2024-11-29,16.670000076293945,16.739999771118164,16.520000457763672,16.520000457763672,14.845465660095215,300
2024-12-02,16.520000457763672,16.520000457763672,16.520000457763672,16.520000457763672,14.845465660095215,0
2024-12-03,17.0,17.0,17.0,17.0,15.276811599731445,100
2024-12-04,17.0,17.329999923706055,17.0,17.329999923706055,15.573360443115234,900
2024-12-05,17.329999923706055,17.329999923706055,17.329999923706055,17.329999923706055,15.573360443115234,0
2024-12-06,18.0,18.0,18.0,18.0,16.175445556640625,100
2024-12-09,18.0,18.0,18.0,18.0,16.175445556640625,0
2024-12-10,18.139999389648438,18.200000762939453,18.139999389648438,18.200000762939453,16.355175018310547,400
2024-12-11,18.0,18.0,17.75,17.75,15.950788497924805,800
2024-12-12,18.0,18.049999237060547,18.0,18.0,16.175445556640625,600
2024-12-13,18.0,18.0,18.0,18.0,16.175445556640625,0
2024-12-16,18.0,18.0,16.549999237060547,16.610000610351562,16.52362823486328,900
2024-12-17,16.610000610351562,16.610000610351562,16.610000610351562,16.610000610351562,16.52362823486328,0
2024-12-18,17.200000762939453,17.200000762939453,16.950000762939453,16.950000762939453,16.861860275268555,500
2024-12-19,16.950000762939453,16.950000762939453,16.950000762939453,16.950000762939453,16.861860275268555,0
2024-12-20,16.950000762939453,16.950000762939453,16.950000762939453,16.950000762939453,16.861860275268555,0
2024-12-23,16.950000762939453,16.950000762939453,16.950000762939453,16.950000762939453,16.861860275268555,0
2024-12-24,16.950000762939453,16.950000762939453,16.950000762939453,16.950000762939453,16.861860275268555,0
2024-12-26,16.950000762939453,16.950000762939453,16.950000762939453,16.950000762939453,16.861860275268555,0
2024-12-27,16.610000610351562,17.149999618530273,16.600000381469727,17.139999389648438,17.050870895385742,1700
2024-12-30,17.139999389648438,17.139999389648438,17.139999389648438,17.139999389648438,17.050870895385742,0
2024-12-31,17.139999389648438,17.139999389648438,17.139999389648438,17.139999389648438,17.050870895385742,0
2025-01-02,17.18000030517578,17.18000030517578,17.149999618530273,17.149999618530273,17.060819625854492,600
2025-01-03,17.149999618530273,17.149999618530273,17.149999618530273,17.149999618530273,17.060819625854492,200
2025-01-06,17.219999313354492,17.459999084472656,17.219999313354492,17.420000076293945,17.329416275024414,1100
2025-01-07,16.75,16.75,15.0,15.010000228881836,14.931947708129883,1200
2025-01-08,15.520000457763672,15.520000457763672,15.520000457763672,15.520000457763672,15.439295768737793,100
2025-01-10,15.520000457763672,15.520000457763672,15.520000457763672,15.520000457763672,15.439295768737793,0
2025-01-13,15.520000457763672,15.520000457763672,15.520000457763672,15.520000457763672,15.439295768737793,0
2025-01-14,15.520000457763672,15.520000457763672,15.520000457763672,15.520000457763672,15.439295768737793,0
2025-01-15,15.800000190734863,17.5,15.800000190734863,17.5,17.409000396728516,1000
2025-01-16,17.5,17.5,17.5,17.5,17.409000396728516,0
2025-01-17,17.34000015258789,17.34000015258789,17.34000015258789,17.34000015258789,17.249832153320312,200
2025-01-21,17.34000015258789,17.34000015258789,17.34000015258789,17.34000015258789,17.249832153320312,0
2025-01-22,17.34000015258789,17.34000015258789,17.34000015258789,17.34000015258789,17.249832153320312,0
2025-01-23,16.989999771118164,17.34000015258789,16.989999771118164,17.170000076293945,17.08071517944336,1100
2025-01-24,17.270000457763672,17.270000457763672,17.270000457763672,17.270000457763672,17.18019676208496,300
2025-01-27,17.25,17.329999923706055,17.25,17.31999969482422,17.229934692382812,6900
2025-01-28,17.25,17.5,17.229999542236328,17.5,17.409000396728516,1000
2025-01-29,17.5,17.5,17.5,17.5,17.409000396728516,200
2025-01-30,17.5,17.5,17.5,17.5,17.409000396728516,0
2025-01-31,17.5,17.5,17.5,17.5,17.409000396728516,200
2025-02-03,17.239999771118164,17.5,16.950000762939453,17.5,17.409000396728516,1100
2025-02-04,17.5,17.5,17.5,17.5,17.409000396728516,0
2025-02-05,17.06999969482422,17.06999969482422,17.06999969482422,17.06999969482422,16.98123550415039,300
2025-02-06,17.079999923706055,17.5,17.079999923706055,17.5,17.409000396728516,1100
2025-02-07,17.5,17.5,17.5,17.5,17.409000396728516,0
2025-02-10,17.219999313354492,17.219999313354492,17.219999313354492,17.219999313354492,17.130455017089844,100
2025-02-11,17.219999313354492,17.219999313354492,17.219999313354492,17.219999313354492,17.130455017089844,0
2025-02-12,17.219999313354492,17.219999313354492,17.219999313354492,17.219999313354492,17.130455017089844,0
2025-02-13,17.229999542236328,17.229999542236328,17.229999542236328,17.229999542236328,17.140403747558594,1000
2025-02-14,17.229999542236328,17.229999542236328,17.229999542236328,17.229999542236328,17.140403747558594,0
2025-02-18,17.229999542236328,17.229999542236328,17.229999542236328,17.229999542236328,17.140403747558594,0
2025-02-19,17.229999542236328,17.229999542236328,17.229999542236328,17.229999542236328,17.140403747558594,0
2025-02-20,17.299999237060547,17.299999237060547,17.299999237060547,17.299999237060547,17.210039138793945,100
2025-02-21,17.299999237060547,17.600000381469727,17.270000457763672,17.270000457763672,17.18019676208496,400
2025-02-24,17.270000457763672,17.270000457763672,17.270000457763672,17.270000457763672,17.18019676208496,0
2025-02-25,17.010000228881836,17.010000228881836,16.979999542236328,16.979999542236328,16.89170265197754,1200
2025-02-26,16.600000381469727,17.700000762939453,16.600000381469727,17.229999542236328,17.140403747558594,700
2025-02-27,17.0,17.0,17.0,17.0,16.91160011291504,400
2025-02-28,17.0,17.0,17.0,17.0,16.91160011291504,0
2025-03-03,17.0,17.0,17.0,17.0,16.91160011291504,0
2025-03-04,17.010000228881836,17.510000228881836,17.0,17.0,16.91160011291504,2000
2025-03-05,17.0,17.0,16.860000610351562,16.860000610351562,16.772327423095703,200
2025-03-06,16.799999237060547,16.799999237060547,16.75,16.75,16.662899017333984,700
2025-03-07,16.809999465942383,16.809999465942383,16.809999465942383,16.809999465942383,16.72258758544922,100
2025-03-10,16.6200008392334,16.6200008392334,16.600000381469727,16.600000381469727,16.51367950439453,300
2025-03-11,16.600000381469727,16.600000381469727,16.600000381469727,16.600000381469727,16.51367950439453,0
2025-03-12,16.600000381469727,16.600000381469727,16.600000381469727,16.600000381469727,16.51367950439453,0
2025-03-13,16.600000381469727,16.600000381469727,16.600000381469727,16.600000381469727,16.51367950439453,0
2025-03-14,16.260000228881836,16.260000228881836,16.260000228881836,16.260000228881836,16.175447463989258,900
2025-03-17,15.770000457763672,16.25,15.770000457763672,16.25,16.165498733520508,200
2025-03-18,16.25,16.25,16.25,16.25,16.165498733520508,0
2025-03-19,16.190000534057617,16.25,16.190000534057617,16.25,16.165498733520508,200
2025-03-20,16.600000381469727,16.600000381469727,16.600000381469727,16.600000381469727,16.51367950439453,4000
2025-03-21,16.600000381469727,16.600000381469727,16.600000381469727,16.600000381469727,16.51367950439453,0
2025-03-24,16.600000381469727,16.600000381469727,15.510000228881836,15.510000228881836,15.42934799194336,7400
2025-03-25,16.299999237060547,16.299999237060547,16.100000381469727,16.25,16.165498733520508,800
2025-03-26,16.25,16.25,16.25,16.25,16.165498733520508,0
2025-03-27,16.100000381469727,16.100000381469727,15.850000381469727,15.850000381469727,15.767580032348633,1000
2025-03-28,15.850000381469727,15.850000381469727,15.850000381469727,15.850000381469727,15.767580032348633,0
2025-03-31,15.649999618530273,15.649999618530273,15.649999618530273,15.649999618530273,15.568618774414062,600
2025-04-01,15.649999618530273,15.649999618530273,15.649999618530273,15.649999618530273,15.568618774414062,0
2025-04-02,15.510000228881836,15.510000228881836,15.510000228881836,15.510000228881836,15.42934799194336,500
2025-04-03,15.510000228881836,15.510000228881836,15.510000228881836,15.510000228881836,15.42934799194336,0
2025-04-04,15.510000228881836,15.510000228881836,15.510000228881836,15.510000228881836,15.42934799194336,0
2025-04-07,15.630000114440918,15.630000114440918,15.319999694824219,15.319999694824219,15.240335464477539,500
2025-04-08,15.319999694824219,15.319999694824219,15.319999694824219,15.319999694824219,15.240335464477539,0
2025-04-09,16.559999465942383,16.600000381469727,16.360000610351562,16.360000610351562,16.27492904663086,500
2025-04-10,16.559999465942383,16.559999465942383,16.559999465942383,16.559999465942383,16.473886489868164,100
2025-04-11,16.559999465942383,16.559999465942383,16.559999465942383,16.559999465942383,16.473886489868164,0
2025-04-14,15.319999694824219,15.319999694824219,15.319999694824219,15.319999694824219,15.240335464477539,500
2025-04-15,15.319999694824219,15.319999694824219,15.319999694824219,15.319999694824219,15.240335464477539,0
2025-04-16,15.319999694824219,15.319999694824219,15.319999694824219,15.319999694824219,15.240335464477539,0
2025-04-17,15.319999694824219,15.319999694824219,15.319999694824219,15.319999694824219,15.240335464477539,0
2025-04-21,15.350000381469727,15.350000381469727,15.350000381469727,15.350000381469727,15.270179748535156,500
2025-04-22,15.350000381469727,15.350000381469727,15.350000381469727,15.350000381469727,15.270179748535156,0
2025-04-23,15.350000381469727,15.350000381469727,15.350000381469727,15.350000381469727,15.270179748535156,0
2025-04-24,15.350000381469727,15.350000381469727,15.350000381469727,15.350000381469727,15.270179748535156,0
2025-04-25,15.350000381469727,15.350000381469727,15.350000381469727,15.350000381469727,15.270179748535156,0
2025-04-28,15.600000381469727,16.25,15.300000190734863,15.300000190734863,15.220439910888672,2100
2025-04-29,15.300000190734863,15.300000190734863,15.300000190734863,15.300000190734863,15.220439910888672,0
2025-04-30,15.300000190734863,15.300000190734863,15.300000190734863,15.300000190734863,15.220439910888672,0
2025-05-01,15.300000190734863,15.300000190734863,15.300000190734863,15.300000190734863,15.220439910888672,0
2025-05-02,15.300000190734863,15.300000190734863,15.300000190734863,15.300000190734863,15.220439910888672,0
2025-05-05,15.300000190734863,15.300000190734863,15.300000190734863,15.300000190734863,15.220439910888672,0
2025-05-06,15.300000190734863,15.300000190734863,15.300000190734863,15.300000190734863,15.220439910888672,0
2025-05-07,15.300000190734863,15.300000190734863,15.300000190734863,15.300000190734863,15.220439910888672,0
2025-05-08,15.300000190734863,15.300000190734863,15.300000190734863,15.300000190734863,15.220439910888672,0
2025-05-09,15.300000190734863,15.300000190734863,15.300000190734863,15.300000190734863,15.220439910888672,0
2025-05-12,15.75,16.0,15.6899995803833,16.0,15.916799545288086,1100
2025-05-13,16.0,16.0,16.0,16.0,15.916799545288086,100
2025-05-14,16.0,16.0,16.0,16.0,15.916799545288086,0
2025-05-15,16.0,16.0,16.0,16.0,15.916799545288086,0
2025-05-16,16.0,16.0,16.0,16.0,15.916799545288086,0
2025-05-19,15.510000228881836,15.510000228881836,15.510000228881836,15.510000228881836,15.42934799194336,300
2025-05-20,15.510000228881836,15.510000228881836,15.510000228881836,15.510000228881836,15.42934799194336,0
2025-05-21,16.200000762939453,16.200000762939453,16.200000762939453,16.200000762939453,16.115760803222656,100
2025-05-22,16.200000762939453,16.200000762939453,16.200000762939453,16.200000762939453,16.115760803222656,0
2025-05-23,16.200000762939453,16.200000762939453,16.200000762939453,16.200000762939453,16.115760803222656,0
2025-05-27,15.579999923706055,15.869999885559082,15.579999923706055,15.800000190734863,15.717840194702148,1000
2025-05-28,15.800000190734863,15.800000190734863,15.800000190734863,15.800000190734863,15.717840194702148,0
2025-05-29,15.800000190734863,15.800000190734863,15.800000190734863,15.800000190734863,15.717840194702148,0
2025-05-30,15.800000190734863,15.800000190734863,15.800000190734863,15.800000190734863,15.717840194702148,0
2025-06-02,15.800000190734863,15.800000190734863,15.800000190734863,15.800000190734863,15.717840194702148,0
2025-06-03,15.960000038146973,16.399999618530273,15.960000038146973,16.399999618530273,16.31471824645996,500
2025-06-04,16.399999618530273,16.399999618530273,16.399999618530273,16.399999618530273,16.31471824645996,0
2025-06-05,16.200000762939453,16.200000762939453,16.200000762939453,16.200000762939453,16.115760803222656,1100
2025-06-06,16.25,16.600000381469727,16.25,16.600000381469727,16.51367950439453,1900
2025-06-09,16.600000381469727,16.600000381469727,16.600000381469727,16.600000381469727,16.51367950439453,0
2025-06-10,16.600000381469727,16.600000381469727,16.600000381469727,16.600000381469727,16.51367950439453,0
2025-06-11,16.600000381469727,16.600000381469727,16.600000381469727,16.600000381469727,16.51367950439453,0
2025-06-12,16.600000381469727,16.600000381469727,16.600000381469727,16.600000381469727,16.51367950439453,0
2025-06-13,16.6200008392334,16.6200008392334,16.6200008392334,16.6200008392334,16.53357696533203,100
2025-06-16,16.6200008392334,16.6200008392334,16.6200008392334,16.6200008392334,16.53357696533203,0
2025-06-17,16.6200008392334,16.6200008392334,16.6200008392334,16.6200008392334,16.53357696533203,0
2025-06-18,16.65999984741211,16.65999984741211,16.65999984741211,16.65999984741211,16.573368072509766,100
2025-06-20,16.670000076293945,16.700000762939453,16.670000076293945,16.700000762939453,16.613161087036133,10200
2025-06-23,16.700000762939453,16.700000762939453,16.700000762939453,16.700000762939453,16.613161087036133,200
2025-06-24,16.700000762939453,16.700000762939453,16.700000762939453,16.700000762939453,16.613161087036133,100
2025-06-25,16.700000762939453,16.719999313354492,16.700000762939453,16.700000762939453,16.613161087036133,22400
2025-06-26,16.700000762939453,16.700000762939453,16.700000762939453,16.700000762939453,16.613161087036133,0
2025-06-27,16.690000534057617,16.690000534057617,16.579999923706055,16.579999923706055,16.493783950805664,900
2025-06-30,16.6299991607666,16.6299991607666,16.440000534057617,16.440000534057617,16.354511260986328,500
2025-07-01,16.440000534057617,16.440000534057617,16.440000534057617,16.440000534057617,16.354511260986328,0
2025-07-02,16.850000381469727,16.850000381469727,16.850000381469727,16.850000381469727,16.762380599975586,1200
2025-07-03,16.729999542236328,16.729999542236328,16.729999542236328,16.729999542236328,16.643003463745117,300
2025-07-07,16.729999542236328,16.729999542236328,16.729999542236328,16.729999542236328,16.643003463745117,0
2025-07-08,16.829999923706055,16.850000381469727,16.809999465942383,16.850000381469727,16.762380599975586,1200
2025-07-09,16.850000381469727,16.850000381469727,16.850000381469727,16.850000381469727,16.762380599975586,0
2025-07-10,17.0,17.0,17.0,17.0,16.91160011291504,700
2025-07-11,17.0,17.0,17.0,17.0,16.91160011291504,0
2025-07-14,16.8700008392334,16.8700008392334,16.799999237060547,16.799999237060547,16.71263885498047,2100
2025-07-15,16.299999237060547,16.799999237060547,16.299999237060547,16.450000762939453,16.364459991455078,2300
2025-07-16,16.6299991607666,16.6299991607666,16.450000762939453,16.450000762939453,16.364459991455078,600
2025-07-17,16.450000762939453,16.450000762939453,16.450000762939453,16.450000762939453,16.364459991455078,0
2025-07-18,16.610000610351562,16.610000610351562,16.610000610351562,16.610000610351562,16.52362823486328,100
2025-07-21,16.549999237060547,16.549999237060547,16.450000762939453,16.450000762939453,16.364459991455078,200
2025-07-22,17.020000457763672,17.020000457763672,17.020000457763672,17.020000457763672,16.931495666503906,200
2025-07-23,17.100000381469727,17.100000381469727,17.100000381469727,17.100000381469727,17.011079788208008,100
2025-07-24,17.100000381469727,17.100000381469727,17.100000381469727,17.100000381469727,17.011079788208008,0
2025-07-25,17.100000381469727,17.100000381469727,17.100000381469727,17.100000381469727,17.011079788208008,0
2025-07-28,17.100000381469727,17.100000381469727,17.100000381469727,17.100000381469727,17.011079788208008,0
2025-07-29,17.100000381469727,17.100000381469727,17.100000381469727,17.100000381469727,17.011079788208008,0
2025-07-30,17.100000381469727,17.100000381469727,17.100000381469727,17.100000381469727,17.011079788208008,0
2025-07-31,17.25,17.25,17.25,17.25,17.16029930114746,200
2025-08-01,17.25,17.25,17.25,17.25,17.16029930114746,0
2025-08-04,17.489999771118164,17.5,17.40999984741211,17.5,17.409000396728516,800
2025-08-05,17.5,17.5,17.5,17.5,17.409000396728516,0
2025-08-06,17.5,17.5,17.5,17.5,17.409000396728516,0
2025-08-07,17.549999237060547,17.600000381469727,17.549999237060547,17.579999923706055,17.488582611083984,400
2025-08-08,17.549999237060547,17.549999237060547,17.540000915527344,17.540000915527344,17.44879150390625,400
2025-08-11,17.600000381469727,17.600000381469727,17.600000381469727,17.600000381469727,17.508480072021484,100
2025-08-12,17.600000381469727,17.600000381469727,17.600000381469727,17.600000381469727,17.508480072021484,0
2025-08-13,17.799999237060547,18.5,17.56999969482422,18.5,18.403799057006836,1000
2025-08-14,18.5,18.5,18.5,18.5,18.403799057006836,0
2025-08-15,18.5,18.5,18.5,18.5,18.403799057006836,0
2025-08-18,18.5,18.5,18.5,18.5,18.403799057006836,0
2025-08-19,18.0,18.0,18.0,18.0,17.90639877319336,200
2025-08-20,18.0,18.0,18.0,18.0,17.90639877319336,0
2025-08-21,18.0,18.0,18.0,18.0,17.90639877319336,0
2025-08-22,18.0,18.0,18.0,18.0,17.90639877319336,0
2025-08-25,18.0,18.0,18.0,18.0,17.90639877319336,0
2025-08-26,18.0,18.0,18.0,18.0,17.90639877319336,0
2025-08-27,18.0,18.0,18.0,18.0,17.90639877319336,0
2025-08-28,18.489999771118164,18.489999771118164,18.489999771118164,18.489999771118164,18.393850326538086,200
2025-08-29,18.489999771118164,18.489999771118164,18.489999771118164,18.489999771118164,18.393850326538086,0
2025-09-02,18.489999771118164,18.489999771118164,18.489999771118164,18.489999771118164,18.393850326538086,0
2025-09-03,18.75,19.020000457763672,18.75,19.020000457763672,18.921096801757812,1800
2025-09-04,18.950000762939453,18.950000762939453,18.200000762939453,18.200000762939453,18.10536003112793,600
2025-09-05,18.950000762939453,18.950000762939453,18.899999618530273,18.899999618530273,18.801719665527344,1200
2025-09-08,18.899999618530273,18.899999618530273,18.899999618530273,18.899999618530273,18.801719665527344,0
2025-09-09,18.899999618530273,18.899999618530273,18.899999618530273,18.899999618530273,18.801719665527344,0
2025-09-10,19.239999771118164,19.239999771118164,18.90999984741211,19.170000076293945,19.070316314697266,1700
2025-09-11,19.170000076293945,19.170000076293945,19.170000076293945,19.170000076293945,19.070316314697266,0
2025-09-12,19.010000228881836,19.010000228881836,18.979999542236328,18.979999542236328,18.881303787231445,1200
2025-09-15,18.979999542236328,18.979999542236328,18.979999542236328,18.979999542236328,18.881303787231445,0
2025-09-16,18.979999542236328,18.979999542236328,18.979999542236328,18.979999542236328,18.881303787231445,0
2025-09-17,18.979999542236328,18.979999542236328,18.979999542236328,18.979999542236328,18.881303787231445,0
2025-09-18,19.899999618530273,19.899999618530273,19.899999618530273,19.899999618530273,19.796518325805664,300
2025-09-19,19.899999618530273,19.899999618530273,19.899999618530273,19.899999618530273,19.796518325805664,0
2025-09-22,19.899999618530273,19.899999618530273,19.899999618530273,19.899999618530273,19.796518325805664,0
2025-09-23,19.899999618530273,19.899999618530273,19.899999618530273,19.899999618530273,19.796518325805664,200
2025-09-24,19.899999618530273,19.899999618530273,19.899999618530273,19.899999618530273,19.796518325805664,0
2025-09-25,19.899999618530273,19.899999618530273,19.899999618530273,19.899999618530273,19.796518325805664,0
2025-09-26,19.899999618530273,19.899999618530273,19.899999618530273,19.899999618530273,19.796518325805664,0
2025-09-29,19.899999618530273,19.899999618530273,19.899999618530273,19.899999618530273,19.796518325805664,0
2025-09-30,19.479999542236328,19.6200008392334,19.479999542236328,19.6200008392334,19.517976760864258,900
2025-10-01,19.6200008392334,19.6200008392334,19.6200008392334,19.6200008392334,19.517976760864258,0
2025-10-02,19.31999969482422,19.399999618530273,19.270000457763672,19.270000457763672,19.169795989990234,1500
2025-10-03,19.270000457763672,19.270000457763672,19.270000457763672,19.270000457763672,19.169795989990234,0
2025-10-06,19.350000381469727,19.399999618530273,19.350000381469727,19.399999618530273,19.29911994934082,200
2025-10-07,19.399999618530273,19.399999618530273,19.399999618530273,19.399999618530273,19.29911994934082,0
2025-10-08,19.40999984741211,19.40999984741211,19.40999984741211,19.40999984741211,19.309066772460938,200
2025-10-09,19.40999984741211,19.40999984741211,19.40999984741211,19.40999984741211,19.309066772460938,0
2025-10-10,19.75,19.75,19.700000762939453,19.700000762939453,19.59756088256836,1000
2025-10-13,19.700000762939453,19.700000762939453,19.700000762939453,19.700000762939453,19.59756088256836,100
2025-10-14,19.93000030517578,19.93000030517578,19.93000030517578,19.93000030517578,19.826364517211914,300
2025-10-15,19.93000030517578,19.93000030517578,19.93000030517578,19.93000030517578,19.826364517211914,0
2025-10-16,19.950000762939453,19.950000762939453,19.950000762939453,19.950000762939453,19.84626007080078,200
2025-10-17,19.950000762939453,19.950000762939453,19.950000762939453,19.950000762939453,19.84626007080078,0
2025-10-20,20.0,20.190000534057617,20.0,20.0,19.895999908447266,500
2025-10-21,20.0,20.0,20.0,20.0,19.895999908447266,0
2025-10-22,20.200000762939453,20.200000762939453,20.200000762939453,20.200000762939453,20.094959259033203,200
2025-10-23,20.110000610351562,20.200000762939453,20.110000610351562,20.200000762939453,20.094959259033203,300
2025-10-24,20.200000762939453,20.200000762939453,20.200000762939453,20.200000762939453,20.094959259033203,0
2025-10-27,20.200000762939453,20.200000762939453,20.200000762939453,20.200000762939453,20.094959259033203,0
2025-10-28,20.399999618530273,20.600000381469727,20.399999618530273,20.600000381469727,20.49287986755371,300
2025-10-29,20.65999984741211,21.0,20.65999984741211,21.0,20.890798568725586,500
2025-10-30,21.0,21.0,21.0,21.0,20.890798568725586,0
2025-10-31,21.0,21.0,21.0,21.0,20.890798568725586,100
2025-11-03,21.0,21.0,21.0,21.0,20.890798568725586,0
2025-11-04,21.0,21.0,21.0,21.0,20.890798568725586,0
2025-11-05,20.100000381469727,20.31999969482422,20.100000381469727,20.31999969482422,20.21433448791504,200
2025-11-06,20.31999969482422,20.31999969482422,20.31999969482422,20.31999969482422,20.21433448791504,0
2025-11-07,20.149999618530273,20.209999084472656,20.149999618530273,20.209999084472656,20.10490608215332,900
2025-11-10,20.489999771118164,20.489999771118164,20.489999771118164,20.489999771118164,20.383451461791992,100
2025-11-11,20.489999771118164,20.489999771118164,20.489999771118164,20.489999771118164,20.383451461791992,0
2025-11-12,20.489999771118164,20.489999771118164,20.489999771118164,20.489999771118164,20.383451461791992,0
2025-11-13,20.489999771118164,20.489999771118164,20.489999771118164,20.489999771118164,20.383451461791992,0
2025-11-14,20.489999771118164,20.489999771118164,20.489999771118164,20.489999771118164,20.383451461791992,0
2025-11-17,20.350000381469727,20.350000381469727,20.329999923706055,20.329999923706055,20.22428321838379,400
2025-11-18,20.290000915527344,20.290000915527344,20.290000915527344,20.290000915527344,20.184492111206055,100
2025-11-19,20.290000915527344,20.290000915527344,20.290000915527344,20.290000915527344,20.184492111206055,0
2025-11-20,20.979999542236328,21.5,20.860000610351562,21.149999618530273,21.04001808166504,800
2025-11-21,21.489999771118164,21.489999771118164,21.489999771118164,21.489999771118164,21.378252029418945,400
2025-11-24,21.489999771118164,22.0,21.489999771118164,21.700000762939453,21.587160110473633,700
2025-11-25,22.0,22.0,22.0,22.0,21.88559913635254,100
2025-11-26,22.290000915527344,30.0,22.290000915527344,23.0,22.880399703979492,2400
2025-11-28,23.0,23.0,23.0,23.0,22.880399703979492,0
2025-12-01,23.0,23.0,22.43000030517578,22.43000030517578,22.313364028930664,300
2025-12-02,22.43000030517578,22.43000030517578,22.43000030517578,22.43000030517578,22.313364028930664,0
2025-12-03,22.5,23.0,22.5,23.0,22.880399703979492,400
2025-12-04,23.0,23.0,23.0,23.0,22.880399703979492,0
2025-12-05,23.0,23.0,23.0,23.0,22.880399703979492,0
2025-12-08,22.75,22.75,22.75,22.75,22.631698608398438,100
2025-12-09,22.75,22.75,22.75,22.75,22.631698608398438,0
2025-12-10,22.75,22.75,22.75,22.75,22.631698608398438,0
2025-12-11,22.75,22.75,22.75,22.75,22.631698608398438,0
2025-12-12,23.5,27.0,23.5,25.0,24.869998931884766,2700
2025-12-15,22.600000381469727,22.600000381469727,22.600000381469727,22.600000381469727,22.600000381469727,800
2025-12-16,22.8700008392334,22.8700008392334,22.8700008392334,22.8700008392334,22.8700008392334,200
2025-12-17,22.8700008392334,22.8700008392334,22.8700008392334,22.8700008392334,22.8700008392334,0
2025-12-18,24.0,24.0,23.799999237060547,23.799999237060547,23.799999237060547,300
2025-12-19,23.799999237060547,23.799999237060547,23.799999237060547,23.799999237060547,23.799999237060547,0
2025-12-22,23.799999237060547,23.799999237060547,23.799999237060547,23.799999237060547,23.799999237060547,0
2025-12-23,23.799999237060547,23.799999237060547,23.799999237060547,23.799999237060547,23.799999237060547,0
2025-12-24,23.799999237060547,23.799999237060547,23.799999237060547,23.799999237060547,23.799999237060547,0
2025-12-26,23.0,23.25,23.0,23.25,23.25,400
2025-12-29,23.479999542236328,23.479999542236328,23.25,23.25,23.25,400
2025-12-30,22.780000686645508,23.25,22.780000686645508,23.25,23.25,800
