date,open,high,low,close,adj_close,volume
,GLTR,GLTR,GLTR,GLTR,GLTR,GLTR
2020-01-02,76.80000305175781,77.20999908447266,76.69999694824219,76.91000366210938,76.91000366210938,61900
2020-01-03,77.87000274658203,77.9800033569336,77.5,77.62000274658203,77.62000274658203,57800
2020-01-06,79.18000030517578,79.18000030517578,78.25,78.55000305175781,78.55000305175781,29100
2020-01-07,78.70999908447266,79.20999908447266,78.62000274658203,79.20999908447266,79.20999908447266,32500
2020-01-08,79.66999816894531,79.66999816894531,78.44999694824219,78.7699966430664,78.7699966430664,26900
2020-01-09,78.16999816894531,78.4800033569336,78.1500015258789,78.19999694824219,78.19999694824219,20900
2020-01-10,78.62999725341797,79.05000305175781,78.5,78.83000183105469,78.83000183105469,15900
2020-01-13,78.76000213623047,78.76000213623047,78.37000274658203,78.47000122070312,78.47000122070312,27500
2020-01-14,78.31999969482422,78.5999984741211,78.06999969482422,78.52999877929688,78.52999877929688,31900
2020-01-15,79.30000305175781,79.62999725341797,79.0,79.43000030517578,79.43000030517578,17200
2020-01-16,79.56999969482422,79.88999938964844,79.41999816894531,79.66999816894531,79.66999816894531,24700
2020-01-17,80.26000213623047,81.25,80.26000213623047,81.12000274658203,81.12000274658203,37600
2020-01-21,80.16999816894531,80.37000274658203,79.93000030517578,80.2699966430664,80.2699966430664,57000
2020-01-22,80.37000274658203,81.0,80.29000091552734,81.0,81.0,18500
2020-01-23,80.18000030517578,80.76000213623047,80.01000213623047,80.75,80.75,19600
2020-01-24,80.51000213623047,81.2300033569336,80.41999816894531,81.2300033569336,81.2300033569336,25700
2020-01-27,80.98999786376953,80.98999786376953,80.19999694824219,80.29000091552734,80.29000091552734,23900
2020-01-28,79.7699966430664,79.7699966430664,79.4000015258789,79.58999633789062,79.58999633789062,30700
2020-01-29,79.37999725341797,79.75,79.19000244140625,79.6500015258789,79.6500015258789,58900
2020-01-30,80.0999984741211,80.44999694824219,79.81999969482422,80.25,80.25,18300
2020-01-31,80.26000213623047,80.58000183105469,80.22000122070312,80.48999786376953,80.48999786376953,28300
2020-02-03,80.13999938964844,80.19999694824219,79.55999755859375,80.01000213623047,80.01000213623047,79900
2020-02-04,80.08000183105469,80.08000183105469,79.6500015258789,80.05999755859375,80.05999755859375,20300
2020-02-05,80.13999938964844,80.19000244140625,79.9800033569336,80.08999633789062,80.08999633789062,20800
2020-02-06,80.54000091552734,80.54000091552734,79.73999786376953,80.0199966430664,80.0199966430664,18600
2020-02-07,79.97000122070312,80.06999969482422,79.47000122070312,79.88999938964844,79.88999938964844,36700
2020-02-10,80.30000305175781,80.37999725341797,80.06999969482422,80.3499984741211,80.3499984741211,27000
2020-02-11,80.04000091552734,80.06999969482422,79.66999816894531,79.87000274658203,79.87000274658203,28500
2020-02-12,79.73999786376953,80.12999725341797,79.4800033569336,80.0,80.0,29800
2020-02-13,80.5,80.7300033569336,80.41000366210938,80.68000030517578,80.68000030517578,34900
2020-02-14,81.05000305175781,81.05000305175781,80.69999694824219,80.97000122070312,80.97000122070312,21200
2020-02-18,81.70999908447266,83.0999984741211,81.70999908447266,83.0,83.0,38500
2020-02-19,84.1500015258789,84.4000015258789,83.38999938964844,84.4000015258789,84.4000015258789,68700
2020-02-20,84.04000091552734,84.37000274658203,83.77999877929688,84.0999984741211,84.0999984741211,34000
2020-02-21,84.88999938964844,85.2300033569336,84.77999877929688,85.05000305175781,85.05000305175781,44900
2020-02-24,86.2300033569336,86.26000213623047,84.88999938964844,85.12999725341797,85.12999725341797,105800
2020-02-25,84.8499984741211,85.05000305175781,83.69999694824219,83.69999694824219,83.69999694824219,52500
2020-02-26,84.05999755859375,84.81999969482422,83.44999694824219,84.26000213623047,84.26000213623047,40100
2020-02-27,84.8499984741211,85.11000061035156,84.25,84.66999816894531,84.66999816894531,80900
2020-02-28,82.19999694824219,82.19999694824219,78.86000061035156,80.0,80.0,171900
2020-03-02,80.25,80.69999694824219,79.80000305175781,79.98999786376953,79.98999786376953,69300
2020-03-03,80.52999877929688,82.33999633789062,80.1500015258789,81.73999786376953,81.73999786376953,56900
2020-03-04,81.79000091552734,82.30000305175781,79.31999969482422,82.12000274658203,82.12000274658203,175200
2020-03-05,82.44000244140625,83.44999694824219,82.2699966430664,83.44999694824219,83.44999694824219,52200
2020-03-06,83.95999908447266,84.0,82.16999816894531,83.45999908447266,83.45999908447266,46300
2020-03-09,83.02999877929688,83.5999984741211,81.88999938964844,82.72000122070312,82.72000122070312,109400
2020-03-10,82.30000305175781,82.30000305175781,81.08999633789062,81.08999633789062,81.08999633789062,114000
2020-03-11,81.5199966430664,81.69999694824219,79.80999755859375,80.11000061035156,80.11000061035156,74900
2020-03-12,77.43000030517578,77.43000030517578,72.26000213623047,74.0999984741211,74.0999984741211,103600
2020-03-13,75.0199966430664,75.16000366210938,70.0,71.0199966430664,71.0199966430664,102200
2020-03-16,66.33999633789062,70.27999877929688,64.66000366210938,67.66999816894531,67.66999816894531,113500
2020-03-17,66.13999938964844,70.16999816894531,66.13999938964844,67.83999633789062,67.83999633789062,331000
2020-03-18,66.20999908447266,67.04000091552734,65.26000213623047,65.68000030517578,65.68000030517578,61600
2020-03-19,65.25,66.47000122070312,65.01000213623047,65.30000305175781,65.30000305175781,59900
2020-03-20,67.12000274658203,67.12000274658203,65.56999969482422,66.08999633789062,66.08999633789062,47100
2020-03-23,67.04000091552734,69.77999877929688,67.04000091552734,69.27999877929688,69.27999877929688,45200
2020-03-24,72.95999908447266,74.69999694824219,72.30999755859375,74.55999755859375,74.55999755859375,45600
2020-03-25,74.5,77.08000183105469,74.44999694824219,76.30000305175781,76.30000305175781,65000
2020-03-26,76.66999816894531,77.62000274658203,76.54000091552734,77.1500015258789,77.1500015258789,71300
2020-03-27,77.33000183105469,77.33000183105469,75.80000305175781,76.2300033569336,76.2300033569336,41000
2020-03-30,75.66999816894531,76.5999984741211,75.66999816894531,76.38999938964844,76.38999938964844,39000
2020-03-31,75.79000091552734,77.02999877929688,75.05000305175781,75.0999984741211,75.0999984741211,30100
2020-04-01,74.80000305175781,75.30000305175781,73.93000030517578,74.44000244140625,74.44000244140625,50600
2020-04-02,75.56999969482422,76.33000183105469,74.98999786376953,75.87999725341797,75.87999725341797,56600
2020-04-03,75.91999816894531,76.25,75.44000244140625,76.04000091552734,76.04000091552734,24200
2020-04-06,75.94999694824219,78.0,75.94999694824219,78.0,78.0,52600
2020-04-07,77.9000015258789,78.29000091552734,76.25,77.87000274658203,77.87000274658203,42000
2020-04-08,78.01000213623047,78.04000091552734,76.79000091552734,76.9800033569336,76.9800033569336,44100
2020-04-09,78.0999984741211,78.9000015258789,77.7699966430664,78.0199966430664,78.0199966430664,89100
2020-04-13,78.5999984741211,80.2300033569336,78.16000366210938,80.0,80.0,43700
2020-04-14,80.8499984741211,81.30999755859375,80.20999908447266,80.55000305175781,80.55000305175781,47500
2020-04-15,79.94000244140625,80.41000366210938,79.54000091552734,80.08000183105469,80.08000183105469,46100
2020-04-16,79.8499984741211,80.56999969482422,79.41999816894531,79.88999938964844,79.88999938964844,18400
2020-04-17,78.95999908447266,79.44000244140625,78.33000183105469,78.6500015258789,78.6500015258789,92300
2020-04-20,79.04000091552734,79.55999755859375,78.66000366210938,79.55999755859375,79.55999755859375,105600
2020-04-21,76.23999786376953,77.26000213623047,75.79000091552734,77.11000061035156,77.11000061035156,33700
2020-04-22,77.69999694824219,78.4000015258789,77.69999694824219,78.4000015258789,78.4000015258789,107400
2020-04-23,78.54000091552734,80.56999969482422,78.54000091552734,79.54000091552734,79.54000091552734,36600
2020-04-24,79.88999938964844,79.88999938964844,78.70999908447266,79.51000213623047,79.51000213623047,35800
2020-04-27,78.79000091552734,79.19999694824219,77.94999694824219,78.52999877929688,78.52999877929688,24400
2020-04-28,78.11000061035156,78.69000244140625,77.37999725341797,78.19000244140625,78.19000244140625,29300
2020-04-29,78.29000091552734,79.12999725341797,77.94999694824219,78.79000091552734,78.79000091552734,18800
2020-04-30,77.69999694824219,78.31999969482422,77.01000213623047,77.80999755859375,77.80999755859375,43400
2020-05-01,77.2300033569336,78.2699966430664,77.0,77.48999786376953,77.48999786376953,31900
2020-05-04,77.4000015258789,77.48999786376953,76.88999938964844,76.88999938964844,76.88999938964844,55100
2020-05-05,76.5199966430664,77.29000091552734,76.44000244140625,77.19000244140625,77.19000244140625,59100
2020-05-06,76.70999908447266,76.83999633789062,76.02999877929688,76.5199966430664,76.5199966430664,52600
2020-05-07,76.5999984741211,78.29000091552734,76.5999984741211,78.02999877929688,78.02999877929688,34700
2020-05-08,78.12000274658203,78.5999984741211,77.66999816894531,78.12999725341797,78.12999725341797,37600
2020-05-11,77.95999908447266,78.23999786376953,77.33999633789062,77.8499984741211,77.8499984741211,27400
2020-05-12,77.95999908447266,78.2300033569336,77.5,77.87000274658203,77.87000274658203,23900
2020-05-13,77.87999725341797,78.51000213623047,77.51000213623047,78.19000244140625,78.19000244140625,20600
2020-05-14,77.9000015258789,79.0999984741211,77.87999725341797,79.08999633789062,79.08999633789062,24000
2020-05-15,80.01000213623047,80.75,79.66000366210938,80.58000183105469,80.58000183105469,32600
2020-05-18,81.86000061035156,81.98999786376953,81.08000183105469,81.22000122070312,81.22000122070312,62900
2020-05-19,82.0999984741211,82.72000122070312,81.98999786376953,82.30000305175781,82.30000305175781,35200
2020-05-20,82.97000122070312,83.16000366210938,82.56999969482422,82.76000213623047,82.76000213623047,29600
2020-05-21,82.33999633789062,82.41000366210938,80.58000183105469,81.4800033569336,81.4800033569336,25700
2020-05-22,81.20999908447266,81.83999633789062,80.9800033569336,81.47000122070312,81.47000122070312,20900
2020-05-26,81.3499984741211,81.5999984741211,80.43000030517578,81.0199966430664,81.0199966430664,29100
2020-05-27,79.66000366210938,81.23999786376953,79.16999816894531,81.23999786376953,81.23999786376953,29100
2020-05-28,81.48999786376953,81.48999786376953,80.33999633789062,81.08000183105469,81.08000183105469,22900
2020-05-29,81.61000061035156,82.41000366210938,81.23999786376953,82.0199966430664,82.0199966430664,26900
2020-06-01,81.83000183105469,82.98999786376953,81.83000183105469,82.83000183105469,82.83000183105469,12600
2020-06-02,83.05000305175781,83.05000305175781,81.52999877929688,82.25,82.25,20900
2020-06-03,81.05000305175781,81.05000305175781,80.26000213623047,80.69000244140625,80.69000244140625,39000
2020-06-04,81.29000091552734,81.44999694824219,80.1500015258789,81.23999786376953,81.23999786376953,21100
2020-06-05,80.08999633789062,80.12999725341797,79.30999755859375,79.9000015258789,79.9000015258789,31200
2020-06-08,80.41000366210938,81.47000122070312,80.30000305175781,81.41000366210938,81.41000366210938,30500
2020-06-09,81.16999816894531,81.44999694824219,80.69000244140625,81.0999984741211,81.0999984741211,20000
2020-06-10,81.86000061035156,82.51000213623047,80.13999938964844,82.51000213623047,82.51000213623047,19900
2020-06-11,82.05999755859375,82.31999969482422,80.73999786376953,81.23999786376953,81.23999786376953,26900
2020-06-12,81.81999969482422,82.08000183105469,80.8499984741211,81.31999969482422,81.31999969482422,41600
2020-06-15,80.05000305175781,81.1500015258789,79.72000122070312,80.87000274658203,80.87000274658203,26700
2020-06-16,80.9000015258789,81.31999969482422,80.7300033569336,81.18000030517578,81.18000030517578,8200
2020-06-17,80.97000122070312,81.2300033569336,80.80000305175781,81.22000122070312,81.22000122070312,14000
2020-06-18,81.0,81.0,80.5199966430664,80.86000061035156,80.86000061035156,12000
2020-06-19,81.30999755859375,81.94999694824219,81.1500015258789,81.81999969482422,81.81999969482422,18100
2020-06-22,82.27999877929688,82.75,81.88999938964844,82.33999633789062,82.33999633789062,44600
2020-06-23,82.62999725341797,83.02999877929688,82.30000305175781,82.76000213623047,82.76000213623047,30500
2020-06-24,82.12999725341797,82.86000061035156,81.58999633789062,81.86000061035156,81.86000061035156,43600
2020-06-25,81.91999816894531,82.0199966430664,81.41999816894531,81.93000030517578,81.93000030517578,22700
2020-06-26,81.62000274658203,82.52999877929688,81.26000213623047,82.47000122070312,82.47000122070312,19500
2020-06-29,82.37000274658203,82.7300033569336,82.20999908447266,82.69999694824219,82.69999694824219,45400
2020-06-30,82.54000091552734,83.69999694824219,82.30000305175781,83.52999877929688,83.52999877929688,16100
2020-07-01,83.45999908447266,83.45999908447266,82.4000015258789,83.0199966430664,83.0199966430664,14100
2020-07-02,82.70999908447266,83.13999938964844,82.55999755859375,82.72000122070312,82.72000122070312,18000
2020-07-06,83.75,83.91999816894531,83.22000122070312,83.75,83.75,20800
2020-07-07,83.4000015258789,84.22000122070312,83.31999969482422,83.76000213623047,83.76000213623047,27200
2020-07-08,84.8499984741211,85.08999633789062,84.5,84.76000213623047,84.76000213623047,23100
2020-07-09,85.61000061035156,85.62999725341797,84.13999938964844,84.62000274658203,84.62000274658203,33300
2020-07-10,85.01000213623047,85.01000213623047,84.43000030517578,84.80999755859375,84.80999755859375,19000
2020-07-13,86.0,86.19000244140625,85.13999938964844,85.26000213623047,85.26000213623047,21300
2020-07-14,85.08999633789062,85.58000183105469,84.83999633789062,85.43000030517578,85.43000030517578,21100
2020-07-15,85.37000274658203,86.0,85.12000274658203,86.0,86.0,16400
2020-07-16,85.62999725341797,85.9800033569336,85.0199966430664,85.16000366210938,85.16000366210938,20700
2020-07-17,85.66999816894531,86.22000122070312,85.54000091552734,85.9800033569336,85.9800033569336,10600
2020-07-20,86.73999786376953,87.08000183105469,86.38999938964844,86.87000274658203,86.87000274658203,48100
2020-07-21,89.12000274658203,89.97000122070312,88.95999908447266,89.5999984741211,89.5999984741211,34400
2020-07-22,90.7300033569336,92.93000030517578,90.5,92.66000366210938,92.66000366210938,51800
2020-07-23,92.30000305175781,93.44999694824219,91.6500015258789,92.66999816894531,92.66999816894531,84600
2020-07-24,93.9800033569336,94.22000122070312,93.0999984741211,93.83000183105469,93.83000183105469,62600
2020-07-27,96.7699966430664,97.38999938964844,96.44999694824219,97.08999633789062,97.08999633789062,130500
2020-07-28,96.69000244140625,97.66999816894531,96.23999786376953,97.63999938964844,97.63999938964844,59800
2020-07-29,97.04000091552734,97.98999786376953,95.5,96.91999816894531,96.91999816894531,82300
2020-07-30,94.81999969482422,95.41000366210938,93.62000274658203,94.9800033569336,94.9800033569336,53800
2020-07-31,96.5999984741211,96.62999725341797,95.3499984741211,96.5,96.5,53100
2020-08-03,96.55999755859375,96.83000183105469,95.9000015258789,96.79000091552734,96.79000091552734,35100
2020-08-04,96.4800033569336,99.88999938964844,96.29000091552734,99.87999725341797,99.87999725341797,60600
2020-08-05,101.63999938964844,102.3499984741211,100.87999725341797,101.87999725341797,101.87999725341797,66400
2020-08-06,104.22000122070312,104.98999786376953,103.19999694824219,104.83000183105469,104.83000183105469,95000
2020-08-07,103.43000030517578,103.44999694824219,101.37999725341797,102.77999877929688,102.77999877929688,98200
2020-08-10,103.5,105.12999725341797,103.38999938964844,103.72000122070312,103.72000122070312,76700
2020-08-11,98.9800033569336,99.54000091552734,95.48999786376953,95.69000244140625,95.69000244140625,222700
2020-08-12,97.9000015258789,98.23999786376953,96.0,96.01000213623047,96.01000213623047,64000
2020-08-13,97.98999786376953,100.47000122070312,97.98999786376953,99.77999877929688,99.77999877929688,59600
2020-08-14,99.30000305175781,99.55000305175781,97.22000122070312,97.9000015258789,97.9000015258789,90300
2020-08-17,100.19999694824219,100.9800033569336,99.95999908447266,100.87999725341797,100.87999725341797,52300
2020-08-18,102.38999938964844,102.63999938964844,99.95999908447266,101.80000305175781,101.80000305175781,47100
2020-08-19,101.27999877929688,101.33000183105469,98.05999755859375,98.44999694824219,98.44999694824219,49200
2020-08-20,98.19999694824219,99.8499984741211,97.81999969482422,99.77999877929688,99.77999877929688,52600
2020-08-21,98.48999786376953,98.91000366210938,97.37999725341797,98.5199966430664,98.5199966430664,29100
2020-08-24,99.0999984741211,99.0999984741211,97.44000244140625,97.70999908447266,97.70999908447266,36400
2020-08-25,97.91000366210938,98.13999938964844,97.12000274658203,98.13999938964844,98.13999938964844,39400
2020-08-26,97.62999725341797,99.69999694824219,97.62999725341797,99.66000366210938,99.66000366210938,62900
2020-08-27,100.6500015258789,100.6500015258789,97.23999786376953,98.56999969482422,98.56999969482422,31700
2020-08-28,100.55999755859375,100.55999755859375,99.4000015258789,100.13999938964844,100.13999938964844,35500
2020-08-31,100.88999938964844,101.68000030517578,100.81999969482422,101.2699966430664,101.2699966430664,61600
2020-09-01,102.94999694824219,102.94999694824219,100.80999755859375,101.41999816894531,101.41999816894531,39200
2020-09-02,100.37000274658203,100.37000274658203,99.0,99.9800033569336,99.9800033569336,32100
2020-09-03,100.25,100.4800033569336,98.69999694824219,99.02999877929688,99.02999877929688,33300
2020-09-04,99.0199966430664,99.91999816894531,97.94000244140625,99.51000213623047,99.51000213623047,33000
2020-09-08,98.79000091552734,99.45999908447266,97.0999984741211,98.45999908447266,98.45999908447266,29000
2020-09-09,99.26000213623047,100.58999633789062,99.0199966430664,99.55999755859375,99.55999755859375,50200
2020-09-10,100.7699966430664,101.0999984741211,99.5,99.75,99.75,39500
2020-09-11,100.16000366210938,100.68000030517578,99.08000183105469,99.11000061035156,99.11000061035156,36900
2020-09-14,100.12999725341797,100.68000030517578,100.0,100.37999725341797,100.37999725341797,22900
2020-09-15,100.80000305175781,100.98999786376953,99.91000366210938,100.63999938964844,100.63999938964844,25900
2020-09-16,101.43000030517578,101.43000030517578,100.37999725341797,100.76000213623047,100.76000213623047,44400
2020-09-17,99.20999908447266,100.19000244140625,98.5999984741211,100.19000244140625,100.19000244140625,27400
2020-09-18,99.66999816894531,100.27999877929688,99.20999908447266,99.87000274658203,99.87000274658203,47400
2020-09-21,97.87999725341797,97.87999725341797,94.31999969482422,96.05000305175781,96.05000305175781,71100
2020-09-22,95.77999877929688,95.86000061035156,94.69999694824219,95.12000274658203,95.12000274658203,46400
2020-09-23,93.83000183105469,93.91000366210938,91.5,92.02999877929688,92.02999877929688,85000
2020-09-24,90.83999633789062,93.12000274658203,90.58000183105469,92.44999694824219,92.44999694824219,58200
2020-09-25,91.83999633789062,92.6500015258789,91.58000183105469,92.1500015258789,92.1500015258789,53400
2020-09-28,93.11000061035156,94.0199966430664,92.70999908447266,93.98999786376953,93.98999786376953,28100
2020-09-29,94.44999694824219,95.4000015258789,94.23999786376953,95.30999755859375,95.30999755859375,29600
2020-09-30,94.69000244140625,95.38999938964844,93.75,93.95999908447266,93.95999908447266,27200
2020-10-01,94.83000183105469,95.68000030517578,94.4000015258789,95.06999969482422,95.06999969482422,45400
2020-10-02,95.0,95.47000122070312,94.76000213623047,94.88999938964844,94.88999938964844,15100
2020-10-05,95.41000366210938,96.30000305175781,95.41000366210938,96.16000366210938,96.16000366210938,33100
2020-10-06,96.19000244140625,96.37000274658203,94.0999984741211,94.19000244140625,94.19000244140625,33700
2020-10-07,94.5199966430664,94.83999633789062,94.30000305175781,94.70999908447266,94.70999908447266,64100
2020-10-08,95.25,95.58999633789062,94.55999755859375,95.11000061035156,95.11000061035156,75500
2020-10-09,96.66999816894531,97.87000274658203,96.66999816894531,97.83000183105469,97.83000183105469,33300
2020-10-12,97.6500015258789,97.66999816894531,97.16000366210938,97.33000183105469,97.33000183105469,22900
2020-10-13,95.61000061035156,95.61000061035156,94.55999755859375,94.93000030517578,94.93000030517578,24600
2020-10-14,95.9800033569336,96.19999694824219,95.30999755859375,95.37000274658203,95.37000274658203,33700
2020-10-15,94.4800033569336,95.83999633789062,94.23999786376953,95.52999877929688,95.52999877929688,40400
2020-10-16,95.93000030517578,95.93000030517578,95.08000183105469,95.16000366210938,95.16000366210938,33600
2020-10-19,96.2699966430664,96.2699966430664,95.33999633789062,95.43000030517578,95.43000030517578,26900
2020-10-20,95.93000030517578,96.91000366210938,95.76000213623047,96.66000366210938,96.66000366210938,14900
2020-10-21,97.38999938964844,97.83999633789062,96.91999816894531,97.41000366210938,97.41000366210938,29000
2020-10-22,96.29000091552734,96.44999694824219,95.62000274658203,96.37000274658203,96.37000274658203,38400
2020-10-23,96.58999633789062,96.5999984741211,95.73999786376953,96.41000366210938,96.41000366210938,22900
2020-10-26,95.97000122070312,96.0,95.45999908447266,95.69999694824219,95.69999694824219,33100
2020-10-27,95.70999908447266,96.04000091552734,95.3499984741211,95.77999877929688,95.77999877929688,24100
2020-10-28,93.45999908447266,93.72000122070312,92.44999694824219,93.30000305175781,93.30000305175781,36700
2020-10-29,91.94999694824219,92.93000030517578,91.88999938964844,92.66999816894531,92.66999816894531,40200
2020-10-30,93.83000183105469,93.83000183105469,93.0199966430664,93.30999755859375,93.30999755859375,55900
2020-11-02,94.05999755859375,94.45999908447266,93.73999786376953,94.41999816894531,94.41999816894531,53400
2020-11-03,95.23999786376953,95.4800033569336,94.86000061035156,95.16000366210938,95.16000366210938,21800
2020-11-04,94.9800033569336,95.08999633789062,94.33000183105469,94.75,94.75,29400
2020-11-05,97.06999969482422,98.33999633789062,97.0199966430664,98.33999633789062,98.33999633789062,31000
2020-11-06,99.2300033569336,99.30000305175781,98.5199966430664,99.2300033569336,99.2300033569336,24300
2020-11-09,95.70999908447266,95.70999908447266,94.01000213623047,95.08999633789062,95.08999633789062,69900
2020-11-10,95.62000274658203,96.0,95.1500015258789,95.16999816894531,95.16999816894531,32200
2020-11-11,94.16000366210938,94.4000015258789,93.69999694824219,94.08000183105469,94.08000183105469,25600
2020-11-12,94.75,95.12999725341797,94.44999694824219,94.5,94.5,27800
2020-11-13,95.58000183105469,95.69000244140625,95.20999908447266,95.36000061035156,95.36000061035156,38900
2020-11-16,95.61000061035156,96.08999633789062,95.2300033569336,95.54000091552734,95.54000091552734,38700
2020-11-17,95.5999984741211,95.61000061035156,94.94000244140625,95.01000213623047,95.01000213623047,29000
2020-11-18,95.27999877929688,95.76000213623047,94.7300033569336,94.73999786376953,94.73999786376953,23400
2020-11-19,93.72000122070312,94.55999755859375,93.5,94.55999755859375,94.55999755859375,41400
2020-11-20,95.19999694824219,95.23999786376953,94.56999969482422,94.6500015258789,94.6500015258789,14900
2020-11-23,94.44000244140625,94.44000244140625,92.66000366210938,93.0199966430664,93.0199966430664,23900
2020-11-24,91.58000183105469,92.0999984741211,91.5199966430664,92.0999984741211,92.0999984741211,90700
2020-11-25,92.29000091552734,92.4000015258789,91.91999816894531,91.95999908447266,91.95999908447266,24400
2020-11-27,90.66999816894531,91.37000274658203,90.33999633789062,91.25,91.25,30600
2020-11-30,90.55999755859375,90.98999786376953,90.1500015258789,90.7699966430664,90.7699966430664,26800
2020-12-01,92.80000305175781,93.69999694824219,92.80000305175781,93.58999633789062,93.58999633789062,21400
2020-12-02,93.41000366210938,94.37999725341797,93.23999786376953,93.98999786376953,93.98999786376953,30200
2020-12-03,94.4000015258789,94.4000015258789,92.5999984741211,94.02999877929688,94.02999877929688,51800
2020-12-04,94.5,94.88999938964844,93.66999816894531,94.16000366210938,94.16000366210938,24300
2020-12-07,93.88999938964844,95.58999633789062,93.88999938964844,95.19000244140625,95.19000244140625,29800
2020-12-08,95.3499984741211,95.68000030517578,94.81999969482422,95.2300033569336,95.2300033569336,54700
2020-12-09,94.45999908447266,94.45999908447266,92.73999786376953,93.2300033569336,93.2300033569336,32700
2020-12-10,94.08000183105469,94.62000274658203,93.51000213623047,93.9000015258789,93.9000015258789,17400
2020-12-11,93.7300033569336,94.16999816894531,93.45999908447266,93.68000030517578,93.68000030517578,26800
2020-12-14,93.66000366210938,94.01000213623047,92.87999725341797,93.11000061035156,93.11000061035156,21300
2020-12-15,94.62999725341797,94.87999725341797,94.38999938964844,94.80999755859375,94.80999755859375,35000
2020-12-16,95.12000274658203,96.1500015258789,94.97000122070312,95.98999786376953,95.98999786376953,19100
2020-12-17,97.38999938964844,97.68000030517578,97.02999877929688,97.37000274658203,97.37000274658203,60200
2020-12-18,97.11000061035156,97.41999816894531,96.72000122070312,97.16999816894531,97.16999816894531,42300
2020-12-21,96.86000061035156,97.4000015258789,96.5999984741211,97.02999877929688,97.02999877929688,55700
2020-12-22,96.83999633789062,96.87000274658203,95.37000274658203,95.48999786376953,95.48999786376953,50600
2020-12-23,96.2300033569336,97.0,96.16999816894531,96.51000213623047,96.51000213623047,31600
2020-12-24,96.38999938964844,96.9800033569336,96.23999786376953,96.94999694824219,96.94999694824219,5600
2020-12-28,98.7300033569336,99.05999755859375,97.12999725341797,97.29000091552734,97.29000091552734,96900
2020-12-29,97.29000091552734,97.87000274658203,96.75,97.37999725341797,97.37999725341797,30700
2020-12-30,97.61000061035156,98.58999633789062,97.61000061035156,98.58999633789062,98.58999633789062,157600
2020-12-31,98.7699966430664,99.05000305175781,98.44000244140625,98.94999694824219,98.94999694824219,28700
2021-01-04,101.41999816894531,101.54000091552734,99.63999938964844,100.69000244140625,100.69000244140625,48000
2021-01-05,101.08999633789062,101.98999786376953,100.69999694824219,101.83999633789062,101.83999633789062,37300
2021-01-06,100.69999694824219,100.7300033569336,99.0,100.4800033569336,100.4800033569336,63900
2021-01-07,100.12000274658203,100.41999816894531,99.63999938964844,100.11000061035156,100.11000061035156,79300
2021-01-08,98.80000305175781,98.80000305175781,94.36000061035156,95.86000061035156,95.86000061035156,68200
2021-01-11,94.55000305175781,95.7699966430664,94.55000305175781,95.16000366210938,95.16000366210938,40800
2021-01-12,95.91000366210938,96.52999877929688,95.33999633789062,96.43000030517578,96.43000030517578,44400
2021-01-13,96.11000061035156,96.56999969482422,95.80999755859375,95.9800033569336,95.9800033569336,73600
2021-01-14,96.0,97.04000091552734,95.94999694824219,96.41000366210938,96.41000366210938,40400
2021-01-15,95.7699966430664,95.97000122070312,94.44999694824219,94.63999938964844,94.63999938964844,62800
2021-01-19,95.61000061035156,95.62000274658203,95.08000183105469,95.36000061035156,95.36000061035156,68500
2021-01-20,96.41000366210938,97.18000030517578,96.26000213623047,97.11000061035156,97.11000061035156,56600
2021-01-21,97.36000061035156,97.37000274658203,96.69999694824219,97.26000213623047,97.26000213623047,66000
2021-01-22,95.66000366210938,96.4000015258789,95.29000091552734,96.2300033569336,96.2300033569336,54300
2021-01-25,96.63999938964844,96.63999938964844,95.43000030517578,96.08000183105469,96.08000183105469,50900
2021-01-26,96.0199966430664,96.4000015258789,95.75,95.9000015258789,95.9000015258789,57200
2021-01-27,95.26000213623047,95.62000274658203,94.26000213623047,95.18000030517578,95.18000030517578,57100
2021-01-28,97.13999938964844,97.58000183105469,95.58000183105469,96.69000244140625,96.69000244140625,45500
2021-01-29,98.05999755859375,98.06999969482422,96.29000091552734,96.45999908447266,96.45999908447266,75000
2021-02-01,100.5199966430664,100.63999938964844,98.5199966430664,99.1500015258789,99.1500015258789,466500
2021-02-02,97.31999969482422,97.31999969482422,95.63999938964844,96.04000091552734,96.04000091552734,100000
2021-02-03,96.61000061035156,96.94999694824219,96.19000244140625,96.47000122070312,96.47000122070312,59900
2021-02-04,94.69000244140625,95.19000244140625,94.2300033569336,95.1500015258789,95.1500015258789,51700
2021-02-05,95.7699966430664,96.77999877929688,95.70999908447266,96.51000213623047,96.51000213623047,35000
2021-02-08,97.72000122070312,98.05000305175781,97.45999908447266,97.58999633789062,97.58999633789062,62200
2021-02-09,97.81999969482422,98.12000274658203,97.37000274658203,97.58999633789062,97.58999633789062,46900
2021-02-10,98.56999969482422,98.56999969482422,97.5199966430664,97.98999786376953,97.98999786376953,32700
2021-02-11,98.18000030517578,98.18000030517578,97.05999755859375,97.5,97.5,47800
2021-02-12,97.05000305175781,98.13999938964844,97.02999877929688,97.81999969482422,97.81999969482422,42600
2021-02-16,96.7699966430664,98.19000244140625,96.58999633789062,97.11000061035156,97.11000061035156,45500
2021-02-17,96.27999877929688,96.69999694824219,95.86000061035156,96.55999755859375,96.55999755859375,78400
2021-02-18,96.48999786376953,96.75,95.66999816894531,96.12999725341797,96.12999725341797,49800
2021-02-19,96.5199966430664,97.16999816894531,96.41999816894531,96.62999725341797,96.62999725341797,45300
2021-02-22,97.66000366210938,98.61000061035156,97.4800033569336,98.5,98.5,43600
2021-02-23,97.73999786376953,97.75,96.51000213623047,97.52999877929688,97.52999877929688,49000
2021-02-24,96.77999877929688,98.37999725341797,96.58999633789062,98.37999725341797,98.37999725341797,55100
2021-02-25,97.62999725341797,98.22000122070312,96.38999938964844,96.43000030517578,96.43000030517578,79200
2021-02-26,95.31999969482422,95.31999969482422,93.0,93.69000244140625,93.69000244140625,106300
2021-03-01,94.62000274658203,95.0,93.58999633789062,93.86000061035156,93.86000061035156,32800
2021-03-02,93.80999755859375,94.79000091552734,93.5,94.41999816894531,94.41999816894531,56500
2021-03-03,93.16999816894531,93.7699966430664,92.47000122070312,93.08999633789062,93.08999633789062,75600
2021-03-04,92.93000030517578,93.44000244140625,91.01000213623047,91.4000015258789,91.4000015258789,161900
2021-03-05,91.72000122070312,91.72000122070312,90.91000366210938,91.41999816894531,91.41999816894531,67500
2021-03-08,91.23999786376953,91.30000305175781,90.66999816894531,90.83000183105469,90.83000183105469,81000
2021-03-09,92.37999725341797,92.88999938964844,92.30999755859375,92.5199966430664,92.5199966430664,50600
2021-03-10,92.87000274658203,93.30000305175781,92.58000183105469,93.30000305175781,93.30000305175781,27700
2021-03-11,93.25,93.52999877929688,93.12999725341797,93.33999633789062,93.33999633789062,31300
2021-03-12,92.08000183105469,93.3499984741211,91.94999694824219,93.26000213623047,93.26000213623047,49400
2021-03-15,93.93000030517578,94.08000183105469,93.58000183105469,93.91999816894531,93.91999816894531,65000
2021-03-16,94.33000183105469,94.66000366210938,93.98999786376953,94.31999969482422,94.31999969482422,27400
2021-03-17,94.30000305175781,95.69000244140625,94.02999877929688,95.5,95.5,46900
2021-03-18,94.91000366210938,96.0,94.91000366210938,95.41000366210938,95.41000366210938,57400
2021-03-19,95.12000274658203,95.68000030517578,94.94999694824219,95.41999816894531,95.41999816894531,57200
2021-03-22,94.68000030517578,94.9800033569336,94.3499984741211,94.86000061035156,94.86000061035156,30400
2021-03-23,94.44000244140625,94.44999694824219,93.6500015258789,93.69000244140625,93.69000244140625,50300
2021-03-24,94.37000274658203,94.54000091552734,94.01000213623047,94.0999984741211,94.0999984741211,138400
2021-03-25,94.16999816894531,94.4800033569336,93.45999908447266,93.72000122070312,93.72000122070312,37100
2021-03-26,93.81999969482422,94.4000015258789,93.70999908447266,94.2300033569336,94.2300033569336,45300
2021-03-29,93.19999694824219,93.19999694824219,92.08000183105469,92.3499984741211,92.3499984741211,94300
2021-03-30,91.43000030517578,91.58000183105469,90.93000030517578,91.16999816894531,91.16999816894531,57700
2021-03-31,91.45999908447266,92.87999725341797,91.45999908447266,92.66999816894531,92.66999816894531,28700
2021-04-01,93.4800033569336,94.1500015258789,93.37999725341797,94.12999725341797,94.12999725341797,51200
2021-04-05,93.7300033569336,94.26000213623047,93.6500015258789,93.97000122070312,93.97000122070312,74400
2021-04-06,94.58999633789062,95.13999938964844,94.51000213623047,94.95999908447266,94.95999908447266,32900
2021-04-07,94.37999725341797,94.68000030517578,94.19000244140625,94.37999725341797,94.37999725341797,66600
2021-04-08,95.33999633789062,95.44999694824219,95.12000274658203,95.26000213623047,95.26000213623047,38100
2021-04-09,94.33999633789062,94.77999877929688,94.26000213623047,94.66000366210938,94.66000366210938,47200
2021-04-12,94.31999969482422,94.31999969482422,93.69000244140625,93.97000122070312,93.97000122070312,58300
2021-04-13,94.83000183105469,95.1500015258789,94.68000030517578,94.91999816894531,94.91999816894531,74700
2021-04-14,94.63999938964844,94.8499984741211,94.47000122070312,94.63999938964844,94.63999938964844,45600
2021-04-15,95.75,96.58999633789062,95.75,96.38999938964844,96.38999938964844,64200
2021-04-16,96.94000244140625,97.19999694824219,96.91000366210938,97.05999755859375,97.05999755859375,35400
2021-04-19,96.98999786376953,97.22000122070312,96.75,97.01000213623047,97.01000213623047,32900
2021-04-20,96.56999969482422,97.2300033569336,96.51000213623047,96.80000305175781,96.80000305175781,39900
2021-04-21,97.44000244140625,98.97000122070312,97.44000244140625,98.88999938964844,98.88999938964844,41500
2021-04-22,98.27999877929688,98.33000183105469,97.43000030517578,97.70999908447266,97.70999908447266,39600
2021-04-23,98.2699966430664,98.29000091552734,97.37000274658203,97.63999938964844,97.63999938964844,25100
2021-04-26,98.4000015258789,98.44000244140625,97.95999908447266,98.19000244140625,98.19000244140625,99200
2021-04-27,98.56999969482422,98.7300033569336,98.25,98.41999816894531,98.41999816894531,36600
2021-04-28,97.76000213623047,98.55000305175781,97.5999984741211,98.55000305175781,98.55000305175781,50300
2021-04-29,98.0,98.2300033569336,97.29000091552734,98.22000122070312,98.22000122070312,82300
2021-04-30,98.19000244140625,98.27999877929688,97.5,97.56999969482422,97.56999969482422,45500
2021-05-03,99.23999786376953,99.98999786376953,99.05000305175781,99.5999984741211,99.5999984741211,41700
2021-05-04,99.87000274658203,100.30000305175781,98.23999786376953,98.95999908447266,98.95999908447266,38400
2021-05-05,98.81999969482422,99.02999877929688,98.69000244140625,99.02999877929688,99.02999877929688,80800
2021-05-06,99.3499984741211,100.83999633789062,99.3499984741211,100.68000030517578,100.68000030517578,48300
2021-05-07,100.52999877929688,101.41999816894531,100.41999816894531,101.2699966430664,101.2699966430664,53300
2021-05-10,102.26000213623047,102.41000366210938,101.12999725341797,101.41000366210938,101.41000366210938,42500
2021-05-11,100.30999755859375,101.54000091552734,100.30999755859375,101.52999877929688,101.52999877929688,77000
2021-05-12,101.05000305175781,101.30000305175781,99.80000305175781,99.9000015258789,99.9000015258789,67700
2021-05-13,99.66999816894531,100.23999786376953,99.48999786376953,100.1500015258789,100.1500015258789,37600
2021-05-14,100.91000366210938,101.33000183105469,100.68000030517578,101.33000183105469,101.33000183105469,24700
2021-05-17,101.45999908447266,102.83999633789062,101.45999908447266,102.61000061035156,102.61000061035156,35100
2021-05-18,102.97000122070312,103.01000213623047,102.37999725341797,102.76000213623047,102.76000213623047,29600
2021-05-19,101.9000015258789,102.83999633789062,101.51000213623047,102.0,102.0,52500
2021-05-20,102.16999816894531,102.56999969482422,101.94000244140625,102.2300033569336,102.2300033569336,39800
2021-05-21,102.4800033569336,102.4800033569336,100.80000305175781,101.44000244140625,101.44000244140625,33300
2021-05-24,101.58000183105469,101.83000183105469,101.43000030517578,101.48999786376953,101.48999786376953,44000
2021-05-25,101.2699966430664,102.55000305175781,101.26000213623047,102.55000305175781,102.55000305175781,32800
2021-05-26,102.5,102.5999984741211,101.79000091552734,101.97000122070312,101.97000122070312,40700
2021-05-27,102.05000305175781,102.51000213623047,101.87999725341797,102.5,102.5,22400
2021-05-28,102.19000244140625,102.87999725341797,102.19000244140625,102.87999725341797,102.87999725341797,59300
2021-06-01,103.61000061035156,103.61000061035156,102.66000366210938,102.94000244140625,102.94000244140625,106000
2021-06-02,103.08999633789062,103.45999908447266,102.88999938964844,103.45999908447266,103.45999908447266,50400
2021-06-03,101.41999816894531,101.51000213623047,100.62000274658203,101.44000244140625,101.44000244140625,71900
2021-06-04,102.16999816894531,102.44000244140625,102.08000183105469,102.29000091552734,102.29000091552734,59600
2021-06-07,102.30999755859375,102.7300033569336,102.11000061035156,102.66000366210938,102.66000366210938,121500
2021-06-08,102.11000061035156,102.20999908447266,101.5,102.01000213623047,102.01000213623047,50900
2021-06-09,102.23999786376953,102.38999938964844,101.80000305175781,101.83000183105469,101.83000183105469,34600
2021-06-10,101.61000061035156,102.3499984741211,101.4800033569336,102.3499984741211,102.3499984741211,25000
2021-06-11,102.12000274658203,102.33000183105469,101.51000213623047,101.63999938964844,101.63999938964844,28700
2021-06-14,100.44999694824219,101.37999725341797,100.33000183105469,101.16999816894531,101.16999816894531,188700
2021-06-15,101.0199966430664,101.0199966430664,100.31999969482422,100.77999877929688,100.77999877929688,77300
2021-06-16,101.0199966430664,101.26000213623047,99.62999725341797,99.6500015258789,99.6500015258789,48800
2021-06-17,96.5,96.69999694824219,94.62999725341797,94.7300033569336,94.7300033569336,65300
2021-06-18,95.08999633789062,95.16999816894531,93.95999908447266,93.95999908447266,93.95999908447266,144600
2021-06-21,95.0199966430664,95.66000366210938,94.63999938964844,95.51000213623047,95.51000213623047,53000
2021-06-22,95.12999725341797,95.37000274658203,94.91000366210938,95.01000213623047,95.01000213623047,113400
2021-06-23,95.8499984741211,96.58999633789062,95.23999786376953,95.36000061035156,95.36000061035156,38300
2021-06-24,96.05999755859375,96.20999908447266,95.6500015258789,95.6500015258789,95.6500015258789,35000
2021-06-25,96.54000091552734,96.54000091552734,95.7699966430664,95.98999786376953,95.98999786376953,30400
2021-06-28,96.31999969482422,96.38999938964844,96.0999984741211,96.30000305175781,96.30000305175781,65200
2021-06-29,95.05999755859375,95.4800033569336,94.8499984741211,95.27999877929688,95.27999877929688,43300
2021-06-30,95.41999816894531,96.5199966430664,95.2699966430664,96.44999694824219,96.44999694824219,24400
2021-07-01,96.97000122070312,97.0,96.20999908447266,96.5199966430664,96.5199966430664,27400
2021-07-02,97.33999633789062,97.68000030517578,97.0,97.45999908447266,97.45999908447266,28000
2021-07-06,98.55000305175781,98.5999984741211,96.95999908447266,97.37999725341797,97.37999725341797,168400
2021-07-07,97.97000122070312,98.18000030517578,97.58999633789062,97.91999816894531,97.91999816894531,29600
2021-07-08,97.8499984741211,97.8499984741211,96.91999816894531,97.30000305175781,97.30000305175781,27700
2021-07-09,97.4000015258789,97.9800033569336,97.3499984741211,97.83999633789062,97.83999633789062,25900
2021-07-12,97.68000030517578,98.27999877929688,97.2699966430664,98.13999938964844,98.13999938964844,113700
2021-07-13,98.04000091552734,98.25,97.61000061035156,97.80999755859375,97.80999755859375,60100
2021-07-14,98.91000366210938,98.91000366210938,98.20999908447266,98.6500015258789,98.6500015258789,35200
2021-07-15,98.44000244140625,98.5199966430664,97.94000244140625,98.2300033569336,98.2300033569336,36900
2021-07-16,97.6500015258789,97.6500015258789,96.25,96.30000305175781,96.30000305175781,20800
2021-07-19,95.87999725341797,95.95999908447266,95.2300033569336,95.44999694824219,95.44999694824219,217300
2021-07-20,95.62999725341797,95.91000366210938,95.08999633789062,95.45999908447266,95.45999908447266,26600
2021-07-21,95.44999694824219,95.91999816894531,95.33000183105469,95.8499984741211,95.8499984741211,46400
2021-07-22,95.83999633789062,96.5199966430664,95.41000366210938,96.41999816894531,96.41999816894531,23500
2021-07-23,96.06999969482422,96.06999969482422,95.37999725341797,95.68000030517578,95.68000030517578,22400
2021-07-26,95.80000305175781,96.05000305175781,95.4800033569336,95.52999877929688,95.52999877929688,520100
2021-07-27,95.43000030517578,95.43000030517578,94.41999816894531,94.7699966430664,94.7699966430664,21900
2021-07-28,94.69999694824219,95.41999816894531,94.5,95.41999816894531,95.41999816894531,24700
2021-07-29,96.58000183105469,97.02999877929688,96.58000183105469,96.68000030517578,96.68000030517578,28000
2021-07-30,96.58999633789062,96.69000244140625,95.91999816894531,96.26000213623047,96.26000213623047,22900
2021-08-02,96.13999938964844,96.55999755859375,96.13999938964844,96.16999816894531,96.16999816894531,494500
2021-08-03,96.26000213623047,96.3499984741211,95.83999633789062,96.1500015258789,96.1500015258789,25100
2021-08-04,97.06999969482422,97.23999786376953,95.69999694824219,95.83000183105469,95.83000183105469,30900
2021-08-05,95.81999969482422,95.81999969482422,95.01000213623047,95.33000183105469,95.33000183105469,25300
2021-08-06,93.77999877929688,93.77999877929688,92.91000366210938,93.02999877929688,93.02999877929688,111300
2021-08-09,91.94000244140625,92.12000274658203,90.80999755859375,91.05999755859375,91.05999755859375,184900
2021-08-10,90.91000366210938,91.55999755859375,90.80999755859375,91.2699966430664,91.2699966430664,75400
2021-08-11,91.87999725341797,92.2699966430664,91.48999786376953,92.19000244140625,92.19000244140625,34400
2021-08-12,91.88999938964844,91.9000015258789,91.33000183105469,91.79000091552734,91.79000091552734,23600
2021-08-13,92.52999877929688,93.37000274658203,92.44999694824219,93.1500015258789,93.1500015258789,50600
2021-08-16,93.22000122070312,93.4000015258789,92.83999633789062,93.33000183105469,93.33000183105469,30700
2021-08-17,92.97000122070312,93.12999725341797,92.05000305175781,92.2300033569336,92.2300033569336,25500
2021-08-18,92.30000305175781,92.30000305175781,91.44000244140625,91.80000305175781,91.80000305175781,49300
2021-08-19,91.27999877929688,91.33999633789062,90.4800033569336,90.69000244140625,90.69000244140625,54300
2021-08-20,90.55000305175781,90.7699966430664,90.11000061035156,90.36000061035156,90.36000061035156,47900
2021-08-23,92.11000061035156,92.58000183105469,91.9800033569336,92.23999786376953,92.23999786376953,27400
2021-08-24,93.11000061035156,93.16999816894531,92.75,92.91999816894531,92.91999816894531,19900
2021-08-25,92.6500015258789,92.6500015258789,92.0,92.33999633789062,92.33999633789062,24200
2021-08-26,91.72000122070312,92.02999877929688,91.61000061035156,91.79000091552734,91.79000091552734,65500
2021-08-27,91.70999908447266,93.31999969482422,91.5999984741211,93.30000305175781,93.30000305175781,28100
2021-08-30,93.56999969482422,93.58000183105469,93.13999938964844,93.47000122070312,93.47000122070312,32800
2021-08-31,93.44000244140625,93.6500015258789,92.98999786376953,93.3499984741211,93.3499984741211,32700
2021-09-01,93.66000366210938,93.69000244140625,93.06999969482422,93.43000030517578,93.43000030517578,49500
2021-09-02,92.95999908447266,93.04000091552734,92.58999633789062,92.69999694824219,92.69999694824219,18300
2021-09-03,93.75,94.69999694824219,93.51000213623047,94.33000183105469,94.33000183105469,15400
2021-09-07,93.4000015258789,93.51000213623047,92.41000366210938,92.51000213623047,92.51000213623047,36400
2021-09-08,92.38999938964844,92.4000015258789,91.0199966430664,91.30000305175781,91.30000305175781,43300
2021-09-09,91.86000061035156,91.86000061035156,90.98999786376953,91.0999984741211,91.0999984741211,25900
2021-09-10,91.3499984741211,91.3499984741211,90.23999786376953,90.23999786376953,90.23999786376953,43600
2021-09-13,90.2300033569336,90.68000030517578,90.08999633789062,90.12000274658203,90.12000274658203,47900
2021-09-14,89.94999694824219,90.11000061035156,89.2699966430664,89.98999786376953,89.98999786376953,48000
2021-09-15,89.7699966430664,89.91999816894531,89.54000091552734,89.83999633789062,89.83999633789062,43700
2021-09-16,88.18000030517578,88.18000030517578,87.44999694824219,87.81999969482422,87.81999969482422,50200
2021-09-17,87.5999984741211,87.5999984741211,86.9000015258789,87.0199966430664,87.0199966430664,122200
2021-09-20,86.62999725341797,87.18000030517578,86.16000366210938,86.51000213623047,86.51000213623047,59300
2021-09-21,87.31999969482422,87.7300033569336,87.11000061035156,87.3499984741211,87.3499984741211,46400
2021-09-22,88.22000122070312,89.30000305175781,88.08999633789062,88.1500015258789,88.1500015258789,48600
2021-09-23,87.5,87.61000061035156,87.20999908447266,87.22000122070312,87.22000122070312,46900
2021-09-24,86.30999755859375,87.13999938964844,86.2699966430664,86.77999877929688,86.77999877929688,57800
2021-09-27,87.30999755859375,87.51000213623047,87.13999938964844,87.13999938964844,87.13999938964844,39600
2021-09-28,86.55999755859375,86.68000030517578,85.91999816894531,86.02999877929688,86.02999877929688,118500
2021-09-29,85.44000244140625,85.45999908447266,84.41999816894531,84.5999984741211,84.5999984741211,96800
2021-09-30,85.54000091552734,86.70999908447266,85.54000091552734,86.45999908447266,86.45999908447266,58800
2021-10-01,86.87999725341797,87.29000091552734,86.75,87.0199966430664,87.0199966430664,28200
2021-10-04,86.61000061035156,87.41000366210938,86.5,87.41000366210938,87.41000366210938,50800
2021-10-05,86.62999725341797,87.19999694824219,86.58000183105469,87.0199966430664,87.0199966430664,104600
2021-10-06,86.5,87.30000305175781,86.37999725341797,87.22000122070312,87.22000122070312,42400
2021-10-07,86.72000122070312,87.77999877929688,86.72000122070312,87.26000213623047,87.26000213623047,49700
2021-10-08,89.1500015258789,89.23999786376953,88.08000183105469,88.1500015258789,88.1500015258789,24200
2021-10-11,88.56999969482422,88.80000305175781,88.0999984741211,88.0999984741211,88.0999984741211,43700
2021-10-12,88.08999633789062,88.55999755859375,87.86000061035156,88.02999877929688,88.02999877929688,33100
2021-10-13,88.45999908447266,90.27999877929688,88.45999908447266,89.69000244140625,89.69000244140625,35200
2021-10-14,90.44999694824219,90.77999877929688,90.25,90.6500015258789,90.6500015258789,34400
2021-10-15,89.5999984741211,89.7300033569336,89.26000213623047,89.30000305175781,89.30000305175781,22000
2021-10-18,88.80000305175781,88.9800033569336,88.41999816894531,88.61000061035156,88.61000061035156,30100
2021-10-19,90.29000091552734,90.41999816894531,89.66999816894531,89.80000305175781,89.80000305175781,28800
2021-10-20,90.16999816894531,90.97000122070312,89.87000274658203,90.72000122070312,90.72000122070312,25700
2021-10-21,90.18000030517578,90.37999725341797,89.83999633789062,90.19999694824219,90.19999694824219,23100
2021-10-22,91.11000061035156,91.8499984741211,90.30999755859375,90.63999938964844,90.63999938964844,23300
2021-10-25,91.29000091552734,91.69000244140625,91.13999938964844,91.5199966430664,91.5199966430664,31200
2021-10-26,90.58999633789062,90.58999633789062,89.69999694824219,90.33000183105469,90.33000183105469,42500
2021-10-27,90.12999725341797,90.33000183105469,89.69000244140625,90.0,90.0,26200
2021-10-28,90.72000122070312,90.83999633789062,90.02999877929688,90.19000244140625,90.19000244140625,23800
2021-10-29,89.2699966430664,89.69000244140625,88.94000244140625,89.62000274658203,89.62000274658203,28800
2021-11-01,90.54000091552734,90.7300033569336,90.37999725341797,90.55999755859375,90.55999755859375,27800
2021-11-02,90.18000030517578,90.18000030517578,89.44999694824219,89.6500015258789,89.6500015258789,19700
2021-11-03,88.52999877929688,89.19999694824219,88.18000030517578,89.18000030517578,89.18000030517578,33600
2021-11-04,90.2300033569336,90.55000305175781,89.77999877929688,89.88999938964844,89.88999938964844,50500
2021-11-05,90.66999816894531,91.2300033569336,90.16999816894531,91.18000030517578,91.18000030517578,51600
2021-11-08,91.61000061035156,92.16000366210938,91.4800033569336,91.94999694824219,91.94999694824219,32000
2021-11-09,91.8499984741211,92.20999908447266,91.23999786376953,91.87000274658203,91.87000274658203,49500
2021-11-10,93.51000213623047,93.77999877929688,92.4000015258789,92.83999633789062,92.83999633789062,39100
2021-11-11,93.83999633789062,93.98999786376953,93.72000122070312,93.94000244140625,93.94000244140625,31100
2021-11-12,93.5199966430664,94.5199966430664,93.5199966430664,94.37000274658203,94.37000274658203,30600
2021-11-15,94.06999969482422,94.58000183105469,94.01000213623047,94.30000305175781,94.30000305175781,18900
2021-11-16,94.16000366210938,94.30000305175781,93.52999877929688,93.62000274658203,93.62000274658203,98800
2021-11-17,94.3499984741211,94.55999755859375,94.25,94.5,94.5,29000
2021-11-18,93.87999725341797,94.12000274658203,93.56999969482422,93.73999786376953,93.73999786376953,60400
2021-11-19,93.38999938964844,93.61000061035156,92.62000274658203,92.62000274658203,92.62000274658203,28400
2021-11-22,91.44000244140625,91.70999908447266,90.19000244140625,90.3499984741211,90.3499984741211,53100
2021-11-23,88.83999633789062,88.95999908447266,87.94000244140625,88.7699966430664,88.7699966430664,44900
2021-11-24,88.19000244140625,88.58000183105469,88.12999725341797,88.52999877929688,88.52999877929688,55400
2021-11-26,88.61000061035156,88.70999908447266,86.91000366210938,87.33999633789062,87.33999633789062,46200
2021-11-29,87.5,87.72000122070312,87.12999725341797,87.2300033569336,87.2300033569336,45400
2021-11-30,87.43000030517578,88.36000061035156,86.19999694824219,86.3499984741211,86.3499984741211,67400
2021-12-01,86.76000213623047,87.12999725341797,85.9800033569336,86.08999633789062,86.08999633789062,80900
2021-12-02,86.2699966430664,86.2699966430664,85.80999755859375,86.22000122070312,86.22000122070312,26900
2021-12-03,86.43000030517578,87.01000213623047,85.94000244140625,86.79000091552734,86.79000091552734,57900
2021-12-06,86.2699966430664,86.94000244140625,86.04000091552734,86.8499984741211,86.8499984741211,42100
2021-12-07,86.83999633789062,87.45999908447266,86.83999633789062,87.30000305175781,87.30000305175781,40100
2021-12-08,86.91000366210938,87.3499984741211,86.83999633789062,87.29000091552734,87.29000091552734,33300
2021-12-09,86.93000030517578,86.93000030517578,85.80000305175781,86.12000274658203,86.12000274658203,58500
2021-12-10,86.4000015258789,86.4000015258789,86.05999755859375,86.19000244140625,86.19000244140625,35800
2021-12-13,86.43000030517578,86.58000183105469,85.91000366210938,85.97000122070312,85.97000122070312,59900
2021-12-14,84.55000305175781,85.19000244140625,84.48999786376953,84.8499984741211,84.8499984741211,71000
2021-12-15,84.33999633789062,85.08999633789062,83.37999725341797,84.98999786376953,84.98999786376953,176200
2021-12-16,85.93000030517578,86.83000183105469,85.93000030517578,86.7699966430664,86.7699966430664,62300
2021-12-17,87.33000183105469,87.63999938964844,86.81999969482422,86.91000366210938,86.91000366210938,57600
2021-12-20,86.61000061035156,86.61000061035156,86.25,86.30999755859375,86.30999755859375,60600
2021-12-21,87.1500015258789,87.20999908447266,86.69999694824219,86.80000305175781,86.80000305175781,84200
2021-12-22,87.5199966430664,88.3499984741211,87.23999786376953,88.33999633789062,88.33999633789062,57200
2021-12-23,88.3499984741211,88.94000244140625,88.05000305175781,88.83999633789062,88.83999633789062,61800
2021-12-27,88.94000244140625,89.47000122070312,88.8499984741211,89.19999694824219,89.19999694824219,42200
2021-12-28,89.43000030517578,89.79000091552734,89.06999969482422,89.13999938964844,89.13999938964844,69500
2021-12-29,88.05999755859375,89.01000213623047,87.41999816894531,89.01000213623047,89.01000213623047,42900
2021-12-30,88.80000305175781,89.48999786376953,88.69999694824219,89.26000213623047,89.26000213623047,59400
2021-12-31,89.38999938964844,89.62000274658203,88.86000061035156,89.44999694824219,89.44999694824219,37500
2022-01-03,88.13999938964844,88.33000183105469,87.6500015258789,87.94000244140625,87.94000244140625,29200
2022-01-04,88.6500015258789,88.94999694824219,88.51000213623047,88.76000213623047,88.76000213623047,41300
2022-01-05,89.37999725341797,89.5199966430664,88.25,88.31999969482422,88.31999969482422,22000
2022-01-06,86.76000213623047,87.3499984741211,86.76000213623047,87.08000183105469,87.08000183105469,34000
2022-01-07,87.30999755859375,87.91000366210938,87.01000213623047,87.66999816894531,87.66999816894531,25900
2022-01-10,87.30000305175781,87.88999938964844,87.30000305175781,87.81999969482422,87.81999969482422,44000
2022-01-11,88.0199966430664,88.9800033569336,87.80999755859375,88.93000030517578,88.93000030517578,29400
2022-01-12,89.12999725341797,89.54000091552734,89.12000274658203,89.44000244140625,89.44000244140625,19500
2022-01-13,89.26000213623047,89.26000213623047,88.7300033569336,88.98999786376953,88.98999786376953,19300
2022-01-14,88.94000244140625,89.2300033569336,88.55000305175781,88.66999816894531,88.66999816894531,30000
2022-01-18,89.43000030517578,89.75,89.16000366210938,89.31999969482422,89.31999969482422,49700
2022-01-19,90.62999725341797,91.79000091552734,90.51000213623047,91.63999938964844,91.63999938964844,44600
2022-01-20,92.4000015258789,92.61000061035156,92.0999984741211,92.0999984741211,92.0999984741211,41100
2022-01-21,92.72000122070312,92.83999633789062,91.81999969482422,91.9800033569336,91.9800033569336,226000
2022-01-24,91.87999725341797,92.73999786376953,91.19999694824219,92.08999633789062,92.08999633789062,65200
2022-01-25,91.88999938964844,92.88999938964844,91.87999725341797,92.58000183105469,92.58000183105469,31300
2022-01-26,92.61000061035156,93.33999633789062,91.93000030517578,92.05999755859375,92.05999755859375,47200
2022-01-27,90.5,91.18000030517578,90.38999938964844,90.83000183105469,90.83000183105469,39000
2022-01-28,89.87000274658203,90.33999633789062,89.69000244140625,90.31999969482422,90.31999969482422,34900
2022-01-31,90.91000366210938,91.0,90.4000015258789,90.63999938964844,90.63999938964844,30600
2022-02-01,91.37999725341797,91.44999694824219,90.6500015258789,90.9000015258789,90.9000015258789,32300
2022-02-02,91.20999908447266,91.5,90.80000305175781,91.1500015258789,91.1500015258789,22200
2022-02-03,90.83000183105469,90.87000274658203,89.55000305175781,90.55000305175781,90.55000305175781,40000
2022-02-04,90.1500015258789,90.80999755859375,90.1500015258789,90.4800033569336,90.4800033569336,24600
2022-02-07,90.76000213623047,91.3499984741211,90.5199966430664,91.19999694824219,91.19999694824219,22300
2022-02-08,91.27999877929688,91.7699966430664,91.16999816894531,91.48999786376953,91.48999786376953,54400
2022-02-09,91.8499984741211,92.18000030517578,91.61000061035156,91.9800033569336,91.9800033569336,53600
2022-02-10,92.02999877929688,92.93000030517578,91.4800033569336,91.54000091552734,91.54000091552734,46100
2022-02-11,91.11000061035156,93.48999786376953,91.02999877929688,93.33000183105469,93.33000183105469,38400
2022-02-14,93.6500015258789,94.2300033569336,93.33999633789062,94.20999908447266,94.20999908447266,84300
2022-02-15,92.19000244140625,92.56999969482422,91.72000122070312,92.5199966430664,92.5199966430664,43000
2022-02-16,92.83999633789062,93.72000122070312,92.83999633789062,93.72000122070312,93.72000122070312,46200
2022-02-17,94.76000213623047,95.2300033569336,94.55000305175781,95.04000091552734,95.04000091552734,66900
2022-02-18,95.16999816894531,95.16999816894531,94.58000183105469,94.91999816894531,94.91999816894531,59000
2022-02-22,95.94999694824219,96.08999633789062,95.2300033569336,95.41999816894531,95.41999816894531,63700
2022-02-23,95.70999908447266,96.83999633789062,95.70999908447266,96.83999633789062,96.83999633789062,89900
2022-02-24,99.58999633789062,99.58999633789062,94.33000183105469,95.33999633789062,95.33999633789062,238200
2022-02-25,94.83999633789062,95.31999969482422,94.4000015258789,95.2300033569336,95.2300033569336,101400
2022-02-28,97.02999877929688,97.02999877929688,95.58000183105469,96.66000366210938,96.66000366210938,186000
2022-03-01,98.13999938964844,99.52999877929688,97.98999786376953,99.52999877929688,99.52999877929688,115000
2022-03-02,98.52999877929688,99.29000091552734,97.91000366210938,98.95999908447266,98.95999908447266,107500
2022-03-03,99.56999969482422,99.97000122070312,99.0,99.83999633789062,99.83999633789062,89500
2022-03-04,101.37999725341797,102.72000122070312,100.87999725341797,102.62999725341797,102.62999725341797,117600
2022-03-07,102.20999908447266,103.4000015258789,102.02999877929688,103.33999633789062,103.33999633789062,129400
2022-03-08,105.08000183105469,107.47000122070312,104.04000091552734,106.86000061035156,106.86000061035156,341100
2022-03-09,103.37000274658203,104.30000305175781,102.06999969482422,102.97000122070312,102.97000122070312,121400
2022-03-10,103.6500015258789,103.80000305175781,102.5199966430664,103.01000213623047,103.01000213623047,101000
2022-03-11,101.12999725341797,102.18000030517578,100.8499984741211,101.86000061035156,101.86000061035156,252400
2022-03-14,99.16000366210938,99.16000366210938,97.2300033569336,97.62000274658203,97.62000274658203,82800
2022-03-15,96.55999755859375,97.18000030517578,95.95999908447266,96.5199966430664,96.5199966430664,137700
2022-03-16,97.0999984741211,97.16000366210938,95.48999786376953,97.12999725341797,97.12999725341797,81700
2022-03-17,98.0199966430664,98.93000030517578,97.91999816894531,98.22000122070312,98.22000122070312,158400
2022-03-18,97.76000213623047,98.12999725341797,97.08999633789062,97.2300033569336,97.2300033569336,91300
2022-03-21,97.73999786376953,98.72000122070312,97.70999908447266,98.69000244140625,98.69000244140625,76600
2022-03-22,97.76000213623047,97.76000213623047,96.56999969482422,97.12999725341797,97.12999725341797,100600
2022-03-23,97.97000122070312,98.5,97.4000015258789,98.30999755859375,98.30999755859375,87800
2022-03-24,98.9800033569336,99.7699966430664,98.76000213623047,99.27999877929688,99.27999877929688,56300
2022-03-25,98.63999938964844,98.7300033569336,97.4000015258789,97.63999938964844,97.63999938964844,65500
2022-03-28,96.26000213623047,96.45999908447266,95.30999755859375,95.3499984741211,95.3499984741211,84100
2022-03-29,93.91000366210938,94.9800033569336,93.20999908447266,94.94000244140625,94.94000244140625,110500
2022-03-30,95.83000183105469,96.37000274658203,95.58999633789062,96.13999938964844,96.13999938964844,49500
2022-03-31,96.44000244140625,96.70999908447266,96.0,96.08000183105469,96.08000183105469,50900
2022-04-01,95.79000091552734,96.33999633789062,95.33000183105469,95.72000122070312,95.72000122070312,53100
2022-04-04,95.93000030517578,96.01000213623047,95.33999633789062,95.83999633789062,95.83999633789062,53600
2022-04-05,96.38999938964844,96.7300033569336,94.75,94.8499984741211,94.8499984741211,83100
2022-04-06,95.33999633789062,95.44999694824219,94.5199966430664,94.88999938964844,94.88999938964844,61500
2022-04-07,95.11000061035156,95.75,95.01000213623047,95.62999725341797,95.62999725341797,78100
2022-04-08,96.43000030517578,97.19000244140625,96.43000030517578,97.0,97.0,41900
2022-04-11,98.37999725341797,98.5199966430664,97.12999725341797,97.9000015258789,97.9000015258789,55100
2022-04-12,98.37000274658203,98.79000091552734,97.63999938964844,97.9800033569336,97.9800033569336,183700
2022-04-13,98.86000061035156,99.0,98.30000305175781,98.61000061035156,98.61000061035156,83600
2022-04-14,98.41999816894531,98.7699966430664,97.70999908447266,98.7699966430664,98.7699966430664,74800
2022-04-18,99.81999969482422,100.20999908447266,99.19000244140625,99.33999633789062,99.33999633789062,84600
2022-04-19,98.51000213623047,98.55999755859375,97.22000122070312,97.7699966430664,97.7699966430664,107800
2022-04-20,97.51000213623047,98.37000274658203,97.48999786376953,98.1500015258789,98.1500015258789,54100
2022-04-21,97.51000213623047,97.51000213623047,96.61000061035156,97.20999908447266,97.20999908447266,53600
2022-04-22,96.29000091552734,96.56999969482422,95.6500015258789,95.70999908447266,95.70999908447266,44400
2022-04-25,92.93000030517578,93.0999984741211,92.33000183105469,92.77999877929688,92.77999877929688,242400
2022-04-26,93.25,93.56999969482422,92.7300033569336,92.94999694824219,92.94999694824219,46800
2022-04-27,93.18000030517578,93.19999694824219,92.38999938964844,92.4000015258789,92.4000015258789,60100
2022-04-28,92.44999694824219,92.86000061035156,92.1500015258789,92.76000213623047,92.76000213623047,36500
2022-04-29,93.54000091552734,93.75,92.63999938964844,92.83999633789062,92.83999633789062,40800
2022-05-02,91.29000091552734,91.87999725341797,90.3499984741211,91.23999786376953,91.23999786376953,61200
2022-05-03,91.52999877929688,92.30000305175781,91.52999877929688,91.68000030517578,91.68000030517578,56400
2022-05-04,91.69999694824219,92.8499984741211,91.20999908447266,92.8499984741211,92.8499984741211,36000
2022-05-05,93.2699966430664,93.2699966430664,91.16000366210938,91.54000091552734,91.54000091552734,61600
2022-05-06,91.0,91.27999877929688,90.4800033569336,90.62000274658203,90.62000274658203,46000
2022-05-09,89.91999816894531,90.23999786376953,89.33000183105469,89.44999694824219,89.44999694824219,101300
2022-05-10,89.93000030517578,89.98999786376953,88.23999786376953,88.23999786376953,88.23999786376953,51800
2022-05-11,89.61000061035156,89.77999877929688,89.0,89.0,89.0,202500
2022-05-12,87.75,87.75,86.26000213623047,86.33000183105469,86.33000183105469,148000
2022-05-13,86.16999816894531,86.87000274658203,85.68000030517578,86.51000213623047,86.51000213623047,102900
2022-05-16,87.05999755859375,88.22000122070312,86.93000030517578,88.18000030517578,88.18000030517578,56700
2022-05-17,88.7300033569336,88.79000091552734,87.80000305175781,87.93000030517578,87.93000030517578,33700
2022-05-18,87.91000366210938,88.2300033569336,87.44999694824219,87.51000213623047,87.51000213623047,49600
2022-05-19,88.51000213623047,89.11000061035156,88.51000213623047,89.08999633789062,89.08999633789062,143700
2022-05-20,88.91000366210938,88.94000244140625,88.11000061035156,88.61000061035156,88.61000061035156,38900
2022-05-23,89.30999755859375,89.41000366210938,88.66000366210938,89.0199966430664,89.0199966430664,71600
2022-05-24,89.44999694824219,90.02999877929688,89.2699966430664,89.80999755859375,89.80999755859375,43600
2022-05-25,89.16000366210938,89.47000122070312,88.79000091552734,89.43000030517578,89.43000030517578,29600
2022-05-26,88.95999908447266,89.41000366210938,88.73999786376953,89.18000030517578,89.18000030517578,101700
2022-05-27,90.25,90.25,89.5,89.6500015258789,89.6500015258789,22100
2022-05-31,89.20999908447266,89.48999786376953,88.30000305175781,88.30000305175781,88.30000305175781,34700
2022-06-01,89.05000305175781,89.2699966430664,88.5,88.9800033569336,88.9800033569336,52000
2022-06-02,89.81999969482422,90.61000061035156,89.81999969482422,90.61000061035156,90.61000061035156,128300
2022-06-03,90.16000366210938,90.30999755859375,88.86000061035156,89.19000244140625,89.19000244140625,30300
2022-06-06,89.80000305175781,89.97000122070312,89.16999816894531,89.26000213623047,89.26000213623047,29400
2022-06-07,88.79000091552734,89.66999816894531,88.79000091552734,89.63999938964844,89.63999938964844,37000
2022-06-08,89.08000183105469,89.5,89.04000091552734,89.06999969482422,89.06999969482422,32800
2022-06-09,88.86000061035156,88.86000061035156,88.0199966430664,88.30000305175781,88.30000305175781,28600
2022-06-10,87.63999938964844,89.4800033569336,87.0999984741211,89.16000366210938,89.16000366210938,52600
2022-06-13,87.20999908447266,87.20999908447266,86.0199966430664,86.1500015258789,86.1500015258789,173400
2022-06-14,86.25,86.43000030517578,85.55000305175781,85.66000366210938,85.66000366210938,120500
2022-06-15,87.19000244140625,87.94000244140625,86.47000122070312,87.25,87.25,76700
2022-06-16,87.20999908447266,88.43000030517578,87.06999969482422,88.43000030517578,88.43000030517578,74200
2022-06-17,87.80000305175781,87.94999694824219,87.08999633789062,87.30000305175781,87.30000305175781,35000
2022-06-21,87.63999938964844,88.2699966430664,87.37999725341797,87.37999725341797,87.37999725341797,40300
2022-06-22,87.45999908447266,87.61000061035156,87.19000244140625,87.19000244140625,87.19000244140625,27800
2022-06-23,87.2699966430664,87.58000183105469,86.0999984741211,86.30000305175781,86.30000305175781,40300
2022-06-24,86.30999755859375,86.91000366210938,86.23999786376953,86.66000366210938,86.66000366210938,26700
2022-06-27,87.16999816894531,87.30000305175781,86.4800033569336,86.48999786376953,86.48999786376953,45600
2022-06-28,86.68000030517578,86.73999786376953,86.08999633789062,86.13999938964844,86.13999938964844,48900
2022-06-29,87.19999694824219,87.37000274658203,86.22000122070312,86.55000305175781,86.55000305175781,48300
2022-06-30,85.91999816894531,85.91999816894531,85.12999725341797,85.33000183105469,85.33000183105469,139400
2022-07-01,84.22000122070312,85.19999694824219,84.16999816894531,85.05999755859375,85.05999755859375,39700
2022-07-05,84.0,84.1500015258789,82.9000015258789,83.16000366210938,83.16000366210938,88200
2022-07-06,83.25,83.41000366210938,81.79000091552734,82.13999938964844,82.13999938964844,128200
2022-07-07,82.76000213623047,83.2699966430664,82.7300033569336,82.79000091552734,82.79000091552734,74100
2022-07-08,83.4000015258789,84.19999694824219,83.11000061035156,83.79000091552734,83.79000091552734,45400
2022-07-11,83.6500015258789,83.87000274658203,83.13999938964844,83.13999938964844,83.13999938964844,231200
2022-07-12,82.80999755859375,83.04000091552734,82.0199966430664,82.12999725341797,82.12999725341797,296800
2022-07-13,81.69999694824219,83.02999877929688,81.41000366210938,82.31999969482422,82.31999969482422,117900
2022-07-14,80.26000213623047,80.66999816894531,79.75,80.5199966430664,80.5199966430664,137200
2022-07-15,80.30999755859375,80.38999938964844,79.8499984741211,80.19999694824219,80.19999694824219,115000
2022-07-18,81.05999755859375,81.22000122070312,80.31999969482422,80.36000061035156,80.36000061035156,69900
2022-07-19,80.80999755859375,80.97000122070312,80.66999816894531,80.73999786376953,80.73999786376953,31800
2022-07-20,81.0,81.06999969482422,80.13999938964844,80.13999938964844,80.13999938964844,50100
2022-07-21,80.0199966430664,81.2300033569336,80.0199966430664,81.18000030517578,81.18000030517578,24600
2022-07-22,81.4800033569336,82.58000183105469,81.4800033569336,81.73999786376953,81.73999786376953,39800
2022-07-25,81.6500015258789,81.6500015258789,81.22000122070312,81.41999816894531,81.41999816894531,34600
2022-07-26,81.43000030517578,81.76000213623047,81.38999938964844,81.5199966430664,81.5199966430664,52700
2022-07-27,81.62999725341797,82.87000274658203,81.45999908447266,82.6500015258789,82.6500015258789,49900
2022-07-28,83.87999725341797,84.51000213623047,83.81999969482422,84.47000122070312,84.47000122070312,73400
2022-07-29,84.25,85.44999694824219,84.25,85.2300033569336,85.2300033569336,35600
2022-08-01,85.81999969482422,86.23999786376953,85.62000274658203,86.06999969482422,86.06999969482422,59900
2022-08-02,86.05000305175781,86.29000091552734,84.5199966430664,84.55000305175781,84.55000305175781,35600
2022-08-03,84.3499984741211,84.69000244140625,83.98999786376953,84.51000213623047,84.51000213623047,47300
2022-08-04,85.01000213623047,86.0199966430664,85.01000213623047,85.87000274658203,85.87000274658203,90600
2022-08-05,84.76000213623047,85.6500015258789,84.76000213623047,85.27999877929688,85.27999877929688,27800
2022-08-08,86.37000274658203,87.37000274658203,86.37000274658203,87.22000122070312,87.22000122070312,55700
2022-08-09,87.05999755859375,87.4800033569336,86.97000122070312,87.0199966430664,87.0199966430664,28200
2022-08-10,87.25,87.87999725341797,87.0999984741211,87.12000274658203,87.12000274658203,36900
2022-08-11,87.20999908447266,87.76000213623047,86.88999938964844,86.94999694824219,86.94999694824219,43800
2022-08-12,87.18000030517578,87.72000122070312,87.13999938964844,87.62000274658203,87.62000274658203,23300
2022-08-15,86.05999755859375,86.31999969482422,85.58000183105469,86.01000213623047,86.01000213623047,57900
2022-08-16,85.12999725341797,85.9800033569336,85.12999725341797,85.73999786376953,85.73999786376953,39900
2022-08-17,85.51000213623047,85.51000213623047,84.7699966430664,84.97000122070312,84.97000122070312,34200
2022-08-18,85.1500015258789,85.36000061035156,84.44999694824219,84.5999984741211,84.5999984741211,41200
2022-08-19,84.05000305175781,84.08999633789062,83.44999694824219,83.51000213623047,83.51000213623047,33600
2022-08-22,82.44999694824219,82.61000061035156,82.19999694824219,82.26000213623047,82.26000213623047,45300
2022-08-23,82.13999938964844,83.20999908447266,82.13999938964844,82.7300033569336,82.7300033569336,34400
2022-08-24,82.61000061035156,83.52999877929688,82.61000061035156,83.19000244140625,83.19000244140625,25800
2022-08-25,83.55000305175781,84.19000244140625,83.4800033569336,84.05999755859375,84.05999755859375,28500
2022-08-26,83.80999755859375,84.44000244140625,82.80000305175781,82.87999725341797,82.87999725341797,45300
2022-08-29,82.7699966430664,83.38999938964844,82.73999786376953,82.95999908447266,82.95999908447266,68200
2022-08-30,82.5199966430664,82.5199966430664,81.79000091552734,81.79000091552734,81.79000091552734,33100
2022-08-31,81.0999984741211,81.44000244140625,80.94999694824219,80.94999694824219,80.94999694824219,70900
2022-09-01,80.16000366210938,80.19999694824219,79.45999908447266,79.87000274658203,79.87000274658203,89600
2022-09-02,80.58000183105469,81.18000030517578,80.47000122070312,80.61000061035156,80.61000061035156,42800
2022-09-06,80.93000030517578,81.01000213623047,80.0,80.11000061035156,80.11000061035156,33700
2022-09-07,80.26000213623047,81.62999725341797,80.18000030517578,81.58000183105469,81.58000183105469,60100
2022-09-08,81.66000366210938,82.16999816894531,81.58999633789062,81.87999725341797,81.87999725341797,27900
2022-09-09,82.13999938964844,82.87999725341797,82.13999938964844,82.63999938964844,82.63999938964844,40300
2022-09-12,84.41000366210938,85.02999877929688,84.08999633789062,84.37000274658203,84.37000274658203,38500
2022-09-13,82.6500015258789,83.37999725341797,82.2699966430664,82.44999694824219,82.44999694824219,32700
2022-09-14,82.80000305175781,83.29000091552734,82.63999938964844,82.79000091552734,82.79000091552734,35300
2022-09-15,82.37999725341797,82.83000183105469,81.22000122070312,81.41000366210938,81.41000366210938,44500
2022-09-16,80.91000366210938,82.19999694824219,80.70999908447266,81.94999694824219,81.94999694824219,68300
2022-09-19,81.26000213623047,82.6500015258789,81.26000213623047,82.6500015258789,82.6500015258789,46000
2022-09-20,81.16999816894531,81.80999755859375,81.16999816894531,81.68000030517578,81.68000030517578,57000
2022-09-21,82.2699966430664,82.94999694824219,81.33000183105469,82.12000274658203,82.12000274658203,35500
2022-09-22,82.55000305175781,82.68000030517578,82.01000213623047,82.2699966430664,82.2699966430664,31100
2022-09-23,80.72000122070312,80.83999633789062,79.80999755859375,79.91000366210938,79.91000366210938,222800
2022-09-26,79.98999786376953,80.31999969482422,78.69999694824219,78.70999908447266,78.70999908447266,111800
2022-09-27,79.36000061035156,80.01000213623047,78.91999816894531,78.94999694824219,78.94999694824219,136300
2022-09-28,79.63999938964844,81.19000244140625,79.58999633789062,80.9800033569336,80.9800033569336,58700
2022-09-29,80.86000061035156,81.5199966430664,80.30000305175781,81.19000244140625,81.19000244140625,61800
2022-09-30,81.23999786376953,82.0199966430664,81.08000183105469,81.12999725341797,81.12999725341797,88900
2022-10-03,82.68000030517578,84.55000305175781,82.68000030517578,84.43000030517578,84.43000030517578,56200
2022-10-04,85.58999633789062,86.5199966430664,85.44000244140625,86.08000183105469,86.08000183105469,50900
2022-10-05,84.54000091552734,85.22000122070312,83.61000061035156,84.94999694824219,84.94999694824219,65500
2022-10-06,84.66999816894531,85.2699966430664,84.66000366210938,85.0999984741211,85.0999984741211,42900
2022-10-07,84.38999938964844,84.48999786376953,83.3499984741211,83.58000183105469,83.58000183105469,49700
2022-10-10,82.80000305175781,83.08000183105469,82.04000091552734,82.18000030517578,82.18000030517578,38100
2022-10-11,81.9800033569336,82.52999877929688,81.08000183105469,81.2699966430664,81.2699966430664,29400
2022-10-12,81.18000030517578,81.7300033569336,81.08000183105469,81.54000091552734,81.54000091552734,37300
2022-10-13,79.68000030517578,81.36000061035156,79.56999969482422,80.94999694824219,80.94999694824219,42200
2022-10-14,80.16999816894531,80.16999816894531,78.93000030517578,79.08999633789062,79.08999633789062,61300
2022-10-17,80.37000274658203,80.7300033569336,79.5199966430664,79.52999877929688,79.52999877929688,231100
2022-10-18,80.22000122070312,80.29000091552734,79.58000183105469,79.8499984741211,79.8499984741211,65300
2022-10-19,78.87999725341797,79.16000366210938,78.66000366210938,78.94000244140625,78.94000244140625,31800
2022-10-20,79.05000305175781,80.37999725341797,79.05000305175781,79.37999725341797,79.37999725341797,40000
2022-10-21,79.11000061035156,80.80000305175781,79.11000061035156,80.62000274658203,80.62000274658203,32200
2022-10-24,80.2699966430664,80.37000274658203,80.0,80.1500015258789,80.1500015258789,39600
2022-10-25,79.94999694824219,80.45999908447266,79.93000030517578,80.18000030517578,80.18000030517578,41400
2022-10-26,80.47000122070312,81.29000091552734,80.47000122070312,80.95999908447266,80.95999908447266,60500
2022-10-27,80.79000091552734,81.0,80.47000122070312,80.76000213623047,80.76000213623047,58400
2022-10-28,79.83000183105469,80.0199966430664,79.30000305175781,79.76000213623047,79.76000213623047,51600
2022-10-31,78.63999938964844,79.26000213623047,78.58999633789062,78.87999725341797,78.87999725341797,63000
2022-11-01,80.87999725341797,80.94000244140625,79.95999908447266,80.16999816894531,80.16999816894531,102000
2022-11-02,80.58000183105469,81.3499984741211,79.19000244140625,79.2699966430664,79.2699966430664,26300
2022-11-03,77.94999694824219,79.11000061035156,77.56999969482422,78.91000366210938,78.91000366210938,155100
2022-11-04,81.3499984741211,82.45999908447266,81.33000183105469,82.2699966430664,82.2699966430664,39500
2022-11-07,82.19000244140625,82.5,82.16000366210938,82.25,82.25,47000
2022-11-08,82.25,84.52999877929688,82.25,84.11000061035156,84.11000061035156,31900
2022-11-09,83.7699966430664,84.58999633789062,82.94999694824219,83.19000244140625,83.19000244140625,36800
2022-11-10,85.16999816894531,86.05000305175781,85.0999984741211,86.0199966430664,86.0199966430664,60600
2022-11-11,86.30999755859375,86.72000122070312,86.0,86.62000274658203,86.62000274658203,35600
2022-11-14,86.20999908447266,87.30000305175781,86.20999908447266,87.0199966430664,87.0199966430664,41500
2022-11-15,87.23999786376953,87.43000030517578,86.5999984741211,87.16000366210938,87.16000366210938,39600
2022-11-16,87.13999938964844,87.2699966430664,86.62000274658203,86.75,86.75,33200
2022-11-17,85.04000091552734,85.4800033569336,85.04000091552734,85.4000015258789,85.4000015258789,100100
2022-11-18,85.01000213623047,85.29000091552734,84.58000183105469,84.61000061035156,84.61000061035156,26500
2022-11-21,84.06999969482422,84.06999969482422,83.38999938964844,83.94000244140625,83.94000244140625,35500
2022-11-22,84.36000061035156,84.54000091552734,83.98999786376953,84.25,84.25,69900
2022-11-23,84.0,85.20999908447266,84.0,85.0999984741211,85.0999984741211,21000
2022-11-25,84.3499984741211,84.8499984741211,84.33000183105469,84.66999816894531,84.66999816894531,11400
2022-11-28,84.58999633789062,84.70999908447266,83.79000091552734,83.94999694824219,83.94999694824219,37600
2022-11-29,84.5,85.0999984741211,84.41999816894531,84.45999908447266,84.45999908447266,42000
2022-11-30,85.94999694824219,86.5,84.9800033569336,86.5,86.5,69100
2022-12-01,87.58000183105469,88.45999908447266,87.36000061035156,88.43000030517578,88.43000030517578,82300
2022-12-02,87.1500015258789,88.37000274658203,86.98999786376953,88.1500015258789,88.1500015258789,43200
2022-12-05,87.63999938964844,87.63999938964844,86.08000183105469,86.16999816894531,86.16999816894531,32500
2022-12-06,86.45999908447266,86.87999725341797,85.83999633789062,86.05999755859375,86.05999755859375,88800
2022-12-07,86.79000091552734,87.3499984741211,86.63999938964844,87.11000061035156,87.11000061035156,36200
2022-12-08,88.0199966430664,88.23999786376953,87.56999969482422,88.01000213623047,88.01000213623047,101100
2022-12-09,88.41000366210938,89.30999755859375,88.11000061035156,88.72000122070312,88.72000122070312,94900
2022-12-12,88.30000305175781,88.31999969482422,87.5,87.66999816894531,87.66999816894531,32700
2022-12-13,90.0999984741211,90.48999786376953,89.1500015258789,89.47000122070312,89.47000122070312,56300
2022-12-14,89.29000091552734,89.70999908447266,88.61000061035156,89.30000305175781,89.30000305175781,32300
2022-12-15,87.79000091552734,88.06999969482422,86.80000305175781,86.91000366210938,86.91000366210938,54100
2022-12-16,86.5199966430664,87.22000122070312,86.5199966430664,87.02999877929688,87.02999877929688,52300
2022-12-19,87.06999969482422,87.06999969482422,86.11000061035156,86.19999694824219,86.19999694824219,39700
2022-12-20,87.83999633789062,89.04000091552734,87.76000213623047,88.9000015258789,88.9000015258789,41900
2022-12-21,88.30999755859375,88.8499984741211,88.12000274658203,88.33000183105469,88.33000183105469,39900
2022-12-22,87.18000030517578,87.61000061035156,86.68000030517578,87.13999938964844,87.13999938964844,36900
2022-12-23,87.44999694824219,88.36000061035156,87.37999725341797,87.91999816894531,87.91999816894531,31100
2022-12-27,88.41999816894531,89.95999908447266,88.41999816894531,89.2300033569336,89.2300033569336,102600
2022-12-28,88.5999984741211,88.5999984741211,87.70999908447266,88.04000091552734,88.04000091552734,42700
2022-12-29,88.7699966430664,89.41000366210938,88.7699966430664,89.16999816894531,89.16999816894531,64200
2022-12-30,88.9800033569336,89.3499984741211,88.44000244140625,89.2300033569336,89.2300033569336,47100
2023-01-03,90.18000030517578,90.66000366210938,89.0999984741211,89.18000030517578,89.18000030517578,36800
2023-01-04,90.16999816894531,90.69000244140625,89.62999725341797,90.16999816894531,90.16999816894531,82300
2023-01-05,89.0,89.05999755859375,88.33000183105469,88.55999755859375,88.55999755859375,51400
2023-01-06,89.41999816894531,90.79000091552734,89.16000366210938,90.5199966430664,90.5199966430664,38100
2023-01-09,90.94000244140625,91.04000091552734,90.13999938964844,90.26000213623047,90.26000213623047,45500
2023-01-10,90.5999984741211,90.66000366210938,90.11000061035156,90.43000030517578,90.43000030517578,52000
2023-01-11,90.18000030517578,90.55999755859375,89.5999984741211,90.20999908447266,90.20999908447266,34100
2023-01-12,91.01000213623047,91.43000030517578,90.22000122070312,91.18000030517578,91.18000030517578,74000
2023-01-13,91.0199966430664,92.41000366210938,90.98999786376953,92.30999755859375,92.30999755859375,35700
2023-01-17,91.95999908447266,91.95999908447266,91.0199966430664,91.26000213623047,91.26000213623047,67500
2023-01-18,92.16999816894531,92.58999633789062,90.30999755859375,90.37000274658203,90.37000274658203,30000
2023-01-19,90.6500015258789,92.08000183105469,90.58999633789062,92.01000213623047,92.01000213623047,81500
2023-01-20,91.52999877929688,91.9000015258789,91.2699966430664,91.88999938964844,91.88999938964844,59100
2023-01-23,90.75,91.23999786376953,90.0,91.23999786376953,91.23999786376953,77800
2023-01-24,91.02999877929688,91.91000366210938,90.63999938964844,91.80999755859375,91.80999755859375,47500
2023-01-25,91.1500015258789,92.0999984741211,91.11000061035156,91.95999908447266,91.95999908447266,25900
2023-01-26,91.83000183105469,91.83000183105469,91.0,91.29000091552734,91.29000091552734,24400
2023-01-27,90.68000030517578,90.80000305175781,90.0,90.61000061035156,90.61000061035156,103500
2023-01-30,90.73999786376953,90.86000061035156,90.45999908447266,90.47000122070312,90.47000122070312,39200
2023-01-31,90.25,91.12000274658203,90.25,90.94999694824219,90.94999694824219,27800
2023-02-01,91.51000213623047,92.19999694824219,90.30999755859375,91.91999816894531,91.91999816894531,33300
2023-02-02,92.55000305175781,92.55000305175781,90.19999694824219,90.2699966430664,90.2699966430664,27900
2023-02-03,88.41000366210938,88.69999694824219,87.33000183105469,87.55999755859375,87.55999755859375,103000
2023-02-06,87.33000183105469,87.5999984741211,86.95999908447266,87.2699966430664,87.2699966430664,89000
2023-02-07,87.41999816894531,88.30000305175781,87.38999938964844,87.77999877929688,87.77999877929688,32600
2023-02-08,88.12000274658203,88.13999938964844,87.66000366210938,87.87000274658203,87.87000274658203,31000
2023-02-09,87.95999908447266,88.44000244140625,86.66999816894531,87.05999755859375,87.05999755859375,35400
2023-02-10,86.95999908447266,87.01000213623047,86.36000061035156,86.5,86.5,26200
2023-02-13,86.22000122070312,86.48999786376953,86.05000305175781,86.33999633789062,86.33999633789062,35300
2023-02-14,86.0,86.70999908447266,85.37000274658203,85.83999633789062,85.83999633789062,41900
2023-02-15,84.62999725341797,84.98999786376953,84.4800033569336,84.86000061035156,84.86000061035156,31100
2023-02-16,84.45999908447266,85.62000274658203,84.45999908447266,85.12000274658203,85.12000274658203,18700
2023-02-17,84.31999969482422,85.44000244140625,84.18000030517578,85.25,85.25,54600
2023-02-21,85.27999877929688,85.83000183105469,85.22000122070312,85.38999938964844,85.38999938964844,57100
2023-02-22,85.44999694824219,85.44999694824219,84.44000244140625,84.44000244140625,84.44000244140625,20300
2023-02-23,84.69000244140625,84.77999877929688,83.87000274658203,84.0999984741211,84.0999984741211,58100
2023-02-24,82.83000183105469,83.33000183105469,82.69999694824219,82.83000183105469,82.83000183105469,43200
2023-02-27,83.37000274658203,83.52999877929688,83.0,83.05999755859375,83.05999755859375,21100
2023-02-28,82.97000122070312,83.88999938964844,82.88999938964844,83.68000030517578,83.68000030517578,20500
2023-03-01,84.22000122070312,84.6500015258789,84.0199966430664,84.12999725341797,84.12999725341797,51500
2023-03-02,83.66000366210938,84.22000122070312,83.66000366210938,84.11000061035156,84.11000061035156,22900
2023-03-03,84.44000244140625,85.18000030517578,84.44000244140625,84.94999694824219,84.94999694824219,33900
2023-03-06,84.69999694824219,84.88999938964844,84.45999908447266,84.45999908447266,84.45999908447266,44800
2023-03-07,83.52999877929688,83.55999755859375,82.1500015258789,82.19000244140625,82.19000244140625,50800
2023-03-08,82.20999908447266,82.75,82.02999877929688,82.11000061035156,82.11000061035156,50900
2023-03-09,82.47000122070312,83.0199966430664,82.47000122070312,82.75,82.75,75600
2023-03-10,83.63999938964844,84.62999725341797,83.63999938964844,84.31999969482422,84.31999969482422,96200
2023-03-13,86.33999633789062,87.63999938964844,86.33999633789062,87.55000305175781,87.55000305175781,77600
2023-03-14,87.76000213623047,87.76000213623047,86.9800033569336,86.9800033569336,86.9800033569336,32700
2023-03-15,88.04000091552734,88.05000305175781,86.97000122070312,87.29000091552734,87.29000091552734,52000
2023-03-16,87.75,87.87999725341797,86.80000305175781,87.23999786376953,87.23999786376953,52400
2023-03-17,88.12999725341797,89.83999633789062,88.12999725341797,89.48999786376953,89.48999786376953,53200
2023-03-20,89.58999633789062,89.88999938964844,88.86000061035156,89.6500015258789,89.6500015258789,29700
2023-03-21,89.27999877929688,89.27999877929688,87.9800033569336,88.08000183105469,88.08000183105469,35500
2023-03-22,88.33000183105469,90.38999938964844,88.33000183105469,90.18000030517578,90.18000030517578,27300
2023-03-23,90.38999938964844,91.23999786376953,90.02999877929688,90.91000366210938,90.91000366210938,64400
2023-03-24,90.37000274658203,91.08000183105469,90.05999755859375,90.36000061035156,90.36000061035156,18900
2023-03-27,89.0,89.76000213623047,88.94999694824219,89.5999984741211,89.5999984741211,30200
2023-03-28,89.2699966430664,90.4800033569336,89.2699966430664,90.43000030517578,90.43000030517578,40700
2023-03-29,89.94999694824219,90.4800033569336,89.91999816894531,90.2300033569336,90.2300033569336,22300
2023-03-30,90.98999786376953,91.48999786376953,90.62999725341797,91.25,91.25,55000
2023-03-31,91.37999725341797,91.72000122070312,91.05999755859375,91.20999908447266,91.20999908447266,72500
2023-04-03,91.4000015258789,92.18000030517578,91.33000183105469,91.6500015258789,91.6500015258789,23200
2023-04-04,92.13999938964844,93.94999694824219,91.80999755859375,93.94000244140625,93.94000244140625,34500
2023-04-05,93.9800033569336,93.9800033569336,92.9800033569336,93.41000366210938,93.41000366210938,61400
2023-04-06,93.04000091552734,93.5999984741211,92.69000244140625,93.16000366210938,93.16000366210938,39800
2023-04-10,92.83000183105469,92.83000183105469,92.0999984741211,92.29000091552734,92.29000091552734,38700
2023-04-11,93.0,93.58999633789062,92.81999969482422,93.1500015258789,93.1500015258789,155100
2023-04-12,93.98999786376953,94.3499984741211,93.2699966430664,94.08999633789062,94.08999633789062,41300
2023-04-13,95.0999984741211,95.73999786376953,94.94000244140625,95.55999755859375,95.55999755859375,37900
2023-04-14,94.94999694824219,95.3499984741211,93.4800033569336,93.98999786376953,93.98999786376953,23800
2023-04-17,94.0,94.0,93.19000244140625,93.9000015258789,93.9000015258789,29300
2023-04-18,93.91000366210938,95.1500015258789,93.91000366210938,94.48999786376953,94.48999786376953,31500
2023-04-19,93.7300033569336,94.70999908447266,93.7300033569336,94.16999816894531,94.16999816894531,30800
2023-04-20,94.51000213623047,95.08000183105469,94.33000183105469,94.33000183105469,94.33000183105469,20300
2023-04-21,94.2699966430664,94.72000122070312,93.5,93.79000091552734,93.79000091552734,28100
2023-04-24,93.16000366210938,93.8499984741211,93.0,93.5199966430664,93.5199966430664,18600
2023-04-25,93.13999938964844,93.69000244140625,92.69999694824219,93.6500015258789,93.6500015258789,30300
2023-04-26,94.01000213623047,94.01000213623047,93.01000213623047,93.37999725341797,93.37999725341797,58600
2023-04-27,92.76000213623047,93.37999725341797,92.33000183105469,93.27999877929688,93.27999877929688,28700
2023-04-28,93.05999755859375,93.61000061035156,92.94000244140625,93.20999908447266,93.20999908447266,35900
2023-05-01,94.7300033569336,94.7300033569336,92.5999984741211,92.72000122070312,92.72000122070312,22700
2023-05-02,92.51000213623047,94.06999969482422,92.41999816894531,94.04000091552734,94.04000091552734,43400
2023-05-03,94.06999969482422,94.68000030517578,93.76000213623047,94.5199966430664,94.5199966430664,81300
2023-05-04,94.44000244140625,95.66999816894531,94.44000244140625,95.56999969482422,95.56999969482422,25900
2023-05-05,93.88999938964844,94.69999694824219,93.63999938964844,94.58999633789062,94.58999633789062,16100
2023-05-08,94.97000122070312,95.5,94.83000183105469,94.87999725341797,94.87999725341797,72300
2023-05-09,95.05999755859375,95.88999938964844,95.05999755859375,95.5,95.5,40500
2023-05-10,96.0,96.05000305175781,95.05000305175781,95.48999786376953,95.48999786376953,26600
2023-05-11,94.68000030517578,94.68000030517578,93.36000061035156,93.4800033569336,93.4800033569336,38800
2023-05-12,93.01000213623047,93.41000366210938,92.61000061035156,92.70999908447266,92.70999908447266,25000
2023-05-15,93.0999984741211,93.44000244140625,93.0,93.08000183105469,93.08000183105469,14400
2023-05-16,92.51000213623047,92.87000274658203,91.69999694824219,91.94000244140625,91.94000244140625,25700
2023-05-17,92.12000274658203,92.12000274658203,91.22000122070312,91.83999633789062,91.83999633789062,37000
2023-05-18,90.56999969482422,90.7699966430664,90.19999694824219,90.30999755859375,90.30999755859375,47400
2023-05-19,91.05000305175781,92.18000030517578,90.93000030517578,91.81999969482422,91.81999969482422,148600
2023-05-22,91.41999816894531,91.55999755859375,91.1500015258789,91.1500015258789,91.1500015258789,29000
2023-05-23,90.69000244140625,91.12000274658203,90.56999969482422,91.01000213623047,91.01000213623047,30100
2023-05-24,90.2699966430664,90.41999816894531,89.55000305175781,89.77999877929688,89.77999877929688,55100
2023-05-25,89.30999755859375,89.44000244140625,88.77999877929688,88.95999908447266,88.95999908447266,35600
2023-05-26,89.05000305175781,89.86000061035156,89.05000305175781,89.7300033569336,89.7300033569336,12500
2023-05-30,89.63999938964844,89.94000244140625,89.44000244140625,89.88999938964844,89.88999938964844,26400
2023-05-31,89.87000274658203,90.2699966430664,89.62999725341797,89.83999633789062,89.83999633789062,37300
2023-06-01,90.20999908447266,91.02999877929688,90.20999908447266,90.94000244140625,90.94000244140625,48700
2023-06-02,90.86000061035156,90.86000061035156,89.8499984741211,89.97000122070312,89.97000122070312,18300
2023-06-05,89.81999969482422,90.3499984741211,89.54000091552734,90.26000213623047,90.26000213623047,19400
2023-06-06,90.25,90.43000030517578,89.77999877929688,90.2699966430664,90.2699966430664,16000
2023-06-07,90.2300033569336,90.95999908447266,89.37000274658203,89.43000030517578,89.43000030517578,49000
2023-06-08,90.30000305175781,91.12999725341797,90.30000305175781,90.6500015258789,90.6500015258789,15500
2023-06-09,90.25,90.72000122070312,90.16999816894531,90.26000213623047,90.26000213623047,22800
2023-06-12,89.98999786376953,90.2300033569336,89.72000122070312,90.13999938964844,90.13999938964844,18100
2023-06-13,90.2699966430664,90.33000183105469,89.13999938964844,89.27999877929688,89.27999877929688,161000
2023-06-14,90.06999969482422,90.38999938964844,89.61000061035156,89.68000030517578,89.68000030517578,21100
2023-06-15,89.2699966430664,90.30000305175781,89.26000213623047,90.2300033569336,90.2300033569336,32100
2023-06-16,90.19999694824219,90.73999786376953,90.18000030517578,90.5,90.5,19600
2023-06-20,89.04000091552734,89.04000091552734,88.29000091552734,88.79000091552734,88.79000091552734,73500
2023-06-21,87.7300033569336,88.16000366210938,87.43000030517578,87.8499984741211,87.8499984741211,35200
2023-06-22,87.06999969482422,87.33000183105469,86.58000183105469,86.66000366210938,86.66000366210938,35500
2023-06-23,87.16999816894531,87.45999908447266,86.66000366210938,86.80000305175781,86.80000305175781,22600
2023-06-26,87.70999908447266,87.70999908447266,87.30999755859375,87.44000244140625,87.44000244140625,69900
2023-06-27,87.79000091552734,87.79000091552734,86.97000122070312,87.20999908447266,87.20999908447266,18700
2023-06-28,86.3499984741211,86.86000061035156,86.11000061035156,86.5999984741211,86.5999984741211,75900
2023-06-29,85.54000091552734,86.38999938964844,85.54000091552734,86.12000274658203,86.12000274658203,99500
2023-06-30,86.3499984741211,86.9000015258789,86.20999908447266,86.76000213623047,86.76000213623047,20000
2023-07-03,87.04000091552734,87.48999786376953,86.93000030517578,86.98999786376953,86.98999786376953,17200
2023-07-05,87.69999694824219,87.69999694824219,87.19000244140625,87.25,87.25,83500
2023-07-06,86.9000015258789,86.93000030517578,86.08000183105469,86.41999816894531,86.41999816894531,69500
2023-07-07,86.80000305175781,87.6500015258789,86.80000305175781,87.41999816894531,87.41999816894531,27500
2023-07-10,86.69999694824219,87.55000305175781,86.69999694824219,87.4000015258789,87.4000015258789,17300
2023-07-11,87.55000305175781,87.70999908447266,87.41999816894531,87.5,87.5,26300
2023-07-12,89.19999694824219,89.72000122070312,89.18000030517578,89.5999984741211,89.5999984741211,21100
2023-07-13,90.27999877929688,90.61000061035156,90.13999938964844,90.58999633789062,90.58999633789062,19000
2023-07-14,90.27999877929688,90.70999908447266,90.13999938964844,90.31999969482422,90.31999969482422,24800
2023-07-17,90.19000244140625,90.4800033569336,89.87000274658203,90.47000122070312,90.47000122070312,36300
2023-07-18,90.86000061035156,91.75,90.58999633789062,91.38999938964844,91.38999938964844,60300
2023-07-19,91.30000305175781,91.55000305175781,91.08999633789062,91.44000244140625,91.44000244140625,34300
2023-07-20,91.37000274658203,91.51000213623047,90.41000366210938,90.5,90.5,31700
2023-07-21,90.26000213623047,90.5,90.16000366210938,90.33999633789062,90.33999633789062,38300
2023-07-24,90.0199966430664,90.1500015258789,89.62000274658203,89.63999938964844,89.63999938964844,31000
2023-07-25,90.29000091552734,90.55999755859375,90.16000366210938,90.30999755859375,90.30999755859375,16800
2023-07-26,90.30000305175781,90.97000122070312,90.05999755859375,90.8499984741211,90.8499984741211,20600
2023-07-27,89.63999938964844,89.63999938964844,88.87999725341797,88.91000366210938,88.91000366210938,16900
2023-07-28,89.16999816894531,89.83000183105469,89.16999816894531,89.5199966430664,89.5199966430664,16700
2023-07-31,90.08000183105469,90.77999877929688,90.08000183105469,90.41000366210938,90.41000366210938,17000
2023-08-01,89.16000366210938,89.19999694824219,88.81999969482422,89.05000305175781,89.05000305175781,48600
2023-08-02,89.08000183105469,89.08000183105469,88.11000061035156,88.30000305175781,88.30000305175781,30700
2023-08-03,88.08999633789062,88.31999969482422,87.94999694824219,88.08000183105469,88.08000183105469,26600
2023-08-04,88.25,88.5999984741211,88.19999694824219,88.44000244140625,88.44000244140625,16800
2023-08-07,88.26000213623047,88.26000213623047,87.44000244140625,87.7300033569336,87.7300033569336,30000
2023-08-08,86.81999969482422,86.97000122070312,86.5199966430664,86.75,86.75,31500
2023-08-09,86.6500015258789,87.0,86.41999816894531,86.44999694824219,86.44999694824219,98600
2023-08-10,87.77999877929688,87.77999877929688,86.66999816894531,86.80000305175781,86.80000305175781,20000
2023-08-11,86.83000183105469,87.20999908447266,86.76000213623047,86.7699966430664,86.7699966430664,37100
2023-08-14,86.16999816894531,86.6500015258789,86.0199966430664,86.37999725341797,86.37999725341797,22700
2023-08-15,85.91000366210938,86.44999694824219,85.58999633789062,85.9000015258789,85.9000015258789,24600
2023-08-16,85.80999755859375,86.18000030517578,85.25,85.25,85.25,179500
2023-08-17,86.30999755859375,86.4000015258789,85.33999633789062,85.58999633789062,85.58999633789062,64300
2023-08-18,85.87000274658203,86.22000122070312,85.76000213623047,85.97000122070312,85.97000122070312,31500
2023-08-21,86.48999786376953,86.62999725341797,85.94999694824219,86.48999786376953,86.48999786376953,26200
2023-08-22,86.81999969482422,87.08000183105469,86.68000030517578,86.7699966430664,86.7699966430664,22900
2023-08-23,88.06999969482422,88.6500015258789,87.95999908447266,88.4800033569336,88.4800033569336,21100
2023-08-24,88.13999938964844,88.55000305175781,87.97000122070312,88.08000183105469,88.08000183105469,19100
2023-08-25,88.18000030517578,88.48999786376953,87.5,88.01000213623047,88.01000213623047,22700
2023-08-28,88.12000274658203,88.87000274658203,88.12000274658203,88.51000213623047,88.51000213623047,24900
2023-08-29,88.3499984741211,89.62000274658203,88.3499984741211,89.54000091552734,89.54000091552734,23100
2023-08-30,89.83000183105469,90.0,89.43000030517578,89.5,89.5,20900
2023-08-31,89.41999816894531,89.55000305175781,89.0199966430664,89.11000061035156,89.11000061035156,24100
2023-09-01,89.62000274658203,89.62000274658203,88.73999786376953,88.80999755859375,88.80999755859375,18200
2023-09-05,88.31999969482422,88.31999969482422,87.58000183105469,87.6500015258789,87.6500015258789,29200
2023-09-06,86.9800033569336,87.12999725341797,86.56999969482422,86.95999908447266,86.95999908447266,21700
2023-09-07,86.66000366210938,86.87999725341797,86.61000061035156,86.69999694824219,86.69999694824219,23600
2023-09-08,86.77999877929688,87.06999969482422,86.44999694824219,86.52999877929688,86.52999877929688,17600
2023-09-11,87.2300033569336,87.2300033569336,86.72000122070312,86.9800033569336,86.9800033569336,23500
2023-09-12,86.37000274658203,86.97000122070312,86.37000274658203,86.80999755859375,86.80999755859375,32400
2023-09-13,86.69000244140625,86.86000061035156,86.44999694824219,86.56999969482422,86.56999969482422,25500
2023-09-14,85.9000015258789,86.52999877929688,85.8499984741211,86.30999755859375,86.30999755859375,40500
2023-09-15,87.41000366210938,87.66000366210938,87.16000366210938,87.19999694824219,87.19999694824219,29900
2023-09-18,87.36000061035156,87.69999694824219,87.02999877929688,87.66000366210938,87.66000366210938,23000
2023-09-19,87.91999816894531,88.0,87.62999725341797,87.76000213623047,87.76000213623047,37900
2023-09-20,87.72000122070312,88.62000274658203,87.72000122070312,87.80000305175781,87.80000305175781,21600
2023-09-21,86.9000015258789,87.69000244140625,86.9000015258789,87.48999786376953,87.48999786376953,25300
2023-09-22,87.8499984741211,88.06999969482422,87.73999786376953,87.79000091552734,87.79000091552734,11600
2023-09-25,87.44000244140625,87.54000091552734,86.87000274658203,86.95999908447266,86.95999908447266,22400
2023-09-26,86.2300033569336,86.62999725341797,86.12000274658203,86.1500015258789,86.1500015258789,40200
2023-09-27,85.61000061035156,85.61000061035156,84.88999938964844,85.08000183105469,85.08000183105469,83700
2023-09-28,84.88999938964844,85.48999786376953,84.88999938964844,85.19000244140625,85.19000244140625,20100
2023-09-29,86.1500015258789,86.1500015258789,83.94000244140625,84.1500015258789,84.1500015258789,20800
2023-10-02,83.0,83.0,82.2699966430664,82.36000061035156,82.36000061035156,56800
2023-10-03,81.83000183105469,82.30999755859375,81.58999633789062,81.91000366210938,81.91000366210938,56200
2023-10-04,81.87999725341797,81.91000366210938,81.11000061035156,81.73999786376953,81.73999786376953,182800
2023-10-05,81.4800033569336,81.70999908447266,80.98999786376953,81.4800033569336,81.4800033569336,32000
2023-10-06,82.08999633789062,82.62999725341797,81.30000305175781,82.25,82.25,25300
2023-10-09,82.7300033569336,83.5999984741211,82.7300033569336,83.44999694824219,83.44999694824219,19400
2023-10-10,83.30999755859375,83.69999694824219,83.19999694824219,83.56999969482422,83.56999969482422,36000
2023-10-11,84.12000274658203,84.29000091552734,83.88999938964844,84.13999938964844,84.13999938964844,25100
2023-10-12,84.16000366210938,84.16000366210938,83.45999908447266,83.52999877929688,83.52999877929688,28000
2023-10-13,85.0999984741211,86.30000305175781,85.0999984741211,86.18000030517578,86.18000030517578,17800
2023-10-16,85.69000244140625,86.01000213623047,85.66999816894531,85.83000183105469,85.83000183105469,14900
2023-10-17,85.9000015258789,86.62000274658203,85.8499984741211,86.16000366210938,86.16000366210938,14100
2023-10-18,87.18000030517578,87.55000305175781,86.51000213623047,86.87000274658203,86.87000274658203,21300
2023-10-19,86.80000305175781,87.77999877929688,86.63999938964844,87.63999938964844,87.63999938964844,44200
2023-10-20,87.77999877929688,88.94000244140625,87.77999877929688,88.11000061035156,88.11000061035156,40400
2023-10-23,88.02999877929688,88.11000061035156,87.41999816894531,87.58999633789062,87.58999633789062,15500
2023-10-24,87.23999786376953,87.7699966430664,87.05999755859375,87.56999969482422,87.56999969482422,15800
2023-10-25,87.6500015258789,87.9800033569336,87.0999984741211,87.73999786376953,87.73999786376953,31200
2023-10-26,87.73999786376953,87.9800033569336,87.23999786376953,87.7699966430664,87.7699966430664,18100
2023-10-27,87.83999633789062,88.83000183105469,87.47000122070312,88.68000030517578,88.68000030517578,22100
2023-10-30,89.23999786376953,89.23999786376953,88.55999755859375,88.70999908447266,88.70999908447266,48100
2023-10-31,88.5999984741211,89.12000274658203,87.77999877929688,88.05000305175781,88.05000305175781,22100
2023-11-01,87.94999694824219,88.41000366210938,87.11000061035156,87.69000244140625,87.69000244140625,72200
2023-11-02,87.95999908447266,88.11000061035156,87.58000183105469,87.80999755859375,87.80999755859375,30600
2023-11-03,88.12999725341797,88.77999877929688,88.12999725341797,88.44000244140625,88.44000244140625,36500
2023-11-06,88.2300033569336,88.29000091552734,87.76000213623047,87.76000213623047,87.76000213623047,15400
2023-11-07,86.69000244140625,86.86000061035156,86.41999816894531,86.80000305175781,86.80000305175781,25100
2023-11-08,86.30000305175781,86.58000183105469,85.94999694824219,86.04000091552734,86.04000091552734,37600
2023-11-09,86.16999816894531,86.58999633789062,85.8499984741211,85.91999816894531,85.91999816894531,30300
2023-11-10,85.37999725341797,85.47000122070312,84.70999908447266,84.70999908447266,84.70999908447266,33500
2023-11-13,84.44999694824219,85.41999816894531,84.41999816894531,85.30000305175781,85.30000305175781,32100
2023-11-14,86.19000244140625,87.1500015258789,86.19000244140625,86.8499984741211,86.8499984741211,46400
2023-11-15,87.04000091552734,87.48999786376953,86.77999877929688,87.0999984741211,87.0999984741211,44400
2023-11-16,87.94000244140625,88.69000244140625,87.94000244140625,88.16000366210938,88.16000366210938,19500
2023-11-17,88.20999908447266,88.4000015258789,88.04000091552734,88.18000030517578,88.18000030517578,37300
2023-11-20,87.33999633789062,88.2699966430664,87.33999633789062,87.97000122070312,87.97000122070312,30700
2023-11-21,89.0999984741211,89.5199966430664,88.94000244140625,89.0,89.0,242000
2023-11-22,88.63999938964844,88.94999694824219,88.31999969482422,88.45999908447266,88.45999908447266,24800
2023-11-24,89.0,89.66999816894531,89.0,89.66999816894531,89.66999816894531,14500
2023-11-27,90.16999816894531,90.2699966430664,89.87999725341797,90.26000213623047,90.26000213623047,62700
2023-11-28,90.5999984741211,91.45999908447266,90.55000305175781,91.30000305175781,91.30000305175781,19500
2023-11-29,91.0999984741211,91.58000183105469,91.0,91.41999816894531,91.41999816894531,19300
2023-11-30,91.08000183105469,91.29000091552734,90.87000274658203,91.19000244140625,91.19000244140625,27700
2023-12-01,91.22000122070312,92.43000030517578,90.94000244140625,92.20999908447266,92.20999908447266,25500
2023-12-04,91.55000305175781,91.55000305175781,89.72000122070312,89.9000015258789,89.9000015258789,23800
2023-12-05,89.56999969482422,89.56999969482422,88.66999816894531,88.98999786376953,88.98999786376953,53400
2023-12-06,89.56999969482422,89.5999984741211,88.9800033569336,89.01000213623047,89.01000213623047,32600
2023-12-07,89.27999877929688,89.38999938964844,88.73999786376953,89.19999694824219,89.19999694824219,71800
2023-12-08,88.13999938964844,88.52999877929688,87.31999969482422,87.5199966430664,87.5199966430664,23100
2023-12-11,87.01000213623047,87.05000305175781,86.52999877929688,86.80999755859375,86.80999755859375,24400
2023-12-12,86.86000061035156,87.05000305175781,86.69999694824219,86.87999725341797,86.87999725341797,56200
2023-12-13,87.33999633789062,89.2699966430664,86.5,89.18000030517578,89.18000030517578,36200
2023-12-14,90.41999816894531,90.81999969482422,90.30000305175781,90.69000244140625,90.69000244140625,38500
2023-12-15,90.4800033569336,90.94000244140625,89.93000030517578,90.0999984741211,90.0999984741211,35300
2023-12-18,90.70999908447266,90.73999786376953,90.12000274658203,90.30000305175781,90.30000305175781,22900
2023-12-19,90.76000213623047,91.72000122070312,90.76000213623047,91.2699966430664,91.2699966430664,22200
2023-12-20,91.47000122070312,91.6500015258789,90.80999755859375,90.80999755859375,90.80999755859375,38800
2023-12-21,91.30999755859375,91.80000305175781,91.19999694824219,91.5999984741211,91.5999984741211,23500
2023-12-22,92.6500015258789,92.86000061035156,91.58999633789062,91.79000091552734,91.79000091552734,113200
2023-12-26,91.80000305175781,92.25,91.69999694824219,92.25,92.25,18400
2023-12-27,91.86000061035156,92.66000366210938,91.86000061035156,92.30000305175781,92.30000305175781,36700
2023-12-28,91.87000274658203,92.36000061035156,91.58000183105469,91.58000183105469,91.58000183105469,31300
2023-12-29,90.94000244140625,91.44000244140625,90.83999633789062,91.0199966430664,91.0199966430664,24000
2024-01-02,91.36000061035156,91.36000061035156,90.55999755859375,90.61000061035156,90.61000061035156,17900
2024-01-03,89.36000061035156,89.62000274658203,88.9800033569336,89.37000274658203,89.37000274658203,24400
2024-01-04,89.0,89.45999908447266,89.0,89.23999786376953,89.23999786376953,28500
2024-01-05,89.4000015258789,90.19999694824219,89.1500015258789,89.38999938964844,89.38999938964844,18000
2024-01-08,88.33999633789062,89.18000030517578,88.33999633789062,88.6500015258789,88.6500015258789,27800
2024-01-09,88.52999877929688,88.93000030517578,88.25,88.36000061035156,88.36000061035156,34600
2024-01-10,88.26000213623047,88.51000213623047,88.0999984741211,88.31999969482422,88.31999969482422,37800
2024-01-11,88.37000274658203,88.62999725341797,87.48999786376953,88.26000213623047,88.26000213623047,15500
2024-01-12,89.54000091552734,89.94999694824219,88.66000366210938,88.94999694824219,88.94999694824219,18200
2024-01-16,88.62000274658203,88.62000274658203,87.76000213623047,88.12999725341797,88.12999725341797,21200
2024-01-17,87.54000091552734,87.54000091552734,86.66999816894531,86.83999633789062,86.83999633789062,24600
2024-01-18,86.91000366210938,87.69000244140625,86.91000366210938,87.68000030517578,87.68000030517578,29900
2024-01-19,87.75,87.7699966430664,87.33000183105469,87.55999755859375,87.55999755859375,37900
2024-01-22,86.5,87.19999694824219,86.5,86.87999725341797,86.87999725341797,25800
2024-01-23,87.16000366210938,87.6500015258789,87.16000366210938,87.55000305175781,87.55000305175781,28700
2024-01-24,88.20999908447266,88.26000213623047,87.33999633789062,87.3499984741211,87.3499984741211,35600
2024-01-25,87.80999755859375,88.01000213623047,87.27999877929688,87.54000091552734,87.54000091552734,103200
2024-01-26,87.63999938964844,87.86000061035156,87.55999755859375,87.62999725341797,87.62999725341797,26500
2024-01-29,88.30000305175781,88.8499984741211,87.75,88.66999816894531,88.66999816894531,33800
2024-01-30,89.08999633789062,89.19000244140625,88.33000183105469,88.70999908447266,88.70999908447266,29600
2024-01-31,88.93000030517578,89.55000305175781,87.16000366210938,88.3499984741211,88.3499984741211,29800
2024-02-01,88.54000091552734,89.51000213623047,88.38999938964844,89.12999725341797,89.12999725341797,37100
2024-02-02,87.73999786376953,88.08999633789062,87.5,87.9000015258789,87.9000015258789,17100
2024-02-05,87.04000091552734,87.51000213623047,86.95999908447266,87.37000274658203,87.37000274658203,166800
2024-02-06,87.3499984741211,87.91000366210938,87.3499984741211,87.68000030517578,87.68000030517578,55500
2024-02-07,87.3499984741211,87.75,87.05999755859375,87.05999755859375,87.05999755859375,51400
2024-02-08,86.88999938964844,87.55999755859375,86.88999938964844,87.33000183105469,87.33000183105469,25400
2024-02-09,86.86000061035156,87.16999816894531,86.63999938964844,86.91999816894531,86.91999816894531,47900
2024-02-12,86.79000091552734,87.38999938964844,86.79000091552734,87.1500015258789,87.1500015258789,33200
2024-02-13,86.0999984741211,86.0999984741211,85.38999938964844,85.54000091552734,85.54000091552734,44200
2024-02-14,85.7699966430664,86.4800033569336,85.7699966430664,86.16999816894531,86.16999816894531,39900
2024-02-15,87.38999938964844,87.6500015258789,87.12000274658203,87.23999786376953,87.23999786376953,25500
2024-02-16,86.87999725341797,88.22000122070312,86.87999725341797,87.98999786376953,87.98999786376953,41900
2024-02-20,88.33999633789062,88.56999969482422,87.98999786376953,88.04000091552734,88.04000091552734,45900
2024-02-21,88.19999694824219,88.19999694824219,87.56999969482422,87.83000183105469,87.83000183105469,28200
2024-02-22,87.72000122070312,87.94000244140625,87.66999816894531,87.66999816894531,87.66999816894531,21200
2024-02-23,87.83000183105469,88.73999786376953,87.79000091552734,88.41999816894531,88.41999816894531,25100
2024-02-26,87.61000061035156,87.79000091552734,87.37999725341797,87.66000366210938,87.66000366210938,45300
2024-02-27,87.8499984741211,87.88999938964844,87.44000244140625,87.45999908447266,87.45999908447266,23600
2024-02-28,87.26000213623047,87.55000305175781,87.22000122070312,87.37999725341797,87.37999725341797,35400
2024-02-29,88.13999938964844,88.37000274658203,87.86000061035156,88.0999984741211,88.0999984741211,25100
2024-03-01,88.33999633789062,89.97000122070312,88.12000274658203,89.72000122070312,89.72000122070312,25900
2024-03-04,90.30999755859375,91.66999816894531,90.27999877929688,91.41999816894531,91.41999816894531,33500
2024-03-05,91.9000015258789,92.05000305175781,91.27999877929688,91.41000366210938,91.41000366210938,74200
2024-03-06,92.3499984741211,93.29000091552734,92.31999969482422,93.04000091552734,93.04000091552734,32400
2024-03-07,93.41999816894531,93.69999694824219,93.22000122070312,93.44999694824219,93.44999694824219,17900
2024-03-08,93.81999969482422,94.69999694824219,93.48999786376953,93.87999725341797,93.87999725341797,17100
2024-03-11,94.30999755859375,94.69000244140625,94.11000061035156,94.33999633789062,94.33999633789062,41100
2024-03-12,93.5999984741211,93.80999755859375,93.11000061035156,93.29000091552734,93.29000091552734,24100
2024-03-13,94.29000091552734,95.04000091552734,93.95999908447266,94.69999694824219,94.69999694824219,36200
2024-03-14,94.73999786376953,94.75,94.12999725341797,94.37000274658203,94.37000274658203,26700
2024-03-15,94.69000244140625,95.27999877929688,94.62000274658203,94.69000244140625,94.69000244140625,13400
2024-03-18,94.55000305175781,94.66999816894531,94.05000305175781,94.27999877929688,94.27999877929688,22300
2024-03-19,92.95999908447266,93.83999633789062,92.95999908447266,93.79000091552734,93.79000091552734,25400
2024-03-20,93.5,95.48999786376953,93.5,95.19999694824219,95.19999694824219,19200
2024-03-21,95.61000061035156,95.61000061035156,93.94000244140625,94.41000366210938,94.41000366210938,17800
2024-03-22,94.25,94.55999755859375,93.5199966430664,93.62000274658203,93.62000274658203,16700
2024-03-25,94.02999877929688,94.70999908447266,93.87000274658203,93.95999908447266,93.95999908447266,15800
2024-03-26,94.5199966430664,94.5199966430664,93.83000183105469,93.88999938964844,93.88999938964844,15200
2024-03-27,93.97000122070312,94.4800033569336,93.97000122070312,94.3499984741211,94.3499984741211,21700
2024-03-28,95.05000305175781,95.76000213623047,94.7699966430664,95.5,95.5,16600
2024-04-01,96.73999786376953,96.83999633789062,95.62000274658203,96.33999633789062,96.33999633789062,36200
2024-04-02,97.4800033569336,98.66000366210938,97.30000305175781,98.44000244140625,98.44000244140625,67500
2024-04-03,98.72000122070312,100.12999725341797,98.62000274658203,100.04000091552734,100.04000091552734,23400
2024-04-04,99.56999969482422,100.56999969482422,99.27999877929688,99.37000274658203,99.37000274658203,20500
2024-04-05,99.55999755859375,101.29000091552734,99.54000091552734,101.0,101.0,18900
2024-04-08,101.88999938964844,102.47000122070312,101.0199966430664,102.16000366210938,102.16000366210938,48500
2024-04-09,103.16000366210938,103.81999969482422,102.25,103.22000122070312,103.22000122070312,31700
2024-04-10,101.91000366210938,103.41999816894531,101.68000030517578,102.06999969482422,102.06999969482422,23100
2024-04-11,102.81999969482422,103.94999694824219,102.12999725341797,103.87999725341797,103.87999725341797,18600
2024-04-12,105.55000305175781,106.47000122070312,102.41999816894531,102.58000183105469,102.58000183105469,24000
2024-04-15,103.66999816894531,104.80000305175781,102.2300033569336,104.80000305175781,104.80000305175781,20000
2024-04-16,103.91000366210938,104.30000305175781,102.94000244140625,103.83999633789062,103.83999633789062,34800
2024-04-17,104.29000091552734,104.7300033569336,103.31999969482422,103.55999755859375,103.55999755859375,34300
2024-04-18,104.30999755859375,104.43000030517578,103.44999694824219,103.62999725341797,103.62999725341797,40000
2024-04-19,103.3499984741211,104.70999908447266,103.3499984741211,104.05999755859375,104.05999755859375,56700
2024-04-22,101.2699966430664,101.88999938964844,100.94000244140625,100.98999786376953,100.98999786376953,33500
2024-04-23,100.12999725341797,101.2699966430664,100.12999725341797,100.81999969482422,100.81999969482422,74100
2024-04-24,100.81999969482422,101.38999938964844,100.4800033569336,100.4800033569336,100.4800033569336,24500
2024-04-25,100.31999969482422,101.36000061035156,100.31999969482422,101.06999969482422,101.06999969482422,24000
2024-04-26,101.12999725341797,101.51000213623047,100.56999969482422,101.04000091552734,101.04000091552734,19300
2024-04-29,101.13999938964844,101.62000274658203,100.51000213623047,101.16000366210938,101.16000366210938,20800
2024-04-30,99.29000091552734,99.81999969482422,98.80999755859375,98.80999755859375,98.80999755859375,24400
2024-05-01,99.2699966430664,100.37000274658203,99.0,99.5,99.5,22900
2024-05-02,98.7300033569336,99.66999816894531,98.30999755859375,99.47000122070312,99.47000122070312,22600
2024-05-03,99.37000274658203,99.37000274658203,98.30999755859375,99.19999694824219,99.19999694824219,23200
2024-05-06,100.75,101.22000122070312,100.70999908447266,100.8499984741211,100.8499984741211,47000
2024-05-07,100.8499984741211,101.20999908447266,100.55999755859375,100.58000183105469,100.58000183105469,10300
2024-05-08,100.3499984741211,100.94000244140625,100.19000244140625,100.31999969482422,100.31999969482422,29100
2024-05-09,101.13999938964844,102.4000015258789,101.0199966430664,102.33000183105469,102.33000183105469,14400
2024-05-10,103.73999786376953,103.73999786376953,102.75,103.05000305175781,103.05000305175781,103600
2024-05-13,102.63999938964844,102.7300033569336,102.04000091552734,102.1500015258789,102.1500015258789,29800
2024-05-14,102.76000213623047,103.4800033569336,102.76000213623047,103.37000274658203,103.37000274658203,35700
2024-05-15,104.47000122070312,105.70999908447266,103.4800033569336,105.44000244140625,105.44000244140625,28400
2024-05-16,105.0999984741211,105.44999694824219,104.68000030517578,105.06999969482422,105.06999969482422,32300
2024-05-17,106.5999984741211,108.37999725341797,106.23999786376953,108.30999755859375,108.30999755859375,33700
2024-05-20,108.2699966430664,109.72000122070312,107.83999633789062,108.98999786376953,108.98999786376953,34200
2024-05-21,109.12000274658203,109.54000091552734,108.4000015258789,109.02999877929688,109.02999877929688,22800
2024-05-22,108.16999816894531,108.41000366210938,106.22000122070312,106.33999633789062,106.33999633789062,26600
2024-05-23,105.94999694824219,106.19000244140625,103.91000366210938,104.0199966430664,104.0199966430664,35800
2024-05-24,104.73999786376953,105.0999984741211,104.25,104.37999725341797,104.37999725341797,26800
2024-05-28,106.91000366210938,107.19000244140625,106.19000244140625,106.81999969482422,106.81999969482422,22400
2024-05-29,106.19999694824219,106.70999908447266,106.0,106.08000183105469,106.08000183105469,16900
2024-05-30,105.81999969482422,106.18000030517578,105.23999786376953,105.23999786376953,105.23999786376953,23900
2024-05-31,105.9800033569336,106.12000274658203,103.63999938964844,103.98999786376953,103.98999786376953,17600
2024-06-03,104.1500015258789,105.11000061035156,104.0,104.63999938964844,104.63999938964844,18600
2024-06-04,103.76000213623047,103.76000213623047,102.58000183105469,102.83999633789062,102.83999633789062,23700
2024-06-05,103.44999694824219,104.4800033569336,103.43000030517578,104.23999786376953,104.23999786376953,18500
2024-06-06,104.87000274658203,106.30000305175781,104.80999755859375,106.11000061035156,106.11000061035156,19000
2024-06-07,103.05000305175781,103.05000305175781,101.27999877929688,101.29000091552734,101.29000091552734,56200
2024-06-10,101.7699966430664,102.83000183105469,101.7699966430664,102.76000213623047,102.76000213623047,34300
2024-06-11,102.11000061035156,102.16999816894531,101.55999755859375,102.04000091552734,102.04000091552734,17400
2024-06-12,103.9800033569336,103.9800033569336,102.44999694824219,102.77999877929688,102.77999877929688,18200
2024-06-13,102.41999816894531,102.70999908447266,101.02999877929688,101.43000030517578,101.43000030517578,55300
2024-06-14,102.0,102.94999694824219,102.0,102.94999694824219,102.94999694824219,36100
2024-06-17,102.44999694824219,102.55999755859375,101.7300033569336,102.55000305175781,102.55000305175781,28700
2024-06-18,102.38999938964844,102.94000244140625,102.11000061035156,102.91000366210938,102.91000366210938,19100
2024-06-20,103.80000305175781,105.25,103.80000305175781,105.02999877929688,105.02999877929688,37000
2024-06-21,104.70999908447266,104.79000091552734,102.72000122070312,103.05000305175781,103.05000305175781,19600
2024-06-24,103.56999969482422,103.8499984741211,103.26000213623047,103.41999816894531,103.41999816894531,16800
2024-06-25,103.45999908447266,103.45999908447266,101.91000366210938,102.2699966430664,102.2699966430664,17000
2024-06-26,101.7699966430664,101.9800033569336,101.11000061035156,101.62999725341797,101.62999725341797,25600
2024-06-27,102.51000213623047,102.77999877929688,102.20999908447266,102.5,102.5,10300
2024-06-28,103.41000366210938,103.41000366210938,102.76000213623047,102.9800033569336,102.9800033569336,16200
2024-07-01,102.8499984741211,103.44000244140625,102.69999694824219,103.16000366210938,103.16000366210938,18100
2024-07-02,103.41999816894531,103.9800033569336,103.08999633789062,103.7300033569336,103.7300033569336,19300
2024-07-03,105.05999755859375,105.8499984741211,105.05999755859375,105.43000030517578,105.43000030517578,8000
2024-07-05,106.33999633789062,107.37999725341797,106.20999908447266,107.12000274658203,107.12000274658203,18200
2024-07-08,106.31999969482422,106.70999908447266,105.26000213623047,105.58000183105469,105.58000183105469,11800
2024-07-09,106.37000274658203,106.37000274658203,104.91000366210938,105.6500015258789,105.6500015258789,14900
2024-07-10,106.4000015258789,106.4000015258789,105.7300033569336,106.02999877929688,106.02999877929688,12600
2024-07-11,107.55999755859375,108.33000183105469,107.0999984741211,107.7699966430664,107.7699966430664,62700
2024-07-12,106.56999969482422,107.33999633789062,106.37000274658203,106.9000015258789,106.9000015258789,113700
2024-07-15,106.91000366210938,107.80999755859375,106.51000213623047,106.95999908447266,106.95999908447266,15900
2024-07-16,107.37000274658203,108.98999786376953,107.37000274658203,108.9800033569336,108.9800033569336,19500
2024-07-17,108.80000305175781,109.0,107.08000183105469,107.47000122070312,107.47000122070312,13800
2024-07-18,107.63999938964844,107.81999969482422,106.1500015258789,106.41999816894531,106.41999816894531,11600
2024-07-19,104.1500015258789,104.83999633789062,104.0,104.52999877929688,104.52999877929688,12000
2024-07-22,104.33999633789062,104.41999816894531,103.55999755859375,104.41999816894531,104.41999816894531,21500
2024-07-23,104.12000274658203,104.79000091552734,104.12000274658203,104.69999694824219,104.69999694824219,13000
2024-07-24,105.44999694824219,105.73999786376953,104.27999877929688,104.29000091552734,104.29000091552734,13900
2024-07-25,101.95999908447266,102.19000244140625,101.5,101.94999694824219,101.94999694824219,16600
2024-07-26,102.38999938964844,102.77999877929688,102.12000274658203,102.5199966430664,102.5199966430664,19600
2024-07-29,102.94000244140625,103.05999755859375,101.79000091552734,102.56999969482422,102.56999969482422,33600
2024-07-30,102.91999816894531,103.72000122070312,102.66999816894531,103.6500015258789,103.6500015258789,15500
2024-07-31,104.20999908447266,105.77999877929688,104.20999908447266,105.55999755859375,105.55999755859375,17400
2024-08-01,105.7699966430664,105.94000244140625,104.31999969482422,104.87999725341797,104.87999725341797,18800
2024-08-02,106.04000091552734,106.08999633789062,103.4000015258789,104.5999984741211,104.5999984741211,16600
2024-08-05,101.19000244140625,102.51000213623047,101.16999816894531,101.9800033569336,101.9800033569336,31800
2024-08-06,101.5199966430664,102.2699966430664,101.2300033569336,101.44000244140625,101.44000244140625,278300
2024-08-07,102.11000061035156,102.23999786376953,100.94999694824219,101.05999755859375,101.05999755859375,67700
2024-08-08,102.26000213623047,103.30000305175781,102.26000213623047,102.98999786376953,102.98999786376953,29500
2024-08-09,103.6500015258789,103.6500015258789,103.0,103.1500015258789,103.1500015258789,24600
2024-08-12,104.19000244140625,105.18000030517578,104.19000244140625,105.05000305175781,105.05000305175781,15800
2024-08-13,104.63999938964844,105.0199966430664,104.62000274658203,104.91000366210938,104.91000366210938,17800
2024-08-14,104.37000274658203,104.58999633789062,103.36000061035156,103.91000366210938,103.91000366210938,16200
2024-08-15,104.98999786376953,105.4800033569336,104.5,105.12000274658203,105.12000274658203,33700
2024-08-16,106.18000030517578,107.37000274658203,105.76000213623047,107.2699966430664,107.2699966430664,16900
2024-08-19,106.7699966430664,107.66000366210938,106.47000122070312,107.63999938964844,107.63999938964844,49000
2024-08-20,108.77999877929688,109.02999877929688,107.33000183105469,107.86000061035156,107.86000061035156,21400
2024-08-21,108.0,108.26000213623047,107.26000213623047,108.04000091552734,108.04000091552734,18600
2024-08-22,107.52999877929688,107.52999877929688,106.16999816894531,106.45999908447266,106.45999908447266,30500
2024-08-23,107.4000015258789,108.3499984741211,107.13999938964844,108.25,108.25,26200
2024-08-26,109.0,109.0,108.36000061035156,108.62999725341797,108.62999725341797,20200
2024-08-27,108.12999725341797,109.0199966430664,108.12999725341797,108.95999908447266,108.95999908447266,38100
2024-08-28,107.72000122070312,107.72000122070312,107.05000305175781,107.41999816894531,107.41999816894531,32100
2024-08-29,107.55999755859375,108.55999755859375,107.55999755859375,108.16999816894531,108.16999816894531,15900
2024-08-30,107.87999725341797,108.05000305175781,106.72000122070312,106.98999786376953,106.98999786376953,22600
2024-09-03,106.2300033569336,106.2300033569336,104.94999694824219,105.79000091552734,105.79000091552734,23500
2024-09-04,105.41000366210938,106.20999908447266,105.41000366210938,105.8499984741211,105.8499984741211,15100
2024-09-05,107.38999938964844,107.70999908447266,106.80000305175781,107.12999725341797,107.12999725341797,15000
2024-09-06,107.20999908447266,107.20999908447266,105.04000091552734,105.66999816894531,105.66999816894531,33600
2024-09-09,106.33000183105469,106.52999877929688,105.86000061035156,106.33999633789062,106.33999633789062,20100
2024-09-10,107.05999755859375,107.08000183105469,106.20999908447266,107.08000183105469,107.08000183105469,17800
2024-09-11,106.9000015258789,107.69000244140625,106.54000091552734,107.3499984741211,107.3499984741211,18400
2024-09-12,108.98999786376953,110.23999786376953,108.80000305175781,110.23999786376953,110.23999786376953,39900
2024-09-13,111.63999938964844,112.12000274658203,111.4000015258789,111.9000015258789,111.9000015258789,50000
2024-09-16,112.08999633789062,112.29000091552734,111.5999984741211,111.91999816894531,111.91999816894531,18600
2024-09-17,111.66000366210938,112.30999755859375,111.23999786376953,111.70999908447266,111.70999908447266,30100
2024-09-18,111.8499984741211,112.87000274658203,109.79000091552734,109.97000122070312,109.97000122070312,18600
2024-09-19,112.0199966430664,112.68000030517578,111.5,112.16999816894531,112.16999816894531,24100
2024-09-20,113.05999755859375,113.6500015258789,112.58000183105469,113.31999969482422,113.31999969482422,22800
2024-09-23,113.52999877929688,113.52999877929688,112.70999908447266,112.75,112.75,23700
2024-09-24,113.33000183105469,115.58999633789062,113.30999755859375,115.48999786376953,115.48999786376953,46100
2024-09-25,115.56999969482422,115.56999969482422,114.4000015258789,114.9800033569336,114.9800033569336,23100
2024-09-26,115.68000030517578,115.87999725341797,114.95999908447266,115.69000244140625,115.69000244140625,21200
2024-09-27,115.41000366210938,115.63999938964844,113.97000122070312,114.44999694824219,114.44999694824219,22800
2024-09-30,113.69000244140625,113.91999816894531,112.91999816894531,113.29000091552734,113.29000091552734,12500
2024-10-01,114.05000305175781,115.11000061035156,114.05000305175781,114.22000122070312,114.22000122070312,19300
2024-10-02,115.0,115.3499984741211,114.1500015258789,114.76000213623047,114.76000213623047,20500
2024-10-03,114.27999877929688,115.12000274658203,114.05999755859375,114.87000274658203,114.87000274658203,29900
2024-10-04,114.69999694824219,116.08000183105469,114.4800033569336,114.9800033569336,114.9800033569336,31500
2024-10-07,114.30999755859375,114.4800033569336,113.91000366210938,114.25,114.25,20900
2024-10-08,113.4800033569336,113.4800033569336,111.5,112.52999877929688,112.52999877929688,23000
2024-10-09,111.48999786376953,112.33999633789062,111.48999786376953,112.12999725341797,112.12999725341797,21000
2024-10-10,112.2300033569336,113.55999755859375,112.2300033569336,113.5,113.5,10900
2024-10-11,114.13999938964844,114.9000015258789,114.13999938964844,114.81999969482422,114.81999969482422,22800
2024-10-14,114.62999725341797,114.62999725341797,113.76000213623047,114.08999633789062,114.08999633789062,14500
2024-10-15,113.91999816894531,114.83999633789062,113.70999908447266,114.4000015258789,114.4000015258789,21400
2024-10-16,115.5999984741211,115.91999816894531,114.80000305175781,115.16000366210938,115.16000366210938,19000
2024-10-17,115.38999938964844,116.0999984741211,115.2300033569336,115.7300033569336,115.7300033569336,24600
2024-10-18,117.0,118.80999755859375,117.0,118.75,118.75,41300
2024-10-21,119.86000061035156,119.9000015258789,118.37999725341797,118.7300033569336,118.7300033569336,26100
2024-10-22,120.11000061035156,120.79000091552734,119.7699966430664,120.77999877929688,120.77999877929688,41000
2024-10-23,119.75,119.75,118.06999969482422,118.58999633789062,118.58999633789062,29000
2024-10-24,120.08000183105469,120.19000244140625,118.94999694824219,119.69000244140625,119.69000244140625,29300
2024-10-25,119.55000305175781,120.33000183105469,119.31999969482422,119.93000030517578,119.93000030517578,26000
2024-10-28,120.0,120.54000091552734,119.97000122070312,120.2699966430664,120.2699966430664,29300
2024-10-29,121.30999755859375,121.87999725341797,121.12999725341797,121.76000213623047,121.76000213623047,26000
2024-10-30,121.19999694824219,121.37000274658203,120.29000091552734,121.0199966430664,121.0199966430664,20400
2024-10-31,120.12999725341797,120.12999725341797,118.02999877929688,118.61000061035156,118.61000061035156,24500
2024-11-01,119.33000183105469,119.41000366210938,117.83000183105469,117.87999725341797,117.87999725341797,16800
2024-11-04,118.3499984741211,118.37999725341797,117.54000091552734,118.0,118.0,24800
2024-11-05,119.01000213623047,119.01000213623047,118.06999969482422,118.22000122070312,118.22000122070312,15800
2024-11-06,113.8499984741211,115.05999755859375,113.54000091552734,114.31999969482422,114.31999969482422,54600
2024-11-07,115.62000274658203,116.48999786376953,115.41999816894531,116.23999786376953,116.23999786376953,35500
2024-11-08,115.7300033569336,115.7300033569336,114.5999984741211,114.6500015258789,114.6500015258789,23100
2024-11-11,112.62999725341797,112.62999725341797,111.3499984741211,112.33000183105469,112.33000183105469,50100
2024-11-12,111.93000030517578,111.93000030517578,110.80000305175781,111.55000305175781,111.55000305175781,66700
2024-11-13,112.11000061035156,112.11000061035156,110.06999969482422,110.06999969482422,110.06999969482422,23900
2024-11-14,109.69999694824219,110.62000274658203,109.58000183105469,110.30000305175781,110.30000305175781,34500
2024-11-15,110.9000015258789,110.9000015258789,109.76000213623047,109.94000244140625,109.94000244140625,29500
2024-11-18,112.05999755859375,112.75,112.05999755859375,112.55000305175781,112.55000305175781,46500
2024-11-19,113.2699966430664,113.61000061035156,112.94999694824219,113.55000305175781,113.55000305175781,30600
2024-11-20,114.0999984741211,114.0999984741211,113.30000305175781,113.38999938964844,113.38999938964844,31400
2024-11-21,114.26000213623047,114.26000213623047,113.54000091552734,113.9800033569336,113.9800033569336,30400
2024-11-22,114.47000122070312,115.55000305175781,114.47000122070312,115.27999877929688,115.27999877929688,18000
2024-11-25,112.69000244140625,112.69000244140625,111.52999877929688,111.93000030517578,111.93000030517578,23800
2024-11-26,112.05999755859375,112.30999755859375,111.01000213623047,112.08999633789062,112.08999633789062,44600
2024-11-27,112.58999633789062,112.69000244140625,111.69000244140625,111.83999633789062,111.83999633789062,53100
2024-11-29,112.77999877929688,113.2699966430664,112.77999877929688,113.25,113.25,9500
2024-12-02,112.83000183105469,112.83000183105469,112.11000061035156,112.23999786376953,112.23999786376953,20700
2024-12-03,113.91999816894531,113.91999816894531,112.69999694824219,113.02999877929688,113.02999877929688,24600
2024-12-04,113.33000183105469,113.87999725341797,113.33000183105469,113.56999969482422,113.56999969482422,20200
2024-12-05,113.77999877929688,113.77999877929688,112.38999938964844,112.9000015258789,112.9000015258789,12800
2024-12-06,112.54000091552734,113.20999908447266,112.37000274658203,112.4800033569336,112.4800033569336,15800
2024-12-09,114.37000274658203,115.30999755859375,114.08000183105469,114.18000030517578,114.18000030517578,19700
2024-12-10,115.19999694824219,115.52999877929688,114.9800033569336,115.12000274658203,115.12000274658203,38600
2024-12-11,115.63999938964844,116.33000183105469,115.2300033569336,115.93000030517578,115.93000030517578,28800
2024-12-12,114.58000183105469,114.68000030517578,113.66999816894531,113.93000030517578,113.93000030517578,79300
2024-12-13,112.5999984741211,112.93000030517578,112.2699966430664,112.33999633789062,112.33999633789062,33200
2024-12-16,112.93000030517578,112.93000030517578,112.4800033569336,112.63999938964844,112.63999938964844,20300
2024-12-17,112.27999877929688,112.38999938964844,111.58000183105469,112.30000305175781,112.30000305175781,17500
2024-12-18,112.20999908447266,112.20999908447266,109.41999816894531,109.44999694824219,109.44999694824219,27500
2024-12-19,109.48999786376953,109.51000213623047,108.70999908447266,109.30999755859375,109.30999755859375,54000
2024-12-20,110.16999816894531,110.98999786376953,109.9800033569336,110.55999755859375,110.55999755859375,23700
2024-12-23,110.62000274658203,110.66000366210938,110.20999908447266,110.55999755859375,110.55999755859375,30100
2024-12-24,110.55000305175781,110.86000061035156,110.30000305175781,110.63999938964844,110.63999938964844,4400
2024-12-26,110.66000366210938,111.36000061035156,110.66000366210938,111.2699966430664,111.2699966430664,10900
2024-12-27,110.2300033569336,110.7300033569336,110.0,110.23999786376953,110.23999786376953,102200
2024-12-30,110.19999694824219,110.19999694824219,108.79000091552734,109.45999908447266,109.45999908447266,56000
2024-12-31,109.27999877929688,110.11000061035156,109.27999877929688,109.80000305175781,109.80000305175781,42000
2025-01-02,111.11000061035156,111.69000244140625,110.9800033569336,111.68000030517578,111.68000030517578,22900
2025-01-03,111.54000091552734,111.77999877929688,111.12000274658203,111.19000244140625,111.19000244140625,20000
2025-01-06,111.0199966430664,111.81999969482422,111.0199966430664,111.23999786376953,111.23999786376953,36800
2025-01-07,112.7300033569336,112.7300033569336,111.76000213623047,111.9800033569336,111.9800033569336,28800
2025-01-08,112.58999633789062,112.76000213623047,111.81999969482422,112.37000274658203,112.37000274658203,22300
2025-01-10,114.08000183105469,114.33000183105469,113.25,113.52999877929688,113.52999877929688,41400
2025-01-13,112.27999877929688,112.27999877929688,111.61000061035156,112.0999984741211,112.0999984741211,34500
2025-01-14,112.13999938964844,112.62000274658203,111.9800033569336,112.5999984741211,112.5999984741211,43300
2025-01-15,113.5,114.12000274658203,112.98999786376953,113.98999786376953,113.98999786376953,34700
2025-01-16,114.66000366210938,114.9000015258789,114.36000061035156,114.51000213623047,114.51000213623047,43600
2025-01-17,113.87000274658203,114.31999969482422,113.55999755859375,113.76000213623047,113.76000213623047,28600
2025-01-21,114.76000213623047,115.54000091552734,114.76000213623047,115.4000015258789,115.4000015258789,46300
2025-01-22,115.83000183105469,116.13999938964844,115.5,115.9800033569336,115.9800033569336,25500
2025-01-23,115.41999816894531,115.7300033569336,115.0,115.48999786376953,115.48999786376953,24700
2025-01-24,116.1500015258789,116.77999877929688,116.1500015258789,116.18000030517578,116.18000030517578,25500
2025-01-27,114.95999908447266,115.3499984741211,113.88999938964844,114.55999755859375,114.55999755859375,17700
2025-01-28,114.7699966430664,115.77999877929688,114.7699966430664,115.43000030517578,115.43000030517578,17200
2025-01-29,115.9800033569336,116.16999816894531,115.19000244140625,115.81999969482422,115.81999969482422,17500
2025-01-30,117.33000183105469,118.12999725341797,117.33000183105469,117.93000030517578,117.93000030517578,14900
2025-01-31,118.47000122070312,118.56999969482422,117.63999938964844,117.98999786376953,117.98999786376953,48800
2025-02-03,118.63999938964844,118.9800033569336,117.83999633789062,118.38999938964844,118.38999938964844,41400
2025-02-04,119.52999877929688,120.0999984741211,119.26000213623047,119.69000244140625,119.69000244140625,35800
2025-02-05,120.7300033569336,121.23999786376953,120.4000015258789,120.4000015258789,120.4000015258789,31000
2025-02-06,120.4000015258789,120.4000015258789,119.12999725341797,120.29000091552734,120.29000091552734,21700
2025-02-07,121.06999969482422,121.41000366210938,119.79000091552734,119.9000015258789,119.9000015258789,28000
2025-02-10,121.48999786376953,121.73999786376953,121.22000122070312,121.5199966430664,121.5199966430664,115800
2025-02-11,121.04000091552734,121.37000274658203,120.70999908447266,121.01000213623047,121.01000213623047,22400
2025-02-12,120.97000122070312,121.79000091552734,120.81999969482422,121.44000244140625,121.44000244140625,27000
2025-02-13,121.97000122070312,122.58000183105469,121.44000244140625,122.45999908447266,122.45999908447266,42400
2025-02-14,123.19999694824219,123.3499984741211,120.62000274658203,120.93000030517578,120.93000030517578,24800
2025-02-18,121.79000091552734,123.02999877929688,121.79000091552734,122.94999694824219,122.94999694824219,30800
2025-02-19,122.80999755859375,122.86000061035156,122.2300033569336,122.86000061035156,122.86000061035156,29000
2025-02-20,122.94999694824219,123.55999755859375,122.91000366210938,123.06999969482422,123.06999969482422,32900
2025-02-21,123.19000244140625,123.19000244140625,122.16000366210938,122.56999969482422,122.56999969482422,31600
2025-02-24,122.88999938964844,122.88999938964844,121.93000030517578,122.5199966430664,122.5199966430664,62000
2025-02-25,121.9800033569336,122.20999908447266,119.86000061035156,120.77999877929688,120.77999877929688,38000
2025-02-26,120.29000091552734,121.19000244140625,120.2300033569336,121.05999755859375,121.05999755859375,40100
2025-02-27,120.62000274658203,120.62000274658203,119.05999755859375,119.05999755859375,119.05999755859375,75700
2025-02-28,118.13999938964844,118.4800033569336,117.5,118.4800033569336,118.4800033569336,43300
2025-03-03,120.93000030517578,120.93000030517578,119.72000122070312,120.16000366210938,120.16000366210938,65700
2025-03-04,121.5199966430664,121.5199966430664,120.38999938964844,121.20999908447266,121.20999908447266,57100
2025-03-05,121.19000244140625,122.29000091552734,120.9000015258789,122.2300033569336,122.2300033569336,51300
2025-03-06,121.69000244140625,122.22000122070312,121.62999725341797,121.62999725341797,121.62999725341797,36100
2025-03-07,121.4800033569336,122.33000183105469,121.16000366210938,121.63999938964844,121.63999938964844,56000
2025-03-10,121.54000091552734,121.55999755859375,120.25,120.38999938964844,120.38999938964844,56400
2025-03-11,121.55000305175781,122.48999786376953,121.55000305175781,122.37000274658203,122.37000274658203,66000
2025-03-12,122.13999938964844,123.44000244140625,122.13999938964844,123.06999969482422,123.06999969482422,81800
2025-03-13,124.04000091552734,125.27999877929688,123.19999694824219,125.06999969482422,125.06999969482422,77500
2025-03-14,125.5999984741211,125.61000061035156,124.79000091552734,125.16000366210938,125.16000366210938,95800
2025-03-17,124.5999984741211,125.81999969482422,124.5999984741211,125.70999908447266,125.70999908447266,53200
2025-03-18,126.8499984741211,127.04000091552734,126.44999694824219,126.79000091552734,126.79000091552734,27900
2025-03-19,126.29000091552734,126.94000244140625,126.0,126.91000366210938,126.91000366210938,55700
2025-03-20,125.87000274658203,126.54000091552734,125.77999877929688,126.45999908447266,126.45999908447266,54600
2025-03-21,125.86000061035156,125.86000061035156,124.29000091552734,125.2699966430664,125.2699966430664,74600
2025-03-24,125.30000305175781,125.48999786376953,124.5999984741211,124.80000305175781,124.80000305175781,32700
2025-03-25,126.56999969482422,126.56999969482422,125.83000183105469,125.91000366210938,125.91000366210938,28500
2025-03-26,126.02999877929688,126.05000305175781,125.61000061035156,125.81999969482422,125.81999969482422,21900
2025-03-27,126.87000274658203,128.00999450683594,126.44000244140625,127.8499984741211,127.8499984741211,32100
2025-03-28,128.52000427246094,128.52999877929688,127.62999725341797,128.10000610351562,128.10000610351562,61300
2025-03-31,129.0399932861328,129.47000122070312,128.14999389648438,129.47000122070312,129.47000122070312,52600
2025-04-01,129.5500030517578,129.5500030517578,128.19000244140625,128.82000732421875,128.82000732421875,76200
2025-04-02,129.16000366210938,129.61000061035156,128.69000244140625,129.00999450683594,129.00999450683594,38200
2025-04-03,125.5,127.54000091552734,124.81999969482422,126.0999984741211,126.0999984741211,52400
2025-04-04,124.5,124.5,120.81999969482422,121.91999816894531,121.91999816894531,70200
2025-04-07,121.61000061035156,122.83999633789062,119.44999694824219,120.48999786376953,120.48999786376953,214000
2025-04-08,121.80999755859375,122.11000061035156,119.98999786376953,120.69000244140625,120.69000244140625,58300
2025-04-09,123.04000091552734,124.98999786376953,123.04000091552734,124.72000122070312,124.72000122070312,83100
2025-04-10,125.66000366210938,127.23999786376953,125.0,126.94999694824219,126.94999694824219,85300
2025-04-11,129.4199981689453,130.36000061035156,129.14999389648438,129.7899932861328,129.7899932861328,70300
2025-04-14,129.3300018310547,129.91000366210938,128.7899932861328,129.58999633789062,129.58999633789062,82300
2025-04-15,130.11000061035156,130.49000549316406,129.63999938964844,130.24000549316406,130.24000549316406,87000
2025-04-16,132.99000549316406,134.08999633789062,132.52999877929688,133.60000610351562,133.60000610351562,66700
2025-04-17,133.0,133.25999450683594,131.60000610351562,132.88999938964844,132.88999938964844,47600
2025-04-21,135.67999267578125,136.25,134.99000549316406,135.83999633789062,135.83999633789062,80800
2025-04-22,136.24000549316406,136.49000549316406,133.91000366210938,134.16000366210938,134.16000366210938,56800
2025-04-23,132.94000244140625,133.3800048828125,131.52999877929688,133.25,133.25,51500
2025-04-24,134.1300048828125,134.75,133.3000030517578,134.57000732421875,134.57000732421875,40800
2025-04-25,132.10000610351562,133.10000610351562,131.4499969482422,132.92999267578125,132.92999267578125,61800
2025-04-28,133.36000061035156,134.49000549316406,132.3699951171875,134.44000244140625,134.44000244140625,26200
2025-04-29,134.22000122070312,134.22000122070312,133.0,133.0800018310547,133.0800018310547,46900
2025-04-30,132.0,132.92999267578125,131.99000549316406,132.08999633789062,132.08999633789062,28300
2025-05-01,130.0,130.39999389648438,128.39999389648438,130.05999755859375,130.05999755859375,90100
2025-05-02,130.60000610351562,130.9199981689453,129.47000122070312,129.89999389648438,129.89999389648438,35800
2025-05-05,132.92999267578125,133.25999450683594,132.07000732421875,132.9499969482422,132.9499969482422,23100
2025-05-06,135.3699951171875,136.7100067138672,135.14999389648438,136.52999877929688,136.52999877929688,26900
2025-05-07,134.72000122070312,135.22000122070312,133.9499969482422,134.3000030517578,134.3000030517578,40800
2025-05-08,134.0,134.5500030517578,131.89999389648438,132.49000549316406,132.49000549316406,36200
2025-05-09,133.30999755859375,134.10000610351562,133.0800018310547,133.5,133.5,26300
2025-05-12,130.75,131.0,129.9199981689453,130.49000549316406,130.49000549316406,76000
2025-05-13,130.52000427246094,131.64999389648438,130.41000366210938,131.35000610351562,131.35000610351562,61200
2025-05-14,129.0,129.4600067138672,128.13999938964844,128.60000610351562,128.60000610351562,117000
2025-05-15,128.74000549316406,130.49000549316406,128.74000549316406,130.49000549316406,130.49000549316406,77900
2025-05-16,128.13999938964844,129.1699981689453,128.13999938964844,129.07000732421875,129.07000732421875,44100
2025-05-19,130.2100067138672,130.72999572753906,129.91000366210938,130.44000244140625,130.44000244140625,28100
2025-05-20,130.3300018310547,133.30999755859375,130.3300018310547,133.30999755859375,133.30999755859375,51000
2025-05-21,133.91000366210938,134.91000366210938,133.5,134.91000366210938,134.91000366210938,21300
2025-05-22,133.58999633789062,133.74000549316406,132.5500030517578,133.1999969482422,133.1999969482422,34100
2025-05-23,135.6699981689453,135.83999633789062,134.61000061035156,135.6300048828125,135.6300048828125,32900
2025-05-27,133.66000366210938,133.91000366210938,132.75999450683594,133.7100067138672,133.7100067138672,54500
2025-05-28,133.66000366210938,133.72999572753906,132.85000610351562,133.3300018310547,133.3300018310547,24700
2025-05-29,134.13999938964844,134.50999450683594,133.47999572753906,134.13999938964844,134.13999938964844,185200
2025-05-30,132.57000732421875,133.19000244140625,132.1999969482422,133.19000244140625,133.19000244140625,21100
2025-06-02,135.61000061035156,137.3300018310547,135.61000061035156,137.3300018310547,137.3300018310547,30300
2025-06-03,136.39999389648438,136.5500030517578,135.67999267578125,136.3000030517578,136.3000030517578,16900
2025-06-04,136.42999267578125,137.2100067138672,136.11000061035156,137.0,137.0,22700
2025-06-05,138.63999938964844,139.2100067138672,136.92999267578125,137.8800048828125,137.8800048828125,55000
2025-06-06,138.63999938964844,138.63999938964844,137.2100067138672,137.39999389648438,137.39999389648438,22200
2025-06-09,138.0500030517578,139.14999389648438,137.97000122070312,138.63999938964844,138.63999938964844,92200
2025-06-10,139.22999572753906,139.27999877929688,138.11000061035156,138.60000610351562,138.60000610351562,35100
2025-06-11,138.7100067138672,139.11000061035156,138.10000610351562,138.97000122070312,138.97000122070312,22800
2025-06-12,139.75,140.47000122070312,139.6699981689453,140.24000549316406,140.24000549316406,20800
2025-06-13,141.61000061035156,141.69000244140625,140.5800018310547,141.16000366210938,141.16000366210938,25300
2025-06-16,140.99000549316406,141.17999267578125,139.67999267578125,139.8300018310547,139.8300018310547,34800
2025-06-17,140.8300018310547,141.02000427246094,140.27999877929688,140.75999450683594,140.75999450683594,19700
2025-06-18,141.25,141.9600067138672,139.9600067138672,139.99000549316406,139.99000549316406,57600
2025-06-20,138.97999572753906,139.3800048828125,138.8300018310547,139.1699981689453,139.1699981689453,29800
2025-06-23,139.4600067138672,140.35000610351562,139.4600067138672,140.02999877929688,140.02999877929688,40200
2025-06-24,137.64999389648438,138.4499969482422,136.41000366210938,138.4499969482422,138.4499969482422,29300
2025-06-25,137.69000244140625,139.16000366210938,137.38999938964844,139.16000366210938,139.16000366210938,21000
2025-06-26,138.92999267578125,140.0800018310547,138.77000427246094,139.8000030517578,139.8000030517578,60200
2025-06-27,136.52999877929688,137.6999969482422,136.4199981689453,137.1300048828125,137.1300048828125,48200
2025-06-30,137.9600067138672,138.38999938964844,137.1199951171875,138.14999389648438,138.14999389648438,49800
2025-07-01,139.5800018310547,139.89999389648438,138.77999877929688,138.92999267578125,138.92999267578125,71600
2025-07-02,139.6699981689453,140.6699981689453,139.58999633789062,140.60000610351562,140.60000610351562,38400
2025-07-03,139.82000732421875,140.00999450683594,139.44000244140625,139.94000244140625,139.94000244140625,12700
2025-07-07,138.64999389648438,140.02000427246094,138.5,139.85000610351562,139.85000610351562,32800
2025-07-08,139.41000366210938,139.60000610351562,138.0,138.6699981689453,138.6699981689453,20000
2025-07-09,138.1999969482422,138.85000610351562,138.10000610351562,138.63999938964844,138.63999938964844,21800
2025-07-10,139.4499969482422,140.11000061035156,138.7100067138672,139.97999572753906,139.97999572753906,47400
2025-07-11,141.27000427246094,142.94000244140625,141.27000427246094,142.86000061035156,142.86000061035156,49700
2025-07-14,142.72999572753906,143.0800018310547,141.75999450683594,141.8699951171875,141.8699951171875,53000
2025-07-15,141.99000549316406,142.05999755859375,140.69000244140625,141.13999938964844,141.13999938964844,74800
2025-07-16,141.61000061035156,142.72999572753906,140.8699951171875,142.05999755859375,142.05999755859375,26900
2025-07-17,141.08999633789062,142.6199951171875,140.7100067138672,142.5399932861328,142.5399932861328,32800
2025-07-18,143.17999267578125,143.39999389648438,142.4499969482422,142.52999877929688,142.52999877929688,23200
2025-07-21,144.25999450683594,145.02000427246094,143.13999938964844,144.77000427246094,144.77000427246094,37800
2025-07-22,145.52000427246094,146.25999450683594,144.97999572753906,146.25999450683594,146.25999450683594,46600
2025-07-23,145.42999267578125,145.97000122070312,144.5,144.89999389648438,144.89999389648438,30000
2025-07-24,143.44000244140625,144.2899932861328,143.25,143.9499969482422,143.9499969482422,29400
2025-07-25,142.61000061035156,142.94000244140625,141.38999938964844,141.91000366210938,141.91000366210938,64400
2025-07-28,141.75,141.8699951171875,140.75,141.30999755859375,141.30999755859375,19600
2025-07-29,141.52000427246094,142.0,141.05999755859375,141.74000549316406,141.74000549316406,37400
2025-07-30,140.60000610351562,140.6999969482422,137.97999572753906,138.30999755859375,138.30999755859375,39900
2025-07-31,139.17999267578125,139.17999267578125,138.35000610351562,138.52000427246094,138.52000427246094,129900
2025-08-01,140.83999633789062,140.83999633789062,140.10000610351562,140.8000030517578,140.8000030517578,23500
2025-08-04,141.6999969482422,142.1699981689453,141.38999938964844,141.67999267578125,141.67999267578125,79300
2025-08-05,141.47000122070312,142.60000610351562,141.4199981689453,142.25999450683594,142.25999450683594,23700
2025-08-06,141.77000427246094,142.1300048828125,141.66000366210938,141.9199981689453,141.9199981689453,24900
2025-08-07,142.83999633789062,143.1999969482422,142.3300018310547,143.1999969482422,143.1999969482422,26900
2025-08-08,142.5800018310547,143.25,142.4199981689453,142.92999267578125,142.92999267578125,32100
2025-08-11,141.1999969482422,141.6300048828125,140.8000030517578,141.1999969482422,141.1999969482422,24600
2025-08-12,140.88999938964844,141.4199981689453,140.27000427246094,141.05999755859375,141.05999755859375,29800
2025-08-13,141.8800048828125,142.44000244140625,141.75,142.25999450683594,142.25999450683594,45800
2025-08-14,141.35000610351562,141.4199981689453,140.77999877929688,141.07000732421875,141.07000732421875,35400
2025-08-15,140.72000122070312,141.1699981689453,140.25,140.99000549316406,140.99000549316406,18700
2025-08-18,141.1699981689453,141.2100067138672,140.52000427246094,140.83999633789062,140.83999633789062,28900
2025-08-19,140.75999450683594,140.99000549316406,139.30999755859375,139.42999267578125,139.42999267578125,27900
2025-08-20,140.60000610351562,141.24000549316406,140.60000610351562,141.1199951171875,141.1199951171875,29500
2025-08-21,140.9199981689453,142.0500030517578,140.61000061035156,141.02999877929688,141.02999877929688,35000
2025-08-22,140.6199951171875,143.33999633789062,140.6199951171875,142.91000366210938,142.91000366210938,20300
2025-08-25,142.13999938964844,142.82000732421875,142.07000732421875,142.13999938964844,142.13999938964844,28100
2025-08-26,142.11000061035156,143.0,141.97000122070312,142.86000061035156,142.86000061035156,28100
2025-08-27,142.22999572753906,143.1300048828125,141.89999389648438,142.9499969482422,142.9499969482422,21700
2025-08-28,143.67999267578125,144.3800048828125,143.42999267578125,144.3800048828125,144.3800048828125,24700
2025-08-29,144.1699981689453,145.99000549316406,143.91000366210938,145.97000122070312,145.97000122070312,42100
2025-09-02,147.41000366210938,149.85000610351562,147.35000610351562,149.38999938964844,149.38999938964844,97800
2025-09-03,150.5500030517578,151.3699951171875,150.2100067138672,150.77000427246094,150.77000427246094,45500
2025-09-04,149.97000122070312,149.97000122070312,148.91000366210938,149.61000061035156,149.61000061035156,24000
2025-09-05,150.83999633789062,151.61000061035156,150.27999877929688,151.13999938964844,151.13999938964844,65700
2025-09-08,152.3699951171875,153.35000610351562,152.2899932861328,152.75999450683594,152.75999450683594,40800
2025-09-09,153.22000122070312,153.64999389648438,151.74000549316406,152.10000610351562,152.10000610351562,48200
2025-09-10,153.02999877929688,153.52000427246094,152.63999938964844,152.9499969482422,152.9499969482422,33600
2025-09-11,152.36000061035156,153.61000061035156,152.24000549316406,153.32000732421875,153.32000732421875,37200
2025-09-12,154.33999633789062,154.66000366210938,154.22000122070312,154.24000549316406,154.24000549316406,44000
2025-09-15,154.27999877929688,155.7899932861328,154.1300048828125,155.67999267578125,155.67999267578125,45400
2025-09-16,156.2100067138672,156.5,155.07000732421875,155.58999633789062,155.58999633789062,43600
2025-09-17,154.42999267578125,155.41000366210938,152.8300018310547,153.58999633789062,153.58999633789062,54800
2025-09-18,153.58999633789062,153.63999938964844,152.66000366210938,153.55999755859375,153.55999755859375,57400
2025-09-19,153.97999572753906,155.9600067138672,153.97999572753906,155.9600067138672,155.9600067138672,31800
2025-09-22,157.49000549316406,159.0399932861328,157.16000366210938,158.88999938964844,158.88999938964844,79700
2025-09-23,160.60000610351562,160.7899932861328,159.17999267578125,159.6999969482422,159.6999969482422,50200
2025-09-24,159.99000549316406,159.99000549316406,157.94000244140625,158.50999450683594,158.50999450683594,47500
2025-09-25,159.7899932861328,161.0399932861328,159.1300048828125,160.85000610351562,160.85000610351562,46100
2025-09-26,161.32000732421875,163.39999389648438,161.25,162.47999572753906,162.47999572753906,45000
2025-09-29,164.69000244140625,165.2899932861328,164.30999755859375,164.9499969482422,164.9499969482422,231800
2025-09-30,163.80999755859375,165.55999755859375,163.3699951171875,165.4499969482422,165.4499969482422,118600
2025-10-01,166.44000244140625,167.1300048828125,165.75999450683594,166.25999450683594,166.25999450683594,83000
2025-10-02,167.77000427246094,167.99000549316406,163.4499969482422,165.47999572753906,165.47999572753906,97500
2025-10-03,167.5399932861328,168.3000030517578,166.60000610351562,167.69000244140625,167.69000244140625,107300
2025-10-06,169.6999969482422,171.08999633789062,169.6999969482422,170.6999969482422,170.6999969482422,108200
2025-10-07,171.27999877929688,171.44000244140625,169.57000732421875,170.52999877929688,170.52999877929688,101500
2025-10-08,173.8300018310547,175.2100067138672,173.22999572753906,174.50999450683594,174.50999450683594,140200
2025-10-09,176.50999450683594,176.52000427246094,170.6699981689453,172.1999969482422,172.1999969482422,151900
2025-10-10,174.07000732421875,174.99000549316406,172.77000427246094,174.0500030517578,174.0500030517578,237500
2025-10-13,178.2899932861328,179.4600067138672,177.32000732421875,179.25,179.25,144700
2025-10-14,177.4199981689453,180.72999572753906,177.10000610351562,179.6300048828125,179.6300048828125,210200
2025-10-15,182.7899932861328,189.17999267578125,181.8699951171875,188.6699981689453,188.6699981689453,196000
2025-10-16,184.88999938964844,188.27999877929688,183.88999938964844,187.8000030517578,187.8000030517578,214100
2025-10-17,186.66000366210938,186.66000366210938,179.72999572753906,181.8699951171875,181.8699951171875,177900
2025-10-20,185.39999389648438,187.30999755859375,184.35000610351562,187.27000427246094,187.27000427246094,121800
2025-10-21,178.72999572753906,179.52000427246094,173.4499969482422,174.60000610351562,174.60000610351562,190500
2025-10-22,173.1199951171875,175.6999969482422,171.32000732421875,175.27999877929688,175.27999877929688,92500
2025-10-23,177.38999938964844,177.75,175.8300018310547,175.8699951171875,175.8699951171875,84100
2025-10-24,175.3699951171875,176.38999938964844,174.8300018310547,175.02000427246094,175.02000427246094,54500
2025-10-27,171.88999938964844,172.0,168.72000122070312,169.86000061035156,169.86000061035156,130100
2025-10-28,168.0,169.88999938964844,167.52000427246094,169.30999755859375,169.30999755859375,103700
2025-10-29,172.44000244140625,172.60000610351562,169.02000427246094,169.67999267578125,169.67999267578125,48600
2025-10-30,170.72000122070312,173.5500030517578,170.47000122070312,173.39999389648438,173.39999389648438,43400
2025-10-31,173.52999877929688,173.52999877929688,171.36000061035156,172.10000610351562,172.10000610351562,42300
2025-11-03,172.82000732421875,173.38999938964844,171.47000122070312,172.05999755859375,172.05999755859375,62200
2025-11-04,169.44000244140625,170.47000122070312,168.00999450683594,168.6300048828125,168.6300048828125,76700
2025-11-05,170.85000610351562,171.47000122070312,170.1300048828125,171.1300048828125,171.1300048828125,39300
2025-11-06,171.2100067138672,171.74000549316406,169.74000549316406,170.3000030517578,170.3000030517578,41300
2025-11-07,171.72999572753906,172.49000549316406,170.67999267578125,171.61000061035156,171.61000061035156,40900
2025-11-10,175.44000244140625,177.32000732421875,174.83999633789062,177.24000549316406,177.24000549316406,54400
2025-11-11,178.2100067138672,178.6300048828125,176.4199981689453,178.42999267578125,178.42999267578125,54600
2025-11-12,179.1199951171875,183.4499969482422,178.5399932861328,182.69000244140625,182.69000244140625,78700
2025-11-13,182.7899932861328,183.0500030517578,179.36000061035156,180.1999969482422,180.1999969482422,51700
2025-11-14,175.10000610351562,177.83999633789062,174.1300048828125,176.4600067138672,176.4600067138672,129800
2025-11-17,175.33999633789062,176.3800048828125,172.8000030517578,174.39999389648438,174.39999389648438,49100
2025-11-18,175.64999389648438,176.64999389648438,174.44000244140625,175.94000244140625,175.94000244140625,40700
2025-11-19,177.8300018310547,179.2100067138672,175.1999969482422,176.4600067138672,176.4600067138672,52900
2025-11-20,176.47000122070312,177.4600067138672,174.3800048828125,175.55999755859375,175.55999755859375,42200
2025-11-21,174.14999389648438,176.22999572753906,173.55999755859375,174.94000244140625,174.94000244140625,37600
2025-11-24,175.0800018310547,178.3800048828125,174.94000244140625,178.10000610351562,178.10000610351562,36100
2025-11-25,178.2100067138672,178.91000366210938,177.0,178.39999389648438,178.39999389648438,79200
2025-11-26,179.2899932861328,181.47999572753906,179.0,181.47999572753906,181.47999572753906,121800
2025-11-28,183.94000244140625,186.49000549316406,183.55999755859375,186.49000549316406,186.49000549316406,148600
2025-12-01,188.1300048828125,189.3800048828125,186.97999572753906,188.0800018310547,188.0800018310547,157100
2025-12-02,188.3699951171875,188.4499969482422,185.32000732421875,188.2899932861328,188.2899932861328,126800
2025-12-03,188.5,189.3300018310547,187.0,188.41000366210938,188.41000366210938,71400
2025-12-04,187.1699981689453,187.27000427246094,185.6699981689453,186.64999389648438,186.64999389648438,42500
2025-12-05,188.4199981689453,190.1999969482422,187.60000610351562,187.97000122070312,187.97000122070312,56100
2025-12-08,188.11000061035156,188.13999938964844,186.41000366210938,187.4600067138672,187.4600067138672,92500
2025-12-09,188.1999969482422,191.1199951171875,187.88999938964844,190.97999572753906,190.97999572753906,65900
2025-12-10,190.39999389648438,192.47999572753906,189.0,192.0399932861328,192.0399932861328,90000
2025-12-11,192.9499969482422,196.3800048828125,192.4199981689453,195.4199981689453,195.4199981689453,119700
2025-12-12,199.0,199.0,192.39999389648438,194.5500030517578,194.5500030517578,103700
2025-12-15,197.66000366210938,198.17999267578125,195.88999938964844,197.57000732421875,197.57000732421875,94200
2025-12-16,197.77999877929688,198.4499969482422,196.42999267578125,197.42999267578125,197.42999267578125,96000
2025-12-17,200.10000610351562,202.22999572753906,199.74000549316406,201.7899932861328,201.7899932861328,135000
2025-12-18,201.27999877929688,202.3800048828125,199.14999389648438,200.66000366210938,200.66000366210938,111500
2025-12-19,201.1699981689453,203.61000061035156,200.9499969482422,203.00999450683594,203.00999450683594,97700
2025-12-22,207.97000122070312,208.2899932861328,206.7100067138672,208.13999938964844,208.13999938964844,140700
2025-12-23,210.8000030517578,213.77999877929688,208.35000610351562,213.57000732421875,213.57000732421875,192100
2025-12-24,212.9499969482422,213.19000244140625,209.3699951171875,212.8000030517578,212.8000030517578,117300
2025-12-26,217.8300018310547,222.5399932861328,216.9600067138672,222.35000610351562,222.35000610351562,152300
2025-12-29,210.6999969482422,210.72000122070312,199.89999389648438,208.9600067138672,208.9600067138672,424600
2025-12-30,214.3300018310547,215.60000610351562,211.60000610351562,212.25,212.25,145800
