date,open,high,low,close,adj_close,volume
,GRMC,GRMC,GRMC,GRMC,GRMC,GRMC
2020-01-02,0.02174999937415123,0.02500000037252903,0.012799999676644802,0.023000000044703484,0.023000000044703484,826285
2020-01-03,0.019999999552965164,0.029999999329447746,0.01600000075995922,0.023000000044703484,0.023000000044703484,270490
2020-01-06,0.01850000023841858,0.02449999935925007,0.011500000022351742,0.017999999225139618,0.017999999225139618,390638
2020-01-07,0.014999999664723873,0.029999999329447746,0.014999999664723873,0.01850000023841858,0.01850000023841858,303024
2020-01-08,0.01906999945640564,0.027000000700354576,0.01899999938905239,0.020999999716877937,0.020999999716877937,319294
2020-01-09,0.020999999716877937,0.020999999716877937,0.017100000753998756,0.017100000753998756,0.017100000753998756,125369
2020-01-10,0.017100000753998756,0.017100000753998756,0.017100000753998756,0.017100000753998756,0.017100000753998756,0
2020-01-13,0.02370000071823597,0.027499999850988388,0.01656999997794628,0.01656999997794628,0.01656999997794628,562000
2020-01-14,0.016599999740719795,0.017000000923871994,0.010099999606609344,0.017000000923871994,0.017000000923871994,444415
2020-01-15,0.017000000923871994,0.017000000923871994,0.017000000923871994,0.017000000923871994,0.017000000923871994,0
2020-01-16,0.017000000923871994,0.017000000923871994,0.017000000923871994,0.017000000923871994,0.017000000923871994,0
2020-01-17,0.016200000420212746,0.016200000420212746,0.016200000420212746,0.016200000420212746,0.016200000420212746,10000
2020-01-21,0.016499999910593033,0.016499999910593033,0.016499999910593033,0.016499999910593033,0.016499999910593033,1995
2020-01-22,0.016499999910593033,0.016499999910593033,0.016499999910593033,0.016499999910593033,0.016499999910593033,0
2020-01-23,0.011699999682605267,0.016499999910593033,0.011699999682605267,0.016499999910593033,0.016499999910593033,48005
2020-01-24,0.012500000186264515,0.016699999570846558,0.012500000186264515,0.016699999570846558,0.016699999570846558,5350
2020-01-27,0.016699999570846558,0.016699999570846558,0.016699999570846558,0.016699999570846558,0.016699999570846558,1000
2020-01-28,0.016699999570846558,0.016699999570846558,0.016699999570846558,0.016699999570846558,0.016699999570846558,0
2020-01-29,0.011599999852478504,0.011599999852478504,0.011599999852478504,0.011599999852478504,0.011599999852478504,500
2020-01-30,0.01549999974668026,0.01549999974668026,0.01549999974668026,0.01549999974668026,0.01549999974668026,10100
2020-01-31,0.01549999974668026,0.01549999974668026,0.01549999974668026,0.01549999974668026,0.01549999974668026,0
2020-02-03,0.01549999974668026,0.01549999974668026,0.01549999974668026,0.01549999974668026,0.01549999974668026,0
2020-02-04,0.01549999974668026,0.01549999974668026,0.012000000104308128,0.012000000104308128,0.012000000104308128,25685
2020-02-05,0.012000000104308128,0.012000000104308128,0.012000000104308128,0.012000000104308128,0.012000000104308128,31114
2020-02-06,0.011699999682605267,0.015200000256299973,0.011699999682605267,0.011880000121891499,0.011880000121891499,77919
2020-02-07,0.012000000104308128,0.012000000104308128,0.011599999852478504,0.011599999852478504,0.011599999852478504,50000
2020-02-10,0.011599999852478504,0.011599999852478504,0.011599999852478504,0.011599999852478504,0.011599999852478504,0
2020-02-11,0.011599999852478504,0.011599999852478504,0.011599999852478504,0.011599999852478504,0.011599999852478504,0
2020-02-12,0.011300000362098217,0.011300000362098217,0.011300000362098217,0.011300000362098217,0.011300000362098217,6000
2020-02-13,0.011300000362098217,0.011300000362098217,0.011300000362098217,0.011300000362098217,0.011300000362098217,0
2020-02-14,0.011300000362098217,0.012000000104308128,0.011300000362098217,0.012000000104308128,0.012000000104308128,21000
2020-02-18,0.012000000104308128,0.012000000104308128,0.012000000104308128,0.012000000104308128,0.012000000104308128,0
2020-02-19,0.012000000104308128,0.012000000104308128,0.012000000104308128,0.012000000104308128,0.012000000104308128,0
2020-02-20,0.010999999940395355,0.012000000104308128,0.010999999940395355,0.012000000104308128,0.012000000104308128,48800
2020-02-21,0.012000000104308128,0.017999999225139618,0.009999999776482582,0.017999999225139618,0.017999999225139618,307000
2020-02-24,0.017999999225139618,0.019999999552965164,0.017999999225139618,0.019999999552965164,0.019999999552965164,8666
2020-02-25,0.020800000056624413,0.020999999716877937,0.009999999776482582,0.017999999225139618,0.017999999225139618,580250
2020-02-26,0.014999999664723873,0.019999999552965164,0.010300000198185444,0.019999999552965164,0.019999999552965164,488981
2020-02-27,0.01600000075995922,0.01679999940097332,0.01600000075995922,0.01679999940097332,0.01679999940097332,12000
2020-02-28,0.008559999987483025,0.008559999987483025,0.008500000461935997,0.008500000461935997,0.008500000461935997,69800
2020-03-02,0.01679999940097332,0.01679999940097332,0.008799999952316284,0.013980000279843807,0.013980000279843807,107800
2020-03-03,0.01549999974668026,0.01549999974668026,0.007499999832361937,0.008899999782443047,0.008899999782443047,229650
2020-03-04,0.008899999782443047,0.009600000455975533,0.007799999788403511,0.009600000455975533,0.009600000455975533,235000
2020-03-05,0.007000000216066837,0.009499999694526196,0.007000000216066837,0.009499999694526196,0.009499999694526196,12126
2020-03-06,0.009600000455975533,0.014499999582767487,0.009600000455975533,0.014299999922513962,0.014299999922513962,49136
2020-03-09,0.014299999922513962,0.014299999922513962,0.014299999922513962,0.014299999922513962,0.014299999922513962,0
2020-03-10,0.014499999582767487,0.014499999582767487,0.012249999679625034,0.012249999679625034,0.012249999679625034,6000
2020-03-11,0.014499999582767487,0.014499999582767487,0.014499999582767487,0.014499999582767487,0.014499999582767487,1225
2020-03-12,0.011099999770522118,0.011099999770522118,0.009999999776482582,0.009999999776482582,0.009999999776482582,625000
2020-03-13,0.00800000037997961,0.008100000210106373,0.005100000184029341,0.007000000216066837,0.007000000216066837,751000
2020-03-16,0.007000000216066837,0.007000000216066837,0.007000000216066837,0.007000000216066837,0.007000000216066837,0
2020-03-17,0.006500000134110451,0.006500000134110451,0.006500000134110451,0.006500000134110451,0.006500000134110451,26600
2020-03-18,0.007000000216066837,0.007000000216066837,0.007000000216066837,0.007000000216066837,0.007000000216066837,15800
2020-03-19,0.0071000000461936,0.0071000000461936,0.0071000000461936,0.0071000000461936,0.0071000000461936,13000
2020-03-20,0.007499999832361937,0.007499999832361937,0.007499999832361937,0.007499999832361937,0.007499999832361937,40000
2020-03-23,0.007499999832361937,0.007499999832361937,0.007499999832361937,0.007499999832361937,0.007499999832361937,0
2020-03-24,0.007899999618530273,0.007899999618530273,0.007899999618530273,0.007899999618530273,0.007899999618530273,65000
2020-03-25,0.007799999788403511,0.007799999788403511,0.007600000128149986,0.007600000128149986,0.007600000128149986,35000
2020-03-26,0.0071000000461936,0.0071000000461936,0.007000000216066837,0.007000000216066837,0.007000000216066837,39583
2020-03-27,0.007000000216066837,0.007000000216066837,0.007000000216066837,0.007000000216066837,0.007000000216066837,0
2020-03-30,0.007000000216066837,0.007000000216066837,0.007000000216066837,0.007000000216066837,0.007000000216066837,10233
2020-03-31,0.007000000216066837,0.007499999832361937,0.007000000216066837,0.007499999832361937,0.007499999832361937,10352
2020-04-01,0.0071000000461936,0.0071000000461936,0.0071000000461936,0.0071000000461936,0.0071000000461936,352
2020-04-02,0.0072200000286102295,0.0072200000286102295,0.0072200000286102295,0.0072200000286102295,0.0072200000286102295,2200
2020-04-03,0.0071000000461936,0.0071000000461936,0.0071000000461936,0.0071000000461936,0.0071000000461936,20000
2020-04-06,0.0072200000286102295,0.0072200000286102295,0.0071000000461936,0.0071000000461936,0.0071000000461936,5137
2020-04-07,0.0071000000461936,0.0071000000461936,0.0071000000461936,0.0071000000461936,0.0071000000461936,23000
2020-04-08,0.007000000216066837,0.007000000216066837,0.007000000216066837,0.007000000216066837,0.007000000216066837,149894
2020-04-09,0.007449999917298555,0.00800000037997961,0.007449999917298555,0.00800000037997961,0.00800000037997961,30000
2020-04-13,0.00800000037997961,0.00800000037997961,0.00800000037997961,0.00800000037997961,0.00800000037997961,10000
2020-04-14,0.00800000037997961,0.00800000037997961,0.00800000037997961,0.00800000037997961,0.00800000037997961,0
2020-04-15,0.008999999612569809,0.009399999864399433,0.008999999612569809,0.009399999864399433,0.009399999864399433,1600
2020-04-16,0.008999999612569809,0.008999999612569809,0.008999999612569809,0.008999999612569809,0.008999999612569809,41993
2020-04-17,0.009800000116229057,0.009999999776482582,0.008999999612569809,0.009999999776482582,0.009999999776482582,110000
2020-04-20,0.009999999776482582,0.009999999776482582,0.00800000037997961,0.00800000037997961,0.00800000037997961,53900
2020-04-21,0.00800000037997961,0.00800000037997961,0.00800000037997961,0.00800000037997961,0.00800000037997961,0
2020-04-22,0.00800000037997961,0.00800000037997961,0.00800000037997961,0.00800000037997961,0.00800000037997961,0
2020-04-23,0.00800000037997961,0.00800000037997961,0.00800000037997961,0.00800000037997961,0.00800000037997961,0
2020-04-24,0.00800000037997961,0.00800000037997961,0.007000000216066837,0.007000000216066837,0.007000000216066837,117000
2020-04-27,0.007000000216066837,0.007000000216066837,0.007000000216066837,0.007000000216066837,0.007000000216066837,0
2020-04-28,0.007000000216066837,0.007000000216066837,0.007000000216066837,0.007000000216066837,0.007000000216066837,19945
2020-04-29,0.008829999715089798,0.008829999715089798,0.008050000295042992,0.008050000295042992,0.008050000295042992,3600
2020-04-30,0.007199999876320362,0.007199999876320362,0.007199999876320362,0.007199999876320362,0.007199999876320362,9980
2020-05-01,0.006099999882280827,0.00989999994635582,0.006099999882280827,0.00989999994635582,0.00989999994635582,15200
2020-05-04,0.00989999994635582,0.00989999994635582,0.00989999994635582,0.00989999994635582,0.00989999994635582,0
2020-05-05,0.00989999994635582,0.00989999994635582,0.00989999994635582,0.00989999994635582,0.00989999994635582,0
2020-05-06,0.006099999882280827,0.006099999882280827,0.006099999882280827,0.006099999882280827,0.006099999882280827,1429
2020-05-07,0.011500000022351742,0.011500000022351742,0.011500000022351742,0.011500000022351742,0.011500000022351742,9000
2020-05-08,0.012900000438094139,0.02800000086426735,0.011900000274181366,0.01425000000745058,0.01425000000745058,1246312
2020-05-11,0.014999999664723873,0.020999999716877937,0.014999999664723873,0.019300000742077827,0.019300000742077827,438750
2020-05-12,0.021299999207258224,0.03500000014901161,0.01665000058710575,0.027899999171495438,0.027899999171495438,1060339
2020-05-13,0.02250000089406967,0.02250000089406967,0.02250000089406967,0.02250000089406967,0.02250000089406967,5000
2020-05-14,0.019999999552965164,0.019999999552965164,0.01600000075995922,0.01600000075995922,0.01600000075995922,63000
2020-05-15,0.014999999664723873,0.019999999552965164,0.014999999664723873,0.019999999552965164,0.019999999552965164,29200
2020-05-18,0.019999999552965164,0.019999999552965164,0.019999999552965164,0.019999999552965164,0.019999999552965164,0
2020-05-19,0.019999999552965164,0.019999999552965164,0.019999999552965164,0.019999999552965164,0.019999999552965164,25000
2020-05-20,0.019999999552965164,0.019999999552965164,0.019999999552965164,0.019999999552965164,0.019999999552965164,0
2020-05-21,0.019999999552965164,0.019999999552965164,0.019999999552965164,0.019999999552965164,0.019999999552965164,10000
2020-05-22,0.019999999552965164,0.019999999552965164,0.013000000268220901,0.01889999955892563,0.01889999955892563,90500
2020-05-26,0.019999999552965164,0.019999999552965164,0.019999999552965164,0.019999999552965164,0.019999999552965164,6700
2020-05-27,0.019999999552965164,0.019999999552965164,0.015549999661743641,0.015549999661743641,0.015549999661743641,29875
2020-05-28,0.015549999661743641,0.015549999661743641,0.015549999661743641,0.015549999661743641,0.015549999661743641,0
2020-05-29,0.01209999993443489,0.01209999993443489,0.009999999776482582,0.009999999776482582,0.009999999776482582,275783
2020-06-01,0.009999999776482582,0.009999999776482582,0.009999999776482582,0.009999999776482582,0.009999999776482582,0
2020-06-02,0.012000000104308128,0.012000000104308128,0.012000000104308128,0.012000000104308128,0.012000000104308128,30000
2020-06-03,0.012000000104308128,0.014999999664723873,0.012000000104308128,0.014999999664723873,0.014999999664723873,12223
2020-06-04,0.014999999664723873,0.014999999664723873,0.014999999664723873,0.014999999664723873,0.014999999664723873,0
2020-06-05,0.012000000104308128,0.012000000104308128,0.012000000104308128,0.012000000104308128,0.012000000104308128,55201
2020-06-08,0.017899999395012856,0.017899999395012856,0.011500000022351742,0.011500000022351742,0.011500000022351742,10870
2020-06-09,0.011500000022351742,0.011500000022351742,0.011500000022351742,0.011500000022351742,0.011500000022351742,0
2020-06-10,0.011500000022351742,0.011500000022351742,0.011500000022351742,0.011500000022351742,0.011500000022351742,0
2020-06-11,0.013500000350177288,0.013790000230073929,0.013500000350177288,0.013500000350177288,0.013500000350177288,35020
2020-06-12,0.012000000104308128,0.012000000104308128,0.009100000374019146,0.009100000374019146,0.009100000374019146,644945
2020-06-15,0.009100000374019146,0.009100000374019146,0.009100000374019146,0.009100000374019146,0.009100000374019146,0
2020-06-16,0.009100000374019146,0.009100000374019146,0.009100000374019146,0.009100000374019146,0.009100000374019146,0
2020-06-17,0.009100000374019146,0.009100000374019146,0.009100000374019146,0.009100000374019146,0.009100000374019146,0
2020-06-18,0.009100000374019146,0.009100000374019146,0.009100000374019146,0.009100000374019146,0.009100000374019146,0
2020-06-19,0.009100000374019146,0.009100000374019146,0.009100000374019146,0.009100000374019146,0.009100000374019146,0
2020-06-22,0.009100000374019146,0.009100000374019146,0.009100000374019146,0.009100000374019146,0.009100000374019146,0
2020-06-23,0.009100000374019146,0.009100000374019146,0.009100000374019146,0.009100000374019146,0.009100000374019146,0
2020-06-24,0.009100000374019146,0.009100000374019146,0.009100000374019146,0.009100000374019146,0.009100000374019146,0
2020-06-25,0.010099999606609344,0.010099999606609344,0.010099999606609344,0.010099999606609344,0.010099999606609344,2000
2020-06-26,0.010099999606609344,0.010099999606609344,0.010099999606609344,0.010099999606609344,0.010099999606609344,2300
2020-06-29,0.010099999606609344,0.010099999606609344,0.010099999606609344,0.010099999606609344,0.010099999606609344,38000
2020-06-30,0.009999999776482582,0.009999999776482582,0.009999999776482582,0.009999999776482582,0.009999999776482582,26000
2020-07-01,0.009999999776482582,0.014999999664723873,0.009999999776482582,0.014999999664723873,0.014999999664723873,110000
2020-07-02,0.014999999664723873,0.014999999664723873,0.012500000186264515,0.012500000186264515,0.012500000186264515,138350
2020-07-06,0.0142000000923872,0.014499999582767487,0.013899999670684338,0.013899999670684338,0.013899999670684338,18000
2020-07-07,0.014700000174343586,0.014800000004470348,0.013749999925494194,0.014800000004470348,0.014800000004470348,27750
2020-07-08,0.014999999664723873,0.014999999664723873,0.0142000000923872,0.014800000004470348,0.014800000004470348,25534
2020-07-09,0.014000000432133675,0.014000000432133675,0.009999999776482582,0.010700000450015068,0.010700000450015068,323752
2020-07-10,0.010999999940395355,0.010999999940395355,0.010999999940395355,0.010999999940395355,0.010999999940395355,2013
2020-07-13,0.009999999776482582,0.010999999940395355,0.009999999776482582,0.010999999940395355,0.010999999940395355,103000
2020-07-14,0.013249999843537807,0.014999999664723873,0.012500000186264515,0.014999999664723873,0.014999999664723873,53300
2020-07-15,0.014999999664723873,0.015930000692605972,0.012500000186264515,0.014999999664723873,0.014999999664723873,60785
2020-07-16,0.014999999664723873,0.014999999664723873,0.014999999664723873,0.014999999664723873,0.014999999664723873,0
2020-07-17,0.012000000104308128,0.012000000104308128,0.010999999940395355,0.010999999940395355,0.010999999940395355,12300
2020-07-20,0.012000000104308128,0.012000000104308128,0.01128000020980835,0.012000000104308128,0.012000000104308128,158542
2020-07-21,0.012000000104308128,0.014000000432133675,0.009999999776482582,0.014000000432133675,0.014000000432133675,616755
2020-07-22,0.013779999688267708,0.01600000075995922,0.013779999688267708,0.01600000075995922,0.01600000075995922,106000
2020-07-23,0.01549999974668026,0.016850000247359276,0.014000000432133675,0.014999999664723873,0.014999999664723873,440172
2020-07-24,0.014159999787807465,0.014999999664723873,0.014159999787807465,0.014159999787807465,0.014159999787807465,112000
2020-07-27,0.014999999664723873,0.019500000402331352,0.012000000104308128,0.017500000074505806,0.017500000074505806,290166
2020-07-28,0.019999999552965164,0.024000000208616257,0.017000000923871994,0.024000000208616257,0.024000000208616257,302872
2020-07-29,0.02199999988079071,0.04479999840259552,0.02019999921321869,0.03999999910593033,0.03999999910593033,3433349
2020-07-30,0.041999999433755875,0.041999999433755875,0.025200000032782555,0.03272999823093414,0.03272999823093414,475693
2020-07-31,0.0348999984562397,0.03500000014901161,0.025499999523162842,0.025499999523162842,0.025499999523162842,250100
2020-08-03,0.027499999850988388,0.029999999329447746,0.02500000037252903,0.02500000037252903,0.02500000037252903,211500
2020-08-04,0.02800000086426735,0.02800000086426735,0.02500000037252903,0.027899999171495438,0.027899999171495438,272402
2020-08-05,0.026890000328421593,0.02800000086426735,0.025750000029802322,0.025750000029802322,0.025750000029802322,161200
2020-08-06,0.02539999969303608,0.03480000048875809,0.02539999969303608,0.03125,0.03125,173885
2020-08-07,0.029999999329447746,0.030899999663233757,0.029999999329447746,0.03060000017285347,0.03060000017285347,92500
2020-08-10,0.029999999329447746,0.039000000804662704,0.029999999329447746,0.039000000804662704,0.039000000804662704,186771
2020-08-11,0.03449999913573265,0.03999999910593033,0.03449999913573265,0.03500000014901161,0.03500000014901161,27434
2020-08-12,0.03500000014901161,0.03500000014901161,0.0348999984562397,0.0348999984562397,0.0348999984562397,28000
2020-08-13,0.039500001817941666,0.04399999976158142,0.039500001817941666,0.040550000965595245,0.040550000965595245,290158
2020-08-14,0.0430000014603138,0.04500000178813934,0.042399998754262924,0.0430000014603138,0.0430000014603138,154966
2020-08-17,0.0430000014603138,0.04749999940395355,0.0430000014603138,0.04699999839067459,0.04699999839067459,342096
2020-08-18,0.04699999839067459,0.04699999839067459,0.0430000014603138,0.0430000014603138,0.0430000014603138,142551
2020-08-19,0.0430000014603138,0.04639999940991402,0.0430000014603138,0.04399999976158142,0.04399999976158142,80650
2020-08-20,0.04464999958872795,0.04600000008940697,0.044349998235702515,0.04500000178813934,0.04500000178813934,220833
2020-08-21,0.04349999874830246,0.04349999874830246,0.03400000184774399,0.0430000014603138,0.0430000014603138,172200
2020-08-24,0.03400000184774399,0.0430000014603138,0.03400000184774399,0.040550000965595245,0.040550000965595245,31000
2020-08-25,0.0430000014603138,0.04500000178813934,0.029999999329447746,0.029999999329447746,0.029999999329447746,160210
2020-08-26,0.02500000037252903,0.04280000180006027,0.019999999552965164,0.03999999910593033,0.03999999910593033,192284
2020-08-27,0.03999999910593033,0.04399999976158142,0.03545000031590462,0.037950001657009125,0.037950001657009125,253195
2020-08-28,0.0430000014603138,0.0430000014603138,0.04106000065803528,0.041099999099969864,0.041099999099969864,257205
2020-08-31,0.0430000014603138,0.045499999076128006,0.03009999915957451,0.034619998186826706,0.034619998186826706,121867
2020-09-01,0.03009999915957451,0.04230000078678131,0.029750000685453415,0.04100000113248825,0.04100000113248825,89617
2020-09-02,0.04100000113248825,0.04100000113248825,0.03999999910593033,0.03999999910593033,0.03999999910593033,21191
2020-09-03,0.041200000792741776,0.041200000792741776,0.03401000052690506,0.03401000052690506,0.03401000052690506,2463
2020-09-04,0.03401000052690506,0.03401000052690506,0.03401000052690506,0.03401000052690506,0.03401000052690506,0
2020-09-08,0.03401000052690506,0.03401000052690506,0.03401000052690506,0.03401000052690506,0.03401000052690506,0
2020-09-09,0.03500000014901161,0.03500000014901161,0.03500000014901161,0.03500000014901161,0.03500000014901161,4502
2020-09-10,0.026399999856948853,0.03750000149011612,0.026399999856948853,0.03750000149011612,0.03750000149011612,6780
2020-09-11,0.03500000014901161,0.03500000014901161,0.03099999949336052,0.03500000014901161,0.03500000014901161,9012
2020-09-14,0.03500000014901161,0.03500000014901161,0.027000000700354576,0.03500000014901161,0.03500000014901161,11350
2020-09-15,0.03500000014901161,0.03999999910593033,0.03500000014901161,0.03999999910593033,0.03999999910593033,119277
2020-09-16,0.03799999877810478,0.0406000018119812,0.03799999877810478,0.03999999910593033,0.03999999910593033,154304
2020-09-17,0.03999999910593033,0.03999999910593033,0.037129998207092285,0.03999999910593033,0.03999999910593033,2600
2020-09-18,0.03999999910593033,0.04280000180006027,0.039250001311302185,0.03999999910593033,0.03999999910593033,127600
2020-09-21,0.02850000001490116,0.03750000149011612,0.02850000001490116,0.03750000149011612,0.03750000149011612,5000
2020-09-22,0.03750000149011612,0.03750000149011612,0.03435000032186508,0.034529998898506165,0.034529998898506165,48174
2020-09-23,0.03750000149011612,0.03750000149011612,0.028999999165534973,0.028999999165534973,0.028999999165534973,52500
2020-09-24,0.035999998450279236,0.035999998450279236,0.03500000014901161,0.03500000014901161,0.03500000014901161,18000
2020-09-25,0.03500000014901161,0.03500000014901161,0.03400000184774399,0.03500000014901161,0.03500000014901161,32988
2020-09-28,0.03175000101327896,0.03500000014901161,0.02630000002682209,0.034299999475479126,0.034299999475479126,87798
2020-09-29,0.03200000151991844,0.03200000151991844,0.029999999329447746,0.029999999329447746,0.029999999329447746,108226
2020-09-30,0.03400000184774399,0.03449999913573265,0.03400000184774399,0.03449999913573265,0.03449999913573265,9522
2020-10-01,0.03500000014901161,0.03500000014901161,0.029999999329447746,0.029999999329447746,0.029999999329447746,54100
2020-10-02,0.034949999302625656,0.03500000014901161,0.034949999302625656,0.03500000014901161,0.03500000014901161,12500
2020-10-05,0.032030001282691956,0.03500000014901161,0.030750000849366188,0.03500000014901161,0.03500000014901161,80885
2020-10-06,0.03500000014901161,0.03500000014901161,0.03099999949336052,0.03099999949336052,0.03099999949336052,32200
2020-10-07,0.03497999906539917,0.03500000014901161,0.03338000178337097,0.03338000178337097,0.03338000178337097,13000
2020-10-08,0.03338000178337097,0.03338000178337097,0.03338000178337097,0.03338000178337097,0.03338000178337097,0
2020-10-09,0.03500000014901161,0.04500000178813934,0.03359999880194664,0.03500000014901161,0.03500000014901161,273615
2020-10-12,0.03500000014901161,0.03500000014901161,0.03500000014901161,0.03500000014901161,0.03500000014901161,125
2020-10-13,0.039500001817941666,0.03999999910593033,0.03500000014901161,0.03999999910593033,0.03999999910593033,37999
2020-10-14,0.039500001817941666,0.042249999940395355,0.029999999329447746,0.029999999329447746,0.029999999329447746,154650
2020-10-15,0.03799999877810478,0.039000000804662704,0.03799999877810478,0.039000000804662704,0.039000000804662704,14000
2020-10-16,0.039000000804662704,0.039000000804662704,0.03889999911189079,0.03889999911189079,0.03889999911189079,14679
2020-10-19,0.03999999910593033,0.03999999910593033,0.03520999848842621,0.03520999848842621,0.03520999848842621,56821
2020-10-20,0.03750000149011612,0.039250001311302185,0.03750000149011612,0.03750000149011612,0.03750000149011612,163500
2020-10-21,0.04450000077486038,0.04450000077486038,0.03750000149011612,0.03750000149011612,0.03750000149011612,82500
2020-10-22,0.033580001443624496,0.033580001443624496,0.033580001443624496,0.033580001443624496,0.033580001443624496,105
2020-10-23,0.03750000149011612,0.03750000149011612,0.03750000149011612,0.03750000149011612,0.03750000149011612,19333
2020-10-26,0.03750000149011612,0.03999999910593033,0.036249998956918716,0.0364999994635582,0.0364999994635582,215000
2020-10-27,0.0364999994635582,0.0364999994635582,0.0364999994635582,0.0364999994635582,0.0364999994635582,0
2020-10-28,0.0364999994635582,0.0364999994635582,0.0364999994635582,0.0364999994635582,0.0364999994635582,0
2020-10-29,0.03750000149011612,0.03750000149011612,0.029999999329447746,0.03750000149011612,0.03750000149011612,51133
2020-10-30,0.03750000149011612,0.03750000149011612,0.03750000149011612,0.03750000149011612,0.03750000149011612,15666
2020-11-02,0.029999999329447746,0.03750000149011612,0.02630000002682209,0.03500000014901161,0.03500000014901161,65450
2020-11-03,0.03750000149011612,0.04600000008940697,0.03750000149011612,0.03999999910593033,0.03999999910593033,260231
2020-11-04,0.03999999910593033,0.03999999910593033,0.0364999994635582,0.0364999994635582,0.0364999994635582,6375
2020-11-05,0.03999999910593033,0.04400999844074249,0.039900001138448715,0.03999999910593033,0.03999999910593033,103000
2020-11-06,0.036400001496076584,0.039000000804662704,0.036400001496076584,0.039000000804662704,0.039000000804662704,5000
2020-11-09,0.03880000114440918,0.039000000804662704,0.03880000114440918,0.039000000804662704,0.039000000804662704,20000
2020-11-10,0.03269999846816063,0.039000000804662704,0.03269999846816063,0.039000000804662704,0.039000000804662704,10512
2020-11-11,0.032999999821186066,0.03889999911189079,0.032999999821186066,0.03889999911189079,0.03889999911189079,20000
2020-11-12,0.039000000804662704,0.03999999910593033,0.03500000014901161,0.03500000014901161,0.03500000014901161,210500
2020-11-13,0.028999999165534973,0.03500000014901161,0.028999999165534973,0.03480000048875809,0.03480000048875809,84233
2020-11-16,0.03500000014901161,0.03500000014901161,0.029200000688433647,0.029200000688433647,0.029200000688433647,21126
2020-11-17,0.03500000014901161,0.0370200015604496,0.03500000014901161,0.03669999912381172,0.03669999912381172,200976
2020-11-18,0.03759999945759773,0.03759999945759773,0.03759999945759773,0.03759999945759773,0.03759999945759773,3000
2020-11-19,0.039000000804662704,0.039000000804662704,0.039000000804662704,0.039000000804662704,0.039000000804662704,7002
2020-11-20,0.039000000804662704,0.039000000804662704,0.039000000804662704,0.039000000804662704,0.039000000804662704,10000
2020-11-23,0.027499999850988388,0.032749999314546585,0.022199999541044235,0.032749999314546585,0.032749999314546585,33699
2020-11-24,0.03200000151991844,0.03339000046253204,0.03200000151991844,0.03339000046253204,0.03339000046253204,32850
2020-11-25,0.03200000151991844,0.03655000030994415,0.03200000151991844,0.03655000030994415,0.03655000030994415,3800
2020-11-27,0.03655000030994415,0.03655000030994415,0.03655000030994415,0.03655000030994415,0.03655000030994415,0
2020-11-30,0.039000000804662704,0.039000000804662704,0.039000000804662704,0.039000000804662704,0.039000000804662704,2564
2020-12-01,0.027300000190734863,0.03799999877810478,0.027300000190734863,0.03500000014901161,0.03500000014901161,63000
2020-12-02,0.03150000050663948,0.03150000050663948,0.03150000050663948,0.03150000050663948,0.03150000050663948,10009
2020-12-03,0.027000000700354576,0.027000000700354576,0.027000000700354576,0.027000000700354576,0.027000000700354576,10000
2020-12-04,0.03500000014901161,0.03500000014901161,0.028999999165534973,0.028999999165534973,0.028999999165534973,7050
2020-12-07,0.029999999329447746,0.03500000014901161,0.028999999165534973,0.029500000178813934,0.029500000178813934,69998
2020-12-08,0.03500000014901161,0.03500000014901161,0.03500000014901161,0.03500000014901161,0.03500000014901161,21500
2020-12-09,0.03500000014901161,0.03500000014901161,0.03500000014901161,0.03500000014901161,0.03500000014901161,0
2020-12-10,0.032999999821186066,0.032999999821186066,0.032499998807907104,0.032499998807907104,0.032499998807907104,45000
2020-12-11,0.03200000151991844,0.032499998807907104,0.03200000151991844,0.03200000151991844,0.03200000151991844,53594
2020-12-14,0.03200000151991844,0.032499998807907104,0.029999999329447746,0.029999999329447746,0.029999999329447746,23000
2020-12-15,0.029999999329447746,0.032280001789331436,0.028999999165534973,0.029999999329447746,0.029999999329447746,182780
2020-12-16,0.029999999329447746,0.029999999329447746,0.029999999329447746,0.029999999329447746,0.029999999329447746,12000
2020-12-17,0.029999999329447746,0.029999999329447746,0.029999999329447746,0.029999999329447746,0.029999999329447746,13001
2020-12-18,0.029999999329447746,0.03183000162243843,0.029600000008940697,0.029999999329447746,0.029999999329447746,173900
2020-12-21,0.029999999329447746,0.029999999329447746,0.0239499993622303,0.02500000037252903,0.02500000037252903,202314
2020-12-22,0.02199999988079071,0.02850000001490116,0.02199999988079071,0.026680000126361847,0.026680000126361847,84600
2020-12-23,0.026680000126361847,0.026680000126361847,0.026680000126361847,0.026680000126361847,0.026680000126361847,0
2020-12-24,0.032999999821186066,0.032999999821186066,0.02850000001490116,0.02850000001490116,0.02850000001490116,31600
2020-12-28,0.029999999329447746,0.029999999329447746,0.026900000870227814,0.027620000764727592,0.027620000764727592,53200
2020-12-29,0.0269399993121624,0.029999999329447746,0.0269399993121624,0.027990000322461128,0.027990000322461128,19185
2020-12-30,0.027990000322461128,0.029999999329447746,0.027990000322461128,0.029999999329447746,0.029999999329447746,43500
2020-12-31,0.02800000086426735,0.02800000086426735,0.02800000086426735,0.02800000086426735,0.02800000086426735,71180
2021-01-04,0.026499999687075615,0.026499999687075615,0.02199999988079071,0.02525000087916851,0.02525000087916851,50185
2021-01-05,0.027000000700354576,0.027000000700354576,0.02500000037252903,0.02500000037252903,0.02500000037252903,26000
2021-01-06,0.02500000037252903,0.026000000536441803,0.022099999710917473,0.023770000785589218,0.023770000785589218,49406
2021-01-07,0.02199999988079071,0.02199999988079071,0.02199999988079071,0.02199999988079071,0.02199999988079071,1590
2021-01-08,0.024900000542402267,0.024900000542402267,0.024900000542402267,0.024900000542402267,0.024900000542402267,10000
2021-01-11,0.02500000037252903,0.02500000037252903,0.02500000037252903,0.02500000037252903,0.02500000037252903,19900
2021-01-12,0.02500000037252903,0.02500000037252903,0.02500000037252903,0.02500000037252903,0.02500000037252903,0
2021-01-13,0.02500000037252903,0.02500000037252903,0.02500000037252903,0.02500000037252903,0.02500000037252903,0
2021-01-14,0.024299999698996544,0.024299999698996544,0.02199999988079071,0.02199999988079071,0.02199999988079071,108600
2021-01-15,0.02199999988079071,0.02199999988079071,0.02199999988079071,0.02199999988079071,0.02199999988079071,3703
2021-01-19,0.02199999988079071,0.02199999988079071,0.02199999988079071,0.02199999988079071,0.02199999988079071,0
2021-01-20,0.02384999953210354,0.033900000154972076,0.02319999970495701,0.02500000037252903,0.02500000037252903,266057
2021-01-21,0.02500000037252903,0.02500000037252903,0.02500000037252903,0.02500000037252903,0.02500000037252903,25000
2021-01-22,0.02500000037252903,0.02500000037252903,0.023499999195337296,0.023499999195337296,0.023499999195337296,20000
2021-01-25,0.033799998462200165,0.033799998462200165,0.02199999988079071,0.02199999988079071,0.02199999988079071,14050
2021-01-26,0.02800000086426735,0.03350000083446503,0.02800000086426735,0.02800000086426735,0.02800000086426735,66000
2021-01-27,0.02800000086426735,0.02800000086426735,0.02800000086426735,0.02800000086426735,0.02800000086426735,14000
2021-01-28,0.025299999862909317,0.02800000086426735,0.02199999988079071,0.02199999988079071,0.02199999988079071,17100
2021-01-29,0.029999999329447746,0.029999999329447746,0.029999999329447746,0.029999999329447746,0.029999999329447746,35000
2021-02-01,0.02630000002682209,0.045899998396635056,0.024150000885128975,0.03750000149011612,0.03750000149011612,1200415
2021-02-02,0.036979999393224716,0.03999999910593033,0.02810000069439411,0.029999999329447746,0.029999999329447746,318662
2021-02-03,0.029999999329447746,0.03799999877810478,0.027000000700354576,0.029500000178813934,0.029500000178813934,124716
2021-02-04,0.03350000083446503,0.03590000048279762,0.029999999329447746,0.029999999329447746,0.029999999329447746,55052
2021-02-05,0.0364999994635582,0.0364999994635582,0.02449999935925007,0.028599999845027924,0.028599999845027924,1295375
2021-02-08,0.029999999329447746,0.039000000804662704,0.029999999329447746,0.03020000085234642,0.03020000085234642,379679
2021-02-09,0.03500000014901161,0.045499999076128006,0.0348999984562397,0.03999999910593033,0.03999999910593033,1434046
2021-02-10,0.04312000051140785,0.09700000286102295,0.03999999910593033,0.06970000267028809,0.06970000267028809,1255458
2021-02-11,0.05999999865889549,0.07000000029802322,0.054999999701976776,0.05649999901652336,0.05649999901652336,650958
2021-02-12,0.060499999672174454,0.060499999672174454,0.04500000178813934,0.053449999541044235,0.053449999541044235,315995
2021-02-16,0.0689999982714653,0.07000000029802322,0.054999999701976776,0.054999999701976776,0.054999999701976776,689733
2021-02-17,0.05009999871253967,0.05900000035762787,0.0430000014603138,0.04800000041723251,0.04800000041723251,452305
2021-02-18,0.04149999842047691,0.05700000002980232,0.04149999842047691,0.054999999701976776,0.054999999701976776,244027
2021-02-19,0.054999999701976776,0.05900000035762787,0.04699999839067459,0.052000001072883606,0.052000001072883606,372956
2021-02-22,0.052000001072883606,0.057999998331069946,0.042100001126527786,0.047529999166727066,0.047529999166727066,247390
2021-02-23,0.045180000364780426,0.05649999901652336,0.035999998450279236,0.037700001150369644,0.037700001150369644,433354
2021-02-24,0.04042999818921089,0.05460000038146973,0.037700001150369644,0.054499998688697815,0.054499998688697815,135022
2021-02-25,0.04010000079870224,0.05350000038743019,0.04010000079870224,0.05000000074505806,0.05000000074505806,110400
2021-02-26,0.04416000097990036,0.04416000097990036,0.04019999876618385,0.04149999842047691,0.04149999842047691,10256
2021-03-01,0.04899999871850014,0.04899999871850014,0.04600000008940697,0.04600000008940697,0.04600000008940697,95479
2021-03-02,0.048700001090765,0.05700000002980232,0.048700001090765,0.05000000074505806,0.05000000074505806,177073
2021-03-03,0.04899999871850014,0.05550000071525574,0.04149999842047691,0.050599999725818634,0.050599999725818634,307217
2021-03-04,0.04520000144839287,0.057500001043081284,0.041600000113248825,0.044599998742341995,0.044599998742341995,75250
2021-03-05,0.043219998478889465,0.043219998478889465,0.03889999911189079,0.04149999842047691,0.04149999842047691,76621
2021-03-08,0.046300001442432404,0.047600001096725464,0.046300001442432404,0.046549998223781586,0.046549998223781586,72250
2021-03-09,0.04960000142455101,0.04960000142455101,0.04010000079870224,0.048900000751018524,0.048900000751018524,191485
2021-03-10,0.04259999841451645,0.04600000008940697,0.04259999841451645,0.04600000008940697,0.04600000008940697,19999
2021-03-11,0.04600000008940697,0.08500000089406967,0.03999999910593033,0.04809999838471413,0.04809999838471413,3533311
2021-03-12,0.05000000074505806,0.05000000074505806,0.03799999877810478,0.04500000178813934,0.04500000178813934,465696
2021-03-15,0.039000000804662704,0.04500000178813934,0.032600000500679016,0.041999999433755875,0.041999999433755875,1169380
2021-03-16,0.050450000911951065,0.050450000911951065,0.04002999886870384,0.04002999886870384,0.04002999886870384,45121
2021-03-17,0.03099999949336052,0.05000000074505806,0.03099999949336052,0.05000000074505806,0.05000000074505806,199920
2021-03-18,0.04675000160932541,0.05249999836087227,0.04500000178813934,0.04500000178813934,0.04500000178813934,137126
2021-03-19,0.04500000178813934,0.05000000074505806,0.03999999910593033,0.04500000178813934,0.04500000178813934,49600
2021-03-22,0.05225000157952309,0.05225000157952309,0.04414999857544899,0.04605000093579292,0.04605000093579292,8781
2021-03-23,0.05000000074505806,0.054499998688697815,0.04500000178813934,0.050999999046325684,0.050999999046325684,100508
2021-03-24,0.052000001072883606,0.054999999701976776,0.04600000008940697,0.052000001072883606,0.052000001072883606,253302
2021-03-25,0.05400000140070915,0.054999999701976776,0.04749999940395355,0.04978000000119209,0.04978000000119209,363675
2021-03-26,0.05000000074505806,0.05000000074505806,0.04749999940395355,0.04837999865412712,0.04837999865412712,26000
2021-03-29,0.04839999973773956,0.04839999973773956,0.04839999973773956,0.04839999973773956,0.04839999973773956,22200
2021-03-30,0.04749999940395355,0.05019000172615051,0.04749999940395355,0.04749999940395355,0.04749999940395355,114000
2021-03-31,0.05019000172615051,0.05019000172615051,0.04874999821186066,0.05000000074505806,0.05000000074505806,39263
2021-04-01,0.049300000071525574,0.049300000071525574,0.049300000071525574,0.049300000071525574,0.049300000071525574,21650
2021-04-05,0.04859999939799309,0.06445000320672989,0.04800000041723251,0.04899999871850014,0.04899999871850014,2168420
2021-04-06,0.048250000923871994,0.05400000140070915,0.048250000923871994,0.05350000038743019,0.05350000038743019,125279
2021-04-07,0.05624999850988388,0.05624999850988388,0.04899999871850014,0.05299999937415123,0.05299999937415123,498993
2021-04-08,0.05400000140070915,0.05900000035762787,0.05310000106692314,0.05900000035762787,0.05900000035762787,81276
2021-04-09,0.05900000035762787,0.05900000035762787,0.05299999937415123,0.054499998688697815,0.054499998688697815,148288
2021-04-12,0.0560000017285347,0.05900000035762787,0.054999999701976776,0.05900000035762787,0.05900000035762787,332406
2021-04-13,0.05999999865889549,0.061000000685453415,0.05559999868273735,0.057999998331069946,0.057999998331069946,198280
2021-04-14,0.057999998331069946,0.05999999865889549,0.0560000017285347,0.05999999865889549,0.05999999865889549,22030
2021-04-15,0.05999999865889549,0.061000000685453415,0.054999999701976776,0.05700000002980232,0.05700000002980232,355738
2021-04-16,0.05900000035762787,0.05900000035762787,0.05714999884366989,0.05900000035762787,0.05900000035762787,56700
2021-04-19,0.05559999868273735,0.062199998646974564,0.054999999701976776,0.060770001262426376,0.060770001262426376,497840
2021-04-20,0.06199999898672104,0.06199999898672104,0.055229999125003815,0.055229999125003815,0.055229999125003815,129073
2021-04-21,0.05793999880552292,0.05990000069141388,0.05510000139474869,0.057999998331069946,0.057999998331069946,32900
2021-04-22,0.057999998331069946,0.057999998331069946,0.05700000002980232,0.0575999990105629,0.0575999990105629,35980
2021-04-23,0.057999998331069946,0.05999999865889549,0.05400000140070915,0.05400000140070915,0.05400000140070915,149112
2021-04-26,0.05209999904036522,0.05790000036358833,0.05209999904036522,0.05428000167012215,0.05428000167012215,37105
2021-04-27,0.057999998331069946,0.057999998331069946,0.0560000017285347,0.057999998331069946,0.057999998331069946,93600
2021-04-28,0.057999998331069946,0.057999998331069946,0.055649999529123306,0.0560000017285347,0.0560000017285347,79717
2021-04-29,0.054999999701976776,0.05674999952316284,0.05400000140070915,0.05400000140070915,0.05400000140070915,59994
2021-04-30,0.05400000140070915,0.057999998331069946,0.05299999937415123,0.057999998331069946,0.057999998331069946,87377
2021-05-03,0.05299999937415123,0.057999998331069946,0.05299999937415123,0.057999998331069946,0.057999998331069946,36370
2021-05-04,0.05400000140070915,0.05400000140070915,0.05130000039935112,0.05130000039935112,0.05130000039935112,228295
2021-05-05,0.05000000074505806,0.05130000039935112,0.05000000074505806,0.05000000074505806,0.05000000074505806,119615
2021-05-06,0.05000000074505806,0.05000000074505806,0.05000000074505806,0.05000000074505806,0.05000000074505806,0
2021-05-07,0.05790000036358833,0.057999998331069946,0.053300000727176666,0.057500001043081284,0.057500001043081284,55672
2021-05-10,0.04910000041127205,0.057999998331069946,0.04910000041127205,0.057999998331069946,0.057999998331069946,57653
2021-05-11,0.057999998331069946,0.05900000035762787,0.04919999837875366,0.05900000035762787,0.05900000035762787,75053
2021-05-12,0.05900000035762787,0.05900000035762787,0.05900000035762787,0.05900000035762787,0.05900000035762787,0
2021-05-13,0.05480000004172325,0.05480000004172325,0.04910000041127205,0.04910000041127205,0.04910000041127205,42391
2021-05-14,0.05950000137090683,0.061000000685453415,0.05000000074505806,0.061000000685453415,0.061000000685453415,74024
2021-05-17,0.05392000079154968,0.05900000035762787,0.05392000079154968,0.05900000035762787,0.05900000035762787,30900
2021-05-18,0.05999999865889549,0.0608999989926815,0.04919999837875366,0.05260000005364418,0.05260000005364418,126119
2021-05-19,0.05618999898433685,0.05618999898433685,0.04659000039100647,0.05104999989271164,0.05104999989271164,120000
2021-05-20,0.052080001682043076,0.052080001682043076,0.051100000739097595,0.051100000739097595,0.051100000739097595,30050
2021-05-21,0.05153999850153923,0.05153999850153923,0.048500001430511475,0.05000000074505806,0.05000000074505806,1275
2021-05-24,0.051500000059604645,0.051500000059604645,0.051500000059604645,0.051500000059604645,0.051500000059604645,20000
2021-05-25,0.05050000175833702,0.05050000175833702,0.05050000175833702,0.05050000175833702,0.05050000175833702,1025
2021-05-26,0.061000000685453415,0.061000000685453415,0.054999999701976776,0.057999998331069946,0.057999998331069946,34000
2021-05-27,0.05473000183701515,0.05700000002980232,0.05473000183701515,0.05700000002980232,0.05700000002980232,30055
2021-05-28,0.05277999863028526,0.05550000071525574,0.05000000074505806,0.05550000071525574,0.05550000071525574,56460
2021-06-01,0.05040000006556511,0.05180000141263008,0.04500000178813934,0.05180000141263008,0.05180000141263008,87001
2021-06-02,0.05849999934434891,0.05849999934434891,0.04780000075697899,0.04800000041723251,0.04800000041723251,35175
2021-06-03,0.04747999832034111,0.04834999889135361,0.04569999873638153,0.04600000008940697,0.04600000008940697,122000
2021-06-04,0.051500000059604645,0.051500000059604645,0.04899999871850014,0.04899999871850014,0.04899999871850014,5000
2021-06-07,0.05014999955892563,0.05014999955892563,0.05014999955892563,0.05014999955892563,0.05014999955892563,100
2021-06-08,0.054999999701976776,0.054999999701976776,0.049800001084804535,0.049800001084804535,0.049800001084804535,1382
2021-06-09,0.049800001084804535,0.050999999046325684,0.04019999876618385,0.04032000154256821,0.04032000154256821,29914
2021-06-10,0.04149999842047691,0.04149999842047691,0.041179999709129333,0.04149999842047691,0.04149999842047691,214040
2021-06-11,0.05370999872684479,0.05496999993920326,0.04757000133395195,0.05400000140070915,0.05400000140070915,67600
2021-06-14,0.054499998688697815,0.061000000685453415,0.04874999821186066,0.05940999835729599,0.05940999835729599,1090842
2021-06-15,0.05000000074505806,0.05700000002980232,0.04500000178813934,0.05700000002980232,0.05700000002980232,25800
2021-06-16,0.04500000178813934,0.05700000002980232,0.04500000178813934,0.054999999701976776,0.054999999701976776,39700
2021-06-17,0.05700000002980232,0.05700000002980232,0.04610000178217888,0.05420000106096268,0.05420000106096268,86072
2021-06-18,0.05000000074505806,0.05400000140070915,0.05000000074505806,0.05400000140070915,0.05400000140070915,15500
2021-06-21,0.050200000405311584,0.050200000405311584,0.041999999433755875,0.0494999997317791,0.0494999997317791,327000
2021-06-22,0.046300001442432404,0.04746000096201897,0.042899999767541885,0.04746000096201897,0.04746000096201897,25100
2021-06-23,0.048900000751018524,0.048900000751018524,0.048900000751018524,0.048900000751018524,0.048900000751018524,354
2021-06-24,0.0430000014603138,0.048700001090765,0.042169999331235886,0.048700001090765,0.048700001090765,42850
2021-06-25,0.04583999887108803,0.04583999887108803,0.04390000179409981,0.04399999976158142,0.04399999976158142,20100
2021-06-28,0.0430000014603138,0.04500000178813934,0.0430000014603138,0.04500000178813934,0.04500000178813934,145776
2021-06-29,0.04399999976158142,0.04399999976158142,0.04039999842643738,0.04039999842643738,0.04039999842643738,564940
2021-06-30,0.04650000110268593,0.04650000110268593,0.04650000110268593,0.04650000110268593,0.04650000110268593,15000
2021-07-01,0.050999999046325684,0.050999999046325684,0.04826999828219414,0.050999999046325684,0.050999999046325684,38976
2021-07-02,0.050999999046325684,0.050999999046325684,0.050999999046325684,0.050999999046325684,0.050999999046325684,22000
2021-07-06,0.044199999421834946,0.050999999046325684,0.044199999421834946,0.05000000074505806,0.05000000074505806,55763
2021-07-07,0.04616999998688698,0.04800000041723251,0.04616999998688698,0.04800000041723251,0.04800000041723251,14000
2021-07-08,0.044130001217126846,0.044130001217126846,0.04410000145435333,0.04410000145435333,0.04410000145435333,50000
2021-07-09,0.050999999046325684,0.050999999046325684,0.04543999955058098,0.04543999955058098,0.04543999955058098,19817
2021-07-12,0.04072999954223633,0.05000000074505806,0.04072999954223633,0.04357000067830086,0.04357000067830086,29000
2021-07-13,0.0478999987244606,0.05000000074505806,0.04704999923706055,0.05000000074505806,0.05000000074505806,282477
2021-07-14,0.041099999099969864,0.04616999998688698,0.041099999099969864,0.04616999998688698,0.04616999998688698,16060
2021-07-15,0.05000000074505806,0.05000000074505806,0.046539999544620514,0.04699999839067459,0.04699999839067459,22500
2021-07-16,0.04500000178813934,0.04989999905228615,0.03999999910593033,0.04149999842047691,0.04149999842047691,123250
2021-07-19,0.04355999827384949,0.0478999987244606,0.03519999980926514,0.037050001323223114,0.037050001323223114,215229
2021-07-20,0.03519999980926514,0.03519999980926514,0.032749999314546585,0.03443000093102455,0.03443000093102455,129476
2021-07-21,0.03500000014901161,0.0364999994635582,0.032749999314546585,0.03550000116229057,0.03550000116229057,244977
2021-07-22,0.04190000146627426,0.04190000146627426,0.039000000804662704,0.039000000804662704,0.039000000804662704,5500
2021-07-23,0.03999999910593033,0.03999999910593033,0.03999999910593033,0.03999999910593033,0.03999999910593033,30000
2021-07-26,0.03999999910593033,0.03999999910593033,0.03999999910593033,0.03999999910593033,0.03999999910593033,18202
2021-07-27,0.035989999771118164,0.03999999910593033,0.03550000116229057,0.03999999910593033,0.03999999910593033,31000
2021-07-28,0.03999999910593033,0.03999999910593033,0.03999999910593033,0.03999999910593033,0.03999999910593033,0
2021-07-29,0.0377499982714653,0.03999999910593033,0.0377499982714653,0.03999999910593033,0.03999999910593033,21000
2021-07-30,0.03849999979138374,0.03849999979138374,0.03849999979138374,0.03849999979138374,0.03849999979138374,2000
2021-08-02,0.03999999910593033,0.03999999910593033,0.03550000116229057,0.03550000116229057,0.03550000116229057,30500
2021-08-03,0.03849999979138374,0.03999999910593033,0.03550000116229057,0.03550000116229057,0.03550000116229057,68201
2021-08-04,0.03999999910593033,0.03999999910593033,0.0377499982714653,0.0377499982714653,0.0377499982714653,3100
2021-08-05,0.0377499982714653,0.0377499982714653,0.0377499982714653,0.0377499982714653,0.0377499982714653,0
2021-08-06,0.0377499982714653,0.0377499982714653,0.0377499982714653,0.0377499982714653,0.0377499982714653,0
2021-08-09,0.038430001586675644,0.038430001586675644,0.038430001586675644,0.038430001586675644,0.038430001586675644,26025
2021-08-10,0.0377499982714653,0.0377499982714653,0.0377499982714653,0.0377499982714653,0.0377499982714653,2000
2021-08-11,0.039000000804662704,0.039000000804662704,0.03799999877810478,0.03799999877810478,0.03799999877810478,22734
2021-08-12,0.03799999877810478,0.03799999877810478,0.03799999877810478,0.03799999877810478,0.03799999877810478,0
2021-08-13,0.038100000470876694,0.038100000470876694,0.03550000116229057,0.03550000116229057,0.03550000116229057,33001
2021-08-16,0.0377499982714653,0.0377499982714653,0.0377499982714653,0.0377499982714653,0.0377499982714653,4603
2021-08-17,0.039000000804662704,0.03999999910593033,0.03550000116229057,0.03999999910593033,0.03999999910593033,19255
2021-08-18,0.03999999910593033,0.03999999910593033,0.0377499982714653,0.0377499982714653,0.0377499982714653,24850
2021-08-19,0.0377499982714653,0.0377499982714653,0.0377499982714653,0.0377499982714653,0.0377499982714653,0
2021-08-20,0.03550000116229057,0.03999999910593033,0.03550000116229057,0.03849999979138374,0.03849999979138374,79381
2021-08-23,0.0377499982714653,0.0377499982714653,0.0377499982714653,0.0377499982714653,0.0377499982714653,500
2021-08-24,0.03999999910593033,0.03999999910593033,0.03999999910593033,0.03999999910593033,0.03999999910593033,25000
2021-08-25,0.03550000116229057,0.03999999910593033,0.03550000116229057,0.03999999910593033,0.03999999910593033,12000
2021-08-26,0.03999999910593033,0.03999999910593033,0.03999999910593033,0.03999999910593033,0.03999999910593033,0
2021-08-27,0.03849999979138374,0.03849999979138374,0.03849999979138374,0.03849999979138374,0.03849999979138374,5000
2021-08-30,0.0377499982714653,0.03999999910593033,0.03550000116229057,0.03999999910593033,0.03999999910593033,37799
2021-08-31,0.03849999979138374,0.03849999979138374,0.03849999979138374,0.03849999979138374,0.03849999979138374,5050
2021-09-01,0.03660000115633011,0.037450000643730164,0.03550000116229057,0.03550000116229057,0.03550000116229057,45747
2021-09-02,0.039900001138448715,0.039900001138448715,0.037450000643730164,0.037450000643730164,0.037450000643730164,6100
2021-09-03,0.037450000643730164,0.037450000643730164,0.037450000643730164,0.037450000643730164,0.037450000643730164,0
2021-09-07,0.039900001138448715,0.039900001138448715,0.03500000014901161,0.03500000014901161,0.03500000014901161,41500
2021-09-08,0.03929999843239784,0.03929999843239784,0.03500000014901161,0.03500000014901161,0.03500000014901161,200
2021-09-09,0.03500000014901161,0.03500000014901161,0.03500000014901161,0.03500000014901161,0.03500000014901161,0
2021-09-10,0.03650999814271927,0.03929999843239784,0.025299999862909317,0.025299999862909317,0.025299999862909317,80500
2021-09-13,0.033250000327825546,0.033250000327825546,0.029999999329447746,0.03099999949336052,0.03099999949336052,16503
2021-09-14,0.03099999949336052,0.03099999949336052,0.03099999949336052,0.03099999949336052,0.03099999949336052,0
2021-09-15,0.03500000014901161,0.03999999910593033,0.03108000010251999,0.03189999982714653,0.03189999982714653,106000
2021-09-16,0.03189999982714653,0.03189999982714653,0.03189999982714653,0.03189999982714653,0.03189999982714653,5900
2021-09-17,0.03999999910593033,0.03999999910593033,0.03099999949336052,0.03550000116229057,0.03550000116229057,31000
2021-09-20,0.03550000116229057,0.03999999910593033,0.032999999821186066,0.03999999910593033,0.03999999910593033,16200
2021-09-21,0.03099999949336052,0.03999999910593033,0.027499999850988388,0.029999999329447746,0.029999999329447746,230217
2021-09-22,0.030500000342726707,0.030500000342726707,0.029999999329447746,0.029999999329447746,0.029999999329447746,76866
2021-09-23,0.029999999329447746,0.029999999329447746,0.029999999329447746,0.029999999329447746,0.029999999329447746,0
2021-09-24,0.029999999329447746,0.029999999329447746,0.029999999329447746,0.029999999329447746,0.029999999329447746,0
2021-09-27,0.032499998807907104,0.03500000014901161,0.029999999329447746,0.029999999329447746,0.029999999329447746,10715
2021-09-28,0.034299999475479126,0.03500000014901161,0.032999999821186066,0.03500000014901161,0.03500000014901161,62000
2021-09-29,0.03700000047683716,0.03999999910593033,0.03700000047683716,0.03700000047683716,0.03700000047683716,126000
2021-09-30,0.03700000047683716,0.03999999910593033,0.03700000047683716,0.039000000804662704,0.039000000804662704,62650
2021-10-01,0.03999999910593033,0.03999999910593033,0.03799999877810478,0.03799999877810478,0.03799999877810478,60000
2021-10-04,0.03999999910593033,0.03999999910593033,0.03328999876976013,0.03328999876976013,0.03328999876976013,5400
2021-10-05,0.03328999876976013,0.03328999876976013,0.03328999876976013,0.03328999876976013,0.03328999876976013,0
2021-10-06,0.03400000184774399,0.03400000184774399,0.029999999329447746,0.031099999323487282,0.031099999323487282,107200
2021-10-07,0.03500000014901161,0.03500000014901161,0.03200000151991844,0.03500000014901161,0.03500000014901161,12848
2021-10-08,0.03500000014901161,0.03500000014901161,0.03500000014901161,0.03500000014901161,0.03500000014901161,200
2021-10-11,0.032499998807907104,0.032999999821186066,0.030150000005960464,0.03020000085234642,0.03020000085234642,210160
2021-10-12,0.03500000014901161,0.03500000014901161,0.03500000014901161,0.03500000014901161,0.03500000014901161,2338
2021-10-13,0.03500000014901161,0.03500000014901161,0.03500000014901161,0.03500000014901161,0.03500000014901161,0
2021-10-14,0.03009999915957451,0.03009999915957451,0.03009999915957451,0.03009999915957451,0.03009999915957451,10100
2021-10-15,0.03099999949336052,0.03400000184774399,0.030300000682473183,0.030500000342726707,0.030500000342726707,76050
2021-10-18,0.030300000682473183,0.05999999865889549,0.030300000682473183,0.04800000041723251,0.04800000041723251,2262635
2021-10-19,0.05195000022649765,0.05195000022649765,0.04899999871850014,0.049789998680353165,0.049789998680353165,117881
2021-10-20,0.05000000074505806,0.05999999865889549,0.04961000010371208,0.05999999865889549,0.05999999865889549,184906
2021-10-21,0.0551999993622303,0.05999999865889549,0.0551300011575222,0.05999999865889549,0.05999999865889549,357942
2021-10-22,0.05999999865889549,0.05999999865889549,0.054999999701976776,0.054999999701976776,0.054999999701976776,132550
2021-10-25,0.054999999701976776,0.07000000029802322,0.054999999701976776,0.05990000069141388,0.05990000069141388,329305
2021-10-26,0.06599999964237213,0.06599999964237213,0.05999999865889549,0.05999999865889549,0.05999999865889549,84263
2021-10-27,0.05999999865889549,0.05999999865889549,0.054999999701976776,0.05510000139474869,0.05510000139474869,79848
2021-10-28,0.05534999817609787,0.06199999898672104,0.05534999817609787,0.06199999898672104,0.06199999898672104,11430
2021-10-29,0.05999999865889549,0.06289999932050705,0.05674999952316284,0.05824999883770943,0.05824999883770943,324320
2021-11-01,0.05665000155568123,0.06328999996185303,0.05510000139474869,0.06328999996185303,0.06328999996185303,170527
2021-11-02,0.06199999898672104,0.06599999964237213,0.06199999898672104,0.06599999964237213,0.06599999964237213,87978
2021-11-03,0.06700000166893005,0.07000000029802322,0.06177999824285507,0.07000000029802322,0.07000000029802322,147522
2021-11-04,0.06755000352859497,0.06800000369548798,0.06499999761581421,0.06800000369548798,0.06800000369548798,65000
2021-11-05,0.06930000334978104,0.07360000163316727,0.0689999982714653,0.07360000163316727,0.07360000163316727,47635
2021-11-08,0.07500000298023224,0.07500000298023224,0.07304999977350235,0.07304999977350235,0.07304999977350235,60851
2021-11-09,0.07500000298023224,0.0775500014424324,0.07109999656677246,0.07199999690055847,0.07199999690055847,157792
2021-11-10,0.07159999758005142,0.07800000160932541,0.07159999758005142,0.07800000160932541,0.07800000160932541,27344
2021-11-11,0.06549999862909317,0.09000000357627869,0.05000000074505806,0.07500000298023224,0.07500000298023224,375246
2021-11-12,0.08500000089406967,0.08500000089406967,0.07999999821186066,0.0832500010728836,0.0832500010728836,77617
2021-11-15,0.08500000089406967,0.09000000357627869,0.07900000363588333,0.09000000357627869,0.09000000357627869,58310
2021-11-16,0.08399999886751175,0.0949999988079071,0.07999999821186066,0.0949999988079071,0.0949999988079071,521800
2021-11-17,0.0949999988079071,0.10000000149011612,0.07900000363588333,0.08410000056028366,0.08410000056028366,166070
2021-11-18,0.08410000056028366,0.08510000258684158,0.05999999865889549,0.08500000089406967,0.08500000089406967,342786
2021-11-19,0.08500000089406967,0.08500000089406967,0.06199999898672104,0.07479999959468842,0.07479999959468842,17016
2021-11-22,0.06260000169277191,0.06270000338554382,0.06260000169277191,0.06260000169277191,0.06260000169277191,20002
2021-11-23,0.07689999788999557,0.07800000160932541,0.07689999788999557,0.07800000160932541,0.07800000160932541,11120
2021-11-24,0.08489999920129776,0.08489999920129776,0.08489999920129776,0.08489999920129776,0.08489999920129776,4500
2021-11-26,0.08500000089406967,0.08500000089406967,0.07800000160932541,0.07800000160932541,0.07800000160932541,32858
2021-11-29,0.07000000029802322,0.07000000029802322,0.06400000303983688,0.06400000303983688,0.06400000303983688,2641
2021-11-30,0.07000000029802322,0.08500000089406967,0.07000000029802322,0.07524999976158142,0.07524999976158142,163357
2021-12-01,0.08500000089406967,0.08500000089406967,0.07604999840259552,0.0771000012755394,0.0771000012755394,91183
2021-12-02,0.07989999651908875,0.09000000357627869,0.07752999663352966,0.09000000357627869,0.09000000357627869,301227
2021-12-03,0.09525000303983688,0.09525000303983688,0.07999999821186066,0.07999999821186066,0.07999999821186066,62813
2021-12-06,0.07999999821186066,0.08500000089406967,0.07050000131130219,0.08500000089406967,0.08500000089406967,154666
2021-12-07,0.0949999988079071,0.0949999988079071,0.07999999821186066,0.07999999821186066,0.07999999821186066,19290
2021-12-08,0.08524999767541885,0.08524999767541885,0.07500000298023224,0.07900000363588333,0.07900000363588333,226209
2021-12-09,0.07999999821186066,0.07999999821186066,0.07500000298023224,0.07500000298023224,0.07500000298023224,40000
2021-12-10,0.08500000089406967,0.0949999988079071,0.07500000298023224,0.0949999988079071,0.0949999988079071,242131
2021-12-13,0.08275000005960464,0.0949999988079071,0.08275000005960464,0.09000000357627869,0.09000000357627869,7346
2021-12-14,0.08250000327825546,0.08250000327825546,0.08250000327825546,0.08250000327825546,0.08250000327825546,11000
2021-12-15,0.08250000327825546,0.09000000357627869,0.08250000327825546,0.09000000357627869,0.09000000357627869,48701
2021-12-16,0.09000000357627869,0.09000000357627869,0.08349999785423279,0.08349999785423279,0.08349999785423279,94433
2021-12-17,0.0844699963927269,0.08598999679088593,0.07050000131130219,0.0820000022649765,0.0820000022649765,67000
2021-12-20,0.07599999755620956,0.07850000262260437,0.07000000029802322,0.07850000262260437,0.07850000262260437,230688
2021-12-21,0.0820000022649765,0.0820000022649765,0.0820000022649765,0.0820000022649765,0.0820000022649765,3000
2021-12-22,0.07999999821186066,0.07999999821186066,0.06750000268220901,0.07000000029802322,0.07000000029802322,51859
2021-12-23,0.06800000369548798,0.06800000369548798,0.06800000369548798,0.06800000369548798,0.06800000369548798,42642
2021-12-27,0.06769999861717224,0.06769999861717224,0.06769999861717224,0.06769999861717224,0.06769999861717224,8000
2021-12-28,0.06650000065565109,0.07999999821186066,0.06650000065565109,0.07999999821186066,0.07999999821186066,31000
2021-12-29,0.08143000304698944,0.09000000357627869,0.08143000304698944,0.09000000357627869,0.09000000357627869,9585
2021-12-30,0.09000000357627869,0.09000000357627869,0.07774999737739563,0.07774999737739563,0.07774999737739563,1550
2021-12-31,0.07774999737739563,0.07774999737739563,0.07774999737739563,0.07774999737739563,0.07774999737739563,0
2022-01-03,0.07000000029802322,0.07769999653100967,0.07000000029802322,0.07769999653100967,0.07769999653100967,2000
2022-01-04,0.07779999822378159,0.07779999822378159,0.07000000029802322,0.07000000029802322,0.07000000029802322,20446
2022-01-05,0.06499999761581421,0.07000000029802322,0.06499999761581421,0.07000000029802322,0.07000000029802322,36834
2022-01-06,0.06989999860525131,0.07500000298023224,0.06989999860525131,0.07500000298023224,0.07500000298023224,64067
2022-01-07,0.07450000196695328,0.07450000196695328,0.07400000095367432,0.07450000196695328,0.07450000196695328,51333
2022-01-10,0.07400000095367432,0.07500000298023224,0.07400000095367432,0.07400000095367432,0.07400000095367432,279746
2022-01-11,0.07500000298023224,0.07509999722242355,0.07500000298023224,0.07509999722242355,0.07509999722242355,76335
2022-01-12,0.07509999722242355,0.07509999722242355,0.07509999722242355,0.07509999722242355,0.07509999722242355,0
2022-01-13,0.07509999722242355,0.07509999722242355,0.07509999722242355,0.07509999722242355,0.07509999722242355,0
2022-01-14,0.07400000095367432,0.07400000095367432,0.06499999761581421,0.06610000133514404,0.06610000133514404,50000
2022-01-18,0.06610000133514404,0.06610000133514404,0.06610000133514404,0.06610000133514404,0.06610000133514404,0
2022-01-19,0.08139999955892563,0.08500000089406967,0.06400000303983688,0.07615000009536743,0.07615000009536743,133044
2022-01-20,0.07779999822378159,0.0949999988079071,0.06909999996423721,0.08594000339508057,0.08594000339508057,58930
2022-01-21,0.06909999996423721,0.07999999821186066,0.05000000074505806,0.07999999821186066,0.07999999821186066,881050
2022-01-24,0.07000000029802322,0.07000000029802322,0.057999998331069946,0.05999999865889549,0.05999999865889549,97000
2022-01-25,0.05900000035762787,0.0628499984741211,0.05900000035762787,0.0628499984741211,0.0628499984741211,21005
2022-01-26,0.07000000029802322,0.07405000180006027,0.06650000065565109,0.07405000180006027,0.07405000180006027,17928
2022-01-27,0.06400000303983688,0.07150000333786011,0.0625,0.0625,0.0625,53190
2022-01-28,0.060750000178813934,0.060750000178813934,0.060750000178813934,0.060750000178813934,0.060750000178813934,2428
2022-01-31,0.0596500001847744,0.07500000298023224,0.05950000137090683,0.06674999743700027,0.06674999743700027,27200
2022-02-01,0.07400000095367432,0.07400000095367432,0.07400000095367432,0.07400000095367432,0.07400000095367432,10000
2022-02-02,0.07400000095367432,0.07400000095367432,0.07400000095367432,0.07400000095367432,0.07400000095367432,0
2022-02-03,0.07400000095367432,0.07400000095367432,0.05900000035762787,0.05900000035762787,0.05900000035762787,35500
2022-02-04,0.05900000035762787,0.05900000035762787,0.05900000035762787,0.05900000035762787,0.05900000035762787,500
2022-02-07,0.05900000035762787,0.05900000035762787,0.05000000074505806,0.054999999701976776,0.054999999701976776,318400
2022-02-08,0.054999999701976776,0.0689999982714653,0.054999999701976776,0.05685000121593475,0.05685000121593475,98356
2022-02-09,0.054999999701976776,0.05700000002980232,0.05000000074505806,0.054999999701976776,0.054999999701976776,395500
2022-02-10,0.05400000140070915,0.07000000029802322,0.05400000140070915,0.07000000029802322,0.07000000029802322,179636
2022-02-11,0.05249999836087227,0.05889999866485596,0.04600000008940697,0.05889999866485596,0.05889999866485596,1388394
2022-02-14,0.05490000173449516,0.054999999701976776,0.05249999836087227,0.054999999701976776,0.054999999701976776,46272
2022-02-15,0.05000000074505806,0.054999999701976776,0.05000000074505806,0.054999999701976776,0.054999999701976776,110429
2022-02-16,0.054999999701976776,0.054999999701976776,0.054999999701976776,0.054999999701976776,0.054999999701976776,21500
2022-02-17,0.054999999701976776,0.054999999701976776,0.05000000074505806,0.05000000074505806,0.05000000074505806,32639
2022-02-18,0.05000000074505806,0.05297999829053879,0.045099999755620956,0.045099999755620956,0.045099999755620956,45400
2022-02-22,0.04989999905228615,0.05550000071525574,0.04500000178813934,0.054499998688697815,0.054499998688697815,69711
2022-02-23,0.054499998688697815,0.054499998688697815,0.054499998688697815,0.054499998688697815,0.054499998688697815,0
2022-02-24,0.054499998688697815,0.054499998688697815,0.054499998688697815,0.054499998688697815,0.054499998688697815,0
2022-02-25,0.04600000008940697,0.052000001072883606,0.04500000178813934,0.04800000041723251,0.04800000041723251,91235
2022-02-28,0.04600000008940697,0.05000000074505806,0.04600000008940697,0.04859999939799309,0.04859999939799309,28754
2022-03-01,0.04859999939799309,0.04859999939799309,0.04859999939799309,0.04859999939799309,0.04859999939799309,0
2022-03-02,0.05000000074505806,0.05000000074505806,0.05000000074505806,0.05000000074505806,0.05000000074505806,48261
2022-03-03,0.05000000074505806,0.05000000074505806,0.05000000074505806,0.05000000074505806,0.05000000074505806,1000
2022-03-04,0.05000000074505806,0.05000000074505806,0.05000000074505806,0.05000000074505806,0.05000000074505806,0
2022-03-07,0.052000001072883606,0.052000001072883606,0.052000001072883606,0.052000001072883606,0.052000001072883606,20000
2022-03-08,0.052000001072883606,0.05900000035762787,0.04600000008940697,0.054499998688697815,0.054499998688697815,184885
2022-03-09,0.04989999905228615,0.05000000074505806,0.04859999939799309,0.05000000074505806,0.05000000074505806,203834
2022-03-10,0.05000000074505806,0.05000000074505806,0.05000000074505806,0.05000000074505806,0.05000000074505806,0
2022-03-11,0.04600000008940697,0.054999999701976776,0.04600000008940697,0.054999999701976776,0.054999999701976776,85000
2022-03-14,0.052000001072883606,0.052000001072883606,0.04989999905228615,0.04989999905228615,0.04989999905228615,100000
2022-03-15,0.05000000074505806,0.052000001072883606,0.045099999755620956,0.04569999873638153,0.04569999873638153,329051
2022-03-16,0.04749999940395355,0.04975000023841858,0.04699999839067459,0.04699999839067459,0.04699999839067459,140598
2022-03-17,0.05000000074505806,0.05000000074505806,0.03999999910593033,0.04899999871850014,0.04899999871850014,218985
2022-03-18,0.04619999974966049,0.04699999839067459,0.045099999755620956,0.04699999839067459,0.04699999839067459,14536
2022-03-21,0.04363999888300896,0.052799999713897705,0.04309999942779541,0.04854999855160713,0.04854999855160713,175800
2022-03-22,0.04854999855160713,0.04854999855160713,0.04854999855160713,0.04854999855160713,0.04854999855160713,0
2022-03-23,0.05400000140070915,0.055890001356601715,0.05009999871253967,0.05350000038743019,0.05350000038743019,213660
2022-03-24,0.05000000074505806,0.05000000074505806,0.05000000074505806,0.05000000074505806,0.05000000074505806,98365
2022-03-25,0.04309999942779541,0.04309999942779541,0.04309999942779541,0.04309999942779541,0.04309999942779541,1350
2022-03-28,0.04500000178813934,0.04500000178813934,0.04430000111460686,0.04500000178813934,0.04500000178813934,80840
2022-03-29,0.05700000002980232,0.05700000002980232,0.05000000074505806,0.05700000002980232,0.05700000002980232,71778
2022-03-30,0.04309999942779541,0.052000001072883606,0.04309999942779541,0.04960000142455101,0.04960000142455101,180203
2022-03-31,0.052000001072883606,0.05400000140070915,0.052000001072883606,0.05400000140070915,0.05400000140070915,300014
2022-04-01,0.05400000140070915,0.05400000140070915,0.05400000140070915,0.05400000140070915,0.05400000140070915,0
2022-04-04,0.054999999701976776,0.054999999701976776,0.05000000074505806,0.05000000074505806,0.05000000074505806,76100
2022-04-05,0.051569998264312744,0.054999999701976776,0.051569998264312744,0.05400000140070915,0.05400000140070915,102170
2022-04-06,0.054999999701976776,0.054999999701976776,0.054999999701976776,0.054999999701976776,0.054999999701976776,105014
2022-04-07,0.054999999701976776,0.054999999701976776,0.054999999701976776,0.054999999701976776,0.054999999701976776,180000
2022-04-08,0.05000000074505806,0.05700000002980232,0.04831999912858009,0.05700000002980232,0.05700000002980232,528330
2022-04-11,0.05050000175833702,0.05115000158548355,0.05050000175833702,0.05115000158548355,0.05115000158548355,131140
2022-04-12,0.05115000158548355,0.05115000158548355,0.05115000158548355,0.05115000158548355,0.05115000158548355,0
2022-04-13,0.051500000059604645,0.05700000002980232,0.04831999912858009,0.04989999905228615,0.04989999905228615,379707
2022-04-14,0.050999999046325684,0.050999999046325684,0.04831999912858009,0.04831999912858009,0.04831999912858009,74041
2022-04-18,0.04831999912858009,0.04831999912858009,0.04831999912858009,0.04831999912858009,0.04831999912858009,0
2022-04-19,0.04831999912858009,0.04831999912858009,0.04831999912858009,0.04831999912858009,0.04831999912858009,0
2022-04-20,0.057999998331069946,0.057999998331069946,0.052400000393390656,0.052400000393390656,0.052400000393390656,108740
2022-04-21,0.05000000074505806,0.05000000074505806,0.041999999433755875,0.047600001096725464,0.047600001096725464,430399
2022-04-22,0.047600001096725464,0.047600001096725464,0.047600001096725464,0.047600001096725464,0.047600001096725464,0
2022-04-25,0.0494999997317791,0.0494999997317791,0.0430000014603138,0.0430000014603138,0.0430000014603138,29300
2022-04-26,0.05299999937415123,0.05299999937415123,0.046640001237392426,0.046640001237392426,0.046640001237392426,55289
2022-04-27,0.05000000074505806,0.05000000074505806,0.04089999943971634,0.04500000178813934,0.04500000178813934,410600
2022-04-28,0.04634999856352806,0.04749999940395355,0.04634999856352806,0.04749999940395355,0.04749999940395355,119066
2022-04-29,0.04749999940395355,0.04749999940395355,0.04749999940395355,0.04749999940395355,0.04749999940395355,0
2022-05-02,0.04740000143647194,0.05000000074505806,0.04740000143647194,0.047600001096725464,0.047600001096725464,44433
2022-05-03,0.05000000074505806,0.05000000074505806,0.05000000074505806,0.05000000074505806,0.05000000074505806,170000
2022-05-04,0.05000000074505806,0.05000000074505806,0.04919999837875366,0.04919999837875366,0.04919999837875366,55601
2022-05-05,0.04919999837875366,0.04919999837875366,0.04919999837875366,0.04919999837875366,0.04919999837875366,0
2022-05-06,0.04919999837875366,0.04919999837875366,0.04919999837875366,0.04919999837875366,0.04919999837875366,0
2022-05-09,0.04919999837875366,0.04919999837875366,0.04919999837875366,0.04919999837875366,0.04919999837875366,0
2022-05-10,0.04399999976158142,0.04399999976158142,0.04399999976158142,0.04399999976158142,0.04399999976158142,201
2022-05-11,0.0478999987244606,0.0478999987244606,0.04699999839067459,0.04699999839067459,0.04699999839067459,11262
2022-05-12,0.04699999839067459,0.04699999839067459,0.04100000113248825,0.04500000178813934,0.04500000178813934,209545
2022-05-13,0.042500000447034836,0.04500000178813934,0.03999999910593033,0.04500000178813934,0.04500000178813934,439500
2022-05-16,0.04100000113248825,0.04100000113248825,0.04100000113248825,0.04100000113248825,0.04100000113248825,10524
2022-05-17,0.042500000447034836,0.04500000178813934,0.03999999910593033,0.03999999910593033,0.03999999910593033,220000
2022-05-18,0.04500000178813934,0.04500000178813934,0.03999999910593033,0.03999999910593033,0.03999999910593033,195784
2022-05-19,0.04500000178813934,0.04650000110268593,0.04500000178813934,0.04500000178813934,0.04500000178813934,258101
2022-05-20,0.04500000178813934,0.04500000178813934,0.04500000178813934,0.04500000178813934,0.04500000178813934,0
2022-05-23,0.04490000009536743,0.04500000178813934,0.03999999910593033,0.03999999910593033,0.03999999910593033,254844
2022-05-24,0.04500000178813934,0.04500000178813934,0.04500000178813934,0.04500000178813934,0.04500000178813934,2000
2022-05-25,0.04500000178813934,0.04500000178813934,0.042500000447034836,0.04500000178813934,0.04500000178813934,265516
2022-05-26,0.0400100015103817,0.045099999755620956,0.03629999980330467,0.04104999825358391,0.04104999825358391,267500
2022-05-27,0.032600000500679016,0.04399999976158142,0.032600000500679016,0.04399999976158142,0.04399999976158142,42716
2022-05-31,0.03709999844431877,0.03999999910593033,0.032600000500679016,0.03999999910593033,0.03999999910593033,279653
2022-06-01,0.03999999910593033,0.03999999910593033,0.03999999910593033,0.03999999910593033,0.03999999910593033,0
2022-06-02,0.04500000178813934,0.04500000178813934,0.04500000178813934,0.04500000178813934,0.04500000178813934,58500
2022-06-03,0.04259999841451645,0.04500000178813934,0.04259999841451645,0.04500000178813934,0.04500000178813934,162783
2022-06-06,0.04500000178813934,0.04500000178813934,0.04500000178813934,0.04500000178813934,0.04500000178813934,5364
2022-06-07,0.03999999910593033,0.03999999910593033,0.03999999910593033,0.03999999910593033,0.03999999910593033,2022
2022-06-08,0.04399999976158142,0.04500000178813934,0.039400000125169754,0.03999999910593033,0.03999999910593033,272500
2022-06-09,0.04399999976158142,0.04500000178813934,0.032600000500679016,0.041999999433755875,0.041999999433755875,548722
2022-06-10,0.041999999433755875,0.041999999433755875,0.03999999910593033,0.03999999910593033,0.03999999910593033,200000
2022-06-13,0.03759999945759773,0.042399998754262924,0.03612999990582466,0.03612999990582466,0.03612999990582466,5000
2022-06-14,0.03328999876976013,0.042399998754262924,0.03328999876976013,0.042399998754262924,0.042399998754262924,68364
2022-06-15,0.032099999487400055,0.03500000014901161,0.03060000017285347,0.03500000014901161,0.03500000014901161,340000
2022-06-16,0.032999999821186066,0.032999999821186066,0.032999999821186066,0.032999999821186066,0.032999999821186066,19000
2022-06-17,0.039900001138448715,0.039900001138448715,0.03099999949336052,0.03500000014901161,0.03500000014901161,279000
2022-06-21,0.03099999949336052,0.03099999949336052,0.03099999949336052,0.03099999949336052,0.03099999949336052,5050
2022-06-22,0.03099999949336052,0.033080000430345535,0.03068999946117401,0.033080000430345535,0.033080000430345535,140200
2022-06-23,0.03500000014901161,0.03500000014901161,0.03500000014901161,0.03500000014901161,0.03500000014901161,135750
2022-06-24,0.03500000014901161,0.03500000014901161,0.03500000014901161,0.03500000014901161,0.03500000014901161,0
2022-06-27,0.03500000014901161,0.03500000014901161,0.03378000110387802,0.03378000110387802,0.03378000110387802,30714
2022-06-28,0.03359999880194664,0.03500000014901161,0.03240000084042549,0.03500000014901161,0.03500000014901161,100000
2022-06-29,0.036070000380277634,0.036070000380277634,0.036070000380277634,0.036070000380277634,0.036070000380277634,25000
2022-06-30,0.031550001353025436,0.0348999984562397,0.029999999329447746,0.029999999329447746,0.029999999329447746,667312
2022-07-01,0.03217000141739845,0.03217000141739845,0.02717999927699566,0.031950000673532486,0.031950000673532486,70200
2022-07-05,0.031050000339746475,0.03152000159025192,0.03099999949336052,0.03099999949336052,0.03099999949336052,34515
2022-07-06,0.031870000064373016,0.031870000064373016,0.03099999949336052,0.03099999949336052,0.03099999949336052,42000
2022-07-07,0.03485000133514404,0.03485000133514404,0.03220000118017197,0.03220000118017197,0.03220000118017197,5000
2022-07-08,0.03420000150799751,0.03420000150799751,0.026000000536441803,0.029999999329447746,0.029999999329447746,300094
2022-07-11,0.03060000017285347,0.03060000017285347,0.029999999329447746,0.029999999329447746,0.029999999329447746,99627
2022-07-12,0.03099999949336052,0.03500000014901161,0.03099999949336052,0.03500000014901161,0.03500000014901161,120000
2022-07-13,0.03500000014901161,0.035100001841783524,0.03500000014901161,0.03500000014901161,0.03500000014901161,245943
2022-07-14,0.03500000014901161,0.03500000014901161,0.03181999921798706,0.03181999921798706,0.03181999921798706,151000
2022-07-15,0.03181999921798706,0.03181999921798706,0.03181999921798706,0.03181999921798706,0.03181999921798706,0
2022-07-18,0.032499998807907104,0.032499998807907104,0.032499998807907104,0.032499998807907104,0.032499998807907104,100000
2022-07-19,0.032499998807907104,0.032499998807907104,0.032499998807907104,0.032499998807907104,0.032499998807907104,113066
2022-07-20,0.032499998807907104,0.032499998807907104,0.032499998807907104,0.032499998807907104,0.032499998807907104,10500
2022-07-21,0.032499998807907104,0.032499998807907104,0.032499998807907104,0.032499998807907104,0.032499998807907104,0
2022-07-22,0.032499998807907104,0.032499998807907104,0.032499998807907104,0.032499998807907104,0.032499998807907104,0
2022-07-25,0.032499998807907104,0.032499998807907104,0.032499998807907104,0.032499998807907104,0.032499998807907104,0
2022-07-26,0.032499998807907104,0.032499998807907104,0.032499998807907104,0.032499998807907104,0.032499998807907104,0
2022-07-27,0.032499998807907104,0.032499998807907104,0.032499998807907104,0.032499998807907104,0.032499998807907104,0
2022-07-28,0.032499998807907104,0.032499998807907104,0.032499998807907104,0.032499998807907104,0.032499998807907104,0
2022-07-29,0.032499998807907104,0.032499998807907104,0.032499998807907104,0.032499998807907104,0.032499998807907104,0
2022-08-01,0.032499998807907104,0.032499998807907104,0.032499998807907104,0.032499998807907104,0.032499998807907104,0
2022-08-02,0.032499998807907104,0.032499998807907104,0.032499998807907104,0.032499998807907104,0.032499998807907104,0
2022-08-03,0.032499998807907104,0.032499998807907104,0.032499998807907104,0.032499998807907104,0.032499998807907104,0
2022-08-04,0.032499998807907104,0.032499998807907104,0.032499998807907104,0.032499998807907104,0.032499998807907104,0
2022-08-05,0.032499998807907104,0.032499998807907104,0.032499998807907104,0.032499998807907104,0.032499998807907104,0
2022-08-08,0.032499998807907104,0.032499998807907104,0.032499998807907104,0.032499998807907104,0.032499998807907104,0
2022-08-09,0.02500000037252903,0.02500000037252903,0.02500000037252903,0.02500000037252903,0.02500000037252903,55050
2022-08-10,0.02500000037252903,0.02500000037252903,0.02500000037252903,0.02500000037252903,0.02500000037252903,0
2022-08-11,0.02500000037252903,0.02500000037252903,0.02500000037252903,0.02500000037252903,0.02500000037252903,0
2022-08-12,0.014999999664723873,0.014999999664723873,0.014999999664723873,0.014999999664723873,0.014999999664723873,3450
2022-08-15,0.014999999664723873,0.014999999664723873,0.014999999664723873,0.014999999664723873,0.014999999664723873,0
2022-08-16,0.014999999664723873,0.014999999664723873,0.014999999664723873,0.014999999664723873,0.014999999664723873,0
2022-08-17,0.014999999664723873,0.014999999664723873,0.014999999664723873,0.014999999664723873,0.014999999664723873,0
2022-08-18,0.014999999664723873,0.014999999664723873,0.014999999664723873,0.014999999664723873,0.014999999664723873,0
2022-08-19,0.014999999664723873,0.014999999664723873,0.014999999664723873,0.014999999664723873,0.014999999664723873,0
2022-08-22,0.014999999664723873,0.014999999664723873,0.014999999664723873,0.014999999664723873,0.014999999664723873,0
2022-08-23,0.014999999664723873,0.014999999664723873,0.014999999664723873,0.014999999664723873,0.014999999664723873,0
2022-08-24,0.014999999664723873,0.014999999664723873,0.014999999664723873,0.014999999664723873,0.014999999664723873,0
2022-08-25,0.014999999664723873,0.014999999664723873,0.014999999664723873,0.014999999664723873,0.014999999664723873,0
2022-08-26,0.0003000000142492354,0.0003000000142492354,0.0003000000142492354,0.0003000000142492354,0.0003000000142492354,5000
2022-08-29,0.0003000000142492354,0.0003000000142492354,0.0003000000142492354,0.0003000000142492354,0.0003000000142492354,0
2022-08-30,0.0006000000284984708,0.0006000000284984708,0.0006000000284984708,0.0006000000284984708,0.0006000000284984708,500
2022-08-31,0.0006000000284984708,0.0006000000284984708,0.0006000000284984708,0.0006000000284984708,0.0006000000284984708,0
2022-09-01,0.0006000000284984708,0.0006000000284984708,0.0006000000284984708,0.0006000000284984708,0.0006000000284984708,0
2022-09-02,0.0006000000284984708,0.0006000000284984708,0.0006000000284984708,0.0006000000284984708,0.0006000000284984708,0
2022-09-06,0.0006000000284984708,0.0006000000284984708,0.0006000000284984708,0.0006000000284984708,0.0006000000284984708,0
2022-09-07,0.0006000000284984708,0.0006000000284984708,0.0006000000284984708,0.0006000000284984708,0.0006000000284984708,0
2022-09-08,0.0006000000284984708,0.0006000000284984708,0.0006000000284984708,0.0006000000284984708,0.0006000000284984708,0
2022-09-09,0.0006000000284984708,0.0006000000284984708,0.0006000000284984708,0.0006000000284984708,0.0006000000284984708,0
2022-09-12,0.0006000000284984708,0.0006000000284984708,0.0006000000284984708,0.0006000000284984708,0.0006000000284984708,0
2022-09-13,0.0006000000284984708,0.0006000000284984708,0.0006000000284984708,0.0006000000284984708,0.0006000000284984708,0
2022-09-14,0.0006000000284984708,0.0006000000284984708,0.0006000000284984708,0.0006000000284984708,0.0006000000284984708,0
2022-09-15,0.0006000000284984708,0.0006000000284984708,0.0006000000284984708,0.0006000000284984708,0.0006000000284984708,0
2022-09-16,0.0006000000284984708,0.0006000000284984708,0.0006000000284984708,0.0006000000284984708,0.0006000000284984708,0
2022-09-19,0.0006000000284984708,0.0006000000284984708,0.0006000000284984708,0.0006000000284984708,0.0006000000284984708,0
2022-09-20,0.0006000000284984708,0.0006000000284984708,0.0006000000284984708,0.0006000000284984708,0.0006000000284984708,0
2022-09-21,0.0006000000284984708,0.0006000000284984708,0.0006000000284984708,0.0006000000284984708,0.0006000000284984708,0
2022-09-22,0.0006000000284984708,0.0006000000284984708,0.0006000000284984708,0.0006000000284984708,0.0006000000284984708,0
2022-09-23,0.0006000000284984708,0.0006000000284984708,0.0006000000284984708,0.0006000000284984708,0.0006000000284984708,0
2022-09-26,0.0006000000284984708,0.0006000000284984708,0.0006000000284984708,0.0006000000284984708,0.0006000000284984708,0
2022-09-27,0.0006000000284984708,0.0006000000284984708,0.0006000000284984708,0.0006000000284984708,0.0006000000284984708,0
2022-09-28,0.0006000000284984708,0.0006000000284984708,0.0006000000284984708,0.0006000000284984708,0.0006000000284984708,0
2022-09-29,0.0003000000142492354,0.0003000000142492354,0.0003000000142492354,0.0003000000142492354,0.0003000000142492354,200
2022-09-30,0.0003000000142492354,0.0003000000142492354,0.0003000000142492354,0.0003000000142492354,0.0003000000142492354,0
2022-10-03,0.0003000000142492354,0.0003000000142492354,0.0003000000142492354,0.0003000000142492354,0.0003000000142492354,0
2022-10-04,0.0003000000142492354,0.0003000000142492354,0.0003000000142492354,0.0003000000142492354,0.0003000000142492354,0
2022-10-05,0.0003000000142492354,0.0003000000142492354,0.0003000000142492354,0.0003000000142492354,0.0003000000142492354,0
2022-10-06,0.0003000000142492354,0.0003000000142492354,0.0003000000142492354,0.0003000000142492354,0.0003000000142492354,0
2022-10-07,0.0003000000142492354,0.0003000000142492354,0.0003000000142492354,0.0003000000142492354,0.0003000000142492354,0
2022-10-10,0.0003000000142492354,0.0003000000142492354,0.0003000000142492354,0.0003000000142492354,0.0003000000142492354,5000
2022-10-11,0.0003000000142492354,0.0003000000142492354,0.0003000000142492354,0.0003000000142492354,0.0003000000142492354,0
2022-10-12,0.0003000000142492354,0.0003000000142492354,0.0003000000142492354,0.0003000000142492354,0.0003000000142492354,0
2022-10-13,0.0003000000142492354,0.0003000000142492354,0.0003000000142492354,0.0003000000142492354,0.0003000000142492354,0
2022-10-14,0.0003000000142492354,0.0003000000142492354,0.0003000000142492354,0.0003000000142492354,0.0003000000142492354,0
2022-10-17,0.0003000000142492354,0.0003000000142492354,0.0003000000142492354,0.0003000000142492354,0.0003000000142492354,0
2022-10-18,0.0003000000142492354,0.0003000000142492354,0.0003000000142492354,0.0003000000142492354,0.0003000000142492354,0
2022-10-19,0.00019999999494757503,0.00019999999494757503,0.00019999999494757503,0.00019999999494757503,0.00019999999494757503,8500
2022-10-20,0.00019999999494757503,0.00019999999494757503,0.00019999999494757503,0.00019999999494757503,0.00019999999494757503,0
2022-10-21,0.00019999999494757503,0.00019999999494757503,0.00019999999494757503,0.00019999999494757503,0.00019999999494757503,0
2022-10-24,0.00019999999494757503,0.00019999999494757503,0.00019999999494757503,0.00019999999494757503,0.00019999999494757503,0
2022-10-25,0.00019999999494757503,0.00019999999494757503,0.00019999999494757503,0.00019999999494757503,0.00019999999494757503,4333
2022-10-26,0.006000000052154064,0.006000000052154064,0.006000000052154064,0.006000000052154064,0.006000000052154064,44700
2022-10-27,0.006000000052154064,0.006000000052154064,0.006000000052154064,0.006000000052154064,0.006000000052154064,0
2022-10-28,0.006000000052154064,0.006000000052154064,0.006000000052154064,0.006000000052154064,0.006000000052154064,0
2022-10-31,0.006000000052154064,0.006000000052154064,0.006000000052154064,0.006000000052154064,0.006000000052154064,0
2022-11-01,0.006000000052154064,0.006000000052154064,0.006000000052154064,0.006000000052154064,0.006000000052154064,0
2022-11-02,0.006000000052154064,0.006000000052154064,0.006000000052154064,0.006000000052154064,0.006000000052154064,0
2022-11-03,0.006000000052154064,0.006000000052154064,0.006000000052154064,0.006000000052154064,0.006000000052154064,0
2022-11-04,0.0003000000142492354,0.0003000000142492354,0.0003000000142492354,0.0003000000142492354,0.0003000000142492354,1754
2022-11-07,0.0003000000142492354,0.0003000000142492354,0.0003000000142492354,0.0003000000142492354,0.0003000000142492354,0
2022-11-08,0.0003000000142492354,0.0003000000142492354,0.0003000000142492354,0.0003000000142492354,0.0003000000142492354,0
2022-11-09,0.0003000000142492354,0.0003000000142492354,0.0003000000142492354,0.0003000000142492354,0.0003000000142492354,0
2022-11-10,0.029899999499320984,0.05999999865889549,0.01209999993443489,0.029999999329447746,0.029999999329447746,412395
2022-11-11,0.03500000014901161,0.03500000014901161,0.03500000014901161,0.03500000014901161,0.03500000014901161,25242
2022-11-14,0.03500000014901161,0.03500000014901161,0.027499999850988388,0.029999999329447746,0.029999999329447746,134350
2022-11-15,0.03500000014901161,0.03500000014901161,0.03500000014901161,0.03500000014901161,0.03500000014901161,250083
2022-11-16,0.03009999915957451,0.03500000014901161,0.0215000007301569,0.03500000014901161,0.03500000014901161,6450
2022-11-17,0.03500000014901161,0.03500000014901161,0.03500000014901161,0.03500000014901161,0.03500000014901161,0
2022-11-18,0.029999999329447746,0.029999999329447746,0.029999999329447746,0.029999999329447746,0.029999999329447746,1502
2022-11-21,0.029999999329447746,0.03500000014901161,0.029999999329447746,0.03500000014901161,0.03500000014901161,8357
2022-11-22,0.02500000037252903,0.03500000014901161,0.010099999606609344,0.03500000014901161,0.03500000014901161,118017
2022-11-23,0.03500000014901161,0.03500000014901161,0.02500000037252903,0.02500000037252903,0.02500000037252903,21895
2022-11-25,0.02500000037252903,0.02500000037252903,0.02500000037252903,0.02500000037252903,0.02500000037252903,0
2022-11-28,0.02500000037252903,0.02500000037252903,0.02500000037252903,0.02500000037252903,0.02500000037252903,0
2022-11-29,0.02759999968111515,0.02759999968111515,0.02019999921321869,0.02019999921321869,0.02019999921321869,10650
2022-11-30,0.02019999921321869,0.02019999921321869,0.02019999921321869,0.02019999921321869,0.02019999921321869,0
2022-12-01,0.029999999329447746,0.029999999329447746,0.029999999329447746,0.029999999329447746,0.029999999329447746,9895
2022-12-02,0.03500000014901161,0.03500000014901161,0.02500000037252903,0.02500000037252903,0.02500000037252903,12632
2022-12-05,0.02500000037252903,0.02500000037252903,0.02500000037252903,0.02500000037252903,0.02500000037252903,0
2022-12-06,0.02500000037252903,0.02500000037252903,0.02500000037252903,0.02500000037252903,0.02500000037252903,0
2022-12-07,0.03500000014901161,0.03500000014901161,0.03500000014901161,0.03500000014901161,0.03500000014901161,1000
2022-12-08,0.02500000037252903,0.03500000014901161,0.02500000037252903,0.03500000014901161,0.03500000014901161,17500
2022-12-09,0.03500000014901161,0.03500000014901161,0.03500000014901161,0.03500000014901161,0.03500000014901161,2000
2022-12-12,0.03500000014901161,0.03500000014901161,0.03500000014901161,0.03500000014901161,0.03500000014901161,0
2022-12-13,0.029999999329447746,0.029999999329447746,0.029999999329447746,0.029999999329447746,0.029999999329447746,300000
2022-12-14,0.029999999329447746,0.029999999329447746,0.029999999329447746,0.029999999329447746,0.029999999329447746,0
2022-12-15,0.029999999329447746,0.029999999329447746,0.029999999329447746,0.029999999329447746,0.029999999329447746,0
2022-12-16,0.029999999329447746,0.029999999329447746,0.029999999329447746,0.029999999329447746,0.029999999329447746,0
2022-12-19,0.029999999329447746,0.029999999329447746,0.029999999329447746,0.029999999329447746,0.029999999329447746,0
2022-12-20,0.029999999329447746,0.029999999329447746,0.029999999329447746,0.029999999329447746,0.029999999329447746,0
2022-12-21,0.029999999329447746,0.029999999329447746,0.029999999329447746,0.029999999329447746,0.029999999329447746,0
2022-12-22,0.03500000014901161,0.03500000014901161,0.03500000014901161,0.03500000014901161,0.03500000014901161,2100
2022-12-23,0.02500000037252903,0.02500000037252903,0.02500000037252903,0.02500000037252903,0.02500000037252903,137050
2022-12-27,0.029999999329447746,0.029999999329447746,0.029999999329447746,0.029999999329447746,0.029999999329447746,22500
2022-12-28,0.029999999329447746,0.029999999329447746,0.029999999329447746,0.029999999329447746,0.029999999329447746,8929
2022-12-29,0.029999999329447746,0.029999999329447746,0.029999999329447746,0.029999999329447746,0.029999999329447746,6100
2022-12-30,0.027899999171495438,0.029999999329447746,0.027899999171495438,0.029999999329447746,0.029999999329447746,196934
2023-01-03,0.029999999329447746,0.029999999329447746,0.029999999329447746,0.029999999329447746,0.029999999329447746,1200
2023-01-04,0.029999999329447746,0.029999999329447746,0.029999999329447746,0.029999999329447746,0.029999999329447746,1500
2023-01-05,0.029999999329447746,0.029999999329447746,0.02019999921321869,0.02019999921321869,0.02019999921321869,2300
2023-01-06,0.02019999921321869,0.02019999921321869,0.02019999921321869,0.02019999921321869,0.02019999921321869,28892
2023-01-09,0.029999999329447746,0.029999999329447746,0.029999999329447746,0.029999999329447746,0.029999999329447746,1000
2023-01-10,0.029999999329447746,0.029999999329447746,0.029999999329447746,0.029999999329447746,0.029999999329447746,1450
2023-01-11,0.029999999329447746,0.029999999329447746,0.029999999329447746,0.029999999329447746,0.029999999329447746,0
2023-01-12,0.029999999329447746,0.029999999329447746,0.029999999329447746,0.029999999329447746,0.029999999329447746,0
2023-01-13,0.029999999329447746,0.029999999329447746,0.029999999329447746,0.029999999329447746,0.029999999329447746,0
2023-01-17,0.029999999329447746,0.029999999329447746,0.029999999329447746,0.029999999329447746,0.029999999329447746,119271
2023-01-18,0.029999999329447746,0.029999999329447746,0.029999999329447746,0.029999999329447746,0.029999999329447746,0
2023-01-19,0.029999999329447746,0.029999999329447746,0.029999999329447746,0.029999999329447746,0.029999999329447746,0
2023-01-20,0.02019999921321869,0.03500000014901161,0.02019999921321869,0.03500000014901161,0.03500000014901161,5600
2023-01-23,0.03500000014901161,0.03500000014901161,0.03500000014901161,0.03500000014901161,0.03500000014901161,8333
2023-01-24,0.020999999716877937,0.020999999716877937,0.020999999716877937,0.020999999716877937,0.020999999716877937,11190
2023-01-25,0.03500000014901161,0.03500000014901161,0.03500000014901161,0.03500000014901161,0.03500000014901161,1500
2023-01-26,0.03500000014901161,0.03500000014901161,0.020999999716877937,0.020999999716877937,0.020999999716877937,20400
2023-01-27,0.02500000037252903,0.02500000037252903,0.020999999716877937,0.020999999716877937,0.020999999716877937,37620
2023-01-30,0.02500000037252903,0.02500000037252903,0.02500000037252903,0.02500000037252903,0.02500000037252903,40000
2023-01-31,0.02500000037252903,0.02500000037252903,0.02500000037252903,0.02500000037252903,0.02500000037252903,0
2023-02-01,0.020999999716877937,0.020999999716877937,0.020999999716877937,0.020999999716877937,0.020999999716877937,153812
2023-02-02,0.011500000022351742,0.012000000104308128,0.010999999940395355,0.012000000104308128,0.012000000104308128,35002
2023-02-03,0.02500000037252903,0.02500000037252903,0.02500000037252903,0.02500000037252903,0.02500000037252903,12100
2023-02-06,0.014499999582767487,0.02500000037252903,0.014000000432133675,0.02500000037252903,0.02500000037252903,192372
2023-02-07,0.02500000037252903,0.027000000700354576,0.02500000037252903,0.027000000700354576,0.027000000700354576,303900
2023-02-08,0.027000000700354576,0.027000000700354576,0.027000000700354576,0.027000000700354576,0.027000000700354576,0
2023-02-09,0.028999999165534973,0.03400000184774399,0.028999999165534973,0.03400000184774399,0.03400000184774399,136445
2023-02-10,0.03500000014901161,0.03500000014901161,0.03500000014901161,0.03500000014901161,0.03500000014901161,158389
2023-02-13,0.03500000014901161,0.03500000014901161,0.03500000014901161,0.03500000014901161,0.03500000014901161,0
2023-02-14,0.019099999219179153,0.019099999219179153,0.019099999219179153,0.019099999219179153,0.019099999219179153,30000
2023-02-15,0.029999999329447746,0.029999999329447746,0.029999999329447746,0.029999999329447746,0.029999999329447746,130100
2023-02-16,0.020099999383091927,0.03500000014901161,0.020099999383091927,0.028049999848008156,0.028049999848008156,122682
2023-02-17,0.028049999848008156,0.028049999848008156,0.028049999848008156,0.028049999848008156,0.028049999848008156,0
2023-02-21,0.029999999329447746,0.03500000014901161,0.019099999219179153,0.029999999329447746,0.029999999329447746,484000
2023-02-22,0.029999999329447746,0.029999999329447746,0.029999999329447746,0.029999999329447746,0.029999999329447746,0
2023-02-23,0.028999999165534973,0.029999999329447746,0.02019999921321869,0.02019999921321869,0.02019999921321869,114125
2023-02-24,0.02019999921321869,0.02019999921321869,0.02019999921321869,0.02019999921321869,0.02019999921321869,0
2023-02-27,0.02019999921321869,0.02019999921321869,0.02019999921321869,0.02019999921321869,0.02019999921321869,0
2023-02-28,0.02019999921321869,0.02019999921321869,0.02019999921321869,0.02019999921321869,0.02019999921321869,0
2023-03-01,0.02019999921321869,0.02019999921321869,0.02019999921321869,0.02019999921321869,0.02019999921321869,0
2023-03-02,0.02019999921321869,0.02019999921321869,0.02019999921321869,0.02019999921321869,0.02019999921321869,0
2023-03-03,0.029999999329447746,0.029999999329447746,0.02500000037252903,0.02500000037252903,0.02500000037252903,23611
2023-03-06,0.03240000084042549,0.03400000184774399,0.031099999323487282,0.03400000184774399,0.03400000184774399,720
2023-03-07,0.0272000003606081,0.0272000003606081,0.0272000003606081,0.0272000003606081,0.0272000003606081,5000
2023-03-08,0.0272000003606081,0.0272000003606081,0.0272000003606081,0.0272000003606081,0.0272000003606081,0
2023-03-09,0.029999999329447746,0.029999999329447746,0.02500000037252903,0.02500000037252903,0.02500000037252903,202700
2023-03-10,0.029999999329447746,0.029999999329447746,0.029999999329447746,0.029999999329447746,0.029999999329447746,382005
2023-03-13,0.029999999329447746,0.029999999329447746,0.023099999874830246,0.029999999329447746,0.029999999329447746,16750
2023-03-14,0.02500000037252903,0.029999999329447746,0.024000000208616257,0.029999999329447746,0.029999999329447746,251000
2023-03-15,0.029999999329447746,0.029999999329447746,0.029999999329447746,0.029999999329447746,0.029999999329447746,9750
2023-03-16,0.02449999935925007,0.02449999935925007,0.023000000044703484,0.023000000044703484,0.023000000044703484,116250
2023-03-17,0.02319999970495701,0.02319999970495701,0.02319999970495701,0.02319999970495701,0.02319999970495701,500
2023-03-20,0.02319999970495701,0.02319999970495701,0.02319999970495701,0.02319999970495701,0.02319999970495701,0
2023-03-21,0.026000000536441803,0.029999999329447746,0.026000000536441803,0.029999999329447746,0.029999999329447746,256000
2023-03-22,0.023399999365210533,0.029999999329447746,0.023399999365210533,0.025100000202655792,0.025100000202655792,177250
2023-03-23,0.023000000044703484,0.023000000044703484,0.023000000044703484,0.023000000044703484,0.023000000044703484,2572
2023-03-24,0.02759999968111515,0.029999999329447746,0.02759999968111515,0.029999999329447746,0.029999999329447746,4125
2023-03-27,0.029999999329447746,0.029999999329447746,0.029999999329447746,0.029999999329447746,0.029999999329447746,0
2023-03-28,0.025200000032782555,0.025200000032782555,0.020999999716877937,0.020999999716877937,0.020999999716877937,358000
2023-03-29,0.020999999716877937,0.020999999716877937,0.019999999552965164,0.019999999552965164,0.019999999552965164,50789
2023-03-30,0.029999999329447746,0.029999999329447746,0.029999999329447746,0.029999999329447746,0.029999999329447746,10000
2023-03-31,0.029899999499320984,0.029899999499320984,0.029899999499320984,0.029899999499320984,0.029899999499320984,3100
2023-04-03,0.029899999499320984,0.029899999499320984,0.029899999499320984,0.029899999499320984,0.029899999499320984,0
2023-04-04,0.03310000151395798,0.0348999984562397,0.029899999499320984,0.029999999329447746,0.029999999329447746,269441
2023-04-05,0.029999999329447746,0.029999999329447746,0.029999999329447746,0.029999999329447746,0.029999999329447746,0
2023-04-06,0.029999999329447746,0.029999999329447746,0.029999999329447746,0.029999999329447746,0.029999999329447746,0
2023-04-10,0.00019999999494757503,0.009999999776482582,0.00019999999494757503,0.009999999776482582,0.009999999776482582,10125
2023-04-11,0.009999999776482582,0.009999999776482582,0.009999999776482582,0.009999999776482582,0.009999999776482582,0
2023-04-12,0.009999999776482582,0.009999999776482582,0.009999999776482582,0.009999999776482582,0.009999999776482582,0
2023-04-13,0.009999999776482582,0.009999999776482582,0.009999999776482582,0.009999999776482582,0.009999999776482582,0
2023-04-14,0.009999999776482582,0.009999999776482582,0.009999999776482582,0.009999999776482582,0.009999999776482582,0
2023-04-17,0.009999999776482582,0.02500000037252903,0.009999999776482582,0.02500000037252903,0.02500000037252903,156217
2023-04-18,0.02500000037252903,0.02500000037252903,0.02500000037252903,0.02500000037252903,0.02500000037252903,0
2023-04-19,0.02500000037252903,0.02500000037252903,0.02500000037252903,0.02500000037252903,0.02500000037252903,0
2023-04-20,0.02500000037252903,0.02500000037252903,0.02500000037252903,0.02500000037252903,0.02500000037252903,0
2023-04-21,0.00019999999494757503,0.00019999999494757503,0.00019999999494757503,0.00019999999494757503,0.00019999999494757503,31600
2023-04-24,0.00019999999494757503,0.00019999999494757503,0.00019999999494757503,0.00019999999494757503,0.00019999999494757503,52500
2023-04-25,0.010099999606609344,0.010099999606609344,0.00019999999494757503,0.00019999999494757503,0.00019999999494757503,200
2023-04-26,0.00019999999494757503,0.00019999999494757503,0.00019999999494757503,0.00019999999494757503,0.00019999999494757503,0
2023-04-27,0.00019999999494757503,0.00019999999494757503,0.00019999999494757503,0.00019999999494757503,0.00019999999494757503,0
2023-04-28,0.00019999999494757503,0.00019999999494757503,0.00019999999494757503,0.00019999999494757503,0.00019999999494757503,0
2023-05-01,0.00019999999494757503,0.00019999999494757503,0.00019999999494757503,0.00019999999494757503,0.00019999999494757503,6100
2023-05-02,0.00019999999494757503,0.00019999999494757503,0.00019999999494757503,0.00019999999494757503,0.00019999999494757503,0
2023-05-03,0.00019999999494757503,0.00019999999494757503,0.00019999999494757503,0.00019999999494757503,0.00019999999494757503,0
2023-05-04,0.00019999999494757503,0.00019999999494757503,0.00019999999494757503,0.00019999999494757503,0.00019999999494757503,0
2023-05-05,0.00019999999494757503,0.00019999999494757503,0.00019999999494757503,0.00019999999494757503,0.00019999999494757503,10000
2023-05-08,0.00019999999494757503,0.00019999999494757503,0.00019999999494757503,0.00019999999494757503,0.00019999999494757503,0
2023-05-09,0.00019999999494757503,0.00019999999494757503,0.00019999999494757503,0.00019999999494757503,0.00019999999494757503,0
2023-05-10,0.00019999999494757503,0.00019999999494757503,0.00019999999494757503,0.00019999999494757503,0.00019999999494757503,0
2023-05-11,0.00019999999494757503,0.00019999999494757503,0.00019999999494757503,0.00019999999494757503,0.00019999999494757503,0
2023-05-12,0.00019999999494757503,0.00019999999494757503,0.00019999999494757503,0.00019999999494757503,0.00019999999494757503,0
2023-05-15,0.00019999999494757503,0.00019999999494757503,0.00019999999494757503,0.00019999999494757503,0.00019999999494757503,0
2023-05-16,0.0003000000142492354,0.00039999998989515007,0.00019999999494757503,0.00039999998989515007,0.00039999998989515007,29000
2023-05-17,0.00039999998989515007,0.00039999998989515007,0.00039999998989515007,0.00039999998989515007,0.00039999998989515007,0
2023-05-18,0.0003000000142492354,0.0003000000142492354,0.0003000000142492354,0.0003000000142492354,0.0003000000142492354,2000
2023-05-19,0.0003000000142492354,0.0003000000142492354,0.0003000000142492354,0.0003000000142492354,0.0003000000142492354,0
2023-05-22,0.0003000000142492354,0.0003000000142492354,0.0003000000142492354,0.0003000000142492354,0.0003000000142492354,0
2023-05-23,0.0003000000142492354,0.0003000000142492354,0.0003000000142492354,0.0003000000142492354,0.0003000000142492354,0
2023-05-24,0.0003000000142492354,0.0003000000142492354,0.0003000000142492354,0.0003000000142492354,0.0003000000142492354,0
2023-05-25,0.0003000000142492354,0.0003000000142492354,0.0003000000142492354,0.0003000000142492354,0.0003000000142492354,0
2023-05-26,0.0003000000142492354,0.0003000000142492354,0.0003000000142492354,0.0003000000142492354,0.0003000000142492354,0
2023-05-30,0.0003000000142492354,0.0003000000142492354,0.0003000000142492354,0.0003000000142492354,0.0003000000142492354,210
2023-05-31,0.0003000000142492354,0.0003000000142492354,0.0003000000142492354,0.0003000000142492354,0.0003000000142492354,0
2023-06-01,0.0003000000142492354,0.0003000000142492354,0.0003000000142492354,0.0003000000142492354,0.0003000000142492354,0
2023-06-02,0.0003000000142492354,0.0003000000142492354,0.0003000000142492354,0.0003000000142492354,0.0003000000142492354,0
2023-06-05,0.0003000000142492354,0.0003000000142492354,0.0003000000142492354,0.0003000000142492354,0.0003000000142492354,0
2023-06-06,0.0003000000142492354,0.0003000000142492354,0.0003000000142492354,0.0003000000142492354,0.0003000000142492354,0
2023-06-07,0.0003000000142492354,0.0003000000142492354,0.0003000000142492354,0.0003000000142492354,0.0003000000142492354,0
2023-06-08,0.0003000000142492354,0.0003000000142492354,0.0003000000142492354,0.0003000000142492354,0.0003000000142492354,0
2023-06-09,0.0003000000142492354,0.0003000000142492354,0.0003000000142492354,0.0003000000142492354,0.0003000000142492354,0
2023-06-12,0.0003000000142492354,0.0003000000142492354,0.0003000000142492354,0.0003000000142492354,0.0003000000142492354,0
2023-06-13,0.0003000000142492354,0.0003000000142492354,0.0003000000142492354,0.0003000000142492354,0.0003000000142492354,0
2023-06-14,0.0003000000142492354,0.0003000000142492354,0.0003000000142492354,0.0003000000142492354,0.0003000000142492354,0
2023-06-15,0.0003000000142492354,0.0003000000142492354,0.0003000000142492354,0.0003000000142492354,0.0003000000142492354,0
2023-06-16,0.0003000000142492354,0.0003000000142492354,0.0003000000142492354,0.0003000000142492354,0.0003000000142492354,0
2023-06-20,0.0003000000142492354,0.0003000000142492354,0.0003000000142492354,0.0003000000142492354,0.0003000000142492354,0
2023-06-21,0.0003000000142492354,0.0003000000142492354,0.0003000000142492354,0.0003000000142492354,0.0003000000142492354,0
2023-06-22,0.0003000000142492354,0.0003000000142492354,0.0003000000142492354,0.0003000000142492354,0.0003000000142492354,0
2023-06-23,0.0003000000142492354,0.0003000000142492354,0.0003000000142492354,0.0003000000142492354,0.0003000000142492354,0
2023-06-26,0.0003000000142492354,0.0003000000142492354,0.0003000000142492354,0.0003000000142492354,0.0003000000142492354,0
2023-06-27,0.0003000000142492354,0.0003000000142492354,0.0003000000142492354,0.0003000000142492354,0.0003000000142492354,0
2023-06-28,0.0003000000142492354,0.0003000000142492354,0.0003000000142492354,0.0003000000142492354,0.0003000000142492354,0
2023-06-29,0.0003000000142492354,0.0003000000142492354,0.0003000000142492354,0.0003000000142492354,0.0003000000142492354,0
2023-06-30,0.0003000000142492354,0.0003000000142492354,0.0003000000142492354,0.0003000000142492354,0.0003000000142492354,0
2023-07-03,0.0003000000142492354,0.0003000000142492354,0.0003000000142492354,0.0003000000142492354,0.0003000000142492354,0
2023-07-05,0.0003000000142492354,0.0003000000142492354,0.0003000000142492354,0.0003000000142492354,0.0003000000142492354,0
2023-07-06,0.0003000000142492354,0.0003000000142492354,0.0003000000142492354,0.0003000000142492354,0.0003000000142492354,0
2023-07-07,0.0003000000142492354,0.0003000000142492354,0.0003000000142492354,0.0003000000142492354,0.0003000000142492354,0
2023-07-10,0.0003000000142492354,0.0003000000142492354,0.0003000000142492354,0.0003000000142492354,0.0003000000142492354,0
2023-07-11,0.0003000000142492354,0.0003000000142492354,0.0003000000142492354,0.0003000000142492354,0.0003000000142492354,0
2023-07-12,0.0003000000142492354,0.0003000000142492354,0.0003000000142492354,0.0003000000142492354,0.0003000000142492354,0
2023-07-13,0.00039999998989515007,0.00039999998989515007,0.00039999998989515007,0.00039999998989515007,0.00039999998989515007,1000
2023-07-14,0.00039999998989515007,0.00039999998989515007,0.00039999998989515007,0.00039999998989515007,0.00039999998989515007,1000
2023-07-17,0.00039999998989515007,0.00039999998989515007,0.00039999998989515007,0.00039999998989515007,0.00039999998989515007,0
2023-07-18,0.00039999998989515007,0.013899999670684338,0.00039999998989515007,0.00039999998989515007,0.00039999998989515007,5573
2023-07-19,0.00039999998989515007,0.00039999998989515007,0.00039999998989515007,0.00039999998989515007,0.00039999998989515007,0
2023-07-20,0.00039999998989515007,0.00039999998989515007,0.00039999998989515007,0.00039999998989515007,0.00039999998989515007,0
2023-07-21,0.00039999998989515007,0.00039999998989515007,0.00039999998989515007,0.00039999998989515007,0.00039999998989515007,3667
2023-07-24,0.00039999998989515007,0.00039999998989515007,0.00039999998989515007,0.00039999998989515007,0.00039999998989515007,4000
2023-07-25,0.00039999998989515007,0.00039999998989515007,0.00039999998989515007,0.00039999998989515007,0.00039999998989515007,455
2023-07-26,0.00039999998989515007,0.00039999998989515007,0.00039999998989515007,0.00039999998989515007,0.00039999998989515007,0
2023-07-27,0.00039999998989515007,0.00039999998989515007,0.00039999998989515007,0.00039999998989515007,0.00039999998989515007,0
2023-07-28,0.00039999998989515007,0.00039999998989515007,0.00039999998989515007,0.00039999998989515007,0.00039999998989515007,0
2023-07-31,0.00039999998989515007,0.00039999998989515007,0.00039999998989515007,0.00039999998989515007,0.00039999998989515007,0
2023-08-01,0.00039999998989515007,0.00039999998989515007,0.00039999998989515007,0.00039999998989515007,0.00039999998989515007,0
2023-08-02,0.00039999998989515007,0.00039999998989515007,0.00039999998989515007,0.00039999998989515007,0.00039999998989515007,0
2023-08-03,0.00039999998989515007,0.00039999998989515007,0.00039999998989515007,0.00039999998989515007,0.00039999998989515007,0
2023-08-04,0.00039999998989515007,0.0005000000237487257,0.00039999998989515007,0.0005000000237487257,0.0005000000237487257,31400
2023-08-07,0.0005000000237487257,0.0005000000237487257,0.0005000000237487257,0.0005000000237487257,0.0005000000237487257,0
2023-08-08,0.0005000000237487257,0.0005000000237487257,0.0005000000237487257,0.0005000000237487257,0.0005000000237487257,2000
2023-08-09,0.0005000000237487257,0.0005000000237487257,0.0005000000237487257,0.0005000000237487257,0.0005000000237487257,0
2023-08-10,0.0005000000237487257,0.0005000000237487257,0.0005000000237487257,0.0005000000237487257,0.0005000000237487257,0
2023-08-11,0.0005000000237487257,0.0005000000237487257,0.0005000000237487257,0.0005000000237487257,0.0005000000237487257,0
2023-08-14,0.0005000000237487257,0.0005000000237487257,0.0005000000237487257,0.0005000000237487257,0.0005000000237487257,0
2023-08-15,0.0005000000237487257,0.0005000000237487257,0.0005000000237487257,0.0005000000237487257,0.0005000000237487257,0
2023-08-16,0.0005000000237487257,0.0005000000237487257,0.0005000000237487257,0.0005000000237487257,0.0005000000237487257,0
2023-08-17,0.0005000000237487257,0.0005000000237487257,0.0005000000237487257,0.0005000000237487257,0.0005000000237487257,0
2023-08-18,0.0005000000237487257,0.0005000000237487257,0.0005000000237487257,0.0005000000237487257,0.0005000000237487257,0
2023-08-21,0.0005000000237487257,0.0005000000237487257,0.0005000000237487257,0.0005000000237487257,0.0005000000237487257,0
2023-08-22,0.0005000000237487257,0.0005000000237487257,0.0005000000237487257,0.0005000000237487257,0.0005000000237487257,0
2023-08-23,0.0005000000237487257,0.0005000000237487257,0.0005000000237487257,0.0005000000237487257,0.0005000000237487257,0
2023-08-24,0.0006000000284984708,0.0006000000284984708,0.0006000000284984708,0.0006000000284984708,0.0006000000284984708,500
2023-08-25,0.0006000000284984708,0.0006000000284984708,0.0006000000284984708,0.0006000000284984708,0.0006000000284984708,0
2023-08-28,0.0006000000284984708,0.0006000000284984708,0.0006000000284984708,0.0006000000284984708,0.0006000000284984708,0
2023-08-29,0.0006000000284984708,0.0006000000284984708,0.0006000000284984708,0.0006000000284984708,0.0006000000284984708,125
2023-08-30,0.0006000000284984708,0.0006000000284984708,0.0006000000284984708,0.0006000000284984708,0.0006000000284984708,0
2023-08-31,0.0006000000284984708,0.0006000000284984708,0.0006000000284984708,0.0006000000284984708,0.0006000000284984708,0
2023-09-01,0.0006000000284984708,0.0006000000284984708,0.0006000000284984708,0.0006000000284984708,0.0006000000284984708,0
2023-09-05,0.0006000000284984708,0.0006000000284984708,0.0006000000284984708,0.0006000000284984708,0.0006000000284984708,0
2023-09-06,0.0006000000284984708,0.0006000000284984708,0.0006000000284984708,0.0006000000284984708,0.0006000000284984708,0
2023-09-07,0.0006000000284984708,0.0006000000284984708,0.0006000000284984708,0.0006000000284984708,0.0006000000284984708,0
2023-09-08,0.0006000000284984708,0.0006000000284984708,0.0006000000284984708,0.0006000000284984708,0.0006000000284984708,0
2023-09-11,0.0006000000284984708,0.0006000000284984708,0.0006000000284984708,0.0006000000284984708,0.0006000000284984708,0
2023-09-12,0.0006000000284984708,0.0006000000284984708,0.0006000000284984708,0.0006000000284984708,0.0006000000284984708,600
2023-09-13,0.0006000000284984708,0.0006000000284984708,0.0006000000284984708,0.0006000000284984708,0.0006000000284984708,0
2023-09-14,0.0006000000284984708,0.0006000000284984708,0.0006000000284984708,0.0006000000284984708,0.0006000000284984708,50000
2023-09-15,0.0006000000284984708,0.0006000000284984708,0.0006000000284984708,0.0006000000284984708,0.0006000000284984708,200000
2023-09-18,0.0006000000284984708,0.0006000000284984708,0.0006000000284984708,0.0006000000284984708,0.0006000000284984708,0
2023-09-19,0.0006000000284984708,0.0006000000284984708,0.0006000000284984708,0.0006000000284984708,0.0006000000284984708,0
2023-09-20,0.0006000000284984708,0.0006000000284984708,0.0006000000284984708,0.0006000000284984708,0.0006000000284984708,0
2023-09-21,0.0006000000284984708,0.0006000000284984708,0.0006000000284984708,0.0006000000284984708,0.0006000000284984708,0
2023-09-22,0.0006000000284984708,0.0006000000284984708,0.0006000000284984708,0.0006000000284984708,0.0006000000284984708,0
2023-09-25,0.0006000000284984708,0.0006000000284984708,0.0006000000284984708,0.0006000000284984708,0.0006000000284984708,0
2023-09-26,0.0006000000284984708,0.0006000000284984708,0.0006000000284984708,0.0006000000284984708,0.0006000000284984708,0
2023-09-27,0.000699999975040555,0.000699999975040555,0.000699999975040555,0.000699999975040555,0.000699999975040555,250000
2023-09-28,0.000699999975040555,0.000699999975040555,0.000699999975040555,0.000699999975040555,0.000699999975040555,0
2023-09-29,0.000699999975040555,0.000699999975040555,0.000699999975040555,0.000699999975040555,0.000699999975040555,1000
2023-10-02,0.008999999612569809,0.009999999776482582,0.008999999612569809,0.009999999776482582,0.009999999776482582,115000
2023-10-03,0.029999999329447746,0.029999999329447746,0.01209999993443489,0.014999999664723873,0.014999999664723873,60647
2023-10-04,0.029899999499320984,0.029899999499320984,0.009999999776482582,0.019999999552965164,0.019999999552965164,154219
2023-10-05,0.019999999552965164,0.027000000700354576,0.019999999552965164,0.027000000700354576,0.027000000700354576,217039
2023-10-06,0.02800000086426735,0.029999999329447746,0.02800000086426735,0.029999999329447746,0.029999999329447746,173430
2023-10-09,0.029999999329447746,0.03400000184774399,0.029999999329447746,0.029999999329447746,0.029999999329447746,70865
2023-10-10,0.004999999888241291,0.029999999329447746,0.004999999888241291,0.027000000700354576,0.027000000700354576,8788
2023-10-11,0.027000000700354576,0.027000000700354576,0.027000000700354576,0.027000000700354576,0.027000000700354576,0
2023-10-12,0.027000000700354576,0.027000000700354576,0.027000000700354576,0.027000000700354576,0.027000000700354576,0
2023-10-13,0.02500000037252903,0.02500000037252903,0.024000000208616257,0.024000000208616257,0.024000000208616257,24844
2023-10-16,0.009999999776482582,0.009999999776482582,0.009999999776482582,0.009999999776482582,0.009999999776482582,150
2023-10-17,0.009999999776482582,0.03400000184774399,0.009999999776482582,0.012000000104308128,0.012000000104308128,5200
2023-10-18,0.024000000208616257,0.024000000208616257,0.024000000208616257,0.024000000208616257,0.024000000208616257,20294
2023-10-19,0.024000000208616257,0.024000000208616257,0.024000000208616257,0.024000000208616257,0.024000000208616257,2000
2023-10-20,0.024000000208616257,0.024000000208616257,0.024000000208616257,0.024000000208616257,0.024000000208616257,0
2023-10-23,0.03400000184774399,0.03400000184774399,0.029999999329447746,0.03400000184774399,0.03400000184774399,13617
2023-10-24,0.032999999821186066,0.032999999821186066,0.032999999821186066,0.032999999821186066,0.032999999821186066,1575
2023-10-25,0.032999999821186066,0.032999999821186066,0.032999999821186066,0.032999999821186066,0.032999999821186066,5368
2023-10-26,0.009999999776482582,0.032999999821186066,0.009999999776482582,0.032999999821186066,0.032999999821186066,910
2023-10-27,0.032999999821186066,0.032999999821186066,0.032999999821186066,0.032999999821186066,0.032999999821186066,1145
2023-10-30,0.032999999821186066,0.032999999821186066,0.032999999821186066,0.032999999821186066,0.032999999821186066,1200
2023-10-31,0.027000000700354576,0.027000000700354576,0.027000000700354576,0.027000000700354576,0.027000000700354576,3030
2023-11-01,0.02199999988079071,0.02199999988079071,0.01209999993443489,0.012500000186264515,0.012500000186264515,250100
2023-11-02,0.029999999329447746,0.029999999329447746,0.012500000186264515,0.02199999988079071,0.02199999988079071,117483
2023-11-03,0.02199999988079071,0.02199999988079071,0.02199999988079071,0.02199999988079071,0.02199999988079071,0
2023-11-06,0.02199999988079071,0.02199999988079071,0.02199999988079071,0.02199999988079071,0.02199999988079071,0
2023-11-07,0.02199999988079071,0.02199999988079071,0.02199999988079071,0.02199999988079071,0.02199999988079071,0
2023-11-08,0.02199999988079071,0.02500000037252903,0.01899999938905239,0.02500000037252903,0.02500000037252903,102882
2023-11-09,0.029999999329447746,0.029999999329447746,0.019999999552965164,0.019999999552965164,0.019999999552965164,193725
2023-11-10,0.01600000075995922,0.01600000075995922,0.014999999664723873,0.014999999664723873,0.014999999664723873,118295
2023-11-13,0.014999999664723873,0.014999999664723873,0.014999999664723873,0.014999999664723873,0.014999999664723873,0
2023-11-14,0.014999999664723873,0.014999999664723873,0.014999999664723873,0.014999999664723873,0.014999999664723873,401
2023-11-15,0.019999999552965164,0.019999999552965164,0.019999999552965164,0.019999999552965164,0.019999999552965164,10100
2023-11-16,0.019999999552965164,0.019999999552965164,0.019999999552965164,0.019999999552965164,0.019999999552965164,0
2023-11-17,0.02199999988079071,0.02199999988079071,0.02199999988079071,0.02199999988079071,0.02199999988079071,50000
2023-11-20,0.02199999988079071,0.02199999988079071,0.02199999988079071,0.02199999988079071,0.02199999988079071,55000
2023-11-21,0.02800000086426735,0.02800000086426735,0.02800000086426735,0.02800000086426735,0.02800000086426735,3451
2023-11-22,0.02800000086426735,0.02800000086426735,0.02800000086426735,0.02800000086426735,0.02800000086426735,0
2023-11-24,0.02800000086426735,0.02800000086426735,0.02800000086426735,0.02800000086426735,0.02800000086426735,0
2023-11-27,0.02800000086426735,0.02800000086426735,0.017500000074505806,0.019999999552965164,0.019999999552965164,32392
2023-11-28,0.019999999552965164,0.019999999552965164,0.019999999552965164,0.019999999552965164,0.019999999552965164,0
2023-11-29,0.019999999552965164,0.019999999552965164,0.019999999552965164,0.019999999552965164,0.019999999552965164,0
2023-11-30,0.017999999225139618,0.017999999225139618,0.017999999225139618,0.017999999225139618,0.017999999225139618,1100
2023-12-01,0.024000000208616257,0.024000000208616257,0.024000000208616257,0.024000000208616257,0.024000000208616257,300
2023-12-04,0.017500000074505806,0.02500000037252903,0.017500000074505806,0.023900000378489494,0.023900000378489494,49136
2023-12-05,0.02199999988079071,0.02199999988079071,0.02199999988079071,0.02199999988079071,0.02199999988079071,1675
2023-12-06,0.017999999225139618,0.017999999225139618,0.017999999225139618,0.017999999225139618,0.017999999225139618,13200
2023-12-07,0.017999999225139618,0.017999999225139618,0.017999999225139618,0.017999999225139618,0.017999999225139618,0
2023-12-08,0.017999999225139618,0.017999999225139618,0.017999999225139618,0.017999999225139618,0.017999999225139618,0
2023-12-11,0.024000000208616257,0.024000000208616257,0.024000000208616257,0.024000000208616257,0.024000000208616257,125010
2023-12-12,0.024000000208616257,0.024000000208616257,0.024000000208616257,0.024000000208616257,0.024000000208616257,0
2023-12-13,0.019999999552965164,0.019999999552965164,0.017999999225139618,0.01810000091791153,0.01810000091791153,30200
2023-12-14,0.024000000208616257,0.024000000208616257,0.024000000208616257,0.024000000208616257,0.024000000208616257,16400
2023-12-15,0.024000000208616257,0.024000000208616257,0.024000000208616257,0.024000000208616257,0.024000000208616257,0
2023-12-18,0.024000000208616257,0.024000000208616257,0.024000000208616257,0.024000000208616257,0.024000000208616257,0
2023-12-19,0.02800000086426735,0.029999999329447746,0.02800000086426735,0.029999999329447746,0.029999999329447746,9000
2023-12-20,0.017999999225139618,0.017999999225139618,0.017999999225139618,0.017999999225139618,0.017999999225139618,260
2023-12-21,0.01850000023841858,0.019999999552965164,0.018200000748038292,0.019999999552965164,0.019999999552965164,39334
2023-12-22,0.029999999329447746,0.029999999329447746,0.018200000748038292,0.019999999552965164,0.019999999552965164,18101
2023-12-26,0.019999999552965164,0.019999999552965164,0.019999999552965164,0.019999999552965164,0.019999999552965164,0
2023-12-27,0.018300000578165054,0.018300000578165054,0.018300000578165054,0.018300000578165054,0.018300000578165054,1000
2023-12-28,0.018300000578165054,0.018300000578165054,0.018300000578165054,0.018300000578165054,0.018300000578165054,0
2023-12-29,0.024000000208616257,0.02669999934732914,0.023000000044703484,0.02669999934732914,0.02669999934732914,15601
2024-01-02,0.029999999329447746,0.029999999329447746,0.024000000208616257,0.029999999329447746,0.029999999329447746,74822
2024-01-03,0.029999999329447746,0.029999999329447746,0.029999999329447746,0.029999999329447746,0.029999999329447746,0
2024-01-04,0.029999999329447746,0.029999999329447746,0.01850000023841858,0.01860000006854534,0.01860000006854534,71104
2024-01-05,0.01860000006854534,0.01860000006854534,0.01860000006854534,0.01860000006854534,0.01860000006854534,0
2024-01-08,0.019999999552965164,0.029999999329447746,0.019999999552965164,0.02500000037252903,0.02500000037252903,22500
2024-01-09,0.029999999329447746,0.029999999329447746,0.029999999329447746,0.029999999329447746,0.029999999329447746,25000
2024-01-10,0.029999999329447746,0.029999999329447746,0.029999999329447746,0.029999999329447746,0.029999999329447746,0
2024-01-11,0.029999999329447746,0.029999999329447746,0.029999999329447746,0.029999999329447746,0.029999999329447746,0
2024-01-12,0.029999999329447746,0.029999999329447746,0.029999999329447746,0.029999999329447746,0.029999999329447746,0
2024-01-16,0.019999999552965164,0.029999999329447746,0.019999999552965164,0.029999999329447746,0.029999999329447746,100500
2024-01-17,0.029999999329447746,0.029999999329447746,0.029999999329447746,0.029999999329447746,0.029999999329447746,25000
2024-01-18,0.029999999329447746,0.029999999329447746,0.029999999329447746,0.029999999329447746,0.029999999329447746,0
2024-01-19,0.029999999329447746,0.029999999329447746,0.029999999329447746,0.029999999329447746,0.029999999329447746,28000
2024-01-22,0.02449999935925007,0.02449999935925007,0.019999999552965164,0.019999999552965164,0.019999999552965164,1105
2024-01-23,0.019999999552965164,0.019999999552965164,0.019999999552965164,0.019999999552965164,0.019999999552965164,0
2024-01-24,0.019999999552965164,0.02500000037252903,0.019999999552965164,0.02500000037252903,0.02500000037252903,34272
2024-01-25,0.019999999552965164,0.029999999329447746,0.019999999552965164,0.029999999329447746,0.029999999329447746,100282
2024-01-26,0.029999999329447746,0.029999999329447746,0.029999999329447746,0.029999999329447746,0.029999999329447746,3300
2024-01-29,0.019999999552965164,0.019999999552965164,0.009999999776482582,0.017500000074505806,0.017500000074505806,208100
2024-01-30,0.014999999664723873,0.01510000042617321,0.014999999664723873,0.014999999664723873,0.014999999664723873,57781
2024-01-31,0.01510000042617321,0.01510000042617321,0.01510000042617321,0.01510000042617321,0.01510000042617321,282
2024-02-01,0.026000000536441803,0.026000000536441803,0.01510000042617321,0.01510000042617321,0.01510000042617321,25100
2024-02-02,0.01510000042617321,0.01510000042617321,0.01510000042617321,0.01510000042617321,0.01510000042617321,0
2024-02-05,0.01600000075995922,0.01600000075995922,0.01600000075995922,0.01600000075995922,0.01600000075995922,3300
2024-02-06,0.016200000420212746,0.016200000420212746,0.016200000420212746,0.016200000420212746,0.016200000420212746,282
2024-02-07,0.01510000042617321,0.01510000042617321,0.01510000042617321,0.01510000042617321,0.01510000042617321,300
2024-02-08,0.01510000042617321,0.01510000042617321,0.01510000042617321,0.01510000042617321,0.01510000042617321,0
2024-02-09,0.016200000420212746,0.016200000420212746,0.016200000420212746,0.016200000420212746,0.016200000420212746,644
2024-02-12,0.016200000420212746,0.016200000420212746,0.016200000420212746,0.016200000420212746,0.016200000420212746,1000
2024-02-13,0.026000000536441803,0.026000000536441803,0.026000000536441803,0.026000000536441803,0.026000000536441803,25000
2024-02-14,0.020999999716877937,0.020999999716877937,0.020999999716877937,0.020999999716877937,0.020999999716877937,25000
2024-02-15,0.019999999552965164,0.019999999552965164,0.012299999594688416,0.012299999594688416,0.012299999594688416,349466
2024-02-16,0.024000000208616257,0.024000000208616257,0.013199999928474426,0.013199999928474426,0.013199999928474426,147980
2024-02-20,0.023000000044703484,0.023000000044703484,0.013299999758601189,0.013299999758601189,0.013299999758601189,12900
2024-02-21,0.013299999758601189,0.013299999758601189,0.013299999758601189,0.013299999758601189,0.013299999758601189,0
2024-02-22,0.013299999758601189,0.013299999758601189,0.013299999758601189,0.013299999758601189,0.013299999758601189,0
2024-02-23,0.013399999588727951,0.013399999588727951,0.009999999776482582,0.013399999588727951,0.013399999588727951,101910
2024-02-26,0.013399999588727951,0.013399999588727951,0.013399999588727951,0.013399999588727951,0.013399999588727951,0
2024-02-27,0.013399999588727951,0.013399999588727951,0.013399999588727951,0.013399999588727951,0.013399999588727951,0
2024-02-28,0.013399999588727951,0.013399999588727951,0.013399999588727951,0.013399999588727951,0.013399999588727951,0
2024-02-29,0.013399999588727951,0.013399999588727951,0.013399999588727951,0.013399999588727951,0.013399999588727951,0
2024-03-01,0.013399999588727951,0.013399999588727951,0.013399999588727951,0.013399999588727951,0.013399999588727951,359
2024-03-04,0.013399999588727951,0.013399999588727951,0.013399999588727951,0.013399999588727951,0.013399999588727951,0
2024-03-05,0.010999999940395355,0.010999999940395355,0.010999999940395355,0.010999999940395355,0.010999999940395355,4543
2024-03-06,0.010999999940395355,0.010999999940395355,0.010999999940395355,0.010999999940395355,0.010999999940395355,0
2024-03-07,0.010999999940395355,0.010999999940395355,0.010999999940395355,0.010999999940395355,0.010999999940395355,0
2024-03-08,0.019500000402331352,0.019500000402331352,0.019500000402331352,0.019500000402331352,0.019500000402331352,8963
2024-03-11,0.019500000402331352,0.019500000402331352,0.019500000402331352,0.019500000402331352,0.019500000402331352,3000
2024-03-12,0.019500000402331352,0.019500000402331352,0.019500000402331352,0.019500000402331352,0.019500000402331352,0
2024-03-13,0.019500000402331352,0.019500000402331352,0.019500000402331352,0.019500000402331352,0.019500000402331352,0
2024-03-14,0.018449999392032623,0.020899999886751175,0.018449999392032623,0.020899999886751175,0.020899999886751175,9000
2024-03-15,0.01600000075995922,0.01600000075995922,0.014999999664723873,0.014999999664723873,0.014999999664723873,25450
2024-03-18,0.014999999664723873,0.014999999664723873,0.014999999664723873,0.014999999664723873,0.014999999664723873,0
2024-03-19,0.014999999664723873,0.014999999664723873,0.014999999664723873,0.014999999664723873,0.014999999664723873,0
2024-03-20,0.014999999664723873,0.014999999664723873,0.014999999664723873,0.014999999664723873,0.014999999664723873,0
2024-03-21,0.014999999664723873,0.014999999664723873,0.014999999664723873,0.014999999664723873,0.014999999664723873,0
2024-03-22,0.01510000042617321,0.01510000042617321,0.014999999664723873,0.014999999664723873,0.014999999664723873,20000
2024-03-25,0.017500000074505806,0.017500000074505806,0.017500000074505806,0.017500000074505806,0.017500000074505806,73004
2024-03-26,0.019899999722838402,0.019899999722838402,0.019899999722838402,0.019899999722838402,0.019899999722838402,5007
2024-03-27,0.019899999722838402,0.019899999722838402,0.019899999722838402,0.019899999722838402,0.019899999722838402,7503
2024-03-28,0.019899999722838402,0.019899999722838402,0.019899999722838402,0.019899999722838402,0.019899999722838402,0
2024-04-01,0.019999999552965164,0.019999999552965164,0.019999999552965164,0.019999999552965164,0.019999999552965164,67946
2024-04-02,0.020999999716877937,0.020999999716877937,0.020800000056624413,0.020999999716877937,0.020999999716877937,140095
2024-04-03,0.020999999716877937,0.020999999716877937,0.020999999716877937,0.020999999716877937,0.020999999716877937,0
2024-04-04,0.019999999552965164,0.019999999552965164,0.019999999552965164,0.019999999552965164,0.019999999552965164,2000
2024-04-05,0.019999999552965164,0.019999999552965164,0.019999999552965164,0.019999999552965164,0.019999999552965164,0
2024-04-08,0.019999999552965164,0.019999999552965164,0.019999999552965164,0.019999999552965164,0.019999999552965164,0
2024-04-09,0.019999999552965164,0.019999999552965164,0.019999999552965164,0.019999999552965164,0.019999999552965164,0
2024-04-10,0.00039999998989515007,0.00039999998989515007,0.00039999998989515007,0.00039999998989515007,0.00039999998989515007,1000
2024-04-11,0.00039999998989515007,0.00039999998989515007,0.00039999998989515007,0.00039999998989515007,0.00039999998989515007,0
2024-04-12,0.00039999998989515007,0.00039999998989515007,0.00039999998989515007,0.00039999998989515007,0.00039999998989515007,0
2024-04-15,0.00039999998989515007,0.00039999998989515007,0.00039999998989515007,0.00039999998989515007,0.00039999998989515007,0
2024-04-16,0.00039999998989515007,0.00039999998989515007,0.00039999998989515007,0.00039999998989515007,0.00039999998989515007,0
2024-04-17,0.00039999998989515007,0.00039999998989515007,0.00039999998989515007,0.00039999998989515007,0.00039999998989515007,0
2024-04-18,0.00039999998989515007,0.00039999998989515007,0.00039999998989515007,0.00039999998989515007,0.00039999998989515007,0
2024-04-19,0.00039999998989515007,0.00039999998989515007,0.00039999998989515007,0.00039999998989515007,0.00039999998989515007,0
2024-04-22,0.00039999998989515007,0.00039999998989515007,0.00039999998989515007,0.00039999998989515007,0.00039999998989515007,125
2024-04-23,0.00039999998989515007,0.00039999998989515007,0.00039999998989515007,0.00039999998989515007,0.00039999998989515007,0
2024-04-24,0.00039999998989515007,0.00039999998989515007,0.00039999998989515007,0.00039999998989515007,0.00039999998989515007,0
2024-04-25,0.00039999998989515007,0.00039999998989515007,0.00039999998989515007,0.00039999998989515007,0.00039999998989515007,0
2024-04-26,0.00039999998989515007,0.00039999998989515007,0.00039999998989515007,0.00039999998989515007,0.00039999998989515007,3200
2024-04-29,0.00039999998989515007,0.00039999998989515007,0.00039999998989515007,0.00039999998989515007,0.00039999998989515007,0
2024-04-30,0.00039999998989515007,0.00039999998989515007,0.00039999998989515007,0.00039999998989515007,0.00039999998989515007,0
2024-05-01,0.00039999998989515007,0.00039999998989515007,0.00039999998989515007,0.00039999998989515007,0.00039999998989515007,0
2024-05-02,0.00039999998989515007,0.00039999998989515007,0.00039999998989515007,0.00039999998989515007,0.00039999998989515007,0
2024-05-03,0.00039999998989515007,0.00039999998989515007,0.00039999998989515007,0.00039999998989515007,0.00039999998989515007,0
2024-05-06,0.00039999998989515007,0.00039999998989515007,0.00039999998989515007,0.00039999998989515007,0.00039999998989515007,0
2024-05-07,0.00039999998989515007,0.00039999998989515007,0.00039999998989515007,0.00039999998989515007,0.00039999998989515007,0
2024-05-08,0.00039999998989515007,0.00039999998989515007,0.00039999998989515007,0.00039999998989515007,0.00039999998989515007,0
2024-05-09,0.00039999998989515007,0.00039999998989515007,0.00039999998989515007,0.00039999998989515007,0.00039999998989515007,0
2024-05-10,0.00039999998989515007,0.00039999998989515007,0.00039999998989515007,0.00039999998989515007,0.00039999998989515007,0
2024-05-13,0.00039999998989515007,0.00039999998989515007,0.00039999998989515007,0.00039999998989515007,0.00039999998989515007,0
2024-05-14,0.00039999998989515007,0.00039999998989515007,0.00039999998989515007,0.00039999998989515007,0.00039999998989515007,0
2024-05-15,0.00039999998989515007,0.00039999998989515007,0.00039999998989515007,0.00039999998989515007,0.00039999998989515007,0
2024-05-16,0.00039999998989515007,0.00039999998989515007,0.00039999998989515007,0.00039999998989515007,0.00039999998989515007,0
2024-05-17,0.00039999998989515007,0.00039999998989515007,0.00039999998989515007,0.00039999998989515007,0.00039999998989515007,0
2024-05-20,0.00039999998989515007,0.00039999998989515007,0.00039999998989515007,0.00039999998989515007,0.00039999998989515007,0
2024-05-21,0.00039999998989515007,0.00039999998989515007,0.00039999998989515007,0.00039999998989515007,0.00039999998989515007,0
2024-05-22,0.00039999998989515007,0.00039999998989515007,0.00039999998989515007,0.00039999998989515007,0.00039999998989515007,0
2024-05-23,0.00039999998989515007,0.00039999998989515007,0.00039999998989515007,0.00039999998989515007,0.00039999998989515007,0
2024-05-24,0.00039999998989515007,0.00039999998989515007,0.00039999998989515007,0.00039999998989515007,0.00039999998989515007,0
2024-05-28,0.00039999998989515007,0.00039999998989515007,0.00039999998989515007,0.00039999998989515007,0.00039999998989515007,0
2024-05-29,0.00039999998989515007,0.00039999998989515007,0.00039999998989515007,0.00039999998989515007,0.00039999998989515007,0
2024-05-30,0.00039999998989515007,0.00039999998989515007,0.00039999998989515007,0.00039999998989515007,0.00039999998989515007,0
2024-05-31,0.00039999998989515007,0.00039999998989515007,0.00039999998989515007,0.00039999998989515007,0.00039999998989515007,12500
2024-06-03,0.00039999998989515007,0.00039999998989515007,0.00039999998989515007,0.00039999998989515007,0.00039999998989515007,0
2024-06-04,0.00039999998989515007,0.00039999998989515007,0.00039999998989515007,0.00039999998989515007,0.00039999998989515007,0
2024-06-05,0.00039999998989515007,0.00039999998989515007,0.00039999998989515007,0.00039999998989515007,0.00039999998989515007,0
2024-06-06,0.00039999998989515007,0.00039999998989515007,0.00039999998989515007,0.00039999998989515007,0.00039999998989515007,0
2024-06-07,0.014999999664723873,0.014999999664723873,0.014999999664723873,0.014999999664723873,0.014999999664723873,3600
2024-06-10,0.014999999664723873,0.014999999664723873,0.014999999664723873,0.014999999664723873,0.014999999664723873,0
2024-06-11,0.014999999664723873,0.014999999664723873,0.014999999664723873,0.014999999664723873,0.014999999664723873,0
2024-06-12,0.014999999664723873,0.014999999664723873,0.014999999664723873,0.014999999664723873,0.014999999664723873,0
2024-06-13,0.014999999664723873,0.014999999664723873,0.014999999664723873,0.014999999664723873,0.014999999664723873,0
2024-06-14,0.014999999664723873,0.014999999664723873,0.014999999664723873,0.014999999664723873,0.014999999664723873,2000
2024-06-17,0.014999999664723873,0.014999999664723873,0.014999999664723873,0.014999999664723873,0.014999999664723873,0
2024-06-18,0.014999999664723873,0.014999999664723873,0.014999999664723873,0.014999999664723873,0.014999999664723873,0
2024-06-20,0.014999999664723873,0.014999999664723873,0.014999999664723873,0.014999999664723873,0.014999999664723873,0
2024-06-21,0.014999999664723873,0.014999999664723873,0.014999999664723873,0.014999999664723873,0.014999999664723873,0
2024-06-24,0.014999999664723873,0.014999999664723873,0.014999999664723873,0.014999999664723873,0.014999999664723873,0
2024-06-25,0.014999999664723873,0.014999999664723873,0.014999999664723873,0.014999999664723873,0.014999999664723873,0
2024-06-26,0.014999999664723873,0.014999999664723873,0.014999999664723873,0.014999999664723873,0.014999999664723873,0
2024-06-27,0.014999999664723873,0.014999999664723873,0.014999999664723873,0.014999999664723873,0.014999999664723873,0
2024-06-28,0.014999999664723873,0.014999999664723873,0.014999999664723873,0.014999999664723873,0.014999999664723873,0
2024-07-01,0.014999999664723873,0.014999999664723873,0.014999999664723873,0.014999999664723873,0.014999999664723873,4400
2024-07-02,0.014999999664723873,0.014999999664723873,0.014999999664723873,0.014999999664723873,0.014999999664723873,0
2024-07-03,0.014999999664723873,0.014999999664723873,0.014999999664723873,0.014999999664723873,0.014999999664723873,0
2024-07-05,0.014999999664723873,0.014999999664723873,0.014999999664723873,0.014999999664723873,0.014999999664723873,0
2024-07-08,0.014999999664723873,0.014999999664723873,0.014999999664723873,0.014999999664723873,0.014999999664723873,0
2024-07-09,0.014999999664723873,0.014999999664723873,0.014999999664723873,0.014999999664723873,0.014999999664723873,0
2024-07-10,0.014999999664723873,0.014999999664723873,0.014999999664723873,0.014999999664723873,0.014999999664723873,0
2024-07-11,0.014999999664723873,0.014999999664723873,0.014999999664723873,0.014999999664723873,0.014999999664723873,0
2024-07-12,0.014999999664723873,0.014999999664723873,0.014999999664723873,0.014999999664723873,0.014999999664723873,0
2024-07-15,0.014999999664723873,0.014999999664723873,0.014999999664723873,0.014999999664723873,0.014999999664723873,0
2024-07-16,0.014999999664723873,0.014999999664723873,0.014999999664723873,0.014999999664723873,0.014999999664723873,0
2024-07-17,0.014999999664723873,0.014999999664723873,0.014999999664723873,0.014999999664723873,0.014999999664723873,0
2024-07-18,0.014999999664723873,0.014999999664723873,0.014999999664723873,0.014999999664723873,0.014999999664723873,0
2024-07-19,0.014999999664723873,0.014999999664723873,0.014999999664723873,0.014999999664723873,0.014999999664723873,0
2024-07-22,0.014999999664723873,0.014999999664723873,0.014999999664723873,0.014999999664723873,0.014999999664723873,0
2024-07-23,0.014999999664723873,0.014999999664723873,0.014999999664723873,0.014999999664723873,0.014999999664723873,0
2024-07-24,0.014999999664723873,0.014999999664723873,0.014999999664723873,0.014999999664723873,0.014999999664723873,0
2024-07-25,0.014999999664723873,0.014999999664723873,0.014999999664723873,0.014999999664723873,0.014999999664723873,0
2024-07-26,0.014999999664723873,0.014999999664723873,0.014999999664723873,0.014999999664723873,0.014999999664723873,0
2024-07-29,0.014999999664723873,0.014999999664723873,0.014999999664723873,0.014999999664723873,0.014999999664723873,0
2024-07-30,0.014999999664723873,0.014999999664723873,0.014999999664723873,0.014999999664723873,0.014999999664723873,0
2024-07-31,0.014999999664723873,0.014999999664723873,0.014999999664723873,0.014999999664723873,0.014999999664723873,0
2024-08-01,0.014999999664723873,0.014999999664723873,0.014999999664723873,0.014999999664723873,0.014999999664723873,0
2024-08-02,0.014999999664723873,0.014999999664723873,0.014999999664723873,0.014999999664723873,0.014999999664723873,0
2024-08-05,0.014999999664723873,0.014999999664723873,0.014999999664723873,0.014999999664723873,0.014999999664723873,0
2024-08-06,0.014999999664723873,0.014999999664723873,0.014999999664723873,0.014999999664723873,0.014999999664723873,0
2024-08-07,0.014999999664723873,0.014999999664723873,0.014999999664723873,0.014999999664723873,0.014999999664723873,0
2024-08-08,0.014999999664723873,0.014999999664723873,0.014999999664723873,0.014999999664723873,0.014999999664723873,0
2024-08-09,0.014999999664723873,0.014999999664723873,0.014999999664723873,0.014999999664723873,0.014999999664723873,0
2024-08-12,0.014999999664723873,0.014999999664723873,0.014999999664723873,0.014999999664723873,0.014999999664723873,0
2024-08-13,0.014999999664723873,0.014999999664723873,0.014999999664723873,0.014999999664723873,0.014999999664723873,0
2024-08-14,0.014999999664723873,0.014999999664723873,0.014999999664723873,0.014999999664723873,0.014999999664723873,0
2024-08-15,0.014999999664723873,0.014999999664723873,0.014999999664723873,0.014999999664723873,0.014999999664723873,0
2024-08-16,0.014999999664723873,0.014999999664723873,0.014999999664723873,0.014999999664723873,0.014999999664723873,0
2024-08-19,0.014999999664723873,0.014999999664723873,0.014999999664723873,0.014999999664723873,0.014999999664723873,0
2024-08-20,0.014999999664723873,0.014999999664723873,0.014999999664723873,0.014999999664723873,0.014999999664723873,0
2024-08-21,0.014999999664723873,0.014999999664723873,0.014999999664723873,0.014999999664723873,0.014999999664723873,0
2024-08-22,0.014999999664723873,0.014999999664723873,0.014999999664723873,0.014999999664723873,0.014999999664723873,0
2024-08-23,0.014999999664723873,0.014999999664723873,0.014999999664723873,0.014999999664723873,0.014999999664723873,0
2024-08-26,0.014999999664723873,0.014999999664723873,0.014999999664723873,0.014999999664723873,0.014999999664723873,0
2024-08-27,0.014999999664723873,0.014999999664723873,0.014999999664723873,0.014999999664723873,0.014999999664723873,0
2024-08-28,0.014999999664723873,0.014999999664723873,0.014999999664723873,0.014999999664723873,0.014999999664723873,0
2024-08-29,0.014999999664723873,0.014999999664723873,0.014999999664723873,0.014999999664723873,0.014999999664723873,0
2024-08-30,0.014999999664723873,0.014999999664723873,0.014999999664723873,0.014999999664723873,0.014999999664723873,0
2024-09-03,0.014999999664723873,0.014999999664723873,0.014999999664723873,0.014999999664723873,0.014999999664723873,0
2024-09-04,0.014999999664723873,0.014999999664723873,0.014999999664723873,0.014999999664723873,0.014999999664723873,0
2024-09-05,0.014999999664723873,0.014999999664723873,0.014999999664723873,0.014999999664723873,0.014999999664723873,0
2024-09-06,0.014999999664723873,0.014999999664723873,0.014999999664723873,0.014999999664723873,0.014999999664723873,0
2024-09-09,0.014999999664723873,0.014999999664723873,0.014999999664723873,0.014999999664723873,0.014999999664723873,0
2024-09-10,0.014999999664723873,0.014999999664723873,0.014999999664723873,0.014999999664723873,0.014999999664723873,0
2024-09-11,9.999999747378752e-05,9.999999747378752e-05,9.999999747378752e-05,9.999999747378752e-05,9.999999747378752e-05,38295
2024-09-12,9.999999747378752e-05,9.999999747378752e-05,9.999999747378752e-05,9.999999747378752e-05,9.999999747378752e-05,0
2024-09-13,9.999999747378752e-05,9.999999747378752e-05,9.999999747378752e-05,9.999999747378752e-05,9.999999747378752e-05,0
2024-09-16,9.999999747378752e-05,9.999999747378752e-05,9.999999747378752e-05,9.999999747378752e-05,9.999999747378752e-05,0
2024-09-17,9.999999747378752e-05,9.999999747378752e-05,9.999999747378752e-05,9.999999747378752e-05,9.999999747378752e-05,0
2024-09-18,9.999999747378752e-05,9.999999747378752e-05,9.999999747378752e-05,9.999999747378752e-05,9.999999747378752e-05,0
2024-09-19,9.999999747378752e-05,9.999999747378752e-05,9.999999747378752e-05,9.999999747378752e-05,9.999999747378752e-05,0
2024-09-20,9.999999747378752e-05,9.999999747378752e-05,9.999999747378752e-05,9.999999747378752e-05,9.999999747378752e-05,0
2024-09-23,9.999999747378752e-05,9.999999747378752e-05,9.999999747378752e-05,9.999999747378752e-05,9.999999747378752e-05,0
2024-09-24,0.00019999999494757503,0.00019999999494757503,0.00019999999494757503,0.00019999999494757503,0.00019999999494757503,5000
2024-09-25,0.00019999999494757503,0.00019999999494757503,0.00019999999494757503,0.00019999999494757503,0.00019999999494757503,0
2024-09-26,0.00019999999494757503,0.00019999999494757503,0.00019999999494757503,0.00019999999494757503,0.00019999999494757503,0
2024-09-27,0.00019999999494757503,0.00019999999494757503,0.00019999999494757503,0.00019999999494757503,0.00019999999494757503,0
2024-09-30,0.00019999999494757503,0.00019999999494757503,0.00019999999494757503,0.00019999999494757503,0.00019999999494757503,0
2024-10-01,0.00019999999494757503,0.00019999999494757503,0.00019999999494757503,0.00019999999494757503,0.00019999999494757503,0
2024-10-02,0.00019999999494757503,0.00019999999494757503,0.00019999999494757503,0.00019999999494757503,0.00019999999494757503,0
2024-10-03,0.00039999998989515007,0.00039999998989515007,0.00039999998989515007,0.00039999998989515007,0.00039999998989515007,100000
2024-10-04,0.00019999999494757503,0.00019999999494757503,0.00019999999494757503,0.00019999999494757503,0.00019999999494757503,170000
2024-10-07,0.00019999999494757503,0.00019999999494757503,0.00019999999494757503,0.00019999999494757503,0.00019999999494757503,0
2024-10-08,0.00019999999494757503,0.00019999999494757503,0.00019999999494757503,0.00019999999494757503,0.00019999999494757503,0
2024-10-09,0.00019999999494757503,0.00019999999494757503,0.00019999999494757503,0.00019999999494757503,0.00019999999494757503,0
2024-10-10,0.00019999999494757503,0.00019999999494757503,0.00019999999494757503,0.00019999999494757503,0.00019999999494757503,0
2024-10-11,0.00019999999494757503,0.00019999999494757503,0.00019999999494757503,0.00019999999494757503,0.00019999999494757503,0
2024-10-14,0.00019999999494757503,0.00019999999494757503,0.00019999999494757503,0.00019999999494757503,0.00019999999494757503,0
2024-10-15,0.00019999999494757503,0.00019999999494757503,0.00019999999494757503,0.00019999999494757503,0.00019999999494757503,0
2024-10-16,0.00019999999494757503,0.00019999999494757503,0.00019999999494757503,0.00019999999494757503,0.00019999999494757503,5500
2024-10-17,0.00019999999494757503,0.00019999999494757503,0.00019999999494757503,0.00019999999494757503,0.00019999999494757503,0
2024-10-18,0.00019999999494757503,0.00019999999494757503,0.00019999999494757503,0.00019999999494757503,0.00019999999494757503,0
2024-10-21,9.999999747378752e-05,9.999999747378752e-05,9.999999747378752e-05,9.999999747378752e-05,9.999999747378752e-05,100
2024-10-22,9.999999747378752e-05,9.999999747378752e-05,9.999999747378752e-05,9.999999747378752e-05,9.999999747378752e-05,0
2024-10-23,9.999999747378752e-05,9.999999747378752e-05,9.999999747378752e-05,9.999999747378752e-05,9.999999747378752e-05,0
2024-10-24,9.999999747378752e-05,9.999999747378752e-05,9.999999747378752e-05,9.999999747378752e-05,9.999999747378752e-05,0
2024-10-25,9.999999747378752e-05,9.999999747378752e-05,9.999999747378752e-05,9.999999747378752e-05,9.999999747378752e-05,0
2024-10-28,9.999999747378752e-05,9.999999747378752e-05,9.999999747378752e-05,9.999999747378752e-05,9.999999747378752e-05,1500
2024-10-29,9.999999747378752e-05,9.999999747378752e-05,9.999999747378752e-05,9.999999747378752e-05,9.999999747378752e-05,0
2024-10-30,9.999999747378752e-05,9.999999747378752e-05,9.999999747378752e-05,9.999999747378752e-05,9.999999747378752e-05,0
2024-10-31,9.999999747378752e-05,9.999999747378752e-05,9.999999747378752e-05,9.999999747378752e-05,9.999999747378752e-05,0
2024-11-01,0.00019999999494757503,0.00019999999494757503,0.00019999999494757503,0.00019999999494757503,0.00019999999494757503,740
2024-11-04,0.00019999999494757503,0.00019999999494757503,0.00019999999494757503,0.00019999999494757503,0.00019999999494757503,0
2024-11-05,0.00019999999494757503,0.00019999999494757503,0.00019999999494757503,0.00019999999494757503,0.00019999999494757503,0
2024-11-06,0.00019999999494757503,0.00019999999494757503,0.00019999999494757503,0.00019999999494757503,0.00019999999494757503,0
2024-11-07,0.00019999999494757503,0.00019999999494757503,0.00019999999494757503,0.00019999999494757503,0.00019999999494757503,0
2024-11-08,0.00019999999494757503,0.00019999999494757503,0.00019999999494757503,0.00019999999494757503,0.00019999999494757503,0
2024-11-11,0.00019999999494757503,0.00019999999494757503,0.00019999999494757503,0.00019999999494757503,0.00019999999494757503,0
2024-11-12,0.00019999999494757503,0.00019999999494757503,0.00019999999494757503,0.00019999999494757503,0.00019999999494757503,0
2024-11-13,0.00019999999494757503,0.00019999999494757503,0.00019999999494757503,0.00019999999494757503,0.00019999999494757503,0
2024-11-14,0.00019999999494757503,0.00019999999494757503,0.00019999999494757503,0.00019999999494757503,0.00019999999494757503,0
2024-11-15,0.00019999999494757503,0.00019999999494757503,0.00019999999494757503,0.00019999999494757503,0.00019999999494757503,0
2024-11-18,0.00019999999494757503,0.00019999999494757503,0.00019999999494757503,0.00019999999494757503,0.00019999999494757503,0
2024-11-19,0.00019999999494757503,0.00019999999494757503,0.00019999999494757503,0.00019999999494757503,0.00019999999494757503,0
2024-11-20,0.00019999999494757503,0.00019999999494757503,0.00019999999494757503,0.00019999999494757503,0.00019999999494757503,0
2024-11-21,0.00019999999494757503,0.00019999999494757503,0.00019999999494757503,0.00019999999494757503,0.00019999999494757503,0
2024-11-22,0.00019999999494757503,0.00019999999494757503,0.00019999999494757503,0.00019999999494757503,0.00019999999494757503,0
2024-11-25,0.00019999999494757503,0.00019999999494757503,0.00019999999494757503,0.00019999999494757503,0.00019999999494757503,0
2024-11-26,0.00019999999494757503,0.00019999999494757503,0.00019999999494757503,0.00019999999494757503,0.00019999999494757503,0
2024-11-27,0.00019999999494757503,0.00019999999494757503,0.00019999999494757503,0.00019999999494757503,0.00019999999494757503,0
2024-11-29,0.00019999999494757503,0.00019999999494757503,0.00019999999494757503,0.00019999999494757503,0.00019999999494757503,0
2024-12-02,0.00019999999494757503,0.00019999999494757503,0.00019999999494757503,0.00019999999494757503,0.00019999999494757503,30000
2024-12-03,0.00019999999494757503,0.00019999999494757503,0.00019999999494757503,0.00019999999494757503,0.00019999999494757503,0
2024-12-04,0.00019999999494757503,0.00019999999494757503,0.00019999999494757503,0.00019999999494757503,0.00019999999494757503,0
2024-12-05,0.00019999999494757503,0.00019999999494757503,0.00019999999494757503,0.00019999999494757503,0.00019999999494757503,1000
2024-12-06,0.00019999999494757503,0.00019999999494757503,0.00019999999494757503,0.00019999999494757503,0.00019999999494757503,0
2024-12-09,0.00019999999494757503,0.00019999999494757503,0.00019999999494757503,0.00019999999494757503,0.00019999999494757503,0
2024-12-10,0.00019999999494757503,0.00019999999494757503,0.00019999999494757503,0.00019999999494757503,0.00019999999494757503,0
2024-12-11,0.00019999999494757503,0.00019999999494757503,0.00019999999494757503,0.00019999999494757503,0.00019999999494757503,0
2024-12-12,0.00019999999494757503,0.00019999999494757503,0.00019999999494757503,0.00019999999494757503,0.00019999999494757503,0
2024-12-13,0.00019999999494757503,0.00019999999494757503,0.00019999999494757503,0.00019999999494757503,0.00019999999494757503,0
2024-12-16,0.00019999999494757503,0.00019999999494757503,0.00019999999494757503,0.00019999999494757503,0.00019999999494757503,0
2024-12-17,0.00019999999494757503,0.00019999999494757503,0.00019999999494757503,0.00019999999494757503,0.00019999999494757503,0
2024-12-18,0.00019999999494757503,0.00019999999494757503,0.00019999999494757503,0.00019999999494757503,0.00019999999494757503,0
2024-12-19,0.00019999999494757503,0.00019999999494757503,0.00019999999494757503,0.00019999999494757503,0.00019999999494757503,0
2024-12-20,0.00019999999494757503,0.00019999999494757503,0.00019999999494757503,0.00019999999494757503,0.00019999999494757503,0
2024-12-23,0.00039999998989515007,0.00039999998989515007,0.00039999998989515007,0.00039999998989515007,0.00039999998989515007,2000
2024-12-24,0.00039999998989515007,0.00039999998989515007,0.00039999998989515007,0.00039999998989515007,0.00039999998989515007,0
2024-12-26,0.00039999998989515007,0.00039999998989515007,0.00039999998989515007,0.00039999998989515007,0.00039999998989515007,0
2024-12-27,0.00039999998989515007,0.00039999998989515007,0.00039999998989515007,0.00039999998989515007,0.00039999998989515007,0
2024-12-30,0.00039999998989515007,0.00039999998989515007,0.00039999998989515007,0.00039999998989515007,0.00039999998989515007,0
2024-12-31,0.00039999998989515007,0.00039999998989515007,0.00039999998989515007,0.00039999998989515007,0.00039999998989515007,0
2025-01-02,0.00039999998989515007,0.00039999998989515007,0.00039999998989515007,0.00039999998989515007,0.00039999998989515007,0
2025-01-03,0.00039999998989515007,0.00039999998989515007,0.00039999998989515007,0.00039999998989515007,0.00039999998989515007,0
2025-01-06,0.00039999998989515007,0.00039999998989515007,0.00039999998989515007,0.00039999998989515007,0.00039999998989515007,0
2025-01-07,0.00039999998989515007,0.00039999998989515007,0.00039999998989515007,0.00039999998989515007,0.00039999998989515007,0
2025-01-08,0.00039999998989515007,0.00039999998989515007,0.00039999998989515007,0.00039999998989515007,0.00039999998989515007,0
2025-01-10,0.00039999998989515007,0.00039999998989515007,0.00039999998989515007,0.00039999998989515007,0.00039999998989515007,0
2025-01-13,0.00039999998989515007,0.00039999998989515007,0.00039999998989515007,0.00039999998989515007,0.00039999998989515007,0
2025-01-14,0.00039999998989515007,0.00039999998989515007,0.00039999998989515007,0.00039999998989515007,0.00039999998989515007,0
2025-01-15,0.00039999998989515007,0.00039999998989515007,0.00039999998989515007,0.00039999998989515007,0.00039999998989515007,0
2025-01-16,0.00039999998989515007,0.00039999998989515007,0.00039999998989515007,0.00039999998989515007,0.00039999998989515007,0
2025-01-17,0.00039999998989515007,0.00039999998989515007,0.00039999998989515007,0.00039999998989515007,0.00039999998989515007,0
2025-01-21,0.00039999998989515007,0.00039999998989515007,0.00039999998989515007,0.00039999998989515007,0.00039999998989515007,0
2025-01-22,0.00039999998989515007,0.00039999998989515007,0.00039999998989515007,0.00039999998989515007,0.00039999998989515007,0
2025-01-23,0.00039999998989515007,0.00039999998989515007,0.00039999998989515007,0.00039999998989515007,0.00039999998989515007,0
2025-01-24,0.00039999998989515007,0.00039999998989515007,0.00039999998989515007,0.00039999998989515007,0.00039999998989515007,0
2025-01-27,0.0003000000142492354,0.0003000000142492354,0.0003000000142492354,0.0003000000142492354,0.0003000000142492354,250
2025-01-28,0.0003000000142492354,0.0003000000142492354,0.0003000000142492354,0.0003000000142492354,0.0003000000142492354,0
2025-01-29,0.0003000000142492354,0.0003000000142492354,0.0003000000142492354,0.0003000000142492354,0.0003000000142492354,0
2025-01-30,0.0003000000142492354,0.0003000000142492354,0.0003000000142492354,0.0003000000142492354,0.0003000000142492354,0
2025-01-31,0.0003000000142492354,0.0003000000142492354,0.0003000000142492354,0.0003000000142492354,0.0003000000142492354,0
2025-02-03,0.0003000000142492354,0.0003000000142492354,0.0003000000142492354,0.0003000000142492354,0.0003000000142492354,0
2025-02-04,0.0003000000142492354,0.0003000000142492354,0.0003000000142492354,0.0003000000142492354,0.0003000000142492354,0
2025-02-05,0.0003000000142492354,0.0003000000142492354,0.0003000000142492354,0.0003000000142492354,0.0003000000142492354,0
2025-02-06,0.0003000000142492354,0.0003000000142492354,0.0003000000142492354,0.0003000000142492354,0.0003000000142492354,2000
2025-02-07,0.0003000000142492354,0.0003000000142492354,0.0003000000142492354,0.0003000000142492354,0.0003000000142492354,0
2025-02-10,0.0003000000142492354,0.0003000000142492354,0.0003000000142492354,0.0003000000142492354,0.0003000000142492354,0
2025-02-11,0.0003000000142492354,0.0003000000142492354,0.0003000000142492354,0.0003000000142492354,0.0003000000142492354,0
2025-02-12,0.0003000000142492354,0.0003000000142492354,0.0003000000142492354,0.0003000000142492354,0.0003000000142492354,0
2025-02-13,0.0003000000142492354,0.0003000000142492354,0.0003000000142492354,0.0003000000142492354,0.0003000000142492354,0
2025-02-14,0.0003000000142492354,0.0003000000142492354,0.0003000000142492354,0.0003000000142492354,0.0003000000142492354,0
2025-02-18,0.0003000000142492354,0.0003000000142492354,0.0003000000142492354,0.0003000000142492354,0.0003000000142492354,0
2025-02-19,0.0003000000142492354,0.0003000000142492354,0.0003000000142492354,0.0003000000142492354,0.0003000000142492354,0
2025-02-20,0.0003000000142492354,0.0003000000142492354,0.0003000000142492354,0.0003000000142492354,0.0003000000142492354,0
2025-02-21,0.0003000000142492354,0.0003000000142492354,0.0003000000142492354,0.0003000000142492354,0.0003000000142492354,0
2025-02-24,9.999999747378752e-05,9.999999747378752e-05,9.999999747378752e-05,9.999999747378752e-05,9.999999747378752e-05,63096
2025-02-25,9.999999747378752e-05,9.999999747378752e-05,9.999999747378752e-05,9.999999747378752e-05,9.999999747378752e-05,0
2025-02-26,9.999999747378752e-05,9.999999747378752e-05,9.999999747378752e-05,9.999999747378752e-05,9.999999747378752e-05,0
2025-02-27,9.999999747378752e-05,9.999999747378752e-05,9.999999747378752e-05,9.999999747378752e-05,9.999999747378752e-05,0
2025-02-28,9.999999747378752e-05,9.999999747378752e-05,9.999999747378752e-05,9.999999747378752e-05,9.999999747378752e-05,0
2025-03-03,9.999999747378752e-05,9.999999747378752e-05,9.999999747378752e-05,9.999999747378752e-05,9.999999747378752e-05,0
2025-03-04,9.999999747378752e-05,9.999999747378752e-05,9.999999747378752e-05,9.999999747378752e-05,9.999999747378752e-05,0
2025-03-05,9.999999747378752e-05,9.999999747378752e-05,9.999999747378752e-05,9.999999747378752e-05,9.999999747378752e-05,0
2025-03-06,9.999999747378752e-05,9.999999747378752e-05,9.999999747378752e-05,9.999999747378752e-05,9.999999747378752e-05,0
2025-03-07,9.999999747378752e-05,9.999999747378752e-05,9.999999747378752e-05,9.999999747378752e-05,9.999999747378752e-05,0
2025-03-10,9.999999747378752e-05,9.999999747378752e-05,9.999999747378752e-05,9.999999747378752e-05,9.999999747378752e-05,0
2025-03-11,9.999999747378752e-05,9.999999747378752e-05,9.999999747378752e-05,9.999999747378752e-05,9.999999747378752e-05,0
2025-03-12,9.999999747378752e-05,9.999999747378752e-05,9.999999747378752e-05,9.999999747378752e-05,9.999999747378752e-05,0
2025-03-13,9.999999747378752e-05,9.999999747378752e-05,9.999999747378752e-05,9.999999747378752e-05,9.999999747378752e-05,0
2025-03-14,9.999999747378752e-05,9.999999747378752e-05,9.999999747378752e-05,9.999999747378752e-05,9.999999747378752e-05,0
2025-03-17,9.999999747378752e-05,9.999999747378752e-05,9.999999747378752e-05,9.999999747378752e-05,9.999999747378752e-05,0
2025-03-18,9.999999747378752e-05,9.999999747378752e-05,9.999999747378752e-05,9.999999747378752e-05,9.999999747378752e-05,0
2025-03-19,9.999999747378752e-05,9.999999747378752e-05,9.999999747378752e-05,9.999999747378752e-05,9.999999747378752e-05,0
2025-03-20,9.999999747378752e-05,9.999999747378752e-05,9.999999747378752e-05,9.999999747378752e-05,9.999999747378752e-05,0
2025-03-21,9.999999747378752e-05,9.999999747378752e-05,9.999999747378752e-05,9.999999747378752e-05,9.999999747378752e-05,0
2025-03-24,9.999999747378752e-05,9.999999747378752e-05,9.999999747378752e-05,9.999999747378752e-05,9.999999747378752e-05,0
2025-03-25,9.999999747378752e-05,9.999999747378752e-05,9.999999747378752e-05,9.999999747378752e-05,9.999999747378752e-05,0
2025-03-26,9.999999747378752e-05,9.999999747378752e-05,9.999999747378752e-05,9.999999747378752e-05,9.999999747378752e-05,0
2025-03-27,9.999999747378752e-05,9.999999747378752e-05,9.999999747378752e-05,9.999999747378752e-05,9.999999747378752e-05,0
2025-03-28,9.999999747378752e-05,9.999999747378752e-05,9.999999747378752e-05,9.999999747378752e-05,9.999999747378752e-05,0
2025-03-31,9.999999747378752e-05,9.999999747378752e-05,9.999999747378752e-05,9.999999747378752e-05,9.999999747378752e-05,0
2025-04-01,9.999999747378752e-05,9.999999747378752e-05,9.999999747378752e-05,9.999999747378752e-05,9.999999747378752e-05,0
2025-04-02,9.999999747378752e-05,9.999999747378752e-05,9.999999747378752e-05,9.999999747378752e-05,9.999999747378752e-05,0
2025-04-03,9.999999747378752e-05,9.999999747378752e-05,9.999999747378752e-05,9.999999747378752e-05,9.999999747378752e-05,0
2025-04-04,9.999999747378752e-05,9.999999747378752e-05,9.999999747378752e-05,9.999999747378752e-05,9.999999747378752e-05,0
2025-04-07,9.999999747378752e-05,9.999999747378752e-05,9.999999747378752e-05,9.999999747378752e-05,9.999999747378752e-05,0
2025-04-08,9.999999747378752e-05,9.999999747378752e-05,9.999999747378752e-05,9.999999747378752e-05,9.999999747378752e-05,0
2025-04-09,9.999999747378752e-05,9.999999747378752e-05,9.999999747378752e-05,9.999999747378752e-05,9.999999747378752e-05,0
2025-04-10,9.999999747378752e-05,9.999999747378752e-05,9.999999747378752e-05,9.999999747378752e-05,9.999999747378752e-05,146173
2025-04-11,9.999999747378752e-05,9.999999747378752e-05,9.999999747378752e-05,9.999999747378752e-05,9.999999747378752e-05,0
2025-04-14,9.999999747378752e-05,9.999999747378752e-05,9.999999747378752e-05,9.999999747378752e-05,9.999999747378752e-05,0
2025-04-15,9.999999747378752e-05,9.999999747378752e-05,9.999999747378752e-05,9.999999747378752e-05,9.999999747378752e-05,0
2025-04-16,9.999999747378752e-05,9.999999747378752e-05,9.999999747378752e-05,9.999999747378752e-05,9.999999747378752e-05,0
2025-04-17,9.999999747378752e-05,9.999999747378752e-05,9.999999747378752e-05,9.999999747378752e-05,9.999999747378752e-05,0
2025-04-21,9.999999747378752e-05,9.999999747378752e-05,9.999999747378752e-05,9.999999747378752e-05,9.999999747378752e-05,0
2025-04-22,9.999999747378752e-05,9.999999747378752e-05,9.999999747378752e-05,9.999999747378752e-05,9.999999747378752e-05,500
2025-04-23,9.999999747378752e-05,9.999999747378752e-05,9.999999747378752e-05,9.999999747378752e-05,9.999999747378752e-05,0
2025-04-24,9.999999747378752e-05,9.999999747378752e-05,9.999999747378752e-05,9.999999747378752e-05,9.999999747378752e-05,0
2025-04-25,9.999999747378752e-05,9.999999747378752e-05,9.999999747378752e-05,9.999999747378752e-05,9.999999747378752e-05,0
2025-04-28,9.999999747378752e-05,9.999999747378752e-05,9.999999747378752e-05,9.999999747378752e-05,9.999999747378752e-05,8000
2025-04-29,9.999999747378752e-05,9.999999747378752e-05,9.999999747378752e-05,9.999999747378752e-05,9.999999747378752e-05,0
2025-04-30,9.999999747378752e-05,9.999999747378752e-05,9.999999747378752e-05,9.999999747378752e-05,9.999999747378752e-05,0
2025-05-01,9.999999747378752e-05,9.999999747378752e-05,9.999999747378752e-05,9.999999747378752e-05,9.999999747378752e-05,44361
2025-05-02,9.999999747378752e-05,9.999999747378752e-05,9.999999747378752e-05,9.999999747378752e-05,9.999999747378752e-05,0
2025-05-05,9.999999747378752e-05,9.999999747378752e-05,9.999999747378752e-05,9.999999747378752e-05,9.999999747378752e-05,0
2025-05-06,9.999999747378752e-05,9.999999747378752e-05,9.999999747378752e-05,9.999999747378752e-05,9.999999747378752e-05,0
2025-05-07,9.999999747378752e-05,9.999999747378752e-05,9.999999747378752e-05,9.999999747378752e-05,9.999999747378752e-05,0
2025-05-08,9.999999747378752e-05,9.999999747378752e-05,9.999999747378752e-05,9.999999747378752e-05,9.999999747378752e-05,10000
2025-05-09,9.999999747378752e-05,9.999999747378752e-05,9.999999747378752e-05,9.999999747378752e-05,9.999999747378752e-05,0
2025-05-12,9.999999747378752e-05,9.999999747378752e-05,9.999999747378752e-05,9.999999747378752e-05,9.999999747378752e-05,0
2025-05-13,9.999999747378752e-05,9.999999747378752e-05,9.999999747378752e-05,9.999999747378752e-05,9.999999747378752e-05,0
2025-05-14,9.999999747378752e-05,9.999999747378752e-05,9.999999747378752e-05,9.999999747378752e-05,9.999999747378752e-05,0
2025-05-15,9.999999747378752e-05,9.999999747378752e-05,9.999999747378752e-05,9.999999747378752e-05,9.999999747378752e-05,0
2025-05-16,9.999999747378752e-05,9.999999747378752e-05,9.999999747378752e-05,9.999999747378752e-05,9.999999747378752e-05,0
2025-05-19,9.999999747378752e-05,9.999999747378752e-05,9.999999747378752e-05,9.999999747378752e-05,9.999999747378752e-05,30000
2025-05-20,9.999999747378752e-05,9.999999747378752e-05,9.999999747378752e-05,9.999999747378752e-05,9.999999747378752e-05,0
2025-05-21,9.999999747378752e-05,9.999999747378752e-05,9.999999747378752e-05,9.999999747378752e-05,9.999999747378752e-05,0
2025-05-22,9.999999747378752e-05,9.999999747378752e-05,9.999999747378752e-05,9.999999747378752e-05,9.999999747378752e-05,0
2025-05-23,9.999999747378752e-05,9.999999747378752e-05,9.999999747378752e-05,9.999999747378752e-05,9.999999747378752e-05,0
2025-05-27,9.999999747378752e-05,9.999999747378752e-05,9.999999747378752e-05,9.999999747378752e-05,9.999999747378752e-05,0
2025-05-28,9.999999747378752e-05,9.999999747378752e-05,9.999999747378752e-05,9.999999747378752e-05,9.999999747378752e-05,0
2025-05-29,9.999999747378752e-05,9.999999747378752e-05,9.999999747378752e-05,9.999999747378752e-05,9.999999747378752e-05,40000
2025-05-30,9.999999747378752e-05,9.999999747378752e-05,9.999999747378752e-05,9.999999747378752e-05,9.999999747378752e-05,0
2025-06-02,9.999999747378752e-05,9.999999747378752e-05,9.999999747378752e-05,9.999999747378752e-05,9.999999747378752e-05,0
2025-06-03,9.999999747378752e-05,9.999999747378752e-05,9.999999747378752e-05,9.999999747378752e-05,9.999999747378752e-05,0
2025-06-04,9.999999747378752e-05,9.999999747378752e-05,9.999999747378752e-05,9.999999747378752e-05,9.999999747378752e-05,0
2025-06-05,9.999999747378752e-05,9.999999747378752e-05,9.999999747378752e-05,9.999999747378752e-05,9.999999747378752e-05,0
2025-06-06,9.999999747378752e-05,9.999999747378752e-05,9.999999747378752e-05,9.999999747378752e-05,9.999999747378752e-05,0
2025-06-09,9.999999747378752e-05,9.999999747378752e-05,9.999999747378752e-05,9.999999747378752e-05,9.999999747378752e-05,0
2025-06-10,9.999999747378752e-05,9.999999747378752e-05,9.999999747378752e-05,9.999999747378752e-05,9.999999747378752e-05,0
2025-06-11,9.999999747378752e-05,9.999999747378752e-05,9.999999747378752e-05,9.999999747378752e-05,9.999999747378752e-05,0
2025-06-12,9.999999747378752e-05,9.999999747378752e-05,9.999999747378752e-05,9.999999747378752e-05,9.999999747378752e-05,0
2025-06-13,9.999999747378752e-05,9.999999747378752e-05,9.999999747378752e-05,9.999999747378752e-05,9.999999747378752e-05,0
2025-06-16,9.999999747378752e-05,9.999999747378752e-05,9.999999747378752e-05,9.999999747378752e-05,9.999999747378752e-05,0
2025-06-17,9.999999747378752e-05,9.999999747378752e-05,9.999999747378752e-05,9.999999747378752e-05,9.999999747378752e-05,0
2025-06-18,9.999999747378752e-05,9.999999747378752e-05,9.999999747378752e-05,9.999999747378752e-05,9.999999747378752e-05,0
2025-06-20,9.999999747378752e-05,9.999999747378752e-05,9.999999747378752e-05,9.999999747378752e-05,9.999999747378752e-05,0
2025-06-23,9.999999747378752e-05,9.999999747378752e-05,9.999999747378752e-05,9.999999747378752e-05,9.999999747378752e-05,0
2025-06-24,9.999999747378752e-05,9.999999747378752e-05,9.999999747378752e-05,9.999999747378752e-05,9.999999747378752e-05,0
2025-06-25,9.999999747378752e-05,9.999999747378752e-05,9.999999747378752e-05,9.999999747378752e-05,9.999999747378752e-05,0
2025-06-26,9.999999747378752e-05,9.999999747378752e-05,9.999999747378752e-05,9.999999747378752e-05,9.999999747378752e-05,0
2025-06-27,9.999999747378752e-05,9.999999747378752e-05,9.999999747378752e-05,9.999999747378752e-05,9.999999747378752e-05,0
2025-06-30,9.999999747378752e-05,9.999999747378752e-05,9.999999747378752e-05,9.999999747378752e-05,9.999999747378752e-05,0
2025-07-01,9.999999747378752e-05,9.999999747378752e-05,9.999999747378752e-05,9.999999747378752e-05,9.999999747378752e-05,0
2025-07-02,9.999999747378752e-05,9.999999747378752e-05,9.999999747378752e-05,9.999999747378752e-05,9.999999747378752e-05,0
2025-07-03,9.999999747378752e-05,9.999999747378752e-05,9.999999747378752e-05,9.999999747378752e-05,9.999999747378752e-05,0
2025-07-07,9.999999747378752e-05,9.999999747378752e-05,9.999999747378752e-05,9.999999747378752e-05,9.999999747378752e-05,0
2025-07-08,9.999999747378752e-05,9.999999747378752e-05,9.999999747378752e-05,9.999999747378752e-05,9.999999747378752e-05,0
2025-07-09,9.999999747378752e-05,9.999999747378752e-05,9.999999747378752e-05,9.999999747378752e-05,9.999999747378752e-05,0
2025-07-10,9.999999747378752e-05,9.999999747378752e-05,9.999999747378752e-05,9.999999747378752e-05,9.999999747378752e-05,0
2025-07-11,9.999999747378752e-05,9.999999747378752e-05,9.999999747378752e-05,9.999999747378752e-05,9.999999747378752e-05,0
2025-07-14,9.999999747378752e-05,9.999999747378752e-05,9.999999747378752e-05,9.999999747378752e-05,9.999999747378752e-05,0
2025-07-15,9.999999747378752e-05,9.999999747378752e-05,9.999999747378752e-05,9.999999747378752e-05,9.999999747378752e-05,0
2025-07-16,9.999999747378752e-05,9.999999747378752e-05,9.999999747378752e-05,9.999999747378752e-05,9.999999747378752e-05,0
2025-07-17,9.999999747378752e-05,9.999999747378752e-05,9.999999747378752e-05,9.999999747378752e-05,9.999999747378752e-05,0
2025-07-18,9.999999747378752e-05,9.999999747378752e-05,9.999999747378752e-05,9.999999747378752e-05,9.999999747378752e-05,0
2025-07-21,9.999999747378752e-05,9.999999747378752e-05,9.999999747378752e-05,9.999999747378752e-05,9.999999747378752e-05,0
2025-07-22,9.999999747378752e-05,9.999999747378752e-05,9.999999747378752e-05,9.999999747378752e-05,9.999999747378752e-05,0
2025-07-23,9.999999747378752e-05,9.999999747378752e-05,9.999999747378752e-05,9.999999747378752e-05,9.999999747378752e-05,0
2025-07-24,9.999999747378752e-05,9.999999747378752e-05,9.999999747378752e-05,9.999999747378752e-05,9.999999747378752e-05,0
2025-07-25,9.999999747378752e-05,9.999999747378752e-05,9.999999747378752e-05,9.999999747378752e-05,9.999999747378752e-05,0
2025-07-28,9.999999747378752e-05,9.999999747378752e-05,9.999999747378752e-05,9.999999747378752e-05,9.999999747378752e-05,0
2025-07-29,9.999999747378752e-05,9.999999747378752e-05,9.999999747378752e-05,9.999999747378752e-05,9.999999747378752e-05,0
2025-07-30,9.999999747378752e-05,9.999999747378752e-05,9.999999747378752e-05,9.999999747378752e-05,9.999999747378752e-05,0
2025-07-31,9.999999747378752e-05,9.999999747378752e-05,9.999999747378752e-05,9.999999747378752e-05,9.999999747378752e-05,0
2025-08-01,9.999999747378752e-05,9.999999747378752e-05,9.999999747378752e-05,9.999999747378752e-05,9.999999747378752e-05,10000
2025-08-04,9.999999747378752e-05,9.999999747378752e-05,9.999999747378752e-05,9.999999747378752e-05,9.999999747378752e-05,0
2025-08-05,9.999999747378752e-05,9.999999747378752e-05,9.999999747378752e-05,9.999999747378752e-05,9.999999747378752e-05,0
2025-08-06,9.999999747378752e-05,9.999999747378752e-05,9.999999747378752e-05,9.999999747378752e-05,9.999999747378752e-05,0
2025-08-07,9.999999747378752e-05,9.999999747378752e-05,9.999999747378752e-05,9.999999747378752e-05,9.999999747378752e-05,0
2025-08-08,9.999999747378752e-05,9.999999747378752e-05,9.999999747378752e-05,9.999999747378752e-05,9.999999747378752e-05,0
2025-08-11,9.999999747378752e-05,9.999999747378752e-05,9.999999747378752e-05,9.999999747378752e-05,9.999999747378752e-05,0
2025-08-12,9.999999747378752e-05,9.999999747378752e-05,9.999999747378752e-05,9.999999747378752e-05,9.999999747378752e-05,0
2025-08-13,9.999999747378752e-05,9.999999747378752e-05,9.999999747378752e-05,9.999999747378752e-05,9.999999747378752e-05,0
2025-08-14,9.999999747378752e-05,9.999999747378752e-05,9.999999747378752e-05,9.999999747378752e-05,9.999999747378752e-05,0
2025-08-15,9.999999747378752e-05,9.999999747378752e-05,9.999999747378752e-05,9.999999747378752e-05,9.999999747378752e-05,0
2025-08-18,9.999999747378752e-05,9.999999747378752e-05,9.999999747378752e-05,9.999999747378752e-05,9.999999747378752e-05,0
2025-08-19,9.999999747378752e-05,9.999999747378752e-05,9.999999747378752e-05,9.999999747378752e-05,9.999999747378752e-05,0
2025-08-20,9.999999747378752e-05,9.999999747378752e-05,9.999999747378752e-05,9.999999747378752e-05,9.999999747378752e-05,0
2025-08-21,9.999999747378752e-05,9.999999747378752e-05,9.999999747378752e-05,9.999999747378752e-05,9.999999747378752e-05,0
2025-08-22,9.999999747378752e-05,9.999999747378752e-05,9.999999747378752e-05,9.999999747378752e-05,9.999999747378752e-05,0
2025-08-25,9.999999747378752e-05,9.999999747378752e-05,9.999999747378752e-05,9.999999747378752e-05,9.999999747378752e-05,0
2025-08-26,9.999999747378752e-05,9.999999747378752e-05,9.999999747378752e-05,9.999999747378752e-05,9.999999747378752e-05,0
2025-08-27,9.999999747378752e-05,9.999999747378752e-05,9.999999747378752e-05,9.999999747378752e-05,9.999999747378752e-05,0
2025-08-28,9.999999747378752e-05,9.999999747378752e-05,9.999999747378752e-05,9.999999747378752e-05,9.999999747378752e-05,0
2025-08-29,9.999999747378752e-05,9.999999747378752e-05,9.999999747378752e-05,9.999999747378752e-05,9.999999747378752e-05,0
2025-09-02,9.999999747378752e-05,9.999999747378752e-05,9.999999747378752e-05,9.999999747378752e-05,9.999999747378752e-05,0
2025-09-03,9.999999747378752e-05,9.999999747378752e-05,9.999999747378752e-05,9.999999747378752e-05,9.999999747378752e-05,0
2025-09-04,9.999999747378752e-05,9.999999747378752e-05,9.999999747378752e-05,9.999999747378752e-05,9.999999747378752e-05,0
2025-09-05,9.999999747378752e-05,9.999999747378752e-05,9.999999747378752e-05,9.999999747378752e-05,9.999999747378752e-05,0
2025-09-08,9.999999747378752e-05,9.999999747378752e-05,9.999999747378752e-05,9.999999747378752e-05,9.999999747378752e-05,0
2025-09-09,9.999999747378752e-05,9.999999747378752e-05,9.999999747378752e-05,9.999999747378752e-05,9.999999747378752e-05,0
2025-09-10,9.999999747378752e-05,9.999999747378752e-05,9.999999747378752e-05,9.999999747378752e-05,9.999999747378752e-05,0
2025-09-11,9.999999747378752e-05,9.999999747378752e-05,9.999999747378752e-05,9.999999747378752e-05,9.999999747378752e-05,0
2025-09-12,9.999999747378752e-05,9.999999747378752e-05,9.999999747378752e-05,9.999999747378752e-05,9.999999747378752e-05,0
2025-09-15,9.999999747378752e-05,9.999999747378752e-05,9.999999747378752e-05,9.999999747378752e-05,9.999999747378752e-05,0
2025-09-16,9.999999747378752e-05,9.999999747378752e-05,9.999999747378752e-05,9.999999747378752e-05,9.999999747378752e-05,0
2025-09-17,9.999999747378752e-05,9.999999747378752e-05,9.999999747378752e-05,9.999999747378752e-05,9.999999747378752e-05,0
2025-09-18,9.999999747378752e-05,9.999999747378752e-05,9.999999747378752e-05,9.999999747378752e-05,9.999999747378752e-05,0
2025-09-19,9.999999747378752e-05,9.999999747378752e-05,9.999999747378752e-05,9.999999747378752e-05,9.999999747378752e-05,8775
2025-09-22,9.999999747378752e-05,9.999999747378752e-05,9.999999747378752e-05,9.999999747378752e-05,9.999999747378752e-05,0
2025-09-23,9.999999747378752e-05,9.999999747378752e-05,9.999999747378752e-05,9.999999747378752e-05,9.999999747378752e-05,0
2025-09-24,9.999999747378752e-05,9.999999747378752e-05,9.999999747378752e-05,9.999999747378752e-05,9.999999747378752e-05,0
2025-09-25,0.0003000000142492354,0.0003000000142492354,9.999999747378752e-05,9.999999747378752e-05,9.999999747378752e-05,11667
2025-09-26,9.999999747378752e-05,9.999999747378752e-05,9.999999747378752e-05,9.999999747378752e-05,9.999999747378752e-05,7629
2025-09-29,9.999999747378752e-05,9.999999747378752e-05,9.999999747378752e-05,9.999999747378752e-05,9.999999747378752e-05,0
2025-09-30,9.999999747378752e-05,9.999999747378752e-05,9.999999747378752e-05,9.999999747378752e-05,9.999999747378752e-05,0
2025-10-01,9.999999747378752e-05,9.999999747378752e-05,9.999999747378752e-05,9.999999747378752e-05,9.999999747378752e-05,0
2025-10-02,9.999999747378752e-05,9.999999747378752e-05,9.999999747378752e-05,9.999999747378752e-05,9.999999747378752e-05,0
2025-10-03,9.999999747378752e-05,9.999999747378752e-05,9.999999747378752e-05,9.999999747378752e-05,9.999999747378752e-05,0
2025-10-06,9.999999747378752e-05,9.999999747378752e-05,9.999999747378752e-05,9.999999747378752e-05,9.999999747378752e-05,0
2025-10-07,9.999999747378752e-05,9.999999747378752e-05,9.999999747378752e-05,9.999999747378752e-05,9.999999747378752e-05,0
2025-10-08,9.999999747378752e-05,9.999999747378752e-05,9.999999747378752e-05,9.999999747378752e-05,9.999999747378752e-05,0
2025-10-09,9.999999747378752e-05,9.999999747378752e-05,9.999999747378752e-05,9.999999747378752e-05,9.999999747378752e-05,0
2025-10-10,9.999999747378752e-05,9.999999747378752e-05,9.999999747378752e-05,9.999999747378752e-05,9.999999747378752e-05,0
2025-10-13,9.999999747378752e-05,9.999999747378752e-05,9.999999747378752e-05,9.999999747378752e-05,9.999999747378752e-05,0
2025-10-14,9.999999747378752e-05,9.999999747378752e-05,9.999999747378752e-05,9.999999747378752e-05,9.999999747378752e-05,0
2025-10-15,9.999999747378752e-05,9.999999747378752e-05,9.999999747378752e-05,9.999999747378752e-05,9.999999747378752e-05,0
2025-10-16,9.999999747378752e-05,9.999999747378752e-05,9.999999747378752e-05,9.999999747378752e-05,9.999999747378752e-05,0
2025-10-17,9.999999747378752e-05,9.999999747378752e-05,9.999999747378752e-05,9.999999747378752e-05,9.999999747378752e-05,0
2025-10-20,9.999999747378752e-05,9.999999747378752e-05,9.999999747378752e-05,9.999999747378752e-05,9.999999747378752e-05,0
2025-10-21,9.999999747378752e-05,9.999999747378752e-05,9.999999747378752e-05,9.999999747378752e-05,9.999999747378752e-05,0
2025-10-22,9.999999747378752e-05,9.999999747378752e-05,9.999999747378752e-05,9.999999747378752e-05,9.999999747378752e-05,0
2025-10-23,9.999999747378752e-05,9.999999747378752e-05,9.999999747378752e-05,9.999999747378752e-05,9.999999747378752e-05,0
2025-10-24,9.999999747378752e-05,9.999999747378752e-05,9.999999747378752e-05,9.999999747378752e-05,9.999999747378752e-05,0
2025-10-27,9.999999747378752e-05,9.999999747378752e-05,9.999999747378752e-05,9.999999747378752e-05,9.999999747378752e-05,0
2025-10-28,9.999999747378752e-05,9.999999747378752e-05,9.999999747378752e-05,9.999999747378752e-05,9.999999747378752e-05,0
2025-10-29,9.999999747378752e-05,9.999999747378752e-05,9.999999747378752e-05,9.999999747378752e-05,9.999999747378752e-05,0
2025-10-30,9.999999747378752e-05,9.999999747378752e-05,9.999999747378752e-05,9.999999747378752e-05,9.999999747378752e-05,0
2025-10-31,9.999999747378752e-05,9.999999747378752e-05,9.999999747378752e-05,9.999999747378752e-05,9.999999747378752e-05,0
2025-11-03,9.999999747378752e-05,9.999999747378752e-05,9.999999747378752e-05,9.999999747378752e-05,9.999999747378752e-05,0
2025-11-04,9.999999747378752e-05,9.999999747378752e-05,9.999999747378752e-05,9.999999747378752e-05,9.999999747378752e-05,0
2025-11-05,9.999999747378752e-05,9.999999747378752e-05,9.999999747378752e-05,9.999999747378752e-05,9.999999747378752e-05,0
2025-11-06,9.999999747378752e-05,9.999999747378752e-05,9.999999747378752e-05,9.999999747378752e-05,9.999999747378752e-05,0
2025-11-07,9.999999747378752e-05,9.999999747378752e-05,9.999999747378752e-05,9.999999747378752e-05,9.999999747378752e-05,0
2025-11-10,0.0003000000142492354,0.0003000000142492354,0.0003000000142492354,0.0003000000142492354,0.0003000000142492354,10000
2025-11-11,0.0003000000142492354,0.0003000000142492354,0.0003000000142492354,0.0003000000142492354,0.0003000000142492354,0
2025-11-12,0.0003000000142492354,0.0003000000142492354,0.0003000000142492354,0.0003000000142492354,0.0003000000142492354,0
2025-11-13,0.0003000000142492354,0.0003000000142492354,0.0003000000142492354,0.0003000000142492354,0.0003000000142492354,0
2025-11-14,0.0003000000142492354,0.0003000000142492354,0.0003000000142492354,0.0003000000142492354,0.0003000000142492354,0
2025-11-17,0.0003000000142492354,0.0003000000142492354,0.0003000000142492354,0.0003000000142492354,0.0003000000142492354,0
2025-11-18,0.0003000000142492354,0.0003000000142492354,0.0003000000142492354,0.0003000000142492354,0.0003000000142492354,0
2025-11-19,0.0003000000142492354,0.0003000000142492354,0.0003000000142492354,0.0003000000142492354,0.0003000000142492354,0
2025-11-20,0.0003000000142492354,0.0003000000142492354,0.0003000000142492354,0.0003000000142492354,0.0003000000142492354,0
2025-11-21,0.0003000000142492354,0.0003000000142492354,0.0003000000142492354,0.0003000000142492354,0.0003000000142492354,0
2025-11-24,0.0003000000142492354,0.0003000000142492354,0.0003000000142492354,0.0003000000142492354,0.0003000000142492354,0
2025-11-25,0.0003000000142492354,0.0003000000142492354,0.0003000000142492354,0.0003000000142492354,0.0003000000142492354,0
2025-11-26,0.0003000000142492354,0.0003000000142492354,0.0003000000142492354,0.0003000000142492354,0.0003000000142492354,0
2025-11-28,0.0003000000142492354,0.0003000000142492354,0.0003000000142492354,0.0003000000142492354,0.0003000000142492354,0
2025-12-01,0.0003000000142492354,0.0003000000142492354,0.0003000000142492354,0.0003000000142492354,0.0003000000142492354,0
2025-12-02,0.0003000000142492354,0.0003000000142492354,0.0003000000142492354,0.0003000000142492354,0.0003000000142492354,0
2025-12-03,0.0003000000142492354,0.0003000000142492354,0.0003000000142492354,0.0003000000142492354,0.0003000000142492354,0
2025-12-04,0.0003000000142492354,0.0003000000142492354,0.0003000000142492354,0.0003000000142492354,0.0003000000142492354,0
2025-12-05,0.0003000000142492354,0.0003000000142492354,0.0003000000142492354,0.0003000000142492354,0.0003000000142492354,0
2025-12-08,0.0003000000142492354,0.0003000000142492354,0.0003000000142492354,0.0003000000142492354,0.0003000000142492354,12000
2025-12-09,0.0003000000142492354,0.0003000000142492354,0.0003000000142492354,0.0003000000142492354,0.0003000000142492354,0
2025-12-10,0.0003000000142492354,0.0003000000142492354,0.0003000000142492354,0.0003000000142492354,0.0003000000142492354,0
2025-12-11,0.0003000000142492354,0.0003000000142492354,0.0003000000142492354,0.0003000000142492354,0.0003000000142492354,0
2025-12-12,0.0003000000142492354,0.0003000000142492354,0.0003000000142492354,0.0003000000142492354,0.0003000000142492354,0
2025-12-15,0.0003000000142492354,0.0003000000142492354,0.0003000000142492354,0.0003000000142492354,0.0003000000142492354,0
2025-12-16,0.0003000000142492354,0.0003000000142492354,0.0003000000142492354,0.0003000000142492354,0.0003000000142492354,0
2025-12-17,0.0003000000142492354,0.0003000000142492354,0.0003000000142492354,0.0003000000142492354,0.0003000000142492354,0
2025-12-18,0.0003000000142492354,0.0003000000142492354,0.0003000000142492354,0.0003000000142492354,0.0003000000142492354,0
2025-12-19,0.0003000000142492354,0.0003000000142492354,0.0003000000142492354,0.0003000000142492354,0.0003000000142492354,0
2025-12-22,0.0003000000142492354,0.0003000000142492354,0.0003000000142492354,0.0003000000142492354,0.0003000000142492354,8000
2025-12-23,0.0003000000142492354,0.0003000000142492354,0.0003000000142492354,0.0003000000142492354,0.0003000000142492354,0
2025-12-24,0.0003000000142492354,0.0003000000142492354,0.0003000000142492354,0.0003000000142492354,0.0003000000142492354,0
2025-12-26,0.0003000000142492354,0.0003000000142492354,0.0003000000142492354,0.0003000000142492354,0.0003000000142492354,0
2025-12-29,0.0003000000142492354,0.0003000000142492354,0.0003000000142492354,0.0003000000142492354,0.0003000000142492354,729917
2025-12-30,0.002199999988079071,0.002199999988079071,0.002199999988079071,0.002199999988079071,0.002199999988079071,50000
