date,open,high,low,close,adj_close,volume
,GXXM,GXXM,GXXM,GXXM,GXXM,GXXM
2020-01-02,1.0,1.0,1.0,1.0,1.0,1160
2020-01-03,1.0,1.0,1.0,1.0,1.0,0
2020-01-06,1.0,1.0,1.0,1.0,1.0,50
2020-01-07,1.0,1.0,1.0,1.0,1.0,136
2020-01-08,1.0,1.0,1.0,1.0,1.0,0
2020-01-09,1.0,1.0,1.0,1.0,1.0,35
2020-01-10,1.0,1.0,1.0,1.0,1.0,3
2020-01-13,1.0,1.0,1.0,1.0,1.0,1
2020-01-14,1.0,1.0,1.0,1.0,1.0,3
2020-01-15,1.0,1.0,1.0,1.0,1.0,300
2020-01-16,1.0,1.0,1.0,1.0,1.0,0
2020-01-17,1.0,1.0,1.0,1.0,1.0,0
2020-01-21,1.0,1.0,1.0,1.0,1.0,0
2020-01-22,1.0,1.0,1.0,1.0,1.0,0
2020-01-23,1.0,1.0,1.0,1.0,1.0,0
2020-01-24,1.0,1.0,1.0,1.0,1.0,0
2020-01-27,1.0,1.0,0.5,0.5,0.5,0
2020-01-28,1.0,1.0,1.0,1.0,1.0,387
2020-01-29,1.0,1.0,1.0,1.0,1.0,0
2020-01-30,1.0,1.0,1.0,1.0,1.0,0
2020-01-31,1.0,1.0,1.0,1.0,1.0,0
2020-02-03,1.0,1.0,1.0,1.0,1.0,221
2020-02-04,1.0,1.0,1.0,1.0,1.0,100
2020-02-05,1.0,1.0,1.0,1.0,1.0,0
2020-02-06,1.0,1.0,1.0,1.0,1.0,80
2020-02-07,1.0,1.0,1.0,1.0,1.0,0
2020-02-10,1.0,1.0,1.0,1.0,1.0,0
2020-02-11,1.0,1.0,1.0,1.0,1.0,0
2020-02-12,1.0,1.0,1.0,1.0,1.0,0
2020-02-13,1.0,1.0,1.0,1.0,1.0,0
2020-02-14,1.0,1.0,1.0,1.0,1.0,0
2020-02-18,1.0,1.0,0.5,0.5,0.5,18
2020-02-19,1.0,1.0,1.0,1.0,1.0,0
2020-02-20,1.0,1.0,1.0,1.0,1.0,0
2020-02-21,1.0,1.0,1.0,1.0,1.0,0
2020-02-24,1.0,1.0,1.0,1.0,1.0,0
2020-02-25,1.0,1.0,1.0,1.0,1.0,510
2020-02-26,1.0,1.0,1.0,1.0,1.0,403
2020-02-27,1.0,1.0,1.0,1.0,1.0,0
2020-02-28,1.0,1.0,1.0,1.0,1.0,0
2020-03-02,1.0,1.0,1.0,1.0,1.0,58
2020-03-03,1.0,1.0,1.0,1.0,1.0,100
2020-03-04,1.0,1.0,1.0,1.0,1.0,10
2020-03-05,1.0,1.0,1.0,1.0,1.0,0
2020-03-06,1.0,1.0,1.0,1.0,1.0,95
2020-03-09,1.0,1.0,1.0,1.0,1.0,0
2020-03-10,1.0,1.0,1.0,1.0,1.0,0
2020-03-11,1.0,1.0,1.0,1.0,1.0,1
2020-03-12,1.0,1.0,1.0,1.0,1.0,0
2020-03-13,1.0,1.0,1.0,1.0,1.0,0
2020-03-16,1.0,1.0,1.0,1.0,1.0,0
2020-03-17,1.0,1.0,1.0,1.0,1.0,0
2020-03-18,1.0,1.0,1.0,1.0,1.0,6
2020-03-19,1.0,1.0,1.0,1.0,1.0,0
2020-03-20,1.0,1.0,1.0,1.0,1.0,0
2020-03-23,0.30000001192092896,0.30000001192092896,0.30000001192092896,0.30000001192092896,0.30000001192092896,0
2020-03-24,0.30000001192092896,0.30000001192092896,0.30000001192092896,0.30000001192092896,0.30000001192092896,0
2020-03-25,0.30000001192092896,0.30000001192092896,0.30000001192092896,0.30000001192092896,0.30000001192092896,0
2020-03-26,1.0,1.0,1.0,1.0,1.0,170
2020-03-27,1.0,1.0,0.4000000059604645,0.4000000059604645,0.4000000059604645,6
2020-03-30,0.4000000059604645,0.4000000059604645,0.4000000059604645,0.4000000059604645,0.4000000059604645,0
2020-03-31,0.4000000059604645,0.4000000059604645,0.4000000059604645,0.4000000059604645,0.4000000059604645,0
2020-04-01,0.4000000059604645,0.4000000059604645,0.4000000059604645,0.4000000059604645,0.4000000059604645,0
2020-04-02,1.0,1.0,1.0,1.0,1.0,1030
2020-04-03,1.0,1.0,1.0,1.0,1.0,0
2020-04-06,1.0,1.0,1.0,1.0,1.0,0
2020-04-07,1.0,1.0,1.0,1.0,1.0,0
2020-04-08,1.0,1.0,1.0,1.0,1.0,0
2020-04-09,1.0,1.0,1.0,1.0,1.0,0
2020-04-13,1.0,1.0,1.0,1.0,1.0,0
2020-04-14,1.0,1.0,1.0,1.0,1.0,0
2020-04-15,1.0,1.0,1.0,1.0,1.0,0
2020-04-16,1.0,1.0,1.0,1.0,1.0,100
2020-04-17,1.0,1.0,1.0,1.0,1.0,1414
2020-04-20,1.0,1.0,0.5,1.0,1.0,2327
2020-04-21,1.0,1.0,1.0,1.0,1.0,0
2020-04-22,1.0,1.0,1.0,1.0,1.0,0
2020-04-23,1.0,1.0,1.0,1.0,1.0,985
2020-04-24,1.0,1.0,1.0,1.0,1.0,0
2020-04-27,0.800000011920929,1.0,0.5,1.0,1.0,192
2020-04-28,0.5,1.0,0.5,1.0,1.0,2175
2020-04-29,1.0,1.0,1.0,1.0,1.0,0
2020-04-30,1.0,1.0,1.0,1.0,1.0,0
2020-05-01,1.0,1.0,1.0,1.0,1.0,0
2020-05-04,1.0,1.0,1.0,1.0,1.0,0
2020-05-05,1.0,1.0,1.0,1.0,1.0,1964
2020-05-06,0.800000011920929,1.0,0.800000011920929,1.0,1.0,323
2020-05-07,1.0,1.0,1.0,1.0,1.0,0
2020-05-08,1.0,1.0,1.0,1.0,1.0,0
2020-05-11,1.0,1.0,1.0,1.0,1.0,0
2020-05-12,1.0,1.0,0.5,1.0,1.0,203
2020-05-13,1.0,1.0,1.0,1.0,1.0,200
2020-05-14,0.5,1.0,0.5,1.0,1.0,100
2020-05-15,1.0,1.0,1.0,1.0,1.0,0
2020-05-18,1.0,1.0,1.0,1.0,1.0,0
2020-05-19,1.0,1.0,1.0,1.0,1.0,10
2020-05-20,1.0,1.0,1.0,1.0,1.0,0
2020-05-21,1.0,1.0,1.0,1.0,1.0,0
2020-05-22,0.5,0.5,0.5,0.5,0.5,0
2020-05-26,1.0,1.0,1.0,1.0,1.0,20
2020-05-27,1.0,1.0,1.0,1.0,1.0,20
2020-05-28,1.0,1.0,1.0,1.0,1.0,0
2020-05-29,1.0,1.0,1.0,1.0,1.0,368
2020-06-01,1.0,1.0,1.0,1.0,1.0,2768
2020-06-02,1.0,1.0,1.0,1.0,1.0,74
2020-06-03,1.0,1.0,0.5,1.0,1.0,5
2020-06-04,0.10000000149011612,1.0,0.10000000149011612,1.0,1.0,887
2020-06-05,1.0,1.0,1.0,1.0,1.0,0
2020-06-08,1.0,1.0,1.0,1.0,1.0,0
2020-06-09,1.0,1.0,1.0,1.0,1.0,0
2020-06-10,1.0,1.0,1.0,1.0,1.0,3
2020-06-11,1.0,1.0,1.0,1.0,1.0,0
2020-06-12,1.0,1.0,0.5,1.0,1.0,447
2020-06-15,1.0,1.0,1.0,1.0,1.0,205
2020-06-16,1.0,1.0,1.0,1.0,1.0,0
2020-06-17,1.0,1.0,1.0,1.0,1.0,257
2020-06-18,1.0,1.0,1.0,1.0,1.0,400
2020-06-19,1.0,1.0,1.0,1.0,1.0,0
2020-06-22,1.0,1.0,1.0,1.0,1.0,0
2020-06-23,1.0,1.0,1.0,1.0,1.0,0
2020-06-24,1.0,1.0,1.0,1.0,1.0,130
2020-06-25,1.0,1.0,1.0,1.0,1.0,70
2020-06-26,1.0,1.0,1.0,1.0,1.0,50
2020-06-29,1.0,1.0,1.0,1.0,1.0,50
2020-06-30,1.0,1.0,1.0,1.0,1.0,4
2020-07-01,1.0,1.0,1.0,1.0,1.0,0
2020-07-02,1.0,1.0,1.0,1.0,1.0,138
2020-07-06,1.0,1.0,1.0,1.0,1.0,0
2020-07-07,1.0,1.0,1.0,1.0,1.0,2
2020-07-08,1.0,1.0,1.0,1.0,1.0,3
2020-07-09,1.0,1.0,1.0,1.0,1.0,0
2020-07-10,0.5,0.5,0.5,0.5,0.5,0
2020-07-13,1.0,1.0,1.0,1.0,1.0,680
2020-07-14,1.0,1.0,1.0,1.0,1.0,0
2020-07-15,1.0,1.0,1.0,1.0,1.0,23
2020-07-16,1.0,1.0,0.5,1.0,1.0,12
2020-07-17,1.0,1.0,0.5,1.0,1.0,68
2020-07-20,1.0,1.0,0.5,1.0,1.0,11
2020-07-21,1.0,1.0,0.5,1.0,1.0,1
2020-07-22,1.0,1.0,1.0,1.0,1.0,0
2020-07-23,1.0,1.0,1.0,1.0,1.0,0
2020-07-24,1.0,1.0,1.0,1.0,1.0,0
2020-07-27,1.0,1.0,1.0,1.0,1.0,0
2020-07-28,1.0,1.0,1.0,1.0,1.0,1
2020-07-29,1.0,1.0,1.0,1.0,1.0,0
2020-07-30,1.0,1.0,1.0,1.0,1.0,50
2020-07-31,1.0,1.0,1.0,1.0,1.0,0
2020-08-03,1.0,1.0,1.0,1.0,1.0,50
2020-08-04,1.0,1.0,1.0,1.0,1.0,0
2020-08-05,1.0,1.0,1.0,1.0,1.0,0
2020-08-06,1.0,1.0,1.0,1.0,1.0,35
2020-08-07,1.0,1.0,1.0,1.0,1.0,0
2020-08-10,1.0,1.0,1.0,1.0,1.0,207
2020-08-11,1.0,1.0,1.0,1.0,1.0,100
2020-08-12,1.0,1.0,1.0,1.0,1.0,0
2020-08-13,1.0,1.0,1.0,1.0,1.0,0
2020-08-14,1.0,1.0,1.0,1.0,1.0,50
2020-08-17,1.0,1.0,1.0,1.0,1.0,200
2020-08-18,1.0,1.0,1.0,1.0,1.0,10
2020-08-19,1.0,1.0,1.0,1.0,1.0,10
2020-08-20,1.0,1.0,1.0,1.0,1.0,0
2020-08-21,1.0,1.0,1.0,1.0,1.0,0
2020-08-24,1.0,1.0,1.0,1.0,1.0,50
2020-08-25,1.0,1.0,1.0,1.0,1.0,3
2020-08-26,1.0,1.0,1.0,1.0,1.0,0
2020-08-27,1.0,1.0,1.0,1.0,1.0,82
2020-08-28,1.0,1.0,1.0,1.0,1.0,102
2020-08-31,1.0,1.0,1.0,1.0,1.0,0
2020-09-01,1.0,1.0,1.0,1.0,1.0,0
2020-09-02,1.0,1.0,1.0,1.0,1.0,157
2020-09-03,1.0,1.0,1.0,1.0,1.0,100
2020-09-04,1.0,1.0,1.0,1.0,1.0,0
2020-09-08,1.0,1.0,1.0,1.0,1.0,100
2020-09-09,1.0,1.0,1.0,1.0,1.0,4
2020-09-10,1.0,1.0,1.0,1.0,1.0,0
2020-09-11,1.0,1.0,1.0,1.0,1.0,10
2020-09-14,1.0,1.0,1.0,1.0,1.0,3
2020-09-15,1.0,1.0,0.5,1.0,1.0,708
2020-09-16,1.0,1.0,0.12099999934434891,0.17000000178813934,0.17000000178813934,20095
2020-09-17,0.16899999976158142,0.23999999463558197,0.052000001072883606,0.05860000103712082,0.05860000103712082,143539
2020-09-18,0.05249999836087227,0.1899999976158142,0.052000001072883606,0.1889999955892563,0.1889999955892563,76122
2020-09-21,0.1889999955892563,0.1889999955892563,0.07000000029802322,0.18000000715255737,0.18000000715255737,13081
2020-09-22,0.07000000029802322,0.10000000149011612,0.06300000101327896,0.06499999761581421,0.06499999761581421,70390
2020-09-23,0.10999999940395355,0.17499999701976776,0.0794999971985817,0.09000000357627869,0.09000000357627869,110961
2020-09-24,0.11999999731779099,0.18000000715255737,0.07999999821186066,0.18000000715255737,0.18000000715255737,75555
2020-09-25,0.07999999821186066,0.10000000149011612,0.07999999821186066,0.07999999821186066,0.07999999821186066,23710
2020-09-28,0.07100000232458115,0.10000000149011612,0.05299999937415123,0.05999999865889549,0.05999999865889549,414568
2020-09-29,0.05950000137090683,0.05999999865889549,0.035999998450279236,0.03999999910593033,0.03999999910593033,87889
2020-09-30,0.030649999156594276,0.030700000002980232,0.026000000536441803,0.026000000536441803,0.026000000536441803,5436
2020-10-01,0.02800000086426735,0.032999999821186066,0.02800000086426735,0.028049999848008156,0.028049999848008156,180518
2020-10-02,0.023099999874830246,0.05000000074505806,0.023099999874830246,0.05000000074505806,0.05000000074505806,31745
2020-10-05,0.029999999329447746,0.05000000074505806,0.026200000196695328,0.026200000196695328,0.026200000196695328,28555
2020-10-06,0.026200000196695328,0.029999999329447746,0.022549999877810478,0.024700000882148743,0.024700000882148743,33746
2020-10-07,0.029999999329447746,0.04749999940395355,0.029999999329447746,0.04749999940395355,0.04749999940395355,35590
2020-10-08,0.023600000888109207,0.04500000178813934,0.023600000888109207,0.04500000178813934,0.04500000178813934,1930
2020-10-09,0.03748000040650368,0.03748000040650368,0.023499999195337296,0.027000000700354576,0.027000000700354576,2003
2020-10-12,0.029999999329447746,0.041999999433755875,0.026200000196695328,0.02810000069439411,0.02810000069439411,4478
2020-10-13,0.024000000208616257,0.04490000009536743,0.019999999552965164,0.029999999329447746,0.029999999329447746,81132
2020-10-14,0.019999999552965164,0.042500000447034836,0.019999999552965164,0.042500000447034836,0.042500000447034836,62686
2020-10-15,0.021199999377131462,0.04244999960064888,0.021199999377131462,0.04244999960064888,0.04244999960064888,4744
2020-10-16,0.03203999996185303,0.03203999996185303,0.020649999380111694,0.020649999380111694,0.020649999380111694,1155
2020-10-19,0.030050000175833702,0.03999999910593033,0.020150000229477882,0.02800000086426735,0.02800000086426735,11721
2020-10-20,0.032499998807907104,0.032499998807907104,0.020999999716877937,0.02889999933540821,0.02889999933540821,294633
2020-10-21,0.02979999966919422,0.039799999445676804,0.02500000037252903,0.039799999445676804,0.039799999445676804,9077
2020-10-22,0.028049999848008156,0.028049999848008156,0.0210999995470047,0.0210999995470047,0.0210999995470047,6031
2020-10-23,0.027550000697374344,0.029999999329447746,0.021549999713897705,0.021549999713897705,0.021549999713897705,1741
2020-10-26,0.020999999716877937,0.020999999716877937,0.020999999716877937,0.020999999716877937,0.020999999716877937,200
2020-10-27,0.023000000044703484,0.023000000044703484,0.020500000566244125,0.020500000566244125,0.020500000566244125,10183
2020-10-28,0.0142000000923872,0.026000000536441803,0.0142000000923872,0.026000000536441803,0.026000000536441803,2698
2020-10-29,0.020099999383091927,0.023000000044703484,0.015200000256299973,0.015200000256299973,0.015200000256299973,15282
2020-10-30,0.019999999552965164,0.03889999911189079,0.01510000042617321,0.03889999911189079,0.03889999911189079,185044
2020-11-02,0.029100000858306885,0.029100000858306885,0.029100000858306885,0.029100000858306885,0.029100000858306885,1001
2020-11-03,0.02160000056028366,0.03889999911189079,0.02019999921321869,0.02019999921321869,0.02019999921321869,180273
2020-11-04,0.029510000720620155,0.03020000085234642,0.025930000469088554,0.03020000085234642,0.03020000085234642,19057
2020-11-05,0.01730000041425228,0.025550000369548798,0.01730000041425228,0.018200000748038292,0.018200000748038292,3690
2020-11-06,0.02474999986588955,0.02474999986588955,0.017999999225139618,0.01810000091791153,0.01810000091791153,800
2020-11-09,0.01810000091791153,0.01810000091791153,0.01810000091791153,0.01810000091791153,0.01810000091791153,1225
2020-11-10,0.025499999523162842,0.025499999523162842,0.019999999552965164,0.019999999552965164,0.019999999552965164,460
2020-11-11,0.01850000023841858,0.02500000037252903,0.018300000578165054,0.018300000578165054,0.018300000578165054,11011
2020-11-12,0.029999999329447746,0.03700000047683716,0.02500000037252903,0.03500000014901161,0.03500000014901161,181585
2020-11-13,0.025100000202655792,0.03500000014901161,0.025100000202655792,0.03500000014901161,0.03500000014901161,1190
2020-11-16,0.022099999710917473,0.022099999710917473,0.022099999710917473,0.022099999710917473,0.022099999710917473,642
2020-11-17,0.03500000014901161,0.03849000111222267,0.02500000037252903,0.03400000184774399,0.03400000184774399,156384
2020-11-18,0.032999999821186066,0.033900000154972076,0.027000000700354576,0.033799998462200165,0.033799998462200165,1657
2020-11-19,0.030489999800920486,0.030489999800920486,0.027000000700354576,0.027000000700354576,0.027000000700354576,3325
2020-11-20,0.029999999329447746,0.029999999329447746,0.026249999180436134,0.029999999329447746,0.029999999329447746,3707
2020-11-23,0.026240000501275063,0.02645000070333481,0.02290000021457672,0.02645000070333481,0.02645000070333481,1020
2020-11-24,0.029999999329447746,0.06499999761581421,0.022749999538064003,0.03200000151991844,0.03200000151991844,231839
2020-11-25,0.027499999850988388,0.03937999904155731,0.027499999850988388,0.027499999850988388,0.027499999850988388,41080
2020-11-27,0.027499999850988388,0.027499999850988388,0.027499999850988388,0.027499999850988388,0.027499999850988388,102
2020-11-30,0.03500000014901161,0.05000000074505806,0.028999999165534973,0.03500000014901161,0.03500000014901161,51518
2020-12-01,0.0348999984562397,0.05999999865889549,0.02500000037252903,0.03009999915957451,0.03009999915957451,48364
2020-12-02,0.07000000029802322,0.07000000029802322,0.03009999915957451,0.03999999910593033,0.03999999910593033,77540
2020-12-03,0.049949999898672104,0.05990000069141388,0.03999999910593033,0.044599998742341995,0.044599998742341995,58131
2020-12-04,0.04820000007748604,0.04820000007748604,0.032999999821186066,0.035100001841783524,0.035100001841783524,44029
2020-12-07,0.03500000014901161,0.03999999910593033,0.03500000014901161,0.03500000014901161,0.03500000014901161,850
2020-12-08,0.039500001817941666,0.039500001817941666,0.03500000014901161,0.03500000014901161,0.03500000014901161,53945
2020-12-09,0.03500000014901161,0.06199999898672104,0.03500000014901161,0.040049999952316284,0.040049999952316284,157970
2020-12-10,0.03700000047683716,0.03999999910593033,0.02710000053048134,0.02710000053048134,0.02710000053048134,151870
2020-12-11,0.029999999329447746,0.03840000182390213,0.022099999710917473,0.022849999368190765,0.022849999368190765,106916
2020-12-14,0.031700000166893005,0.032099999487400055,0.026000000536441803,0.026200000196695328,0.026200000196695328,3400
2020-12-15,0.02710000053048134,0.029899999499320984,0.02199999988079071,0.029600000008940697,0.029600000008940697,307879
2020-12-16,0.028189999982714653,0.02979999966919422,0.026900000870227814,0.02979999966919422,0.02979999966919422,166767
2020-12-17,0.029999999329447746,0.03245000168681145,0.023000000044703484,0.02500000037252903,0.02500000037252903,124011
2020-12-18,0.028999999165534973,0.028999999165534973,0.02500000037252903,0.02500000037252903,0.02500000037252903,165155
2020-12-21,0.02500000037252903,0.031599998474121094,0.021199999377131462,0.027899999171495438,0.027899999171495438,384564
2020-12-22,0.02054000087082386,0.023399999365210533,0.01810000091791153,0.02339000068604946,0.02339000068604946,101276
2020-12-23,0.024800000712275505,0.04800000041723251,0.01899999938905239,0.03500000014901161,0.03500000014901161,660490
2020-12-24,0.024000000208616257,0.03500000014901161,0.023000000044703484,0.023000000044703484,0.023000000044703484,291413
2020-12-28,0.023000000044703484,0.03400000184774399,0.023000000044703484,0.02500000037252903,0.02500000037252903,369435
2020-12-29,0.02500000037252903,0.0289900004863739,0.0215000007301569,0.022299999371170998,0.022299999371170998,327608
2020-12-30,0.023000000044703484,0.02484999969601631,0.021199999377131462,0.021199999377131462,0.021199999377131462,232889
2020-12-31,0.021199999377131462,0.024890000000596046,0.0203000009059906,0.02199999988079071,0.02199999988079071,154502
2021-01-04,0.02199999988079071,0.02979999966919422,0.019999999552965164,0.023499999195337296,0.023499999195337296,501078
2021-01-05,0.020099999383091927,0.02500000037252903,0.019200000911951065,0.019200000911951065,0.019200000911951065,640825
2021-01-06,0.019099999219179153,0.020899999886751175,0.017500000074505806,0.017500000074505806,0.017500000074505806,206549
2021-01-07,0.01759999990463257,0.018400000408291817,0.01360000018030405,0.01549999974668026,0.01549999974668026,689574
2021-01-08,0.023000000044703484,0.024000000208616257,0.020099999383091927,0.021549999713897705,0.021549999713897705,29376
2021-01-11,0.023000000044703484,0.023000000044703484,0.012299999594688416,0.013000000268220901,0.013000000268220901,985620
2021-01-12,0.01209999993443489,0.01889999955892563,0.01209999993443489,0.01889999955892563,0.01889999955892563,139898
2021-01-13,0.019449999555945396,0.019449999555945396,0.012000000104308128,0.01730000041425228,0.01730000041425228,765525
2021-01-14,0.019449999555945396,0.17000000178813934,0.014000000432133675,0.04100000113248825,0.04100000113248825,4020336
2021-01-15,0.04874999821186066,0.05000000074505806,0.032499998807907104,0.03799999877810478,0.03799999877810478,752254
2021-01-19,0.05000000074505806,0.05000000074505806,0.03500000014901161,0.03500000014901161,0.03500000014901161,979682
2021-01-20,0.03359999880194664,0.03999999910593033,0.02800000086426735,0.032999999821186066,0.032999999821186066,1751528
2021-01-21,0.029999999329447746,0.03779999911785126,0.02800000086426735,0.03350000083446503,0.03350000083446503,279161
2021-01-22,0.03500000014901161,0.03500000014901161,0.02800000086426735,0.029999999329447746,0.029999999329447746,1896483
2021-01-25,0.029899999499320984,0.029999999329447746,0.021199999377131462,0.02199999988079071,0.02199999988079071,1795213
2021-01-26,0.027499999850988388,0.027499999850988388,0.02199999988079071,0.02199999988079071,0.02199999988079071,1221051
2021-01-27,0.02199999988079071,0.02590000070631504,0.020999999716877937,0.02199999988079071,0.02199999988079071,624830
2021-01-28,0.023000000044703484,0.023000000044703484,0.015200000256299973,0.01759999990463257,0.01759999990463257,1309437
2021-01-29,0.012000000104308128,0.019999999552965164,0.012000000104308128,0.017000000923871994,0.017000000923871994,957578
2021-02-01,0.017000000923871994,0.024800000712275505,0.016899999231100082,0.01850000023841858,0.01850000023841858,1854376
2021-02-02,0.02449999935925007,0.02449999935925007,0.017999999225139618,0.019999999552965164,0.019999999552965164,1338896
2021-02-03,0.0142000000923872,0.019999999552965164,0.0142000000923872,0.019899999722838402,0.019899999722838402,841279
2021-02-04,0.02250000089406967,0.02250000089406967,0.014499999582767487,0.017000000923871994,0.017000000923871994,2601682
2021-02-05,0.022450000047683716,0.022450000047683716,0.015200000256299973,0.01850000023841858,0.01850000023841858,1192537
2021-02-08,0.02085000090301037,0.03500000014901161,0.017000000923871994,0.030500000342726707,0.030500000342726707,2901920
2021-02-09,0.029999999329447746,0.029999999329447746,0.0215000007301569,0.02800000086426735,0.02800000086426735,1028523
2021-02-10,0.03265000134706497,0.03449999913573265,0.024000000208616257,0.029899999499320984,0.029899999499320984,932572
2021-02-11,0.029899999499320984,0.029999999329447746,0.02500000037252903,0.029999999329447746,0.029999999329447746,689892
2021-02-12,0.029999999329447746,0.030899999663233757,0.025200000032782555,0.030899999663233757,0.030899999663233757,1099028
2021-02-16,0.030899999663233757,0.03500000014901161,0.029999999329447746,0.031599998474121094,0.031599998474121094,430714
2021-02-17,0.032999999821186066,0.039900001138448715,0.03009999915957451,0.032499998807907104,0.032499998807907104,683565
2021-02-18,0.03799999877810478,0.03799999877810478,0.027499999850988388,0.03200000151991844,0.03200000151991844,2381837
2021-02-19,0.03500000014901161,0.03849999979138374,0.027000000700354576,0.028999999165534973,0.028999999165534973,1592891
2021-02-22,0.028999999165534973,0.029999999329447746,0.024000000208616257,0.025599999353289604,0.025599999353289604,1618485
2021-02-23,0.025499999523162842,0.027000000700354576,0.017000000923871994,0.01850000023841858,0.01850000023841858,2735802
2021-02-24,0.017100000753998756,0.027000000700354576,0.017100000753998756,0.019209999591112137,0.019209999591112137,1999445
2021-02-25,0.021700000390410423,0.026599999517202377,0.017100000753998756,0.021400000900030136,0.021400000900030136,1675791
2021-02-26,0.02070000022649765,0.02070000022649765,0.017000000923871994,0.019500000402331352,0.019500000402331352,1985901
2021-03-01,0.019300000742077827,0.019999999552965164,0.014999999664723873,0.017400000244379044,0.017400000244379044,2192227
2021-03-02,0.023250000551342964,0.026499999687075615,0.013700000010430813,0.01754000037908554,0.01754000037908554,5162463
2021-03-03,0.02345000021159649,0.02345000021159649,0.009999999776482582,0.014399999752640724,0.014399999752640724,6671339
2021-03-04,0.016699999570846558,0.016699999570846558,0.01119999960064888,0.014800000004470348,0.014800000004470348,2880633
2021-03-05,0.010499999858438969,0.014800000004470348,0.009999999776482582,0.013899999670684338,0.013899999670684338,1479152
2021-03-08,0.014499999582767487,0.014800000004470348,0.010239999741315842,0.0142000000923872,0.0142000000923872,219871
2021-03-09,0.0142000000923872,0.0142000000923872,0.0129399998113513,0.0129399998113513,0.0129399998113513,136885
2021-03-10,0.012000000104308128,0.013899999670684338,0.009999999776482582,0.012000000104308128,0.012000000104308128,3658324
2021-03-11,0.011500000022351742,0.014999999664723873,0.011500000022351742,0.012000000104308128,0.012000000104308128,770019
2021-03-12,0.014499999582767487,0.01600000075995922,0.012000000104308128,0.01600000075995922,0.01600000075995922,245897
2021-03-15,0.014050000347197056,0.01590000092983246,0.012199999764561653,0.013799999840557575,0.013799999840557575,1359554
2021-03-16,0.013000000268220901,0.0142000000923872,0.011500000022351742,0.011500000022351742,0.011500000022351742,753500
2021-03-17,0.012400000356137753,0.012400000356137753,0.009499999694526196,0.009600000455975533,0.009600000455975533,4829377
2021-03-18,0.009499999694526196,0.012400000356137753,0.009499999694526196,0.010900000110268593,0.010900000110268593,1161001
2021-03-19,0.010700000450015068,0.012400000356137753,0.010700000450015068,0.010700000450015068,0.010700000450015068,242753
2021-03-22,0.010700000450015068,0.010700000450015068,0.008999999612569809,0.008999999612569809,0.008999999612569809,3566430
2021-03-23,0.009200000204145908,0.012000000104308128,0.009200000204145908,0.009399999864399433,0.009399999864399433,50800
2021-03-24,0.00989999994635582,0.012000000104308128,0.008999999612569809,0.008999999612569809,0.008999999612569809,1249648
2021-03-25,0.009200000204145908,0.014000000432133675,0.00800000037997961,0.009999999776482582,0.009999999776482582,2958926
2021-03-26,0.010599999688565731,0.012000000104308128,0.010599999688565731,0.012000000104308128,0.012000000104308128,22000
2021-03-29,0.00800000037997961,0.010499999858438969,0.00800000037997961,0.009600000455975533,0.009600000455975533,331781
2021-03-30,0.00800000037997961,0.009999999776482582,0.00800000037997961,0.009499999694526196,0.009499999694526196,509964
2021-03-31,0.009189999662339687,0.012000000104308128,0.008200000040233135,0.012000000104308128,0.012000000104308128,2315116
2021-04-01,0.010250000283122063,0.012679999694228172,0.00925000011920929,0.01075000036507845,0.01075000036507845,700224
2021-04-05,0.009999999776482582,0.012500000186264515,0.00930000003427267,0.009499999694526196,0.009499999694526196,657077
2021-04-06,0.009499999694526196,0.010999999940395355,0.008799999952316284,0.009499999694526196,0.009499999694526196,1186014
2021-04-07,0.009499999694526196,0.010999999940395355,0.009460000321269035,0.009999999776482582,0.009999999776482582,205500
2021-04-08,0.009999999776482582,0.009999999776482582,0.009100000374019146,0.009200000204145908,0.009200000204145908,136900
2021-04-09,0.009200000204145908,0.012000000104308128,0.009200000204145908,0.009999999776482582,0.009999999776482582,327048
2021-04-12,0.009999999776482582,0.009999999776482582,0.009100000374019146,0.009100000374019146,0.009100000374019146,841691
2021-04-13,0.009100000374019146,0.012000000104308128,0.008500000461935997,0.00930000003427267,0.00930000003427267,1685939
2021-04-14,0.00930000003427267,0.010999999940395355,0.00800000037997961,0.008700000122189522,0.008700000122189522,1123259
2021-04-15,0.00860000029206276,0.01080000028014183,0.008500000461935997,0.01080000028014183,0.01080000028014183,143200
2021-04-16,0.010999999940395355,0.013330000452697277,0.009499999694526196,0.010300000198185444,0.010300000198185444,6363366
2021-04-19,0.010200000368058681,0.010200000368058681,0.00800000037997961,0.008500000461935997,0.008500000461935997,3601874
2021-04-20,0.009150000289082527,0.009800000116229057,0.0066999997943639755,0.008840000256896019,0.008840000256896019,5672041
2021-04-21,0.007699999958276749,0.008249999955296516,0.007699999958276749,0.007799999788403511,0.007799999788403511,194105
2021-04-22,0.007799999788403511,0.007799999788403511,0.007170000113546848,0.007499999832361937,0.007499999832361937,568210
2021-04-23,0.007739999797195196,0.007739999797195196,0.005499999970197678,0.006800000090152025,0.006800000090152025,7029839
2021-04-26,0.006800000090152025,0.007199999876320362,0.006800000090152025,0.007199999876320362,0.007199999876320362,421500
2021-04-27,0.007400000002235174,0.009499999694526196,0.006800000090152025,0.009499999694526196,0.009499999694526196,520300
2021-04-28,0.009499999694526196,0.009589999914169312,0.00800000037997961,0.00800000037997961,0.00800000037997961,2052511
2021-04-29,0.009200000204145908,0.00949000008404255,0.008299999870359898,0.008299999870359898,0.008299999870359898,3885922
2021-04-30,0.00800000037997961,0.00800000037997961,0.0071000000461936,0.00800000037997961,0.00800000037997961,863813
2021-05-03,0.007199999876320362,0.007199999876320362,0.007199999876320362,0.007199999876320362,0.007199999876320362,201006
2021-05-04,0.0071000000461936,0.00800000037997961,0.0071000000461936,0.00800000037997961,0.00800000037997961,1249881
2021-05-05,0.0074800001457333565,0.007699999958276749,0.007400000002235174,0.007600000128149986,0.007600000128149986,613998
2021-05-06,0.007400000002235174,0.007400000002235174,0.006800000090152025,0.007000000216066837,0.007000000216066837,1094615
2021-05-07,0.006889999844133854,0.007000000216066837,0.0066999997943639755,0.0066999997943639755,0.0066999997943639755,112403
2021-05-10,0.0066999997943639755,0.007600000128149986,0.0066999997943639755,0.006850000005215406,0.006850000005215406,1930566
2021-05-11,0.0066999997943639755,0.007199999876320362,0.005799999926239252,0.007189999800175428,0.007189999800175428,950231
2021-05-12,0.007000000216066837,0.007189999800175428,0.006500000134110451,0.007000000216066837,0.007000000216066837,926881
2021-05-13,0.00634999992325902,0.006500000134110451,0.006000000052154064,0.006000000052154064,0.006000000052154064,196233
2021-05-14,0.006000000052154064,0.006500000134110451,0.006000000052154064,0.006500000134110451,0.006500000134110451,5000
2021-05-17,0.008500000461935997,0.008500000461935997,0.006099999882280827,0.007000000216066837,0.007000000216066837,84501
2021-05-18,0.006200000178068876,0.006479999981820583,0.006200000178068876,0.006479999981820583,0.006479999981820583,4100
2021-05-19,0.006200000178068876,0.007499999832361937,0.006200000178068876,0.0066999997943639755,0.0066999997943639755,447059
2021-05-20,0.006500000134110451,0.006500000134110451,0.005799999926239252,0.005799999926239252,0.005799999926239252,1676805
2021-05-21,0.005900000222027302,0.006000000052154064,0.005200000014156103,0.005499999970197678,0.005499999970197678,2145114
2021-05-24,0.00559999980032444,0.006000000052154064,0.005400000140070915,0.006000000052154064,0.006000000052154064,1032000
2021-05-25,0.006000000052154064,0.006000000052154064,0.00570000009611249,0.006000000052154064,0.006000000052154064,205077
2021-05-26,0.006099999882280827,0.006099999882280827,0.005200000014156103,0.005200000014156103,0.005200000014156103,1022688
2021-05-27,0.0053400001488626,0.006000000052154064,0.0052999998442828655,0.006000000052154064,0.006000000052154064,850300
2021-05-28,0.005439999978989363,0.00559999980032444,0.005400000140070915,0.005400000140070915,0.005400000140070915,480000
2021-06-01,0.006099999882280827,0.006099999882280827,0.0052999998442828655,0.005400000140070915,0.005400000140070915,443519
2021-06-02,0.005890000145882368,0.006599999964237213,0.0052999998442828655,0.006599999964237213,0.006599999964237213,1502708
2021-06-03,0.006500000134110451,0.009999999776482582,0.006500000134110451,0.0066999997943639755,0.0066999997943639755,7317032
2021-06-04,0.007199999876320362,0.00800000037997961,0.007199999876320362,0.00800000037997961,0.00800000037997961,358807
2021-06-07,0.00800000037997961,0.00800000037997961,0.006200000178068876,0.006300000008195639,0.006300000008195639,2433759
2021-06-08,0.006200000178068876,0.007499999832361937,0.006000000052154064,0.007000000216066837,0.007000000216066837,4300464
2021-06-09,0.006829999852925539,0.007000000216066837,0.006829999852925539,0.007000000216066837,0.007000000216066837,7550
2021-06-10,0.0066999997943639755,0.008799999952316284,0.006000000052154064,0.0066999997943639755,0.0066999997943639755,3739730
2021-06-11,0.006500000134110451,0.0066999997943639755,0.006000000052154064,0.006399999838322401,0.006399999838322401,1908149
2021-06-14,0.006200000178068876,0.006399999838322401,0.006000000052154064,0.006300000008195639,0.006300000008195639,1416636
2021-06-15,0.006000000052154064,0.008700000122189522,0.00570000009611249,0.0067900000140070915,0.0067900000140070915,3612283
2021-06-16,0.006800000090152025,0.007899999618530273,0.006800000090152025,0.007499999832361937,0.007499999832361937,2401509
2021-06-17,0.007300000172108412,0.007300000172108412,0.007300000172108412,0.007300000172108412,0.007300000172108412,400000
2021-06-18,0.006500000134110451,0.006500000134110451,0.005979999899864197,0.006399999838322401,0.006399999838322401,3257051
2021-06-21,0.006099999882280827,0.006200000178068876,0.005400000140070915,0.006200000178068876,0.006200000178068876,2541052
2021-06-22,0.00559999980032444,0.006300000008195639,0.00559999980032444,0.00559999980032444,0.00559999980032444,392739
2021-06-23,0.007000000216066837,0.007000000216066837,0.0061900001019239426,0.0061900001019239426,0.0061900001019239426,31700
2021-06-24,0.006000000052154064,0.006000000052154064,0.005499999970197678,0.00570000009611249,0.00570000009611249,577136
2021-06-25,0.005400000140070915,0.009700000286102295,0.005400000140070915,0.0066999997943639755,0.0066999997943639755,14235253
2021-06-28,0.007000000216066837,0.007000000216066837,0.005799999926239252,0.006500000134110451,0.006500000134110451,355500
2021-06-29,0.006149999797344208,0.006149999797344208,0.005499999970197678,0.005799999926239252,0.005799999926239252,2822378
2021-06-30,0.00559999980032444,0.00559999980032444,0.005400000140070915,0.005499999970197678,0.005499999970197678,1319009
2021-07-01,0.005400000140070915,0.006000000052154064,0.0052999998442828655,0.005789999850094318,0.005789999850094318,2775575
2021-07-02,0.005350000225007534,0.00570000009611249,0.005200000014156103,0.005200000014156103,0.005200000014156103,3947170
2021-07-06,0.004999999888241291,0.005100000184029341,0.004999999888241291,0.005100000184029341,0.005100000184029341,450102
2021-07-07,0.005100000184029341,0.005400000140070915,0.004600000102072954,0.004999999888241291,0.004999999888241291,2178639
2021-07-08,0.004999999888241291,0.004999999888241291,0.004490000195801258,0.004600000102072954,0.004600000102072954,1695072
2021-07-09,0.0044999998062849045,0.004999999888241291,0.00430000014603138,0.004999999888241291,0.004999999888241291,5345922
2021-07-12,0.004999999888241291,0.010700000450015068,0.004999999888241291,0.00800000037997961,0.00800000037997961,25536894
2021-07-13,0.00800000037997961,0.009600000455975533,0.007300000172108412,0.008500000461935997,0.008500000461935997,4583557
2021-07-14,0.008700000122189522,0.008700000122189522,0.006099999882280827,0.007499999832361937,0.007499999832361937,4454350
2021-07-15,0.007000000216066837,0.007189999800175428,0.006500000134110451,0.0066999997943639755,0.0066999997943639755,5436711
2021-07-16,0.007089999970048666,0.007300000172108412,0.006599999964237213,0.007000000216066837,0.007000000216066837,929844
2021-07-19,0.006800000090152025,0.007300000172108412,0.006300000008195639,0.006300000008195639,0.006300000008195639,948310
2021-07-20,0.006300000008195639,0.00800000037997961,0.006300000008195639,0.007000000216066837,0.007000000216066837,1774575
2021-07-21,0.00800000037997961,0.00800000037997961,0.007089999970048666,0.0071299998089671135,0.0071299998089671135,45528
2021-07-22,0.006899999920278788,0.009399999864399433,0.006500000134110451,0.008999999612569809,0.008999999612569809,9194572
2021-07-23,0.009499999694526196,0.009499999694526196,0.008799999952316284,0.008799999952316284,0.008799999952316284,170020
2021-07-26,0.008100000210106373,0.009100000374019146,0.008100000210106373,0.008799999952316284,0.008799999952316284,1541000
2021-07-27,0.008999999612569809,0.009109999984502792,0.008100000210106373,0.008100000210106373,0.008100000210106373,1157662
2021-07-28,0.009200000204145908,0.00930000003427267,0.008100000210106373,0.00860000029206276,0.00860000029206276,4764318
2021-07-29,0.008500000461935997,0.008729999884963036,0.007799999788403511,0.008089999668300152,0.008089999668300152,2370804
2021-07-30,0.00800000037997961,0.009999999776482582,0.00800000037997961,0.009999999776482582,0.009999999776482582,5011484
2021-08-02,0.012000000104308128,0.017629999667406082,0.009850000031292439,0.01640000008046627,0.01640000008046627,14556080
2021-08-03,0.017899999395012856,0.018699999898672104,0.015399999916553497,0.016499999910593033,0.016499999910593033,3204794
2021-08-04,0.018400000408291817,0.019899999722838402,0.015799999237060547,0.01860000006854534,0.01860000006854534,4515243
2021-08-05,0.019600000232458115,0.02459999918937683,0.018300000578165054,0.02370000071823597,0.02370000071823597,9031250
2021-08-06,0.02370000071823597,0.028300000354647636,0.022420000284910202,0.028300000354647636,0.028300000354647636,9555939
2021-08-09,0.029999999329447746,0.058800000697374344,0.028999999165534973,0.04749999940395355,0.04749999940395355,18894551
2021-08-10,0.049800001084804535,0.05590000003576279,0.041099999099969864,0.055799998342990875,0.055799998342990875,6590049
2021-08-11,0.054999999701976776,0.06538999825716019,0.04859999939799309,0.05900000035762787,0.05900000035762787,6767283
2021-08-12,0.05550000071525574,0.05999999865889549,0.045499999076128006,0.05000000074505806,0.05000000074505806,3337445
2021-08-13,0.04989999905228615,0.05649999901652336,0.042100001126527786,0.054010000079870224,0.054010000079870224,3762436
2021-08-16,0.05299999937415123,0.05900000035762787,0.0494999997317791,0.0494999997317791,0.0494999997317791,1745167
2021-08-17,0.0494999997317791,0.05590000003576279,0.03750000149011612,0.03999999910593033,0.03999999910593033,3001644
2021-08-18,0.041999999433755875,0.0430000014603138,0.032099999487400055,0.0430000014603138,0.0430000014603138,1873977
2021-08-19,0.034699998795986176,0.043699998408555984,0.03400000184774399,0.03799000009894371,0.03799000009894371,4308437
2021-08-20,0.041999999433755875,0.05990000069141388,0.03530000150203705,0.057999998331069946,0.057999998331069946,4110125
2021-08-23,0.05999999865889549,0.06310000270605087,0.0560000017285347,0.05860000103712082,0.05860000103712082,4732100
2021-08-24,0.05979999899864197,0.05979999899864197,0.05270000174641609,0.057999998331069946,0.057999998331069946,3338112
2021-08-25,0.061500001698732376,0.061500001698732376,0.04100000113248825,0.04390000179409981,0.04390000179409981,9604067
2021-08-26,0.04340000078082085,0.04661000147461891,0.035999998450279236,0.040300000458955765,0.040300000458955765,7842180
2021-08-27,0.03999999910593033,0.06509999930858612,0.03880000114440918,0.05999999865889549,0.05999999865889549,10006108
2021-08-30,0.06350000202655792,0.10000000149011612,0.06350000202655792,0.08500000089406967,0.08500000089406967,10905095
2021-08-31,0.08500000089406967,0.10440000146627426,0.07109999656677246,0.09200000017881393,0.09200000017881393,4766559
2021-09-01,0.09989999979734421,0.11749999970197678,0.07500000298023224,0.10999999940395355,0.10999999940395355,7699998
2021-09-02,0.11375000327825546,0.11699999868869781,0.0835999995470047,0.10300000011920929,0.10300000011920929,4536786
2021-09-03,0.10588999837636948,0.15549999475479126,0.10588999837636948,0.1509999930858612,0.1509999930858612,8993501
2021-09-07,0.1509999930858612,0.1720000058412552,0.1459999978542328,0.16249999403953552,0.16249999403953552,8638181
2021-09-08,0.17239999771118164,0.17239999771118164,0.14350000023841858,0.1679999977350235,0.1679999977350235,3291240
2021-09-09,0.17100000381469727,0.17100000381469727,0.1500999927520752,0.1599999964237213,0.1599999964237213,2961409
2021-09-10,0.16899999976158142,0.16899999976158142,0.14329999685287476,0.1445000022649765,0.1445000022649765,3014351
2021-09-13,0.14399999380111694,0.164000004529953,0.13600000739097595,0.14936000108718872,0.14936000108718872,1686423
2021-09-14,0.14949999749660492,0.15889999270439148,0.13940000534057617,0.15000000596046448,0.15000000596046448,1262296
2021-09-15,0.15000000596046448,0.1509999930858612,0.13750000298023224,0.14000000059604645,0.14000000059604645,1467242
2021-09-16,0.1598999947309494,0.1598999947309494,0.125,0.14090000092983246,0.14090000092983246,2122567
2021-09-17,0.1354999989271164,0.14300000667572021,0.09120000153779984,0.11500000208616257,0.11500000208616257,4277674
2021-09-20,0.11980000138282776,0.1445000022649765,0.10199999809265137,0.1174900010228157,0.1174900010228157,1663857
2021-09-21,0.11749999970197678,0.11749999970197678,0.07999999821186066,0.0989999994635582,0.0989999994635582,2459130
2021-09-22,0.10000000149011612,0.10840000212192535,0.08209999650716782,0.09600000083446503,0.09600000083446503,2396085
2021-09-23,0.09600000083446503,0.11855000257492065,0.09000000357627869,0.1145000010728836,0.1145000010728836,1172511
2021-09-24,0.1185000017285347,0.11990000307559967,0.10000000149011612,0.10599999874830246,0.10599999874830246,4093739
2021-09-27,0.10999999940395355,0.11089999973773956,0.09000000357627869,0.09640000015497208,0.09640000015497208,3038087
2021-09-28,0.09640000015497208,0.10989999771118164,0.08510000258684158,0.08510000258684158,0.08510000258684158,1806273
2021-09-29,0.10239999741315842,0.10239999741315842,0.0820000022649765,0.08386000245809555,0.08386000245809555,1607748
2021-09-30,0.0835999995470047,0.0835999995470047,0.0625,0.07970000058412552,0.07970000058412552,3480472
2021-10-01,0.07810000330209732,0.09880000352859497,0.07810000330209732,0.09775000065565109,0.09775000065565109,2085074
2021-10-04,0.0989999994635582,0.0989999994635582,0.0877000018954277,0.09000000357627869,0.09000000357627869,1549823
2021-10-05,0.08598999679088593,0.09000000357627869,0.07999999821186066,0.08100000023841858,0.08100000023841858,976985
2021-10-06,0.08291999995708466,0.08540999889373779,0.07119999825954437,0.07800000160932541,0.07800000160932541,1166642
2021-10-07,0.08990000188350677,0.10999999940395355,0.07919999957084656,0.08500000089406967,0.08500000089406967,3291000
2021-10-08,0.0851999968290329,0.0908999964594841,0.07109999656677246,0.07999999821186066,0.07999999821186066,1704850
2021-10-11,0.08150000125169754,0.08489999920129776,0.07109999656677246,0.07999999821186066,0.07999999821186066,534237
2021-10-12,0.07999999821186066,0.07999999821186066,0.06400000303983688,0.07150000333786011,0.07150000333786011,865568
2021-10-13,0.0729999989271164,0.0729999989271164,0.06599999964237213,0.07124999910593033,0.07124999910593033,947535
2021-10-14,0.07000000029802322,0.08500000089406967,0.066600002348423,0.08500000089406967,0.08500000089406967,1670020
2021-10-15,0.08250000327825546,0.1143999993801117,0.08006999641656876,0.10279999673366547,0.10279999673366547,2513874
2021-10-18,0.11479999870061874,0.11500000208616257,0.08879999816417694,0.09200000017881393,0.09200000017881393,3595336
2021-10-19,0.1088000014424324,0.1088000014424324,0.07890000194311142,0.07999999821186066,0.07999999821186066,2677743
2021-10-20,0.07999999821186066,0.09200000017881393,0.07660000026226044,0.0799499973654747,0.0799499973654747,1235093
2021-10-21,0.09000000357627869,0.09000000357627869,0.07599999755620956,0.08299999684095383,0.08299999684095383,1836974
2021-10-22,0.0843999981880188,0.0843999981880188,0.06750000268220901,0.07284999638795853,0.07284999638795853,1978671
2021-10-25,0.0689999982714653,0.07400000095367432,0.06560000032186508,0.0689999982714653,0.0689999982714653,1612460
2021-10-26,0.06825000047683716,0.07349999994039536,0.062199998646974564,0.07329999655485153,0.07329999655485153,2455861
2021-10-27,0.07289999723434448,0.08799999952316284,0.06840000301599503,0.07000000029802322,0.07000000029802322,2225333
2021-10-28,0.07240000367164612,0.07240000367164612,0.05609999969601631,0.06300000101327896,0.06300000101327896,2547834
2021-10-29,0.061500001698732376,0.07180000096559525,0.052000001072883606,0.0689999982714653,0.0689999982714653,3834183
2021-11-01,0.0689999982714653,0.0689999982714653,0.05999999865889549,0.06300000101327896,0.06300000101327896,651737
2021-11-02,0.06199999898672104,0.07329999655485153,0.06199999898672104,0.0640999972820282,0.0640999972820282,2019755
2021-11-03,0.06400000303983688,0.07000000029802322,0.062199998646974564,0.06499999761581421,0.06499999761581421,396877
2021-11-04,0.06400000303983688,0.07000000029802322,0.06300000101327896,0.06880000233650208,0.06880000233650208,1466558
2021-11-05,0.06804999709129333,0.0786999985575676,0.06530000269412994,0.07000000029802322,0.07000000029802322,1812680
2021-11-08,0.08100000023841858,0.08900000154972076,0.07100000232458115,0.0843999981880188,0.0843999981880188,4059177
2021-11-09,0.08744999766349792,0.08780000358819962,0.07720000296831131,0.08250000327825546,0.08250000327825546,914852
2021-11-10,0.07355000078678131,0.08720000088214874,0.07199999690055847,0.07423999905586243,0.07423999905586243,2319609
2021-11-11,0.07400000095367432,0.08479999750852585,0.07119999825954437,0.07800000160932541,0.07800000160932541,1440611
2021-11-12,0.08290000259876251,0.0843999981880188,0.07720000296831131,0.0828000009059906,0.0828000009059906,1008782
2021-11-15,0.07999999821186066,0.08799999952316284,0.07599999755620956,0.08299999684095383,0.08299999684095383,913840
2021-11-16,0.07699999958276749,0.08399999886751175,0.07400000095367432,0.07859999686479568,0.07859999686479568,1178739
2021-11-17,0.0738999992609024,0.08089999854564667,0.0738999992609024,0.07654999941587448,0.07654999941587448,1348034
2021-11-18,0.07604999840259552,0.08889999985694885,0.0723000019788742,0.08100000023841858,0.08100000023841858,3116221
2021-11-19,0.07861000299453735,0.08399999886751175,0.07684999704360962,0.07999999821186066,0.07999999821186066,2535086
2021-11-22,0.0860000029206276,0.0860000029206276,0.06499999761581421,0.07119999825954437,0.07119999825954437,1983977
2021-11-23,0.06949000060558319,0.07689999788999557,0.06109999865293503,0.06530000269412994,0.06530000269412994,576164
2021-11-24,0.07079999893903732,0.07079999893903732,0.05700000002980232,0.06400000303983688,0.06400000303983688,1576590
2021-11-26,0.06350000202655792,0.06800000369548798,0.057500001043081284,0.06800000369548798,0.06800000369548798,1318117
2021-11-29,0.07769999653100967,0.07769999653100967,0.05620000138878822,0.07015000283718109,0.07015000283718109,1312097
2021-11-30,0.07599999755620956,0.07599999755620956,0.06030000001192093,0.06419999897480011,0.06419999897480011,1390399
2021-12-01,0.06277000159025192,0.06480000168085098,0.056699998676776886,0.056699998676776886,0.056699998676776886,678600
2021-12-02,0.05674999952316284,0.06449999660253525,0.047210000455379486,0.05400000140070915,0.05400000140070915,1538943
2021-12-03,0.050200000405311584,0.05260000005364418,0.042500000447034836,0.05260000005364418,0.05260000005364418,3993616
2021-12-06,0.05299999937415123,0.05469999834895134,0.046640001237392426,0.05000000074505806,0.05000000074505806,786933
2021-12-07,0.050999999046325684,0.0560000017285347,0.04800000041723251,0.0560000017285347,0.0560000017285347,2774118
2021-12-08,0.0560000017285347,0.07980000227689743,0.05423000082373619,0.07720000296831131,0.07720000296831131,3129098
2021-12-09,0.07720000296831131,0.09549999982118607,0.0729999989271164,0.07999999821186066,0.07999999821186066,4368442
2021-12-10,0.08950000256299973,0.08950000256299973,0.06499999761581421,0.07989999651908875,0.07989999651908875,1885371
2021-12-13,0.07045000046491623,0.07999999821186066,0.05000000074505806,0.06700000166893005,0.06700000166893005,2401601
2021-12-14,0.07190000265836716,0.07190000265836716,0.05999999865889549,0.06599999964237213,0.06599999964237213,462565
2021-12-15,0.06700000166893005,0.06700000166893005,0.05660000070929527,0.06199999898672104,0.06199999898672104,1323290
2021-12-16,0.06199999898672104,0.06300000101327896,0.05700000002980232,0.05700000002980232,0.05700000002980232,668283
2021-12-17,0.057999998331069946,0.061799999326467514,0.05000000074505806,0.05249999836087227,0.05249999836087227,1382085
2021-12-20,0.051100000739097595,0.05700000002980232,0.04834999889135361,0.05400000140070915,0.05400000140070915,2488342
2021-12-21,0.04830000177025795,0.05649999901652336,0.04699999839067459,0.052400000393390656,0.052400000393390656,2185867
2021-12-22,0.05000000074505806,0.05299000069499016,0.04500000178813934,0.04713999852538109,0.04713999852538109,2687160
2021-12-23,0.04600000008940697,0.052299998700618744,0.04500000178813934,0.04500000178813934,0.04500000178813934,1080091
2021-12-27,0.04464999958872795,0.050999999046325684,0.03480000048875809,0.039000000804662704,0.039000000804662704,5107583
2021-12-28,0.04500000178813934,0.0560000017285347,0.038830000907182693,0.03999999910593033,0.03999999910593033,12170249
2021-12-29,0.04729999974370003,0.04729999974370003,0.039480000734329224,0.04439999908208847,0.04439999908208847,5633863
2021-12-30,0.046799998730421066,0.054999999701976776,0.0430000014603138,0.05249999836087227,0.05249999836087227,3287934
2021-12-31,0.05490000173449516,0.06379999965429306,0.05000000074505806,0.061500001698732376,0.061500001698732376,2906542
2022-01-03,0.06300000101327896,0.06300000101327896,0.05609999969601631,0.05700000002980232,0.05700000002980232,824800
2022-01-04,0.054999999701976776,0.06199999898672104,0.049800001084804535,0.05169999971985817,0.05169999971985817,1389417
2022-01-05,0.0515500009059906,0.05350999906659126,0.03680000081658363,0.03889999911189079,0.03889999911189079,9883641
2022-01-06,0.03759999945759773,0.04190000146627426,0.03660000115633011,0.039400000125169754,0.039400000125169754,1034570
2022-01-07,0.039400000125169754,0.039400000125169754,0.03579999879002571,0.03889999911189079,0.03889999911189079,648481
2022-01-10,0.03799999877810478,0.03799999877810478,0.02710000053048134,0.02759999968111515,0.02759999968111515,5068416
2022-01-11,0.03799999877810478,0.03799999877810478,0.026100000366568565,0.029999999329447746,0.029999999329447746,4547734
2022-01-12,0.029999999329447746,0.029999999329447746,0.02199999988079071,0.027000000700354576,0.027000000700354576,9670299
2022-01-13,0.02710000053048134,0.03150000050663948,0.0251499991863966,0.027000000700354576,0.027000000700354576,3567875
2022-01-14,0.027000000700354576,0.029400000348687172,0.025499999523162842,0.02879999950528145,0.02879999950528145,3200126
2022-01-18,0.027049999684095383,0.029999999329447746,0.026000000536441803,0.027000000700354576,0.027000000700354576,1304845
2022-01-19,0.029400000348687172,0.029400000348687172,0.026100000366568565,0.026599999517202377,0.026599999517202377,1627790
2022-01-20,0.027499999850988388,0.030519999563694,0.025469999760389328,0.029500000178813934,0.029500000178813934,2868210
2022-01-21,0.028999999165534973,0.028999999165534973,0.026000000536441803,0.026100000366568565,0.026100000366568565,1897950
2022-01-24,0.027400000020861626,0.027400000020861626,0.020099999383091927,0.026000000536441803,0.026000000536441803,2283114
2022-01-25,0.024250000715255737,0.024250000715255737,0.019999999552965164,0.02092999964952469,0.02092999964952469,2009213
2022-01-26,0.021050000563263893,0.02239999920129776,0.0203000009059906,0.02239999920129776,0.02239999920129776,5605044
2022-01-27,0.021250000223517418,0.02250000089406967,0.0203000009059906,0.02199999988079071,0.02199999988079071,4282550
2022-01-28,0.02199999988079071,0.02199999988079071,0.020999999716877937,0.021449999883770943,0.021449999883770943,1190250
2022-01-31,0.027550000697374344,0.027550000697374344,0.022859999909996986,0.024800000712275505,0.024800000712275505,1410314
2022-02-01,0.02800000086426735,0.02800000086426735,0.024800000712275505,0.02800000086426735,0.02800000086426735,2540782
2022-02-02,0.02800000086426735,0.02800000086426735,0.024399999529123306,0.027799999341368675,0.027799999341368675,964380
2022-02-03,0.02500000037252903,0.02500000037252903,0.023350000381469727,0.024900000542402267,0.024900000542402267,1727790
2022-02-04,0.024000000208616257,0.026499999687075615,0.024000000208616257,0.02500000037252903,0.02500000037252903,2729566
2022-02-07,0.02500000037252903,0.025210000574588776,0.02319999970495701,0.024150000885128975,0.024150000885128975,2628534
2022-02-08,0.024700000882148743,0.024700000882148743,0.02160000056028366,0.023399999365210533,0.023399999365210533,1203399
2022-02-09,0.022199999541044235,0.023000000044703484,0.020749999210238457,0.022430000826716423,0.022430000826716423,3226569
2022-02-10,0.0210999995470047,0.022199999541044235,0.019999999552965164,0.02199999988079071,0.02199999988079071,3128058
2022-02-11,0.020500000566244125,0.021900000050663948,0.020500000566244125,0.020500000566244125,0.020500000566244125,651000
2022-02-14,0.020500000566244125,0.021700000390410423,0.01899999938905239,0.019999999552965164,0.019999999552965164,687984
2022-02-15,0.019099999219179153,0.019500000402331352,0.017999999225139618,0.01889999955892563,0.01889999955892563,1867607
2022-02-16,0.018200000748038292,0.18000000715255737,0.017000000923871994,0.017799999564886093,0.017799999564886093,471564
2022-02-17,0.017100000753998756,0.017799999564886093,0.015799999237060547,0.016499999910593033,0.016499999910593033,314756
2022-02-18,0.017000000923871994,0.017000000923871994,0.015799999237060547,0.01679999940097332,0.01679999940097332,613040
2022-02-22,0.015699999406933784,0.019300000742077827,0.014000000432133675,0.017000000923871994,0.017000000923871994,2720538
2022-02-23,0.017000000923871994,0.017000000923871994,0.013199999928474426,0.014000000432133675,0.014000000432133675,1085835
2022-02-24,0.013980000279843807,0.014000000432133675,0.011800000444054604,0.011950000189244747,0.011950000189244747,1045653
2022-02-25,0.012000000104308128,0.012000000104308128,0.010099999606609344,0.010889999568462372,0.010889999568462372,5374618
2022-02-28,0.010200000368058681,0.010599999688565731,0.008200000040233135,0.008500000461935997,0.008500000461935997,11269290
2022-03-01,0.008200000040233135,0.008679999969899654,0.007300000172108412,0.007499999832361937,0.007499999832361937,4148437
2022-03-02,0.007499999832361937,0.007600000128149986,0.0071000000461936,0.007499999832361937,0.007499999832361937,2770198
2022-03-03,0.007499999832361937,0.007499999832361937,0.006800000090152025,0.007499999832361937,0.007499999832361937,2053931
2022-03-04,0.007600000128149986,0.007600000128149986,0.006500000134110451,0.006599999964237213,0.006599999964237213,3732889
2022-03-07,0.006599999964237213,0.0066999997943639755,0.006200000178068876,0.006599999964237213,0.006599999964237213,17300482
2022-03-08,0.006399999838322401,0.006800000090152025,0.006000000052154064,0.006599999964237213,0.006599999964237213,24693264
2022-03-09,0.006750000175088644,0.020500000566244125,0.00674000009894371,0.010200000368058681,0.010200000368058681,31121030
2022-03-10,0.013000000268220901,0.01600000075995922,0.00989999994635582,0.009999999776482582,0.009999999776482582,22733871
2022-03-11,0.01221999991685152,0.012500000186264515,0.007499999832361937,0.008100000210106373,0.008100000210106373,18173994
2022-03-14,0.00860000029206276,0.008750000037252903,0.0071000000461936,0.007499999832361937,0.007499999832361937,7885226
2022-03-15,0.007600000128149986,0.007799999788403511,0.006500000134110451,0.006800000090152025,0.006800000090152025,19463905
2022-03-16,0.006719999946653843,0.007000000216066837,0.006200000178068876,0.006300000008195639,0.006300000008195639,9445820
2022-03-17,0.006300000008195639,0.006399999838322401,0.005849999841302633,0.006099999882280827,0.006099999882280827,16483113
2022-03-18,0.006099999882280827,0.006099999882280827,0.005100000184029341,0.005400000140070915,0.005400000140070915,13141432
2022-03-21,0.005400000140070915,0.005499999970197678,0.004999999888241291,0.005200000014156103,0.005200000014156103,30171946
2022-03-22,0.005210000090301037,0.00559999980032444,0.005200000014156103,0.005499999970197678,0.005499999970197678,5365818
2022-03-23,0.005499999970197678,0.007799999788403511,0.005400000140070915,0.007799999788403511,0.007799999788403511,3865518
2022-03-24,0.00800000037997961,0.010250000283122063,0.007000000216066837,0.008999999612569809,0.008999999612569809,6114793
2022-03-25,0.008999999612569809,0.008999999612569809,0.007199999876320362,0.007199999876320362,0.007199999876320362,5421101
2022-03-28,0.007000000216066837,0.007799999788403511,0.006000000052154064,0.006099999882280827,0.006099999882280827,2431690
2022-03-29,0.006500000134110451,0.006500000134110451,0.005499999970197678,0.00559999980032444,0.00559999980032444,7524341
2022-03-30,0.005799999926239252,0.006399999838322401,0.0052999998442828655,0.005499999970197678,0.005499999970197678,22352891
2022-03-31,0.00570000009611249,0.006000000052154064,0.005499999970197678,0.00559999980032444,0.00559999980032444,17460296
2022-04-01,0.005750000011175871,0.006000000052154064,0.005499999970197678,0.00570000009611249,0.00570000009611249,2390750
2022-04-04,0.006099999882280827,0.007499999832361937,0.006000000052154064,0.006500000134110451,0.006500000134110451,10385309
2022-04-05,0.006500000134110451,0.007899999618530273,0.006099999882280827,0.006500000134110451,0.006500000134110451,4482707
2022-04-06,0.006200000178068876,0.006200000178068876,0.004999999888241291,0.0052999998442828655,0.0052999998442828655,16552042
2022-04-07,0.00559999980032444,0.00559999980032444,0.004900000058114529,0.004999999888241291,0.004999999888241291,15076972
2022-04-08,0.005100000184029341,0.005150000099092722,0.004900000058114529,0.004900000058114529,0.004900000058114529,714000
2022-04-11,0.004999999888241291,0.004999999888241291,0.004399999976158142,0.0044999998062849045,0.0044999998062849045,2240894
2022-04-12,0.004650000017136335,0.004699999932199717,0.004000000189989805,0.004449999891221523,0.004449999891221523,3739658
2022-04-13,0.004100000020116568,0.0044999998062849045,0.004100000020116568,0.0044999998062849045,0.0044999998062849045,2086780
2022-04-14,0.0044999998062849045,0.004900000058114529,0.00430000014603138,0.004900000058114529,0.004900000058114529,2989105
2022-04-18,0.004900000058114529,0.006000000052154064,0.004900000058114529,0.005799999926239252,0.005799999926239252,4497973
2022-04-19,0.0052999998442828655,0.006000000052154064,0.005100000184029341,0.005499999970197678,0.005499999970197678,3572777
2022-04-20,0.00570000009611249,0.006000000052154064,0.005100000184029341,0.006000000052154064,0.006000000052154064,6371288
2022-04-21,0.006000000052154064,0.008999999612569809,0.00559999980032444,0.006399999838322401,0.006399999838322401,9595371
2022-04-22,0.006300000008195639,0.007300000172108412,0.005799999926239252,0.006899999920278788,0.006899999920278788,1781700
2022-04-25,0.007000000216066837,0.007799999788403511,0.006800000090152025,0.007000000216066837,0.007000000216066837,908871
2022-04-26,0.007000000216066837,0.007300000172108412,0.0066999997943639755,0.007300000172108412,0.007300000172108412,1436592
2022-04-27,0.007000000216066837,0.007499999832361937,0.006500000134110451,0.007300000172108412,0.007300000172108412,1048421
2022-04-28,0.007249999791383743,0.008200000040233135,0.0071000000461936,0.008100000210106373,0.008100000210106373,8960142
2022-04-29,0.008050000295042992,0.010200000368058681,0.008050000295042992,0.009999999776482582,0.009999999776482582,5683124
2022-05-02,0.0101500004529953,0.0101500004529953,0.008999999612569809,0.009399999864399433,0.009399999864399433,2093163
2022-05-03,0.009100000374019146,0.009600000455975533,0.0066999997943639755,0.007499999832361937,0.007499999832361937,4295874
2022-05-04,0.007300000172108412,0.00800000037997961,0.006599999964237213,0.00800000037997961,0.00800000037997961,5471975
2022-05-05,0.00800000037997961,0.00800000037997961,0.005400000140070915,0.0066999997943639755,0.0066999997943639755,6249680
2022-05-06,0.0066999997943639755,0.007499999832361937,0.006000000052154064,0.006850000005215406,0.006850000005215406,2710219
2022-05-09,0.0066999997943639755,0.006949999835342169,0.006000000052154064,0.0062500000931322575,0.0062500000931322575,987663
2022-05-10,0.0062500000931322575,0.007540000136941671,0.006000000052154064,0.006500000134110451,0.006500000134110451,1597415
2022-05-11,0.005799999926239252,0.007400000002235174,0.005799999926239252,0.007400000002235174,0.007400000002235174,250666
2022-05-12,0.007110000122338533,0.007149999961256981,0.004999999888241291,0.005799999926239252,0.005799999926239252,2872069
2022-05-13,0.005900000222027302,0.007499999832361937,0.00570000009611249,0.006500000134110451,0.006500000134110451,4460430
2022-05-16,0.006099999882280827,0.007499999832361937,0.006099999882280827,0.006500000134110451,0.006500000134110451,725645
2022-05-17,0.006550000049173832,0.007300000172108412,0.006099999882280827,0.006500000134110451,0.006500000134110451,651719
2022-05-18,0.006500000134110451,0.0070500001311302185,0.005200000014156103,0.005799999926239252,0.005799999926239252,2262173
2022-05-19,0.005900000222027302,0.006399999838322401,0.005900000222027302,0.006399999838322401,0.006399999838322401,24838
2022-05-20,0.005950000137090683,0.006899999920278788,0.005950000137090683,0.006800000090152025,0.006800000090152025,720656
2022-05-23,0.006800000090152025,0.006899999920278788,0.006300000008195639,0.006899999920278788,0.006899999920278788,954258
2022-05-24,0.007000000216066837,0.00839999970048666,0.006750000175088644,0.008299999870359898,0.008299999870359898,3967700
2022-05-25,0.008299999870359898,0.011300000362098217,0.008089999668300152,0.011099999770522118,0.011099999770522118,9627820
2022-05-26,0.011300000362098217,0.014600000344216824,0.011300000362098217,0.012600000016391277,0.012600000016391277,20725711
2022-05-27,0.013799999840557575,0.014000000432133675,0.012299999594688416,0.014000000432133675,0.014000000432133675,12563252
2022-05-31,0.015200000256299973,0.017999999225139618,0.013000000268220901,0.0142000000923872,0.0142000000923872,10424709
2022-06-01,0.014399999752640724,0.014399999752640724,0.010499999858438969,0.011500000022351742,0.011500000022351742,2575565
2022-06-02,0.011250000447034836,0.012000000104308128,0.008999999612569809,0.010099999606609344,0.010099999606609344,2461791
2022-06-03,0.010300000198185444,0.010400000028312206,0.007499999832361937,0.009499999694526196,0.009499999694526196,4026348
2022-06-06,0.009119999594986439,0.010999999940395355,0.009119999594986439,0.010999999940395355,0.010999999940395355,680250
2022-06-07,0.011099999770522118,0.011099999770522118,0.008100000210106373,0.009700000286102295,0.009700000286102295,2228010
2022-06-08,0.008700000122189522,0.009800000116229057,0.008500000461935997,0.00930000003427267,0.00930000003427267,3205358
2022-06-09,0.008960000239312649,0.009399999864399433,0.008100000210106373,0.009399999864399433,0.009399999864399433,2525836
2022-06-10,0.008999999612569809,0.012600000016391277,0.008899999782443047,0.012600000016391277,0.012600000016391277,3703248
2022-06-13,0.012600000016391277,0.01600000075995922,0.011099999770522118,0.012799999676644802,0.012799999676644802,3799330
2022-06-14,0.014399999752640724,0.015799999237060547,0.012299999594688416,0.014800000004470348,0.014800000004470348,3104496
2022-06-15,0.01590000092983246,0.016690000891685486,0.01269999984651804,0.014999999664723873,0.014999999664723873,4852488
2022-06-16,0.014940000139176846,0.016100000590085983,0.013000000268220901,0.016100000590085983,0.016100000590085983,2859817
2022-06-17,0.01590000092983246,0.01664000004529953,0.01484999991953373,0.014999999664723873,0.014999999664723873,1647052
2022-06-21,0.01640000008046627,0.01640000008046627,0.0142000000923872,0.01549999974668026,0.01549999974668026,1993882
2022-06-22,0.014750000089406967,0.01549999974668026,0.013150000013411045,0.014000000432133675,0.014000000432133675,1329748
2022-06-23,0.013899999670684338,0.014550000429153442,0.012600000016391277,0.012799999676644802,0.012799999676644802,1980133
2022-06-24,0.012900000438094139,0.01360000018030405,0.012000000104308128,0.013539999723434448,0.013539999723434448,725246
2022-06-27,0.013389999978244305,0.013399999588727951,0.010999999940395355,0.012000000104308128,0.012000000104308128,3312440
2022-06-28,0.013000000268220901,0.013000000268220901,0.009999999776482582,0.012199999764561653,0.012199999764561653,2779789
2022-06-29,0.012000000104308128,0.012000000104308128,0.00930000003427267,0.010999999940395355,0.010999999940395355,5499100
2022-06-30,0.010499999858438969,0.010499999858438969,0.009499999694526196,0.009999999776482582,0.009999999776482582,236710
2022-07-01,0.009999999776482582,0.010499999858438969,0.008299999870359898,0.008799999952316284,0.008799999952316284,6712937
2022-07-05,0.008799999952316284,0.01080000028014183,0.008100000210106373,0.009800000116229057,0.009800000116229057,10054469
2022-07-06,0.009999999776482582,0.010999999940395355,0.009999999776482582,0.009999999776482582,0.009999999776482582,1100000
2022-07-07,0.010300000198185444,0.010900000110268593,0.008899999782443047,0.008899999782443047,0.008899999782443047,1067260
2022-07-08,0.008899999782443047,0.010499999858438969,0.008299999870359898,0.010499999858438969,0.010499999858438969,985828
2022-07-11,0.009800000116229057,0.010900000110268593,0.009800000116229057,0.010320000350475311,0.010320000350475311,1696500
2022-07-12,0.010999999940395355,0.010999999940395355,0.009800000116229057,0.009800000116229057,0.009800000116229057,1030434
2022-07-13,0.010400000028312206,0.010499999858438969,0.00860000029206276,0.009999999776482582,0.009999999776482582,1629630
2022-07-14,0.00989999994635582,0.00989999994635582,0.008200000040233135,0.008899999782443047,0.008899999782443047,1954087
2022-07-15,0.00930000003427267,0.009999999776482582,0.008999999612569809,0.009999999776482582,0.009999999776482582,452590
2022-07-18,0.009999999776482582,0.010400000028312206,0.008100000210106373,0.009499999694526196,0.009499999694526196,3149401
2022-07-19,0.00930000003427267,0.00989999994635582,0.008100000210106373,0.008999999612569809,0.008999999612569809,5615770
2022-07-20,0.009700000286102295,0.009700000286102295,0.008390000090003014,0.00839999970048666,0.00839999970048666,1188759
2022-07-21,0.00800000037997961,0.00800000037997961,0.0026000000070780516,0.0035000001080334187,0.0035000001080334187,1237798
2022-07-22,0.002199999988079071,0.005400000140070915,0.0012000000569969416,0.004399999976158142,0.004399999976158142,769300
2022-07-25,0.004399999976158142,0.004399999976158142,0.004399999976158142,0.004399999976158142,0.004399999976158142,0
2022-07-26,0.004399999976158142,0.004399999976158142,0.004399999976158142,0.004399999976158142,0.004399999976158142,0
2022-07-27,0.004399999976158142,0.004399999976158142,0.004399999976158142,0.004399999976158142,0.004399999976158142,0
2022-07-28,0.0026000000070780516,0.0026000000070780516,0.0026000000070780516,0.0026000000070780516,0.0026000000070780516,46300
2022-07-29,0.0026000000070780516,0.0026000000070780516,0.0026000000070780516,0.0026000000070780516,0.0026000000070780516,0
2022-08-01,0.004900000058114529,0.004900000058114529,0.004900000058114529,0.004900000058114529,0.004900000058114529,9990
2022-08-02,0.004900000058114529,0.004900000058114529,0.004900000058114529,0.004900000058114529,0.004900000058114529,0
2022-08-03,0.003000000026077032,0.004000000189989805,0.003000000026077032,0.004000000189989805,0.004000000189989805,1939600
2022-08-04,0.004000000189989805,0.004000000189989805,0.004000000189989805,0.004000000189989805,0.004000000189989805,1198400
2022-08-05,0.0031999999191612005,0.0031999999191612005,0.0031999999191612005,0.0031999999191612005,0.0031999999191612005,100000
2022-08-08,0.004000000189989805,0.004600000102072954,0.004000000189989805,0.004600000102072954,0.004600000102072954,103501
2022-08-09,0.004900000058114529,0.01119999960064888,0.004900000058114529,0.00800000037997961,0.00800000037997961,29450508
2022-08-10,0.0071000000461936,0.00800000037997961,0.006300000008195639,0.006300000008195639,0.006300000008195639,521443
2022-08-11,0.008100000210106373,0.009100000374019146,0.006399999838322401,0.008500000461935997,0.008500000461935997,2244128
2022-08-12,0.007199999876320362,0.008200000040233135,0.006500000134110451,0.008200000040233135,0.008200000040233135,6731827
2022-08-15,0.0071000000461936,0.010499999858438969,0.007000000216066837,0.009999999776482582,0.009999999776482582,3038475
2022-08-16,0.007000000216066837,0.01080000028014183,0.007000000216066837,0.009700000286102295,0.009700000286102295,2430854
2022-08-17,0.009800000116229057,0.009800000116229057,0.009800000116229057,0.009800000116229057,0.009800000116229057,10000
2022-08-18,0.009800000116229057,0.009800000116229057,0.007499999832361937,0.009200000204145908,0.009200000204145908,1166200
2022-08-19,0.00930000003427267,0.00930000003427267,0.007799999788403511,0.008999999612569809,0.008999999612569809,33100
2022-08-22,0.00930000003427267,0.00930000003427267,0.007799999788403511,0.00930000003427267,0.00930000003427267,97500
2022-08-23,0.007799999788403511,0.008500000461935997,0.005900000222027302,0.006800000090152025,0.006800000090152025,8966722
2022-08-24,0.006500000134110451,0.007000000216066837,0.005100000184029341,0.005200000014156103,0.005200000014156103,2134200
2022-08-25,0.006500000134110451,0.006500000134110451,0.0044999998062849045,0.0044999998062849045,0.0044999998062849045,2637396
2022-08-26,0.004800000227987766,0.004800000227987766,0.0044999998062849045,0.0044999998062849045,0.0044999998062849045,1243318
2022-08-29,0.005499999970197678,0.005499999970197678,0.003599999938160181,0.004399999976158142,0.004399999976158142,2165264
2022-08-30,0.004399999976158142,0.004399999976158142,0.0032999999821186066,0.0032999999821186066,0.0032999999821186066,9944820
2022-08-31,0.004900000058114529,0.004900000058114529,0.0035000001080334187,0.004100000020116568,0.004100000020116568,2738549
2022-09-01,0.004000000189989805,0.0044999998062849045,0.003800000064074993,0.004000000189989805,0.004000000189989805,2852897
2022-09-02,0.00430000014603138,0.0044999998062849045,0.0038999998942017555,0.0044999998062849045,0.0044999998062849045,1131224
2022-09-06,0.003000000026077032,0.00430000014603138,0.003000000026077032,0.00419999985024333,0.00419999985024333,2713000
2022-09-07,0.004000000189989805,0.004000000189989805,0.003000000026077032,0.0038999998942017555,0.0038999998942017555,443850
2022-09-08,0.00419999985024333,0.00419999985024333,0.003599999938160181,0.004000000189989805,0.004000000189989805,323000
2022-09-09,0.0037499999161809683,0.0044999998062849045,0.0037499999161809683,0.004399999976158142,0.004399999976158142,1031116
2022-09-12,0.004800000227987766,0.004800000227987766,0.003100000089034438,0.00430000014603138,0.00430000014603138,478581
2022-09-13,0.003800000064074993,0.004000000189989805,0.0034000000450760126,0.0034000000450760126,0.0034000000450760126,482000
2022-09-14,0.004000000189989805,0.004000000189989805,0.0034000000450760126,0.003800000064074993,0.003800000064074993,788100
2022-09-15,0.0038999998942017555,0.0038999998942017555,0.003000000026077032,0.0035000001080334187,0.0035000001080334187,732642
2022-09-16,0.003599999938160181,0.003700000001117587,0.0035000001080334187,0.0035000001080334187,0.0035000001080334187,243000
2022-09-19,0.0035000001080334187,0.0035000001080334187,0.003000000026077032,0.0031999999191612005,0.0031999999191612005,2053881
2022-09-20,0.0026000000070780516,0.0034000000450760126,0.002099999925121665,0.0031999999191612005,0.0031999999191612005,6034896
2022-09-21,0.0026000000070780516,0.0031999999191612005,0.0024399999529123306,0.0031999999191612005,0.0031999999191612005,11533714
2022-09-22,0.002899999963119626,0.0031999999191612005,0.0026000000070780516,0.0031999999191612005,0.0031999999191612005,568680
2022-09-23,0.0024999999441206455,0.003100000089034438,0.002099999925121665,0.002899999963119626,0.002899999963119626,1141184
2022-09-26,0.002899999963119626,0.003000000026077032,0.0027000000700354576,0.0027000000700354576,0.0027000000700354576,580360
2022-09-27,0.003000000026077032,0.004000000189989805,0.002899999963119626,0.003000000026077032,0.003000000026077032,2124960
2022-09-28,0.002899999963119626,0.002899999963119626,0.0027000000700354576,0.002899999963119626,0.002899999963119626,98700
2022-09-29,0.0035000001080334187,0.003800000064074993,0.0026000000070780516,0.0035000001080334187,0.0035000001080334187,3884560
2022-09-30,0.00279999990016222,0.0032999999821186066,0.002099999925121665,0.0024300001095980406,0.0024300001095980406,8946151
2022-10-03,0.00279999990016222,0.003000000026077032,0.0027000000700354576,0.003000000026077032,0.003000000026077032,2134200
2022-10-04,0.002899999963119626,0.003700000001117587,0.0027000000700354576,0.0035000001080334187,0.0035000001080334187,4688100
2022-10-05,0.0035000001080334187,0.003700000001117587,0.0031999999191612005,0.0031999999191612005,0.0031999999191612005,6051106
2022-10-06,0.0034000000450760126,0.0034000000450760126,0.0032999999821186066,0.0034000000450760126,0.0034000000450760126,761500
2022-10-07,0.003000000026077032,0.0035000001080334187,0.003000000026077032,0.0035000001080334187,0.0035000001080334187,1507950
2022-10-10,0.0035000001080334187,0.0035000001080334187,0.003000000026077032,0.0035000001080334187,0.0035000001080334187,532000
2022-10-11,0.0032999999821186066,0.0032999999821186066,0.0032999999821186066,0.0032999999821186066,0.0032999999821186066,42189
2022-10-12,0.0035000001080334187,0.0035000001080334187,0.002199999988079071,0.0032999999821186066,0.0032999999821186066,935320
2022-10-13,0.0024999999441206455,0.0031999999191612005,0.0024999999441206455,0.0031999999191612005,0.0031999999191612005,96013
2022-10-14,0.002950000111013651,0.0034000000450760126,0.002950000111013651,0.0034000000450760126,0.0034000000450760126,1100
2022-10-17,0.00279999990016222,0.0035000001080334187,0.0026000000070780516,0.0034000000450760126,0.0034000000450760126,1750100
2022-10-18,0.0027000000700354576,0.003100000089034438,0.0027000000700354576,0.003100000089034438,0.003100000089034438,230000
2022-10-19,0.002300000051036477,0.0031999999191612005,0.002300000051036477,0.0031999999191612005,0.0031999999191612005,1685000
2022-10-20,0.0031999999191612005,0.0031999999191612005,0.0031999999191612005,0.0031999999191612005,0.0031999999191612005,0
2022-10-21,0.0024999999441206455,0.003000000026077032,0.002300000051036477,0.003000000026077032,0.003000000026077032,1596299
2022-10-24,0.0031999999191612005,0.0031999999191612005,0.0020000000949949026,0.003000000026077032,0.003000000026077032,7345160
2022-10-25,0.003000000026077032,0.003000000026077032,0.003000000026077032,0.003000000026077032,0.003000000026077032,0
2022-10-26,0.002199999988079071,0.002899999963119626,0.002199999988079071,0.002899999963119626,0.002899999963119626,75000
2022-10-27,0.002199999988079071,0.002899999963119626,0.002099999925121665,0.002400000113993883,0.002400000113993883,2222787
2022-10-28,0.002899999963119626,0.002899999963119626,0.002899999963119626,0.002899999963119626,0.002899999963119626,140000
2022-10-31,0.002899999963119626,0.002899999963119626,0.002899999963119626,0.002899999963119626,0.002899999963119626,0
2022-11-01,0.002899999963119626,0.002899999963119626,0.002899999963119626,0.002899999963119626,0.002899999963119626,0
2022-11-02,0.0027000000700354576,0.002899999963119626,0.002099999925121665,0.002300000051036477,0.002300000051036477,10975750
2022-11-03,0.0020000000949949026,0.00279999990016222,0.0015999999595806003,0.0026000000070780516,0.0026000000070780516,10954161
2022-11-04,0.002099999925121665,0.0027000000700354576,0.002099999925121665,0.0027000000700354576,0.0027000000700354576,546106
2022-11-07,0.0024999999441206455,0.002899999963119626,0.002199999988079071,0.0026000000070780516,0.0026000000070780516,12679413
2022-11-08,0.002300000051036477,0.004399999976158142,0.0020000000949949026,0.002400000113993883,0.002400000113993883,6417116
2022-11-09,0.002400000113993883,0.002400000113993883,0.0019000000320374966,0.002400000113993883,0.002400000113993883,357756
2022-11-10,0.0019000000320374966,0.003000000026077032,0.0019000000320374966,0.002899999963119626,0.002899999963119626,1071041
2022-11-11,0.003000000026077032,0.004000000189989805,0.003000000026077032,0.003800000064074993,0.003800000064074993,193974
2022-11-14,0.003800000064074993,0.003800000064074993,0.003700000001117587,0.003800000064074993,0.003800000064074993,80000
2022-11-15,0.004000000189989805,0.004000000189989805,0.003000000026077032,0.0038999998942017555,0.0038999998942017555,155133
2022-11-16,0.003800000064074993,0.003800000064074993,0.003100000089034438,0.003800000064074993,0.003800000064074993,25801
2022-11-17,0.004399999976158142,0.004399999976158142,0.0031999999191612005,0.00419999985024333,0.00419999985024333,392140
2022-11-18,0.004000000189989805,0.004000000189989805,0.0024999999441206455,0.004000000189989805,0.004000000189989805,110300
2022-11-21,0.0032500000670552254,0.003700000001117587,0.0024999999441206455,0.003700000001117587,0.003700000001117587,240624
2022-11-22,0.0026000000070780516,0.0026000000070780516,0.0020000000949949026,0.0020000000949949026,0.0020000000949949026,6436750
2022-11-23,0.0019000000320374966,0.0020000000949949026,0.0017999999690800905,0.0020000000949949026,0.0020000000949949026,2090000
2022-11-25,0.0017999999690800905,0.0020000000949949026,0.0010000000474974513,0.0020000000949949026,0.0020000000949949026,1844763
2022-11-28,0.0020000000949949026,0.0020000000949949026,0.001500000013038516,0.0019000000320374966,0.0019000000320374966,2524300
2022-11-29,0.0019000000320374966,0.0019000000320374966,0.001500000013038516,0.0017000000225380063,0.0017000000225380063,1070000
2022-11-30,0.001500000013038516,0.0015999999595806003,0.0008999999845400453,0.00139999995008111,0.00139999995008111,29988741
2022-12-01,0.0013000000035390258,0.0013000000035390258,0.0003000000142492354,0.0008999999845400453,0.0008999999845400453,33453360
2022-12-02,0.0007999999797903001,0.0008999999845400453,0.0006000000284984708,0.0007999999797903001,0.0007999999797903001,5076566
2022-12-05,0.0007999999797903001,0.0007999999797903001,0.0005000000237487257,0.0006000000284984708,0.0006000000284984708,1777540
2022-12-06,0.0007999999797903001,0.0008999999845400453,0.000699999975040555,0.0007999999797903001,0.0007999999797903001,23108067
2022-12-07,0.0007999999797903001,0.0007999999797903001,0.0006000000284984708,0.000699999975040555,0.000699999975040555,4367126
2022-12-08,0.000699999975040555,0.0007999999797903001,0.000699999975040555,0.0007999999797903001,0.0007999999797903001,3035100
2022-12-09,0.0007999999797903001,0.0007999999797903001,0.000699999975040555,0.0007999999797903001,0.0007999999797903001,5529206
2022-12-12,0.0007999999797903001,0.0008999999845400453,0.0007999999797903001,0.0008999999845400453,0.0008999999845400453,7400100
2022-12-13,0.0008999999845400453,0.0008999999845400453,0.0007999999797903001,0.0008999999845400453,0.0008999999845400453,8502291
2022-12-14,0.0007999999797903001,0.0007999999797903001,0.000699999975040555,0.0007999999797903001,0.0007999999797903001,1921000
2022-12-15,0.0007999999797903001,0.0007999999797903001,0.000699999975040555,0.0007999999797903001,0.0007999999797903001,1050000
2022-12-16,0.000699999975040555,0.0007999999797903001,0.000699999975040555,0.0007999999797903001,0.0007999999797903001,562662
2022-12-19,0.000699999975040555,0.0007999999797903001,0.000699999975040555,0.0007999999797903001,0.0007999999797903001,32200
2022-12-20,0.000699999975040555,0.0007999999797903001,0.0006000000284984708,0.0007999999797903001,0.0007999999797903001,934801
2022-12-21,0.0006000000284984708,0.000699999975040555,0.0005000000237487257,0.0006000000284984708,0.0006000000284984708,21533217
2022-12-22,0.0005000000237487257,0.0006000000284984708,0.00039999998989515007,0.0006000000284984708,0.0006000000284984708,12172145
2022-12-23,0.0006000000284984708,0.0006000000284984708,0.00039999998989515007,0.0006000000284984708,0.0006000000284984708,3166900
2022-12-27,0.0003000000142492354,0.0006000000284984708,0.0003000000142492354,0.00039999998989515007,0.00039999998989515007,5755077
2022-12-28,0.0003000000142492354,0.0005000000237487257,0.0003000000142492354,0.0005000000237487257,0.0005000000237487257,7710739
2022-12-29,0.0005000000237487257,0.000699999975040555,0.0003000000142492354,0.000699999975040555,0.000699999975040555,3112670
2022-12-30,0.0005000000237487257,0.000699999975040555,0.0005000000237487257,0.000699999975040555,0.000699999975040555,255000
2023-01-03,0.000699999975040555,0.0007999999797903001,0.0006000000284984708,0.0007999999797903001,0.0007999999797903001,3774954
2023-01-04,0.0007999999797903001,0.0007999999797903001,0.0005000000237487257,0.0007999999797903001,0.0007999999797903001,948000
2023-01-05,0.0007999999797903001,0.0007999999797903001,0.0007999999797903001,0.0007999999797903001,0.0007999999797903001,4000
2023-01-06,0.0007999999797903001,0.0007999999797903001,0.0007999999797903001,0.0007999999797903001,0.0007999999797903001,0
2023-01-09,0.000699999975040555,0.000699999975040555,0.0005000000237487257,0.0006000000284984708,0.0006000000284984708,6937000
2023-01-10,0.0006000000284984708,0.0006000000284984708,0.0006000000284984708,0.0006000000284984708,0.0006000000284984708,0
2023-01-11,0.0006000000284984708,0.0006000000284984708,0.00039999998989515007,0.0005000000237487257,0.0005000000237487257,8813666
2023-01-12,0.00039999998989515007,0.0006000000284984708,0.00039999998989515007,0.00039999998989515007,0.00039999998989515007,2602850
2023-01-13,0.0005000000237487257,0.0006000000284984708,0.0005000000237487257,0.0005000000237487257,0.0005000000237487257,1843406
2023-01-17,0.0006000000284984708,0.0006000000284984708,0.0005000000237487257,0.0006000000284984708,0.0006000000284984708,1750455
2023-01-18,0.0005000000237487257,0.0006000000284984708,0.0005000000237487257,0.0006000000284984708,0.0006000000284984708,2600000
2023-01-19,0.0005000000237487257,0.0006000000284984708,0.00039999998989515007,0.0006000000284984708,0.0006000000284984708,10555550
2023-01-20,0.0006000000284984708,0.0006000000284984708,0.0005000000237487257,0.0006000000284984708,0.0006000000284984708,3195653
2023-01-23,0.00039999998989515007,0.0006000000284984708,0.00039999998989515007,0.0006000000284984708,0.0006000000284984708,2951133
2023-01-24,0.00039999998989515007,0.0006000000284984708,0.00039999998989515007,0.0006000000284984708,0.0006000000284984708,9730411
2023-01-25,0.00039999998989515007,0.0006000000284984708,0.00019999999494757503,0.00039999998989515007,0.00039999998989515007,43181466
2023-01-26,0.0005000000237487257,0.0005000000237487257,0.0005000000237487257,0.0005000000237487257,0.0005000000237487257,1500000
2023-01-27,0.00039999998989515007,0.00039999998989515007,0.00039999998989515007,0.00039999998989515007,0.00039999998989515007,1657749
2023-01-30,0.00039999998989515007,0.00039999998989515007,0.00039999998989515007,0.00039999998989515007,0.00039999998989515007,100000
2023-01-31,0.00039999998989515007,0.00039999998989515007,0.00039999998989515007,0.00039999998989515007,0.00039999998989515007,10000
2023-02-01,0.00039999998989515007,0.00039999998989515007,0.0003000000142492354,0.00039999998989515007,0.00039999998989515007,1196937
2023-02-02,0.0003000000142492354,0.00039999998989515007,0.0003000000142492354,0.00039999998989515007,0.00039999998989515007,70000
2023-02-03,0.00039999998989515007,0.00039999998989515007,0.00039999998989515007,0.00039999998989515007,0.00039999998989515007,526000
2023-02-06,0.00039999998989515007,0.00039999998989515007,0.0003000000142492354,0.0003000000142492354,0.0003000000142492354,6524928
2023-02-07,0.00039999998989515007,0.00039999998989515007,0.00039999998989515007,0.00039999998989515007,0.00039999998989515007,10000
2023-02-08,0.00039999998989515007,0.00039999998989515007,0.00039999998989515007,0.00039999998989515007,0.00039999998989515007,0
2023-02-09,0.00039999998989515007,0.00039999998989515007,0.00039999998989515007,0.00039999998989515007,0.00039999998989515007,420000
2023-02-10,0.00039999998989515007,0.00039999998989515007,0.00039999998989515007,0.00039999998989515007,0.00039999998989515007,1100000
2023-02-13,0.00039999998989515007,0.00039999998989515007,0.00039999998989515007,0.00039999998989515007,0.00039999998989515007,1306500
2023-02-14,0.00039999998989515007,0.00039999998989515007,0.00039999998989515007,0.00039999998989515007,0.00039999998989515007,1589366
2023-02-15,0.00039999998989515007,0.00039999998989515007,0.0003000000142492354,0.00039999998989515007,0.00039999998989515007,1730633
2023-02-16,0.00039999998989515007,0.0005000000237487257,0.0003000000142492354,0.0005000000237487257,0.0005000000237487257,1290868
2023-02-17,0.0005000000237487257,0.0005000000237487257,0.00039999998989515007,0.0005000000237487257,0.0005000000237487257,160985
2023-02-21,0.0003000000142492354,0.0005000000237487257,0.0003000000142492354,0.0005000000237487257,0.0005000000237487257,160000
2023-02-22,0.00039999998989515007,0.00039999998989515007,0.00039999998989515007,0.00039999998989515007,0.00039999998989515007,1043099
2023-02-23,0.0005000000237487257,0.0005000000237487257,0.0005000000237487257,0.0005000000237487257,0.0005000000237487257,243099
2023-02-24,0.0005000000237487257,0.001500000013038516,0.0005000000237487257,0.000699999975040555,0.000699999975040555,200521109
2023-02-27,0.000699999975040555,0.000699999975040555,0.00039999998989515007,0.0005000000237487257,0.0005000000237487257,59486914
2023-02-28,0.0005000000237487257,0.0006000000284984708,0.00039999998989515007,0.0005000000237487257,0.0005000000237487257,3096569
2023-03-01,0.00039999998989515007,0.0005000000237487257,0.00039999998989515007,0.0005000000237487257,0.0005000000237487257,30252044
2023-03-02,0.00039999998989515007,0.0005000000237487257,0.00039999998989515007,0.00039999998989515007,0.00039999998989515007,23688438
2023-03-03,0.00039999998989515007,0.00039999998989515007,0.0003000000142492354,0.0003000000142492354,0.0003000000142492354,12679000
2023-03-06,0.00039999998989515007,0.00039999998989515007,0.00039999998989515007,0.00039999998989515007,0.00039999998989515007,4300350
2023-03-07,0.00039999998989515007,0.00039999998989515007,0.0003000000142492354,0.00039999998989515007,0.00039999998989515007,12690000
2023-03-08,0.0003000000142492354,0.00039999998989515007,0.0003000000142492354,0.00039999998989515007,0.00039999998989515007,1347500
2023-03-09,0.0003000000142492354,0.00039999998989515007,0.0003000000142492354,0.00039999998989515007,0.00039999998989515007,1145000
2023-03-10,0.00039999998989515007,0.0005000000237487257,0.00039999998989515007,0.0005000000237487257,0.0005000000237487257,7600000
2023-03-13,0.0005000000237487257,0.0005000000237487257,0.00039999998989515007,0.00039999998989515007,0.00039999998989515007,1517000
2023-03-14,0.00039999998989515007,0.00039999998989515007,0.0003000000142492354,0.00039999998989515007,0.00039999998989515007,1590750
2023-03-15,0.00039999998989515007,0.00039999998989515007,0.00039999998989515007,0.00039999998989515007,0.00039999998989515007,600
2023-03-16,0.00039999998989515007,0.00039999998989515007,0.0003000000142492354,0.00039999998989515007,0.00039999998989515007,750000
2023-03-17,0.00039999998989515007,0.00039999998989515007,0.00039999998989515007,0.00039999998989515007,0.00039999998989515007,3750000
2023-03-20,0.00039999998989515007,0.00039999998989515007,0.00039999998989515007,0.00039999998989515007,0.00039999998989515007,0
2023-03-21,0.00039999998989515007,0.0005000000237487257,0.0003000000142492354,0.00039999998989515007,0.00039999998989515007,12627390
2023-03-22,0.00039999998989515007,0.00039999998989515007,0.00039999998989515007,0.00039999998989515007,0.00039999998989515007,6000001
2023-03-23,0.0005000000237487257,0.0005000000237487257,0.00039999998989515007,0.0005000000237487257,0.0005000000237487257,3247662
2023-03-24,0.0005000000237487257,0.0005000000237487257,0.0005000000237487257,0.0005000000237487257,0.0005000000237487257,0
2023-03-27,0.00039999998989515007,0.0005000000237487257,0.00039999998989515007,0.0005000000237487257,0.0005000000237487257,6937998
2023-03-28,0.00039999998989515007,0.00039999998989515007,0.00039999998989515007,0.00039999998989515007,0.00039999998989515007,7724
2023-03-29,0.00039999998989515007,0.00039999998989515007,0.00039999998989515007,0.00039999998989515007,0.00039999998989515007,6574
2023-03-30,0.00039999998989515007,0.00039999998989515007,0.00039999998989515007,0.00039999998989515007,0.00039999998989515007,3224
2023-03-31,0.00039999998989515007,0.00039999998989515007,0.00039999998989515007,0.00039999998989515007,0.00039999998989515007,1000000
2023-04-03,0.00039999998989515007,0.00039999998989515007,0.00039999998989515007,0.00039999998989515007,0.00039999998989515007,6149900
2023-04-04,0.00039999998989515007,0.00039999998989515007,0.0003000000142492354,0.0003000000142492354,0.0003000000142492354,1591728
2023-04-05,0.0003000000142492354,0.00039999998989515007,0.0003000000142492354,0.00039999998989515007,0.00039999998989515007,3630120
2023-04-06,0.0003000000142492354,0.00039999998989515007,0.0003000000142492354,0.00039999998989515007,0.00039999998989515007,58000
2023-04-10,0.0003000000142492354,0.00039999998989515007,0.0003000000142492354,0.00039999998989515007,0.00039999998989515007,221000
2023-04-11,0.0003000000142492354,0.00039999998989515007,0.0003000000142492354,0.00039999998989515007,0.00039999998989515007,352000
2023-04-12,0.00039999998989515007,0.0005000000237487257,0.00039999998989515007,0.0005000000237487257,0.0005000000237487257,6469995
2023-04-13,0.0005000000237487257,0.0005000000237487257,0.00039999998989515007,0.0005000000237487257,0.0005000000237487257,1542000
2023-04-14,0.0005000000237487257,0.0005000000237487257,0.0005000000237487257,0.0005000000237487257,0.0005000000237487257,3250000
2023-04-17,0.0005000000237487257,0.0005000000237487257,0.00039999998989515007,0.0005000000237487257,0.0005000000237487257,188750
2023-04-18,0.0005000000237487257,0.0005000000237487257,0.00039999998989515007,0.00039999998989515007,0.00039999998989515007,32188106
2023-04-19,0.00039999998989515007,0.00039999998989515007,0.0003000000142492354,0.00039999998989515007,0.00039999998989515007,3685299
2023-04-20,0.00039999998989515007,0.0005000000237487257,0.0003000000142492354,0.00039999998989515007,0.00039999998989515007,2658109
2023-04-21,0.0005000000237487257,0.0005000000237487257,0.0005000000237487257,0.0005000000237487257,0.0005000000237487257,120
2023-04-24,0.0005000000237487257,0.0005000000237487257,0.0003000000142492354,0.0003000000142492354,0.0003000000142492354,289100
2023-04-25,0.0005000000237487257,0.0005000000237487257,0.0005000000237487257,0.0005000000237487257,0.0005000000237487257,300000
2023-04-26,0.00039999998989515007,0.00039999998989515007,0.0003000000142492354,0.0003000000142492354,0.0003000000142492354,5000500
2023-04-27,0.0003000000142492354,0.00039999998989515007,0.0003000000142492354,0.00039999998989515007,0.00039999998989515007,7318999
2023-04-28,0.0003000000142492354,0.00039999998989515007,0.0003000000142492354,0.00039999998989515007,0.00039999998989515007,5075000
2023-05-01,0.0003000000142492354,0.00039999998989515007,0.0003000000142492354,0.00039999998989515007,0.00039999998989515007,13062500
2023-05-02,0.0003000000142492354,0.0003000000142492354,0.00019999999494757503,0.0003000000142492354,0.0003000000142492354,9692541
2023-05-03,0.0003000000142492354,0.0003000000142492354,0.00019999999494757503,0.0003000000142492354,0.0003000000142492354,123850
2023-05-04,0.0002500000118743628,0.0003000000142492354,0.00019999999494757503,0.0003000000142492354,0.0003000000142492354,14392270
2023-05-05,0.00039999998989515007,0.00039999998989515007,0.0003000000142492354,0.0003000000142492354,0.0003000000142492354,195100
2023-05-08,0.00039999998989515007,0.00039999998989515007,0.00039999998989515007,0.00039999998989515007,0.00039999998989515007,150000
2023-05-09,0.00039999998989515007,0.00039999998989515007,0.00039999998989515007,0.00039999998989515007,0.00039999998989515007,0
2023-05-10,0.00039999998989515007,0.00039999998989515007,0.00039999998989515007,0.00039999998989515007,0.00039999998989515007,0
2023-05-11,0.00039999998989515007,0.00039999998989515007,0.0003000000142492354,0.0003000000142492354,0.0003000000142492354,12483800
2023-05-12,0.0003000000142492354,0.0003000000142492354,0.00019999999494757503,0.0003000000142492354,0.0003000000142492354,6689727
2023-05-15,0.00019999999494757503,0.00019999999494757503,9.999999747378752e-05,0.00019999999494757503,0.00019999999494757503,47845624
2023-05-16,0.00019999999494757503,0.00019999999494757503,9.999999747378752e-05,9.999999747378752e-05,9.999999747378752e-05,1992500
2023-05-17,0.00019999999494757503,0.0003000000142492354,0.00019999999494757503,0.0003000000142492354,0.0003000000142492354,24452374
2023-05-18,0.0003000000142492354,0.0003000000142492354,0.00019999999494757503,0.00019999999494757503,0.00019999999494757503,3331866
2023-05-19,0.00019999999494757503,0.00019999999494757503,0.00019999999494757503,0.00019999999494757503,0.00019999999494757503,505500
2023-05-22,0.00019999999494757503,0.0003000000142492354,0.00019999999494757503,0.0003000000142492354,0.0003000000142492354,868000
2023-05-23,0.00019999999494757503,0.0003000000142492354,0.00019999999494757503,0.0003000000142492354,0.0003000000142492354,9649916
2023-05-24,0.0003000000142492354,0.0003000000142492354,0.00019999999494757503,0.00019999999494757503,0.00019999999494757503,11710000
2023-05-25,0.00019999999494757503,0.0003000000142492354,0.00019999999494757503,0.0003000000142492354,0.0003000000142492354,14510102
2023-05-26,0.0003000000142492354,0.0003000000142492354,0.00019999999494757503,0.0003000000142492354,0.0003000000142492354,3140120
2023-05-30,0.00019999999494757503,0.0003000000142492354,0.00019999999494757503,0.00019999999494757503,0.00019999999494757503,5150800
2023-05-31,0.00019999999494757503,0.0003000000142492354,0.00019999999494757503,0.0003000000142492354,0.0003000000142492354,5101300
2023-06-01,0.00019999999494757503,0.0003000000142492354,0.00019999999494757503,0.0003000000142492354,0.0003000000142492354,7111000
2023-06-02,0.00019999999494757503,0.0003000000142492354,0.00019999999494757503,0.0003000000142492354,0.0003000000142492354,11095000
2023-06-05,0.0003000000142492354,0.0003000000142492354,0.00019999999494757503,0.0003000000142492354,0.0003000000142492354,14191842
2023-06-06,0.00019999999494757503,0.0003000000142492354,0.00019999999494757503,0.0003000000142492354,0.0003000000142492354,4281538
2023-06-07,0.0003000000142492354,0.0003000000142492354,0.0003000000142492354,0.0003000000142492354,0.0003000000142492354,3013733
2023-06-08,0.0003000000142492354,0.0006000000284984708,0.0003000000142492354,0.0005000000237487257,0.0005000000237487257,104520643
2023-06-09,0.0005000000237487257,0.0012000000569969416,0.0005000000237487257,0.0007999999797903001,0.0007999999797903001,254903907
2023-06-12,0.0007999999797903001,0.0012000000569969416,0.00039999998989515007,0.0006000000284984708,0.0006000000284984708,391489275
2023-06-13,0.0006000000284984708,0.0006000000284984708,0.00039999998989515007,0.00039999998989515007,0.00039999998989515007,109411201
2023-06-14,0.00039999998989515007,0.0005000000237487257,0.0003000000142492354,0.0003000000142492354,0.0003000000142492354,182829065
2023-06-15,0.0003000000142492354,0.00039999998989515007,0.00019999999494757503,0.0003000000142492354,0.0003000000142492354,81965074
2023-06-16,0.0003000000142492354,0.0003000000142492354,0.00019999999494757503,0.0003000000142492354,0.0003000000142492354,84854901
2023-06-20,0.0003000000142492354,0.0003000000142492354,0.00019999999494757503,0.0003000000142492354,0.0003000000142492354,31535614
2023-06-21,0.00019999999494757503,0.0003000000142492354,0.00019999999494757503,0.00019999999494757503,0.00019999999494757503,176408494
2023-06-22,0.00019999999494757503,0.0003000000142492354,0.00019999999494757503,0.0003000000142492354,0.0003000000142492354,15034102
2023-06-23,0.00019999999494757503,0.0003000000142492354,0.00019999999494757503,0.00019999999494757503,0.00019999999494757503,22730894
2023-06-26,0.00019999999494757503,0.00019999999494757503,9.999999747378752e-05,0.00019999999494757503,0.00019999999494757503,55850100
2023-06-27,9.999999747378752e-05,0.00019999999494757503,9.999999747378752e-05,9.999999747378752e-05,9.999999747378752e-05,11004000
2023-06-28,0.00019999999494757503,0.00019999999494757503,9.999999747378752e-05,9.999999747378752e-05,9.999999747378752e-05,6893216
2023-06-29,0.00019999999494757503,0.00019999999494757503,9.999999747378752e-05,0.00019999999494757503,0.00019999999494757503,10449997
2023-06-30,0.00019999999494757503,0.00019999999494757503,9.999999747378752e-05,0.00019999999494757503,0.00019999999494757503,27373797
2023-07-03,9.999999747378752e-05,0.00019999999494757503,9.999999747378752e-05,0.00019999999494757503,0.00019999999494757503,30535453
2023-07-05,0.00019999999494757503,0.0003000000142492354,0.00019999999494757503,0.00019999999494757503,0.00019999999494757503,26750800
2023-07-06,0.00019999999494757503,0.00019999999494757503,0.00019999999494757503,0.00019999999494757503,0.00019999999494757503,5050000
2023-07-07,0.00019999999494757503,0.00019999999494757503,9.999999747378752e-05,9.999999747378752e-05,9.999999747378752e-05,5012000
2023-07-10,0.00019999999494757503,0.00019999999494757503,9.999999747378752e-05,9.999999747378752e-05,9.999999747378752e-05,4805538
2023-07-11,0.00019999999494757503,0.0003000000142492354,0.00019999999494757503,0.0003000000142492354,0.0003000000142492354,18460398
2023-07-12,0.0003000000142492354,0.0003000000142492354,0.00019999999494757503,0.00019999999494757503,0.00019999999494757503,7650000
2023-07-13,0.00019999999494757503,0.0003000000142492354,0.00019999999494757503,0.00019999999494757503,0.00019999999494757503,41378412
2023-07-14,0.00019999999494757503,0.00019999999494757503,9.999999747378752e-05,0.00019999999494757503,0.00019999999494757503,5310000
2023-07-17,0.0003000000142492354,0.0003000000142492354,9.999999747378752e-05,0.00019999999494757503,0.00019999999494757503,18721200
2023-07-18,0.00019999999494757503,0.00019999999494757503,0.00019999999494757503,0.00019999999494757503,0.00019999999494757503,25050000
2023-07-19,0.00019999999494757503,0.00019999999494757503,9.999999747378752e-05,0.00019999999494757503,0.00019999999494757503,5278586
2023-07-20,9.999999747378752e-05,9.999999747378752e-05,9.999999747378752e-05,9.999999747378752e-05,9.999999747378752e-05,5000000
2023-07-21,9.999999747378752e-05,0.00019999999494757503,9.999999747378752e-05,0.00019999999494757503,0.00019999999494757503,6940000
2023-07-24,0.00019999999494757503,0.00019999999494757503,9.999999747378752e-05,9.999999747378752e-05,9.999999747378752e-05,5150901
2023-07-25,0.00019999999494757503,0.00019999999494757503,9.999999747378752e-05,9.999999747378752e-05,9.999999747378752e-05,16600500
2023-07-26,0.00019999999494757503,0.00019999999494757503,9.999999747378752e-05,0.00019999999494757503,0.00019999999494757503,30686000
2023-07-27,0.00019999999494757503,0.00019999999494757503,9.999999747378752e-05,0.00019999999494757503,0.00019999999494757503,5652001
2023-07-28,0.00019999999494757503,0.00019999999494757503,9.999999747378752e-05,0.0001500000071246177,0.0001500000071246177,15134100
2023-07-31,9.999999747378752e-05,0.00019999999494757503,9.999999747378752e-05,9.999999747378752e-05,9.999999747378752e-05,7089490
2023-08-01,0.00019999999494757503,0.00019999999494757503,9.999999747378752e-05,9.999999747378752e-05,9.999999747378752e-05,8704100
2023-08-02,9.999999747378752e-05,0.00019999999494757503,9.999999747378752e-05,9.999999747378752e-05,9.999999747378752e-05,15148680
2023-08-03,9.999999747378752e-05,9.999999747378752e-05,9.999999747378752e-05,9.999999747378752e-05,9.999999747378752e-05,7780000
2023-08-04,9.999999747378752e-05,0.00019999999494757503,9.999999747378752e-05,9.999999747378752e-05,9.999999747378752e-05,28997387
2023-08-07,0.00019999999494757503,0.00019999999494757503,9.999999747378752e-05,9.999999747378752e-05,9.999999747378752e-05,161309092
2023-08-08,9.999999747378752e-05,9.999999747378752e-05,9.999999747378752e-05,9.999999747378752e-05,9.999999747378752e-05,31902584
2023-08-09,9.999999747378752e-05,0.00019999999494757503,9.999999747378752e-05,9.999999747378752e-05,9.999999747378752e-05,11300001
2023-08-10,9.999999747378752e-05,9.999999747378752e-05,9.999999747378752e-05,9.999999747378752e-05,9.999999747378752e-05,17361846
2023-08-11,9.999999747378752e-05,0.00019999999494757503,9.999999747378752e-05,0.00019999999494757503,0.00019999999494757503,10369028
2023-08-14,0.00019999999494757503,0.00019999999494757503,9.999999747378752e-05,9.999999747378752e-05,9.999999747378752e-05,10100000
2023-08-15,9.999999747378752e-05,0.00019999999494757503,9.999999747378752e-05,9.999999747378752e-05,9.999999747378752e-05,11100100
2023-08-16,0.00019999999494757503,0.00019999999494757503,9.999999747378752e-05,9.999999747378752e-05,9.999999747378752e-05,3145000
2023-08-17,0.00019999999494757503,0.00019999999494757503,9.999999747378752e-05,9.999999747378752e-05,9.999999747378752e-05,7135185
2023-08-18,0.00019999999494757503,0.00019999999494757503,0.00019999999494757503,0.00019999999494757503,0.00019999999494757503,400000
2023-08-21,9.999999747378752e-05,0.00019999999494757503,9.999999747378752e-05,0.00019999999494757503,0.00019999999494757503,6250000
2023-08-22,9.999999747378752e-05,0.00019999999494757503,9.999999747378752e-05,9.999999747378752e-05,9.999999747378752e-05,96984766
2023-08-23,9.999999747378752e-05,0.00019999999494757503,9.999999747378752e-05,9.999999747378752e-05,9.999999747378752e-05,72033500
2023-08-24,9.999999747378752e-05,0.00019999999494757503,9.999999747378752e-05,0.00019999999494757503,0.00019999999494757503,91845892
2023-08-25,0.00019999999494757503,0.00019999999494757503,9.999999747378752e-05,9.999999747378752e-05,9.999999747378752e-05,11939702
2023-08-28,9.999999747378752e-05,9.999999747378752e-05,9.999999747378752e-05,9.999999747378752e-05,9.999999747378752e-05,15680804
2023-08-29,9.999999747378752e-05,0.00019999999494757503,9.999999747378752e-05,9.999999747378752e-05,9.999999747378752e-05,16730296
2023-08-30,9.999999747378752e-05,0.00019999999494757503,9.999999747378752e-05,0.00019999999494757503,0.00019999999494757503,5240000
2023-08-31,9.999999747378752e-05,9.999999747378752e-05,9.999999747378752e-05,9.999999747378752e-05,9.999999747378752e-05,25799999
2023-09-01,9.999999747378752e-05,9.999999747378752e-05,9.999999747378752e-05,9.999999747378752e-05,9.999999747378752e-05,10035000
2023-09-05,9.999999747378752e-05,9.999999747378752e-05,9.999999747378752e-05,9.999999747378752e-05,9.999999747378752e-05,20059997
2023-09-06,9.999999747378752e-05,9.999999747378752e-05,9.999999747378752e-05,9.999999747378752e-05,9.999999747378752e-05,5015000
2023-09-07,9.999999747378752e-05,9.999999747378752e-05,9.999999747378752e-05,9.999999747378752e-05,9.999999747378752e-05,0
2023-09-08,9.999999747378752e-05,9.999999747378752e-05,9.999999747378752e-05,9.999999747378752e-05,9.999999747378752e-05,0
2023-09-11,9.999999747378752e-05,9.999999747378752e-05,9.999999747378752e-05,9.999999747378752e-05,9.999999747378752e-05,22029200
2023-09-12,9.999999747378752e-05,9.999999747378752e-05,9.999999747378752e-05,9.999999747378752e-05,9.999999747378752e-05,16517799
2023-09-13,9.999999747378752e-05,9.999999747378752e-05,9.999999747378752e-05,9.999999747378752e-05,9.999999747378752e-05,10000
2023-09-14,9.999999747378752e-05,9.999999747378752e-05,9.999999747378752e-05,9.999999747378752e-05,9.999999747378752e-05,0
2023-09-15,9.999999747378752e-05,9.999999747378752e-05,9.999999747378752e-05,9.999999747378752e-05,9.999999747378752e-05,1910000
2023-09-18,9.999999747378752e-05,9.999999747378752e-05,9.999999747378752e-05,9.999999747378752e-05,9.999999747378752e-05,0
2023-09-19,9.999999747378752e-05,9.999999747378752e-05,9.999999747378752e-05,9.999999747378752e-05,9.999999747378752e-05,2100000
2023-09-20,9.999999747378752e-05,9.999999747378752e-05,9.999999747378752e-05,9.999999747378752e-05,9.999999747378752e-05,9470000
2023-09-21,0.00019999999494757503,0.00019999999494757503,9.999999747378752e-05,0.00019999999494757503,0.00019999999494757503,7465705
2023-09-22,9.999999747378752e-05,0.00019999999494757503,9.999999747378752e-05,0.00019999999494757503,0.00019999999494757503,14252500
2023-09-25,9.999999747378752e-05,0.00019999999494757503,9.999999747378752e-05,0.00019999999494757503,0.00019999999494757503,550000
2023-09-26,9.999999747378752e-05,0.00019999999494757503,9.999999747378752e-05,0.00019999999494757503,0.00019999999494757503,8150000
2023-09-27,9.999999747378752e-05,9.999999747378752e-05,9.999999747378752e-05,9.999999747378752e-05,9.999999747378752e-05,5000000
2023-09-28,9.999999747378752e-05,9.999999747378752e-05,9.999999747378752e-05,9.999999747378752e-05,9.999999747378752e-05,5000000
2023-09-29,9.999999747378752e-05,0.00019999999494757503,9.999999747378752e-05,0.00019999999494757503,0.00019999999494757503,5400800
2023-10-02,9.999999747378752e-05,0.00019999999494757503,9.999999747378752e-05,0.00019999999494757503,0.00019999999494757503,11350000
2023-10-03,9.999999747378752e-05,0.00019999999494757503,9.999999747378752e-05,0.00019999999494757503,0.00019999999494757503,5275100
2023-10-04,9.999999747378752e-05,0.00019999999494757503,9.999999747378752e-05,9.999999747378752e-05,9.999999747378752e-05,17450000
2023-10-05,9.999999747378752e-05,0.00019999999494757503,9.999999747378752e-05,9.999999747378752e-05,9.999999747378752e-05,14100000
2023-10-06,9.999999747378752e-05,9.999999747378752e-05,9.999999747378752e-05,9.999999747378752e-05,9.999999747378752e-05,5756000
2023-10-09,9.999999747378752e-05,0.00019999999494757503,9.999999747378752e-05,9.999999747378752e-05,9.999999747378752e-05,13000000
2023-10-10,9.999999747378752e-05,0.00019999999494757503,9.999999747378752e-05,0.00019999999494757503,0.00019999999494757503,5150000
2023-10-11,9.999999747378752e-05,0.00019999999494757503,9.999999747378752e-05,0.00019999999494757503,0.00019999999494757503,5561000
2023-10-12,9.999999747378752e-05,0.00019999999494757503,9.999999747378752e-05,0.00019999999494757503,0.00019999999494757503,20978700
2023-10-13,9.999999747378752e-05,0.00019999999494757503,9.999999747378752e-05,0.00019999999494757503,0.00019999999494757503,5456307
2023-10-16,9.999999747378752e-05,0.00019999999494757503,9.999999747378752e-05,0.00019999999494757503,0.00019999999494757503,12700000
2023-10-17,9.999999747378752e-05,0.00019999999494757503,9.999999747378752e-05,0.00019999999494757503,0.00019999999494757503,13456861
2023-10-18,9.999999747378752e-05,0.00019999999494757503,9.999999747378752e-05,9.999999747378752e-05,9.999999747378752e-05,10009000
2023-10-19,9.999999747378752e-05,0.00019999999494757503,9.999999747378752e-05,9.999999747378752e-05,9.999999747378752e-05,97929406
2023-10-20,9.999999747378752e-05,9.999999747378752e-05,9.999999747378752e-05,9.999999747378752e-05,9.999999747378752e-05,33356090
2023-10-23,9.999999747378752e-05,9.999999747378752e-05,9.999999747378752e-05,9.999999747378752e-05,9.999999747378752e-05,8234500
2023-10-24,9.999999747378752e-05,9.999999747378752e-05,9.999999747378752e-05,9.999999747378752e-05,9.999999747378752e-05,0
2023-10-25,9.999999747378752e-05,9.999999747378752e-05,9.999999747378752e-05,9.999999747378752e-05,9.999999747378752e-05,0
2023-10-26,9.999999747378752e-05,9.999999747378752e-05,9.999999747378752e-05,9.999999747378752e-05,9.999999747378752e-05,300000
2023-10-27,9.999999747378752e-05,9.999999747378752e-05,9.999999747378752e-05,9.999999747378752e-05,9.999999747378752e-05,8000000
2023-10-30,9.999999747378752e-05,9.999999747378752e-05,9.999999747378752e-05,9.999999747378752e-05,9.999999747378752e-05,550000
2023-10-31,9.999999747378752e-05,9.999999747378752e-05,9.999999747378752e-05,9.999999747378752e-05,9.999999747378752e-05,500000
2023-11-01,9.999999747378752e-05,9.999999747378752e-05,9.999999747378752e-05,9.999999747378752e-05,9.999999747378752e-05,1700000
2023-11-02,9.999999747378752e-05,0.00019999999494757503,9.999999747378752e-05,9.999999747378752e-05,9.999999747378752e-05,31972236
2023-11-03,9.999999747378752e-05,0.00019999999494757503,9.999999747378752e-05,9.999999747378752e-05,9.999999747378752e-05,25141764
2023-11-06,9.999999747378752e-05,9.999999747378752e-05,9.999999747378752e-05,9.999999747378752e-05,9.999999747378752e-05,12581300
2023-11-07,9.999999747378752e-05,9.999999747378752e-05,9.999999747378752e-05,9.999999747378752e-05,9.999999747378752e-05,59028700
2023-11-08,9.999999747378752e-05,9.999999747378752e-05,9.999999747378752e-05,9.999999747378752e-05,9.999999747378752e-05,58999997
2023-11-09,9.999999747378752e-05,0.00019999999494757503,9.999999747378752e-05,0.00019999999494757503,0.00019999999494757503,5624599
2023-11-10,9.999999747378752e-05,9.999999747378752e-05,9.999999747378752e-05,9.999999747378752e-05,9.999999747378752e-05,12060000
2023-11-13,9.999999747378752e-05,9.999999747378752e-05,9.999999747378752e-05,9.999999747378752e-05,9.999999747378752e-05,0
2023-11-14,4.999999873689376e-05,0.00019999999494757503,4.999999873689376e-05,9.999999747378752e-05,9.999999747378752e-05,266762776
2023-11-15,0.00019999999494757503,0.00019999999494757503,9.999999747378752e-05,9.999999747378752e-05,9.999999747378752e-05,5799278
2023-11-16,9.999999747378752e-05,9.999999747378752e-05,4.999999873689376e-05,9.999999747378752e-05,9.999999747378752e-05,3364302
2023-11-17,9.999999747378752e-05,9.999999747378752e-05,9.999999747378752e-05,9.999999747378752e-05,9.999999747378752e-05,9349701
2023-11-20,9.999999747378752e-05,9.999999747378752e-05,9.999999747378752e-05,9.999999747378752e-05,9.999999747378752e-05,2111638
2023-11-21,9.999999747378752e-05,9.999999747378752e-05,9.999999747378752e-05,9.999999747378752e-05,9.999999747378752e-05,16801966
2023-11-22,9.999999747378752e-05,9.999999747378752e-05,9.999999747378752e-05,9.999999747378752e-05,9.999999747378752e-05,3010000
2023-11-24,9.999999747378752e-05,9.999999747378752e-05,9.999999747378752e-05,9.999999747378752e-05,9.999999747378752e-05,1499999
2023-11-27,9.999999747378752e-05,9.999999747378752e-05,9.999999747378752e-05,9.999999747378752e-05,9.999999747378752e-05,3000000
2023-11-28,9.999999747378752e-05,9.999999747378752e-05,9.999999747378752e-05,9.999999747378752e-05,9.999999747378752e-05,5015614
2023-11-29,9.999999747378752e-05,0.00019999999494757503,9.999999747378752e-05,9.999999747378752e-05,9.999999747378752e-05,92237370
2023-11-30,0.00019999999494757503,0.00019999999494757503,9.999999747378752e-05,9.999999747378752e-05,9.999999747378752e-05,1532750
2023-12-01,0.00019999999494757503,0.00019999999494757503,9.999999747378752e-05,0.00019999999494757503,0.00019999999494757503,2356000
2023-12-04,9.999999747378752e-05,0.00019999999494757503,9.999999747378752e-05,9.999999747378752e-05,9.999999747378752e-05,15571766
2023-12-05,9.999999747378752e-05,0.00019999999494757503,9.999999747378752e-05,9.999999747378752e-05,9.999999747378752e-05,10103535
2023-12-06,9.999999747378752e-05,0.00019999999494757503,9.999999747378752e-05,9.999999747378752e-05,9.999999747378752e-05,27156659
2023-12-07,9.999999747378752e-05,0.00019999999494757503,9.999999747378752e-05,9.999999747378752e-05,9.999999747378752e-05,5514596
2023-12-08,9.999999747378752e-05,0.00019999999494757503,9.999999747378752e-05,9.999999747378752e-05,9.999999747378752e-05,11507500
2023-12-11,9.999999747378752e-05,0.00019999999494757503,9.999999747378752e-05,9.999999747378752e-05,9.999999747378752e-05,11055600
2023-12-12,9.999999747378752e-05,9.999999747378752e-05,9.999999747378752e-05,9.999999747378752e-05,9.999999747378752e-05,7000000
2023-12-13,9.999999747378752e-05,0.00019999999494757503,9.999999747378752e-05,0.0001500000071246177,0.0001500000071246177,10889039
2023-12-14,9.999999747378752e-05,0.00019999999494757503,9.999999747378752e-05,9.999999747378752e-05,9.999999747378752e-05,5104000
2023-12-15,9.999999747378752e-05,0.00019999999494757503,9.999999747378752e-05,0.00019999999494757503,0.00019999999494757503,5008001
2023-12-18,9.999999747378752e-05,0.00019999999494757503,9.999999747378752e-05,9.999999747378752e-05,9.999999747378752e-05,10250503
2023-12-19,9.999999747378752e-05,9.999999747378752e-05,9.999999747378752e-05,9.999999747378752e-05,9.999999747378752e-05,7455522
2023-12-20,9.999999747378752e-05,0.00019999999494757503,9.999999747378752e-05,9.999999747378752e-05,9.999999747378752e-05,13099000
2023-12-21,9.999999747378752e-05,0.00019999999494757503,9.999999747378752e-05,9.999999747378752e-05,9.999999747378752e-05,8109774
2023-12-22,9.999999747378752e-05,0.00019999999494757503,9.999999747378752e-05,9.999999747378752e-05,9.999999747378752e-05,601599
2023-12-26,9.999999747378752e-05,9.999999747378752e-05,9.999999747378752e-05,9.999999747378752e-05,9.999999747378752e-05,10451382
2023-12-27,9.999999747378752e-05,9.999999747378752e-05,9.999999747378752e-05,9.999999747378752e-05,9.999999747378752e-05,0
2023-12-28,9.999999747378752e-05,0.00019999999494757503,9.999999747378752e-05,9.999999747378752e-05,9.999999747378752e-05,13253166
2023-12-29,9.999999747378752e-05,0.00019999999494757503,9.999999747378752e-05,9.999999747378752e-05,9.999999747378752e-05,521200
2024-01-02,0.00019999999494757503,0.00019999999494757503,9.999999747378752e-05,9.999999747378752e-05,9.999999747378752e-05,10073474
2024-01-03,9.999999747378752e-05,0.00019999999494757503,9.999999747378752e-05,0.00019999999494757503,0.00019999999494757503,9911374
2024-01-04,0.00019999999494757503,0.00019999999494757503,9.999999747378752e-05,0.00019999999494757503,0.00019999999494757503,7492348
2024-01-05,0.00019999999494757503,0.00019999999494757503,9.999999747378752e-05,9.999999747378752e-05,9.999999747378752e-05,5288974
2024-01-08,9.999999747378752e-05,0.00019999999494757503,9.999999747378752e-05,0.00019999999494757503,0.00019999999494757503,5225474
2024-01-09,9.999999747378752e-05,0.00019999999494757503,9.999999747378752e-05,0.00019999999494757503,0.00019999999494757503,26670001
2024-01-10,9.999999747378752e-05,0.00019999999494757503,9.999999747378752e-05,0.00019999999494757503,0.00019999999494757503,24200000
2024-01-11,9.999999747378752e-05,0.00019999999494757503,9.999999747378752e-05,0.00019999999494757503,0.00019999999494757503,11600000
2024-01-12,9.999999747378752e-05,0.00019999999494757503,9.999999747378752e-05,9.999999747378752e-05,9.999999747378752e-05,16100150
2024-01-16,9.999999747378752e-05,0.00019999999494757503,9.999999747378752e-05,9.999999747378752e-05,9.999999747378752e-05,21012650
2024-01-17,9.999999747378752e-05,9.999999747378752e-05,9.999999747378752e-05,9.999999747378752e-05,9.999999747378752e-05,4829999
2024-01-18,9.999999747378752e-05,9.999999747378752e-05,9.999999747378752e-05,9.999999747378752e-05,9.999999747378752e-05,2759149
2024-01-19,9.999999747378752e-05,9.999999747378752e-05,9.999999747378752e-05,9.999999747378752e-05,9.999999747378752e-05,0
2024-01-22,9.999999747378752e-05,9.999999747378752e-05,9.999999747378752e-05,9.999999747378752e-05,9.999999747378752e-05,1908150
2024-01-23,9.999999747378752e-05,9.999999747378752e-05,9.999999747378752e-05,9.999999747378752e-05,9.999999747378752e-05,2350569
2024-01-24,9.999999747378752e-05,9.999999747378752e-05,9.999999747378752e-05,9.999999747378752e-05,9.999999747378752e-05,0
2024-01-25,9.999999747378752e-05,9.999999747378752e-05,9.999999747378752e-05,9.999999747378752e-05,9.999999747378752e-05,5762000
2024-01-26,9.999999747378752e-05,9.999999747378752e-05,9.999999747378752e-05,9.999999747378752e-05,9.999999747378752e-05,2588000
2024-01-29,9.999999747378752e-05,9.999999747378752e-05,9.999999747378752e-05,9.999999747378752e-05,9.999999747378752e-05,0
2024-01-30,9.999999747378752e-05,9.999999747378752e-05,9.999999747378752e-06,9.999999747378752e-05,9.999999747378752e-05,8700200
2024-01-31,9.999999747378752e-05,9.999999747378752e-05,9.999999747378752e-05,9.999999747378752e-05,9.999999747378752e-05,0
2024-02-01,9.999999747378752e-05,0.00019999999494757503,9.999999747378752e-05,0.00019999999494757503,0.00019999999494757503,720000
2024-02-02,9.999999747378752e-05,0.00019999999494757503,9.999999747378752e-05,0.00019999999494757503,0.00019999999494757503,5580100
2024-02-05,0.00019999999494757503,0.00019999999494757503,0.00019999999494757503,0.00019999999494757503,0.00019999999494757503,0
2024-02-06,9.999999747378752e-05,0.00019999999494757503,9.999999747378752e-05,9.999999747378752e-05,9.999999747378752e-05,5300000
2024-02-07,9.999999747378752e-05,9.999999747378752e-05,9.999999747378752e-05,9.999999747378752e-05,9.999999747378752e-05,7500917
2024-02-08,9.999999747378752e-05,0.00019999999494757503,9.999999747378752e-05,0.00019999999494757503,0.00019999999494757503,15150100
2024-02-09,9.999999747378752e-05,0.00019999999494757503,9.999999747378752e-05,0.00019999999494757503,0.00019999999494757503,9192700
2024-02-12,9.999999747378752e-05,0.00019999999494757503,9.999999747378752e-05,0.00019999999494757503,0.00019999999494757503,6176136
2024-02-13,0.00019999999494757503,0.00019999999494757503,0.00019999999494757503,0.00019999999494757503,0.00019999999494757503,0
2024-02-14,9.999999747378752e-05,0.00019999999494757503,9.999999747378752e-06,0.00019999999494757503,0.00019999999494757503,1160000
2024-02-15,9.999999747378752e-05,0.00019999999494757503,9.999999747378752e-05,9.999999747378752e-05,9.999999747378752e-05,26400000
2024-02-16,9.999999747378752e-05,9.999999747378752e-05,9.999999747378752e-05,9.999999747378752e-05,9.999999747378752e-05,0
2024-02-20,9.999999747378752e-05,9.999999747378752e-05,9.999999747378752e-05,9.999999747378752e-05,9.999999747378752e-05,3600000
2024-02-21,9.999999747378752e-05,9.999999747378752e-05,9.999999747378752e-05,9.999999747378752e-05,9.999999747378752e-05,48800
2024-02-22,9.999999747378752e-05,9.999999747378752e-05,9.999999747378752e-05,9.999999747378752e-05,9.999999747378752e-05,0
2024-02-23,9.999999747378752e-05,9.999999747378752e-05,9.999999747378752e-05,9.999999747378752e-05,9.999999747378752e-05,5548243
2024-02-26,0.00019999999494757503,0.00019999999494757503,9.999999747378752e-05,9.999999747378752e-05,9.999999747378752e-05,16421900
2024-02-27,9.999999747378752e-05,0.00019999999494757503,9.999999747378752e-05,9.999999747378752e-05,9.999999747378752e-05,15089000
2024-02-28,0.00019999999494757503,0.00019999999494757503,0.00019999999494757503,0.00019999999494757503,0.00019999999494757503,6525000
2024-02-29,9.999999747378752e-05,9.999999747378752e-05,9.999999747378752e-05,9.999999747378752e-05,9.999999747378752e-05,10129000
2024-03-01,9.999999747378752e-05,9.999999747378752e-05,9.999999747378752e-05,9.999999747378752e-05,9.999999747378752e-05,0
2024-03-04,9.999999747378752e-05,9.999999747378752e-05,9.999999747378752e-05,9.999999747378752e-05,9.999999747378752e-05,0
2024-03-05,9.999999747378752e-05,9.999999747378752e-05,9.999999747378752e-05,9.999999747378752e-05,9.999999747378752e-05,0
2024-03-06,9.999999747378752e-05,9.999999747378752e-05,4.999999873689376e-05,4.999999873689376e-05,4.999999873689376e-05,472100
2024-03-07,9.999999747378752e-05,9.999999747378752e-05,9.999999747378752e-05,9.999999747378752e-05,9.999999747378752e-05,193250
2024-03-08,9.999999747378752e-05,9.999999747378752e-05,9.999999747378752e-05,9.999999747378752e-05,9.999999747378752e-05,2700
2024-03-11,9.999999747378752e-05,9.999999747378752e-05,9.999999747378752e-05,9.999999747378752e-05,9.999999747378752e-05,13599
2024-03-12,9.999999747378752e-05,9.999999747378752e-05,9.999999747378752e-05,9.999999747378752e-05,9.999999747378752e-05,26600
2024-03-13,9.999999747378752e-05,9.999999747378752e-05,9.999999747378752e-05,9.999999747378752e-05,9.999999747378752e-05,0
2024-03-14,9.999999747378752e-05,9.999999747378752e-05,9.999999747378752e-05,9.999999747378752e-05,9.999999747378752e-05,0
2024-03-15,9.999999747378752e-05,9.999999747378752e-05,9.999999747378752e-05,9.999999747378752e-05,9.999999747378752e-05,5100000
2024-03-18,9.999999747378752e-05,9.999999747378752e-05,9.999999747378752e-05,9.999999747378752e-05,9.999999747378752e-05,0
2024-03-19,9.999999747378752e-05,9.999999747378752e-05,9.999999747378752e-05,9.999999747378752e-05,9.999999747378752e-05,0
2024-03-20,9.999999747378752e-05,9.999999747378752e-05,9.999999747378752e-05,9.999999747378752e-05,9.999999747378752e-05,0
2024-03-21,9.999999747378752e-05,9.999999747378752e-05,9.999999747378752e-05,9.999999747378752e-05,9.999999747378752e-05,0
2024-03-22,9.999999747378752e-05,9.999999747378752e-05,9.999999747378752e-05,9.999999747378752e-05,9.999999747378752e-05,120000
2024-03-25,9.999999747378752e-05,9.999999747378752e-05,9.999999747378752e-05,9.999999747378752e-05,9.999999747378752e-05,200
2024-03-26,9.999999747378752e-05,9.999999747378752e-05,9.999999747378752e-05,9.999999747378752e-05,9.999999747378752e-05,10000
2024-03-27,9.999999747378752e-05,9.999999747378752e-05,9.999999747378752e-05,9.999999747378752e-05,9.999999747378752e-05,0
2024-03-28,9.999999747378752e-05,9.999999747378752e-05,9.999999747378752e-05,9.999999747378752e-05,9.999999747378752e-05,530000
2024-04-01,9.999999747378752e-05,9.999999747378752e-05,9.999999747378752e-05,9.999999747378752e-05,9.999999747378752e-05,0
2024-04-02,4.999999873689376e-05,9.999999747378752e-05,4.999999873689376e-05,9.999999747378752e-05,9.999999747378752e-05,2028704
2024-04-03,9.999999747378752e-05,9.999999747378752e-05,4.999999873689376e-05,9.999999747378752e-05,9.999999747378752e-05,9929
2024-04-04,9.999999747378752e-05,9.999999747378752e-05,4.999999873689376e-05,4.999999873689376e-05,4.999999873689376e-05,802611
2024-04-05,4.999999873689376e-05,4.999999873689376e-05,4.999999873689376e-05,4.999999873689376e-05,4.999999873689376e-05,0
2024-04-08,4.999999873689376e-05,4.999999873689376e-05,4.999999873689376e-05,4.999999873689376e-05,4.999999873689376e-05,0
2024-04-09,9.999999747378752e-05,9.999999747378752e-05,9.999999747378752e-05,9.999999747378752e-05,9.999999747378752e-05,5399
2024-04-10,4.999999873689376e-05,9.999999747378752e-05,4.999999873689376e-05,4.999999873689376e-05,4.999999873689376e-05,1500
2024-04-11,9.999999747378752e-05,9.999999747378752e-05,9.999999747378752e-05,9.999999747378752e-05,9.999999747378752e-05,300000
2024-04-12,9.999999747378752e-05,9.999999747378752e-05,9.999999747378752e-05,9.999999747378752e-05,9.999999747378752e-05,0
2024-04-15,9.999999747378752e-05,9.999999747378752e-05,9.999999747378752e-05,9.999999747378752e-05,9.999999747378752e-05,0
2024-04-16,9.999999747378752e-05,9.999999747378752e-05,9.999999747378752e-05,9.999999747378752e-05,9.999999747378752e-05,0
2024-04-17,9.999999747378752e-05,9.999999747378752e-05,9.999999747378752e-05,9.999999747378752e-05,9.999999747378752e-05,0
2024-04-18,9.999999747378752e-05,9.999999747378752e-05,9.999999747378752e-05,9.999999747378752e-05,9.999999747378752e-05,0
2024-04-19,9.999999747378752e-05,9.999999747378752e-05,9.999999747378752e-05,9.999999747378752e-05,9.999999747378752e-05,0
2024-04-22,9.999999747378752e-05,9.999999747378752e-05,9.999999747378752e-05,9.999999747378752e-05,9.999999747378752e-05,0
2024-04-23,9.999999747378752e-05,9.999999747378752e-05,9.999999747378752e-05,9.999999747378752e-05,9.999999747378752e-05,0
2024-04-24,9.999999747378752e-05,9.999999747378752e-05,9.999999747378752e-05,9.999999747378752e-05,9.999999747378752e-05,0
2024-04-25,9.999999747378752e-05,9.999999747378752e-05,9.999999747378752e-05,9.999999747378752e-05,9.999999747378752e-05,0
2024-04-26,9.999999747378752e-05,0.00019999999494757503,9.999999747378752e-05,0.00019999999494757503,0.00019999999494757503,469382410
2024-04-29,0.00019999999494757503,0.00019999999494757503,9.999999747378752e-05,0.00019999999494757503,0.00019999999494757503,10812000
2024-04-30,9.999999747378752e-05,9.999999747378752e-05,9.999999747378752e-05,9.999999747378752e-05,9.999999747378752e-05,118550597
2024-05-01,9.999999747378752e-05,9.999999747378752e-05,9.999999747378752e-05,9.999999747378752e-05,9.999999747378752e-05,5015399
2024-05-02,9.999999747378752e-05,9.999999747378752e-05,9.999999747378752e-05,9.999999747378752e-05,9.999999747378752e-05,4000000
2024-05-03,9.999999747378752e-05,0.00019999999494757503,9.999999747378752e-05,0.00019999999494757503,0.00019999999494757503,48971728
2024-05-06,0.00019999999494757503,0.00019999999494757503,9.999999747378752e-05,9.999999747378752e-05,9.999999747378752e-05,5110000
2024-05-07,9.999999747378752e-05,0.00019999999494757503,9.999999747378752e-05,0.00019999999494757503,0.00019999999494757503,14159140
2024-05-08,9.999999747378752e-05,9.999999747378752e-05,9.999999747378752e-05,9.999999747378752e-05,9.999999747378752e-05,10818728
2024-05-09,0.00019999999494757503,0.00019999999494757503,9.999999747378752e-05,0.00019999999494757503,0.00019999999494757503,3823103
2024-05-10,0.00019999999494757503,0.00019999999494757503,9.999999747378752e-05,9.999999747378752e-05,9.999999747378752e-05,3105901
2024-05-13,9.999999747378752e-05,9.999999747378752e-05,9.999999747378752e-05,9.999999747378752e-05,9.999999747378752e-05,0
2024-05-14,9.999999747378752e-05,9.999999747378752e-05,9.999999747378752e-05,9.999999747378752e-05,9.999999747378752e-05,0
2024-05-15,9.999999747378752e-05,9.999999747378752e-05,9.999999747378752e-05,9.999999747378752e-05,9.999999747378752e-05,950100
2024-05-16,9.999999747378752e-05,9.999999747378752e-05,9.999999747378752e-05,9.999999747378752e-05,9.999999747378752e-05,11000100
2024-05-17,9.999999747378752e-05,9.999999747378752e-05,9.999999747378752e-05,9.999999747378752e-05,9.999999747378752e-05,0
2024-05-20,9.999999747378752e-05,9.999999747378752e-05,9.999999747378752e-05,9.999999747378752e-05,9.999999747378752e-05,750000
2024-05-21,9.999999747378752e-05,9.999999747378752e-05,9.999999747378752e-05,9.999999747378752e-05,9.999999747378752e-05,0
2024-05-22,9.999999747378752e-05,9.999999747378752e-05,9.999999747378752e-05,9.999999747378752e-05,9.999999747378752e-05,0
2024-05-23,9.999999747378752e-05,9.999999747378752e-05,9.999999747378752e-05,9.999999747378752e-05,9.999999747378752e-05,0
2024-05-24,9.999999747378752e-05,9.999999747378752e-05,9.999999747378752e-05,9.999999747378752e-05,9.999999747378752e-05,0
2024-05-28,9.999999747378752e-05,9.999999747378752e-05,9.999999747378752e-05,9.999999747378752e-05,9.999999747378752e-05,0
2024-05-29,9.999999747378752e-05,9.999999747378752e-05,9.999999747378752e-05,9.999999747378752e-05,9.999999747378752e-05,0
2024-05-30,9.999999747378752e-05,9.999999747378752e-05,9.999999747378752e-05,9.999999747378752e-05,9.999999747378752e-05,0
2024-05-31,9.999999747378752e-05,9.999999747378752e-05,9.999999747378752e-05,9.999999747378752e-05,9.999999747378752e-05,0
2024-06-03,9.999999747378752e-05,9.999999747378752e-05,9.999999747378752e-05,9.999999747378752e-05,9.999999747378752e-05,0
2024-06-04,9.999999747378752e-05,9.999999747378752e-05,9.999999747378752e-05,9.999999747378752e-05,9.999999747378752e-05,0
2024-06-05,9.999999747378752e-05,9.999999747378752e-05,9.999999747378752e-05,9.999999747378752e-05,9.999999747378752e-05,0
2024-06-06,9.999999747378752e-05,9.999999747378752e-05,9.999999747378752e-05,9.999999747378752e-05,9.999999747378752e-05,0
2024-06-07,9.999999747378752e-05,9.999999747378752e-05,9.999999747378752e-05,9.999999747378752e-05,9.999999747378752e-05,0
2024-06-10,9.999999747378752e-05,9.999999747378752e-05,9.999999747378752e-05,9.999999747378752e-05,9.999999747378752e-05,0
2024-06-11,9.999999747378752e-05,9.999999747378752e-05,9.999999747378752e-05,9.999999747378752e-05,9.999999747378752e-05,0
2024-06-12,9.999999747378752e-05,9.999999747378752e-05,9.999999747378752e-05,9.999999747378752e-05,9.999999747378752e-05,0
2024-06-13,9.999999747378752e-05,9.999999747378752e-05,9.999999747378752e-05,9.999999747378752e-05,9.999999747378752e-05,0
2024-06-14,9.999999747378752e-05,9.999999747378752e-05,9.999999747378752e-05,9.999999747378752e-05,9.999999747378752e-05,0
2024-06-17,9.999999747378752e-05,9.999999747378752e-05,9.999999747378752e-05,9.999999747378752e-05,9.999999747378752e-05,0
2024-06-18,9.999999747378752e-05,9.999999747378752e-05,9.999999747378752e-05,9.999999747378752e-05,9.999999747378752e-05,0
2024-06-20,9.999999747378752e-05,9.999999747378752e-05,9.999999747378752e-05,9.999999747378752e-05,9.999999747378752e-05,0
2024-06-21,9.999999747378752e-05,9.999999747378752e-05,9.999999747378752e-05,9.999999747378752e-05,9.999999747378752e-05,0
2024-06-24,9.999999747378752e-05,9.999999747378752e-05,9.999999747378752e-05,9.999999747378752e-05,9.999999747378752e-05,0
2024-06-25,9.999999747378752e-05,9.999999747378752e-05,9.999999747378752e-05,9.999999747378752e-05,9.999999747378752e-05,0
2024-06-26,9.999999747378752e-05,9.999999747378752e-05,9.999999747378752e-05,9.999999747378752e-05,9.999999747378752e-05,0
2024-06-27,9.999999747378752e-05,9.999999747378752e-05,9.999999747378752e-05,9.999999747378752e-05,9.999999747378752e-05,0
2024-06-28,9.999999747378752e-05,9.999999747378752e-05,9.999999747378752e-05,9.999999747378752e-05,9.999999747378752e-05,0
2024-07-01,9.999999747378752e-05,9.999999747378752e-05,9.999999747378752e-05,9.999999747378752e-05,9.999999747378752e-05,0
2024-07-02,9.999999747378752e-05,9.999999747378752e-05,9.999999747378752e-05,9.999999747378752e-05,9.999999747378752e-05,0
2024-07-03,9.999999747378752e-05,9.999999747378752e-05,9.999999747378752e-05,9.999999747378752e-05,9.999999747378752e-05,0
2024-07-05,9.999999747378752e-05,9.999999747378752e-05,9.999999747378752e-05,9.999999747378752e-05,9.999999747378752e-05,0
2024-07-08,9.999999747378752e-05,9.999999747378752e-05,9.999999747378752e-05,9.999999747378752e-05,9.999999747378752e-05,0
2024-07-09,9.999999747378752e-05,9.999999747378752e-05,9.999999747378752e-05,9.999999747378752e-05,9.999999747378752e-05,0
2024-07-10,9.999999747378752e-05,9.999999747378752e-05,9.999999747378752e-05,9.999999747378752e-05,9.999999747378752e-05,0
2024-07-11,9.999999747378752e-05,9.999999747378752e-05,9.999999747378752e-05,9.999999747378752e-05,9.999999747378752e-05,0
2024-07-12,9.999999747378752e-05,9.999999747378752e-05,9.999999747378752e-05,9.999999747378752e-05,9.999999747378752e-05,0
2024-07-15,9.999999747378752e-05,9.999999747378752e-05,9.999999747378752e-05,9.999999747378752e-05,9.999999747378752e-05,0
2024-07-16,9.999999747378752e-05,9.999999747378752e-05,9.999999747378752e-05,9.999999747378752e-05,9.999999747378752e-05,0
2024-07-17,9.999999747378752e-05,9.999999747378752e-05,9.999999747378752e-05,9.999999747378752e-05,9.999999747378752e-05,0
2024-07-18,9.999999747378752e-05,9.999999747378752e-05,9.999999747378752e-05,9.999999747378752e-05,9.999999747378752e-05,0
2024-07-19,9.999999747378752e-05,9.999999747378752e-05,9.999999747378752e-05,9.999999747378752e-05,9.999999747378752e-05,0
2024-07-22,9.999999747378752e-05,9.999999747378752e-05,9.999999747378752e-05,9.999999747378752e-05,9.999999747378752e-05,0
2024-07-23,9.999999747378752e-05,9.999999747378752e-05,9.999999747378752e-05,9.999999747378752e-05,9.999999747378752e-05,0
2024-07-24,9.999999747378752e-05,9.999999747378752e-05,9.999999747378752e-05,9.999999747378752e-05,9.999999747378752e-05,0
2024-07-25,9.999999747378752e-05,9.999999747378752e-05,9.999999747378752e-05,9.999999747378752e-05,9.999999747378752e-05,0
2024-07-26,9.999999747378752e-05,9.999999747378752e-05,9.999999747378752e-05,9.999999747378752e-05,9.999999747378752e-05,0
2024-07-29,9.999999747378752e-05,9.999999747378752e-05,9.999999747378752e-05,9.999999747378752e-05,9.999999747378752e-05,0
2024-07-30,9.999999747378752e-05,9.999999747378752e-05,9.999999747378752e-05,9.999999747378752e-05,9.999999747378752e-05,0
2024-07-31,9.999999747378752e-05,9.999999747378752e-05,9.999999747378752e-05,9.999999747378752e-05,9.999999747378752e-05,0
2024-08-01,9.999999747378752e-05,9.999999747378752e-05,9.999999747378752e-05,9.999999747378752e-05,9.999999747378752e-05,0
2024-08-02,9.999999747378752e-05,9.999999747378752e-05,9.999999747378752e-05,9.999999747378752e-05,9.999999747378752e-05,0
2024-08-05,9.999999747378752e-05,9.999999747378752e-05,9.999999747378752e-05,9.999999747378752e-05,9.999999747378752e-05,0
2024-08-06,9.999999747378752e-05,9.999999747378752e-05,9.999999747378752e-05,9.999999747378752e-05,9.999999747378752e-05,0
2024-08-07,9.999999747378752e-05,9.999999747378752e-05,9.999999747378752e-05,9.999999747378752e-05,9.999999747378752e-05,0
2024-08-08,9.999999747378752e-05,9.999999747378752e-05,9.999999747378752e-05,9.999999747378752e-05,9.999999747378752e-05,0
2024-08-09,9.999999747378752e-05,9.999999747378752e-05,9.999999747378752e-05,9.999999747378752e-05,9.999999747378752e-05,0
2024-08-12,9.999999747378752e-05,9.999999747378752e-05,9.999999747378752e-05,9.999999747378752e-05,9.999999747378752e-05,0
2024-08-13,9.999999747378752e-05,9.999999747378752e-05,9.999999747378752e-05,9.999999747378752e-05,9.999999747378752e-05,0
2024-08-14,9.999999747378752e-05,9.999999747378752e-05,9.999999747378752e-05,9.999999747378752e-05,9.999999747378752e-05,0
2024-08-15,9.999999747378752e-05,9.999999747378752e-05,9.999999747378752e-05,9.999999747378752e-05,9.999999747378752e-05,0
2024-08-16,9.999999747378752e-05,9.999999747378752e-05,9.999999747378752e-05,9.999999747378752e-05,9.999999747378752e-05,0
2024-08-19,9.999999747378752e-05,9.999999747378752e-05,9.999999747378752e-05,9.999999747378752e-05,9.999999747378752e-05,0
2024-08-20,9.999999747378752e-05,9.999999747378752e-05,9.999999747378752e-05,9.999999747378752e-05,9.999999747378752e-05,0
2024-08-21,9.999999747378752e-05,9.999999747378752e-05,9.999999747378752e-05,9.999999747378752e-05,9.999999747378752e-05,0
2024-08-22,9.999999747378752e-05,9.999999747378752e-05,9.999999747378752e-05,9.999999747378752e-05,9.999999747378752e-05,0
2024-08-23,9.999999747378752e-05,9.999999747378752e-05,9.999999747378752e-05,9.999999747378752e-05,9.999999747378752e-05,0
2024-08-26,9.999999747378752e-05,9.999999747378752e-05,9.999999747378752e-05,9.999999747378752e-05,9.999999747378752e-05,0
2024-08-27,9.999999747378752e-05,9.999999747378752e-05,9.999999747378752e-05,9.999999747378752e-05,9.999999747378752e-05,0
2024-08-28,9.999999747378752e-05,9.999999747378752e-05,9.999999747378752e-05,9.999999747378752e-05,9.999999747378752e-05,0
2024-08-29,9.999999747378752e-05,9.999999747378752e-05,9.999999747378752e-05,9.999999747378752e-05,9.999999747378752e-05,0
2024-08-30,9.999999747378752e-05,9.999999747378752e-05,9.999999747378752e-05,9.999999747378752e-05,9.999999747378752e-05,0
2024-09-03,9.999999747378752e-05,9.999999747378752e-05,9.999999747378752e-05,9.999999747378752e-05,9.999999747378752e-05,0
2024-09-04,9.999999747378752e-05,9.999999747378752e-05,9.999999747378752e-05,9.999999747378752e-05,9.999999747378752e-05,0
2024-09-05,9.999999747378752e-05,9.999999747378752e-05,9.999999747378752e-05,9.999999747378752e-05,9.999999747378752e-05,0
2024-09-06,9.999999747378752e-05,9.999999747378752e-05,9.999999747378752e-05,9.999999747378752e-05,9.999999747378752e-05,0
2024-09-09,9.999999747378752e-05,9.999999747378752e-05,9.999999747378752e-05,9.999999747378752e-05,9.999999747378752e-05,0
2024-09-10,9.999999747378752e-05,9.999999747378752e-05,9.999999747378752e-05,9.999999747378752e-05,9.999999747378752e-05,0
2024-09-11,9.999999747378752e-05,9.999999747378752e-05,9.999999747378752e-05,9.999999747378752e-05,9.999999747378752e-05,0
2024-09-12,9.999999747378752e-05,9.999999747378752e-05,9.999999747378752e-05,9.999999747378752e-05,9.999999747378752e-05,0
2024-09-13,9.999999747378752e-05,9.999999747378752e-05,9.999999747378752e-05,9.999999747378752e-05,9.999999747378752e-05,0
2024-09-16,9.999999747378752e-05,9.999999747378752e-05,9.999999747378752e-05,9.999999747378752e-05,9.999999747378752e-05,0
2024-09-17,9.999999747378752e-05,9.999999747378752e-05,9.999999747378752e-05,9.999999747378752e-05,9.999999747378752e-05,0
2024-09-18,9.999999747378752e-05,9.999999747378752e-05,9.999999747378752e-05,9.999999747378752e-05,9.999999747378752e-05,100000
2024-09-19,9.999999747378752e-05,9.999999747378752e-05,9.999999747378752e-05,9.999999747378752e-05,9.999999747378752e-05,3200000
2024-09-20,9.999999747378752e-05,9.999999747378752e-05,9.999999747378752e-05,9.999999747378752e-05,9.999999747378752e-05,0
2024-09-23,9.999999747378752e-05,9.999999747378752e-05,9.999999747378752e-05,9.999999747378752e-05,9.999999747378752e-05,0
2024-09-24,9.999999747378752e-05,9.999999747378752e-05,9.999999747378752e-05,9.999999747378752e-05,9.999999747378752e-05,0
2024-09-25,9.999999747378752e-05,9.999999747378752e-05,9.999999747378752e-05,9.999999747378752e-05,9.999999747378752e-05,0
2024-09-26,9.999999747378752e-05,9.999999747378752e-05,9.999999747378752e-05,9.999999747378752e-05,9.999999747378752e-05,0
2024-09-27,9.999999747378752e-05,9.999999747378752e-05,9.999999747378752e-05,9.999999747378752e-05,9.999999747378752e-05,0
2024-09-30,9.999999747378752e-05,9.999999747378752e-05,9.999999747378752e-05,9.999999747378752e-05,9.999999747378752e-05,0
2024-10-01,9.999999747378752e-05,9.999999747378752e-05,9.999999747378752e-05,9.999999747378752e-05,9.999999747378752e-05,0
2024-10-02,9.999999747378752e-05,9.999999747378752e-05,9.999999747378752e-05,9.999999747378752e-05,9.999999747378752e-05,0
2024-10-03,9.999999747378752e-05,9.999999747378752e-05,9.999999747378752e-05,9.999999747378752e-05,9.999999747378752e-05,0
2024-10-04,9.999999747378752e-05,9.999999747378752e-05,9.999999747378752e-05,9.999999747378752e-05,9.999999747378752e-05,0
2024-10-07,9.999999747378752e-05,9.999999747378752e-05,9.999999747378752e-05,9.999999747378752e-05,9.999999747378752e-05,0
2024-10-08,9.999999747378752e-05,9.999999747378752e-05,9.999999747378752e-05,9.999999747378752e-05,9.999999747378752e-05,0
2024-10-09,9.999999747378752e-05,9.999999747378752e-05,9.999999747378752e-05,9.999999747378752e-05,9.999999747378752e-05,0
2024-10-10,9.999999747378752e-06,9.999999747378752e-06,9.999999747378752e-06,9.999999747378752e-06,9.999999747378752e-06,43000
2024-10-11,9.999999747378752e-06,9.999999747378752e-06,9.999999747378752e-06,9.999999747378752e-06,9.999999747378752e-06,0
2024-10-14,9.999999747378752e-06,9.999999747378752e-06,9.999999747378752e-06,9.999999747378752e-06,9.999999747378752e-06,0
2024-10-15,9.999999747378752e-06,9.999999747378752e-06,9.999999747378752e-06,9.999999747378752e-06,9.999999747378752e-06,0
2024-10-16,9.999999747378752e-06,9.999999747378752e-06,9.999999747378752e-06,9.999999747378752e-06,9.999999747378752e-06,0
2024-10-17,9.999999747378752e-06,9.999999747378752e-06,9.999999747378752e-06,9.999999747378752e-06,9.999999747378752e-06,0
2024-10-18,9.999999747378752e-06,9.999999747378752e-06,9.999999747378752e-06,9.999999747378752e-06,9.999999747378752e-06,0
2024-10-21,9.999999747378752e-06,9.999999747378752e-06,9.999999747378752e-06,9.999999747378752e-06,9.999999747378752e-06,0
2024-10-22,9.999999747378752e-06,9.999999747378752e-06,9.999999747378752e-06,9.999999747378752e-06,9.999999747378752e-06,0
2024-10-23,9.999999747378752e-06,9.999999747378752e-06,9.999999747378752e-06,9.999999747378752e-06,9.999999747378752e-06,0
2024-10-24,9.999999747378752e-06,9.999999747378752e-06,9.999999747378752e-06,9.999999747378752e-06,9.999999747378752e-06,0
2024-10-25,9.999999747378752e-06,9.999999747378752e-06,9.999999747378752e-06,9.999999747378752e-06,9.999999747378752e-06,0
2024-10-28,9.999999747378752e-06,9.999999747378752e-06,9.999999747378752e-06,9.999999747378752e-06,9.999999747378752e-06,0
2024-10-29,9.999999747378752e-06,9.999999747378752e-06,9.999999747378752e-06,9.999999747378752e-06,9.999999747378752e-06,0
2024-10-30,9.999999747378752e-06,9.999999747378752e-06,9.999999747378752e-06,9.999999747378752e-06,9.999999747378752e-06,0
2024-10-31,9.999999747378752e-06,9.999999747378752e-06,9.999999747378752e-06,9.999999747378752e-06,9.999999747378752e-06,0
2024-11-01,9.999999747378752e-06,9.999999747378752e-06,9.999999747378752e-06,9.999999747378752e-06,9.999999747378752e-06,0
2024-11-04,9.999999747378752e-06,9.999999747378752e-06,9.999999747378752e-06,9.999999747378752e-06,9.999999747378752e-06,0
2024-11-05,9.999999747378752e-06,9.999999747378752e-06,9.999999747378752e-06,9.999999747378752e-06,9.999999747378752e-06,0
2024-11-06,9.999999747378752e-06,9.999999747378752e-06,9.999999747378752e-06,9.999999747378752e-06,9.999999747378752e-06,0
2024-11-07,9.999999747378752e-06,9.999999747378752e-06,9.999999747378752e-06,9.999999747378752e-06,9.999999747378752e-06,0
2024-11-08,9.999999747378752e-06,9.999999747378752e-06,9.999999747378752e-06,9.999999747378752e-06,9.999999747378752e-06,0
2024-11-11,9.999999747378752e-06,9.999999747378752e-06,9.999999747378752e-06,9.999999747378752e-06,9.999999747378752e-06,0
2024-11-12,9.999999747378752e-06,9.999999747378752e-06,9.999999747378752e-06,9.999999747378752e-06,9.999999747378752e-06,0
2024-11-13,9.999999747378752e-06,9.999999747378752e-06,9.999999747378752e-06,9.999999747378752e-06,9.999999747378752e-06,0
2024-11-14,9.999999747378752e-06,9.999999747378752e-06,9.999999747378752e-06,9.999999747378752e-06,9.999999747378752e-06,0
2024-11-15,9.999999747378752e-06,9.999999747378752e-06,9.999999747378752e-06,9.999999747378752e-06,9.999999747378752e-06,0
2024-11-18,9.999999747378752e-06,9.999999747378752e-06,9.999999747378752e-06,9.999999747378752e-06,9.999999747378752e-06,0
2024-11-19,9.999999747378752e-06,9.999999747378752e-06,9.999999747378752e-06,9.999999747378752e-06,9.999999747378752e-06,0
2024-11-20,9.999999747378752e-06,9.999999747378752e-06,9.999999747378752e-06,9.999999747378752e-06,9.999999747378752e-06,0
2024-11-21,9.999999747378752e-06,9.999999747378752e-06,9.999999747378752e-06,9.999999747378752e-06,9.999999747378752e-06,0
2024-11-22,9.999999747378752e-06,9.999999747378752e-06,9.999999747378752e-06,9.999999747378752e-06,9.999999747378752e-06,0
2024-11-25,9.999999747378752e-06,9.999999747378752e-06,9.999999747378752e-06,9.999999747378752e-06,9.999999747378752e-06,0
2024-11-26,9.999999747378752e-06,9.999999747378752e-06,9.999999747378752e-06,9.999999747378752e-06,9.999999747378752e-06,0
2024-11-27,9.999999747378752e-06,9.999999747378752e-06,9.999999747378752e-06,9.999999747378752e-06,9.999999747378752e-06,0
2024-11-29,9.999999747378752e-06,9.999999747378752e-06,9.999999747378752e-06,9.999999747378752e-06,9.999999747378752e-06,0
2024-12-02,9.999999747378752e-06,9.999999747378752e-06,9.999999747378752e-06,9.999999747378752e-06,9.999999747378752e-06,0
2024-12-03,9.999999747378752e-06,9.999999747378752e-06,9.999999747378752e-06,9.999999747378752e-06,9.999999747378752e-06,0
2024-12-04,9.999999747378752e-06,9.999999747378752e-06,9.999999747378752e-06,9.999999747378752e-06,9.999999747378752e-06,0
2024-12-05,9.999999747378752e-06,9.999999747378752e-06,9.999999747378752e-06,9.999999747378752e-06,9.999999747378752e-06,0
2024-12-06,9.999999747378752e-06,9.999999747378752e-06,9.999999747378752e-06,9.999999747378752e-06,9.999999747378752e-06,0
2024-12-09,9.999999747378752e-06,9.999999747378752e-06,9.999999747378752e-06,9.999999747378752e-06,9.999999747378752e-06,0
2024-12-10,9.999999747378752e-06,9.999999747378752e-06,9.999999747378752e-06,9.999999747378752e-06,9.999999747378752e-06,0
2024-12-11,9.999999747378752e-06,9.999999747378752e-06,9.999999747378752e-06,9.999999747378752e-06,9.999999747378752e-06,0
2024-12-12,9.999999747378752e-06,9.999999747378752e-06,9.999999747378752e-06,9.999999747378752e-06,9.999999747378752e-06,0
2024-12-13,9.999999747378752e-06,9.999999747378752e-06,9.999999747378752e-06,9.999999747378752e-06,9.999999747378752e-06,0
2024-12-16,9.999999747378752e-06,9.999999747378752e-06,9.999999747378752e-06,9.999999747378752e-06,9.999999747378752e-06,0
2024-12-17,9.999999747378752e-06,9.999999747378752e-06,9.999999747378752e-06,9.999999747378752e-06,9.999999747378752e-06,0
2024-12-18,9.999999747378752e-06,9.999999747378752e-06,9.999999747378752e-06,9.999999747378752e-06,9.999999747378752e-06,0
2024-12-19,9.999999747378752e-06,9.999999747378752e-06,9.999999747378752e-06,9.999999747378752e-06,9.999999747378752e-06,0
2024-12-20,9.999999747378752e-06,9.999999747378752e-06,9.999999747378752e-06,9.999999747378752e-06,9.999999747378752e-06,0
2024-12-23,9.999999747378752e-06,9.999999747378752e-06,9.999999747378752e-06,9.999999747378752e-06,9.999999747378752e-06,0
2024-12-24,9.999999747378752e-06,9.999999747378752e-06,9.999999747378752e-06,9.999999747378752e-06,9.999999747378752e-06,0
2024-12-26,9.999999747378752e-05,9.999999747378752e-05,9.999999747378752e-05,9.999999747378752e-05,9.999999747378752e-05,3005470
2024-12-27,9.999999747378752e-05,9.999999747378752e-05,9.999999747378752e-05,9.999999747378752e-05,9.999999747378752e-05,810
2024-12-30,9.999999747378752e-05,9.999999747378752e-05,9.999999747378752e-05,9.999999747378752e-05,9.999999747378752e-05,0
2024-12-31,9.999999747378752e-05,9.999999747378752e-05,9.999999747378752e-05,9.999999747378752e-05,9.999999747378752e-05,0
2025-01-02,9.999999747378752e-05,9.999999747378752e-05,9.999999747378752e-05,9.999999747378752e-05,9.999999747378752e-05,0
2025-01-03,9.999999747378752e-05,9.999999747378752e-05,9.999999747378752e-05,9.999999747378752e-05,9.999999747378752e-05,0
2025-01-06,9.999999747378752e-05,9.999999747378752e-05,9.999999747378752e-05,9.999999747378752e-05,9.999999747378752e-05,0
2025-01-07,9.999999747378752e-05,9.999999747378752e-05,9.999999747378752e-05,9.999999747378752e-05,9.999999747378752e-05,0
2025-01-08,9.999999747378752e-05,9.999999747378752e-05,9.999999747378752e-05,9.999999747378752e-05,9.999999747378752e-05,0
2025-01-10,9.999999747378752e-05,9.999999747378752e-05,9.999999747378752e-05,9.999999747378752e-05,9.999999747378752e-05,0
2025-01-13,9.999999747378752e-05,9.999999747378752e-05,9.999999747378752e-05,9.999999747378752e-05,9.999999747378752e-05,0
2025-01-14,9.999999747378752e-05,9.999999747378752e-05,9.999999747378752e-05,9.999999747378752e-05,9.999999747378752e-05,0
2025-01-15,9.999999747378752e-05,9.999999747378752e-05,9.999999747378752e-05,9.999999747378752e-05,9.999999747378752e-05,0
2025-01-16,9.999999747378752e-05,9.999999747378752e-05,9.999999747378752e-05,9.999999747378752e-05,9.999999747378752e-05,17866110
2025-01-17,9.999999747378752e-05,9.999999747378752e-05,9.999999747378752e-05,9.999999747378752e-05,9.999999747378752e-05,367417
2025-01-21,9.999999747378752e-05,9.999999747378752e-05,9.999999747378752e-05,9.999999747378752e-05,9.999999747378752e-05,0
2025-01-22,9.999999747378752e-05,9.999999747378752e-05,9.999999747378752e-05,9.999999747378752e-05,9.999999747378752e-05,0
2025-01-23,9.999999747378752e-05,9.999999747378752e-05,9.999999747378752e-05,9.999999747378752e-05,9.999999747378752e-05,0
2025-01-24,9.999999747378752e-05,9.999999747378752e-05,9.999999747378752e-05,9.999999747378752e-05,9.999999747378752e-05,0
2025-01-27,9.999999747378752e-05,9.999999747378752e-05,9.999999747378752e-05,9.999999747378752e-05,9.999999747378752e-05,0
2025-01-28,9.999999747378752e-05,9.999999747378752e-05,9.999999747378752e-05,9.999999747378752e-05,9.999999747378752e-05,19419999
2025-01-29,0.00019999999494757503,0.00019999999494757503,9.999999747378752e-05,9.999999747378752e-05,9.999999747378752e-05,34160714
2025-01-30,9.999999747378752e-05,9.999999747378752e-05,9.999999747378752e-05,9.999999747378752e-05,9.999999747378752e-05,77169054
2025-01-31,9.999999747378752e-05,9.999999747378752e-05,9.999999747378752e-05,9.999999747378752e-05,9.999999747378752e-05,29019255
2025-02-03,9.999999747378752e-05,9.999999747378752e-05,9.999999747378752e-05,9.999999747378752e-05,9.999999747378752e-05,97551
2025-02-04,9.999999747378752e-05,9.999999747378752e-05,9.999999747378752e-05,9.999999747378752e-05,9.999999747378752e-05,1140500
2025-02-05,9.999999747378752e-05,0.0001500000071246177,9.999999747378752e-05,9.999999747378752e-05,9.999999747378752e-05,5504020
2025-02-06,9.999999747378752e-05,0.00019999999494757503,9.999999747378752e-05,9.999999747378752e-05,9.999999747378752e-05,55903320
2025-02-07,9.999999747378752e-05,0.00019999999494757503,9.999999747378752e-05,9.999999747378752e-05,9.999999747378752e-05,12031799
2025-02-10,0.00019999999494757503,0.00019999999494757503,0.00019999999494757503,0.00019999999494757503,0.00019999999494757503,4724701
2025-02-11,0.00019999999494757503,0.00019999999494757503,9.999999747378752e-05,9.999999747378752e-05,9.999999747378752e-05,7891273
2025-02-12,0.00019999999494757503,0.00019999999494757503,9.999999747378752e-05,9.999999747378752e-05,9.999999747378752e-05,525301
2025-02-13,9.999999747378752e-05,9.999999747378752e-05,9.999999747378752e-05,9.999999747378752e-05,9.999999747378752e-05,30100
2025-02-14,9.999999747378752e-05,9.999999747378752e-05,9.999999747378752e-05,9.999999747378752e-05,9.999999747378752e-05,568206
2025-02-18,0.00019999999494757503,0.00019999999494757503,0.00019999999494757503,0.00019999999494757503,0.00019999999494757503,606
2025-02-19,0.00019999999494757503,0.00019999999494757503,0.00019999999494757503,0.00019999999494757503,0.00019999999494757503,0
2025-02-20,0.00019999999494757503,0.00019999999494757503,0.00019999999494757503,0.00019999999494757503,0.00019999999494757503,580800
2025-02-21,0.00019999999494757503,0.00019999999494757503,9.999999747378752e-05,9.999999747378752e-05,9.999999747378752e-05,1123120
2025-02-24,9.999999747378752e-05,9.999999747378752e-05,9.999999747378752e-05,9.999999747378752e-05,9.999999747378752e-05,2276880
2025-02-25,9.999999747378752e-05,9.999999747378752e-05,9.999999747378752e-05,9.999999747378752e-05,9.999999747378752e-05,5189892
2025-02-26,9.999999747378752e-05,9.999999747378752e-05,9.999999747378752e-05,9.999999747378752e-05,9.999999747378752e-05,801000
2025-02-27,9.999999747378752e-05,9.999999747378752e-05,9.999999747378752e-05,9.999999747378752e-05,9.999999747378752e-05,0
2025-02-28,9.999999747378752e-05,9.999999747378752e-05,9.999999747378752e-05,9.999999747378752e-05,9.999999747378752e-05,0
2025-03-03,9.999999747378752e-05,9.999999747378752e-05,9.999999747378752e-05,9.999999747378752e-05,9.999999747378752e-05,0
2025-03-04,9.999999747378752e-05,9.999999747378752e-05,9.999999747378752e-05,9.999999747378752e-05,9.999999747378752e-05,0
2025-03-05,9.999999747378752e-05,9.999999747378752e-05,9.999999747378752e-05,9.999999747378752e-05,9.999999747378752e-05,830000
2025-03-06,9.999999747378752e-05,9.999999747378752e-05,9.999999747378752e-05,9.999999747378752e-05,9.999999747378752e-05,0
2025-03-07,9.999999747378752e-05,9.999999747378752e-05,9.999999747378752e-05,9.999999747378752e-05,9.999999747378752e-05,5848333
2025-03-10,9.999999747378752e-05,9.999999747378752e-05,9.999999747378752e-05,9.999999747378752e-05,9.999999747378752e-05,700700
2025-03-11,9.999999747378752e-05,9.999999747378752e-05,9.999999747378752e-05,9.999999747378752e-05,9.999999747378752e-05,6000000
2025-03-12,9.999999747378752e-05,0.00019999999494757503,9.999999747378752e-05,0.00019999999494757503,0.00019999999494757503,901519
2025-03-13,9.999999747378752e-05,0.00019999999494757503,9.999999747378752e-05,0.00019999999494757503,0.00019999999494757503,2500500
2025-03-14,0.00019999999494757503,0.00019999999494757503,9.999999747378752e-05,0.00019999999494757503,0.00019999999494757503,3967000
2025-03-17,0.00019999999494757503,0.00019999999494757503,9.999999747378752e-05,9.999999747378752e-05,9.999999747378752e-05,2016510
2025-03-18,9.999999747378752e-05,9.999999747378752e-05,9.999999747378752e-05,9.999999747378752e-05,9.999999747378752e-05,0
2025-03-19,9.999999747378752e-05,9.999999747378752e-05,9.999999747378752e-05,9.999999747378752e-05,9.999999747378752e-05,4699889
2025-03-20,9.999999747378752e-05,9.999999747378752e-05,9.999999747378752e-05,9.999999747378752e-05,9.999999747378752e-05,20300111
2025-03-21,9.999999747378752e-05,9.999999747378752e-05,9.999999747378752e-05,9.999999747378752e-05,9.999999747378752e-05,300000
2025-03-24,9.999999747378752e-05,9.999999747378752e-05,9.999999747378752e-05,9.999999747378752e-05,9.999999747378752e-05,3507796
2025-03-25,9.999999747378752e-05,9.999999747378752e-05,9.999999747378752e-05,9.999999747378752e-05,9.999999747378752e-05,0
2025-03-26,9.999999747378752e-05,0.00019999999494757503,9.999999747378752e-05,0.00019999999494757503,0.00019999999494757503,3397204
2025-03-27,9.999999747378752e-05,9.999999747378752e-05,9.999999747378752e-05,9.999999747378752e-05,9.999999747378752e-05,1000000
2025-03-28,0.00019999999494757503,0.00019999999494757503,9.999999747378752e-05,9.999999747378752e-05,9.999999747378752e-05,2260000
2025-03-31,0.00019999999494757503,0.00019999999494757503,9.999999747378752e-05,9.999999747378752e-05,9.999999747378752e-05,1700000
2025-04-01,9.999999747378752e-05,9.999999747378752e-05,9.999999747378752e-05,9.999999747378752e-05,9.999999747378752e-05,0
2025-04-02,9.999999747378752e-05,9.999999747378752e-05,9.999999747378752e-05,9.999999747378752e-05,9.999999747378752e-05,1100001
2025-04-03,9.999999747378752e-05,9.999999747378752e-05,9.999999747378752e-05,9.999999747378752e-05,9.999999747378752e-05,2550000
2025-04-04,9.999999747378752e-05,9.999999747378752e-05,9.999999747378752e-05,9.999999747378752e-05,9.999999747378752e-05,0
2025-04-07,9.999999747378752e-05,0.00019999999494757503,9.999999747378752e-05,9.999999747378752e-05,9.999999747378752e-05,1256926
2025-04-08,9.999999747378752e-05,9.999999747378752e-05,9.999999747378752e-05,9.999999747378752e-05,9.999999747378752e-05,0
2025-04-09,0.00019999999494757503,0.00019999999494757503,9.999999747378752e-05,9.999999747378752e-05,9.999999747378752e-05,555000
2025-04-10,9.999999747378752e-05,9.999999747378752e-05,9.999999747378752e-05,9.999999747378752e-05,9.999999747378752e-05,100100
2025-04-11,9.999999747378752e-05,9.999999747378752e-05,9.999999747378752e-05,9.999999747378752e-05,9.999999747378752e-05,1000000
2025-04-14,9.999999747378752e-05,9.999999747378752e-05,9.999999747378752e-05,9.999999747378752e-05,9.999999747378752e-05,0
2025-04-15,9.999999747378752e-05,9.999999747378752e-05,9.999999747378752e-05,9.999999747378752e-05,9.999999747378752e-05,50000
2025-04-16,9.999999747378752e-05,9.999999747378752e-05,9.999999747378752e-05,9.999999747378752e-05,9.999999747378752e-05,0
2025-04-17,9.999999747378752e-05,9.999999747378752e-05,9.999999747378752e-05,9.999999747378752e-05,9.999999747378752e-05,1600000
2025-04-21,9.999999747378752e-05,9.999999747378752e-05,9.999999747378752e-05,9.999999747378752e-05,9.999999747378752e-05,5020
2025-04-22,9.999999747378752e-05,9.999999747378752e-05,9.999999747378752e-05,9.999999747378752e-05,9.999999747378752e-05,0
2025-04-23,9.999999747378752e-05,9.999999747378752e-05,9.999999747378752e-05,9.999999747378752e-05,9.999999747378752e-05,0
2025-04-24,9.999999747378752e-05,9.999999747378752e-05,9.999999747378752e-05,9.999999747378752e-05,9.999999747378752e-05,200000
2025-04-25,9.999999747378752e-05,9.999999747378752e-05,9.999999747378752e-05,9.999999747378752e-05,9.999999747378752e-05,200000
2025-04-28,9.999999747378752e-05,9.999999747378752e-05,9.999999747378752e-05,9.999999747378752e-05,9.999999747378752e-05,0
2025-04-29,9.999999747378752e-05,9.999999747378752e-05,9.999999747378752e-05,9.999999747378752e-05,9.999999747378752e-05,746000
2025-04-30,9.999999747378752e-05,9.999999747378752e-05,9.999999747378752e-05,9.999999747378752e-05,9.999999747378752e-05,0
2025-05-01,9.999999747378752e-05,9.999999747378752e-05,9.999999747378752e-05,9.999999747378752e-05,9.999999747378752e-05,135
2025-05-02,9.999999747378752e-05,9.999999747378752e-05,9.999999747378752e-05,9.999999747378752e-05,9.999999747378752e-05,0
2025-05-05,0.00019999999494757503,0.00019999999494757503,9.999999747378752e-05,9.999999747378752e-05,9.999999747378752e-05,1735000
2025-05-06,9.999999747378752e-05,9.999999747378752e-05,9.999999747378752e-05,9.999999747378752e-05,9.999999747378752e-05,0
2025-05-07,0.00019999999494757503,0.00019999999494757503,9.999999747378752e-05,0.0001500000071246177,0.0001500000071246177,225000
2025-05-08,0.00019999999494757503,0.00019999999494757503,9.999999747378752e-05,9.999999747378752e-05,9.999999747378752e-05,10111723
2025-05-09,9.999999747378752e-05,9.999999747378752e-05,9.999999747378752e-05,9.999999747378752e-05,9.999999747378752e-05,101755
2025-05-12,0.00019999999494757503,0.00019999999494757503,9.999999747378752e-05,9.999999747378752e-05,9.999999747378752e-05,11454036
2025-05-13,0.00019999999494757503,0.00019999999494757503,9.999999747378752e-05,0.00019999999494757503,0.00019999999494757503,1220000
2025-05-14,9.999999747378752e-05,9.999999747378752e-05,9.999999747378752e-05,9.999999747378752e-05,9.999999747378752e-05,1000000
2025-05-15,9.999999747378752e-05,9.999999747378752e-05,9.999999747378752e-05,9.999999747378752e-05,9.999999747378752e-05,100
2025-05-16,9.999999747378752e-05,9.999999747378752e-05,9.999999747378752e-05,9.999999747378752e-05,9.999999747378752e-05,0
2025-05-19,9.999999747378752e-05,0.00019999999494757503,9.999999747378752e-05,0.00019999999494757503,0.00019999999494757503,1700101
2025-05-20,0.00019999999494757503,0.00019999999494757503,0.00019999999494757503,0.00019999999494757503,0.00019999999494757503,5000
2025-05-21,9.999999747378752e-05,9.999999747378752e-05,9.999999747378752e-05,9.999999747378752e-05,9.999999747378752e-05,3749899
2025-05-22,9.999999747378752e-05,9.999999747378752e-05,9.999999747378752e-05,9.999999747378752e-05,9.999999747378752e-05,1500000
2025-05-23,0.00019999999494757503,0.00019999999494757503,9.999999747378752e-05,9.999999747378752e-05,9.999999747378752e-05,2163411
2025-05-27,9.999999747378752e-05,9.999999747378752e-05,9.999999747378752e-05,9.999999747378752e-05,9.999999747378752e-05,0
2025-05-28,0.00019999999494757503,0.00019999999494757503,9.999999747378752e-05,0.0001500000071246177,0.0001500000071246177,1632733
2025-05-29,9.999999747378752e-05,9.999999747378752e-05,9.999999747378752e-05,9.999999747378752e-05,9.999999747378752e-05,1550800
2025-05-30,0.00019999999494757503,0.00019999999494757503,9.999999747378752e-05,9.999999747378752e-05,9.999999747378752e-05,1700101
2025-06-02,9.999999747378752e-05,9.999999747378752e-05,9.999999747378752e-05,9.999999747378752e-05,9.999999747378752e-05,2455000
2025-06-03,9.999999747378752e-05,0.00019999999494757503,9.999999747378752e-05,0.00019999999494757503,0.00019999999494757503,8815407
2025-06-04,0.00019999999494757503,0.00019999999494757503,0.00019999999494757503,0.00019999999494757503,0.00019999999494757503,10500
2025-06-05,9.999999747378752e-05,0.00019999999494757503,9.999999747378752e-05,0.00019999999494757503,0.00019999999494757503,22600000
2025-06-06,9.999999747378752e-05,0.00019999999494757503,9.999999747378752e-05,0.00019999999494757503,0.00019999999494757503,6057000
2025-06-09,9.999999747378752e-05,0.00019999999494757503,9.999999747378752e-05,0.00019999999494757503,0.00019999999494757503,36100
2025-06-10,9.999999747378752e-05,0.00019999999494757503,9.999999747378752e-05,9.999999747378752e-05,9.999999747378752e-05,7650300
2025-06-11,9.999999747378752e-05,0.00019999999494757503,9.999999747378752e-05,0.00019999999494757503,0.00019999999494757503,100100
2025-06-12,9.999999747378752e-05,9.999999747378752e-05,9.999999747378752e-05,9.999999747378752e-05,9.999999747378752e-05,1000000
2025-06-13,0.00019999999494757503,0.00019999999494757503,0.00019999999494757503,0.00019999999494757503,0.00019999999494757503,600000
2025-06-16,9.999999747378752e-05,0.00019999999494757503,9.999999747378752e-05,0.00019999999494757503,0.00019999999494757503,3110000
2025-06-17,9.999999747378752e-05,0.00019999999494757503,9.999999747378752e-05,9.999999747378752e-05,9.999999747378752e-05,11013554
2025-06-18,9.999999747378752e-05,9.999999747378752e-05,9.999999747378752e-05,9.999999747378752e-05,9.999999747378752e-05,0
2025-06-20,0.00019999999494757503,0.00019999999494757503,0.00019999999494757503,0.00019999999494757503,0.00019999999494757503,890249
2025-06-23,0.00019999999494757503,0.00019999999494757503,0.00019999999494757503,0.00019999999494757503,0.00019999999494757503,400000
2025-06-24,0.00019999999494757503,0.00019999999494757503,0.00019999999494757503,0.00019999999494757503,0.00019999999494757503,100250
2025-06-25,9.999999747378752e-05,9.999999747378752e-05,9.999999747378752e-05,9.999999747378752e-05,9.999999747378752e-05,4000000
2025-06-26,0.00019999999494757503,0.00019999999494757503,9.999999747378752e-05,0.00019999999494757503,0.00019999999494757503,253675
2025-06-27,9.999999747378752e-05,0.00019999999494757503,9.999999747378752e-05,9.999999747378752e-05,9.999999747378752e-05,18219372
2025-06-30,0.00019999999494757503,0.00019999999494757503,0.00019999999494757503,0.00019999999494757503,0.00019999999494757503,105000
2025-07-01,0.00019999999494757503,0.00019999999494757503,0.00019999999494757503,0.00019999999494757503,0.00019999999494757503,5983500
2025-07-02,0.00019999999494757503,0.00019999999494757503,0.00019999999494757503,0.00019999999494757503,0.00019999999494757503,0
2025-07-03,9.999999747378752e-05,0.00019999999494757503,9.999999747378752e-05,9.999999747378752e-05,9.999999747378752e-05,399548
2025-07-07,0.00019999999494757503,0.00019999999494757503,9.999999747378752e-05,9.999999747378752e-05,9.999999747378752e-05,2730099
2025-07-08,0.00019999999494757503,0.00019999999494757503,9.999999747378752e-05,9.999999747378752e-05,9.999999747378752e-05,2800000
2025-07-09,0.00019999999494757503,0.00019999999494757503,9.999999747378752e-05,0.00019999999494757503,0.00019999999494757503,13800000
2025-07-10,0.00019999999494757503,0.00019999999494757503,0.00019999999494757503,0.00019999999494757503,0.00019999999494757503,1300001
2025-07-11,9.999999747378752e-05,0.00019999999494757503,0.00019999999494757503,0.00019999999494757503,0.00019999999494757503,5530000
2025-07-14,0.00019999999494757503,0.00019999999494757503,0.00019999999494757503,0.00019999999494757503,0.00019999999494757503,895750
2025-07-15,0.00019999999494757503,0.00019999999494757503,9.999999747378752e-05,9.999999747378752e-05,9.999999747378752e-05,2805000
2025-07-16,0.00019999999494757503,0.00019999999494757503,9.999999747378752e-05,9.999999747378752e-05,9.999999747378752e-05,3423075
2025-07-17,9.999999747378752e-05,9.999999747378752e-05,9.999999747378752e-05,9.999999747378752e-05,9.999999747378752e-05,0
2025-07-18,9.999999747378752e-05,0.00019999999494757503,9.999999747378752e-05,9.999999747378752e-05,9.999999747378752e-05,1410000
2025-07-21,9.999999747378752e-05,9.999999747378752e-05,9.999999747378752e-05,9.999999747378752e-05,9.999999747378752e-05,1090000
2025-07-22,9.999999747378752e-05,9.999999747378752e-05,9.999999747378752e-05,9.999999747378752e-05,9.999999747378752e-05,2141901
2025-07-23,9.999999747378752e-05,9.999999747378752e-05,9.999999747378752e-05,9.999999747378752e-05,9.999999747378752e-05,0
2025-07-24,9.999999747378752e-05,9.999999747378752e-05,9.999999747378752e-05,9.999999747378752e-05,9.999999747378752e-05,7000000
2025-07-25,9.999999747378752e-05,9.999999747378752e-05,9.999999747378752e-05,9.999999747378752e-05,9.999999747378752e-05,200000
2025-07-28,9.999999747378752e-05,9.999999747378752e-05,9.999999747378752e-05,9.999999747378752e-05,9.999999747378752e-05,210000
2025-07-29,9.999999747378752e-05,9.999999747378752e-05,9.999999747378752e-05,9.999999747378752e-05,9.999999747378752e-05,200000
2025-07-30,9.999999747378752e-05,9.999999747378752e-05,9.999999747378752e-05,9.999999747378752e-05,9.999999747378752e-05,5087430
2025-07-31,9.999999747378752e-05,9.999999747378752e-05,9.999999747378752e-05,9.999999747378752e-05,9.999999747378752e-05,200000
2025-08-01,9.999999747378752e-05,9.999999747378752e-05,9.999999747378752e-05,9.999999747378752e-05,9.999999747378752e-05,0
2025-08-04,9.999999747378752e-05,9.999999747378752e-05,9.999999747378752e-05,9.999999747378752e-05,9.999999747378752e-05,4000000
2025-08-05,9.999999747378752e-05,9.999999747378752e-05,9.999999747378752e-05,9.999999747378752e-05,9.999999747378752e-05,300100
2025-08-06,9.999999747378752e-05,9.999999747378752e-05,9.999999747378752e-05,9.999999747378752e-05,9.999999747378752e-05,0
2025-08-07,9.999999747378752e-05,9.999999747378752e-05,9.999999747378752e-05,9.999999747378752e-05,9.999999747378752e-05,0
2025-08-08,9.999999747378752e-05,9.999999747378752e-05,9.999999747378752e-05,9.999999747378752e-05,9.999999747378752e-05,0
2025-08-11,9.999999747378752e-05,9.999999747378752e-05,9.999999747378752e-05,9.999999747378752e-05,9.999999747378752e-05,1000000
2025-08-12,9.999999747378752e-05,9.999999747378752e-05,9.999999747378752e-05,9.999999747378752e-05,9.999999747378752e-05,0
2025-08-13,9.999999747378752e-05,9.999999747378752e-05,9.999999747378752e-05,9.999999747378752e-05,9.999999747378752e-05,0
2025-08-14,9.999999747378752e-05,9.999999747378752e-05,9.999999747378752e-05,9.999999747378752e-05,9.999999747378752e-05,0
2025-08-15,9.999999747378752e-05,9.999999747378752e-05,9.999999747378752e-05,9.999999747378752e-05,9.999999747378752e-05,7605800
2025-08-18,9.999999747378752e-05,9.999999747378752e-05,9.999999747378752e-05,9.999999747378752e-05,9.999999747378752e-05,80000
2025-08-19,9.999999747378752e-05,9.999999747378752e-05,9.999999747378752e-05,9.999999747378752e-05,9.999999747378752e-05,2200000
2025-08-20,9.999999747378752e-05,0.00019999999494757503,9.999999747378752e-05,9.999999747378752e-05,9.999999747378752e-05,10055555
2025-08-21,9.999999747378752e-05,9.999999747378752e-05,9.999999747378752e-05,9.999999747378752e-05,9.999999747378752e-05,0
2025-08-22,9.999999747378752e-05,9.999999747378752e-05,9.999999747378752e-05,9.999999747378752e-05,9.999999747378752e-05,0
2025-08-25,9.999999747378752e-05,9.999999747378752e-05,9.999999747378752e-05,9.999999747378752e-05,9.999999747378752e-05,0
2025-08-26,9.999999747378752e-05,9.999999747378752e-05,9.999999747378752e-05,9.999999747378752e-05,9.999999747378752e-05,329401
2025-08-27,9.999999747378752e-05,9.999999747378752e-05,9.999999747378752e-05,9.999999747378752e-05,9.999999747378752e-05,200000
2025-08-28,9.999999747378752e-05,9.999999747378752e-05,9.999999747378752e-05,9.999999747378752e-05,9.999999747378752e-05,0
2025-08-29,9.999999747378752e-05,9.999999747378752e-05,9.999999747378752e-05,9.999999747378752e-05,9.999999747378752e-05,1000000
2025-09-02,9.999999747378752e-05,9.999999747378752e-05,9.999999747378752e-05,9.999999747378752e-05,9.999999747378752e-05,0
2025-09-03,9.999999747378752e-05,9.999999747378752e-05,9.999999747378752e-05,9.999999747378752e-05,9.999999747378752e-05,200000
2025-09-04,9.999999747378752e-05,9.999999747378752e-05,9.999999747378752e-05,9.999999747378752e-05,9.999999747378752e-05,0
2025-09-05,9.999999747378752e-05,9.999999747378752e-05,9.999999747378752e-05,9.999999747378752e-05,9.999999747378752e-05,20000
2025-09-08,9.999999747378752e-05,9.999999747378752e-05,9.999999747378752e-05,9.999999747378752e-05,9.999999747378752e-05,80000
2025-09-09,9.999999747378752e-05,9.999999747378752e-05,9.999999747378752e-05,9.999999747378752e-05,9.999999747378752e-05,100000
2025-09-10,9.999999747378752e-05,9.999999747378752e-05,9.999999747378752e-05,9.999999747378752e-05,9.999999747378752e-05,0
2025-09-11,9.999999747378752e-05,9.999999747378752e-05,9.999999747378752e-05,9.999999747378752e-05,9.999999747378752e-05,0
2025-09-12,9.999999747378752e-05,9.999999747378752e-05,9.999999747378752e-05,9.999999747378752e-05,9.999999747378752e-05,0
2025-09-15,9.999999747378752e-05,9.999999747378752e-05,9.999999747378752e-05,9.999999747378752e-05,9.999999747378752e-05,0
2025-09-16,9.999999747378752e-05,9.999999747378752e-05,9.999999747378752e-05,9.999999747378752e-05,9.999999747378752e-05,0
2025-09-17,9.999999747378752e-05,9.999999747378752e-05,9.999999747378752e-05,9.999999747378752e-05,9.999999747378752e-05,0
2025-09-18,9.999999747378752e-05,9.999999747378752e-05,9.999999747378752e-05,9.999999747378752e-05,9.999999747378752e-05,0
2025-09-19,9.999999747378752e-05,9.999999747378752e-05,9.999999747378752e-05,9.999999747378752e-05,9.999999747378752e-05,200000
2025-09-22,9.999999747378752e-05,9.999999747378752e-05,9.999999747378752e-05,9.999999747378752e-05,9.999999747378752e-05,0
2025-09-23,9.999999747378752e-05,9.999999747378752e-05,9.999999747378752e-05,9.999999747378752e-05,9.999999747378752e-05,0
2025-09-24,9.999999747378752e-05,9.999999747378752e-05,9.999999747378752e-05,9.999999747378752e-05,9.999999747378752e-05,298399
2025-09-25,9.999999747378752e-05,9.999999747378752e-05,9.999999747378752e-05,9.999999747378752e-05,9.999999747378752e-05,0
2025-09-26,9.999999747378752e-05,9.999999747378752e-05,9.999999747378752e-05,9.999999747378752e-05,9.999999747378752e-05,2130000
2025-09-29,9.999999747378752e-05,9.999999747378752e-05,9.999999747378752e-05,9.999999747378752e-05,9.999999747378752e-05,0
2025-09-30,9.999999747378752e-05,9.999999747378752e-05,9.999999747378752e-05,9.999999747378752e-05,9.999999747378752e-05,0
2025-10-01,9.999999747378752e-05,9.999999747378752e-05,9.999999747378752e-05,9.999999747378752e-05,9.999999747378752e-05,0
2025-10-02,9.999999747378752e-05,9.999999747378752e-05,9.999999747378752e-05,9.999999747378752e-05,9.999999747378752e-05,2427799
2025-10-03,9.999999747378752e-05,9.999999747378752e-05,9.999999747378752e-05,9.999999747378752e-05,9.999999747378752e-05,0
2025-10-06,9.999999747378752e-05,9.999999747378752e-05,9.999999747378752e-05,9.999999747378752e-05,9.999999747378752e-05,1200000
2025-10-07,9.999999747378752e-05,9.999999747378752e-05,9.999999747378752e-05,9.999999747378752e-05,9.999999747378752e-05,2000000
2025-10-08,9.999999747378752e-05,9.999999747378752e-05,9.999999747378752e-05,9.999999747378752e-05,9.999999747378752e-05,200000
2025-10-09,9.999999747378752e-05,9.999999747378752e-05,9.999999747378752e-05,9.999999747378752e-05,9.999999747378752e-05,0
2025-10-10,9.999999747378752e-05,9.999999747378752e-05,9.999999747378752e-05,9.999999747378752e-05,9.999999747378752e-05,0
2025-10-13,9.999999747378752e-05,9.999999747378752e-05,9.999999747378752e-05,9.999999747378752e-05,9.999999747378752e-05,0
2025-10-14,9.999999747378752e-05,9.999999747378752e-05,9.999999747378752e-05,9.999999747378752e-05,9.999999747378752e-05,100000
2025-10-15,9.999999747378752e-05,9.999999747378752e-05,9.999999747378752e-05,9.999999747378752e-05,9.999999747378752e-05,0
2025-10-16,9.999999747378752e-05,9.999999747378752e-05,9.999999747378752e-05,9.999999747378752e-05,9.999999747378752e-05,0
2025-10-17,9.999999747378752e-05,9.999999747378752e-05,9.999999747378752e-05,9.999999747378752e-05,9.999999747378752e-05,0
2025-10-20,9.999999747378752e-05,9.999999747378752e-05,9.999999747378752e-05,9.999999747378752e-05,9.999999747378752e-05,0
2025-10-21,9.999999747378752e-05,9.999999747378752e-05,9.999999747378752e-05,9.999999747378752e-05,9.999999747378752e-05,500000
2025-10-22,9.999999747378752e-05,9.999999747378752e-05,9.999999747378752e-05,9.999999747378752e-05,9.999999747378752e-05,70000
2025-10-23,9.999999747378752e-05,9.999999747378752e-05,9.999999747378752e-05,9.999999747378752e-05,9.999999747378752e-05,0
2025-10-24,9.999999747378752e-05,9.999999747378752e-05,9.999999747378752e-05,9.999999747378752e-05,9.999999747378752e-05,200000
2025-10-27,9.999999747378752e-05,9.999999747378752e-05,9.999999747378752e-05,9.999999747378752e-05,9.999999747378752e-05,0
2025-10-28,9.999999747378752e-05,9.999999747378752e-05,9.999999747378752e-05,9.999999747378752e-05,9.999999747378752e-05,0
2025-10-29,9.999999747378752e-05,9.999999747378752e-05,9.999999747378752e-05,9.999999747378752e-05,9.999999747378752e-05,0
2025-10-30,9.999999747378752e-05,9.999999747378752e-05,9.999999747378752e-05,9.999999747378752e-05,9.999999747378752e-05,0
2025-10-31,9.999999747378752e-05,9.999999747378752e-05,9.999999747378752e-05,9.999999747378752e-05,9.999999747378752e-05,275200
2025-11-03,9.999999747378752e-05,9.999999747378752e-05,9.999999747378752e-05,9.999999747378752e-05,9.999999747378752e-05,0
2025-11-04,9.999999747378752e-05,9.999999747378752e-05,9.999999747378752e-05,9.999999747378752e-05,9.999999747378752e-05,325000
2025-11-05,9.999999747378752e-05,9.999999747378752e-05,9.999999747378752e-05,9.999999747378752e-05,9.999999747378752e-05,0
2025-11-06,9.999999747378752e-05,9.999999747378752e-05,9.999999747378752e-05,9.999999747378752e-05,9.999999747378752e-05,2656200
2025-11-07,9.999999747378752e-05,9.999999747378752e-05,9.999999747378752e-05,9.999999747378752e-05,9.999999747378752e-05,1000000
2025-11-10,9.999999747378752e-05,9.999999747378752e-05,9.999999747378752e-05,9.999999747378752e-05,9.999999747378752e-05,4000000
2025-11-11,9.999999747378752e-05,9.999999747378752e-05,9.999999747378752e-05,9.999999747378752e-05,9.999999747378752e-05,0
2025-11-12,9.999999747378752e-05,9.999999747378752e-05,9.999999747378752e-05,9.999999747378752e-05,9.999999747378752e-05,0
2025-11-13,9.999999747378752e-05,9.999999747378752e-05,9.999999747378752e-05,9.999999747378752e-05,9.999999747378752e-05,0
2025-11-14,9.999999747378752e-05,9.999999747378752e-05,9.999999747378752e-05,9.999999747378752e-05,9.999999747378752e-05,0
2025-11-17,9.999999747378752e-05,9.999999747378752e-05,9.999999747378752e-05,9.999999747378752e-05,9.999999747378752e-05,0
2025-11-18,9.999999747378752e-05,9.999999747378752e-05,9.999999747378752e-05,9.999999747378752e-05,9.999999747378752e-05,5000000
2025-11-19,9.999999747378752e-05,9.999999747378752e-05,9.999999747378752e-05,9.999999747378752e-05,9.999999747378752e-05,4000000
2025-11-20,9.999999747378752e-05,9.999999747378752e-05,9.999999747378752e-05,9.999999747378752e-05,9.999999747378752e-05,0
2025-11-21,9.999999747378752e-05,9.999999747378752e-05,9.999999747378752e-05,9.999999747378752e-05,9.999999747378752e-05,0
2025-11-24,9.999999747378752e-05,9.999999747378752e-05,9.999999747378752e-05,9.999999747378752e-05,9.999999747378752e-05,6000000
2025-11-25,9.999999747378752e-05,9.999999747378752e-05,9.999999747378752e-05,9.999999747378752e-05,9.999999747378752e-05,0
2025-11-26,9.999999747378752e-05,9.999999747378752e-05,9.999999747378752e-05,9.999999747378752e-05,9.999999747378752e-05,0
2025-11-28,9.999999747378752e-05,0.00019999999494757503,9.999999747378752e-05,9.999999747378752e-05,9.999999747378752e-05,17285000
2025-12-01,9.999999747378752e-05,9.999999747378752e-05,9.999999747378752e-05,9.999999747378752e-05,9.999999747378752e-05,200000
2025-12-02,9.999999747378752e-05,9.999999747378752e-05,9.999999747378752e-05,9.999999747378752e-05,9.999999747378752e-05,0
2025-12-03,9.999999747378752e-05,9.999999747378752e-05,9.999999747378752e-05,9.999999747378752e-05,9.999999747378752e-05,10260911
2025-12-04,9.999999747378752e-05,0.00019999999494757503,9.999999747378752e-05,9.999999747378752e-05,9.999999747378752e-05,6002733
2025-12-05,9.999999747378752e-05,9.999999747378752e-05,9.999999747378752e-05,9.999999747378752e-05,9.999999747378752e-05,0
2025-12-08,9.999999747378752e-05,9.999999747378752e-05,9.999999747378752e-05,9.999999747378752e-05,9.999999747378752e-05,0
2025-12-09,9.999999747378752e-05,9.999999747378752e-05,9.999999747378752e-05,9.999999747378752e-05,9.999999747378752e-05,0
2025-12-10,9.999999747378752e-05,9.999999747378752e-05,9.999999747378752e-05,9.999999747378752e-05,9.999999747378752e-05,0
2025-12-11,9.999999747378752e-05,9.999999747378752e-05,9.999999747378752e-05,9.999999747378752e-05,9.999999747378752e-05,0
2025-12-12,9.999999747378752e-05,9.999999747378752e-05,9.999999747378752e-05,9.999999747378752e-05,9.999999747378752e-05,350000
2025-12-15,9.999999747378752e-05,9.999999747378752e-05,9.999999747378752e-05,9.999999747378752e-05,9.999999747378752e-05,0
2025-12-16,9.999999747378752e-05,9.999999747378752e-05,9.999999747378752e-05,9.999999747378752e-05,9.999999747378752e-05,0
2025-12-17,9.999999747378752e-05,9.999999747378752e-05,9.999999747378752e-05,9.999999747378752e-05,9.999999747378752e-05,0
2025-12-18,9.999999747378752e-05,9.999999747378752e-05,9.999999747378752e-05,9.999999747378752e-05,9.999999747378752e-05,200000
2025-12-19,9.999999747378752e-05,9.999999747378752e-05,9.999999747378752e-05,9.999999747378752e-05,9.999999747378752e-05,0
2025-12-22,9.999999747378752e-05,9.999999747378752e-05,9.999999747378752e-05,9.999999747378752e-05,9.999999747378752e-05,0
2025-12-23,9.999999747378752e-05,9.999999747378752e-05,9.999999747378752e-05,9.999999747378752e-05,9.999999747378752e-05,0
2025-12-24,9.999999747378752e-05,9.999999747378752e-05,9.999999747378752e-05,9.999999747378752e-05,9.999999747378752e-05,0
2025-12-26,9.999999747378752e-05,9.999999747378752e-05,9.999999747378752e-05,9.999999747378752e-05,9.999999747378752e-05,0
2025-12-29,9.999999747378752e-05,9.999999747378752e-05,9.999999747378752e-05,9.999999747378752e-05,9.999999747378752e-05,0
2025-12-30,9.999999747378752e-05,9.999999747378752e-05,9.999999747378752e-05,9.999999747378752e-05,9.999999747378752e-05,0
