date,open,high,low,close,adj_close,volume
,HVT,HVT,HVT,HVT,HVT,HVT
2020-01-02,20.309999465942383,20.309999465942383,19.420000076293945,19.549999237060547,12.660736083984375,83400
2020-01-03,19.31999969482422,19.440000534057617,18.989999771118164,19.389999389648438,12.557117462158203,108700
2020-01-06,19.239999771118164,19.670000076293945,19.219999313354492,19.530000686645508,12.647783279418945,58800
2020-01-07,19.5,19.56999969482422,19.299999237060547,19.549999237060547,12.660736083984375,74700
2020-01-08,19.489999771118164,19.700000762939453,19.389999389648438,19.56999969482422,12.673686027526855,53400
2020-01-09,19.459999084472656,19.479999542236328,19.270000457763672,19.43000030517578,12.58302116394043,72200
2020-01-10,19.3799991607666,19.579999923706055,19.25,19.559999465942383,12.667210578918457,57300
2020-01-13,19.559999465942383,19.790000915527344,19.540000915527344,19.790000915527344,12.816161155700684,54500
2020-01-14,19.65999984741211,19.899999618530273,19.549999237060547,19.68000030517578,12.744922637939453,164200
2020-01-15,19.59000015258789,20.100000381469727,19.549999237060547,20.09000015258789,13.010442733764648,71200
2020-01-16,20.200000762939453,20.68000030517578,20.059999465942383,20.530000686645508,13.295394897460938,63800
2020-01-17,20.670000076293945,20.8799991607666,20.510000228881836,20.770000457763672,13.450817108154297,89200
2020-01-21,20.690000534057617,20.889999389648438,20.489999771118164,20.6200008392334,13.353675842285156,67700
2020-01-22,20.610000610351562,20.799999237060547,20.3799991607666,20.510000228881836,13.282439231872559,83500
2020-01-23,20.440000534057617,20.610000610351562,20.31999969482422,20.420000076293945,13.224157333374023,133600
2020-01-24,20.399999618530273,20.469999313354492,19.959999084472656,20.110000610351562,13.023397445678711,68300
2020-01-27,19.829999923706055,20.3700008392334,19.829999923706055,20.229999542236328,13.10110855102539,130400
2020-01-28,20.309999465942383,20.459999084472656,20.040000915527344,20.139999389648438,13.04282283782959,102200
2020-01-29,20.06999969482422,20.59000015258789,20.06999969482422,20.260000228881836,13.120538711547852,105500
2020-01-30,20.06999969482422,20.43000030517578,20.049999237060547,20.43000030517578,13.230629920959473,77500
2020-01-31,20.260000228881836,20.270000457763672,19.959999084472656,20.1299991607666,13.036347389221191,96900
2020-02-03,20.049999237060547,20.469999313354492,20.049999237060547,20.389999389648438,13.204726219177246,108400
2020-02-04,20.610000610351562,20.639999389648438,20.030000686645508,20.09000015258789,13.010442733764648,56500
2020-02-05,20.329999923706055,20.59000015258789,20.18000030517578,20.549999237060547,13.308341979980469,73100
2020-02-06,20.579999923706055,20.93000030517578,20.329999923706055,20.510000228881836,13.282439231872559,115800
2020-02-07,20.489999771118164,20.489999771118164,20.100000381469727,20.290000915527344,13.139966011047363,64000
2020-02-10,20.25,20.5,20.25,20.290000915527344,13.139966011047363,63400
2020-02-11,20.459999084472656,20.540000915527344,20.260000228881836,20.329999923706055,13.165868759155273,69500
2020-02-12,20.43000030517578,20.739999771118164,20.34000015258789,20.420000076293945,13.224157333374023,81200
2020-02-13,20.389999389648438,20.530000686645508,20.200000762939453,20.3799991607666,13.198250770568848,48300
2020-02-14,20.3700008392334,20.3700008392334,20.079999923706055,20.200000762939453,13.081679344177246,42000
2020-02-18,20.270000457763672,20.459999084472656,19.93000030517578,20.260000228881836,13.120538711547852,83500
2020-02-19,20.649999618530273,21.0,17.170000076293945,17.170000076293945,11.119430541992188,295100
2020-02-20,17.510000228881836,17.690000534057617,17.06999969482422,17.09000015258789,11.067618370056152,166300
2020-02-21,17.100000381469727,17.600000381469727,16.84000015258789,17.329999923706055,11.22304630279541,146000
2020-02-24,16.969999313354492,17.290000915527344,16.350000381469727,16.479999542236328,10.672578811645508,251900
2020-02-25,16.440000534057617,16.479999542236328,15.489999771118164,15.880000114440918,10.284014701843262,283400
2020-02-26,15.890000343322754,16.450000762939453,15.869999885559082,16.270000457763672,10.536581993103027,218100
2020-02-27,16.15999984741211,17.350000381469727,16.079999923706055,16.899999618530273,10.944574356079102,251800
2020-02-28,16.690000534057617,17.09000015258789,16.56999969482422,16.81999969482422,10.892765045166016,211000
2020-03-02,16.81999969482422,17.399999618530273,16.350000381469727,17.350000381469727,11.235997200012207,272400
2020-03-03,17.459999084472656,17.68000030517578,17.020000457763672,17.15999984741211,11.112950325012207,174000
2020-03-04,17.309999465942383,17.850000381469727,17.010000228881836,17.809999465942383,11.533896446228027,129500
2020-03-05,17.5,17.559999465942383,17.270000457763672,17.450000762939453,11.300761222839355,159000
2020-03-06,17.049999237060547,17.3700008392334,16.850000381469727,17.350000381469727,11.235997200012207,136600
2020-03-09,16.549999237060547,17.219999313354492,16.25,16.610000610351562,10.756768226623535,173700
2020-03-10,16.889999389648438,16.889999389648438,15.279999732971191,15.539999961853027,10.063827514648438,230400
2020-03-11,15.180000305175781,15.270000457763672,14.800000190734863,15.029999732971191,9.860452651977539,234600
2020-03-12,14.399999618530273,14.539999961853027,13.520000457763672,13.720000267028809,9.001023292541504,306200
2020-03-13,14.239999771118164,14.930000305175781,14.0600004196167,14.779999732971191,9.696438789367676,164200
2020-03-16,13.510000228881836,14.0,12.989999771118164,13.300000190734863,8.725481986999512,163100
2020-03-17,13.319999694824219,13.9399995803833,12.539999961853027,13.760000228881836,9.027267456054688,208000
2020-03-18,13.050000190734863,13.229999542236328,11.699999809265137,12.680000305175781,8.318730354309082,256900
2020-03-19,12.680000305175781,13.369999885559082,12.109999656677246,12.350000381469727,8.102231979370117,182500
2020-03-20,12.449999809265137,12.90999984741211,11.369999885559082,12.119999885559082,7.951345443725586,365800
2020-03-23,12.329999923706055,12.359999656677246,11.079999923706055,11.59000015258789,7.603634357452393,259400
2020-03-24,11.920000076293945,12.649999618530273,11.829999923706055,12.630000114440918,8.285927772521973,155200
2020-03-25,12.630000114440918,13.350000381469727,12.140000343322754,12.510000228881836,8.20720100402832,161300
2020-03-26,12.5,13.210000038146973,12.479999542236328,13.050000190734863,8.561470985412598,147700
2020-03-27,12.579999923706055,12.84000015258789,12.130000114440918,12.369999885559082,8.115355491638184,99500
2020-03-30,12.369999885559082,12.369999885559082,11.34000015258789,11.699999809265137,7.675800800323486,206600
2020-03-31,11.460000038146973,12.020000457763672,11.300000190734863,11.890000343322754,7.800451278686523,201900
2020-04-01,11.449999809265137,11.640000343322754,10.510000228881836,10.640000343322754,6.980386257171631,138400
2020-04-02,10.329999923706055,10.829999923706055,10.329999923706055,10.779999732971191,7.072234153747559,96900
2020-04-03,10.699999809265137,10.899999618530273,9.8100004196167,9.989999771118164,6.553952693939209,100500
2020-04-06,10.3100004196167,11.399999618530273,10.3100004196167,11.260000228881836,7.3871378898620605,173600
2020-04-07,11.529999732971191,12.09000015258789,11.119999885559082,11.300000190734863,7.4133806228637695,138500
2020-04-08,11.5,12.300000190734863,11.359999656677246,12.050000190734863,7.905418872833252,138100
2020-04-09,12.319999694824219,12.989999771118164,12.180000305175781,12.930000305175781,8.482744216918945,137300
2020-04-13,12.789999961853027,12.800000190734863,11.920000076293945,12.6899995803833,8.325289726257324,100600
2020-04-14,12.6899995803833,12.899999618530273,12.09000015258789,12.600000381469727,8.266247749328613,106200
2020-04-15,12.15999984741211,12.329999923706055,11.8100004196167,12.079999923706055,7.925100326538086,111500
2020-04-16,12.109999656677246,12.149999618530273,11.279999732971191,11.710000038146973,7.682361125946045,144900
2020-04-17,12.050000190734863,12.680000305175781,12.050000190734863,12.289999961853027,8.062870979309082,124200
2020-04-20,11.989999771118164,12.180000305175781,11.819999694824219,11.960000038146973,7.846374988555908,117700
2020-04-21,11.579999923706055,11.760000228881836,11.4399995803833,11.479999542236328,7.531469345092773,132300
2020-04-22,11.680000305175781,11.789999961853027,11.4399995803833,11.470000267028809,7.5249104499816895,79800
2020-04-23,11.470000267028809,12.1899995803833,11.470000267028809,11.869999885559082,7.787328720092773,110200
2020-04-24,12.0600004196167,12.510000228881836,11.880000114440918,12.329999923706055,8.089112281799316,95700
2020-04-27,12.350000381469727,13.25,12.350000381469727,12.960000038146973,8.502427101135254,141000
2020-04-28,13.279999732971191,13.479999542236328,12.979999542236328,13.1899995803833,8.65331745147705,127700
2020-04-29,13.619999885559082,14.510000228881836,13.510000228881836,14.3100004196167,9.388094902038574,118500
2020-04-30,14.0,14.0,13.289999961853027,13.529999732971191,8.876373291015625,73100
2020-05-01,13.1899995803833,14.130000114440918,12.59000015258789,12.979999542236328,8.515546798706055,95100
2020-05-04,12.75,13.119999885559082,12.75,13.050000190734863,8.561470985412598,61200
2020-05-05,13.260000228881836,13.319999694824219,12.010000228881836,12.149999618530273,7.9710259437561035,140000
2020-05-06,12.170000076293945,12.970000267028809,12.029999732971191,12.680000305175781,8.318730354309082,118000
2020-05-07,12.970000267028809,13.079999923706055,12.510000228881836,12.760000228881836,8.3712158203125,86500
2020-05-08,13.029999732971191,13.390000343322754,12.979999542236328,13.270000457763672,8.705801010131836,96200
2020-05-11,13.289999961853027,15.079999923706055,13.289999961853027,14.640000343322754,9.604591369628906,287300
2020-05-12,14.680000305175781,14.949999809265137,14.0,14.020000457763672,9.197839736938477,252000
2020-05-13,14.149999618530273,14.199999809265137,13.369999885559082,13.640000343322754,8.948540687561035,164700
2020-05-14,13.220000267028809,14.479999542236328,12.90999984741211,14.3100004196167,9.388094902038574,297100
2020-05-15,14.300000190734863,15.029999732971191,14.109999656677246,14.859999656677246,9.748922348022461,1207600
2020-05-18,15.680000305175781,15.850000381469727,15.34000015258789,15.470000267028809,10.149114608764648,243100
2020-05-19,15.3100004196167,15.609999656677246,14.960000038146973,15.029999732971191,9.860452651977539,242400
2020-05-20,15.119999885559082,15.449999809265137,14.770000457763672,15.359999656677246,10.076947212219238,226600
2020-05-21,16.3700008392334,17.690000534057617,15.600000381469727,15.710000038146973,10.30656623840332,411700
2020-05-22,16.0,16.3799991607666,15.640000343322754,16.350000381469727,10.726438522338867,213500
2020-05-26,16.860000610351562,17.850000381469727,16.6200008392334,17.040000915527344,11.17911434173584,328500
2020-05-27,17.229999542236328,17.559999465942383,16.850000381469727,17.420000076293945,11.428414344787598,173900
2020-05-28,17.510000228881836,17.700000762939453,16.760000228881836,17.1200008392334,11.231599807739258,216600
2020-05-29,16.90999984741211,17.329999923706055,16.700000762939453,17.299999237060547,11.349685668945312,195200
2020-06-01,17.270000457763672,17.399999618530273,16.59000015258789,16.6299991607666,10.91013240814209,231100
2020-06-02,16.760000228881836,17.450000762939453,16.729999542236328,17.31999969482422,11.362810134887695,149500
2020-06-03,17.459999084472656,17.639999389648438,17.209999084472656,17.389999389648438,11.50839900970459,139800
2020-06-04,17.1200008392334,17.450000762939453,16.8700008392334,17.389999389648438,11.50839900970459,148600
2020-06-05,18.0,18.229999542236328,17.469999313354492,17.799999237060547,11.779732704162598,209500
2020-06-08,17.780000686645508,18.530000686645508,17.780000686645508,18.40999984741211,12.183419227600098,164300
2020-06-09,18.0,18.979999542236328,17.809999465942383,18.8700008392334,12.487838745117188,259200
2020-06-10,18.639999389648438,18.690000534057617,17.780000686645508,17.850000381469727,11.812820434570312,125700
2020-06-11,17.100000381469727,17.3799991607666,16.299999237060547,16.520000457763672,10.932650566101074,128500
2020-06-12,17.139999389648438,17.270000457763672,16.459999084472656,16.8700008392334,11.164276123046875,157200
2020-06-15,16.239999771118164,17.299999237060547,16.239999771118164,17.149999618530273,11.349573135375977,109800
2020-06-16,17.8799991607666,17.8799991607666,16.989999771118164,17.5,11.581195831298828,125500
2020-06-17,17.389999389648438,17.600000381469727,16.950000762939453,17.049999237060547,11.283395767211914,156100
2020-06-18,16.81999969482422,17.139999389648438,16.450000762939453,16.530000686645508,10.9392671585083,152600
2020-06-19,16.549999237060547,16.56999969482422,15.8100004196167,16.149999618530273,10.687789916992188,373900
2020-06-22,16.030000686645508,16.65999984741211,15.569999694824219,16.510000228881836,10.926032066345215,151600
2020-06-23,16.760000228881836,16.84000015258789,16.020000457763672,16.09000015258789,10.648082733154297,148200
2020-06-24,15.920000076293945,16.079999923706055,15.369999885559082,15.84000015258789,10.482637405395508,175100
2020-06-25,15.729999542236328,15.829999923706055,15.229999542236328,15.5600004196167,10.29733943939209,130900
2020-06-26,15.40999984741211,15.720000267028809,15.09000015258789,15.619999885559082,10.337045669555664,324700
2020-06-29,15.800000190734863,16.239999771118164,15.579999923706055,16.139999389648438,10.681172370910645,130800
2020-06-30,16.06999969482422,16.389999389648438,15.850000381469727,16.0,10.588523864746094,144900
2020-07-01,16.040000915527344,16.219999313354492,15.529999732971191,15.550000190734863,10.290719985961914,88900
2020-07-02,15.869999885559082,16.010000228881836,15.149999618530273,15.220000267028809,10.072331428527832,135600
2020-07-06,15.579999923706055,15.579999923706055,15.100000381469727,15.510000228881836,10.264249801635742,85400
2020-07-07,15.279999732971191,15.579999923706055,15.199999809265137,15.539999961853027,10.284103393554688,160800
2020-07-08,15.390000343322754,15.640000343322754,15.1899995803833,15.510000228881836,10.264249801635742,87000
2020-07-09,15.229999542236328,15.470000267028809,14.140000343322754,14.25,9.430402755737305,196100
2020-07-10,14.229999542236328,14.270000457763672,13.930000305175781,14.069999694824219,9.311283111572266,112800
2020-07-13,14.25,14.3100004196167,13.710000038146973,13.920000076293945,9.212014198303223,129400
2020-07-14,13.880000114440918,14.109999656677246,13.720000267028809,14.050000190734863,9.29804801940918,87600
2020-07-15,14.350000381469727,14.619999885559082,14.210000038146973,14.319999694824219,9.476726531982422,128500
2020-07-16,14.270000457763672,14.369999885559082,13.850000381469727,13.989999771118164,9.258339881896973,127600
2020-07-17,14.010000228881836,14.050000190734863,13.630000114440918,13.75,9.099512100219727,122600
2020-07-20,13.600000381469727,13.619999885559082,13.09000015258789,13.270000457763672,8.781856536865234,122200
2020-07-21,13.4399995803833,14.520000457763672,13.4399995803833,14.239999771118164,9.423787117004395,565200
2020-07-22,14.100000381469727,14.170000076293945,13.609999656677246,14.020000457763672,9.278192520141602,190600
2020-07-23,13.979999542236328,14.140000343322754,13.90999984741211,14.010000228881836,9.271576881408691,187900
2020-07-24,14.020000457763672,14.149999618530273,13.789999961853027,13.819999694824219,9.14583683013916,142400
2020-07-27,13.920000076293945,13.920000076293945,13.40999984741211,13.630000114440918,9.020097732543945,121600
2020-07-28,13.430000305175781,13.770000457763672,13.430000305175781,13.460000038146973,8.907594680786133,154900
2020-07-29,13.479999542236328,14.09000015258789,13.380000114440918,13.960000038146973,9.238486289978027,160600
2020-07-30,13.720000267028809,14.359999656677246,13.720000267028809,14.350000381469727,9.496581077575684,173800
2020-07-31,14.100000381469727,14.390000343322754,13.670000076293945,14.220000267028809,9.410552024841309,344400
2020-08-03,14.15999984741211,14.319999694824219,13.670000076293945,14.239999771118164,9.423787117004395,225900
2020-08-04,14.079999923706055,14.229999542236328,13.9399995803833,14.1899995803833,9.390697479248047,107100
2020-08-05,14.199999809265137,14.579999923706055,13.770000457763672,14.460000038146973,9.569377899169922,435700
2020-08-06,14.460000038146973,14.880000114440918,14.329999923706055,14.65999984741211,9.701735496520996,220100
2020-08-07,14.65999984741211,15.4399995803833,14.520000457763672,15.430000305175781,10.211307525634766,145000
2020-08-10,15.5,16.43000030517578,15.300000190734863,16.200000762939453,10.720880508422852,353900
2020-08-11,16.610000610351562,18.0,15.770000457763672,17.81999969482422,11.792966842651367,491900
2020-08-12,17.889999389648438,18.760000228881836,17.670000076293945,18.520000457763672,12.256216049194336,336300
2020-08-13,18.40999984741211,18.850000381469727,18.270000457763672,18.350000381469727,12.143712043762207,273600
2020-08-14,18.260000228881836,19.25,18.15999984741211,19.0,12.573870658874512,341000
2020-08-17,18.93000030517578,20.200000762939453,18.850000381469727,20.1299991607666,13.321683883666992,344400
2020-08-18,20.1299991607666,20.260000228881836,19.790000915527344,20.030000686645508,13.255508422851562,348700
2020-08-19,20.170000076293945,21.299999237060547,20.079999923706055,21.290000915527344,14.08935546875,301100
2020-08-20,21.040000915527344,22.25,21.040000915527344,22.209999084472656,14.69819450378418,309500
2020-08-21,22.100000381469727,22.760000228881836,21.84000015258789,22.219999313354492,14.838432312011719,1259300
2020-08-24,22.520000457763672,22.639999389648438,21.899999618530273,22.450000762939453,14.992023468017578,230200
2020-08-25,22.5,22.549999237060547,21.889999389648438,22.1200008392334,14.771652221679688,210300
2020-08-26,22.020000457763672,22.600000381469727,21.799999237060547,22.149999618530273,14.791683197021484,329300
2020-08-27,22.18000030517578,22.440000534057617,21.809999465942383,21.989999771118164,14.684839248657227,321500
2020-08-28,22.170000076293945,22.219999313354492,21.18000030517578,21.260000228881836,14.197346687316895,261800
2020-08-31,21.299999237060547,21.40999984741211,20.850000381469727,21.1200008392334,14.103856086730957,289200
2020-09-01,21.139999389648438,21.950000762939453,20.899999618530273,21.670000076293945,14.47114086151123,156600
2020-09-02,21.719999313354492,22.06999969482422,21.329999923706055,21.6200008392334,14.437755584716797,142300
2020-09-03,21.559999465942383,21.700000762939453,21.18000030517578,21.34000015258789,14.250770568847656,212000
2020-09-04,21.700000762939453,21.700000762939453,21.059999465942383,21.420000076293945,14.304197311401367,186300
2020-09-08,21.360000610351562,21.639999389648438,21.139999389648438,21.170000076293945,14.13724422454834,248400
2020-09-09,21.280000686645508,21.739999771118164,21.25,21.399999618530273,14.290841102600098,134200
2020-09-10,21.559999465942383,21.729999542236328,21.18000030517578,21.209999084472656,14.163956642150879,293600
2020-09-11,21.260000228881836,22.1200008392334,21.059999465942383,21.940000534057617,14.651448249816895,273200
2020-09-14,22.0,22.350000381469727,21.709999084472656,22.040000915527344,14.718228340148926,202700
2020-09-15,22.079999923706055,22.399999618530273,21.84000015258789,21.8799991607666,14.611381530761719,100100
2020-09-16,21.959999084472656,22.229999542236328,21.790000915527344,21.8799991607666,14.611381530761719,136100
2020-09-17,21.6200008392334,22.520000457763672,21.280000686645508,22.100000381469727,14.758292198181152,102400
2020-09-18,22.260000228881836,22.6299991607666,21.90999984741211,22.040000915527344,14.718228340148926,420500
2020-09-21,21.6299991607666,21.829999923706055,20.579999923706055,20.799999237060547,13.890158653259277,160000
2020-09-22,20.920000076293945,21.139999389648438,20.420000076293945,20.559999465942383,13.729888916015625,135900
2020-09-23,20.5,20.780000686645508,19.90999984741211,19.93000030517578,13.30917739868164,133200
2020-09-24,20.040000915527344,20.440000534057617,19.549999237060547,20.09000015258789,13.416027069091797,111000
2020-09-25,19.93000030517578,20.489999771118164,19.93000030517578,20.18000030517578,13.47612476348877,81600
2020-09-28,20.399999618530273,20.860000610351562,20.399999618530273,20.43000030517578,13.643075942993164,87100
2020-09-29,20.389999389648438,20.84000015258789,20.260000228881836,20.670000076293945,13.80334758758545,140100
2020-09-30,20.600000381469727,21.309999465942383,20.600000381469727,20.940000534057617,13.983654022216797,94900
2020-10-01,21.170000076293945,21.389999389648438,20.770000457763672,21.299999237060547,14.224056243896484,84200
2020-10-02,20.850000381469727,22.0,20.790000915527344,21.790000915527344,14.551279067993164,96400
2020-10-05,21.8799991607666,22.5,21.600000381469727,22.420000076293945,14.971989631652832,85700
2020-10-06,22.649999618530273,22.8700008392334,22.06999969482422,22.079999923706055,14.744939804077148,89300
2020-10-07,22.34000015258789,23.850000381469727,22.299999237060547,23.770000457763672,15.873513221740723,290000
2020-10-08,24.450000762939453,24.579999923706055,23.290000915527344,24.079999923706055,16.080533981323242,191600
2020-10-09,24.18000030517578,24.760000228881836,24.010000228881836,24.020000457763672,16.04046058654785,149100
2020-10-12,24.1299991607666,24.989999771118164,23.8700008392334,24.690000534057617,16.48788833618164,119700
2020-10-13,24.68000030517578,25.079999923706055,23.760000228881836,24.959999084472656,16.668190002441406,87100
2020-10-14,24.989999771118164,25.149999618530273,24.56999969482422,24.790000915527344,16.554668426513672,62500
2020-10-15,24.479999542236328,25.459999084472656,24.479999542236328,25.290000915527344,16.888566970825195,69800
2020-10-16,25.229999542236328,25.809999465942383,25.219999313354492,25.280000686645508,16.881887435913086,77000
2020-10-19,25.270000457763672,25.549999237060547,24.760000228881836,24.809999465942383,16.568021774291992,83500
2020-10-20,25.059999465942383,25.059999465942383,23.440000534057617,23.729999542236328,15.846802711486816,97000
2020-10-21,23.68000030517578,23.75,22.489999771118164,22.56999969482422,15.072158813476562,112500
2020-10-22,22.770000457763672,23.559999465942383,22.239999771118164,23.459999084472656,15.666500091552734,89500
2020-10-23,23.700000762939453,23.90999984741211,23.170000076293945,23.739999771118164,15.853479385375977,74800
2020-10-26,23.360000610351562,23.540000915527344,22.850000381469727,23.389999389648438,15.619749069213867,108400
2020-10-27,23.200000762939453,23.649999618530273,23.06999969482422,23.5,15.693208694458008,102600
2020-10-28,23.079999923706055,24.049999237060547,22.829999923706055,23.649999618530273,15.793375968933105,151700
2020-10-29,25.399999618530273,25.809999465942383,24.399999618530273,25.299999237060547,16.895240783691406,236300
2020-10-30,25.149999618530273,26.5,24.8700008392334,25.020000457763672,16.7082576751709,209900
2020-11-02,25.270000457763672,26.6200008392334,25.270000457763672,26.010000228881836,17.369375228881836,206400
2020-11-03,26.610000610351562,26.670000076293945,25.56999969482422,25.989999771118164,17.35602378845215,129300
2020-11-04,25.530000686645508,25.579999923706055,24.670000076293945,24.93000030517578,16.64815902709961,91600
2020-11-05,25.010000228881836,26.329999923706055,25.010000228881836,26.219999313354492,17.509611129760742,100500
2020-11-06,26.18000030517578,26.649999618530273,25.149999618530273,26.420000076293945,17.643171310424805,183800
2020-11-09,26.75,27.889999389648438,25.649999618530273,25.68000030517578,17.149005889892578,288300
2020-11-10,26.200000762939453,27.440000534057617,25.90999984741211,27.170000076293945,18.144023895263672,174800
2020-11-11,27.399999618530273,29.209999084472656,27.059999465942383,29.110000610351562,19.43954849243164,238800
2020-11-12,28.950000762939453,30.110000610351562,28.170000076293945,28.700000762939453,19.165748596191406,280900
2020-11-13,28.790000915527344,29.459999084472656,28.3799991607666,29.229999542236328,19.519678115844727,153900
2020-11-16,29.709999084472656,30.75,29.700000762939453,30.15999984741211,20.140731811523438,271100
2020-11-17,30.149999618530273,30.93000030517578,29.520000457763672,30.31999969482422,20.24757957458496,205000
2020-11-18,30.40999984741211,31.450000762939453,30.299999237060547,30.34000015258789,20.260934829711914,180700
2020-11-19,31.5,31.56999969482422,29.579999923706055,30.770000457763672,20.548086166381836,245700
2020-11-20,28.280000686645508,28.780000686645508,27.329999923706055,27.860000610351562,20.05147933959961,200500
2020-11-23,28.149999618530273,29.06999969482422,26.690000534057617,28.809999465942383,20.73521614074707,468900
2020-11-24,29.420000076293945,29.420000076293945,27.860000610351562,28.889999389648438,20.79279327392578,251700
2020-11-25,28.600000381469727,28.639999389648438,27.799999237060547,28.010000228881836,20.15943717956543,161300
2020-11-27,28.200000762939453,28.290000915527344,27.329999923706055,28.219999313354492,20.31058120727539,102700
2020-11-30,28.399999618530273,28.40999984741211,27.030000686645508,27.219999313354492,19.590858459472656,245400
2020-12-01,27.420000076293945,28.25,27.420000076293945,28.030000686645508,20.173831939697266,276000
2020-12-02,27.90999984741211,28.360000610351562,27.260000228881836,27.979999542236328,20.137842178344727,213100
2020-12-03,28.040000915527344,28.280000686645508,27.5,27.90999984741211,20.087467193603516,134600
2020-12-04,28.0,28.0,25.5,26.260000228881836,18.89992332458496,285600
2020-12-07,26.200000762939453,26.239999771118164,25.299999237060547,25.56999969482422,18.40331268310547,350800
2020-12-08,25.290000915527344,25.93000030517578,24.809999465942383,25.6200008392334,18.439300537109375,241500
2020-12-09,25.979999542236328,26.790000915527344,25.729999542236328,26.110000610351562,18.791967391967773,167700
2020-12-10,25.770000457763672,26.31999969482422,25.469999313354492,26.1200008392334,18.79916763305664,122400
2020-12-11,25.809999465942383,26.6200008392334,25.809999465942383,26.059999465942383,18.755979537963867,132400
2020-12-14,26.3700008392334,26.450000762939453,24.540000915527344,25.829999923706055,18.590438842773438,268600
2020-12-15,26.040000915527344,27.25,25.899999618530273,27.200000762939453,19.576459884643555,169200
2020-12-16,27.209999084472656,28.139999389648438,27.079999923706055,27.739999771118164,19.965110778808594,202600
2020-12-17,28.040000915527344,29.860000610351562,27.510000228881836,29.719999313354492,21.390159606933594,346900
2020-12-18,29.729999542236328,29.760000228881836,28.639999389648438,29.170000076293945,20.994314193725586,786500
2020-12-21,28.75,29.059999465942383,28.329999923706055,28.760000228881836,20.699230194091797,201400
2020-12-22,28.809999465942383,28.979999542236328,27.209999084472656,27.899999618530273,20.080265045166016,297800
2020-12-23,28.010000228881836,28.459999084472656,27.59000015258789,28.280000686645508,20.35376739501953,111400
2020-12-24,28.329999923706055,28.479999542236328,27.780000686645508,28.3700008392334,20.418537139892578,63400
2020-12-28,28.799999237060547,29.8799991607666,28.25,29.579999923706055,21.28940200805664,473500
2020-12-29,29.780000686645508,30.25,27.0,28.15999984741211,20.267393112182617,350000
2020-12-30,28.229999542236328,28.6200008392334,27.34000015258789,27.81999969482422,20.02269172668457,138300
2020-12-31,27.809999465942383,28.200000762939453,27.65999984741211,27.670000076293945,19.91472816467285,122600
2021-01-04,27.920000076293945,28.600000381469727,27.3700008392334,27.940000534057617,20.109060287475586,195300
2021-01-05,27.950000762939453,28.420000076293945,27.170000076293945,28.239999771118164,20.324974060058594,170900
2021-01-06,28.420000076293945,30.469999313354492,28.420000076293945,29.90999984741211,21.52690887451172,201400
2021-01-07,30.110000610351562,30.290000915527344,29.43000030517578,30.040000915527344,21.6204776763916,136400
2021-01-08,30.200000762939453,32.810001373291016,29.790000915527344,30.81999969482422,22.181856155395508,459500
2021-01-11,30.489999771118164,31.18000030517578,30.010000228881836,31.170000076293945,22.43376350402832,171600
2021-01-12,31.299999237060547,32.099998474121094,31.299999237060547,31.860000610351562,22.930370330810547,172000
2021-01-13,32.0,32.52000045776367,31.09000015258789,32.310001373291016,23.254247665405273,191500
2021-01-14,32.5,34.13999938964844,32.5,33.86000061035156,24.36981201171875,341200
2021-01-15,33.16999816894531,33.7599983215332,32.13999938964844,33.13999938964844,23.85161781311035,196300
2021-01-19,33.56999969482422,33.56999969482422,31.399999618530273,31.639999389648438,22.77202796936035,162200
2021-01-20,31.59000015258789,32.529998779296875,31.59000015258789,32.130001068115234,23.124696731567383,127200
2021-01-21,32.380001068115234,33.310001373291016,31.84000015258789,32.75,23.5709228515625,166400
2021-01-22,32.5099983215332,33.59000015258789,32.279998779296875,33.58000183105469,24.168298721313477,103300
2021-01-25,33.7599983215332,35.95000076293945,33.630001068115234,33.79999923706055,24.32663345336914,140000
2021-01-26,34.13999938964844,34.459999084472656,33.0,33.880001068115234,24.38420867919922,108000
2021-01-27,33.25,35.20000076293945,33.099998474121094,34.2599983215332,24.657705307006836,164100
2021-01-28,34.040000915527344,34.540000915527344,31.770000457763672,32.380001068115234,23.30462074279785,149000
2021-01-29,32.88999938964844,33.27000045776367,32.099998474121094,32.689998626708984,23.52773666381836,210200
2021-02-01,32.65999984741211,32.65999984741211,30.15999984741211,30.8700008392334,22.21784782409668,166600
2021-02-02,31.1299991607666,32.27000045776367,30.270000457763672,31.56999969482422,22.72164535522461,126300
2021-02-03,31.8700008392334,32.13999938964844,30.950000762939453,31.959999084472656,23.002344131469727,65900
2021-02-04,32.150001525878906,34.290000915527344,31.809999465942383,34.16999816894531,24.592927932739258,347200
2021-02-05,34.5099983215332,34.88999938964844,32.869998931884766,33.29999923706055,23.966772079467773,136600
2021-02-08,33.599998474121094,34.43000030517578,33.279998779296875,34.34000015258789,24.71528434753418,107500
2021-02-09,34.349998474121094,35.900001525878906,33.869998931884766,34.720001220703125,24.988784790039062,213500
2021-02-10,34.880001068115234,34.939998626708984,33.13999938964844,34.040000915527344,24.49936294555664,139400
2021-02-11,34.27000045776367,35.560001373291016,34.189998626708984,34.7599983215332,25.017560958862305,122200
2021-02-12,34.75,35.540000915527344,34.599998474121094,35.18000030517578,25.319849014282227,73500
2021-02-16,35.279998779296875,35.7400016784668,33.95000076293945,34.45000076293945,24.794452667236328,152000
2021-02-17,34.04999923706055,34.09000015258789,32.59000015258789,33.22999954223633,23.916393280029297,185600
2021-02-18,34.900001525878906,35.54999923706055,33.290000915527344,34.779998779296875,25.03196144104004,199600
2021-02-19,35.099998474121094,35.68000030517578,34.220001220703125,35.08000183105469,25.247880935668945,137200
2021-02-22,34.83000183105469,38.560001373291016,34.560001373291016,36.41999816894531,26.212305068969727,468200
2021-02-23,36.72999954223633,36.72999954223633,33.150001525878906,34.81999969482422,25.06075096130371,282600
2021-02-24,35.310001373291016,36.81999969482422,35.02000045776367,36.0,25.910022735595703,178200
2021-02-25,36.5,37.91999816894531,35.20000076293945,35.220001220703125,25.34864044189453,211300
2021-02-26,35.439998626708984,36.619998931884766,35.25,36.16999816894531,26.03236961364746,257200
2021-03-01,36.75,38.04999923706055,35.52000045776367,36.31999969482422,26.140335083007812,239400
2021-03-02,37.22999954223633,38.939998626708984,36.400001525878906,37.400001525878906,26.917640686035156,367200
2021-03-03,38.310001373291016,38.40999984741211,36.06999969482422,36.459999084472656,26.24109649658203,183300
2021-03-04,36.79999923706055,37.0,34.58000183105469,35.4900016784668,25.542964935302734,255600
2021-03-05,35.5,35.939998626708984,33.599998474121094,35.88999938964844,25.830848693847656,236400
2021-03-08,36.380001068115234,37.40999984741211,36.2400016784668,36.959999084472656,26.6009578704834,380100
2021-03-09,37.209999084472656,37.79999923706055,35.11000061035156,35.22999954223633,25.3558349609375,231800
2021-03-10,35.22999954223633,37.16999816894531,35.22999954223633,36.939998626708984,26.586557388305664,205500
2021-03-11,37.0,37.2400016784668,36.22999954223633,36.369998931884766,26.33315086364746,177700
2021-03-12,36.41999816894531,37.189998626708984,36.25,36.70000076293945,26.572086334228516,158400
2021-03-15,37.31999969482422,38.25,36.650001525878906,37.9900016784668,27.506086349487305,227200
2021-03-16,38.0,38.20000076293945,37.369998931884766,37.619998931884766,27.238195419311523,167800
2021-03-17,37.29999923706055,38.41999816894531,37.0,37.9900016784668,27.506086349487305,171000
2021-03-18,37.9900016784668,40.380001068115234,37.9900016784668,38.95000076293945,28.201154708862305,262200
2021-03-19,39.09000015258789,39.95000076293945,38.33000183105469,39.40999984741211,28.534215927124023,547400
2021-03-22,39.9900016784668,40.41999816894531,37.869998931884766,38.70000076293945,28.020158767700195,249800
2021-03-23,38.29999923706055,38.54999923706055,36.97999954223633,37.369998931884766,27.057180404663086,193400
2021-03-24,37.5099983215332,37.95000076293945,35.79999923706055,36.0099983215332,26.072494506835938,184600
2021-03-25,35.279998779296875,36.56999969482422,34.650001525878906,36.34000015258789,26.311429977416992,199000
2021-03-26,36.63999938964844,37.369998931884766,35.70000076293945,36.38999938964844,26.347627639770508,193000
2021-03-29,36.95000076293945,37.65999984741211,35.529998779296875,35.689998626708984,25.84080696105957,161600
2021-03-30,35.560001373291016,37.65999984741211,35.560001373291016,37.63999938964844,27.2526798248291,237700
2021-03-31,38.2599983215332,38.2599983215332,36.779998779296875,37.189998626708984,26.926855087280273,268000
2021-04-01,37.18000030517578,38.18000030517578,37.18000030517578,37.900001525878906,27.4409236907959,123000
2021-04-05,38.08000183105469,38.63999938964844,37.470001220703125,38.27000045776367,27.708818435668945,151200
2021-04-06,38.20000076293945,39.18000030517578,37.97999954223633,38.66999816894531,27.998428344726562,245700
2021-04-07,38.72999954223633,39.29999923706055,38.400001525878906,39.040000915527344,28.266321182250977,132800
2021-04-08,39.15999984741211,39.58000183105469,38.310001373291016,39.58000183105469,28.657304763793945,125000
2021-04-09,39.880001068115234,40.560001373291016,39.54999923706055,39.75,28.780385971069336,152900
2021-04-12,39.75,39.95000076293945,38.75,39.599998474121094,28.671785354614258,128000
2021-04-13,39.63999938964844,39.63999938964844,38.31999969482422,39.18000030517578,28.367692947387695,141900
2021-04-14,39.119998931884766,40.09000015258789,39.119998931884766,39.560001373291016,28.642820358276367,120500
2021-04-15,39.7400016784668,40.47999954223633,39.2599983215332,40.45000076293945,29.287214279174805,102100
2021-04-16,40.939998626708984,41.11000061035156,40.380001068115234,40.959999084472656,29.65647315979004,114000
2021-04-19,41.0,41.09000015258789,39.099998474121094,39.97999954223633,28.946916580200195,165600
2021-04-20,39.790000915527344,39.880001068115234,38.380001068115234,38.93000030517578,28.186676025390625,176100
2021-04-21,38.88999938964844,40.90999984741211,38.88999938964844,39.810001373291016,28.823833465576172,131800
2021-04-22,39.81999969482422,40.279998779296875,39.29999923706055,39.810001373291016,28.823833465576172,127100
2021-04-23,39.900001525878906,40.439998626708984,39.43000030517578,39.95000076293945,28.925195693969727,119300
2021-04-26,40.25,41.119998931884766,40.040000915527344,41.09000015258789,29.750591278076172,171600
2021-04-27,40.900001525878906,41.59000015258789,40.869998931884766,41.0,29.68543243408203,176900
2021-04-28,42.81999969482422,47.459999084472656,41.470001220703125,46.52000045776367,33.68210983276367,419900
2021-04-29,47.34000015258789,48.90999984741211,47.11000061035156,48.130001068115234,34.847801208496094,267500
2021-04-30,48.0,48.0,45.84000015258789,46.470001220703125,33.645904541015625,262800
2021-05-03,46.56999969482422,48.36000061035156,45.84000015258789,47.90999984741211,34.688514709472656,269200
2021-05-04,47.540000915527344,47.689998626708984,45.2599983215332,46.70000076293945,33.81243133544922,232900
2021-05-05,46.9900016784668,46.9900016784668,45.56999969482422,46.150001525878906,33.414215087890625,144500
2021-05-06,46.34000015258789,46.810001373291016,44.540000915527344,46.0099983215332,33.31284713745117,235700
2021-05-07,46.0,46.81999969482422,45.65999984741211,46.630001068115234,33.76174545288086,216400
2021-05-10,46.65999984741211,48.63999938964844,46.54999923706055,46.630001068115234,33.76174545288086,326400
2021-05-11,45.790000915527344,46.45000076293945,43.63999938964844,44.81999969482422,32.45124816894531,208600
2021-05-12,44.560001373291016,45.0,41.810001373291016,42.060001373291016,30.452919006347656,213900
2021-05-13,42.060001373291016,44.09000015258789,42.04999923706055,43.290000915527344,31.343473434448242,144800
2021-05-14,43.619998931884766,45.310001373291016,43.52000045776367,44.91999816894531,32.52363967895508,139800
2021-05-17,45.029998779296875,46.61000061035156,44.61000061035156,46.54999923706055,33.70381546020508,145800
2021-05-18,47.099998474121094,47.540000915527344,45.439998626708984,45.5,32.9435920715332,156600
2021-05-19,44.93000030517578,44.93000030517578,43.36000061035156,44.58000183105469,32.27747344970703,164100
2021-05-20,44.41999816894531,44.41999816894531,43.099998474121094,44.029998779296875,31.879253387451172,99500
2021-05-21,44.380001068115234,44.779998779296875,43.349998474121094,43.9900016784668,31.85030174255371,124700
2021-05-24,43.9900016784668,44.31999969482422,43.38999938964844,43.959999084472656,31.828571319580078,136800
2021-05-25,43.810001373291016,44.33000183105469,43.119998931884766,43.20000076293945,31.27830696105957,151200
2021-05-26,44.84000015258789,46.970001220703125,44.04999923706055,46.7599983215332,33.85586929321289,307800
2021-05-27,47.5099983215332,47.79999923706055,45.83000183105469,46.459999084472656,33.63865661621094,223800
2021-05-28,46.790000915527344,46.790000915527344,45.02000045776367,45.939998626708984,33.44211196899414,146400
2021-06-01,45.9900016784668,47.4900016784668,45.91999816894531,46.939998626708984,34.17006301879883,224300
2021-06-02,47.40999984741211,47.40999984741211,45.86000061035156,46.970001220703125,34.19190979003906,154300
2021-06-03,46.810001373291016,47.86000061035156,45.849998474121094,47.06999969482422,34.26469421386719,186600
2021-06-04,47.5,48.529998779296875,46.2400016784668,48.09000015258789,35.00720977783203,179500
2021-06-07,48.84000015258789,52.84000015258789,48.599998474121094,51.880001068115234,37.76614761352539,377400
2021-06-08,52.08000183105469,52.459999084472656,50.7599983215332,51.7400016784668,37.66423797607422,183700
2021-06-09,51.40999984741211,51.47999954223633,49.349998474121094,49.709999084472656,36.18648910522461,191900
2021-06-10,48.77000045776367,50.31999969482422,48.599998474121094,49.08000183105469,35.727882385253906,131900
2021-06-11,49.29999923706055,50.65999984741211,49.16999816894531,50.61000061035156,36.84164810180664,147300
2021-06-14,50.939998626708984,51.58000183105469,48.18000030517578,48.2599983215332,35.130958557128906,293100
2021-06-15,48.02000045776367,48.02000045776367,45.52000045776367,46.459999084472656,33.820648193359375,276200
2021-06-16,46.16999816894531,46.470001220703125,44.189998626708984,44.619998931884766,32.48122024536133,226600
2021-06-17,44.47999954223633,44.68000030517578,41.7599983215332,42.15999984741211,30.69045066833496,216500
2021-06-18,41.40999984741211,41.72999954223633,38.86000061035156,39.040000915527344,28.41924285888672,486000
2021-06-21,39.33000183105469,42.02000045776367,39.20000076293945,41.279998779296875,30.049856185913086,536000
2021-06-22,41.04999923706055,41.22999954223633,39.56999969482422,40.56999969482422,29.533023834228516,202900
2021-06-23,40.939998626708984,41.33000183105469,40.15999984741211,40.7400016784668,29.656766891479492,191000
2021-06-24,41.06999969482422,41.15999984741211,40.040000915527344,40.75,29.66404151916504,134900
2021-06-25,41.060001373291016,42.119998931884766,40.06999969482422,40.22999954223633,29.285507202148438,577900
2021-06-28,42.04999923706055,43.33000183105469,41.189998626708984,43.040000915527344,31.3310604095459,424600
2021-06-29,43.209999084472656,43.90999984741211,42.29999923706055,42.43000030517578,30.88700294494629,226200
2021-06-30,42.59000015258789,43.7400016784668,42.5,42.7599983215332,31.12723159790039,156600
2021-07-01,43.11000061035156,43.66999816894531,42.619998931884766,43.369998931884766,31.57127571105957,172200
2021-07-02,43.779998779296875,43.849998474121094,41.7400016784668,42.27000045776367,30.770536422729492,138100
2021-07-06,42.279998779296875,42.310001373291016,40.630001068115234,41.4900016784668,30.202733993530273,212400
2021-07-07,41.189998626708984,42.33000183105469,41.189998626708984,41.63999938964844,30.311922073364258,176700
2021-07-08,41.119998931884766,41.90999984741211,39.79999923706055,40.709999084472656,29.634925842285156,179100
2021-07-09,41.599998474121094,42.619998931884766,41.599998474121094,42.22999954223633,30.741411209106445,100400
2021-07-12,41.91999816894531,42.470001220703125,41.369998931884766,42.2400016784668,30.748689651489258,126500
2021-07-13,41.75,42.439998626708984,41.61000061035156,42.25,30.7559814453125,181600
2021-07-14,42.56999969482422,42.86000061035156,41.099998474121094,41.16999816894531,29.96978187561035,175000
2021-07-15,41.0,41.91999816894531,40.599998474121094,41.220001220703125,30.006179809570312,100800
2021-07-16,41.61000061035156,41.880001068115234,39.709999084472656,39.86000061035156,29.01616859436035,117100
2021-07-19,39.0,39.900001525878906,38.290000915527344,38.790000915527344,28.237262725830078,152600
2021-07-20,38.9900016784668,39.9900016784668,38.9900016784668,39.18000030517578,28.521163940429688,216400
2021-07-21,39.47999954223633,40.540000915527344,39.130001068115234,39.75,28.936092376708984,186600
2021-07-22,39.47999954223633,39.5,37.52000045776367,37.81999969482422,27.531152725219727,216100
2021-07-23,38.16999816894531,39.369998931884766,37.900001525878906,38.33000183105469,27.90240478515625,128400
2021-07-26,38.9900016784668,39.369998931884766,37.939998626708984,38.38999938964844,27.94607925415039,152800
2021-07-27,38.0,38.5,37.5,38.2400016784668,27.83688735961914,191300
2021-07-28,38.5,39.0,35.56999969482422,36.40999984741211,26.504732131958008,402200
2021-07-29,37.0099983215332,37.97999954223633,36.86000061035156,37.13999938964844,27.0361328125,231900
2021-07-30,36.560001373291016,37.31999969482422,35.619998931884766,35.9900016784668,26.198999404907227,415400
2021-08-02,36.20000076293945,37.790000915527344,36.09000015258789,36.5,26.57024574279785,334700
2021-08-03,36.2400016784668,37.34000015258789,36.11000061035156,36.619998931884766,26.65760612487793,368200
2021-08-04,36.220001220703125,37.0,35.689998626708984,35.90999984741211,26.140758514404297,225900
2021-08-05,36.29999923706055,37.58000183105469,36.02000045776367,36.79999923706055,26.788631439208984,271000
2021-08-06,37.150001525878906,37.40999984741211,36.130001068115234,36.5,26.57024574279785,167600
2021-08-09,37.56999969482422,38.209999084472656,36.36000061035156,37.5099983215332,27.30548095703125,270000
2021-08-10,37.16999816894531,38.880001068115234,36.939998626708984,38.790000915527344,28.237262725830078,205900
2021-08-11,38.619998931884766,38.900001525878906,37.83000183105469,38.2599983215332,27.8514461517334,328400
2021-08-12,38.310001373291016,38.91999816894531,37.900001525878906,38.630001068115234,28.120784759521484,150800
2021-08-13,38.61000061035156,38.70000076293945,37.54999923706055,37.61000061035156,27.37827491760254,171500
2021-08-16,37.15999984741211,38.16999816894531,36.689998626708984,37.66999816894531,27.421953201293945,164700
2021-08-17,36.90999984741211,36.90999984741211,35.099998474121094,35.43000030517578,25.79134178161621,269200
2021-08-18,35.279998779296875,36.599998474121094,35.119998931884766,35.4900016784668,25.835018157958984,205900
2021-08-19,35.0,36.099998474121094,34.93000030517578,35.900001525878906,26.133481979370117,232600
2021-08-20,35.779998779296875,36.15999984741211,34.90999984741211,35.220001220703125,25.81826400756836,189100
2021-08-23,35.43000030517578,35.7599983215332,34.900001525878906,35.40999984741211,25.95754623413086,165400
2021-08-24,35.58000183105469,36.189998626708984,35.45000076293945,35.83000183105469,26.26542854309082,108200
2021-08-25,35.900001525878906,36.560001373291016,35.849998474121094,36.209999084472656,26.543989181518555,142900
2021-08-26,36.209999084472656,36.29999923706055,35.20000076293945,36.06999969482422,26.44136619567871,205500
2021-08-27,36.13999938964844,36.939998626708984,36.13999938964844,36.91999816894531,27.064456939697266,191200
2021-08-30,36.95000076293945,37.060001373291016,35.599998474121094,35.9900016784668,26.382722854614258,231500
2021-08-31,36.029998779296875,36.20000076293945,35.209999084472656,35.630001068115234,26.118816375732422,324000
2021-09-01,35.97999954223633,36.439998626708984,35.380001068115234,36.29999923706055,26.609962463378906,170900
2021-09-02,36.40999984741211,36.68000030517578,36.040000915527344,36.119998931884766,26.47801399230957,177500
2021-09-03,35.959999084472656,36.36000061035156,35.529998779296875,36.099998474121094,26.46335792541504,115900
2021-09-07,36.16999816894531,37.439998626708984,36.02000045776367,36.099998474121094,26.46335792541504,196600
2021-09-08,35.68000030517578,36.029998779296875,35.349998474121094,35.900001525878906,26.31674575805664,168900
2021-09-09,35.95000076293945,36.310001373291016,35.2599983215332,35.869998931884766,26.29474639892578,161200
2021-09-10,35.88999938964844,36.2400016784668,35.04999923706055,35.130001068115234,25.752290725708008,188500
2021-09-13,35.5,35.58000183105469,33.599998474121094,33.83000183105469,24.7993106842041,295100
2021-09-14,33.81999969482422,34.209999084472656,33.29999923706055,33.7599983215332,24.748001098632812,279000
2021-09-15,33.279998779296875,34.43000030517578,33.15999984741211,34.220001220703125,25.085206985473633,165600
2021-09-16,33.97999954223633,34.41999816894531,33.61000061035156,33.81999969482422,24.79198455810547,178800
2021-09-17,33.97999954223633,34.349998474121094,33.45000076293945,34.310001373291016,25.15117835998535,693900
2021-09-20,33.66999816894531,34.68000030517578,33.66999816894531,34.630001068115234,25.385761260986328,148600
2021-09-21,35.08000183105469,35.29999923706055,33.689998626708984,33.86000061035156,24.821304321289062,190200
2021-09-22,34.0099983215332,34.83000183105469,33.77000045776367,34.54999923706055,25.32711410522461,212500
2021-09-23,34.86000061035156,36.810001373291016,34.86000061035156,35.900001525878906,26.31674575805664,234300
2021-09-24,35.560001373291016,36.04999923706055,35.04999923706055,35.83000183105469,26.26542854309082,131700
2021-09-27,35.709999084472656,37.400001525878906,35.709999084472656,36.25,26.573312759399414,168000
2021-09-28,36.0099983215332,37.189998626708984,35.790000915527344,36.119998931884766,26.47801399230957,216500
2021-09-29,36.150001525878906,36.40999984741211,35.70000076293945,36.0,26.390047073364258,98200
2021-09-30,35.75,35.75,33.70000076293945,33.709999084472656,24.711347579956055,179200
2021-10-01,33.779998779296875,33.97999954223633,32.5,33.2599983215332,24.381471633911133,271000
2021-10-04,33.439998626708984,34.0,33.15999984741211,33.689998626708984,24.696685791015625,182700
2021-10-05,33.54999923706055,34.66999816894531,33.5099983215332,34.06999969482422,24.97524642944336,129700
2021-10-06,33.880001068115234,34.4900016784668,33.70000076293945,34.029998779296875,24.945924758911133,117700
2021-10-07,34.29999923706055,35.189998626708984,34.29999923706055,34.84000015258789,25.539697647094727,117500
2021-10-08,34.79999923706055,35.040000915527344,34.470001220703125,34.709999084472656,25.44440460205078,112400
2021-10-11,34.709999084472656,35.0,33.97999954223633,34.029998779296875,24.945924758911133,101100
2021-10-12,34.220001220703125,34.93000030517578,33.689998626708984,33.77000045776367,24.75533103942871,180300
2021-10-13,33.77000045776367,33.77000045776367,31.8700008392334,32.310001373291016,23.685068130493164,296500
2021-10-14,32.5,33.380001068115234,32.36000061035156,33.22999954223633,24.359481811523438,200100
2021-10-15,33.95000076293945,33.95000076293945,32.88999938964844,32.900001525878906,24.117572784423828,157100
2021-10-18,32.72999954223633,33.349998474121094,32.45000076293945,33.22999954223633,24.359481811523438,197400
2021-10-19,33.40999984741211,34.349998474121094,33.09000015258789,33.970001220703125,24.901947021484375,233000
2021-10-20,33.91999816894531,34.09000015258789,33.59000015258789,33.650001525878906,24.667362213134766,68400
2021-10-21,33.599998474121094,34.2599983215332,33.5099983215332,33.70000076293945,24.704017639160156,105200
2021-10-22,33.54999923706055,33.54999923706055,32.86000061035156,33.400001525878906,24.484098434448242,112900
2021-10-25,33.279998779296875,33.95000076293945,33.18000030517578,33.88999938964844,24.843294143676758,132600
2021-10-26,33.93000030517578,34.25,32.66999816894531,32.68000030517578,23.956298828125,110700
2021-10-27,32.599998474121094,32.61000061035156,31.65999984741211,31.760000228881836,23.281890869140625,126800
2021-10-28,32.02000045776367,33.150001525878906,31.899999618530273,32.22999954223633,23.626420974731445,192500
2021-10-29,29.690000534057617,30.149999618530273,27.06999969482422,28.700000762939453,21.038732528686523,688100
2021-11-01,28.709999084472656,31.0,28.709999084472656,30.469999313354492,22.336246490478516,345300
2021-11-02,30.350000381469727,30.690000534057617,29.68000030517578,30.350000381469727,22.248275756835938,257800
2021-11-03,30.450000762939453,32.06999969482422,30.299999237060547,31.540000915527344,23.12061309814453,231500
2021-11-04,31.84000015258789,31.850000381469727,30.950000762939453,31.149999618530273,22.834720611572266,281100
2021-11-05,31.530000686645508,32.650001525878906,31.450000762939453,32.31999969482422,23.692398071289062,208000
2021-11-08,32.43000030517578,34.880001068115234,32.43000030517578,34.79999923706055,25.510379791259766,379900
2021-11-09,34.630001068115234,35.310001373291016,34.52000045776367,35.220001220703125,25.81826400756836,281000
2021-11-10,35.220001220703125,35.77000045776367,34.66999816894531,34.9900016784668,25.649660110473633,367600
2021-11-11,35.0099983215332,35.91999816894531,35.0099983215332,35.709999084472656,26.177461624145508,190300
2021-11-12,35.900001525878906,35.900001525878906,34.040000915527344,34.130001068115234,25.019229888916016,264800
2021-11-15,34.34000015258789,34.779998779296875,33.529998779296875,33.97999954223633,24.909273147583008,449600
2021-11-16,33.959999084472656,34.70000076293945,33.7599983215332,33.91999816894531,24.865285873413086,241800
2021-11-17,34.13999938964844,34.13999938964844,32.709999084472656,33.380001068115234,24.469436645507812,276100
2021-11-18,33.56999969482422,34.369998931884766,32.84000015258789,33.939998626708984,24.879947662353516,315400
2021-11-19,31.149999618530273,32.099998474121094,31.079999923706055,31.3799991607666,24.636566162109375,277100
2021-11-22,31.5,32.65999984741211,31.3799991607666,32.290000915527344,25.351016998291016,215100
2021-11-23,32.189998626708984,32.349998474121094,31.6200008392334,32.189998626708984,25.272499084472656,220400
2021-11-24,31.739999771118164,32.720001220703125,31.479999542236328,32.209999084472656,25.2882022857666,214200
2021-11-26,31.0,31.489999771118164,30.5,31.229999542236328,24.518802642822266,162600
2021-11-29,31.829999923706055,32.040000915527344,30.59000015258789,30.600000381469727,24.024187088012695,205700
2021-11-30,30.229999542236328,30.770000457763672,29.729999542236328,29.90999984741211,23.482465744018555,337200
2021-12-01,30.829999923706055,31.079999923706055,29.399999618530273,29.440000534057617,23.11346435546875,243800
2021-12-02,29.780000686645508,30.84000015258789,29.780000686645508,30.5,23.945674896240234,223500
2021-12-03,30.540000915527344,30.59000015258789,29.84000015258789,30.020000457763672,23.568828582763672,292000
2021-12-06,30.559999465942383,31.170000076293945,29.899999618530273,30.43000030517578,23.890722274780273,270500
2021-12-07,30.829999923706055,31.25,30.209999084472656,30.450000762939453,23.90641975402832,231800
2021-12-08,30.6299991607666,31.56999969482422,30.229999542236328,31.34000015258789,24.60516357421875,199600
2021-12-09,31.059999465942383,31.799999237060547,30.90999984741211,31.1200008392334,24.432445526123047,199500
2021-12-10,31.34000015258789,31.65999984741211,31.09000015258789,31.3700008392334,24.628721237182617,167700
2021-12-13,31.049999237060547,31.600000381469727,30.829999923706055,31.299999237060547,24.573760986328125,241600
2021-12-14,31.139999389648438,32.41999816894531,31.040000915527344,31.190000534057617,24.487398147583008,334900
2021-12-15,31.0,32.470001220703125,29.979999542236328,32.16999816894531,25.256799697875977,262000
2021-12-16,32.16999816894531,32.400001525878906,31.530000686645508,32.099998474121094,25.20184326171875,385000
2021-12-17,32.040000915527344,32.91999816894531,31.65999984741211,32.099998474121094,25.20184326171875,763500
2021-12-20,31.5,31.5,29.100000381469727,29.8700008392334,23.451061248779297,259100
2021-12-21,30.040000915527344,30.860000610351562,30.040000915527344,30.719999313354492,24.11839485168457,195500
2021-12-22,30.670000076293945,31.309999465942383,30.510000228881836,30.84000015258789,24.212610244750977,159900
2021-12-23,31.170000076293945,31.290000915527344,30.450000762939453,30.510000228881836,23.953533172607422,121500
2021-12-27,30.420000076293945,30.700000762939453,29.799999237060547,30.649999618530273,24.063446044921875,226600
2021-12-28,30.770000457763672,31.34000015258789,30.649999618530273,31.1299991607666,24.440292358398438,186200
2021-12-29,31.350000381469727,31.610000610351562,30.979999542236328,31.100000381469727,24.4167423248291,201000
2021-12-30,31.0,31.360000610351562,30.84000015258789,30.940000534057617,24.291120529174805,168900
2021-12-31,30.90999984741211,30.90999984741211,30.3799991607666,30.56999969482422,24.00063133239746,148000
2022-01-03,30.709999084472656,31.40999984741211,30.440000534057617,30.649999618530273,24.063446044921875,257100
2022-01-04,30.780000686645508,31.350000381469727,30.770000457763672,30.969999313354492,24.31467628479004,326100
2022-01-05,31.190000534057617,31.56999969482422,30.15999984741211,30.239999771118164,23.74155044555664,186800
2022-01-06,30.549999237060547,30.790000915527344,30.079999923706055,30.3700008392334,23.843610763549805,219600
2022-01-07,30.3700008392334,30.799999237060547,30.079999923706055,30.239999771118164,23.74155044555664,207900
2022-01-10,30.31999969482422,30.399999618530273,29.850000381469727,30.299999237060547,23.788652420043945,199700
2022-01-11,30.459999084472656,30.8700008392334,29.989999771118164,30.5,23.945674896240234,162600
2022-01-12,30.6200008392334,30.850000381469727,30.0,30.110000610351562,23.639488220214844,180600
2022-01-13,30.170000076293945,31.100000381469727,30.170000076293945,30.610000610351562,24.032039642333984,110700
2022-01-14,30.559999465942383,30.84000015258789,29.989999771118164,30.309999465942383,23.7965030670166,109400
2022-01-18,30.06999969482422,30.309999465942383,29.799999237060547,29.989999771118164,23.54527473449707,197200
2022-01-19,30.0,30.239999771118164,29.450000762939453,29.649999618530273,23.278335571289062,200900
2022-01-20,29.850000381469727,29.940000534057617,28.40999984741211,28.489999771118164,22.36761474609375,201500
2022-01-21,28.31999969482422,28.8799991607666,27.6299991607666,28.139999389648438,22.092830657958984,174500
2022-01-24,27.639999389648438,29.860000610351562,27.489999771118164,29.770000457763672,23.37255096435547,228100
2022-01-25,29.5,29.93000030517578,28.81999969482422,29.540000915527344,23.191974639892578,219900
2022-01-26,29.8799991607666,30.0,28.540000915527344,28.860000610351562,22.658103942871094,262500
2022-01-27,29.0,29.469999313354492,28.170000076293945,28.329999923706055,22.242002487182617,156500
2022-01-28,28.5,28.809999465942383,27.65999984741211,28.760000228881836,22.57959747314453,151200
2022-01-31,28.809999465942383,29.829999923706055,28.489999771118164,29.520000457763672,23.1762752532959,394600
2022-02-01,29.530000686645508,29.940000534057617,29.1299991607666,29.8799991607666,23.458911895751953,177000
2022-02-02,29.989999771118164,30.010000228881836,29.020000457763672,29.280000686645508,22.98784828186035,218600
2022-02-03,29.030000686645508,29.559999465942383,28.59000015258789,29.219999313354492,22.940744400024414,198200
2022-02-04,29.100000381469727,29.530000686645508,27.799999237060547,28.489999771118164,22.36761474609375,181500
2022-02-07,28.540000915527344,29.0,28.389999389648438,28.450000762939453,22.336212158203125,79200
2022-02-08,28.3700008392334,29.56999969482422,28.260000228881836,29.5,23.16057014465332,132600
2022-02-09,29.469999313354492,29.75,29.1299991607666,29.56999969482422,23.215532302856445,210500
2022-02-10,29.049999237060547,29.700000762939453,28.799999237060547,29.040000915527344,22.799423217773438,219200
2022-02-11,29.200000762939453,29.700000762939453,28.790000915527344,29.079999923706055,22.830829620361328,194900
2022-02-14,29.149999618530273,29.31999969482422,28.579999923706055,28.780000686645508,22.595294952392578,240700
2022-02-15,29.110000610351562,29.489999771118164,29.040000915527344,29.3700008392334,23.058507919311523,149800
2022-02-16,31.0,31.0,27.969999313354492,28.020000457763672,21.99862289428711,369500
2022-02-17,27.989999771118164,27.989999771118164,26.510000228881836,27.0,21.19781494140625,278800
2022-02-18,27.059999465942383,27.969999313354492,26.899999618530273,27.579999923706055,21.653175354003906,395200
2022-02-22,27.3700008392334,27.90999984741211,26.6200008392334,26.780000686645508,21.02509117126465,376400
2022-02-23,26.75,27.3799991607666,26.360000610351562,27.110000610351562,21.28417205810547,397700
2022-02-24,26.510000228881836,27.670000076293945,26.43000030517578,27.420000076293945,21.527555465698242,368600
2022-02-25,27.350000381469727,28.049999237060547,26.850000381469727,27.760000228881836,21.79448890686035,184800
2022-02-28,27.31999969482422,29.09000015258789,27.31999969482422,28.40999984741211,22.304807662963867,358000
2022-03-01,28.43000030517578,28.8700008392334,28.020000457763672,28.600000381469727,22.4539737701416,248200
2022-03-02,28.68000030517578,29.75,28.68000030517578,29.399999618530273,23.082061767578125,215500
2022-03-03,29.68000030517578,30.360000610351562,29.309999465942383,30.190000534057617,23.702293395996094,154700
2022-03-04,29.780000686645508,30.0,28.979999542236328,29.610000610351562,23.24693489074707,180900
2022-03-07,29.600000381469727,29.739999771118164,27.469999313354492,27.469999313354492,21.566808700561523,170600
2022-03-08,27.729999542236328,29.030000686645508,27.56999969482422,28.209999084472656,22.147785186767578,225900
2022-03-09,28.739999771118164,29.420000076293945,28.600000381469727,28.68000030517578,22.51679039001465,192000
2022-03-10,27.75,28.649999618530273,27.729999542236328,28.5,22.57222557067871,233400
2022-03-11,28.68000030517578,28.889999389648438,28.290000915527344,28.350000381469727,22.45343017578125,170200
2022-03-14,28.719999313354492,30.260000228881836,28.59000015258789,29.579999923706055,23.427595138549805,240000
2022-03-15,29.579999923706055,29.829999923706055,28.700000762939453,29.25,23.16623306274414,228500
2022-03-16,29.34000015258789,30.200000762939453,29.299999237060547,30.079999923706055,23.823596954345703,167400
2022-03-17,29.989999771118164,30.479999542236328,29.65999984741211,30.440000534057617,24.108722686767578,237800
2022-03-18,30.06999969482422,30.399999618530273,29.350000381469727,29.459999084472656,23.332555770874023,712200
2022-03-21,29.6299991607666,29.719999313354492,28.889999389648438,29.1200008392334,23.063276290893555,175400
2022-03-22,29.469999313354492,29.81999969482422,28.989999771118164,29.190000534057617,23.118709564208984,197200
2022-03-23,28.979999542236328,29.229999542236328,27.940000534057617,28.020000457763672,22.192066192626953,136900
2022-03-24,28.1299991607666,28.549999237060547,27.610000610351562,28.389999389648438,22.485103607177734,185100
2022-03-25,28.690000534057617,28.979999542236328,28.389999389648438,28.56999969482422,22.627668380737305,163500
2022-03-28,28.670000076293945,29.030000686645508,28.15999984741211,28.6299991607666,22.675188064575195,208300
2022-03-29,28.639999389648438,29.3799991607666,28.639999389648438,29.059999465942383,23.015750885009766,198100
2022-03-30,29.030000686645508,29.06999969482422,27.700000762939453,27.81999969482422,22.03366470336914,130800
2022-03-31,27.739999771118164,27.739999771118164,27.020000457763672,27.420000076293945,21.71685791015625,231100
2022-04-01,27.639999389648438,27.84000015258789,27.06999969482422,27.329999923706055,21.645578384399414,179500
2022-04-04,27.329999923706055,27.649999618530273,26.860000610351562,27.389999389648438,21.693096160888672,160900
2022-04-05,27.760000228881836,27.780000686645508,26.670000076293945,26.729999542236328,21.170372009277344,168500
2022-04-06,26.559999465942383,26.65999984741211,26.0,26.260000228881836,20.798131942749023,137700
2022-04-07,26.0,26.270000457763672,25.549999237060547,26.170000076293945,20.72684669494629,151300
2022-04-08,26.200000762939453,26.989999771118164,25.90999984741211,26.670000076293945,21.12285041809082,128000
2022-04-11,26.68000030517578,27.350000381469727,26.600000381469727,26.700000762939453,21.1466121673584,120300
2022-04-12,27.1299991607666,27.530000686645508,26.899999618530273,27.360000610351562,21.669336318969727,175500
2022-04-13,27.389999389648438,27.84000015258789,27.270000457763672,27.56999969482422,21.835660934448242,158400
2022-04-14,27.68000030517578,28.09000015258789,26.81999969482422,26.989999771118164,21.376298904418945,121100
2022-04-18,26.760000228881836,26.959999084472656,26.399999618530273,26.639999389648438,21.099092483520508,150200
2022-04-19,26.969999313354492,27.350000381469727,26.8700008392334,27.06999969482422,21.439655303955078,186200
2022-04-20,27.440000534057617,27.670000076293945,27.18000030517578,27.239999771118164,21.574296951293945,97400
2022-04-21,27.56999969482422,27.56999969482422,26.65999984741211,27.040000915527344,21.4158992767334,148300
2022-04-22,26.860000610351562,27.15999984741211,26.0,26.06999969482422,20.64764976501465,141100
2022-04-25,25.860000610351562,26.010000228881836,25.110000610351562,25.940000534057617,20.544687271118164,147200
2022-04-26,25.81999969482422,26.0,25.170000076293945,25.270000457763672,20.01404571533203,215700
2022-04-27,25.5,25.75,24.8700008392334,24.940000534057617,19.752681732177734,158600
2022-04-28,25.270000457763672,25.760000228881836,24.920000076293945,25.75,20.394207000732422,153300
2022-04-29,25.450000762939453,25.600000381469727,24.350000381469727,24.829999923706055,19.665559768676758,198900
2022-05-02,25.0,25.940000534057617,24.8700008392334,25.75,20.394207000732422,259100
2022-05-03,25.780000686645508,27.1299991607666,25.15999984741211,26.989999771118164,21.376298904418945,284700
2022-05-04,26.920000076293945,27.899999618530273,26.25,27.780000686645508,22.001983642578125,177400
2022-05-05,27.209999084472656,27.479999542236328,25.809999465942383,27.0,21.38421630859375,238000
2022-05-06,26.790000915527344,27.690000534057617,26.540000915527344,27.200000762939453,21.542617797851562,200400
2022-05-09,26.8700008392334,28.229999542236328,26.510000228881836,27.860000610351562,22.06534194946289,172000
2022-05-10,28.239999771118164,28.290000915527344,26.920000076293945,27.559999465942383,21.827741622924805,240500
2022-05-11,27.40999984741211,28.5,27.0,27.06999969482422,21.439655303955078,178900
2022-05-12,27.030000686645508,28.25,27.0,27.739999771118164,21.97030258178711,136400
2022-05-13,28.100000381469727,28.559999465942383,27.739999771118164,28.510000228881836,22.58014488220215,235600
2022-05-16,28.280000686645508,28.649999618530273,27.760000228881836,28.15999984741211,22.302942276000977,257000
2022-05-17,28.260000228881836,29.059999465942383,28.190000534057617,28.68000030517578,22.71479034423828,247500
2022-05-18,28.43000030517578,28.850000381469727,27.700000762939453,28.040000915527344,22.207908630371094,363200
2022-05-19,27.770000457763672,28.040000915527344,26.0,27.06999969482422,21.439655303955078,302500
2022-05-20,27.139999389648438,27.540000915527344,25.889999389648438,26.760000228881836,21.194135665893555,240300
2022-05-23,26.950000762939453,26.950000762939453,25.899999618530273,26.170000076293945,20.72684669494629,325500
2022-05-24,25.93000030517578,26.309999465942383,25.389999389648438,26.030000686645508,20.615968704223633,295000
2022-05-25,26.0,27.780000686645508,26.0,27.530000686645508,21.803979873657227,208600
2022-05-26,27.889999389648438,29.600000381469727,27.889999389648438,28.719999313354492,22.74646759033203,192000
2022-05-27,28.8799991607666,29.280000686645508,28.030000686645508,28.610000610351562,22.659347534179688,125800
2022-05-31,28.389999389648438,28.739999771118164,27.56999969482422,28.260000228881836,22.38214874267578,240800
2022-06-01,28.190000534057617,28.270000457763672,27.389999389648438,27.549999237060547,22.03817367553711,176500
2022-06-02,27.549999237060547,28.15999984741211,27.399999618530273,27.860000610351562,22.286151885986328,129600
2022-06-03,27.709999084472656,27.90999984741211,27.43000030517578,27.729999542236328,22.182159423828125,146500
2022-06-06,27.719999313354492,28.5,27.239999771118164,28.170000076293945,22.534137725830078,209000
2022-06-07,27.239999771118164,28.219999313354492,27.239999771118164,28.110000610351562,22.48613929748535,221200
2022-06-08,27.959999084472656,28.030000686645508,27.389999389648438,27.579999923706055,22.06217384338379,207400
2022-06-09,27.299999237060547,28.149999618530273,27.25,27.729999542236328,22.182159423828125,217800
2022-06-10,27.43000030517578,27.81999969482422,26.93000030517578,27.139999389648438,21.710201263427734,154800
2022-06-13,26.459999084472656,26.950000762939453,26.270000457763672,26.520000457763672,21.21424102783203,294400
2022-06-14,26.639999389648438,27.219999313354492,25.760000228881836,25.889999389648438,20.710285186767578,194700
2022-06-15,26.020000457763672,26.979999542236328,25.899999618530273,26.700000762939453,21.35822868347168,218800
2022-06-16,26.34000015258789,26.34000015258789,24.719999313354492,25.059999465942383,20.04633903503418,183800
2022-06-17,25.1200008392334,25.399999618530273,24.639999389648438,25.229999542236328,20.182331085205078,515500
2022-06-21,25.559999465942383,25.559999465942383,23.739999771118164,23.799999237060547,19.038423538208008,181200
2022-06-22,23.43000030517578,24.260000228881836,23.3700008392334,23.959999084472656,19.166410446166992,210400
2022-06-23,24.219999313354492,25.010000228881836,23.969999313354492,24.950000762939453,19.958345413208008,287800
2022-06-24,25.0,26.15999984741211,24.670000076293945,25.610000610351562,20.486305236816406,307600
2022-06-27,25.979999542236328,25.979999542236328,25.020000457763672,25.239999771118164,20.19032859802246,135400
2022-06-28,25.360000610351562,25.530000686645508,24.309999465942383,24.360000610351562,19.48638916015625,162600
2022-06-29,24.43000030517578,24.43000030517578,23.579999923706055,23.670000076293945,18.934432983398438,163000
2022-06-30,23.18000030517578,23.549999237060547,22.770000457763672,23.18000030517578,18.542465209960938,209200
2022-07-01,23.280000686645508,23.790000915527344,22.850000381469727,23.68000030517578,18.942432403564453,230800
2022-07-05,23.420000076293945,24.219999313354492,22.780000686645508,24.18000030517578,19.342395782470703,198400
2022-07-06,24.229999542236328,24.420000076293945,23.0,23.559999465942383,18.846437454223633,119200
2022-07-07,23.700000762939453,24.459999084472656,23.700000762939453,24.40999984741211,19.52638053894043,109500
2022-07-08,24.450000762939453,25.010000228881836,24.389999389648438,24.850000381469727,19.878355026245117,106700
2022-07-11,24.790000915527344,24.84000015258789,24.350000381469727,24.469999313354492,19.574377059936523,127200
2022-07-12,24.299999237060547,25.100000381469727,24.299999237060547,24.979999542236328,19.982343673706055,146600
2022-07-13,24.760000228881836,25.200000762939453,24.469999313354492,24.610000610351562,19.686372756958008,61600
2022-07-14,24.309999465942383,24.559999465942383,23.8700008392334,24.31999969482422,19.454387664794922,87900
2022-07-15,24.780000686645508,24.959999084472656,24.209999084472656,24.90999984741211,19.926345825195312,137700
2022-07-18,25.0,25.719999313354492,25.0,25.31999969482422,20.25432014465332,75100
2022-07-19,25.649999618530273,26.1200008392334,25.6200008392334,25.780000686645508,20.622291564941406,98600
2022-07-20,25.770000457763672,26.049999237060547,25.530000686645508,25.969999313354492,20.774280548095703,111300
2022-07-21,25.889999389648438,26.010000228881836,25.18000030517578,25.950000762939453,20.758281707763672,78200
2022-07-22,25.829999923706055,26.1200008392334,25.350000381469727,25.700000762939453,20.558298110961914,85900
2022-07-25,26.0,26.489999771118164,25.799999237060547,26.010000228881836,20.806278228759766,212000
2022-07-26,26.049999237060547,26.170000076293945,25.31999969482422,25.479999542236328,20.382312774658203,168400
2022-07-27,25.450000762939453,26.31999969482422,25.450000762939453,26.299999237060547,21.03825569152832,168800
2022-07-28,26.43000030517578,26.8700008392334,26.040000915527344,26.790000915527344,21.43022346496582,259600
2022-07-29,26.950000762939453,27.59000015258789,26.530000686645508,27.329999923706055,21.86219024658203,163800
2022-08-01,27.139999389648438,27.850000381469727,27.139999389648438,27.489999771118164,21.99017906188965,174100
2022-08-02,27.540000915527344,27.989999771118164,27.0,27.420000076293945,21.934185028076172,238700
2022-08-03,27.290000915527344,29.020000457763672,26.8700008392334,28.780000686645508,23.0220890045166,259000
2022-08-04,28.979999542236328,29.479999542236328,28.540000915527344,28.59000015258789,22.870107650756836,150700
2022-08-05,28.18000030517578,29.09000015258789,28.170000076293945,28.93000030517578,23.14208221435547,197900
2022-08-08,29.329999923706055,30.729999542236328,29.329999923706055,30.3799991607666,24.30198860168457,240400
2022-08-09,30.1200008392334,30.1200008392334,29.110000610351562,29.3799991607666,23.50205421447754,178300
2022-08-10,29.899999618530273,29.90999984741211,28.940000534057617,29.420000076293945,23.534053802490234,175400
2022-08-11,29.84000015258789,30.309999465942383,29.5,29.84000015258789,23.870023727416992,233700
2022-08-12,30.0,30.479999542236328,29.479999542236328,30.40999984741211,24.325984954833984,123200
2022-08-15,30.389999389648438,30.739999771118164,30.110000610351562,30.65999984741211,24.525964736938477,119800
2022-08-16,30.81999969482422,32.93000030517578,30.5,32.08000183105469,25.661874771118164,294400
2022-08-17,31.84000015258789,31.899999618530273,31.399999618530273,31.6299991607666,25.301902770996094,116400
2022-08-18,31.459999084472656,31.600000381469727,30.829999923706055,31.110000610351562,24.885942459106445,144700
2022-08-19,30.760000228881836,30.899999618530273,29.969999313354492,30.520000457763672,24.635709762573242,137300
2022-08-22,30.1299991607666,30.229999542236328,29.079999923706055,29.18000030517578,23.554061889648438,136600
2022-08-23,29.239999771118164,29.969999313354492,29.239999771118164,29.3700008392334,23.70743179321289,201100
2022-08-24,29.56999969482422,29.950000762939453,29.100000381469727,29.75,24.014162063598633,239500
2022-08-25,29.75,30.600000381469727,29.479999542236328,30.09000015258789,24.288610458374023,109100
2022-08-26,30.09000015258789,30.170000076293945,28.889999389648438,29.049999237060547,23.44912338256836,105400
2022-08-29,28.420000076293945,28.799999237060547,28.020000457763672,28.399999618530273,22.92444610595703,153900
2022-08-30,28.299999237060547,28.469999313354492,27.959999084472656,28.1299991607666,22.70650291442871,101600
2022-08-31,28.290000915527344,28.290000915527344,26.809999465942383,26.81999969482422,21.649072647094727,148100
2022-09-01,26.739999771118164,26.84000015258789,26.280000686645508,26.459999084472656,21.35848045349121,173700
2022-09-02,26.799999237060547,26.920000076293945,26.100000381469727,26.260000228881836,21.197040557861328,196300
2022-09-06,26.25,26.260000228881836,24.950000762939453,25.639999389648438,20.696575164794922,237000
2022-09-07,25.610000610351562,26.329999923706055,25.610000610351562,26.25,21.188968658447266,197700
2022-09-08,25.8799991607666,26.43000030517578,25.559999465942383,26.329999923706055,21.253543853759766,127400
2022-09-09,26.600000381469727,27.389999389648438,26.600000381469727,27.15999984741211,21.923521041870117,231000
2022-09-12,27.459999084472656,27.989999771118164,27.459999084472656,27.899999618530273,22.520843505859375,175800
2022-09-13,27.170000076293945,27.3700008392334,26.450000762939453,26.600000381469727,21.471492767333984,203600
2022-09-14,26.56999969482422,26.56999969482422,25.889999389648438,26.229999542236328,21.17282485961914,155400
2022-09-15,26.09000015258789,26.979999542236328,26.079999923706055,26.360000610351562,21.277761459350586,189300
2022-09-16,26.139999389648438,26.969999313354492,25.969999313354492,26.739999771118164,21.584495544433594,804500
2022-09-19,26.809999465942383,27.780000686645508,26.760000228881836,27.360000610351562,22.084959030151367,312300
2022-09-20,27.270000457763672,27.549999237060547,26.93000030517578,27.3799991607666,22.10110092163086,187800
2022-09-21,27.6200008392334,27.8799991607666,26.670000076293945,26.690000534057617,21.544139862060547,122100
2022-09-22,26.75,26.75,25.68000030517578,26.0,20.987167358398438,124600
2022-09-23,25.700000762939453,25.969999313354492,25.399999618530273,25.760000228881836,20.793439865112305,145200
2022-09-26,25.770000457763672,26.1299991607666,25.219999313354492,25.219999313354492,20.35755157470703,112200
2022-09-27,25.420000076293945,25.8700008392334,24.989999771118164,25.110000610351562,20.268762588500977,117200
2022-09-28,25.3799991607666,26.31999969482422,25.09000015258789,26.110000610351562,21.075956344604492,219600
2022-09-29,25.780000686645508,25.780000686645508,24.950000762939453,25.34000015258789,20.454418182373047,118300
2022-09-30,25.1200008392334,25.649999618530273,24.799999237060547,24.899999618530273,20.0992488861084,135800
2022-10-03,25.190000534057617,25.479999542236328,24.81999969482422,24.989999771118164,20.171897888183594,140100
2022-10-04,25.420000076293945,26.1299991607666,25.170000076293945,25.829999923706055,20.849943161010742,121400
2022-10-05,25.479999542236328,25.600000381469727,24.790000915527344,25.459999084472656,20.551279067993164,106400
2022-10-06,25.540000915527344,25.90999984741211,25.290000915527344,25.59000015258789,20.65621566772461,78200
2022-10-07,25.3700008392334,25.40999984741211,24.81999969482422,25.06999969482422,20.23647689819336,86800
2022-10-10,25.229999542236328,25.520000457763672,24.90999984741211,25.25,20.38176918029785,79100
2022-10-11,25.09000015258789,25.81999969482422,25.0,25.540000915527344,20.61585807800293,134000
2022-10-12,25.600000381469727,25.959999084472656,25.18000030517578,25.690000534057617,20.736936569213867,123800
2022-10-13,25.299999237060547,26.68000030517578,24.950000762939453,26.65999984741211,21.519916534423828,146300
2022-10-14,26.799999237060547,26.959999084472656,25.739999771118164,26.010000228881836,20.995241165161133,116900
2022-10-17,26.5,26.729999542236328,26.040000915527344,26.540000915527344,21.42305564880371,101700
2022-10-18,26.75,27.18000030517578,26.09000015258789,26.18000030517578,21.132465362548828,114900
2022-10-19,26.030000686645508,26.200000762939453,25.200000762939453,25.559999465942383,20.63199806213379,119300
2022-10-20,25.469999313354492,26.0,25.020000457763672,25.209999084472656,20.3494815826416,139600
2022-10-21,25.43000030517578,25.809999465942383,25.059999465942383,25.649999618530273,20.704648971557617,98600
2022-10-24,25.8799991607666,26.079999923706055,25.3799991607666,25.84000015258789,20.858016967773438,115200
2022-10-25,25.809999465942383,26.93000030517578,25.809999465942383,26.719999313354492,21.568349838256836,169200
2022-10-26,26.8700008392334,26.989999771118164,26.149999618530273,26.510000228881836,21.39884376525879,112100
2022-10-27,26.6299991607666,26.8799991607666,25.989999771118164,26.229999542236328,21.17282485961914,188900
2022-10-28,26.25,27.65999984741211,26.239999771118164,27.3700008392334,22.093029022216797,191700
2022-10-31,27.270000457763672,27.280000686645508,26.34000015258789,26.579999923706055,21.45534324645996,206400
2022-11-01,27.139999389648438,27.219999313354492,26.34000015258789,26.899999618530273,21.71364402770996,231800
2022-11-02,28.520000457763672,29.0,26.969999313354492,27.65999984741211,22.327116012573242,337700
2022-11-03,27.68000030517578,30.600000381469727,27.540000915527344,29.899999618530273,24.135244369506836,300200
2022-11-04,30.020000457763672,31.209999084472656,29.90999984741211,30.969999313354492,24.998947143554688,168700
2022-11-07,31.260000228881836,32.0,30.559999465942383,31.809999465942383,25.676992416381836,122700
2022-11-08,31.729999542236328,32.0,30.520000457763672,30.889999389648438,24.934370040893555,207500
2022-11-09,30.510000228881836,31.5,30.25,30.3799991607666,24.5226993560791,118000
2022-11-10,31.420000076293945,32.08000183105469,31.3700008392334,31.829999923706055,25.693138122558594,106300
2022-11-11,32.209999084472656,32.689998626708984,31.809999465942383,32.40999984741211,26.161312103271484,124800
2022-11-14,32.099998474121094,32.439998626708984,31.549999237060547,31.93000030517578,25.77385711669922,137800
2022-11-15,32.15999984741211,33.060001373291016,31.959999084472656,32.959999084472656,26.60527229309082,121600
2022-11-16,32.2599983215332,32.459999084472656,31.649999618530273,31.84000015258789,25.701210021972656,174100
2022-11-17,31.329999923706055,32.06999969482422,30.93000030517578,32.02000045776367,25.846508026123047,79600
2022-11-18,32.61000061035156,32.709999084472656,31.799999237060547,32.25,26.032161712646484,94200
2022-11-21,32.25,32.65999984741211,31.729999542236328,31.8799991607666,25.73349380493164,168600
2022-11-22,31.959999084472656,32.75,31.959999084472656,32.34000015258789,26.104806900024414,116400
2022-11-23,32.34000015258789,32.529998779296875,31.309999465942383,31.450000762939453,25.386402130126953,124000
2022-11-25,30.40999984741211,31.100000381469727,30.270000457763672,30.309999465942383,25.504201889038086,93000
2022-11-28,30.079999923706055,30.479999542236328,29.709999084472656,30.34000015258789,25.529449462890625,101600
2022-11-29,30.5,30.950000762939453,30.190000534057617,30.700000762939453,25.832368850708008,100800
2022-11-30,30.84000015258789,31.549999237060547,30.25,31.530000686645508,26.530765533447266,133800
2022-12-01,31.709999084472656,32.189998626708984,31.18000030517578,31.489999771118164,26.497108459472656,128400
2022-12-02,31.1299991607666,31.799999237060547,30.719999313354492,31.760000228881836,26.72429847717285,90100
2022-12-05,31.649999618530273,31.649999618530273,30.729999542236328,30.90999984741211,26.009071350097656,128400
2022-12-06,30.950000762939453,31.850000381469727,30.799999237060547,31.6200008392334,26.60649871826172,217600
2022-12-07,31.719999313354492,31.829999923706055,31.06999969482422,31.239999771118164,26.2867488861084,142900
2022-12-08,31.489999771118164,31.489999771118164,31.010000228881836,31.360000610351562,26.38772201538086,100600
2022-12-09,31.290000915527344,31.489999771118164,30.760000228881836,31.049999237060547,26.126873016357422,156800
2022-12-12,31.229999542236328,31.229999542236328,30.5,30.799999237060547,25.9165096282959,154400
2022-12-13,31.90999984741211,32.0099983215332,30.739999771118164,31.0,26.084800720214844,177900
2022-12-14,31.0,31.610000610351562,30.639999389648438,30.940000534057617,26.034318923950195,122100
2022-12-15,30.68000030517578,31.049999237060547,30.3700008392334,30.84000015258789,25.950170516967773,244100
2022-12-16,30.43000030517578,31.209999084472656,30.389999389648438,30.68000030517578,25.815540313720703,640400
2022-12-19,30.690000534057617,31.030000686645508,29.549999237060547,29.75,25.032997131347656,126700
2022-12-20,29.75,30.020000457763672,29.31999969482422,29.760000228881836,25.041412353515625,102100
2022-12-21,30.1299991607666,30.780000686645508,29.989999771118164,30.719999313354492,25.849199295043945,146800
2022-12-22,30.290000915527344,30.549999237060547,29.920000076293945,30.520000457763672,25.680910110473633,111500
2022-12-23,30.6200008392334,30.780000686645508,30.31999969482422,30.729999542236328,25.85761070251465,80800
2022-12-27,30.969999313354492,30.969999313354492,30.110000610351562,30.290000915527344,25.487377166748047,89900
2022-12-28,30.440000534057617,30.559999465942383,29.56999969482422,29.56999969482422,24.88153648376465,91500
2022-12-29,29.889999389648438,30.350000381469727,29.709999084472656,30.18000030517578,25.39481544494629,82100
2022-12-30,29.809999465942383,30.1200008392334,29.700000762939453,29.899999618530273,25.159210205078125,79400
2023-01-03,30.0,30.399999618530273,29.790000915527344,30.049999237060547,25.28542709350586,117300
2023-01-04,30.260000228881836,30.760000228881836,29.989999771118164,30.690000534057617,25.823957443237305,94200
2023-01-05,30.350000381469727,30.84000015258789,30.059999465942383,30.829999923706055,25.941757202148438,119200
2023-01-06,31.229999542236328,32.189998626708984,31.229999542236328,32.13999938964844,27.04404640197754,105400
2023-01-09,32.369998931884766,32.90999984741211,32.11000061035156,32.68000030517578,27.498428344726562,98100
2023-01-10,32.650001525878906,33.130001068115234,32.470001220703125,33.099998474121094,27.851835250854492,84200
2023-01-11,33.18000030517578,34.369998931884766,33.18000030517578,34.06999969482422,28.66803741455078,179100
2023-01-12,34.2599983215332,34.470001220703125,33.900001525878906,33.939998626708984,28.55864906311035,89700
2023-01-13,33.650001525878906,34.29999923706055,33.650001525878906,34.04999923706055,28.651208877563477,94600
2023-01-17,34.040000915527344,34.47999954223633,33.68000030517578,33.7599983215332,28.407190322875977,91700
2023-01-18,33.869998931884766,34.470001220703125,33.65999984741211,33.880001068115234,28.508163452148438,86000
2023-01-19,33.5099983215332,33.5099983215332,32.54999923706055,33.2599983215332,27.986467361450195,117200
2023-01-20,33.560001373291016,33.70000076293945,32.86000061035156,33.5,28.188413619995117,116500
2023-01-23,33.7400016784668,33.95000076293945,33.209999084472656,33.290000915527344,28.01171112060547,104600
2023-01-24,33.2599983215332,33.66999816894531,33.15999984741211,33.369998931884766,28.079025268554688,56900
2023-01-25,33.0099983215332,33.34000015258789,32.83000183105469,33.27000045776367,27.994884490966797,52500
2023-01-26,33.470001220703125,33.70000076293945,33.0,33.150001525878906,27.893911361694336,60900
2023-01-27,32.95000076293945,33.40999984741211,32.86000061035156,33.36000061035156,28.070613861083984,53800
2023-01-30,33.22999954223633,34.0099983215332,33.22999954223633,33.75,28.398775100708008,83700
2023-01-31,33.95000076293945,35.06999969482422,33.790000915527344,34.91999816894531,29.383262634277344,197400
2023-02-01,34.75,35.400001525878906,34.150001525878906,35.0099983215332,29.458993911743164,172200
2023-02-02,35.22999954223633,36.779998779296875,35.20000076293945,36.400001525878906,30.62860679626465,126800
2023-02-03,36.25,36.880001068115234,36.25,36.79999923706055,30.965187072753906,100300
2023-02-06,36.290000915527344,36.66999816894531,36.060001373291016,36.380001068115234,30.61178207397461,152400
2023-02-07,36.11000061035156,36.630001068115234,35.54999923706055,36.18000030517578,30.443485260009766,130100
2023-02-08,35.83000183105469,36.25,35.470001220703125,35.470001220703125,29.846065521240234,81800
2023-02-09,35.83000183105469,36.220001220703125,35.38999938964844,35.470001220703125,29.846065521240234,107900
2023-02-10,35.34000015258789,35.52000045776367,34.689998626708984,35.0,29.45058250427246,76600
2023-02-13,34.90999984741211,35.880001068115234,34.43000030517578,35.84000015258789,30.157398223876953,62600
2023-02-14,35.72999954223633,35.959999084472656,35.15999984741211,35.40999984741211,29.795574188232422,89100
2023-02-15,35.439998626708984,36.58000183105469,35.290000915527344,36.150001525878906,30.418243408203125,107600
2023-02-16,35.779998779296875,36.310001373291016,35.63999938964844,36.13999938964844,30.409826278686523,82600
2023-02-17,36.33000183105469,36.58000183105469,36.16999816894531,36.4900016784668,30.70433807373047,94200
2023-02-21,36.08000183105469,36.189998626708984,34.84000015258789,35.040000915527344,29.484241485595703,155500
2023-02-22,35.56999969482422,38.849998474121094,35.56999969482422,37.11000061035156,31.22603416442871,242600
2023-02-23,37.2599983215332,38.119998931884766,36.7400016784668,37.5099983215332,31.562612533569336,122600
2023-02-24,37.119998931884766,37.95000076293945,36.90999984741211,37.869998931884766,31.86553192138672,135100
2023-02-27,38.04999923706055,38.41999816894531,37.459999084472656,37.529998779296875,31.579435348510742,237500
2023-02-28,37.599998474121094,38.18000030517578,37.279998779296875,37.7400016784668,31.756145477294922,138200
2023-03-01,37.54999923706055,37.869998931884766,37.22999954223633,37.38999938964844,31.46164321899414,90700
2023-03-02,37.2400016784668,37.36000061035156,36.68000030517578,37.029998779296875,31.158716201782227,111400
2023-03-03,37.20000076293945,37.20000076293945,35.95000076293945,35.959999084472656,30.25836944580078,139400
2023-03-06,35.9900016784668,36.0,33.459999084472656,34.5,29.029861450195312,315400
2023-03-07,34.560001373291016,34.560001373291016,34.02000045776367,34.25,28.81949806213379,152600
2023-03-08,34.279998779296875,34.36000061035156,33.16999816894531,33.72999954223633,28.381948471069336,149000
2023-03-09,33.22999954223633,33.2599983215332,31.81999969482422,32.540000915527344,27.60982322692871,249100
2023-03-10,32.33000183105469,32.369998931884766,31.309999465942383,32.16999816894531,27.295879364013672,247700
2023-03-13,31.420000076293945,31.8799991607666,31.219999313354492,31.3799991607666,26.62557601928711,234000
2023-03-14,32.369998931884766,32.79999923706055,31.940000534057617,32.40999984741211,27.4995174407959,272900
2023-03-15,31.68000030517578,32.36000061035156,31.389999389648438,31.899999618530273,27.066789627075195,155600
2023-03-16,31.459999084472656,32.72999954223633,31.309999465942383,32.099998474121094,27.236486434936523,166400
2023-03-17,31.729999542236328,31.850000381469727,31.1200008392334,31.780000686645508,26.9649715423584,856300
2023-03-20,32.11000061035156,32.66999816894531,31.920000076293945,32.34000015258789,27.440128326416016,174200
2023-03-21,32.959999084472656,33.38999938964844,32.029998779296875,32.040000915527344,27.185579299926758,168100
2023-03-22,32.099998474121094,32.400001525878906,31.06999969482422,31.100000381469727,26.38800048828125,122200
2023-03-23,31.329999923706055,31.700000762939453,30.729999542236328,30.850000381469727,26.17587661743164,107900
2023-03-24,30.56999969482422,31.31999969482422,30.479999542236328,31.049999237060547,26.34557342529297,97000
2023-03-27,31.360000610351562,31.56999969482422,30.969999313354492,31.280000686645508,26.540725708007812,100400
2023-03-28,31.170000076293945,31.860000610351562,31.020000457763672,31.299999237060547,26.557695388793945,95900
2023-03-29,31.579999923706055,31.760000228881836,30.829999923706055,31.700000762939453,26.8970890045166,80700
2023-03-30,31.8799991607666,32.099998474121094,31.329999923706055,31.440000534057617,26.676483154296875,55400
2023-03-31,31.559999465942383,31.989999771118164,31.190000534057617,31.90999984741211,27.075273513793945,158600
2023-04-03,32.02000045776367,32.43000030517578,31.959999084472656,32.0,27.151639938354492,130000
2023-04-04,32.099998474121094,32.099998474121094,31.399999618530273,31.829999923706055,27.007394790649414,141600
2023-04-05,31.850000381469727,31.940000534057617,31.18000030517578,31.6299991607666,26.837697982788086,130200
2023-04-06,31.700000762939453,31.700000762939453,31.09000015258789,31.420000076293945,26.659517288208008,105600
2023-04-10,31.3700008392334,32.7400016784668,31.3700008392334,32.150001525878906,27.278913497924805,150800
2023-04-11,32.220001220703125,32.43000030517578,32.119998931884766,32.209999084472656,27.329818725585938,112100
2023-04-12,32.52000045776367,32.599998474121094,31.81999969482422,32.0,27.151639938354492,81400
2023-04-13,32.060001373291016,32.45000076293945,31.549999237060547,32.400001525878906,27.49103355407715,135200
2023-04-14,32.470001220703125,32.77000045776367,31.8799991607666,32.06999969482422,27.211034774780273,113800
2023-04-17,32.08000183105469,32.439998626708984,31.969999313354492,32.2599983215332,27.372243881225586,109300
2023-04-18,32.36000061035156,32.59000015258789,31.899999618530273,32.349998474121094,27.448606491088867,102800
2023-04-19,32.36000061035156,32.540000915527344,32.029998779296875,32.40999984741211,27.4995174407959,140200
2023-04-20,32.189998626708984,32.75,31.739999771118164,32.380001068115234,27.474063873291016,103300
2023-04-21,32.40999984741211,32.40999984741211,30.18000030517578,30.40999984741211,25.802541732788086,270200
2023-04-24,30.309999465942383,30.510000228881836,29.469999313354492,29.700000762939453,25.200117111206055,123000
2023-04-25,29.489999771118164,29.59000015258789,28.790000915527344,28.790000915527344,24.427989959716797,132600
2023-04-26,28.700000762939453,29.350000381469727,28.520000457763672,28.649999618530273,24.3091983795166,127800
2023-04-27,28.649999618530273,29.68000030517578,28.649999618530273,29.15999984741211,24.741933822631836,130400
2023-04-28,29.079999923706055,30.360000610351562,29.079999923706055,30.139999389648438,25.573450088500977,175100
2023-05-01,30.239999771118164,30.739999771118164,29.940000534057617,30.06999969482422,25.514053344726562,178200
2023-05-02,30.059999465942383,30.59000015258789,28.229999542236328,28.600000381469727,24.266775131225586,212100
2023-05-03,28.139999389648438,28.139999389648438,25.579999923706055,25.920000076293945,21.992830276489258,404100
2023-05-04,25.59000015258789,25.809999465942383,25.100000381469727,25.65999984741211,21.772220611572266,290700
2023-05-05,26.209999084472656,26.93000030517578,25.8700008392334,26.229999542236328,22.255857467651367,151100
2023-05-08,26.450000762939453,26.530000686645508,25.31999969482422,25.56999969482422,21.695858001708984,135400
2023-05-09,25.469999313354492,25.719999313354492,25.06999969482422,25.440000534057617,21.585552215576172,105600
2023-05-10,25.770000457763672,25.770000457763672,25.100000381469727,25.40999984741211,21.560096740722656,108400
2023-05-11,25.260000228881836,25.59000015258789,25.049999237060547,25.530000686645508,21.661916732788086,136300
2023-05-12,25.559999465942383,26.010000228881836,25.5,25.979999542236328,22.043737411499023,70100
2023-05-15,26.030000686645508,26.219999313354492,25.68000030517578,26.149999618530273,22.18798065185547,107800
2023-05-16,25.850000381469727,25.850000381469727,25.18000030517578,25.549999237060547,21.678884506225586,108600
2023-05-17,25.729999542236328,26.440000534057617,25.479999542236328,26.25,22.272829055786133,109500
2023-05-18,26.239999771118164,26.3799991607666,25.969999313354492,26.31999969482422,22.33222198486328,66200
2023-05-19,26.260000228881836,26.459999084472656,25.90999984741211,26.34000015258789,22.349191665649414,146900
2023-05-22,26.40999984741211,26.690000534057617,26.170000076293945,26.479999542236328,22.46797752380371,193000
2023-05-23,26.579999923706055,26.579999923706055,25.959999084472656,26.450000762939453,22.442523956298828,120600
2023-05-24,26.43000030517578,26.56999969482422,25.989999771118164,26.40999984741211,22.408588409423828,124500
2023-05-25,26.18000030517578,26.68000030517578,25.530000686645508,25.739999771118164,21.840099334716797,187900
2023-05-26,25.56999969482422,25.979999542236328,25.299999237060547,25.809999465942383,21.899492263793945,121900
2023-05-30,25.920000076293945,26.209999084472656,25.360000610351562,26.18000030517578,22.21343231201172,91900
2023-05-31,26.170000076293945,26.450000762939453,25.780000686645508,26.389999389648438,22.39161491394043,201500
2023-06-01,26.489999771118164,26.489999771118164,25.06999969482422,26.219999313354492,22.24736976623535,222100
2023-06-02,26.280000686645508,26.889999389648438,26.229999542236328,26.8799991607666,22.807376861572266,176900
2023-06-05,26.389999389648438,26.639999389648438,26.010000228881836,26.40999984741211,22.66150665283203,119100
2023-06-06,26.43000030517578,27.90999984741211,26.43000030517578,27.850000381469727,23.897117614746094,144700
2023-06-07,28.030000686645508,29.3700008392334,27.950000762939453,29.270000457763672,25.115570068359375,123700
2023-06-08,29.25,29.299999237060547,28.3799991607666,28.6200008392334,24.557830810546875,148300
2023-06-09,28.510000228881836,29.100000381469727,28.510000228881836,28.549999237060547,24.497766494750977,193800
2023-06-12,28.670000076293945,29.010000228881836,28.3700008392334,28.940000534057617,24.832412719726562,102500
2023-06-13,28.829999923706055,29.469999313354492,28.829999923706055,29.139999389648438,25.004024505615234,162200
2023-06-14,29.270000457763672,29.540000915527344,28.729999542236328,28.770000457763672,24.686538696289062,97800
2023-06-15,28.6299991607666,28.889999389648438,28.25,28.889999389648438,24.789506912231445,83700
2023-06-16,29.170000076293945,29.170000076293945,28.1200008392334,28.68000030517578,24.60931396484375,234100
2023-06-20,28.559999465942383,28.649999618530273,28.059999465942383,28.610000610351562,24.54924964904785,140300
2023-06-21,28.520000457763672,28.649999618530273,28.350000381469727,28.360000610351562,24.334733963012695,77800
2023-06-22,28.350000381469727,28.489999771118164,28.049999237060547,28.149999618530273,24.154539108276367,101600
2023-06-23,27.950000762939453,28.8799991607666,27.829999923706055,28.43000030517578,24.39479637145996,222600
2023-06-26,28.43000030517578,29.329999923706055,28.43000030517578,29.239999771118164,25.08983039855957,108500
2023-06-27,29.43000030517578,30.399999618530273,29.219999313354492,30.31999969482422,26.016536712646484,145500
2023-06-28,30.239999771118164,30.84000015258789,29.959999084472656,30.440000534057617,26.119508743286133,126600
2023-06-29,30.540000915527344,31.209999084472656,30.40999984741211,30.450000762939453,26.12809181213379,118500
2023-06-30,30.790000915527344,30.790000915527344,29.950000762939453,30.219999313354492,25.93073272705078,82000
2023-07-03,30.059999465942383,30.450000762939453,29.889999389648438,30.06999969482422,25.80202293395996,48700
2023-07-05,29.959999084472656,30.3799991607666,29.579999923706055,29.709999084472656,25.493118286132812,112900
2023-07-06,29.350000381469727,29.450000762939453,28.959999084472656,29.280000686645508,25.12415313720703,74100
2023-07-07,29.290000915527344,29.959999084472656,29.290000915527344,29.479999542236328,25.29576301574707,114100
2023-07-10,29.540000915527344,30.770000457763672,29.540000915527344,30.729999542236328,26.36834716796875,80700
2023-07-11,31.229999542236328,32.08000183105469,31.1200008392334,32.0099983215332,27.466670989990234,107100
2023-07-12,32.439998626708984,32.619998931884766,32.0,32.0099983215332,27.466670989990234,94800
2023-07-13,32.13999938964844,33.04999923706055,32.130001068115234,33.0099983215332,28.324735641479492,133400
2023-07-14,32.869998931884766,33.20000076293945,32.47999954223633,33.0099983215332,28.324735641479492,67100
2023-07-17,33.0,33.689998626708984,33.0,33.119998931884766,28.41912269592285,100100
2023-07-18,33.2400016784668,34.119998931884766,33.2400016784668,33.75,28.959705352783203,65000
2023-07-19,33.779998779296875,34.459999084472656,33.630001068115234,34.279998779296875,29.414478302001953,84400
2023-07-20,34.400001525878906,34.400001525878906,33.79999923706055,34.279998779296875,29.414478302001953,60400
2023-07-21,34.5,34.5,33.77000045776367,34.029998779296875,29.199962615966797,77700
2023-07-24,34.11000061035156,34.5,33.97999954223633,34.11000061035156,29.26861000061035,51900
2023-07-25,33.95000076293945,34.56999969482422,33.95000076293945,34.20000076293945,29.34583282470703,144900
2023-07-26,34.20000076293945,34.900001525878906,34.04999923706055,34.47999954223633,29.58609390258789,125300
2023-07-27,34.650001525878906,34.97999954223633,34.400001525878906,34.61000061035156,29.697643280029297,67000
2023-07-28,34.790000915527344,35.380001068115234,34.650001525878906,35.119998931884766,30.135255813598633,74500
2023-07-31,35.119998931884766,35.939998626708984,35.119998931884766,35.599998474121094,30.54712677001953,149100
2023-08-01,34.2400016784668,34.560001373291016,33.060001373291016,33.900001525878906,29.088415145874023,234200
2023-08-02,31.790000915527344,34.75,31.790000915527344,32.779998779296875,28.127382278442383,190100
2023-08-03,32.86000061035156,34.20000076293945,32.86000061035156,33.790000915527344,28.99402618408203,98100
2023-08-04,33.790000915527344,34.29999923706055,33.59000015258789,33.619998931884766,28.84815216064453,109200
2023-08-07,33.849998474121094,34.22999954223633,33.630001068115234,33.790000915527344,28.99402618408203,75700
2023-08-08,33.31999969482422,34.310001373291016,33.040000915527344,34.279998779296875,29.414478302001953,92400
2023-08-09,34.27000045776367,34.27000045776367,33.66999816894531,33.88999938964844,29.079835891723633,59200
2023-08-10,33.900001525878906,34.400001525878906,33.459999084472656,33.52000045776367,28.762351989746094,76300
2023-08-11,33.41999816894531,33.849998474121094,33.41999816894531,33.560001373291016,28.796674728393555,62000
2023-08-14,33.349998474121094,33.66999816894531,33.0099983215332,33.56999969482422,28.805253982543945,117100
2023-08-15,33.52000045776367,33.52000045776367,33.0099983215332,33.36000061035156,28.625064849853516,73500
2023-08-16,33.2599983215332,33.349998474121094,32.65999984741211,32.70000076293945,28.05873680114746,51100
2023-08-17,32.77000045776367,32.9900016784668,32.689998626708984,32.79999923706055,28.144540786743164,53000
2023-08-18,32.619998931884766,33.029998779296875,32.619998931884766,32.90999984741211,28.238927841186523,74500
2023-08-21,32.880001068115234,33.04999923706055,31.959999084472656,32.150001525878906,27.586803436279297,87100
2023-08-22,32.18000030517578,32.18000030517578,31.360000610351562,31.450000762939453,26.986156463623047,86000
2023-08-23,31.34000015258789,31.610000610351562,31.040000915527344,31.450000762939453,26.986156463623047,74800
2023-08-24,31.5,32.029998779296875,31.309999465942383,31.5,27.0290584564209,127400
2023-08-25,31.399999618530273,31.459999084472656,30.90999984741211,31.059999465942383,26.907772064208984,52600
2023-08-28,31.149999618530273,31.6299991607666,30.950000762939453,31.209999084472656,27.037721633911133,64800
2023-08-29,31.270000457763672,31.719999313354492,31.15999984741211,31.59000015258789,27.366920471191406,49300
2023-08-30,31.59000015258789,31.68000030517578,31.030000686645508,31.059999465942383,26.907772064208984,97000
2023-08-31,31.1299991607666,31.6200008392334,31.1299991607666,31.299999237060547,27.115690231323242,73900
2023-09-01,31.540000915527344,32.0,31.540000915527344,31.969999313354492,27.69611930847168,71000
2023-09-05,31.6299991607666,31.6299991607666,30.209999084472656,30.670000076293945,26.56991195678711,96900
2023-09-06,30.770000457763672,30.84000015258789,29.299999237060547,29.350000381469727,25.426376342773438,80600
2023-09-07,29.18000030517578,29.610000610351562,29.0,29.549999237060547,25.59963607788086,135400
2023-09-08,29.260000228881836,30.100000381469727,28.889999389648438,29.959999084472656,25.95482635498047,110600
2023-09-11,30.040000915527344,30.799999237060547,30.040000915527344,30.450000762939453,26.379322052001953,104200
2023-09-12,30.290000915527344,31.059999465942383,30.290000915527344,30.829999923706055,26.708520889282227,100700
2023-09-13,30.81999969482422,31.079999923706055,30.700000762939453,30.969999313354492,26.82980728149414,84300
2023-09-14,31.299999237060547,31.549999237060547,31.0,31.209999084472656,27.037721633911133,55800
2023-09-15,31.1200008392334,31.270000457763672,30.8799991607666,30.889999389648438,26.760499954223633,268700
2023-09-18,30.950000762939453,31.170000076293945,30.229999542236328,30.3700008392334,26.310012817382812,82900
2023-09-19,30.3799991607666,31.079999923706055,30.3799991607666,30.93000030517578,26.795154571533203,70000
2023-09-20,31.06999969482422,31.399999618530273,30.790000915527344,30.790000915527344,26.67386817932129,43900
2023-09-21,30.559999465942383,30.559999465942383,29.600000381469727,29.6299991607666,25.6689395904541,70900
2023-09-22,29.81999969482422,29.81999969482422,28.860000610351562,28.889999389648438,25.02786636352539,60800
2023-09-25,28.860000610351562,29.360000610351562,28.520000457763672,28.81999969482422,24.967222213745117,56200
2023-09-26,28.700000762939453,29.149999618530273,28.139999389648438,28.139999389648438,24.378129959106445,101000
2023-09-27,28.219999313354492,28.860000610351562,28.219999313354492,28.389999389648438,24.594711303710938,63600
2023-09-28,28.40999984741211,28.989999771118164,28.40999984741211,28.739999771118164,24.897920608520508,81300
2023-09-29,28.899999618530273,29.049999237060547,28.600000381469727,28.780000686645508,24.932575225830078,67700
2023-10-02,28.81999969482422,29.280000686645508,28.6200008392334,29.100000381469727,25.209796905517578,94700
2023-10-03,28.959999084472656,29.0,28.1200008392334,28.329999923706055,24.54273223876953,52400
2023-10-04,28.190000534057617,28.489999771118164,27.639999389648438,27.8799991607666,24.15288543701172,64600
2023-10-05,27.84000015258789,27.84000015258789,27.040000915527344,27.59000015258789,23.901655197143555,80800
2023-10-06,27.65999984741211,28.09000015258789,27.489999771118164,27.809999465942383,24.092247009277344,40100
2023-10-09,27.809999465942383,28.520000457763672,27.739999771118164,28.34000015258789,24.551393508911133,58200
2023-10-10,28.5,28.93000030517578,28.5,28.510000228881836,24.69866943359375,53700
2023-10-11,28.639999389648438,28.940000534057617,28.170000076293945,28.389999389648438,24.594711303710938,43700
2023-10-12,28.350000381469727,28.350000381469727,27.290000915527344,27.770000457763672,24.057594299316406,64900
2023-10-13,28.100000381469727,28.100000381469727,27.479999542236328,27.520000457763672,23.841014862060547,63800
2023-10-16,27.8700008392334,27.959999084472656,27.43000030517578,27.59000015258789,23.901655197143555,73900
2023-10-17,27.600000381469727,28.020000457763672,27.420000076293945,27.969999313354492,24.23085594177246,99300
2023-10-18,27.959999084472656,28.350000381469727,27.850000381469727,28.030000686645508,24.282835006713867,51000
2023-10-19,27.889999389648438,28.420000076293945,27.530000686645508,27.860000610351562,24.135562896728516,111300
2023-10-20,28.06999969482422,28.84000015258789,27.8799991607666,28.450000762939453,24.646686553955078,132000
2023-10-23,28.010000228881836,28.1200008392334,26.790000915527344,27.049999237060547,23.43384552001953,95200
2023-10-24,27.260000228881836,27.3799991607666,26.520000457763672,26.979999542236328,23.373201370239258,57100
2023-10-25,26.780000686645508,27.1200008392334,26.360000610351562,26.969999313354492,23.364540100097656,72300
2023-10-26,27.1299991607666,27.1299991607666,26.200000762939453,26.260000228881836,22.74945640563965,54900
2023-10-27,26.459999084472656,26.489999771118164,25.719999313354492,25.90999984741211,22.446247100830078,51500
2023-10-30,26.06999969482422,26.25,25.600000381469727,25.670000076293945,22.238330841064453,92300
2023-10-31,25.670000076293945,26.09000015258789,25.420000076293945,26.049999237060547,22.567529678344727,69500
2023-11-01,26.18000030517578,26.209999084472656,25.139999389648438,26.139999389648438,22.645498275756836,110300
2023-11-02,28.190000534057617,28.40999984741211,26.18000030517578,27.760000228881836,24.048931121826172,157700
2023-11-03,28.329999923706055,29.489999771118164,28.1299991607666,29.350000381469727,25.426376342773438,110800
2023-11-06,29.110000610351562,29.760000228881836,28.600000381469727,29.75,25.772899627685547,81100
2023-11-07,29.56999969482422,29.75,29.200000762939453,29.260000228881836,25.348403930664062,88900
2023-11-08,29.040000915527344,29.200000762939453,28.709999084472656,29.0,25.1231632232666,74300
2023-11-09,29.309999465942383,29.469999313354492,28.739999771118164,28.780000686645508,24.932575225830078,71500
2023-11-10,28.729999542236328,29.110000610351562,28.540000915527344,28.920000076293945,25.053857803344727,66000
2023-11-13,29.200000762939453,30.0,28.979999542236328,29.979999542236328,25.972150802612305,89100
2023-11-14,30.540000915527344,31.59000015258789,30.459999084472656,31.530000686645508,27.31494140625,84200
2023-11-15,31.389999389648438,32.0,31.18000030517578,31.649999618530273,27.418901443481445,89700
2023-11-16,31.450000762939453,31.450000762939453,30.799999237060547,31.059999465942383,26.907772064208984,68900
2023-11-17,31.5,31.639999389648438,31.209999084472656,31.59000015258789,27.366920471191406,73500
2023-11-20,31.670000076293945,31.93000030517578,31.209999084472656,31.700000762939453,27.462217330932617,127200
2023-11-21,31.75,32.25,31.459999084472656,31.739999771118164,27.496868133544922,84700
2023-11-22,31.920000076293945,32.27000045776367,31.510000228881836,31.809999465942383,27.557510375976562,66000
2023-11-24,32.060001373291016,33.02000045776367,31.850000381469727,33.02000045776367,28.605754852294922,113000
2023-11-27,31.350000381469727,31.790000915527344,30.540000915527344,30.65999984741211,27.649822235107422,121000
2023-11-28,30.530000686645508,31.110000610351562,30.280000686645508,30.559999465942383,27.559640884399414,60500
2023-11-29,30.93000030517578,31.280000686645508,30.93000030517578,31.040000915527344,27.99251365661621,57500
2023-11-30,31.229999542236328,31.40999984741211,30.6299991607666,31.34000015258789,28.2630615234375,100100
2023-12-01,31.469999313354492,32.369998931884766,31.469999313354492,32.20000076293945,29.03862762451172,98400
2023-12-04,32.20000076293945,32.95000076293945,31.950000762939453,32.90999984741211,29.678918838500977,106500
2023-12-05,32.630001068115234,32.630001068115234,32.02000045776367,32.08000183105469,28.93041229248047,75700
2023-12-06,32.349998474121094,32.900001525878906,32.08000183105469,32.369998931884766,29.191932678222656,94200
2023-12-07,32.58000183105469,32.7400016784668,32.0099983215332,32.7400016784668,29.525611877441406,70500
2023-12-08,32.720001220703125,33.0,32.38999938964844,32.619998931884766,29.417388916015625,56700
2023-12-11,32.61000061035156,33.099998474121094,32.5099983215332,32.84000015258789,29.61579132080078,58800
2023-12-12,32.91999816894531,32.91999816894531,32.380001068115234,32.470001220703125,29.28211784362793,66100
2023-12-13,32.58000183105469,33.66999816894531,31.959999084472656,33.36000061035156,30.084741592407227,103700
2023-12-14,33.810001373291016,35.77000045776367,33.720001220703125,35.59000015258789,32.09579849243164,163900
2023-12-15,35.58000183105469,35.630001068115234,35.040000915527344,35.119998931884766,31.671945571899414,430700
2023-12-18,35.45000076293945,35.529998779296875,34.41999816894531,34.43000030517578,31.0496826171875,87500
2023-12-19,34.65999984741211,35.45000076293945,34.65999984741211,35.060001373291016,31.617835998535156,83500
2023-12-20,34.869998931884766,35.880001068115234,34.779998779296875,34.959999084472656,31.527650833129883,105500
2023-12-21,35.459999084472656,35.75,34.869998931884766,35.36000061035156,31.888376235961914,95000
2023-12-22,35.61000061035156,35.900001525878906,35.25,35.27000045776367,31.807212829589844,81500
2023-12-26,35.52000045776367,35.68000030517578,34.75,35.59000015258789,32.09579849243164,38400
2023-12-27,35.59000015258789,36.310001373291016,35.5099983215332,36.04999923706055,32.51063919067383,81800
2023-12-28,35.84000015258789,36.22999954223633,35.7599983215332,36.16999816894531,32.61885452270508,50400
2023-12-29,36.400001525878906,36.470001220703125,35.4900016784668,35.5,32.01463317871094,51300
2024-01-02,35.5099983215332,36.540000915527344,35.5099983215332,35.95000076293945,32.42045211791992,89100
2024-01-03,35.650001525878906,35.650001525878906,34.58000183105469,34.65999984741211,31.257108688354492,90400
2024-01-04,34.77000045776367,35.38999938964844,34.65999984741211,35.369998931884766,31.89739990234375,73400
2024-01-05,35.18000030517578,35.939998626708984,35.18000030517578,35.45000076293945,31.969545364379883,142700
2024-01-08,35.349998474121094,35.91999816894531,35.29999923706055,35.36000061035156,31.888376235961914,111200
2024-01-09,34.849998474121094,34.849998474121094,34.0,34.040000915527344,30.697978973388672,63400
2024-01-10,34.279998779296875,34.630001068115234,34.0,34.40999984741211,31.03165054321289,48800
2024-01-11,34.47999954223633,34.959999084472656,33.810001373291016,34.869998931884766,31.446483612060547,103000
2024-01-12,35.189998626708984,35.400001525878906,34.790000915527344,35.15999984741211,31.7080135345459,92200
2024-01-16,35.09000015258789,35.09000015258789,33.88999938964844,33.959999084472656,30.625823974609375,60700
2024-01-17,33.40999984741211,33.90999984741211,33.16999816894531,33.7400016784668,30.427431106567383,51300
2024-01-18,34.099998474121094,34.099998474121094,32.90999984741211,33.529998779296875,30.23804473876953,98800
2024-01-19,33.59000015258789,34.02000045776367,33.08000183105469,34.0099983215332,30.67091941833496,47700
2024-01-22,34.209999084472656,35.400001525878906,34.209999084472656,35.15999984741211,31.7080135345459,73400
2024-01-23,35.38999938964844,35.439998626708984,34.189998626708984,34.709999084472656,31.302196502685547,115000
2024-01-24,35.220001220703125,35.220001220703125,34.0099983215332,34.369998931884766,30.995576858520508,64800
2024-01-25,34.720001220703125,34.84000015258789,34.2400016784668,34.72999954223633,31.320232391357422,86000
2024-01-26,35.130001068115234,35.2400016784668,34.810001373291016,35.0,31.563724517822266,29400
2024-01-29,35.0,35.25,34.29999923706055,34.56999969482422,31.175941467285156,81400
2024-01-30,34.34000015258789,34.720001220703125,34.0099983215332,34.5099983215332,31.121829986572266,64100
2024-01-31,34.40999984741211,34.79999923706055,33.83000183105469,33.900001525878906,30.57172203063965,216500
2024-02-01,34.150001525878906,34.529998779296875,33.45000076293945,34.5,31.112817764282227,60000
2024-02-02,34.0099983215332,34.439998626708984,33.7400016784668,34.130001068115234,30.779142379760742,72400
2024-02-05,33.7599983215332,33.95000076293945,33.18000030517578,33.63999938964844,30.33724594116211,113500
2024-02-06,33.650001525878906,34.65999984741211,33.650001525878906,34.33000183105469,30.959508895874023,88500
2024-02-07,34.400001525878906,34.400001525878906,33.650001525878906,33.790000915527344,30.472522735595703,54300
2024-02-08,33.900001525878906,34.439998626708984,33.900001525878906,34.34000015258789,30.968523025512695,56300
2024-02-09,34.380001068115234,35.34000015258789,34.349998474121094,35.130001068115234,31.680965423583984,79800
2024-02-12,35.119998931884766,36.79999923706055,35.119998931884766,36.45000076293945,32.871368408203125,75300
2024-02-13,35.40999984741211,36.08000183105469,34.83000183105469,35.16999816894531,31.7170352935791,91700
2024-02-14,35.720001220703125,36.02000045776367,35.119998931884766,35.959999084472656,32.42947006225586,79100
2024-02-15,36.34000015258789,37.04999923706055,36.2599983215332,36.56999969482422,32.97957992553711,107800
2024-02-16,36.20000076293945,36.400001525878906,35.619998931884766,36.150001525878906,32.60081100463867,71800
2024-02-20,35.540000915527344,35.77000045776367,35.04999923706055,35.16999816894531,31.7170352935791,115300
2024-02-21,34.88999938964844,35.5,34.63999938964844,35.09000015258789,31.64488983154297,78600
2024-02-22,33.900001525878906,34.38999938964844,31.25,32.779998779296875,29.561681747436523,328700
2024-02-23,32.619998931884766,33.029998779296875,31.959999084472656,32.7599983215332,29.543642044067383,167400
2024-02-26,32.5,34.09000015258789,32.5,34.0099983215332,30.67091941833496,143000
2024-02-27,34.02000045776367,34.95000076293945,34.02000045776367,34.45000076293945,31.06772232055664,165900
2024-02-28,33.7400016784668,34.25,33.04999923706055,33.720001220703125,30.40939712524414,137300
2024-02-29,34.47999954223633,34.97999954223633,34.11000061035156,34.29999923706055,30.932449340820312,249300
2024-03-01,34.290000915527344,34.56999969482422,33.34000015258789,34.33000183105469,30.959508895874023,111900
2024-03-04,34.38999938964844,34.790000915527344,34.029998779296875,34.119998931884766,30.770118713378906,113300
2024-03-05,33.97999954223633,34.689998626708984,33.97999954223633,34.0,30.661903381347656,97400
2024-03-06,34.43000030517578,34.4900016784668,32.790000915527344,32.9900016784668,29.751062393188477,128700
2024-03-07,33.380001068115234,33.70000076293945,33.09000015258789,33.22999954223633,29.96750259399414,69900
2024-03-08,33.43000030517578,34.09000015258789,33.119998931884766,33.540000915527344,30.522624969482422,116800
2024-03-11,33.369998931884766,33.369998931884766,32.029998779296875,32.34000015258789,29.430578231811523,142800
2024-03-12,32.34000015258789,32.540000915527344,32.06999969482422,32.310001373291016,29.403278350830078,92900
2024-03-13,32.4900016784668,33.08000183105469,32.43000030517578,32.52000045776367,29.594383239746094,140800
2024-03-14,32.40999984741211,32.40999984741211,30.690000534057617,31.020000457763672,28.229331970214844,191100
2024-03-15,31.010000228881836,32.060001373291016,31.010000228881836,31.479999542236328,28.647947311401367,313600
2024-03-18,31.420000076293945,31.420000076293945,30.84000015258789,30.940000534057617,28.15652847290039,111600
2024-03-19,31.040000915527344,31.8700008392334,31.040000915527344,31.799999237060547,28.939159393310547,101500
2024-03-20,31.520000457763672,32.7400016784668,31.309999465942383,32.5,29.576181411743164,83900
2024-03-21,32.59000015258789,33.2599983215332,32.5,32.7599983215332,29.81279182434082,123400
2024-03-22,32.689998626708984,32.689998626708984,31.940000534057617,31.969999313354492,29.093862533569336,58400
2024-03-25,32.849998474121094,32.95000076293945,32.52000045776367,32.529998779296875,29.603485107421875,78100
2024-03-26,32.70000076293945,32.709999084472656,32.18000030517578,32.25,29.348676681518555,75900
2024-03-27,32.40999984741211,33.27000045776367,32.40999984741211,33.060001373291016,30.085805892944336,59800
2024-03-28,33.25,34.290000915527344,33.25,34.119998931884766,31.05044174194336,229100
2024-04-01,33.40999984741211,33.970001220703125,33.08000183105469,33.18000030517578,30.19500732421875,101400
2024-04-02,32.77000045776367,32.77000045776367,31.030000686645508,31.81999969482422,28.957359313964844,129700
2024-04-03,31.68000030517578,31.959999084472656,31.68000030517578,31.790000915527344,28.9300594329834,63200
2024-04-04,32.040000915527344,32.150001525878906,31.600000381469727,31.639999389648438,28.79355239868164,73200
2024-04-05,31.479999542236328,31.75,31.040000915527344,31.639999389648438,28.79355239868164,80500
2024-04-08,31.899999618530273,32.400001525878906,31.760000228881836,32.18000030517578,29.28497314453125,79400
2024-04-09,32.189998626708984,32.29999923706055,31.979999542236328,32.09000015258789,29.20307159423828,47900
2024-04-10,31.34000015258789,31.389999389648438,30.309999465942383,30.579999923706055,27.828914642333984,71100
2024-04-11,30.690000534057617,31.1200008392334,30.579999923706055,31.09000015258789,28.293033599853516,82200
2024-04-12,30.989999771118164,31.1200008392334,30.59000015258789,30.670000076293945,27.910818099975586,93200
2024-04-15,31.219999313354492,31.219999313354492,29.889999389648438,30.459999084472656,27.719709396362305,101300
2024-04-16,30.290000915527344,30.56999969482422,30.010000228881836,30.440000534057617,27.70151138305664,80000
2024-04-17,30.75,30.969999313354492,30.25,30.270000457763672,27.54680633544922,93200
2024-04-18,30.399999618530273,30.959999084472656,30.290000915527344,30.40999984741211,27.67420768737793,72100
2024-04-19,30.25,31.239999771118164,30.25,31.15999984741211,28.356735229492188,80800
2024-04-22,31.399999618530273,31.790000915527344,31.110000610351562,31.5,28.666149139404297,80400
2024-04-23,31.65999984741211,32.83000183105469,31.65999984741211,32.79999923706055,29.849193572998047,94500
2024-04-24,32.63999938964844,33.040000915527344,32.22999954223633,32.54999923706055,29.621685028076172,74600
2024-04-25,32.150001525878906,32.150001525878906,31.399999618530273,31.81999969482422,28.957359313964844,79900
2024-04-26,31.690000534057617,31.979999542236328,31.209999084472656,31.299999237060547,28.484142303466797,61400
2024-04-29,31.299999237060547,31.68000030517578,31.010000228881836,31.239999771118164,28.42953872680664,61800
2024-04-30,31.0,31.020000457763672,30.65999984741211,30.799999237060547,28.02912139892578,87200
2024-05-01,30.899999618530273,31.520000457763672,30.739999771118164,31.010000228881836,28.220232009887695,99100
2024-05-02,29.020000457763672,29.309999465942383,27.25,28.520000457763672,25.954240798950195,273000
2024-05-03,28.700000762939453,28.969999313354492,28.040000915527344,28.709999084472656,26.127145767211914,146500
2024-05-06,29.040000915527344,29.989999771118164,29.0,29.479999542236328,26.82787322998047,159900
2024-05-07,29.559999465942383,29.969999313354492,28.700000762939453,28.700000762939453,26.1180477142334,115200
2024-05-08,28.540000915527344,28.889999389648438,28.459999084472656,28.579999923706055,26.00884246826172,71100
2024-05-09,28.559999465942383,29.1299991607666,28.329999923706055,28.90999984741211,26.309152603149414,109000
2024-05-10,28.899999618530273,29.219999313354492,28.059999465942383,28.559999465942383,25.99064064025879,123400
2024-05-13,28.889999389648438,29.549999237060547,28.889999389648438,29.399999618530273,26.755069732666016,126800
2024-05-14,29.920000076293945,30.1299991607666,29.3700008392334,29.510000228881836,26.855175018310547,101700
2024-05-15,29.850000381469727,29.850000381469727,29.09000015258789,29.68000030517578,27.0098819732666,99500
2024-05-16,29.530000686645508,30.1299991607666,29.309999465942383,29.540000915527344,26.882478713989258,149500
2024-05-17,29.579999923706055,29.6200008392334,29.049999237060547,29.420000076293945,26.773273468017578,65300
2024-05-20,29.3799991607666,29.5,28.75,28.799999237060547,26.20905113220215,76900
2024-05-21,28.770000457763672,29.139999389648438,28.280000686645508,28.290000915527344,25.744930267333984,54600
2024-05-22,28.299999237060547,28.34000015258789,27.770000457763672,28.100000381469727,25.572025299072266,100700
2024-05-23,27.8799991607666,27.8799991607666,27.18000030517578,27.450000762939453,25.26825523376465,109300
2024-05-24,27.6200008392334,27.670000076293945,27.399999618530273,27.6299991607666,25.43394660949707,74300
2024-05-28,27.670000076293945,27.860000610351562,27.3799991607666,27.540000915527344,25.351102828979492,78900
2024-05-29,27.25,27.299999237060547,26.959999084472656,26.979999542236328,24.835607528686523,87700
2024-05-30,27.229999542236328,27.459999084472656,27.030000686645508,27.290000915527344,25.120969772338867,107000
2024-05-31,27.3700008392334,28.450000762939453,27.3700008392334,28.40999984741211,26.15195083618164,184900
2024-06-03,28.43000030517578,28.889999389648438,28.18000030517578,28.6200008392334,26.345260620117188,109800
2024-06-04,28.260000228881836,28.290000915527344,27.290000915527344,27.549999237060547,25.360305786132812,101000
2024-06-05,27.489999771118164,27.56999969482422,27.190000534057617,27.450000762939453,25.26825523376465,87400
2024-06-06,27.329999923706055,27.5,26.739999771118164,26.799999237060547,24.66991424560547,133400
2024-06-07,26.350000381469727,27.309999465942383,26.190000534057617,26.75,24.623891830444336,187100
2024-06-10,26.59000015258789,26.75,26.209999084472656,26.350000381469727,24.255680084228516,93000
2024-06-11,26.190000534057617,26.8799991607666,25.899999618530273,26.799999237060547,24.66991424560547,148000
2024-06-12,27.639999389648438,27.780000686645508,25.979999542236328,26.079999923706055,24.00714111328125,166800
2024-06-13,25.979999542236328,26.139999389648438,25.229999542236328,25.280000686645508,23.270727157592773,129100
2024-06-14,25.65999984741211,27.59000015258789,25.479999542236328,27.170000076293945,25.010509490966797,613200
2024-06-17,27.139999389648438,27.829999923706055,26.719999313354492,26.950000762939453,24.807994842529297,376600
2024-06-18,27.06999969482422,28.040000915527344,26.780000686645508,27.56999969482422,25.37871551513672,321000
2024-06-20,27.520000457763672,27.8700008392334,25.68000030517578,25.700000762939453,23.657344818115234,204600
2024-06-21,25.670000076293945,25.709999084472656,25.010000228881836,25.010000228881836,23.022188186645508,1750000
2024-06-24,25.200000762939453,25.649999618530273,25.049999237060547,25.09000015258789,23.095827102661133,148800
2024-06-25,25.06999969482422,25.1299991607666,23.969999313354492,24.18000030517578,22.258153915405273,109800
2024-06-26,24.209999084472656,24.6299991607666,24.030000686645508,24.579999923706055,22.626361846923828,238300
2024-06-27,24.43000030517578,24.719999313354492,24.260000228881836,24.31999969482422,22.387025833129883,132800
2024-06-28,24.450000762939453,25.540000915527344,24.450000762939453,25.290000915527344,23.27993392944336,276900
2024-07-01,25.149999618530273,25.56999969482422,24.40999984741211,24.600000381469727,22.644773483276367,133200
2024-07-02,24.579999923706055,24.729999542236328,24.270000457763672,24.270000457763672,22.34100341796875,76300
2024-07-03,24.260000228881836,24.639999389648438,24.030000686645508,24.040000915527344,22.12928009033203,67600
2024-07-05,24.0,24.209999084472656,23.149999618530273,23.489999771118164,21.622995376586914,149400
2024-07-08,23.690000534057617,24.239999771118164,23.510000228881836,23.969999313354492,22.064844131469727,120700
2024-07-09,23.93000030517578,23.93000030517578,23.09000015258789,23.229999542236328,21.38365936279297,179400
2024-07-10,23.350000381469727,23.940000534057617,23.31999969482422,23.65999984741211,21.77948570251465,130800
2024-07-11,24.280000686645508,25.059999465942383,23.989999771118164,24.860000610351562,22.884105682373047,151300
2024-07-12,25.09000015258789,25.579999923706055,24.690000534057617,25.079999923706055,23.086620330810547,164100
2024-07-15,25.329999923706055,26.020000457763672,25.0,25.270000457763672,23.26152229309082,165500
2024-07-16,25.559999465942383,26.780000686645508,25.559999465942383,26.700000762939453,24.577863693237305,136900
2024-07-17,26.649999618530273,27.5,26.549999237060547,27.15999984741211,25.001300811767578,130700
2024-07-18,26.90999984741211,27.549999237060547,26.170000076293945,26.43000030517578,24.32932472229004,90900
2024-07-19,26.450000762939453,26.450000762939453,25.84000015258789,26.0,23.93349838256836,88800
2024-07-22,26.010000228881836,26.860000610351562,25.450000762939453,26.649999618530273,24.53183937072754,104800
2024-07-23,26.520000457763672,26.84000015258789,26.040000915527344,26.399999618530273,24.301706314086914,92500
2024-07-24,26.34000015258789,26.719999313354492,25.959999084472656,26.190000534057617,24.108400344848633,107800
2024-07-25,26.329999923706055,27.559999465942383,26.329999923706055,27.43000030517578,25.24984359741211,150700
2024-07-26,27.549999237060547,27.860000610351562,26.950000762939453,27.809999465942383,25.599639892578125,116600
2024-07-29,27.850000381469727,28.360000610351562,27.56999969482422,28.270000457763672,26.0230770111084,103300
2024-07-30,28.350000381469727,28.829999923706055,28.030000686645508,28.610000610351562,26.336055755615234,133000
2024-07-31,28.459999084472656,29.5,27.8700008392334,29.270000457763672,26.9435977935791,315900
2024-08-01,28.6200008392334,29.850000381469727,26.690000534057617,29.56999969482422,27.219755172729492,280200
2024-08-02,28.40999984741211,29.59000015258789,28.020000457763672,29.239999771118164,26.915979385375977,209800
2024-08-05,27.850000381469727,28.219999313354492,27.350000381469727,27.93000030517578,25.71010398864746,130600
2024-08-06,28.200000762939453,29.040000915527344,27.5,28.56999969482422,26.299232482910156,143600
2024-08-07,28.719999313354492,29.020000457763672,27.6299991607666,27.84000015258789,25.62725257873535,119900
2024-08-08,28.1299991607666,28.40999984741211,27.860000610351562,28.3799991607666,26.12433433532715,96400
2024-08-09,28.690000534057617,28.780000686645508,28.329999923706055,28.610000610351562,26.336055755615234,105200
2024-08-12,28.850000381469727,29.030000686645508,28.399999618530273,28.549999237060547,26.28082275390625,144300
2024-08-13,28.469999313354492,29.06999969482422,28.170000076293945,28.959999084472656,26.65823745727539,157800
2024-08-14,29.18000030517578,29.18000030517578,27.90999984741211,27.93000030517578,25.71010398864746,91700
2024-08-15,28.770000457763672,29.510000228881836,28.770000457763672,29.079999923706055,26.768699645996094,107300
2024-08-16,29.040000915527344,29.540000915527344,28.940000534057617,29.239999771118164,26.915979385375977,136800
2024-08-19,29.110000610351562,29.1200008392334,28.600000381469727,28.899999618530273,26.60300636291504,131500
2024-08-20,28.809999465942383,28.809999465942383,28.079999923706055,28.450000762939453,26.188770294189453,104500
2024-08-21,28.850000381469727,28.850000381469727,28.209999084472656,28.579999923706055,26.308439254760742,113500
2024-08-22,28.5,28.5,26.010000228881836,26.440000534057617,24.33852767944336,388000
2024-08-23,26.790000915527344,28.350000381469727,26.579999923706055,28.1299991607666,25.89420509338379,315000
2024-08-26,27.90999984741211,27.90999984741211,26.59000015258789,26.920000076293945,25.065515518188477,217300
2024-08-27,26.989999771118164,27.219999313354492,26.610000610351562,27.049999237060547,25.186561584472656,114900
2024-08-28,27.010000228881836,27.59000015258789,26.979999542236328,27.350000381469727,25.465896606445312,217200
2024-08-29,27.739999771118164,27.770000457763672,27.049999237060547,27.110000610351562,25.242429733276367,210200
2024-08-30,27.34000015258789,27.579999923706055,26.889999389648438,27.399999618530273,25.512449264526367,234500
2024-09-03,27.1299991607666,27.239999771118164,26.329999923706055,26.809999465942383,24.96309471130371,153800
2024-09-04,26.639999389648438,26.84000015258789,25.149999618530273,25.719999313354492,23.948183059692383,209900
2024-09-05,25.700000762939453,25.989999771118164,25.18000030517578,25.200000762939453,23.464008331298828,222000
2024-09-06,25.059999465942383,25.790000915527344,25.059999465942383,25.579999923706055,23.817829132080078,188000
2024-09-09,24.780000686645508,25.329999923706055,23.81999969482422,24.920000076293945,23.20329475402832,486500
2024-09-10,25.149999618530273,25.200000762939453,24.489999771118164,25.1299991607666,23.398828506469727,335400
2024-09-11,24.989999771118164,25.75,24.829999923706055,25.510000228881836,23.75265121459961,293500
2024-09-12,25.65999984741211,25.979999542236328,25.059999465942383,25.90999984741211,24.12509536743164,325400
2024-09-13,26.3799991607666,27.3700008392334,26.309999465942383,27.049999237060547,25.186561584472656,269200
2024-09-16,26.979999542236328,27.5,25.850000381469727,26.360000610351562,24.544097900390625,642300
2024-09-17,26.709999084472656,26.950000762939453,26.3799991607666,26.65999984741211,24.823427200317383,520500
2024-09-18,26.68000030517578,28.530000686645508,26.43000030517578,27.280000686645508,25.40071678161621,665300
2024-09-19,27.860000610351562,28.31999969482422,27.280000686645508,27.459999084472656,25.568317413330078,642500
2024-09-20,27.15999984741211,28.15999984741211,27.030000686645508,27.549999237060547,25.652118682861328,4960800
2024-09-23,27.649999618530273,28.139999389648438,27.299999237060547,27.299999237060547,25.419340133666992,302100
2024-09-24,27.350000381469727,27.6299991607666,26.950000762939453,27.239999771118164,25.36347198486328,193400
2024-09-25,27.25,27.43000030517578,26.280000686645508,26.56999969482422,24.739627838134766,280800
2024-09-26,26.75,27.139999389648438,26.18000030517578,26.280000686645508,24.469606399536133,273400
2024-09-27,26.600000381469727,27.3700008392334,26.59000015258789,27.209999084472656,25.335538864135742,343700
2024-09-30,27.149999618530273,27.479999542236328,26.90999984741211,27.469999313354492,25.577627182006836,242200
2024-10-01,27.469999313354492,27.469999313354492,26.780000686645508,27.030000686645508,25.167940139770508,215900
2024-10-02,26.950000762939453,26.979999542236328,26.079999923706055,26.079999923706055,24.283384323120117,134800
2024-10-03,25.899999618530273,26.100000381469727,25.6299991607666,25.799999237060547,24.02267074584961,149200
2024-10-04,26.219999313354492,27.030000686645508,26.219999313354492,27.010000228881836,25.149316787719727,269600
2024-10-07,26.75,26.780000686645508,26.06999969482422,26.5,24.674449920654297,189000
2024-10-08,26.520000457763672,26.610000610351562,25.860000610351562,25.979999542236328,24.19027328491211,152300
2024-10-09,25.920000076293945,26.06999969482422,25.219999313354492,25.31999969482422,23.57573699951172,174600
2024-10-10,25.09000015258789,25.40999984741211,24.90999984741211,25.40999984741211,23.65953826904297,214300
2024-10-11,25.34000015258789,25.65999984741211,25.299999237060547,25.610000610351562,23.845760345458984,149900
2024-10-14,25.709999084472656,25.780000686645508,25.420000076293945,25.559999465942383,23.799203872680664,121200
2024-10-15,25.520000457763672,26.1299991607666,25.479999542236328,25.719999313354492,23.948183059692383,149100
2024-10-16,25.940000534057617,26.34000015258789,25.90999984741211,26.040000915527344,24.24614143371582,165500
2024-10-17,26.040000915527344,26.100000381469727,25.299999237060547,25.649999618530273,23.883005142211914,158000
2024-10-18,25.790000915527344,25.829999923706055,25.3700008392334,25.540000915527344,23.78058433532715,140300
2024-10-21,25.5,25.59000015258789,25.200000762939453,25.3799991607666,23.63160514831543,268100
2024-10-22,25.34000015258789,25.34000015258789,24.690000534057617,24.739999771118164,23.035694122314453,233400
2024-10-23,24.6200008392334,24.920000076293945,24.149999618530273,24.43000030517578,22.747051239013672,150600
2024-10-24,24.3700008392334,24.530000686645508,23.760000228881836,23.8700008392334,22.225627899169922,205300
2024-10-25,24.100000381469727,24.360000610351562,23.610000610351562,23.739999771118164,22.104581832885742,145700
2024-10-28,23.809999465942383,24.280000686645508,23.809999465942383,24.209999084472656,22.542203903198242,155900
2024-10-29,24.020000457763672,24.31999969482422,23.809999465942383,24.299999237060547,22.626005172729492,148500
2024-10-30,23.93000030517578,24.780000686645508,23.84000015258789,23.940000534057617,22.290809631347656,199700
2024-10-31,22.510000228881836,22.959999084472656,21.610000610351562,22.149999618530273,20.624114990234375,529400
2024-11-01,22.719999313354492,22.889999389648438,21.84000015258789,21.959999084472656,20.44720458984375,192400
2024-11-04,21.809999465942383,22.1200008392334,21.709999084472656,21.899999618530273,20.391338348388672,188100
2024-11-05,22.049999237060547,22.299999237060547,21.6299991607666,22.290000915527344,20.754472732543945,150800
2024-11-06,23.3799991607666,23.700000762939453,22.809999465942383,23.360000610351562,21.750762939453125,249900
2024-11-07,23.299999237060547,23.450000762939453,22.65999984741211,22.860000610351562,21.285205841064453,221000
2024-11-08,22.81999969482422,23.020000457763672,22.360000610351562,22.940000534057617,21.35969352722168,212800
2024-11-11,23.059999465942383,23.229999542236328,22.739999771118164,23.15999984741211,21.564538955688477,131600
2024-11-12,22.93000030517578,23.190000534057617,22.3700008392334,22.469999313354492,20.92207145690918,191600
2024-11-13,22.799999237060547,23.030000686645508,22.360000610351562,22.420000076293945,20.87551498413086,208700
2024-11-14,22.459999084472656,22.700000762939453,22.170000076293945,22.489999771118164,20.94069480895996,202400
2024-11-15,22.59000015258789,22.8700008392334,22.200000762939453,22.540000915527344,20.987253189086914,178200
2024-11-18,22.65999984741211,23.290000915527344,22.65999984741211,23.219999313354492,21.620405197143555,174400
2024-11-19,22.940000534057617,23.270000457763672,22.5,22.850000381469727,21.275894165039062,197000
2024-11-20,22.780000686645508,22.780000686645508,22.229999542236328,22.600000381469727,21.04311752319336,234700
2024-11-21,22.670000076293945,23.299999237060547,22.469999313354492,23.1299991607666,21.536603927612305,174300
2024-11-22,23.200000762939453,23.690000534057617,23.100000381469727,23.549999237060547,21.927669525146484,195700
2024-11-25,23.790000915527344,24.90999984741211,23.790000915527344,24.610000610351562,22.91465187072754,184800
2024-11-26,24.09000015258789,24.149999618530273,23.549999237060547,23.829999923706055,22.480697631835938,170600
2024-11-27,23.93000030517578,24.329999923706055,23.8700008392334,24.059999465942383,22.69767189025879,100600
2024-11-29,24.0,24.18000030517578,23.610000610351562,23.610000610351562,22.273155212402344,94300
2024-12-02,23.780000686645508,24.149999618530273,23.350000381469727,23.829999923706055,22.480697631835938,171700
2024-12-03,23.8799991607666,23.8799991607666,23.239999771118164,23.309999465942383,21.99013900756836,132700
2024-12-04,23.25,23.440000534057617,23.010000228881836,23.260000228881836,21.94297218322754,157800
2024-12-05,23.25,23.670000076293945,23.25,23.350000381469727,22.027875900268555,144800
2024-12-06,23.540000915527344,23.540000915527344,22.399999618530273,22.700000762939453,21.41468048095703,105100
2024-12-09,22.81999969482422,23.8700008392334,22.81999969482422,23.719999313354492,22.376924514770508,169900
2024-12-10,23.59000015258789,23.920000076293945,23.059999465942383,23.540000915527344,22.20711898803711,118700
2024-12-11,23.690000534057617,23.719999313354492,23.239999771118164,23.40999984741211,22.0844783782959,162300
2024-12-12,23.479999542236328,23.479999542236328,22.8700008392334,23.18000030517578,21.867502212524414,80800
2024-12-13,23.219999313354492,23.280000686645508,22.68000030517578,22.920000076293945,21.622222900390625,108600
2024-12-16,22.780000686645508,22.989999771118164,22.549999237060547,22.56999969482422,21.292041778564453,102100
2024-12-17,22.420000076293945,23.049999237060547,22.420000076293945,23.020000457763672,21.716562271118164,139300
2024-12-18,23.0,23.3700008392334,21.950000762939453,22.1299991607666,20.876953125,169900
2024-12-19,22.389999389648438,22.479999542236328,21.459999084472656,21.59000015258789,20.367528915405273,110500
2024-12-20,21.139999389648438,21.950000762939453,21.139999389648438,21.670000076293945,20.443002700805664,383900
2024-12-23,21.65999984741211,21.829999923706055,21.31999969482422,21.809999465942383,20.575071334838867,121100
2024-12-24,21.81999969482422,22.030000686645508,21.6200008392334,22.0,20.754314422607422,74500
2024-12-26,21.850000381469727,22.260000228881836,21.760000228881836,22.200000762939453,20.942989349365234,134500
2024-12-27,22.100000381469727,22.329999923706055,22.0,22.110000610351562,20.858089447021484,111200
2024-12-30,22.0,22.139999389648438,21.690000534057617,21.979999542236328,20.73544692993164,151300
2024-12-31,22.059999465942383,22.440000534057617,22.059999465942383,22.260000228881836,20.99959373474121,95500
2025-01-02,22.450000762939453,22.790000915527344,21.799999237060547,21.899999618530273,20.659976959228516,117600
2025-01-03,21.899999618530273,22.100000381469727,21.440000534057617,21.979999542236328,20.73544692993164,76000
2025-01-06,22.059999465942383,22.530000686645508,21.950000762939453,22.229999542236328,20.97129249572754,82300
2025-01-07,22.290000915527344,22.520000457763672,21.610000610351562,21.709999084472656,20.48073387145996,155400
2025-01-08,21.520000457763672,21.68000030517578,21.06999969482422,21.559999465942383,20.339229583740234,124300
2025-01-10,21.260000228881836,21.489999771118164,21.049999237060547,21.489999771118164,20.273191452026367,133700
2025-01-13,21.229999542236328,21.739999771118164,21.209999084472656,21.709999084472656,20.48073387145996,89700
2025-01-14,21.690000534057617,22.020000457763672,21.549999237060547,21.989999771118164,20.744882583618164,100500
2025-01-15,22.489999771118164,22.6200008392334,22.100000381469727,22.3700008392334,21.103364944458008,70500
2025-01-16,22.3799991607666,22.479999542236328,22.049999237060547,22.440000534057617,21.169401168823242,94700
2025-01-17,22.649999618530273,22.649999618530273,22.25,22.34000015258789,21.07506561279297,69300
2025-01-21,22.59000015258789,22.809999465942383,22.56999969482422,22.6299991607666,21.348642349243164,63600
2025-01-22,22.40999984741211,22.770000457763672,22.200000762939453,22.6299991607666,21.348642349243164,131100
2025-01-23,22.540000915527344,22.950000762939453,22.31999969482422,22.940000534057617,21.641090393066406,95500
2025-01-24,22.84000015258789,22.920000076293945,22.549999237060547,22.90999984741211,21.612791061401367,77400
2025-01-27,23.020000457763672,23.549999237060547,23.010000228881836,23.139999389648438,21.82976531982422,103200
2025-01-28,23.010000228881836,23.239999771118164,22.770000457763672,23.079999923706055,21.773164749145508,73400
2025-01-29,23.18000030517578,23.18000030517578,22.5,22.860000610351562,21.56562042236328,88700
2025-01-30,23.149999618530273,23.799999237060547,22.8799991607666,23.559999465942383,22.225984573364258,129200
2025-01-31,23.440000534057617,23.5,22.389999389648438,22.43000030517578,21.159969329833984,167000
2025-02-03,22.06999969482422,22.31999969482422,21.6299991607666,21.690000534057617,20.461868286132812,120300
2025-02-04,21.6200008392334,22.030000686645508,21.540000915527344,21.940000534057617,20.697711944580078,114500
2025-02-05,22.139999389648438,22.170000076293945,21.780000686645508,22.100000381469727,20.84865379333496,82800
2025-02-06,22.18000030517578,22.420000076293945,22.030000686645508,22.030000686645508,20.782615661621094,98400
2025-02-07,21.920000076293945,21.920000076293945,21.489999771118164,21.6200008392334,20.395832061767578,103700
2025-02-10,21.75,22.040000915527344,21.639999389648438,21.969999313354492,20.72601318359375,90700
2025-02-11,21.850000381469727,22.5,21.84000015258789,22.260000228881836,20.99959373474121,100100
2025-02-12,21.920000076293945,22.469999313354492,21.65999984741211,21.739999771118164,20.509035110473633,84300
2025-02-13,21.920000076293945,22.270000457763672,21.68000030517578,22.100000381469727,20.84865379333496,74600
2025-02-14,22.31999969482422,22.6299991607666,21.81999969482422,21.93000030517578,20.688278198242188,96500
2025-02-18,21.799999237060547,22.110000610351562,21.799999237060547,22.09000015258789,20.83922004699707,66000
2025-02-19,21.829999923706055,21.940000534057617,21.610000610351562,21.809999465942383,20.575071334838867,80200
2025-02-20,21.700000762939453,21.700000762939453,21.200000762939453,21.639999389648438,20.41469955444336,154400
2025-02-21,21.920000076293945,21.920000076293945,21.079999923706055,21.139999389648438,19.943010330200195,159600
2025-02-24,21.149999618530273,21.59000015258789,21.040000915527344,21.09000015258789,19.895841598510742,197300
2025-02-25,24.0,24.149999618530273,21.700000762939453,23.0,21.69769287109375,574800
2025-02-26,22.899999618530273,23.010000228881836,22.239999771118164,22.489999771118164,21.216569900512695,172800
2025-02-27,22.3799991607666,22.799999237060547,21.729999542236328,22.739999771118164,21.452415466308594,181200
2025-02-28,22.739999771118164,22.8700008392334,22.170000076293945,22.829999923706055,21.537317276000977,612000
2025-03-03,22.950000762939453,23.3799991607666,22.270000457763672,22.270000457763672,21.0090274810791,176200
2025-03-04,21.8700008392334,22.09000015258789,21.350000381469727,21.549999237060547,20.32979393005371,209500
2025-03-05,21.56999969482422,21.959999084472656,21.260000228881836,21.8700008392334,20.631677627563477,151400
2025-03-06,21.43000030517578,22.1200008392334,21.229999542236328,21.969999313354492,21.033777236938477,178300
2025-03-07,22.18000030517578,22.239999771118164,21.690000534057617,21.81999969482422,20.89017105102539,127400
2025-03-10,21.770000457763672,22.31999969482422,21.739999771118164,22.200000762939453,21.253978729248047,194700
2025-03-11,22.34000015258789,22.34000015258789,21.6200008392334,22.1200008392334,21.17738914489746,200300
2025-03-12,22.209999084472656,22.25,21.290000915527344,21.639999389648438,20.71784210205078,229300
2025-03-13,21.639999389648438,21.739999771118164,20.739999771118164,20.790000915527344,19.904062271118164,209300
2025-03-14,20.979999542236328,21.25,20.3700008392334,21.139999389648438,20.239147186279297,220400
2025-03-17,21.239999771118164,21.790000915527344,21.06999969482422,21.59000015258789,20.669971466064453,158300
2025-03-18,21.450000762939453,21.670000076293945,21.15999984741211,21.639999389648438,20.71784210205078,159300
2025-03-19,21.709999084472656,21.829999923706055,21.1299991607666,21.600000381469727,20.679548263549805,160700
2025-03-20,21.360000610351562,21.809999465942383,21.229999542236328,21.280000686645508,20.37318229675293,210000
2025-03-21,21.020000457763672,21.170000076293945,20.760000228881836,20.860000610351562,19.971080780029297,230700
2025-03-24,21.1299991607666,21.610000610351562,21.06999969482422,21.350000381469727,20.440200805664062,157000
2025-03-25,21.200000762939453,21.239999771118164,20.639999389648438,20.670000076293945,19.78917694091797,155900
2025-03-26,20.649999618530273,20.780000686645508,19.899999618530273,20.1200008392334,19.262615203857422,214200
2025-03-27,20.190000534057617,20.860000610351562,19.899999618530273,20.75,19.865768432617188,179400
2025-03-28,20.700000762939453,20.700000762939453,19.829999923706055,20.219999313354492,19.35835075378418,150500
2025-03-31,19.8799991607666,19.90999984741211,19.56999969482422,19.719999313354492,18.87965965270996,128400
2025-04-01,19.639999389648438,20.020000457763672,19.31999969482422,19.850000381469727,19.004119873046875,182600
2025-04-02,19.6299991607666,20.65999984741211,19.6299991607666,20.559999465942383,19.683862686157227,158200
2025-04-03,19.459999084472656,19.479999542236328,17.780000686645508,17.8799991607666,17.118066787719727,205800
2025-04-04,17.309999465942383,18.899999618530273,17.219999313354492,18.739999771118164,17.941421508789062,202300
2025-04-07,18.270000457763672,19.389999389648438,17.809999465942383,18.270000457763672,17.4914493560791,160400
2025-04-08,18.600000381469727,18.799999237060547,17.280000686645508,17.479999542236328,16.7351131439209,126700
2025-04-09,17.31999969482422,19.309999465942383,17.270000457763672,18.68000030517578,17.88397789001465,138600
2025-04-10,18.229999542236328,18.34000015258789,17.65999984741211,18.170000076293945,17.39571189880371,148400
2025-04-11,18.18000030517578,18.31999969482422,17.5,18.18000030517578,17.405284881591797,91500
2025-04-14,18.530000686645508,18.899999618530273,17.770000457763672,17.860000610351562,17.098920822143555,106300
2025-04-15,17.719999313354492,18.030000686645508,17.31999969482422,17.3700008392334,16.629802703857422,130700
2025-04-16,17.420000076293945,17.469999313354492,17.010000228881836,17.190000534057617,16.45747184753418,96000
2025-04-17,17.1200008392334,17.770000457763672,17.1200008392334,17.709999084472656,16.955310821533203,107000
2025-04-21,17.440000534057617,17.5,17.09000015258789,17.3700008392334,16.629802703857422,130300
2025-04-22,17.5,17.889999389648438,17.34000015258789,17.850000381469727,17.089345932006836,121400
2025-04-23,18.40999984741211,18.719999313354492,17.889999389648438,18.020000457763672,17.252103805541992,175800
2025-04-24,18.030000686645508,18.34000015258789,17.780000686645508,18.309999465942383,17.529743194580078,113700
2025-04-25,18.1200008392334,18.260000228881836,17.969999313354492,18.239999771118164,17.46272850036621,143800
2025-04-28,18.010000228881836,18.3700008392334,17.959999084472656,18.31999969482422,17.539318084716797,132700
2025-04-29,18.09000015258789,18.399999618530273,18.059999465942383,18.3799991607666,17.59676170349121,110500
2025-04-30,18.15999984741211,18.329999923706055,17.760000228881836,18.15999984741211,17.386137008666992,154100
2025-05-01,19.770000457763672,20.68000030517578,19.200000762939453,19.739999771118164,18.898805618286133,208000
2025-05-02,19.700000762939453,20.600000381469727,19.59000015258789,20.200000762939453,19.33920669555664,161700
2025-05-05,19.989999771118164,20.110000610351562,19.290000915527344,19.450000762939453,18.621164321899414,129800
2025-05-06,19.309999465942383,19.309999465942383,18.690000534057617,18.850000381469727,18.046733856201172,117300
2025-05-07,19.049999237060547,19.170000076293945,18.700000762939453,18.809999465942383,18.008438110351562,127100
2025-05-08,19.049999237060547,19.43000030517578,18.809999465942383,19.3799991607666,18.554147720336914,76600
2025-05-09,19.440000534057617,19.479999542236328,19.139999389648438,19.18000030517578,18.3626708984375,128000
2025-05-12,20.360000610351562,21.31999969482422,20.010000228881836,21.0,20.105113983154297,192200
2025-05-13,21.15999984741211,21.15999984741211,20.700000762939453,20.760000228881836,19.875341415405273,83600
2025-05-14,20.6200008392334,21.100000381469727,20.549999237060547,21.0,20.105113983154297,168300
2025-05-15,20.8700008392334,21.229999542236328,20.84000015258789,21.18000030517578,20.27744483947754,94700
2025-05-16,21.270000457763672,21.360000610351562,20.90999984741211,21.100000381469727,20.20085334777832,94800
2025-05-19,20.639999389648438,20.8799991607666,20.40999984741211,20.809999465942383,19.92321014404297,116500
2025-05-20,20.90999984741211,21.040000915527344,20.709999084472656,20.770000457763672,19.884916305541992,85000
2025-05-21,20.479999542236328,20.709999084472656,20.3700008392334,20.690000534057617,19.808324813842773,235500
2025-05-22,20.40999984741211,20.639999389648438,20.3799991607666,20.469999313354492,19.597698211669922,117000
2025-05-23,19.940000534057617,20.31999969482422,19.940000534057617,20.25,19.387073516845703,125300
2025-05-27,20.5,21.209999084472656,20.25,21.18000030517578,20.27744483947754,108100
2025-05-28,21.1200008392334,21.350000381469727,20.81999969482422,20.90999984741211,20.01894760131836,125500
2025-05-29,20.850000381469727,21.059999465942383,20.6200008392334,20.760000228881836,19.875341415405273,82500
2025-05-30,20.530000686645508,21.149999618530273,20.530000686645508,20.959999084472656,20.066818237304688,131000
2025-06-02,20.559999465942383,21.0,19.84000015258789,19.850000381469727,19.298757553100586,175800
2025-06-03,19.81999969482422,20.18000030517578,19.540000915527344,19.760000228881836,19.21125602722168,117100
2025-06-04,19.729999542236328,19.860000610351562,19.540000915527344,19.6299991607666,19.084867477416992,104500
2025-06-05,19.559999465942383,19.75,19.450000762939453,19.579999923706055,19.0362548828125,100400
2025-06-06,19.790000915527344,19.889999389648438,19.489999771118164,19.790000915527344,19.24042510986328,96700
2025-06-09,19.959999084472656,20.3799991607666,19.860000610351562,20.31999969482422,19.755704879760742,95000
2025-06-10,20.540000915527344,20.889999389648438,20.31999969482422,20.770000457763672,20.193208694458008,100300
2025-06-11,20.93000030517578,20.969999313354492,19.90999984741211,19.93000030517578,19.376535415649414,109200
2025-06-12,19.729999542236328,20.020000457763672,19.520000457763672,19.969999313354492,19.415424346923828,145600
2025-06-13,19.5,19.860000610351562,19.31999969482422,19.399999618530273,18.86125373840332,103000
2025-06-16,19.600000381469727,20.09000015258789,19.40999984741211,20.09000015258789,19.532093048095703,80400
2025-06-17,20.020000457763672,20.489999771118164,19.8799991607666,19.989999771118164,19.43486976623535,142100
2025-06-18,20.010000228881836,20.469999313354492,20.010000228881836,20.25,19.68764877319336,94400
2025-06-20,20.399999618530273,20.450000762939453,20.040000915527344,20.260000228881836,19.697372436523438,249400
2025-06-23,20.040000915527344,20.200000762939453,19.34000015258789,19.899999618530273,19.347370147705078,94800
2025-06-24,20.040000915527344,20.270000457763672,19.780000686645508,20.06999969482422,19.51264762878418,72100
2025-06-25,20.139999389648438,20.209999084472656,19.90999984741211,20.190000534057617,19.629316329956055,68900
2025-06-26,20.299999237060547,20.530000686645508,20.18000030517578,20.5,19.930706024169922,108000
2025-06-27,20.600000381469727,20.729999542236328,20.34000015258789,20.40999984741211,19.84320640563965,210400
2025-06-30,20.540000915527344,20.700000762939453,20.280000686645508,20.350000381469727,19.784873962402344,102300
2025-07-01,20.139999389648438,22.110000610351562,20.079999923706055,21.6299991607666,21.029325485229492,120900
2025-07-02,21.75,22.280000686645508,21.6200008392334,22.149999618530273,21.53488540649414,142600
2025-07-03,22.260000228881836,22.43000030517578,22.049999237060547,22.399999618530273,21.777942657470703,58200
2025-07-07,22.139999389648438,22.510000228881836,21.989999771118164,22.06999969482422,21.457107543945312,97200
2025-07-08,22.139999389648438,22.450000762939453,21.829999923706055,22.030000686645508,21.4182186126709,96300
2025-07-09,22.18000030517578,22.18000030517578,21.84000015258789,22.040000915527344,21.427940368652344,77600
2025-07-10,21.93000030517578,23.1299991607666,21.93000030517578,22.8700008392334,22.234891891479492,121800
2025-07-11,22.530000686645508,22.59000015258789,22.200000762939453,22.239999771118164,21.622386932373047,98200
2025-07-14,22.1299991607666,22.469999313354492,21.59000015258789,21.979999542236328,21.369606018066406,99700
2025-07-15,21.889999389648438,21.889999389648438,20.760000228881836,20.780000686645508,20.202930450439453,110300
2025-07-16,20.979999542236328,21.110000610351562,20.450000762939453,20.770000457763672,20.193208694458008,95500
2025-07-17,20.8799991607666,21.139999389648438,20.780000686645508,20.8700008392334,20.29043197631836,76800
2025-07-18,21.0,21.079999923706055,20.59000015258789,20.719999313354492,20.144596099853516,65700
2025-07-21,20.790000915527344,21.049999237060547,20.610000610351562,20.940000534057617,20.358488082885742,84000
2025-07-22,21.030000686645508,21.81999969482422,21.030000686645508,21.59000015258789,20.990436553955078,69400
2025-07-23,21.84000015258789,22.280000686645508,21.6299991607666,22.209999084472656,21.593217849731445,62000
2025-07-24,22.020000457763672,22.079999923706055,21.1200008392334,21.25,20.659879684448242,70700
2025-07-25,21.399999618530273,21.43000030517578,20.93000030517578,21.40999984741211,20.8154354095459,108700
2025-07-28,21.489999771118164,21.920000076293945,21.360000610351562,21.8700008392334,21.262662887573242,74300
2025-07-29,21.959999084472656,21.959999084472656,21.040000915527344,21.139999389648438,20.552932739257812,80200
2025-07-30,21.34000015258789,21.510000228881836,20.809999465942383,20.8700008392334,20.29043197631836,73000
2025-07-31,20.600000381469727,20.760000228881836,19.530000686645508,20.6299991607666,20.057096481323242,132200
2025-08-01,20.5,20.600000381469727,20.06999969482422,20.399999618530273,19.833484649658203,114100
2025-08-04,20.559999465942383,20.940000534057617,20.559999465942383,20.829999923706055,20.251541137695312,63600
2025-08-05,20.84000015258789,21.389999389648438,20.809999465942383,21.3799991607666,20.78626823425293,89700
2025-08-06,21.399999618530273,21.5,21.149999618530273,21.209999084472656,20.620988845825195,58300
2025-08-07,21.389999389648438,21.389999389648438,20.959999084472656,21.270000457763672,20.679323196411133,55300
2025-08-08,21.239999771118164,21.75,20.850000381469727,21.18000030517578,20.59182357788086,115800
2025-08-11,21.329999923706055,21.329999923706055,20.809999465942383,21.06999969482422,20.484878540039062,51400
2025-08-12,21.329999923706055,22.31999969482422,21.309999465942383,22.209999084472656,21.593217849731445,115200
2025-08-13,22.25,23.15999984741211,22.139999389648438,23.139999389648438,22.497392654418945,88000
2025-08-14,22.670000076293945,23.06999969482422,22.170000076293945,22.670000076293945,22.04044532775879,87400
2025-08-15,22.739999771118164,22.809999465942383,22.049999237060547,22.43000030517578,21.807109832763672,167100
2025-08-18,22.5,22.729999542236328,22.360000610351562,22.43000030517578,21.807109832763672,64600
2025-08-19,22.639999389648438,23.190000534057617,22.639999389648438,22.940000534057617,22.302947998046875,73000
2025-08-20,22.709999084472656,22.81999969482422,22.329999923706055,22.350000381469727,21.729331970214844,73600
2025-08-21,22.18000030517578,22.399999618530273,21.84000015258789,22.270000457763672,21.651554107666016,144400
2025-08-22,22.549999237060547,23.489999771118164,22.510000228881836,23.360000610351562,22.711284637451172,181400
2025-08-25,22.81999969482422,23.309999465942383,22.459999084472656,23.079999923706055,22.750713348388672,155200
2025-08-26,23.260000228881836,23.389999389648438,22.829999923706055,22.940000534057617,22.61271095275879,123000
2025-08-27,22.8700008392334,23.030000686645508,22.729999542236328,22.889999389648438,22.56342315673828,75500
2025-08-28,22.950000762939453,22.950000762939453,22.329999923706055,22.520000457763672,22.19870376586914,70200
2025-08-29,22.610000610351562,22.639999389648438,22.329999923706055,22.549999237060547,22.228273391723633,110300
2025-09-02,22.170000076293945,22.649999618530273,22.170000076293945,22.440000534057617,22.119844436645508,109000
2025-09-03,22.360000610351562,22.600000381469727,22.139999389648438,22.270000457763672,21.9522705078125,132200
2025-09-04,22.469999313354492,23.610000610351562,22.329999923706055,23.56999969482422,23.233720779418945,146600
2025-09-05,23.690000534057617,24.15999984741211,23.549999237060547,24.0,23.6575870513916,138500
2025-09-08,24.010000228881836,24.010000228881836,23.389999389648438,23.670000076293945,23.332294464111328,84700
2025-09-09,23.56999969482422,23.56999969482422,23.059999465942383,23.540000915527344,23.204151153564453,81800
2025-09-10,23.399999618530273,23.709999084472656,23.149999618530273,23.3700008392334,23.036575317382812,91200
2025-09-11,23.5,24.0,23.40999984741211,23.969999313354492,23.628013610839844,78100
2025-09-12,23.790000915527344,23.790000915527344,22.670000076293945,22.790000915527344,22.46485137939453,87900
2025-09-15,22.989999771118164,23.190000534057617,22.65999984741211,23.15999984741211,22.829570770263672,74800
2025-09-16,23.280000686645508,23.329999923706055,22.799999237060547,22.979999542236328,22.65213966369629,82300
2025-09-17,22.989999771118164,24.34000015258789,22.920000076293945,23.34000015258789,23.007003784179688,127400
2025-09-18,23.469999313354492,23.809999465942383,23.18000030517578,23.760000228881836,23.421010971069336,85900
2025-09-19,23.65999984741211,23.739999771118164,22.6200008392334,22.65999984741211,22.33670425415039,330200
2025-09-22,22.649999618530273,22.969999313354492,22.309999465942383,22.709999084472656,22.385990142822266,107800
2025-09-23,22.920000076293945,23.360000610351562,22.56999969482422,22.780000686645508,22.454994201660156,90600
2025-09-24,22.709999084472656,22.8700008392334,22.350000381469727,22.610000610351562,22.287418365478516,68600
2025-09-25,22.350000381469727,22.489999771118164,22.020000457763672,22.290000915527344,21.97198486328125,58600
2025-09-26,22.229999542236328,22.489999771118164,22.190000534057617,22.450000762939453,22.129701614379883,72500
2025-09-29,22.5,22.5,22.0,22.1200008392334,21.804410934448242,71200
2025-09-30,21.959999084472656,22.1299991607666,21.770000457763672,21.93000030517578,21.61712074279785,108500
2025-10-01,21.889999389648438,21.920000076293945,21.350000381469727,21.459999084472656,21.153825759887695,72900
2025-10-02,21.43000030517578,21.5,21.139999389648438,21.360000610351562,21.055253982543945,90600
2025-10-03,21.440000534057617,21.790000915527344,21.399999618530273,21.489999771118164,21.18339729309082,57900
2025-10-06,21.530000686645508,21.68000030517578,21.059999465942383,21.079999923706055,20.779247283935547,85700
2025-10-07,21.010000228881836,21.010000228881836,20.360000610351562,20.3700008392334,20.079378128051758,91000
2025-10-08,20.3799991607666,20.950000762939453,20.31999969482422,20.899999618530273,20.60181427001953,79400
2025-10-09,20.719999313354492,20.719999313354492,20.15999984741211,20.290000915527344,20.000518798828125,93900
2025-10-10,20.309999465942383,20.6200008392334,19.889999389648438,19.989999771118164,19.704797744750977,121900
2025-10-13,20.290000915527344,20.479999542236328,20.010000228881836,20.1200008392334,19.832944869995117,116800
2025-10-14,20.0,20.690000534057617,20.0,20.459999084472656,20.168092727661133,107200
2025-10-15,20.579999923706055,21.010000228881836,20.450000762939453,20.709999084472656,20.414525985717773,134100
2025-10-16,20.68000030517578,20.809999465942383,20.139999389648438,20.149999618530273,19.86251449584961,124200
2025-10-17,20.18000030517578,20.559999465942383,20.049999237060547,20.079999923706055,19.793514251708984,118200
2025-10-20,20.270000457763672,20.549999237060547,20.09000015258789,20.190000534057617,19.901945114135742,78800
2025-10-21,20.1299991607666,20.649999618530273,20.09000015258789,20.290000915527344,20.000518798828125,89500
2025-10-22,20.270000457763672,20.530000686645508,20.110000610351562,20.270000457763672,19.980804443359375,101600
2025-10-23,20.440000534057617,20.610000610351562,20.15999984741211,20.31999969482422,20.03009033203125,76600
2025-10-24,20.510000228881836,20.729999542236328,20.34000015258789,20.440000534057617,20.148378372192383,61300
2025-10-27,20.530000686645508,21.139999389648438,20.420000076293945,20.420000076293945,20.128664016723633,85000
2025-10-28,20.280000686645508,20.979999542236328,20.280000686645508,20.799999237060547,20.50324058532715,97600
2025-10-29,20.799999237060547,21.030000686645508,20.059999465942383,20.219999313354492,19.931516647338867,110400
2025-10-30,21.850000381469727,23.329999923706055,21.600000381469727,21.649999618530273,21.341114044189453,149400
2025-10-31,21.700000762939453,23.040000915527344,21.579999923706055,21.809999465942383,21.498830795288086,157100
2025-11-03,21.899999618530273,23.09000015258789,21.649999618530273,22.729999542236328,22.40570640563965,244400
2025-11-04,22.1299991607666,22.8799991607666,22.1299991607666,22.469999313354492,22.149415969848633,168100
2025-11-05,22.43000030517578,23.40999984741211,22.43000030517578,23.18000030517578,22.849287033081055,158700
2025-11-06,22.93000030517578,23.18000030517578,22.360000610351562,22.389999389648438,22.070556640625,116800
2025-11-07,22.40999984741211,22.639999389648438,21.8799991607666,21.959999084472656,21.646690368652344,105800
2025-11-10,22.360000610351562,22.6200008392334,22.139999389648438,22.43000030517578,22.109987258911133,120200
2025-11-11,22.579999923706055,23.209999084472656,22.229999542236328,22.600000381469727,22.27756118774414,93800
2025-11-12,22.68000030517578,23.059999465942383,22.68000030517578,22.850000381469727,22.52399444580078,83000
2025-11-13,22.790000915527344,23.149999618530273,22.549999237060547,22.950000762939453,22.622568130493164,203700
2025-11-14,22.84000015258789,22.940000534057617,22.399999618530273,22.559999465942383,22.238130569458008,124100
2025-11-17,22.399999618530273,22.81999969482422,22.270000457763672,22.440000534057617,22.119844436645508,209900
2025-11-18,22.219999313354492,22.450000762939453,21.93000030517578,22.260000228881836,21.942411422729492,99700
2025-11-19,22.520000457763672,22.850000381469727,22.34000015258789,22.3799991607666,22.060699462890625,98500
2025-11-20,22.520000457763672,22.829999923706055,22.25,22.329999923706055,22.01141357421875,129600
2025-11-21,22.540000915527344,23.3700008392334,22.450000762939453,23.18000030517578,22.849287033081055,98300
2025-11-24,23.0,23.290000915527344,22.719999313354492,23.1299991607666,22.799999237060547,112600
2025-11-25,23.0,24.190000534057617,23.0,24.18000030517578,24.18000030517578,105200
2025-11-26,23.959999084472656,24.459999084472656,23.899999618530273,24.149999618530273,24.149999618530273,89100
2025-11-28,24.3700008392334,24.3700008392334,23.700000762939453,23.799999237060547,23.799999237060547,49800
2025-12-01,23.56999969482422,24.850000381469727,23.56999969482422,24.280000686645508,24.280000686645508,265900
2025-12-02,24.3700008392334,24.3700008392334,23.850000381469727,23.959999084472656,23.959999084472656,76200
2025-12-03,24.09000015258789,24.719999313354492,24.09000015258789,24.260000228881836,24.260000228881836,75600
2025-12-04,24.209999084472656,24.34000015258789,23.81999969482422,24.0,24.0,83900
2025-12-05,23.93000030517578,24.440000534057617,23.219999313354492,23.790000915527344,23.790000915527344,56700
2025-12-08,24.059999465942383,24.100000381469727,23.559999465942383,23.709999084472656,23.709999084472656,112900
2025-12-09,23.489999771118164,23.889999389648438,23.489999771118164,23.700000762939453,23.700000762939453,61500
2025-12-10,23.670000076293945,24.889999389648438,23.639999389648438,24.520000457763672,24.520000457763672,209400
2025-12-11,24.670000076293945,25.200000762939453,24.309999465942383,25.020000457763672,25.020000457763672,104000
2025-12-12,25.100000381469727,25.1200008392334,24.59000015258789,24.68000030517578,24.68000030517578,90000
2025-12-15,24.889999389648438,25.049999237060547,24.489999771118164,25.030000686645508,25.030000686645508,171600
2025-12-16,25.110000610351562,25.270000457763672,24.579999923706055,24.579999923706055,24.579999923706055,93000
2025-12-17,24.420000076293945,25.06999969482422,24.420000076293945,24.549999237060547,24.549999237060547,74500
2025-12-18,24.850000381469727,25.170000076293945,24.610000610351562,25.110000610351562,25.110000610351562,173800
2025-12-19,24.940000534057617,25.010000228881836,24.229999542236328,24.280000686645508,24.280000686645508,209100
2025-12-22,24.200000762939453,24.389999389648438,23.93000030517578,23.940000534057617,23.940000534057617,76900
2025-12-23,23.950000762939453,23.950000762939453,23.489999771118164,23.729999542236328,23.729999542236328,109600
2025-12-24,23.670000076293945,23.8700008392334,23.600000381469727,23.739999771118164,23.739999771118164,49900
2025-12-26,23.639999389648438,24.209999084472656,23.600000381469727,24.100000381469727,24.100000381469727,80500
2025-12-29,24.079999923706055,24.100000381469727,23.59000015258789,23.719999313354492,23.719999313354492,69600
2025-12-30,23.579999923706055,23.989999771118164,23.450000762939453,23.6299991607666,23.6299991607666,73800
