date,open,high,low,close,adj_close,volume
,JGH,JGH,JGH,JGH,JGH,JGH
2020-01-02,16.40999984741211,16.530000686645508,16.399999618530273,16.489999771118164,9.306428909301758,61700
2020-01-03,16.459999084472656,16.513999938964844,16.43000030517578,16.489999771118164,9.306428909301758,65600
2020-01-06,16.469999313354492,16.520000457763672,16.43000030517578,16.520000457763672,9.323356628417969,65600
2020-01-07,16.520000457763672,16.549999237060547,16.510000228881836,16.520000457763672,9.323356628417969,44000
2020-01-08,16.530000686645508,16.610000610351562,16.530000686645508,16.56999969482422,9.351576805114746,46500
2020-01-09,16.56999969482422,16.65999984741211,16.56999969482422,16.579999923706055,9.357219696044922,56000
2020-01-10,16.600000381469727,16.68600082397461,16.600000381469727,16.65999984741211,9.40237045288086,39500
2020-01-13,16.68000030517578,16.739999771118164,16.63599967956543,16.670000076293945,9.408011436462402,50000
2020-01-14,16.59000015258789,16.655000686645508,16.56999969482422,16.6299991607666,9.442989349365234,52300
2020-01-15,16.6299991607666,16.690000534057617,16.6200008392334,16.690000534057617,9.477057456970215,48200
2020-01-16,16.690000534057617,16.7549991607666,16.649999618530273,16.739999771118164,9.505448341369629,79400
2020-01-17,16.75,16.860000610351562,16.670000076293945,16.700000762939453,9.482738494873047,70100
2020-01-21,16.690000534057617,16.770000457763672,16.6200008392334,16.739999771118164,9.505448341369629,45100
2020-01-22,16.770000457763672,16.799999237060547,16.690000534057617,16.780000686645508,9.528162002563477,42300
2020-01-23,16.799999237060547,16.799999237060547,16.649999618530273,16.68000030517578,9.471383094787598,40000
2020-01-24,16.719999313354492,16.719999313354492,16.65999984741211,16.670000076293945,9.465699195861816,48200
2020-01-27,16.600000381469727,16.600000381469727,16.3700008392334,16.420000076293945,9.323745727539062,43000
2020-01-28,16.440000534057617,16.549999237060547,16.40399932861328,16.530000686645508,9.386202812194824,35200
2020-01-29,16.479999542236328,16.639999389648438,16.479999542236328,16.639999389648438,9.448665618896484,37700
2020-01-30,16.639999389648438,16.739999771118164,16.604000091552734,16.739999771118164,9.505448341369629,34300
2020-01-31,16.739999771118164,16.739999771118164,16.600000381469727,16.6299991607666,9.442989349365234,24600
2020-02-03,16.68000030517578,16.739999771118164,16.649999618530273,16.68000030517578,9.471383094787598,30300
2020-02-04,16.81999969482422,16.81999969482422,16.6299991607666,16.6299991607666,9.442989349365234,69900
2020-02-05,16.649999618530273,16.780000686645508,16.628999710083008,16.719999313354492,9.49409294128418,93600
2020-02-06,16.719999313354492,16.760000228881836,16.68000030517578,16.68000030517578,9.471383094787598,45200
2020-02-07,16.700000762939453,16.760000228881836,16.68000030517578,16.709999084472656,9.488414764404297,35800
2020-02-10,16.719999313354492,16.719999313354492,16.670000076293945,16.690000534057617,9.477057456970215,31400
2020-02-11,16.690000534057617,16.729999542236328,16.690000534057617,16.700000762939453,9.482738494873047,58400
2020-02-12,16.790000915527344,16.84000015258789,16.709999084472656,16.790000915527344,9.533841133117676,102600
2020-02-13,16.65999984741211,16.75,16.649999618530273,16.75,9.569026947021484,91200
2020-02-14,16.75,16.799999237060547,16.6200008392334,16.6200008392334,9.494760513305664,64200
2020-02-18,16.639999389648438,16.68000030517578,16.579999923706055,16.65999984741211,9.517611503601074,84600
2020-02-19,16.65999984741211,16.739999771118164,16.65999984741211,16.739999771118164,9.563315391540527,48000
2020-02-20,16.75,16.829999923706055,16.709999084472656,16.829999923706055,9.614730834960938,39300
2020-02-21,16.770000457763672,16.829999923706055,16.760000228881836,16.790000915527344,9.591880798339844,42900
2020-02-24,16.670000076293945,16.739999771118164,16.399999618530273,16.459999084472656,9.40335464477539,56600
2020-02-25,16.56999969482422,16.579999923706055,16.149999618530273,16.15999984741211,9.231966972351074,150300
2020-02-26,16.239999771118164,16.334999084472656,16.1200008392334,16.200000762939453,9.254823684692383,67400
2020-02-27,16.100000381469727,16.1299991607666,15.789999961853027,15.850000381469727,9.054872512817383,191000
2020-02-28,15.649999618530273,15.651000022888184,15.300999641418457,15.579999923706055,8.900625228881836,188000
2020-03-02,15.600000381469727,15.859999656677246,15.579999923706055,15.829999923706055,9.043444633483887,119500
2020-03-03,15.859999656677246,16.083999633789062,15.600000381469727,15.619999885559082,8.923477172851562,80200
2020-03-04,15.770000457763672,16.149999618530273,15.756999969482422,16.1200008392334,9.209118843078613,111500
2020-03-05,16.020000457763672,16.110000610351562,15.539999961853027,15.630000114440918,8.929186820983887,80300
2020-03-06,15.449999809265137,15.479999542236328,15.220000267028809,15.479999542236328,8.843493461608887,102900
2020-03-09,14.949999809265137,14.949999809265137,14.020999908447266,14.0600004196167,8.032268524169922,125100
2020-03-10,14.5600004196167,14.5600004196167,14.12399959564209,14.279999732971191,8.157952308654785,88100
2020-03-11,14.260000228881836,14.260000228881836,13.8100004196167,13.8100004196167,7.889449596405029,127900
2020-03-12,13.220000267028809,13.338000297546387,12.170000076293945,12.449999809265137,7.165209770202637,164400
2020-03-13,12.850000381469727,13.020000457763672,12.734999656677246,13.020000457763672,7.493258953094482,76300
2020-03-16,12.319999694824219,12.319999694824219,11.5,11.649999618530273,6.704798221588135,148900
2020-03-17,11.680000305175781,11.949000358581543,11.350000381469727,11.779999732971191,6.779613494873047,140300
2020-03-18,11.130000114440918,11.130000114440918,9.859999656677246,9.979999542236328,5.743680000305176,204000
2020-03-19,9.829999923706055,11.170000076293945,9.401000022888184,11.069999694824219,6.370995998382568,502800
2020-03-20,11.180000305175781,11.6899995803833,10.550000190734863,10.550000190734863,6.071726322174072,1169200
2020-03-23,10.359999656677246,10.460000038146973,9.239999771118164,9.390000343322754,5.4041242599487305,164600
2020-03-24,9.600000381469727,10.1899995803833,9.510000228881836,9.920000076293945,5.709149360656738,280700
2020-03-25,10.100000381469727,10.9399995803833,10.100000381469727,10.720000267028809,6.169562816619873,106000
2020-03-26,10.569999694824219,11.359999656677246,10.569999694824219,11.079999923706055,6.37675142288208,134000
2020-03-27,10.819999694824219,11.229999542236328,10.699999809265137,11.180000305175781,6.434300899505615,124400
2020-03-30,11.180000305175781,11.4399995803833,11.100000381469727,11.300000190734863,6.503365993499756,128600
2020-03-31,11.100000381469727,11.609999656677246,11.100000381469727,11.180000305175781,6.434300899505615,116200
2020-04-01,11.180000305175781,11.369000434875488,10.779999732971191,10.84000015258789,6.238627910614014,94200
2020-04-02,10.90999984741211,11.289999961853027,10.90999984741211,11.119999885559082,6.399773120880127,40700
2020-04-03,11.119999885559082,11.15999984741211,10.760000228881836,10.8100004196167,6.2213616371154785,80200
2020-04-06,10.920000076293945,11.189000129699707,10.920000076293945,11.0,6.330708980560303,90900
2020-04-07,11.199999809265137,11.520000457763672,11.199999809265137,11.329999923706055,6.520631790161133,81900
2020-04-08,11.369999885559082,11.819999694824219,11.369999885559082,11.770000457763672,6.773859024047852,52700
2020-04-09,12.0600004196167,13.029999732971191,12.0600004196167,12.3100004196167,7.084640979766846,231100
2020-04-13,12.359999656677246,12.633999824523926,12.085000038146973,12.229999542236328,7.038597106933594,173100
2020-04-14,12.329999923706055,12.569999694824219,12.277999877929688,12.5,7.254249572753906,97400
2020-04-15,12.319999694824219,12.529999732971191,12.09000015258789,12.529999732971191,7.271659851074219,66800
2020-04-16,12.510000228881836,12.510000228881836,12.25,12.380000114440918,7.1846089363098145,34400
2020-04-17,12.4399995803833,12.4399995803833,12.149999618530273,12.220000267028809,7.091753959655762,61400
2020-04-20,11.970000267028809,12.199000358581543,11.800000190734863,11.880000114440918,6.894439697265625,82700
2020-04-21,11.720000267028809,11.75,11.520000457763672,11.619999885559082,6.743550777435303,137800
2020-04-22,11.670000076293945,11.864999771118164,11.670000076293945,11.829999923706055,6.865422248840332,98800
2020-04-23,11.829999923706055,11.961000442504883,11.829999923706055,11.880000114440918,6.894439697265625,62100
2020-04-24,11.859999656677246,11.899999618530273,11.789999961853027,11.859999656677246,6.882833003997803,47800
2020-04-27,11.880000114440918,11.92300033569336,11.880000114440918,11.890000343322754,6.900241374969482,32100
2020-04-28,11.850000381469727,11.880000114440918,11.770000457763672,11.850000381469727,6.877027988433838,35900
2020-04-29,11.899999618530273,12.260000228881836,11.899999618530273,12.170000076293945,7.062738418579102,59800
2020-04-30,12.050000190734863,12.194999694824219,12.050000190734863,12.119999885559082,7.033719062805176,65900
2020-05-01,12.010000228881836,12.039999961853027,11.88599967956543,11.949999809265137,6.935062408447266,63300
2020-05-04,11.960000038146973,12.109999656677246,11.869999885559082,12.100000381469727,7.02211332321167,74600
2020-05-05,12.140000343322754,12.289999961853027,12.140000343322754,12.289999961853027,7.132379055023193,52900
2020-05-06,12.34000015258789,12.420000076293945,12.300000190734863,12.399999618530273,7.196215629577637,91000
2020-05-07,12.479999542236328,12.520000457763672,12.3100004196167,12.359999656677246,7.173001766204834,62100
2020-05-08,12.420000076293945,12.510000228881836,12.420000076293945,12.460000038146973,7.231034278869629,60100
2020-05-11,12.420000076293945,12.5,12.371000289916992,12.479999542236328,7.242640972137451,45000
2020-05-12,12.520000457763672,12.600000381469727,12.4399995803833,12.4399995803833,7.219427108764648,56800
2020-05-13,12.359999656677246,12.390000343322754,12.109999656677246,12.130000114440918,7.039523124694824,82900
2020-05-14,11.949999809265137,12.005999565124512,11.850000381469727,11.960000038146973,6.999489784240723,54900
2020-05-15,11.789999961853027,11.920000076293945,11.789999961853027,11.869999885559082,6.946815490722656,68100
2020-05-18,12.0,12.229000091552734,11.91100025177002,12.100000381469727,7.081422805786133,60500
2020-05-19,12.09000015258789,12.175000190734863,12.069999694824219,12.170000076293945,7.122389793395996,21000
2020-05-20,12.25,12.380999565124512,12.25,12.369999885559082,7.239436626434326,66500
2020-05-21,12.350000381469727,12.449999809265137,12.350000381469727,12.420000076293945,7.2686991691589355,40200
2020-05-22,12.470000267028809,12.529999732971191,12.399999618530273,12.460000038146973,7.2921061515808105,56500
2020-05-26,12.609999656677246,12.729999542236328,12.59000015258789,12.680000305175781,7.420865535736084,49500
2020-05-27,12.829999923706055,12.84000015258789,12.6899995803833,12.75,7.461828708648682,96100
2020-05-28,12.75,12.9399995803833,12.75,12.84000015258789,7.514500617980957,97500
2020-05-29,12.829999923706055,13.029999732971191,12.829999923706055,13.029999732971191,7.625697135925293,33400
2020-06-01,13.0600004196167,13.25,13.031000137329102,13.239999771118164,7.748600482940674,94600
2020-06-02,13.239999771118164,13.380000114440918,13.239999771118164,13.289999961853027,7.777859687805176,63000
2020-06-03,13.350000381469727,13.720000267028809,13.279999732971191,13.539999961853027,7.924173355102539,98500
2020-06-04,13.510000228881836,13.600000381469727,13.460000038146973,13.489999771118164,7.8949103355407715,39700
2020-06-05,13.720000267028809,13.800000190734863,13.649999618530273,13.649999618530273,7.988546848297119,50000
2020-06-08,13.760000228881836,13.880000114440918,13.690999984741211,13.75,8.04707145690918,43500
2020-06-09,13.520000457763672,13.6899995803833,13.520000457763672,13.609999656677246,7.965140342712402,76700
2020-06-10,13.640000343322754,13.640000343322754,13.520000457763672,13.5600004196167,7.935873031616211,85200
2020-06-11,13.0600004196167,13.289999961853027,12.920000076293945,12.920000076293945,7.56132173538208,120200
2020-06-12,12.90999984741211,13.140000343322754,12.90999984741211,13.010000228881836,7.664810657501221,43600
2020-06-15,12.6899995803833,13.079999923706055,12.6899995803833,13.0600004196167,7.6942644119262695,174900
2020-06-16,13.25,13.3100004196167,13.1899995803833,13.210000038146973,7.782639026641846,40800
2020-06-17,13.270000457763672,13.300000190734863,13.069999694824219,13.180000305175781,7.764965057373047,118800
2020-06-18,13.180000305175781,13.239999771118164,13.170999526977539,13.239999771118164,7.800314903259277,34200
2020-06-19,13.319999694824219,13.319999694824219,13.170000076293945,13.180000305175781,7.764965057373047,29800
2020-06-22,13.199999809265137,13.25,13.15999984741211,13.239999771118164,7.800314903259277,42300
2020-06-23,13.270000457763672,13.329999923706055,13.270000457763672,13.300000190734863,7.835662841796875,46400
2020-06-24,13.199999809265137,13.24899959564209,13.039999961853027,13.100000381469727,7.717833995819092,52600
2020-06-25,13.020000457763672,13.116999626159668,13.020000457763672,13.069999694824219,7.70015811920166,42000
2020-06-26,13.0,13.050000190734863,12.920000076293945,12.930000305175781,7.617676734924316,53200
2020-06-29,13.039999961853027,13.100000381469727,12.899999618530273,13.0,7.658918857574463,55500
2020-06-30,13.0,13.25,13.0,13.25,7.806204319000244,94700
2020-07-01,13.279999732971191,13.369999885559082,13.170000076293945,13.319999694824219,7.847446918487549,39000
2020-07-02,13.420000076293945,13.454999923706055,13.3100004196167,13.34000015258789,7.85922908782959,28800
2020-07-06,13.369999885559082,13.449999809265137,13.350000381469727,13.350000381469727,7.865118026733398,49700
2020-07-07,13.34000015258789,13.4399995803833,13.314000129699707,13.350000381469727,7.865118026733398,100300
2020-07-08,13.40999984741211,13.40999984741211,13.319999694824219,13.329999923706055,7.853335380554199,32500
2020-07-09,13.319999694824219,13.359999656677246,13.300000190734863,13.3100004196167,7.841556072235107,56200
2020-07-10,13.319999694824219,13.380000114440918,13.3100004196167,13.380000114440918,7.8827924728393555,17000
2020-07-13,13.390000343322754,13.460000038146973,13.25,13.279999732971191,7.823879718780518,67600
2020-07-14,13.210000038146973,13.3100004196167,13.170000076293945,13.260000228881836,7.8628153800964355,43000
2020-07-15,13.220000267028809,13.350000381469727,13.220000267028809,13.270000457763672,7.8687424659729,21700
2020-07-16,13.25,13.25,13.1899995803833,13.220000267028809,7.839089870452881,28700
2020-07-17,13.199999809265137,13.260000228881836,13.170000076293945,13.210000038146973,7.833165168762207,36500
2020-07-20,13.229999542236328,13.270000457763672,13.229999542236328,13.239999771118164,7.850953102111816,34700
2020-07-21,13.3100004196167,13.369999885559082,13.260000228881836,13.289999961853027,7.880599498748779,32100
2020-07-22,13.220000267028809,13.380000114440918,13.220000267028809,13.3100004196167,7.892460346221924,38300
2020-07-23,13.3100004196167,13.380000114440918,13.279999732971191,13.291000366210938,7.881193161010742,14600
2020-07-24,13.300000190734863,13.399999618530273,13.270000457763672,13.34000015258789,7.910252094268799,31000
2020-07-27,13.34000015258789,13.5,13.34000015258789,13.5,8.005125045776367,63600
2020-07-28,13.4399995803833,13.489999771118164,13.390000343322754,13.460000038146973,7.9814066886901855,44200
2020-07-29,13.59000015258789,13.670000076293945,13.539999961853027,13.65999984741211,8.099998474121094,43700
2020-07-30,13.529999732971191,13.6899995803833,13.510000228881836,13.680000305175781,8.111862182617188,35500
2020-07-31,13.680000305175781,13.789999961853027,13.630000114440918,13.789999961853027,8.177085876464844,23500
2020-08-03,13.90999984741211,13.90999984741211,13.640000343322754,13.850000381469727,8.212667465209961,37000
2020-08-04,13.920000076293945,13.920000076293945,13.800000190734863,13.920000076293945,8.254173278808594,25700
2020-08-05,13.979999542236328,14.0600004196167,13.970000267028809,14.0600004196167,8.337190628051758,40100
2020-08-06,14.0600004196167,14.170000076293945,14.0,14.100000381469727,8.360909461975098,43100
2020-08-07,14.140000343322754,14.14900016784668,14.079999923706055,14.109999656677246,8.366835594177246,30300
2020-08-10,14.15999984741211,14.279999732971191,14.119999885559082,14.220000267028809,8.432065963745117,28200
2020-08-11,14.319999694824219,14.342000007629395,14.300000190734863,14.3100004196167,8.485433578491211,93900
2020-08-12,14.34000015258789,14.442999839782715,14.314000129699707,14.359999656677246,8.515079498291016,84700
2020-08-13,14.199999809265137,14.359999656677246,14.199999809265137,14.300000190734863,8.530389785766602,73200
2020-08-14,14.34000015258789,14.350000381469727,14.220000267028809,14.239999771118164,8.494595527648926,53900
2020-08-17,14.260000228881836,14.319999694824219,14.25,14.279999732971191,8.518455505371094,43700
2020-08-18,14.239999771118164,14.28499984741211,14.180000305175781,14.279999732971191,8.518455505371094,45200
2020-08-19,14.34000015258789,14.34000015258789,14.210000038146973,14.25,8.50055980682373,65900
2020-08-20,14.270000457763672,14.270000457763672,14.1899995803833,14.210000038146973,8.476696968078613,59100
2020-08-21,14.199999809265137,14.199999809265137,14.130000114440918,14.170000076293945,8.452835083007812,21100
2020-08-24,14.15999984741211,14.300000190734863,14.119999885559082,14.130000114440918,8.428977012634277,41200
2020-08-25,14.109999656677246,14.180000305175781,14.079999923706055,14.079999923706055,8.399149894714355,14400
2020-08-26,14.069999694824219,14.118000030517578,14.010000228881836,14.039999961853027,8.375284194946289,42100
2020-08-27,14.079999923706055,14.119999885559082,14.069999694824219,14.09000015258789,8.405117988586426,30300
2020-08-28,14.199999809265137,14.25,14.09000015258789,14.140000343322754,8.434942245483398,53900
2020-08-31,14.039999961853027,14.109999656677246,14.039999961853027,14.100000381469727,8.411083221435547,27800
2020-09-01,14.15999984741211,14.192999839782715,14.088000297546387,14.130000114440918,8.428977012634277,65100
2020-09-02,14.109999656677246,14.239999771118164,14.109999656677246,14.15999984741211,8.446868896484375,38000
2020-09-03,14.199999809265137,14.229999542236328,14.180000305175781,14.180000305175781,8.45880126953125,49800
2020-09-04,14.279999732971191,14.279999732971191,14.154999732971191,14.180000305175781,8.45880126953125,37100
2020-09-08,14.180000305175781,14.260000228881836,14.050000190734863,14.140000343322754,8.434942245483398,60400
2020-09-09,14.239999771118164,14.289999961853027,14.180999755859375,14.289999961853027,8.524422645568848,52400
2020-09-10,14.260000228881836,14.359999656677246,14.229999542236328,14.329999923706055,8.548280715942383,42300
2020-09-11,14.380000114440918,14.420000076293945,14.34000015258789,14.399999618530273,8.590035438537598,44700
2020-09-14,14.319999694824219,14.420000076293945,14.3100004196167,14.420000076293945,8.653444290161133,38300
2020-09-15,14.470000267028809,14.470000267028809,14.380000114440918,14.420000076293945,8.653444290161133,20600
2020-09-16,14.470000267028809,14.579999923706055,14.446999549865723,14.550000190734863,8.731457710266113,38900
2020-09-17,14.479999542236328,14.579000473022461,14.4399995803833,14.489999771118164,8.695451736450195,50300
2020-09-18,14.449999809265137,14.50100040435791,14.350000381469727,14.380000114440918,8.62944221496582,37000
2020-09-21,14.100000381469727,14.270000457763672,14.100000381469727,14.270000457763672,8.563429832458496,50000
2020-09-22,14.239999771118164,14.282999992370605,14.15999984741211,14.199999809265137,8.521422386169434,27500
2020-09-23,14.170000076293945,14.1850004196167,13.800000190734863,13.829999923706055,8.299384117126465,27800
2020-09-24,13.720000267028809,13.8149995803833,13.579999923706055,13.59000015258789,8.155360221862793,117200
2020-09-25,13.510000228881836,13.569999694824219,13.449999809265137,13.470000267028809,8.083348274230957,53200
2020-09-28,13.510000228881836,13.630000114440918,13.510000228881836,13.569999694824219,8.143359184265137,77100
2020-09-29,13.609999656677246,13.609999656677246,13.470000267028809,13.520000457763672,8.113353729248047,81200
2020-09-30,13.5,13.579999923706055,13.489999771118164,13.529999732971191,8.119357109069824,163200
2020-10-01,13.619999885559082,13.640000343322754,13.550000190734863,13.569999694824219,8.143359184265137,36300
2020-10-02,13.399999618530273,13.609999656677246,13.399999618530273,13.59000015258789,8.155360221862793,55800
2020-10-05,13.609999656677246,13.729999542236328,13.609999656677246,13.729999542236328,8.239376068115234,56000
2020-10-06,13.729999542236328,13.819999694824219,13.729999542236328,13.770000457763672,8.263381004333496,31600
2020-10-07,13.8100004196167,13.875,13.8100004196167,13.84000015258789,8.305388450622559,53100
2020-10-08,13.899999618530273,13.960000038146973,13.890000343322754,13.899999618530273,8.341390609741211,21400
2020-10-09,13.960000038146973,13.979999542236328,13.90999984741211,13.90999984741211,8.347393989562988,35400
2020-10-12,13.920000076293945,14.020000457763672,13.90999984741211,13.930000305175781,8.359396934509277,51600
2020-10-13,13.930000305175781,13.994999885559082,13.850000381469727,13.859999656677246,8.317387580871582,25400
2020-10-14,13.84000015258789,13.9399995803833,13.79699993133545,13.869999885559082,8.37514877319336,38900
2020-10-15,13.829999923706055,13.869999885559082,13.75,13.869999885559082,8.37514877319336,62500
2020-10-16,13.850000381469727,13.850000381469727,13.800000190734863,13.800000190734863,8.332878112792969,41900
2020-10-19,13.829999923706055,13.850000381469727,13.739999771118164,13.760000228881836,8.308728218078613,89800
2020-10-20,13.84000015258789,13.859999656677246,13.760000228881836,13.800000190734863,8.332878112792969,25900
2020-10-21,13.84000015258789,13.850000381469727,13.791000366210938,13.829999923706055,8.350995063781738,12000
2020-10-22,13.779999732971191,13.890000343322754,13.779999732971191,13.850000381469727,8.36307430267334,53500
2020-10-23,13.850000381469727,13.930000305175781,13.850000381469727,13.859999656677246,8.369108200073242,33300
2020-10-26,13.850000381469727,13.869999885559082,13.710000038146973,13.760000228881836,8.308728218078613,27800
2020-10-27,13.829999923706055,13.829999923706055,13.729999542236328,13.75,8.302688598632812,21800
2020-10-28,13.59000015258789,13.600000381469727,13.399999618530273,13.460000038146973,8.127574920654297,38400
2020-10-29,13.5,13.630000114440918,13.494999885559082,13.600000381469727,8.212116241455078,26400
2020-10-30,13.630000114440918,13.65999984741211,13.5600004196167,13.609999656677246,8.218153953552246,33000
2020-11-02,13.630000114440918,13.699999809265137,13.630000114440918,13.630000114440918,8.230230331420898,26300
2020-11-03,13.59000015258789,13.720000267028809,13.510000228881836,13.619999885559082,8.224189758300781,55700
2020-11-04,13.619999885559082,13.890000343322754,13.619999885559082,13.8100004196167,8.338918685913086,31400
2020-11-05,13.899999618530273,14.0,13.899999618530273,13.960000038146973,8.429492950439453,9800
2020-11-06,14.0,14.0,13.9399995803833,13.970000267028809,8.435532569885254,19400
2020-11-09,14.270000457763672,14.289999961853027,14.09000015258789,14.170000076293945,8.556299209594727,21200
2020-11-10,14.199999809265137,14.239999771118164,14.1899995803833,14.1899995803833,8.568374633789062,21600
2020-11-11,14.270000457763672,14.489999771118164,14.208999633789062,14.329999923706055,8.652912139892578,19900
2020-11-12,14.09000015258789,14.168000221252441,14.09000015258789,14.09000015258789,8.559155464172363,36600
2020-11-13,14.1899995803833,14.1899995803833,13.949999809265137,14.050000190734863,8.534857749938965,27700
2020-11-16,14.109999656677246,14.175999641418457,14.09000015258789,14.149999618530273,8.595602035522461,41300
2020-11-17,14.029999732971191,14.199999809265137,14.029999732971191,14.1899995803833,8.619901657104492,24300
2020-11-18,14.1899995803833,14.3149995803833,14.1899995803833,14.229999542236328,8.644197463989258,30400
2020-11-19,14.270000457763672,14.324000358581543,14.260000228881836,14.300000190734863,8.686724662780762,29900
2020-11-20,14.350000381469727,14.350000381469727,14.270000457763672,14.279999732971191,8.67457389831543,36400
2020-11-23,14.300000190734863,14.40999984741211,14.300000190734863,14.380000114440918,8.73531723022461,26300
2020-11-24,14.430000305175781,14.649999618530273,14.430000305175781,14.619999885559082,8.881108283996582,58400
2020-11-25,14.630000114440918,14.75,14.550000190734863,14.75,8.960077285766602,33500
2020-11-27,14.710000038146973,14.8100004196167,14.670000076293945,14.670000076293945,8.911481857299805,24800
2020-11-30,14.710000038146973,14.760000228881836,14.649999618530273,14.680000305175781,8.917555809020996,30900
2020-12-01,14.899999618530273,14.90999984741211,14.710000038146973,14.829999923706055,9.00867748260498,57000
2020-12-02,14.819999694824219,14.949999809265137,14.817999839782715,14.9399995803833,9.075498580932617,47100
2020-12-03,14.930000305175781,15.0,14.920000076293945,14.960000038146973,9.087644577026367,29600
2020-12-04,15.0,15.149999618530273,14.998000144958496,15.100000381469727,9.172691345214844,33000
2020-12-07,15.100000381469727,15.182000160217285,15.100000381469727,15.119999885559082,9.184842109680176,39400
2020-12-08,15.180000305175781,15.220000267028809,15.15999984741211,15.170000076293945,9.21521282196045,27400
2020-12-09,15.220000267028809,15.270000457763672,15.220000267028809,15.25,9.263813018798828,22500
2020-12-10,15.25,15.289999961853027,15.199999809265137,15.220000267028809,9.245588302612305,15300
2020-12-11,15.260000228881836,15.373000144958496,15.1899995803833,15.239999771118164,9.257736206054688,41500
2020-12-14,15.210000038146973,15.210000038146973,15.109999656677246,15.170000076293945,9.267298698425293,27000
2020-12-15,15.25,15.270000457763672,15.15999984741211,15.199999809265137,9.28563117980957,21800
2020-12-16,15.239999771118164,15.239999771118164,15.16100025177002,15.210000038146973,9.291733741760254,23900
2020-12-17,15.220000267028809,15.270000457763672,15.220000267028809,15.25,9.316174507141113,32500
2020-12-18,15.279999732971191,15.329999923706055,15.149999618530273,15.220000267028809,9.297847747802734,131200
2020-12-21,15.0600004196167,15.1899995803833,15.050000190734863,15.119999885559082,9.2367582321167,48900
2020-12-22,15.15999984741211,15.180000305175781,15.0600004196167,15.109999656677246,9.230647087097168,79000
2020-12-23,15.180000305175781,15.180000305175781,15.149999618530273,15.15999984741211,9.261194229125977,32900
2020-12-24,15.199999809265137,15.210000038146973,15.149999618530273,15.149999618530273,9.255084991455078,19600
2020-12-28,15.140000343322754,15.210000038146973,15.09000015258789,15.149999618530273,9.255084991455078,66200
2020-12-29,15.199999809265137,15.369999885559082,15.15999984741211,15.369999885559082,9.389481544494629,66900
2020-12-30,15.329999923706055,15.479999542236328,15.270000457763672,15.430000305175781,9.42613410949707,46200
2020-12-31,15.510000228881836,15.550000190734863,15.420000076293945,15.550000190734863,9.499442100524902,82900
2021-01-04,15.539999961853027,15.539999961853027,15.270000457763672,15.289999961853027,9.340606689453125,19200
2021-01-05,15.239999771118164,15.279999732971191,15.15999984741211,15.1899995803833,9.27951717376709,30500
2021-01-06,15.100000381469727,15.180000305175781,15.100000381469727,15.130000114440918,9.242865562438965,31800
2021-01-07,15.079999923706055,15.23900032043457,15.079999923706055,15.15999984741211,9.261194229125977,40400
2021-01-08,15.149999618530273,15.279000282287598,15.130000114440918,15.130000114440918,9.242865562438965,59300
2021-01-11,15.140000343322754,15.15999984741211,15.032999992370605,15.050000190734863,9.193994522094727,31700
2021-01-12,15.069999694824219,15.199999809265137,15.055000305175781,15.170000076293945,9.267298698425293,47100
2021-01-13,15.229999542236328,15.680000305175781,15.170000076293945,15.4399995803833,9.432241439819336,53400
2021-01-14,15.5,15.5,15.305000305175781,15.420000076293945,9.472574234008789,62600
2021-01-15,15.4399995803833,15.520000457763672,15.350000381469727,15.350000381469727,9.42957592010498,37400
2021-01-19,15.34000015258789,15.380999565124512,15.20300006866455,15.300000190734863,9.3988618850708,42700
2021-01-20,15.359999656677246,15.392000198364258,15.140000343322754,15.25,9.368146896362305,38300
2021-01-21,15.25,15.279999732971191,15.170000076293945,15.210000038146973,9.343568801879883,35700
2021-01-22,15.220000267028809,15.289999961853027,15.220000267028809,15.25,9.368146896362305,25000
2021-01-25,15.300000190734863,15.300000190734863,15.079999923706055,15.119999885559082,9.288289070129395,17700
2021-01-26,15.180000305175781,15.295999526977539,15.180000305175781,15.220000267028809,9.349717140197754,13100
2021-01-27,15.210000038146973,15.210000038146973,15.050000190734863,15.100000381469727,9.276000022888184,33500
2021-01-28,15.130000114440918,15.300000190734863,15.085000038146973,15.239999771118164,9.362003326416016,29900
2021-01-29,15.229999542236328,15.239999771118164,15.140000343322754,15.180000305175781,9.325140953063965,26000
2021-02-01,15.350000381469727,15.380000114440918,15.190999984741211,15.300000190734863,9.3988618850708,29300
2021-02-02,15.319999694824219,15.482000350952148,15.319999694824219,15.460000038146973,9.497153282165527,28500
2021-02-03,15.5,15.579999923706055,15.420000076293945,15.569999694824219,9.564723014831543,32700
2021-02-04,15.640000343322754,15.640000343322754,15.579999923706055,15.619999885559082,9.595438003540039,28800
2021-02-05,15.670000076293945,15.670000076293945,15.520000457763672,15.569999694824219,9.564723014831543,19800
2021-02-08,15.579999923706055,15.579999923706055,15.510000228881836,15.550000190734863,9.552437782287598,17100
2021-02-09,15.550000190734863,15.770000457763672,15.520000457763672,15.760000228881836,9.681440353393555,38300
2021-02-10,15.779999732971191,15.779999732971191,15.640000343322754,15.6899995803833,9.638437271118164,26600
2021-02-11,15.59000015258789,15.770000457763672,15.461999893188477,15.579999923706055,9.62340259552002,27300
2021-02-12,15.579999923706055,15.720000267028809,15.579999923706055,15.699999809265137,9.697525978088379,23900
2021-02-16,15.75,15.75,15.550000190734863,15.600000381469727,9.635756492614746,42900
2021-02-17,15.510000228881836,15.520000457763672,15.420000076293945,15.420000076293945,9.52457332611084,34900
2021-02-18,15.430000305175781,15.4399995803833,15.380000114440918,15.390000343322754,9.50604248046875,19800
2021-02-19,15.470000267028809,15.470000267028809,15.300000190734863,15.329999923706055,9.46898365020752,34400
2021-02-22,15.289999961853027,15.3100004196167,15.199999809265137,15.270000457763672,9.431922912597656,31400
2021-02-23,15.270000457763672,15.270000457763672,15.09000015258789,15.15999984741211,9.363978385925293,33400
2021-02-24,15.149999618530273,15.229999542236328,15.109999656677246,15.210000038146973,9.39486026763916,37000
2021-02-25,15.180000305175781,15.270000457763672,14.970000267028809,15.0,9.265151977539062,56700
2021-02-26,15.100000381469727,15.225000381469727,15.100000381469727,15.220000267028809,9.401039123535156,47900
2021-03-01,15.470000267028809,15.550000190734863,15.37399959564209,15.460000038146973,9.54928207397461,45500
2021-03-02,15.399999618530273,15.520000457763672,15.270000457763672,15.470000267028809,9.555456161499023,32600
2021-03-03,15.520000457763672,15.550000190734863,15.456999778747559,15.520000457763672,9.58634090423584,42200
2021-03-04,15.569999694824219,15.569999694824219,15.319999694824219,15.350000381469727,9.481334686279297,33600
2021-03-05,15.420000076293945,15.460000038146973,15.229999542236328,15.229999542236328,9.407215118408203,28100
2021-03-08,15.300000190734863,15.40999984741211,15.25,15.279999732971191,9.438101768493652,45900
2021-03-09,15.300000190734863,15.300000190734863,15.140000343322754,15.210000038146973,9.39486026763916,42300
2021-03-10,15.270000457763672,15.399999618530273,15.25,15.359999656677246,9.487512588500977,56700
2021-03-11,15.449999809265137,16.200000762939453,15.430000305175781,15.930000305175781,9.83958911895752,297900
2021-03-12,15.770000457763672,15.836999893188477,15.5600004196167,15.649999618530273,9.735424995422363,59200
2021-03-15,15.649999618530273,15.6899995803833,15.600000381469727,15.680000305175781,9.754087448120117,42100
2021-03-16,15.75,15.75,15.619999885559082,15.65999984741211,9.741645812988281,52900
2021-03-17,15.6899995803833,15.6899995803833,15.59000015258789,15.65999984741211,9.741645812988281,43000
2021-03-18,15.630000114440918,15.699999809265137,15.489999771118164,15.569999694824219,9.68565559387207,83500
2021-03-19,15.609999656677246,15.65999984741211,15.550000190734863,15.609999656677246,9.710541725158691,45200
2021-03-22,15.65999984741211,15.720000267028809,15.470000267028809,15.470000267028809,9.623446464538574,78600
2021-03-23,15.539999961853027,15.579999923706055,15.420000076293945,15.430000305175781,9.5985689163208,55700
2021-03-24,15.550000190734863,15.5600004196167,15.300000190734863,15.3100004196167,9.523921966552734,106400
2021-03-25,15.390000343322754,15.390000343322754,15.239999771118164,15.300000190734863,9.51769733428955,95800
2021-03-26,15.390000343322754,15.5,15.210000038146973,15.319999694824219,9.530139923095703,49900
2021-03-29,15.369999885559082,15.369999885559082,15.260000228881836,15.329999923706055,9.536360740661621,63800
2021-03-30,15.399999618530273,15.539999961853027,15.333999633789062,15.359999656677246,9.555021286010742,78700
2021-03-31,15.449999809265137,15.5,15.399999618530273,15.470000267028809,9.623446464538574,84300
2021-04-01,15.619999885559082,15.699999809265137,15.505999565124512,15.529999732971191,9.660775184631348,58600
2021-04-05,15.529999732971191,15.550000190734863,15.430000305175781,15.510000228881836,9.648334503173828,64600
2021-04-06,15.579999923706055,15.59000015258789,15.520000457763672,15.550000190734863,9.6732177734375,74300
2021-04-07,15.600000381469727,15.600000381469727,15.520000457763672,15.579999923706055,9.691878318786621,79600
2021-04-08,15.630000114440918,15.649999618530273,15.5600004196167,15.640000343322754,9.729204177856445,68800
2021-04-09,15.670000076293945,15.670000076293945,15.550000190734863,15.600000381469727,9.704319953918457,50100
2021-04-12,15.619999885559082,15.699999809265137,15.609999656677246,15.640000343322754,9.729204177856445,86800
2021-04-13,15.680000305175781,15.75,15.600000381469727,15.75,9.797632217407227,62200
2021-04-14,15.680000305175781,15.680000305175781,15.59000015258789,15.619999885559082,9.786698341369629,51000
2021-04-15,15.6899995803833,15.710000038146973,15.630000114440918,15.699999809265137,9.836822509765625,29900
2021-04-16,15.739999771118164,15.739999771118164,15.649999618530273,15.649999618530273,9.805495262145996,56100
2021-04-19,15.729999542236328,15.729999542236328,15.619999885559082,15.619999885559082,9.786698341369629,27700
2021-04-20,15.619999885559082,15.625,15.550000190734863,15.579999923706055,9.761635780334473,44600
2021-04-21,15.619999885559082,15.640000343322754,15.5600004196167,15.640000343322754,9.799229621887207,48100
2021-04-22,15.6899995803833,15.720000267028809,15.609999656677246,15.630000114440918,9.79296588897705,31200
2021-04-23,15.680000305175781,15.779999732971191,15.649999618530273,15.760000228881836,9.874415397644043,49700
2021-04-26,15.75,15.779999732971191,15.739999771118164,15.760000228881836,9.874415397644043,27400
2021-04-27,15.789999961853027,15.850000381469727,15.720000267028809,15.720000267028809,9.849353790283203,40200
2021-04-28,15.789999961853027,15.789999961853027,15.699999809265137,15.760000228881836,9.874415397644043,34200
2021-04-29,15.779999732971191,15.899999618530273,15.75,15.819999694824219,9.912007331848145,48100
2021-04-30,15.819999694824219,15.859999656677246,15.760000228881836,15.84000015258789,9.924538612365723,24300
2021-05-03,15.920000076293945,15.970000267028809,15.819999694824219,15.859999656677246,9.937071800231934,44600
2021-05-04,15.859999656677246,15.899999618530273,15.75,15.859999656677246,9.937071800231934,38100
2021-05-05,15.829999923706055,15.90999984741211,15.829999923706055,15.869999885559082,9.943336486816406,46700
2021-05-06,15.890000343322754,15.935999870300293,15.859999656677246,15.890000343322754,9.955864906311035,31400
2021-05-07,15.949999809265137,15.949999809265137,15.859999656677246,15.920000076293945,9.974661827087402,42500
2021-05-10,15.970000267028809,15.970000267028809,15.890000343322754,15.930000305175781,9.980929374694824,42200
2021-05-11,15.739999771118164,15.899999618530273,15.739999771118164,15.869999885559082,9.943336486816406,28300
2021-05-12,15.869999885559082,15.899999618530273,15.710000038146973,15.75,9.86815071105957,42200
2021-05-13,15.720000267028809,15.720000267028809,15.670000076293945,15.6899995803833,9.901310920715332,35900
2021-05-14,15.720000267028809,15.75,15.6899995803833,15.75,9.939173698425293,27200
2021-05-17,15.779999732971191,15.78600025177002,15.699999809265137,15.699999809265137,9.907626152038574,62100
2021-05-18,15.739999771118164,15.770000457763672,15.680000305175781,15.729999542236328,9.926554679870605,47000
2021-05-19,15.739999771118164,15.75,15.539999961853027,15.680000305175781,9.895002365112305,62200
2021-05-20,15.710000038146973,15.760000228881836,15.640000343322754,15.75,9.939173698425293,49900
2021-05-21,15.739999771118164,15.765000343322754,15.720000267028809,15.729999542236328,9.926554679870605,22700
2021-05-24,15.8100004196167,15.8149995803833,15.729999542236328,15.800000190734863,9.970728874206543,45600
2021-05-25,15.789999961853027,15.869999885559082,15.720000267028809,15.859999656677246,10.008593559265137,48600
2021-05-26,15.920000076293945,15.920000076293945,15.850000381469727,15.869999885559082,10.014904022216797,58000
2021-05-27,15.899999618530273,15.9399995803833,15.859999656677246,15.875,10.018058776855469,47500
2021-05-28,15.949999809265137,15.949999809265137,15.859999656677246,15.880000114440918,10.021212577819824,33800
2021-06-01,15.970000267028809,15.970000267028809,15.859999656677246,15.90999984741211,10.04014778137207,56900
2021-06-02,15.949999809265137,16.020000457763672,15.899999618530273,15.930000305175781,10.052762031555176,78900
2021-06-03,15.920000076293945,15.920000076293945,15.859999656677246,15.90999984741211,10.04014778137207,60400
2021-06-04,15.920000076293945,15.960000038146973,15.880000114440918,15.90999984741211,10.04014778137207,39900
2021-06-07,15.890000343322754,15.960000038146973,15.789999961853027,15.930000305175781,10.052762031555176,69500
2021-06-08,15.949999809265137,16.100000381469727,15.949999809265137,16.079999923706055,10.147425651550293,67900
2021-06-09,16.100000381469727,16.100000381469727,16.079999923706055,16.079999923706055,10.147425651550293,51200
2021-06-10,16.079999923706055,16.1200008392334,15.960000038146973,16.030000686645508,10.115872383117676,88900
2021-06-11,16.059999465942383,16.079999923706055,16.020000457763672,16.049999237060547,10.128493309020996,37400
2021-06-14,15.979999542236328,15.984999656677246,15.90999984741211,15.979999542236328,10.155533790588379,50800
2021-06-15,15.989999771118164,16.030000686645508,15.899999618530273,15.989999771118164,10.161890029907227,89500
2021-06-16,15.989999771118164,16.030000686645508,15.880000114440918,15.960000038146973,10.142824172973633,75100
2021-06-17,16.0,16.0,15.899999618530273,15.989999771118164,10.161890029907227,86600
2021-06-18,15.9399995803833,15.960000038146973,15.869999885559082,15.899999618530273,10.104694366455078,34900
2021-06-21,15.8100004196167,15.930000305175781,15.772000312805176,15.90999984741211,10.111050605773926,145100
2021-06-22,15.930000305175781,16.0,15.930000305175781,15.979999542236328,10.155533790588379,42800
2021-06-23,16.0,16.100000381469727,15.899999618530273,15.90999984741211,10.111050605773926,51200
2021-06-24,15.930000305175781,16.059999465942383,15.930000305175781,16.030000686645508,10.187312126159668,47500
2021-06-25,16.0,16.09000015258789,15.979999542236328,16.010000228881836,10.174599647521973,44600
2021-06-28,16.040000915527344,16.055999755859375,15.979999542236328,16.0049991607666,10.171422958374023,37100
2021-06-29,16.030000686645508,16.18000030517578,16.030000686645508,16.18000030517578,10.282639503479004,104400
2021-06-30,16.18000030517578,16.290000915527344,16.15999984741211,16.209999084472656,10.301702499389648,83700
2021-07-01,16.31999969482422,16.31999969482422,16.18000030517578,16.260000228881836,10.333479881286621,75300
2021-07-02,16.270000457763672,16.280000686645508,16.229999542236328,16.260000228881836,10.333479881286621,52500
2021-07-06,16.280000686645508,16.309999465942383,16.190000534057617,16.200000762939453,10.295347213745117,68800
2021-07-07,16.25,16.25,16.139999389648438,16.139999389648438,10.257213592529297,58400
2021-07-08,16.170000076293945,16.170000076293945,16.049999237060547,16.1200008392334,10.244508743286133,65200
2021-07-09,16.170000076293945,16.219999313354492,16.1200008392334,16.1299991607666,10.250859260559082,49400
2021-07-12,16.18000030517578,16.219999313354492,16.155000686645508,16.209999084472656,10.301702499389648,49600
2021-07-13,16.219999313354492,16.280000686645508,16.13599967956543,16.260000228881836,10.333479881286621,65700
2021-07-14,16.229999542236328,16.239999771118164,16.110000610351562,16.139999389648438,10.328707695007324,53500
2021-07-15,16.200000762939453,16.200000762939453,15.954999923706055,16.0,10.239119529724121,42100
2021-07-16,16.030000686645508,16.075000762939453,15.59000015258789,15.680000305175781,10.034337043762207,176800
2021-07-19,15.729999542236328,15.729999542236328,15.539999961853027,15.59000015258789,9.9767427444458,124100
2021-07-20,15.59000015258789,15.739999771118164,15.59000015258789,15.699999809265137,10.047137260437012,90500
2021-07-21,15.699999809265137,15.760000228881836,15.680000305175781,15.739999771118164,10.072731018066406,127700
2021-07-22,15.789999961853027,15.789999961853027,15.699999809265137,15.75,10.079132080078125,80100
2021-07-23,15.8100004196167,15.850000381469727,15.739999771118164,15.829999923706055,10.130326271057129,50700
2021-07-26,15.850000381469727,15.9399995803833,15.779999732971191,15.920000076293945,10.187920570373535,43100
2021-07-27,15.949999809265137,16.09000015258789,15.899999618530273,16.059999465942383,10.27751636505127,69100
2021-07-28,16.100000381469727,16.100000381469727,15.989999771118164,16.079999923706055,10.290315628051758,75000
2021-07-29,16.09000015258789,16.1299991607666,16.0,16.09000015258789,10.296713829040527,87800
2021-07-30,16.100000381469727,16.100000381469727,16.020000457763672,16.06999969482422,10.283915519714355,48400
2021-08-02,16.1200008392334,16.170000076293945,16.059999465942383,16.110000610351562,10.309514045715332,41400
2021-08-03,16.170000076293945,16.20199966430664,16.1200008392334,16.149999618530273,10.335112571716309,29600
2021-08-04,16.170000076293945,16.209999084472656,16.09000015258789,16.190000534057617,10.360709190368652,45500
2021-08-05,16.229999542236328,16.25,16.200000762939453,16.25,10.399106979370117,29000
2021-08-06,16.290000915527344,16.290000915527344,16.170000076293945,16.229999542236328,10.386302947998047,46900
2021-08-09,16.260000228881836,16.260000228881836,16.15999984741211,16.209999084472656,10.373501777648926,42500
2021-08-10,16.260000228881836,16.260000228881836,16.110000610351562,16.170000076293945,10.347907066345215,36400
2021-08-11,16.209999084472656,16.209999084472656,16.139999389648438,16.15999984741211,10.341509819030762,45700
2021-08-12,16.049999237060547,16.110000610351562,16.049999237060547,16.059999465942383,10.349596977233887,31100
2021-08-13,16.100000381469727,16.260000228881836,16.076000213623047,16.260000228881836,10.478487014770508,38700
2021-08-16,16.260000228881836,16.260000228881836,16.079999923706055,16.149999618530273,10.407596588134766,38400
2021-08-17,16.15999984741211,16.229999542236328,16.100000381469727,16.149999618530273,10.407596588134766,55900
2021-08-18,16.18000030517578,16.19499969482422,16.1200008392334,16.149999618530273,10.407596588134766,35900
2021-08-19,16.15999984741211,16.174999237060547,16.079999923706055,16.170000076293945,10.420483589172363,65500
2021-08-20,16.170000076293945,16.200000762939453,16.1299991607666,16.139999389648438,10.401150703430176,51800
2021-08-23,16.200000762939453,16.209999084472656,16.145000457763672,16.18000030517578,10.426928520202637,74000
2021-08-24,16.229999542236328,16.229999542236328,16.1299991607666,16.15999984741211,10.414041519165039,50000
2021-08-25,16.170000076293945,16.18000030517578,16.100000381469727,16.1299991607666,10.394707679748535,41400
2021-08-26,16.139999389648438,16.139999389648438,16.0,16.040000915527344,10.336708068847656,34200
2021-08-27,16.010000228881836,16.170000076293945,16.010000228881836,16.170000076293945,10.420483589172363,68400
2021-08-30,16.190000534057617,16.219999313354492,16.1299991607666,16.219999313354492,10.452704429626465,60000
2021-08-31,16.200000762939453,16.229999542236328,16.170000076293945,16.219999313354492,10.452704429626465,36500
2021-09-01,16.270000457763672,16.270000457763672,16.197999954223633,16.25,10.472041130065918,51400
2021-09-02,16.260000228881836,16.290000915527344,16.209999084472656,16.280000686645508,10.491372108459473,45700
2021-09-03,16.260000228881836,16.260000228881836,16.190000534057617,16.260000228881836,10.478487014770508,37800
2021-09-07,16.260000228881836,16.270000457763672,16.18000030517578,16.209999084472656,10.446259498596191,58900
2021-09-08,16.239999771118164,16.290000915527344,16.200000762939453,16.260000228881836,10.478487014770508,90800
2021-09-09,16.290000915527344,16.290000915527344,16.209999084472656,16.290000915527344,10.497817993164062,29700
2021-09-10,16.350000381469727,16.350000381469727,16.260000228881836,16.290000915527344,10.497817993164062,25100
2021-09-13,16.3700008392334,16.3799991607666,16.270000457763672,16.309999465942383,10.510704040527344,50600
2021-09-14,16.25,16.290000915527344,16.18000030517578,16.190000534057617,10.50587272644043,39200
2021-09-15,16.239999771118164,16.253000259399414,16.174999237060547,16.229999542236328,10.531826972961426,81900
2021-09-16,16.239999771118164,16.239999771118164,16.16699981689453,16.18000030517578,10.499382019042969,25500
2021-09-17,16.200000762939453,16.200000762939453,15.949999809265137,16.049999237060547,10.415022850036621,66200
2021-09-20,16.040000915527344,16.059999465942383,15.859999656677246,15.960000038146973,10.356624603271484,46200
2021-09-21,15.979999542236328,16.040000915527344,15.949999809265137,15.960000038146973,10.356624603271484,57200
2021-09-22,15.989999771118164,16.020000457763672,15.951000213623047,16.020000457763672,10.395559310913086,35200
2021-09-23,16.06999969482422,16.149999618530273,16.030000686645508,16.06999969482422,10.428003311157227,30600
2021-09-24,16.100000381469727,16.139999389648438,16.06999969482422,16.110000610351562,10.453961372375488,35800
2021-09-27,16.1299991607666,16.1299991607666,16.024999618530273,16.059999465942383,10.42151165008545,30600
2021-09-28,16.059999465942383,16.059999465942383,15.899999618530273,15.960000038146973,10.356624603271484,48600
2021-09-29,15.989999771118164,16.059999465942383,15.972999572753906,16.0,10.38257884979248,43300
2021-09-30,16.059999465942383,16.100000381469727,15.930000305175781,16.059999465942383,10.42151165008545,55400
2021-10-01,16.149999618530273,16.17300033569336,16.040000915527344,16.059999465942383,10.42151165008545,31100
2021-10-04,16.059999465942383,16.059999465942383,15.949999809265137,15.989999771118164,10.376089096069336,21600
2021-10-05,16.049999237060547,16.049999237060547,15.970000267028809,15.989999771118164,10.376089096069336,62600
2021-10-06,15.979999542236328,16.03499984741211,15.947999954223633,16.010000228881836,10.389066696166992,39400
2021-10-07,16.079999923706055,16.079999923706055,16.0,16.010000228881836,10.389066696166992,26500
2021-10-08,16.079999923706055,16.079999923706055,15.949999809265137,16.0,10.38257884979248,41200
2021-10-11,16.020000457763672,16.06999969482422,15.979999542236328,16.030000686645508,10.402048110961914,48000
2021-10-12,16.049999237060547,16.170000076293945,15.989999771118164,16.15999984741211,10.486404418945312,39600
2021-10-13,16.15999984741211,16.239999771118164,16.059999465942383,16.239999771118164,10.538313865661621,38100
2021-10-14,16.139999389648438,16.283000946044922,16.100000381469727,16.170000076293945,10.566120147705078,55900
2021-10-15,16.200000762939453,16.229999542236328,16.06999969482422,16.110000610351562,10.5269136428833,26100
2021-10-18,16.100000381469727,16.100000381469727,16.020000457763672,16.079999923706055,10.507311820983887,24000
2021-10-19,16.059999465942383,16.110000610351562,15.960000038146973,15.979999542236328,10.441967010498047,61100
2021-10-20,16.010000228881836,16.010000228881836,15.90999984741211,15.989999771118164,10.448498725891113,76300
2021-10-21,15.970000267028809,16.0,15.819999694824219,15.84000015258789,10.350484848022461,51100
2021-10-22,15.869999885559082,15.899999618530273,15.819999694824219,15.859999656677246,10.363554954528809,47200
2021-10-25,15.859999656677246,15.930000305175781,15.829999923706055,15.859999656677246,10.363554954528809,48300
2021-10-26,15.859999656677246,15.9399995803833,15.8100004196167,15.880000114440918,10.376626968383789,31200
2021-10-27,15.880000114440918,15.979999542236328,15.843000411987305,15.890000343322754,10.383156776428223,46000
2021-10-28,16.0,16.0,15.869999885559082,16.0,10.455037117004395,61700
2021-10-29,15.949999809265137,15.960000038146973,15.90999984741211,15.949999809265137,10.422364234924316,30000
2021-11-01,16.0,16.079999923706055,15.942000389099121,16.020000457763672,10.468109130859375,87700
2021-11-02,16.030000686645508,16.059999465942383,16.0,16.059999465942383,10.494241714477539,29800
2021-11-03,16.09000015258789,16.09000015258789,16.0,16.030000686645508,10.474640846252441,40500
2021-11-04,16.020000457763672,16.05900001525879,15.729999542236328,15.899999618530273,10.389693260192871,177300
2021-11-05,15.960000038146973,16.0,15.899999618530273,16.0,10.455037117004395,78200
2021-11-08,15.979999542236328,16.048999786376953,15.949999809265137,16.040000915527344,10.481176376342773,65500
2021-11-09,16.079999923706055,16.079999923706055,16.010000228881836,16.049999237060547,10.487707138061523,46000
2021-11-10,16.049999237060547,16.049999237060547,15.970000267028809,16.020000457763672,10.468109130859375,44600
2021-11-11,16.049999237060547,16.049999237060547,15.949999809265137,16.049999237060547,10.487707138061523,40500
2021-11-12,15.989999771118164,16.05299949645996,15.90999984741211,15.970000267028809,10.509129524230957,36200
2021-11-15,15.970000267028809,16.007999420166016,15.869000434875488,15.989999771118164,10.522290229797363,39500
2021-11-16,15.979999542236328,16.020000457763672,15.920000076293945,15.979999542236328,10.515707015991211,75200
2021-11-17,15.979999542236328,15.989999771118164,15.899999618530273,15.9399995803833,10.489386558532715,20600
2021-11-18,15.949999809265137,15.960000038146973,15.859999656677246,15.960000038146973,10.502548217773438,86100
2021-11-19,15.989999771118164,16.020000457763672,15.930000305175781,15.9399995803833,10.489386558532715,27100
2021-11-22,16.020000457763672,16.020000457763672,15.864999771118164,15.869999885559082,10.443325996398926,27800
2021-11-23,15.899999618530273,15.899999618530273,15.75,15.789999961853027,10.390680313110352,48900
2021-11-24,15.75,15.760000228881836,15.710000038146973,15.739999771118164,10.357775688171387,39600
2021-11-26,15.760000228881836,15.8149995803833,15.569999694824219,15.619999885559082,10.27880859375,37400
2021-11-29,15.670000076293945,15.710000038146973,15.630000114440918,15.6899995803833,10.324873924255371,61500
2021-11-30,15.640000343322754,15.779999732971191,15.520000457763672,15.569999694824219,10.245906829833984,70000
2021-12-01,15.680000305175781,15.75,15.390000343322754,15.460000038146973,10.17352294921875,49600
2021-12-02,15.539999961853027,15.539999961853027,15.449999809265137,15.479999542236328,10.186680793762207,35200
2021-12-03,15.510000228881836,15.510000228881836,15.321999549865723,15.34000015258789,10.094554901123047,42200
2021-12-06,15.380000114440918,15.449999809265137,15.33899974822998,15.40999984741211,10.140617370605469,75000
2021-12-07,15.479999542236328,15.562000274658203,15.46500015258789,15.529999732971191,10.219585418701172,36500
2021-12-08,15.579999923706055,15.619999885559082,15.479999542236328,15.539999961853027,10.226165771484375,100700
2021-12-09,15.5600004196167,15.5600004196167,15.489999771118164,15.510000228881836,10.206425666809082,71400
2021-12-10,15.579999923706055,15.579999923706055,15.470000267028809,15.5,10.19984245300293,66400
2021-12-13,15.520000457763672,15.520000457763672,15.40999984741211,15.489999771118164,10.193263053894043,73400
2021-12-14,15.350000381469727,15.449999809265137,15.260000228881836,15.3100004196167,10.148553848266602,85000
2021-12-15,15.270000457763672,15.390000343322754,15.260000228881836,15.369999885559082,10.188324928283691,88000
2021-12-16,15.359999656677246,15.390000343322754,15.300000190734863,15.329999923706055,10.161809921264648,99900
2021-12-17,15.329999923706055,15.329999923706055,15.25,15.3100004196167,10.148553848266602,61800
2021-12-20,15.300000190734863,15.300000190734863,15.119999885559082,15.15999984741211,10.049120903015137,52600
2021-12-21,15.220000267028809,15.34000015258789,15.180999755859375,15.34000015258789,10.168437004089355,60200
2021-12-22,15.300000190734863,15.449999809265137,15.300000190734863,15.449999809265137,10.241353988647461,53600
2021-12-23,15.449999809265137,15.6899995803833,15.4399995803833,15.6899995803833,10.400442123413086,89400
2021-12-27,15.65999984741211,15.6899995803833,15.600000381469727,15.649999618530273,10.37392807006836,57300
2021-12-28,15.720000267028809,15.8100004196167,15.699999809265137,15.8100004196167,10.479988098144531,54300
2021-12-29,15.800000190734863,15.869999885559082,15.793000221252441,15.829999923706055,10.493243217468262,61000
2021-12-30,15.869999885559082,15.869999885559082,15.800000190734863,15.850000381469727,10.506501197814941,75500
2021-12-31,15.779999732971191,15.949999809265137,15.74899959564209,15.880000114440918,10.526388168334961,83500
2022-01-03,15.90999984741211,15.960000038146973,15.861000061035156,15.899999618530273,10.539645195007324,43000
2022-01-04,15.9399995803833,15.970000267028809,15.880000114440918,15.970000267028809,10.58604907989502,26400
2022-01-05,15.989999771118164,15.989999771118164,15.84000015258789,15.880000114440918,10.526388168334961,55100
2022-01-06,15.949999809265137,16.09000015258789,15.899999618530273,15.960000038146973,10.579419136047363,74400
2022-01-07,16.0,16.040000915527344,15.829999923706055,15.84000015258789,10.49987506866455,48100
2022-01-10,15.829999923706055,15.829999923706055,15.704999923706055,15.760000228881836,10.446843147277832,39500
2022-01-11,15.760000228881836,15.8100004196167,15.649999618530273,15.729999542236328,10.426957130432129,40100
2022-01-12,15.779999732971191,15.880000114440918,15.739999771118164,15.770000457763672,10.453473091125488,34800
2022-01-13,15.710000038146973,15.770000457763672,15.520000457763672,15.550000190734863,10.381735801696777,38900
2022-01-14,15.569999694824219,15.595000267028809,15.40999984741211,15.550000190734863,10.381735801696777,59100
2022-01-18,15.489999771118164,15.550000190734863,15.324999809265137,15.369999885559082,10.261561393737793,59400
2022-01-19,15.369999885559082,15.460000038146973,15.369999885559082,15.430000305175781,10.301618576049805,33300
2022-01-20,15.479999542236328,15.524999618530273,15.420000076293945,15.4399995803833,10.308294296264648,25500
2022-01-21,15.4399995803833,15.460000038146973,15.029999732971191,15.09000015258789,10.074623107910156,70900
2022-01-24,14.989999771118164,14.989999771118164,14.45300006866455,14.729999542236328,9.834274291992188,104800
2022-01-25,14.680000305175781,14.949999809265137,14.649999618530273,14.890000343322754,9.941093444824219,59700
2022-01-26,15.0,15.1899995803833,14.979999542236328,15.029999732971191,10.034564971923828,34200
2022-01-27,15.109999656677246,15.279999732971191,15.069999694824219,15.270000457763672,10.194796562194824,26200
2022-01-28,15.34000015258789,15.390000343322754,15.130000114440918,15.369999885559082,10.261561393737793,154500
2022-01-31,15.359999656677246,15.359999656677246,15.130000114440918,15.180000305175781,10.134708404541016,88500
2022-02-01,15.1899995803833,15.300000190734863,15.180000305175781,15.279999732971191,10.201476097106934,43700
2022-02-02,15.279999732971191,15.319999694824219,15.210000038146973,15.210000038146973,10.15473747253418,27600
2022-02-03,15.180000305175781,15.1899995803833,15.0600004196167,15.119999885559082,10.094654083251953,48200
2022-02-04,15.140000343322754,15.25,15.010000228881836,15.069999694824219,10.061267852783203,43900
2022-02-07,15.079999923706055,15.180000305175781,15.0,15.0,10.014535903930664,43900
2022-02-08,15.029999732971191,15.079999923706055,14.979999542236328,14.989999771118164,10.00786018371582,40300
2022-02-09,15.069999694824219,15.15999984741211,15.050000190734863,15.119999885559082,10.094654083251953,26700
2022-02-10,15.039999961853027,15.109999656677246,14.829999923706055,14.84000015258789,9.907713890075684,37200
2022-02-11,14.869999885559082,14.869999885559082,14.557000160217285,14.569999694824219,9.727449417114258,62300
2022-02-14,14.40999984741211,14.479999542236328,14.119999885559082,14.270000457763672,9.601330757141113,82300
2022-02-15,14.300000190734863,14.359999656677246,14.300000190734863,14.350000381469727,9.655156135559082,23800
2022-02-16,14.319999694824219,14.380000114440918,14.25,14.270000457763672,9.601330757141113,67200
2022-02-17,14.25,14.277999877929688,14.156999588012695,14.220000267028809,9.567687034606934,43400
2022-02-18,14.15999984741211,14.210000038146973,14.119999885559082,14.170000076293945,9.53404426574707,53100
2022-02-22,14.100000381469727,14.149999618530273,13.949999809265137,13.979999542236328,9.406205177307129,99300
2022-02-23,14.010000228881836,14.055000305175781,13.979999542236328,14.010000228881836,9.426392555236816,51100
2022-02-24,13.850000381469727,14.239999771118164,13.850000381469727,14.210000038146973,9.560958862304688,77700
2022-02-25,14.149999618530273,14.380000114440918,14.050000190734863,14.3100004196167,9.628240585327148,65100
2022-02-28,14.279999732971191,14.460000038146973,14.25,14.350000381469727,9.655156135559082,40800
2022-03-01,14.369999885559082,14.399999618530273,14.34000015258789,14.350000381469727,9.655156135559082,45900
2022-03-02,14.319999694824219,14.338000297546387,14.199999809265137,14.210000038146973,9.560958862304688,64000
2022-03-03,14.210000038146973,14.270000457763672,14.149999618530273,14.15999984741211,9.52731704711914,38200
2022-03-04,14.039999961853027,14.154999732971191,14.020000457763672,14.020000457763672,9.433119773864746,49500
2022-03-07,14.0,14.020000457763672,13.600000381469727,13.619999885559082,9.163987159729004,93300
2022-03-08,13.579999923706055,13.710000038146973,13.550000190734863,13.569999694824219,9.130345344543457,52100
2022-03-09,13.59000015258789,13.699999809265137,13.569999694824219,13.600000381469727,9.150535583496094,84200
2022-03-10,13.600000381469727,13.600000381469727,13.489999771118164,13.510000228881836,9.089978218078613,37400
2022-03-11,13.529999732971191,13.59000015258789,13.378999710083008,13.390000343322754,9.009238243103027,39800
2022-03-14,13.350000381469727,13.359999656677246,12.960000038146973,13.0,8.820976257324219,67800
2022-03-15,13.020000457763672,13.220000267028809,12.979999542236328,13.0600004196167,8.861687660217285,43400
2022-03-16,13.109999656677246,13.260000228881836,13.079999923706055,13.180000305175781,8.943111419677734,68000
2022-03-17,13.170000076293945,13.420000076293945,13.119999885559082,13.359999656677246,9.065247535705566,64200
2022-03-18,13.329999923706055,13.470000267028809,13.329999923706055,13.430000305175781,9.112750053405762,73700
2022-03-21,13.399999618530273,13.4399995803833,13.319999694824219,13.359999656677246,9.065247535705566,71900
2022-03-22,13.430000305175781,13.430000305175781,13.310999870300293,13.399999618530273,9.092391967773438,58700
2022-03-23,13.350000381469727,13.649999618530273,13.25,13.4399995803833,9.119532585144043,175700
2022-03-24,13.449999809265137,13.680000305175781,13.350000381469727,13.670000076293945,9.275594711303711,113500
2022-03-25,13.649999618530273,13.880000114440918,13.449999809265137,13.8100004196167,9.370589256286621,177100
2022-03-28,13.930000305175781,13.970000267028809,13.819999694824219,13.949999809265137,9.465581893920898,187600
2022-03-29,13.949999809265137,14.0,13.850000381469727,13.989999771118164,9.492725372314453,46200
2022-03-30,13.989999771118164,14.319999694824219,13.989999771118164,14.039999961853027,9.526649475097656,44600
2022-03-31,14.109999656677246,14.260000228881836,14.09000015258789,14.239999771118164,9.662362098693848,32300
2022-04-01,14.300000190734863,14.300000190734863,14.15999984741211,14.239999771118164,9.662362098693848,43700
2022-04-04,14.199999809265137,14.3100004196167,14.199999809265137,14.300000190734863,9.70307445526123,72200
2022-04-05,14.279999732971191,14.288000106811523,14.0,14.029999732971191,9.519866943359375,53400
2022-04-06,14.039999961853027,14.100000381469727,13.850000381469727,13.960000038146973,9.472368240356445,68700
2022-04-07,13.9399995803833,14.050000190734863,13.890000343322754,14.0,9.499512672424316,52400
2022-04-08,13.960000038146973,13.960000038146973,13.875,13.920000076293945,9.445229530334473,24000
2022-04-11,13.880000114440918,13.890000343322754,13.619999885559082,13.619999885559082,9.241667747497559,50900
2022-04-12,13.65999984741211,13.8149995803833,13.65999984741211,13.760000228881836,9.336665153503418,36100
2022-04-13,13.699999809265137,13.739999771118164,13.699999809265137,13.699999809265137,9.372613906860352,15500
2022-04-14,13.630000114440918,13.720000267028809,13.529999732971191,13.529999732971191,9.25631046295166,19900
2022-04-18,13.529999732971191,13.5600004196167,13.460000038146973,13.489999771118164,9.228946685791016,33300
2022-04-19,13.470000267028809,13.6899995803833,13.470000267028809,13.609999656677246,9.311044692993164,22800
2022-04-20,13.680000305175781,13.789999961853027,13.619999885559082,13.770000457763672,9.420503616333008,29300
2022-04-21,13.760000228881836,13.859999656677246,13.659000396728516,13.670000076293945,9.352091789245605,22900
2022-04-22,13.6899995803833,13.6899995803833,13.479999542236328,13.5,9.23578929901123,44200
2022-04-25,13.5,13.559000015258789,13.460000038146973,13.550000190734863,9.269990921020508,26900
2022-04-26,13.460000038146973,13.609999656677246,13.329999923706055,13.369999885559082,9.1468505859375,61000
2022-04-27,13.390000343322754,13.520000457763672,13.319999694824219,13.329999923706055,9.11948299407959,33900
2022-04-28,13.520000457763672,13.600000381469727,13.329999923706055,13.420000076293945,9.181059837341309,78800
2022-04-29,13.350000381469727,13.399999618530273,13.15999984741211,13.199999809265137,9.030549049377441,37000
2022-05-02,13.229999542236328,13.541000366210938,12.930000305175781,12.970000267028809,8.873197555541992,60900
2022-05-03,13.050000190734863,13.092000007629395,12.970000267028809,12.979999542236328,8.88003921508789,39500
2022-05-04,12.930000305175781,13.149999618530273,12.90999984741211,13.100000381469727,8.962136268615723,43500
2022-05-05,13.010000228881836,13.039999961853027,12.850000381469727,12.850000381469727,8.791099548339844,46700
2022-05-06,12.850000381469727,12.960000038146973,12.819999694824219,12.90999984741211,8.832152366638184,65800
2022-05-09,12.789999961853027,13.045000076293945,12.640000343322754,12.640000343322754,8.647433280944824,100900
2022-05-10,12.649999618530273,12.649999618530273,12.557000160217285,12.609999656677246,8.626908302307129,55400
2022-05-11,12.550000190734863,12.640000343322754,12.550000190734863,12.579999923706055,8.606385231018066,66800
2022-05-12,12.4399995803833,12.4399995803833,12.22700023651123,12.40999984741211,8.566727638244629,40800
2022-05-13,12.369999885559082,12.430000305175781,12.210000038146973,12.229999542236328,8.442472457885742,27600
2022-05-16,12.180000305175781,12.279999732971191,12.17300033569336,12.210000038146973,8.428665161132812,22900
2022-05-17,12.210000038146973,12.210000038146973,12.050000190734863,12.130000114440918,8.373440742492676,45100
2022-05-18,12.069999694824219,12.680000305175781,11.979999542236328,12.489999771118164,8.621950149536133,227600
2022-05-19,12.390000343322754,12.550000190734863,12.350000381469727,12.369999885559082,8.539115905761719,83300
2022-05-20,12.329999923706055,12.430000305175781,12.270000457763672,12.319999694824219,8.504599571228027,22900
2022-05-23,12.279999732971191,12.460000038146973,12.260000228881836,12.289999961853027,8.483891487121582,33900
2022-05-24,12.1899995803833,12.420000076293945,12.15999984741211,12.260000228881836,8.463183403015137,30000
2022-05-25,12.229999542236328,12.40999984741211,12.229999542236328,12.289999961853027,8.483891487121582,88900
2022-05-26,12.3100004196167,12.569999694824219,12.0,12.489999771118164,8.621950149536133,33700
2022-05-27,12.529999732971191,12.75,12.529999732971191,12.6899995803833,8.760014533996582,107400
2022-05-31,12.649999618530273,12.779999732971191,12.520000457763672,12.630000114440918,8.718596458435059,65000
2022-06-01,12.710000038146973,12.770000457763672,12.550000190734863,12.630000114440918,8.718596458435059,42500
2022-06-02,12.579999923706055,12.789999961853027,12.5600004196167,12.789999961853027,8.8290433883667,65300
2022-06-03,12.640000343322754,12.829999923706055,12.630000114440918,12.800000190734863,8.835948944091797,79700
2022-06-06,12.770000457763672,12.79800033569336,12.550000190734863,12.5600004196167,8.670272827148438,63900
2022-06-07,12.470000267028809,12.6899995803833,12.470000267028809,12.630000114440918,8.718596458435059,53400
2022-06-08,12.550000190734863,12.600000381469727,12.510000228881836,12.539999961853027,8.656468391418457,62600
2022-06-09,12.520000457763672,12.550000190734863,12.34000015258789,12.34000015258789,8.51840591430664,30400
2022-06-10,12.319999694824219,12.36299991607666,12.079999923706055,12.1899995803833,8.414860725402832,51800
2022-06-13,12.029999732971191,12.08899974822998,11.732000350952148,11.779999732971191,8.131834983825684,61700
2022-06-14,11.649999618530273,11.720000267028809,11.569999694824219,11.640000343322754,8.112701416015625,80600
2022-06-15,11.6899995803833,11.850000381469727,11.6899995803833,11.84000015258789,8.252095222473145,44900
2022-06-16,11.6899995803833,11.6899995803833,11.3100004196167,11.350000381469727,7.910579204559326,45600
2022-06-17,11.350000381469727,11.489999771118164,11.302000045776367,11.40999984741211,7.952398300170898,42100
2022-06-21,11.380000114440918,11.550000190734863,11.380000114440918,11.460000038146973,7.987247943878174,21700
2022-06-22,11.40999984741211,11.458999633789062,11.354999542236328,11.420000076293945,7.959367752075195,30100
2022-06-23,11.399999618530273,11.47700023651123,11.34000015258789,11.470000267028809,7.994216442108154,13500
2022-06-24,11.470000267028809,11.600000381469727,11.470000267028809,11.5600004196167,8.056941986083984,22400
2022-06-27,11.5600004196167,11.5600004196167,11.460000038146973,11.520000457763672,8.02906608581543,11200
2022-06-28,11.520000457763672,11.579999923706055,11.399999618530273,11.399999618530273,7.945425987243652,36200
2022-06-29,11.399999618530273,11.579999923706055,11.399999618530273,11.550000190734863,8.049975395202637,70600
2022-06-30,11.479999542236328,11.600000381469727,11.460000038146973,11.579999923706055,8.070884704589844,38600
2022-07-01,11.600000381469727,11.630000114440918,11.5,11.5600004196167,8.056941986083984,36700
2022-07-05,11.550000190734863,11.550000190734863,11.3100004196167,11.470000267028809,7.994216442108154,52400
2022-07-06,11.470000267028809,11.489999771118164,11.319999694824219,11.40999984741211,7.952398300170898,44200
2022-07-07,11.369999885559082,11.520000457763672,11.34000015258789,11.479999542236328,8.001185417175293,48000
2022-07-08,11.399999618530273,11.430000305175781,11.329999923706055,11.380000114440918,7.931492328643799,63400
2022-07-11,11.369999885559082,11.449999809265137,11.34000015258789,11.430000305175781,7.966339111328125,72700
2022-07-12,11.430000305175781,11.550000190734863,11.40999984741211,11.430000305175781,7.966339111328125,53600
2022-07-13,11.3100004196167,11.529999732971191,11.295999526977539,11.489999771118164,8.008155822753906,77600
2022-07-14,11.279999732971191,11.539999961853027,11.279999732971191,11.449999809265137,8.059223175048828,34700
2022-07-15,11.489999771118164,11.600000381469727,11.376999855041504,11.40999984741211,8.031067848205566,29500
2022-07-18,11.4399995803833,11.489999771118164,11.3100004196167,11.34000015258789,7.981796741485596,64200
2022-07-19,11.369999885559082,11.880000114440918,11.345999717712402,11.859999656677246,8.34780502319336,67200
2022-07-20,11.789999961853027,11.826000213623047,11.699999809265137,11.710000038146973,8.242225646972656,34000
2022-07-21,11.760000228881836,11.949999809265137,11.729999542236328,11.9399995803833,8.404112815856934,58100
2022-07-22,11.869999885559082,12.050000190734863,11.869999885559082,11.930000305175781,8.397075653076172,65600
2022-07-25,11.899999618530273,12.050000190734863,11.859999656677246,11.9399995803833,8.404112815856934,34200
2022-07-26,11.880000114440918,12.020000457763672,11.869999885559082,11.9399995803833,8.404112815856934,31600
2022-07-27,11.920000076293945,12.043000221252441,11.890000343322754,12.029999732971191,8.467460632324219,27900
2022-07-28,11.970000267028809,12.25,11.960000038146973,12.210000038146973,8.594159126281738,60100
2022-07-29,12.210000038146973,12.5,12.199999809265137,12.34000015258789,8.685657501220703,27800
2022-08-01,12.380000114440918,12.75,12.359999656677246,12.699999809265137,8.939048767089844,61800
2022-08-02,12.710000038146973,12.899999618530273,12.6899995803833,12.6899995803833,8.932011604309082,44300
2022-08-03,12.699999809265137,12.822999954223633,12.65999984741211,12.739999771118164,8.967203140258789,34200
2022-08-04,12.6899995803833,12.90999984741211,12.6899995803833,12.729999542236328,8.960163116455078,39900
2022-08-05,12.640000343322754,12.760000228881836,12.5600004196167,12.760000228881836,8.981280326843262,36000
2022-08-08,12.760000228881836,12.829999923706055,12.65999984741211,12.75,8.974242210388184,62700
2022-08-09,12.720000267028809,12.770000457763672,12.649999618530273,12.670000076293945,8.91793441772461,38900
2022-08-10,12.819999694824219,12.963000297546387,12.819999694824219,12.930000305175781,9.100937843322754,42200
2022-08-11,12.9399995803833,13.079999923706055,12.9399995803833,13.0,9.150208473205566,37600
2022-08-12,12.920000076293945,13.100000381469727,12.920000076293945,13.010000228881836,9.23721981048584,36000
2022-08-15,12.930000305175781,13.079999923706055,12.930000305175781,13.0,9.230120658874512,36900
2022-08-16,12.989999771118164,13.050000190734863,12.920000076293945,12.9399995803833,9.187516212463379,29900
2022-08-17,12.920000076293945,12.949999809265137,12.720000267028809,12.859999656677246,9.130719184875488,43800
2022-08-18,12.880000114440918,12.880000114440918,12.5,12.600000381469727,8.946115493774414,87500
2022-08-19,12.5,12.519000053405762,12.319999694824219,12.329999923706055,8.754409790039062,57400
2022-08-22,12.329999923706055,12.470000267028809,12.170000076293945,12.199999809265137,8.66211223602295,42000
2022-08-23,12.1899995803833,12.4399995803833,12.1899995803833,12.399999618530273,8.804115295410156,55900
2022-08-24,12.420000076293945,12.539999961853027,12.420000076293945,12.520000457763672,8.889312744140625,20200
2022-08-25,12.539999961853027,12.630000114440918,12.520000457763672,12.569999694824219,8.924816131591797,28000
2022-08-26,12.59000015258789,12.59000015258789,12.34000015258789,12.529999732971191,8.89641284942627,50500
2022-08-29,12.430000305175781,12.430000305175781,12.300000190734863,12.390000343322754,8.797016143798828,53200
2022-08-30,12.359999656677246,12.390000343322754,12.15999984741211,12.25,8.697611808776855,49100
2022-08-31,12.180000305175781,12.1899995803833,12.010000228881836,12.039999961853027,8.548511505126953,61300
2022-09-01,12.020000457763672,12.038000106811523,11.829999923706055,11.850000381469727,8.413609504699707,50300
2022-09-02,11.869999885559082,12.026000022888184,11.819999694824219,11.819999694824219,8.39231014251709,17300
2022-09-06,11.779999732971191,11.819999694824219,11.680000305175781,11.699999809265137,8.307108879089355,29600
2022-09-07,11.65999984741211,11.859999656677246,11.65999984741211,11.800000190734863,8.378110885620117,48500
2022-09-08,11.680000305175781,11.90999984741211,11.619999885559082,11.850000381469727,8.413609504699707,30500
2022-09-09,11.850000381469727,12.020000457763672,11.850000381469727,11.960000038146973,8.491710662841797,33000
2022-09-12,12.050000190734863,12.074999809265137,11.869999885559082,11.880000114440918,8.43490982055664,84700
2022-09-13,11.649999618530273,11.789999961853027,11.649999618530273,11.649999618530273,8.271605491638184,47500
2022-09-14,11.510000228881836,11.640000343322754,11.460000038146973,11.510000228881836,8.251928329467773,36600
2022-09-15,11.470000267028809,11.520000457763672,11.359999656677246,11.369999885559082,8.151556015014648,42400
2022-09-16,11.359999656677246,11.380000114440918,11.295999526977539,11.369999885559082,8.151556015014648,35700
2022-09-19,11.260000228881836,11.380000114440918,11.260000228881836,11.34000015258789,8.130048751831055,51000
2022-09-20,11.279999732971191,11.286999702453613,11.180000305175781,11.180000305175781,8.015337944030762,31700
2022-09-21,11.15999984741211,11.281999588012695,11.119999885559082,11.119999885559082,7.972323417663574,58400
2022-09-22,11.0600004196167,11.640000343322754,11.039999961853027,11.069999694824219,7.936474800109863,49100
2022-09-23,11.010000228881836,11.069999694824219,10.8149995803833,10.869999885559082,7.793087482452393,62800
2022-09-26,10.850000381469727,10.909000396728516,10.619999885559082,10.619999885559082,7.613853931427002,43500
2022-09-27,10.619999885559082,10.67199993133545,10.479999542236328,10.529999732971191,7.5493316650390625,122900
2022-09-28,10.520000457763672,10.850000381469727,10.520000457763672,10.8100004196167,7.750077724456787,67400
2022-09-29,10.699999809265137,10.699999809265137,10.529999732971191,10.539999961853027,7.55649995803833,112600
2022-09-30,10.579999923706055,10.680000305175781,10.520000457763672,10.539999961853027,7.55649995803833,50200
2022-10-03,10.65999984741211,10.784000396728516,10.600000381469727,10.770000457763672,7.721395015716553,44900
2022-10-04,10.880000114440918,11.130000114440918,10.880000114440918,11.039999961853027,7.914967060089111,56500
2022-10-05,10.920000076293945,10.989999771118164,10.819999694824219,10.920000076293945,7.828935623168945,38800
2022-10-06,10.979999542236328,11.109999656677246,10.9399995803833,11.020000457763672,7.900627136230469,41500
2022-10-07,10.960000038146973,11.079999923706055,10.8100004196167,10.869999885559082,7.793087482452393,42200
2022-10-10,10.770000457763672,10.87399959564209,10.770000457763672,10.819999694824219,7.7572407722473145,34800
2022-10-11,10.890000343322754,10.890000343322754,10.729999542236328,10.789999961853027,7.73573112487793,56200
2022-10-12,10.770000457763672,10.829999923706055,10.729999542236328,10.729999542236328,7.692718029022217,36000
2022-10-13,10.489999771118164,10.645000457763672,10.4399995803833,10.5600004196167,7.6510910987854,65400
2022-10-14,10.550000190734863,10.579999923706055,10.470000267028809,10.529999732971191,7.629358768463135,47500
2022-10-17,10.670000076293945,10.6899995803833,10.579999923706055,10.630000114440918,7.70181131362915,45500
2022-10-18,10.710000038146973,10.789999961853027,10.670000076293945,10.739999771118164,7.781509876251221,48800
2022-10-19,10.65999984741211,10.930000305175781,10.619999885559082,10.789999961853027,7.817734718322754,89400
2022-10-20,10.850000381469727,10.850000381469727,10.680000305175781,10.6899995803833,7.745283126831055,69400
2022-10-21,10.710000038146973,11.109999656677246,10.710000038146973,11.0600004196167,8.013364791870117,73000
2022-10-24,11.079999923706055,11.079999923706055,10.9399995803833,10.989999771118164,7.962640762329102,52500
2022-10-25,10.989999771118164,11.145999908447266,10.989999771118164,11.130000114440918,8.064079284667969,19700
2022-10-26,11.09000015258789,11.279999732971191,11.09000015258789,11.149999618530273,8.078570365905762,58700
2022-10-27,11.199999809265137,11.390000343322754,11.1899995803833,11.390000343322754,8.252456665039062,57500
2022-10-28,11.359999656677246,11.649999618530273,11.359999656677246,11.630000114440918,8.426344871520996,119300
2022-10-31,11.619999885559082,11.619999885559082,11.380000114440918,11.390000343322754,8.252456665039062,80800
2022-11-01,11.569999694824219,11.678000450134277,11.489999771118164,11.550000190734863,8.36838150024414,47500
2022-11-02,11.520000457763672,11.670000076293945,11.3100004196167,11.3100004196167,8.19449520111084,95400
2022-11-03,11.300000190734863,11.430000305175781,11.199999809265137,11.270000457763672,8.165512084960938,46900
2022-11-04,11.300000190734863,11.383999824523926,11.279999732971191,11.279999732971191,8.172757148742676,75700
2022-11-07,11.300000190734863,11.600000381469727,11.300000190734863,11.3100004196167,8.19449520111084,57300
2022-11-08,11.359999656677246,11.470000267028809,11.303000450134277,11.420000076293945,8.274192810058594,47500
2022-11-09,11.40999984741211,11.479000091552734,11.270000457763672,11.34000015258789,8.216232299804688,36900
2022-11-10,11.579999923706055,11.65999984741211,11.569999694824219,11.630000114440918,8.426344871520996,43100
2022-11-11,11.680000305175781,11.739999771118164,11.529999732971191,11.550000190734863,8.36838150024414,48000
2022-11-14,11.5,11.550000190734863,11.470000267028809,11.489999771118164,8.406828880310059,39000
2022-11-15,11.760000228881836,11.789999961853027,11.630000114440918,11.75,8.597068786621094,58900
2022-11-16,11.75,11.770000457763672,11.619999885559082,11.619999885559082,8.501949310302734,65900
2022-11-17,11.569999694824219,11.739999771118164,11.5,11.569999694824219,8.465365409851074,52900
2022-11-18,11.609999656677246,11.649999618530273,11.510000228881836,11.510000228881836,8.421467781066895,64600
2022-11-21,11.529999732971191,11.619999885559082,11.40999984741211,11.40999984741211,8.348297119140625,54100
2022-11-22,11.470000267028809,11.59000015258789,11.40999984741211,11.550000190734863,8.450732231140137,80500
2022-11-23,11.5,11.609999656677246,11.420000076293945,11.460000038146973,8.384880065917969,87300
2022-11-25,11.420000076293945,11.510000228881836,11.420000076293945,11.479999542236328,8.399514198303223,14800
2022-11-28,11.479999542236328,11.600000381469727,11.45199966430664,11.539999961853027,8.443414688110352,78300
2022-11-29,11.520000457763672,11.640000343322754,11.510000228881836,11.600000381469727,8.48731517791748,46500
2022-11-30,11.600000381469727,11.920000076293945,11.600000381469727,11.920000076293945,8.721447944641113,76100
2022-12-01,11.960000038146973,12.050000190734863,11.800000190734863,11.899999618530273,8.706814765930176,66800
2022-12-02,11.819999694824219,11.824999809265137,11.670000076293945,11.760000228881836,8.60438060760498,78400
2022-12-05,11.699999809265137,11.779999732971191,11.680000305175781,11.710000038146973,8.56779956817627,35200
2022-12-06,11.710000038146973,11.770999908447266,11.670000076293945,11.670000076293945,8.538533210754395,56700
2022-12-07,11.609999656677246,11.824999809265137,11.579999923706055,11.729999542236328,8.582430839538574,82300
2022-12-08,11.699999809265137,11.90999984741211,11.699999809265137,11.890000343322754,8.69949722290039,93800
2022-12-09,11.829999923706055,11.829999923706055,11.710000038146973,11.739999771118164,8.589749336242676,31100
2022-12-12,11.770000457763672,11.899999618530273,11.579999923706055,11.710000038146973,8.56779956817627,93100
2022-12-13,12.050000190734863,12.050000190734863,11.746999740600586,11.770000457763672,8.611696243286133,58300
2022-12-14,11.65999984741211,11.800000190734863,11.5,11.600000381469727,8.569259643554688,141900
2022-12-15,11.5,11.550000190734863,11.414999961853027,11.539999961853027,8.524934768676758,147700
2022-12-16,11.4399995803833,11.5600004196167,11.4399995803833,11.5600004196167,8.53971004486084,67300
2022-12-19,11.520000457763672,11.520000457763672,11.390000343322754,11.470000267028809,8.473223686218262,41000
2022-12-20,11.40999984741211,11.475000381469727,11.300000190734863,11.300000190734863,8.347640037536621,88200
2022-12-21,11.350000381469727,11.414999961853027,11.29699993133545,11.3100004196167,8.355029106140137,146700
2022-12-22,11.220000267028809,11.279999732971191,11.149999618530273,11.199999809265137,8.273767471313477,96600
2022-12-23,11.239999771118164,11.305000305175781,11.192999839782715,11.270000457763672,8.325478553771973,81900
2022-12-27,11.210000038146973,11.350000381469727,11.119999885559082,11.119999885559082,8.214670181274414,185000
2022-12-28,11.15999984741211,11.289999961853027,11.079999923706055,11.109999656677246,8.207280158996582,132300
2022-12-29,11.09000015258789,11.270000457763672,11.09000015258789,11.210000038146973,8.28115177154541,87300
2022-12-30,11.199999809265137,11.300000190734863,11.199999809265137,11.25,8.310701370239258,108300
2023-01-03,11.350000381469727,11.390000343322754,11.260000228881836,11.350000381469727,8.384572982788086,81200
2023-01-04,11.449999809265137,11.670000076293945,11.449999809265137,11.630000114440918,8.591421127319336,98800
2023-01-05,11.520000457763672,11.567000389099121,11.34000015258789,11.520000457763672,8.51015853881836,81200
2023-01-06,11.630000114440918,11.970000267028809,11.630000114440918,11.920000076293945,8.805651664733887,108400
2023-01-09,11.989999771118164,12.006999969482422,11.760000228881836,11.770000457763672,8.694839477539062,87700
2023-01-10,11.729999542236328,11.850000381469727,11.699999809265137,11.789999961853027,8.709617614746094,81600
2023-01-11,11.800000190734863,12.039999961853027,11.800000190734863,11.920000076293945,8.805651664733887,85000
2023-01-12,11.789999961853027,12.039999961853027,11.789999961853027,11.979999542236328,8.927556037902832,38700
2023-01-13,11.949999809265137,11.979999542236328,11.914999961853027,11.979999542236328,8.927556037902832,34200
2023-01-17,12.0,12.039999961853027,11.920000076293945,12.039999961853027,8.972268104553223,42200
2023-01-18,12.050000190734863,12.140000343322754,12.029999732971191,12.029999732971191,8.964816093444824,36100
2023-01-19,11.960000038146973,12.010000228881836,11.949999809265137,11.949999809265137,8.905200004577637,14500
2023-01-20,11.949999809265137,12.09000015258789,11.949999809265137,12.029999732971191,8.964816093444824,53300
2023-01-23,12.029999732971191,12.21500015258789,12.010000228881836,12.0600004196167,8.987173080444336,48200
2023-01-24,12.130000114440918,12.170000076293945,11.979999542236328,12.15999984741211,9.06169605255127,40700
2023-01-25,12.140000343322754,12.140000343322754,12.020000457763672,12.069999694824219,8.994624137878418,34200
2023-01-26,12.109999656677246,12.170000076293945,12.0600004196167,12.15999984741211,9.06169605255127,30200
2023-01-27,12.079999923706055,12.300000190734863,12.079999923706055,12.260000228881836,9.136215209960938,29600
2023-01-30,12.229999542236328,12.369999885559082,12.210000038146973,12.210000038146973,9.098952293395996,63000
2023-01-31,12.350000381469727,12.4399995803833,12.229999542236328,12.4399995803833,9.270350456237793,49700
2023-02-01,12.550000190734863,12.5649995803833,12.4399995803833,12.510000228881836,9.322517395019531,58800
2023-02-02,12.5600004196167,12.699999809265137,12.5600004196167,12.619999885559082,9.404487609863281,72100
2023-02-03,12.59000015258789,12.640000343322754,12.460000038146973,12.539999961853027,9.344871520996094,62400
2023-02-06,12.529999732971191,12.529999732971191,12.25,12.3100004196167,9.173476219177246,39300
2023-02-07,12.3100004196167,12.3100004196167,12.220000267028809,12.279999732971191,9.151118278503418,76400
2023-02-08,12.260000228881836,12.28499984741211,12.15999984741211,12.15999984741211,9.06169605255127,47300
2023-02-09,12.220000267028809,12.260000228881836,12.15999984741211,12.180000305175781,9.076597213745117,75100
2023-02-10,12.180000305175781,12.220000267028809,12.180000305175781,12.180000305175781,9.076597213745117,74800
2023-02-13,12.180000305175781,12.26099967956543,12.15999984741211,12.1899995803833,9.0840482711792,14800
2023-02-14,12.100000381469727,12.255000114440918,12.012999534606934,12.0600004196167,9.064196586608887,33700
2023-02-15,12.010000228881836,12.029999732971191,12.0,12.020000457763672,9.034134864807129,28600
2023-02-16,12.0,12.029999732971191,11.890000343322754,11.890000343322754,8.936426162719727,50500
2023-02-17,11.930000305175781,11.968000411987305,11.899999618530273,11.90999984741211,8.951457023620605,25800
2023-02-21,11.9399995803833,11.949999809265137,11.800000190734863,11.800000190734863,8.868783950805664,60400
2023-02-22,11.859999656677246,11.859999656677246,11.720000267028809,11.729999542236328,8.81617259979248,22800
2023-02-23,11.729999542236328,11.890000343322754,11.729999542236328,11.850000381469727,8.906362533569336,4900
2023-02-24,11.800000190734863,11.90999984741211,11.800000190734863,11.859999656677246,8.91387939453125,30900
2023-02-27,11.960000038146973,12.1899995803833,11.869999885559082,12.09000015258789,9.086745262145996,44400
2023-02-28,12.050000190734863,12.14900016784668,12.0,12.029999732971191,9.041647911071777,30700
2023-03-01,12.079999923706055,12.130000114440918,11.880000114440918,11.880000114440918,8.928910255432129,42500
2023-03-02,11.890000343322754,11.890000343322754,11.739999771118164,11.789999961853027,8.861268043518066,43700
2023-03-03,11.869999885559082,11.942000389099121,11.770000457763672,11.819999694824219,8.88381576538086,32900
2023-03-06,11.829999923706055,11.883000373840332,11.720000267028809,11.75,8.83120346069336,47700
2023-03-07,11.770000457763672,11.805000305175781,11.65999984741211,11.670000076293945,8.771076202392578,33500
2023-03-08,11.670000076293945,11.76200008392334,11.619999885559082,11.619999885559082,8.733497619628906,35300
2023-03-09,11.619999885559082,11.739999771118164,11.470000267028809,11.489999771118164,8.635788917541504,48600
2023-03-10,11.5,11.59000015258789,11.414999961853027,11.449999809265137,8.605728149414062,47600
2023-03-13,11.350000381469727,11.413000106811523,11.15999984741211,11.15999984741211,8.387763977050781,54200
2023-03-14,11.09000015258789,11.225000381469727,11.069999694824219,11.119999885559082,8.436004638671875,41000
2023-03-15,11.050000190734863,11.088000297546387,10.960000038146973,11.010000228881836,8.352551460266113,54800
2023-03-16,10.9399995803833,10.979999542236328,10.8100004196167,10.930000305175781,8.291862487792969,63300
2023-03-17,10.880000114440918,10.899999618530273,10.770000457763672,10.8100004196167,8.200828552246094,80100
2023-03-20,10.800000190734863,10.850000381469727,10.720000267028809,10.739999771118164,8.147721290588379,30300
2023-03-21,10.770000457763672,10.859999656677246,10.760000228881836,10.789999961853027,8.185654640197754,18200
2023-03-22,10.880000114440918,10.949999809265137,10.800000190734863,10.800000190734863,8.19324016571045,55500
2023-03-23,10.859999656677246,10.90999984741211,10.720000267028809,10.760000228881836,8.162896156311035,36800
2023-03-24,10.779999732971191,10.779999732971191,10.649999618530273,10.710000038146973,8.124959945678711,71900
2023-03-27,10.6899995803833,10.770000457763672,10.649999618530273,10.680000305175781,8.102204322814941,40800
2023-03-28,10.710000038146973,10.732999801635742,10.649999618530273,10.670000076293945,8.09461498260498,36300
2023-03-29,10.739999771118164,10.850000381469727,10.739999771118164,10.819999694824219,8.208412170410156,44700
2023-03-30,10.899999618530273,10.970000267028809,10.859999656677246,10.90999984741211,8.276688575744629,65900
2023-03-31,10.960000038146973,11.14900016784668,10.960000038146973,11.09000015258789,8.413243293762207,70800
2023-04-03,11.170000076293945,11.229999542236328,11.100000381469727,11.15999984741211,8.466350555419922,85400
2023-04-04,11.229999542236328,11.265000343322754,11.050000190734863,11.050000190734863,8.382898330688477,58200
2023-04-05,11.050000190734863,11.157999992370605,10.989999771118164,11.0,8.34496784210205,64700
2023-04-06,11.0,11.109999656677246,11.0,11.100000381469727,8.420832633972168,42700
2023-04-10,11.119999885559082,11.199999809265137,11.010000228881836,11.15999984741211,8.466350555419922,60500
2023-04-11,11.199999809265137,11.3100004196167,11.1899995803833,11.270000457763672,8.549796104431152,38200
2023-04-12,11.319999694824219,11.5,11.300000190734863,11.369999885559082,8.625659942626953,61900
2023-04-13,11.319999694824219,11.420000076293945,11.260000228881836,11.390000343322754,8.720279693603516,21700
2023-04-14,11.380000114440918,11.390000343322754,11.300000190734863,11.319999694824219,8.66668701171875,44500
2023-04-17,11.329999923706055,11.359999656677246,11.274999618530273,11.3100004196167,8.65903091430664,43600
2023-04-18,11.329999923706055,11.369999885559082,11.3149995803833,11.319999694824219,8.66668701171875,25400
2023-04-19,11.260000228881836,11.329999923706055,11.260000228881836,11.3100004196167,8.65903091430664,26000
2023-04-20,11.3100004196167,11.319000244140625,11.140000343322754,11.140000343322754,8.528877258300781,43700
2023-04-21,11.100000381469727,11.180000305175781,11.09000015258789,11.09000015258789,8.490596771240234,37100
2023-04-24,11.050000190734863,11.130000114440918,10.989999771118164,11.039999961853027,8.452313423156738,64100
2023-04-25,10.979999542236328,11.034000396728516,10.930000305175781,10.9399995803833,8.37575626373291,90500
2023-04-26,10.930000305175781,11.03499984741211,10.904000282287598,10.920000076293945,8.360441207885742,55800
2023-04-27,10.970000267028809,11.116000175476074,10.9399995803833,11.029999732971191,8.444662094116211,65600
2023-04-28,10.970000267028809,11.149999618530273,10.970000267028809,11.079999923706055,8.482940673828125,46700
2023-05-01,11.09000015258789,11.128999710083008,11.03499984741211,11.039999961853027,8.452313423156738,48100
2023-05-02,11.0600004196167,11.109999656677246,10.949999809265137,10.989999771118164,8.41403579711914,103000
2023-05-03,10.949999809265137,11.036999702453613,10.90999984741211,10.90999984741211,8.352784156799316,41500
2023-05-04,10.920000076293945,10.930000305175781,10.86400032043457,10.869999885559082,8.322162628173828,43400
2023-05-05,10.890000343322754,11.071999549865723,10.890000343322754,10.970000267028809,8.398724555969238,35400
2023-05-08,10.9399995803833,11.020000457763672,10.925000190734863,10.979999542236328,8.406378746032715,43600
2023-05-09,10.989999771118164,10.994000434875488,10.899999618530273,10.899999618530273,8.345129013061523,54900
2023-05-10,10.970000267028809,11.020000457763672,10.899999618530273,10.949999809265137,8.383411407470703,30500
2023-05-11,10.920000076293945,10.991999626159668,10.880000114440918,10.880000114440918,8.329819679260254,49400
2023-05-12,10.829999923706055,10.829999923706055,10.6899995803833,10.720000267028809,8.286212921142578,36600
2023-05-15,10.720000267028809,10.789999961853027,10.699999809265137,10.739999771118164,8.30167293548584,47400
2023-05-16,10.6899995803833,10.729999542236328,10.649999618530273,10.649999618530273,8.23210334777832,53100
2023-05-17,10.680000305175781,10.739999771118164,10.670000076293945,10.6899995803833,8.26302433013916,43500
2023-05-18,10.699999809265137,10.720000267028809,10.649999618530273,10.699999809265137,8.270752906799316,53100
2023-05-19,10.699999809265137,10.760000228881836,10.699999809265137,10.710000038146973,8.278480529785156,34300
2023-05-22,10.729999542236328,10.800000190734863,10.729999542236328,10.770000457763672,8.324860572814941,29600
2023-05-23,10.760000228881836,10.800000190734863,10.720000267028809,10.729999542236328,8.29394245147705,32600
2023-05-24,10.760000228881836,10.760000228881836,10.640000343322754,10.65999984741211,8.239834785461426,26000
2023-05-25,10.6899995803833,10.739999771118164,10.649999618530273,10.680000305175781,8.255294799804688,19500
2023-05-26,10.699999809265137,10.779999732971191,10.670000076293945,10.770000457763672,8.324860572814941,32700
2023-05-30,10.760000228881836,10.920000076293945,10.760000228881836,10.890000343322754,8.417619705200195,70000
2023-05-31,10.859999656677246,10.949999809265137,10.819999694824219,10.930000305175781,8.44853687286377,71500
2023-06-01,10.989999771118164,11.133000373840332,10.920000076293945,11.020000457763672,8.518102645874023,45200
2023-06-02,11.079999923706055,11.140000343322754,11.079999923706055,11.109999656677246,8.587669372558594,35200
2023-06-05,11.140000343322754,11.140000343322754,11.010000228881836,11.079999923706055,8.564480781555176,29700
2023-06-06,11.100000381469727,11.140000343322754,11.029999732971191,11.130000114440918,8.603129386901855,30100
2023-06-07,11.149999618530273,11.1899995803833,11.0600004196167,11.130000114440918,8.603129386901855,18300
2023-06-08,11.180000305175781,11.25,11.180000305175781,11.229999542236328,8.680428504943848,11700
2023-06-09,11.239999771118164,11.260000228881836,11.170000076293945,11.170000076293945,8.634047508239746,40500
2023-06-12,11.239999771118164,11.279999732971191,11.119999885559082,11.170000076293945,8.634047508239746,27300
2023-06-13,11.199999809265137,11.25,11.100000381469727,11.239999771118164,8.688155174255371,61900
2023-06-14,11.140000343322754,11.210000038146973,11.100000381469727,11.119999885559082,8.675350189208984,29900
2023-06-15,11.149999618530273,11.210000038146973,11.140000343322754,11.15999984741211,8.706559181213379,23000
2023-06-16,11.25,11.25,11.15999984741211,11.15999984741211,8.706559181213379,25000
2023-06-20,11.199999809265137,11.260000228881836,11.100000381469727,11.109999656677246,8.667550086975098,35800
2023-06-21,11.079999923706055,11.138999938964844,11.0600004196167,11.0600004196167,8.628539085388184,31600
2023-06-22,11.0600004196167,11.085000038146973,11.0,11.010000228881836,8.589532852172852,23400
2023-06-23,10.989999771118164,11.039999961853027,10.949999809265137,10.949999809265137,8.542722702026367,27600
2023-06-26,10.949999809265137,11.039999961853027,10.944999694824219,11.0,8.581730842590332,69200
2023-06-27,11.0,11.079999923706055,10.970000267028809,11.0600004196167,8.628539085388184,41800
2023-06-28,11.079999923706055,11.199999809265137,11.0649995803833,11.180000305175781,8.722161293029785,30000
2023-06-29,11.140000343322754,11.25,11.130000114440918,11.25,8.776768684387207,89400
2023-06-30,11.270000457763672,11.319999694824219,11.15999984741211,11.170000076293945,8.714360237121582,48400
2023-07-03,11.170000076293945,11.25,11.109999656677246,11.170000076293945,8.714360237121582,36900
2023-07-05,11.170000076293945,11.350000381469727,11.15999984741211,11.279999732971191,8.800175666809082,88700
2023-07-06,11.25,11.255000114440918,11.069999694824219,11.229999542236328,8.761167526245117,56100
2023-07-07,11.229999542236328,11.359999656677246,11.170000076293945,11.319999694824219,8.831384658813477,75500
2023-07-10,11.380000114440918,11.380000114440918,11.34000015258789,11.369999885559082,8.870390892028809,38200
2023-07-11,11.430000305175781,11.4399995803833,11.369999885559082,11.4399995803833,8.92500114440918,43400
2023-07-12,11.5600004196167,11.59000015258789,11.399999618530273,11.460000038146973,8.940605163574219,82500
2023-07-13,11.449999809265137,11.451000213623047,11.359999656677246,11.380000114440918,8.959174156188965,28900
2023-07-14,11.369999885559082,11.42199993133545,11.220000267028809,11.220000267028809,8.833209991455078,38400
2023-07-17,11.220000267028809,11.359999656677246,11.220000267028809,11.329999923706055,8.919807434082031,71800
2023-07-18,11.359999656677246,11.40999984741211,11.293999671936035,11.390000343322754,8.967045783996582,34400
2023-07-19,11.420000076293945,11.460000038146973,11.369999885559082,11.399999618530273,8.974916458129883,38900
2023-07-20,11.40999984741211,11.430000305175781,11.359999656677246,11.390000343322754,8.967045783996582,41100
2023-07-21,11.420000076293945,11.460000038146973,11.380000114440918,11.380000114440918,8.959174156188965,22000
2023-07-24,11.460000038146973,11.489999771118164,11.430000305175781,11.489999771118164,9.045772552490234,35600
2023-07-25,11.529999732971191,11.529999732971191,11.40999984741211,11.470000267028809,9.030028343200684,45400
2023-07-26,11.520000457763672,11.520000457763672,11.399999618530273,11.40999984741211,8.98279094696045,25600
2023-07-27,11.449999809265137,11.520000457763672,11.329999923706055,11.359999656677246,8.943426132202148,23300
2023-07-28,11.5,11.640000343322754,11.390000343322754,11.630000114440918,9.155987739562988,72300
2023-07-31,11.699999809265137,11.739999771118164,11.524999618530273,11.649999618530273,9.171735763549805,44700
2023-08-01,11.649999618530273,11.699999809265137,11.510000228881836,11.649999618530273,9.171735763549805,74200
2023-08-02,11.5600004196167,11.635000228881836,11.430000305175781,11.5,9.053646087646484,54200
2023-08-03,11.5,11.550000190734863,11.359999656677246,11.390000343322754,8.967045783996582,52000
2023-08-04,11.539999961853027,11.579999923706055,11.428999900817871,11.550000190734863,9.093010902404785,67900
2023-08-07,11.579999923706055,11.789999961853027,11.565999984741211,11.75,9.250463485717773,53100
2023-08-08,11.739999771118164,11.819999694824219,11.531999588012695,11.779999732971191,9.27408218383789,48000
2023-08-09,11.8100004196167,11.970000267028809,11.694999694824219,11.9399995803833,9.400046348571777,72200
2023-08-10,12.029999732971191,12.119999885559082,11.842000007629395,11.989999771118164,9.439408302307129,85300
2023-08-11,12.020000457763672,12.09000015258789,11.920000076293945,11.920000076293945,9.38430118560791,68800
2023-08-14,11.819999694824219,11.822999954223633,11.6899995803833,11.710000038146973,9.299789428710938,31700
2023-08-15,11.710000038146973,11.739999771118164,11.600000381469727,11.640000343322754,9.2441987991333,35400
2023-08-16,11.600000381469727,11.66100025177002,11.489999771118164,11.489999771118164,9.125072479248047,50700
2023-08-17,11.489999771118164,11.630000114440918,11.25,11.270000457763672,8.95035171508789,103800
2023-08-18,11.270000457763672,11.359999656677246,11.270000457763672,11.300000190734863,8.974177360534668,45800
2023-08-21,11.300000190734863,11.319999694824219,11.270000457763672,11.300000190734863,8.974177360534668,36300
2023-08-22,11.329999923706055,11.399999618530273,11.329999923706055,11.399999618530273,9.053593635559082,40200
2023-08-23,11.449999809265137,11.640000343322754,11.430000305175781,11.579999923706055,9.19654655456543,56200
2023-08-24,11.569999694824219,11.65999984741211,11.369999885559082,11.420000076293945,9.069478988647461,168200
2023-08-25,11.430000305175781,11.583000183105469,11.40999984741211,11.40999984741211,9.061537742614746,73100
2023-08-28,11.59000015258789,11.595000267028809,11.416000366210938,11.460000038146973,9.10124683380127,78000
2023-08-29,11.460000038146973,11.640000343322754,11.40999984741211,11.5,9.133012771606445,58900
2023-08-30,11.550000190734863,11.725000381469727,11.449999809265137,11.680000305175781,9.27596378326416,79900
2023-08-31,11.729999542236328,11.760000228881836,11.550000190734863,11.579999923706055,9.19654655456543,63900
2023-09-01,11.699999809265137,11.899999618530273,11.579999923706055,11.630000114440918,9.236252784729004,37600
2023-09-05,11.609999656677246,11.767000198364258,11.510000228881836,11.569999694824219,9.188604354858398,42400
2023-09-06,11.640000343322754,11.729999542236328,11.550000190734863,11.619999885559082,9.228313446044922,28800
2023-09-07,11.630000114440918,11.659000396728516,11.529999732971191,11.600000381469727,9.21242904663086,21000
2023-09-08,11.550000190734863,11.600000381469727,11.40999984741211,11.420000076293945,9.069478988647461,44600
2023-09-11,11.5,11.630000114440918,11.4399995803833,11.470000267028809,9.109188079833984,29600
2023-09-12,11.489999771118164,11.501999855041504,11.4399995803833,11.479999542236328,9.1171293258667,25600
2023-09-13,11.489999771118164,11.569999694824219,11.4399995803833,11.489999771118164,9.125072479248047,36500
2023-09-14,11.4399995803833,11.529999732971191,11.399999618530273,11.4399995803833,9.168013572692871,43200
2023-09-15,11.470000267028809,11.510000228881836,11.359999656677246,11.5,9.21609878540039,30400
2023-09-18,11.529999732971191,11.529999732971191,11.350000381469727,11.359999656677246,9.103900909423828,51700
2023-09-19,11.350000381469727,11.539999961853027,11.34000015258789,11.539999961853027,9.248152732849121,45900
2023-09-20,11.569999694824219,11.616999626159668,11.369999885559082,11.4399995803833,9.168013572692871,35100
2023-09-21,11.430000305175781,11.550000190734863,11.229999542236328,11.40999984741211,9.143973350524902,67000
2023-09-22,11.4399995803833,11.630000114440918,11.289999961853027,11.399999618530273,9.135957717895508,165300
2023-09-25,11.390000343322754,11.479999542236328,11.329999923706055,11.399999618530273,9.135957717895508,45500
2023-09-26,11.390000343322754,11.520999908447266,11.3100004196167,11.449999809265137,9.176027297973633,65000
2023-09-27,11.520000457763672,11.520000457763672,11.329999923706055,11.34000015258789,9.08787727355957,38800
2023-09-28,11.369999885559082,11.479999542236328,11.34000015258789,11.430000305175781,9.160003662109375,80300
2023-09-29,11.510000228881836,11.619999885559082,11.430000305175781,11.4399995803833,9.168013572692871,95400
2023-10-02,11.4399995803833,11.496000289916992,11.3100004196167,11.3100004196167,9.063834190368652,102400
2023-10-03,11.34000015258789,11.489999771118164,11.100000381469727,11.140000343322754,8.927596092224121,66300
2023-10-04,11.15999984741211,11.25,11.0,11.0,8.815399169921875,100500
2023-10-05,11.0,11.239999771118164,10.869999885559082,10.960000038146973,8.783343315124512,77000
2023-10-06,10.960000038146973,11.119999885559082,10.899999618530273,11.109999656677246,8.903552055358887,74100
2023-10-09,11.140000343322754,11.34000015258789,11.130000114440918,11.239999771118164,9.007733345031738,52600
2023-10-10,11.239999771118164,11.34000015258789,11.020000457763672,11.069999694824219,8.871496200561523,91900
2023-10-11,11.15999984741211,11.229999542236328,11.0,11.069999694824219,8.871496200561523,55600
2023-10-12,11.0,11.050000190734863,10.890000343322754,10.890000343322754,8.809680938720703,42000
2023-10-13,10.920000076293945,10.96399974822998,10.720000267028809,10.760000228881836,8.704514503479004,90300
2023-10-16,10.739999771118164,10.829999923706055,10.609999656677246,10.649999618530273,8.615524291992188,86000
2023-10-17,10.600000381469727,10.704999923706055,10.600000381469727,10.640000343322754,8.607437133789062,36900
2023-10-18,10.640000343322754,10.692999839782715,10.550000190734863,10.5600004196167,8.542719841003418,41000
2023-10-19,10.579999923706055,10.619999885559082,10.449999809265137,10.479999542236328,8.478002548217773,81100
2023-10-20,10.510000228881836,10.539999961853027,10.399999618530273,10.40999984741211,8.421374320983887,42400
2023-10-23,10.380000114440918,10.470000267028809,10.361000061035156,10.399999618530273,8.413286209106445,41600
2023-10-24,10.430000305175781,10.5600004196167,10.430000305175781,10.529999732971191,8.518452644348145,39800
2023-10-25,10.520000457763672,10.539999961853027,10.430000305175781,10.430000305175781,8.437554359436035,23500
2023-10-26,10.470000267028809,10.470000267028809,10.399999618530273,10.420000076293945,8.429463386535645,31500
2023-10-27,10.420000076293945,10.510000228881836,10.414999961853027,10.430000305175781,8.437554359436035,46400
2023-10-30,10.430000305175781,10.579999923706055,10.430000305175781,10.529999732971191,8.518452644348145,50600
2023-10-31,10.5600004196167,10.729999542236328,10.539999961853027,10.699999809265137,8.655975341796875,61100
2023-11-01,10.760000228881836,10.90999984741211,10.75,10.850000381469727,8.777318000793457,49700
2023-11-02,10.90999984741211,11.10099983215332,10.90999984741211,11.072999954223633,8.957720756530762,63700
2023-11-03,11.170000076293945,11.34000015258789,11.170000076293945,11.25,9.100909233093262,61200
2023-11-06,11.279999732971191,11.279999732971191,11.109999656677246,11.15999984741211,9.028101921081543,37300
2023-11-07,11.220000267028809,11.220000267028809,11.119999885559082,11.180000305175781,9.044281959533691,35100
2023-11-08,11.220000267028809,11.279999732971191,11.21500015258789,11.270000457763672,9.117088317871094,45200
2023-11-09,11.329999923706055,11.4399995803833,11.3100004196167,11.34000015258789,9.173715591430664,76400
2023-11-10,11.395000457763672,11.4399995803833,11.1899995803833,11.229999542236328,9.084729194641113,32600
2023-11-13,11.229999542236328,11.239999771118164,11.180000305175781,11.220000267028809,9.076638221740723,35200
2023-11-14,11.25,11.281999588012695,11.180000305175781,11.1899995803833,9.136720657348633,37600
2023-11-15,11.210000038146973,11.274999618530273,11.1899995803833,11.220000267028809,9.161218643188477,60400
2023-11-16,11.210000038146973,11.25,11.180000305175781,11.1899995803833,9.136720657348633,46600
2023-11-17,11.199999809265137,11.269000053405762,11.163000106811523,11.1899995803833,9.136720657348633,24100
2023-11-20,11.210000038146973,11.229999542236328,11.170000076293945,11.170000076293945,9.120393753051758,36700
2023-11-21,11.180000305175781,11.260000228881836,11.170000076293945,11.210000038146973,9.153053283691406,26000
2023-11-22,11.260000228881836,11.279999732971191,11.199999809265137,11.239999771118164,9.177550315856934,46000
2023-11-24,11.239999771118164,11.279999732971191,11.210000038146973,11.279999732971191,9.210208892822266,45300
2023-11-27,11.300000190734863,11.319999694824219,11.1899995803833,11.1899995803833,9.136720657348633,103500
2023-11-28,11.260000228881836,11.260000228881836,11.170000076293945,11.180000305175781,9.128559112548828,30200
2023-11-29,11.210000038146973,11.305000305175781,11.210000038146973,11.270000457763672,9.202043533325195,113600
2023-11-30,11.279999732971191,11.3149995803833,11.239999771118164,11.270000457763672,9.202043533325195,42100
2023-12-01,11.34000015258789,11.420000076293945,11.303999900817871,11.40999984741211,9.316356658935547,87400
2023-12-04,11.329999923706055,11.460000038146973,11.329999923706055,11.369999885559082,9.28369426727295,72600
2023-12-05,11.399999618530273,11.449999809265137,11.383999824523926,11.449999809265137,9.349015235900879,82100
2023-12-06,11.510000228881836,11.529999732971191,11.449999809265137,11.460000038146973,9.35718059539795,62400
2023-12-07,11.5,11.579999923706055,11.479999542236328,11.539999961853027,9.422500610351562,102100
2023-12-08,11.489999771118164,11.579999923706055,11.470000267028809,11.579999923706055,9.45516300201416,50400
2023-12-11,11.609999656677246,11.640000343322754,11.520000457763672,11.579999923706055,9.45516300201416,67300
2023-12-12,11.609999656677246,11.609999656677246,11.5,11.510000228881836,9.398005485534668,63200
2023-12-13,11.5600004196167,12.0600004196167,11.470000267028809,12.010000228881836,9.80626106262207,266800
2023-12-14,12.140000343322754,12.145999908447266,11.949999809265137,12.069999694824219,9.940990447998047,99200
2023-12-15,12.130000114440918,12.1899995803833,12.093000411987305,12.100000381469727,9.9656982421875,59500
2023-12-18,12.140000343322754,12.1899995803833,11.993000030517578,12.010000228881836,9.89157772064209,62300
2023-12-19,12.010000228881836,12.079999923706055,11.960000038146973,11.960000038146973,9.850393295288086,76900
2023-12-20,12.0,12.053999900817871,11.850000381469727,11.850000381469727,9.759798049926758,64900
2023-12-21,11.949999809265137,12.0,11.890000343322754,11.904999732971191,9.805095672607422,56200
2023-12-22,11.960000038146973,12.045999526977539,11.925000190734863,12.020000457763672,9.899810791015625,57100
2023-12-26,12.029999732971191,12.079999923706055,12.020999908447266,12.069999694824219,9.940990447998047,43600
2023-12-27,12.0600004196167,12.270000457763672,12.0600004196167,12.239999771118164,10.081006050109863,90600
2023-12-28,12.199999809265137,12.260000228881836,12.114999771118164,12.239999771118164,10.081006050109863,46600
2023-12-29,12.229999542236328,12.34000015258789,12.1899995803833,12.199999809265137,10.048060417175293,57500
2024-01-02,12.229999542236328,12.34000015258789,12.220000267028809,12.329999923706055,10.155130386352539,48500
2024-01-03,12.329999923706055,12.420000076293945,12.289999961853027,12.380000114440918,10.196311950683594,56300
2024-01-04,12.380000114440918,12.40999984741211,12.300000190734863,12.380000114440918,10.196311950683594,77400
2024-01-05,12.390000343322754,12.579999923706055,12.338000297546387,12.5,10.295144081115723,68800
2024-01-08,12.529999732971191,12.699999809265137,12.529999732971191,12.609999656677246,10.385741233825684,53800
2024-01-09,12.600000381469727,12.609999656677246,12.279999732971191,12.399999618530273,10.212782859802246,92400
2024-01-10,12.390000343322754,12.539999961853027,12.380000114440918,12.460000038146973,10.262201309204102,96700
2024-01-11,12.3100004196167,12.413000106811523,12.270000457763672,12.350000381469727,10.25687026977539,76900
2024-01-12,12.3100004196167,12.333999633789062,12.220000267028809,12.239999771118164,10.165518760681152,111200
2024-01-16,12.220000267028809,12.239999771118164,12.069999694824219,12.09000015258789,10.040936470031738,90000
2024-01-17,12.079999923706055,12.239999771118164,12.069999694824219,12.079999923706055,10.032632827758789,72400
2024-01-18,12.130000114440918,12.149999618530273,11.9399995803833,11.970000267028809,9.941276550292969,99000
2024-01-19,12.010000228881836,12.010000228881836,11.880000114440918,11.960000038146973,9.932971954345703,83500
2024-01-22,11.989999771118164,12.130000114440918,11.989999771118164,12.130000114440918,10.074158668518066,107800
2024-01-23,12.130000114440918,12.1899995803833,12.069999694824219,12.109999656677246,10.057549476623535,116900
2024-01-24,12.170000076293945,12.199999809265137,12.09000015258789,12.09000015258789,10.040936470031738,61600
2024-01-25,12.170000076293945,12.239999771118164,12.15999984741211,12.239999771118164,10.165518760681152,63500
2024-01-26,12.270000457763672,12.279999732971191,12.204999923706055,12.260000228881836,10.182124137878418,97700
2024-01-29,12.289999961853027,12.460000038146973,12.267999649047852,12.390000343322754,10.290094375610352,91100
2024-01-30,12.430000305175781,12.609999656677246,12.430000305175781,12.609999656677246,10.472806930541992,108200
2024-01-31,12.600000381469727,12.630000114440918,12.460000038146973,12.569999694824219,10.43958568572998,84600
2024-02-01,12.630000114440918,12.819999694824219,12.630000114440918,12.819999694824219,10.647214889526367,130500
2024-02-02,12.789999961853027,12.789999961853027,12.579999923706055,12.600000381469727,10.46450138092041,62300
2024-02-05,12.59000015258789,12.609999656677246,12.550000190734863,12.600000381469727,10.46450138092041,100600
2024-02-06,12.65999984741211,12.760000228881836,12.65999984741211,12.720000267028809,10.564162254333496,91400
2024-02-07,12.710000038146973,12.819999694824219,12.699999809265137,12.819999694824219,10.647214889526367,102900
2024-02-08,12.850000381469727,12.850000381469727,12.720000267028809,12.729999542236328,10.572466850280762,62400
2024-02-09,12.75,12.75,12.670000076293945,12.710000038146973,10.555861473083496,81700
2024-02-12,12.760000228881836,12.772000312805176,12.729999542236328,12.75,10.589078903198242,62400
2024-02-13,12.739999771118164,12.739999771118164,12.539999961853027,12.569999694824219,10.43958568572998,102000
2024-02-14,12.539999961853027,12.640000343322754,12.470000267028809,12.470000267028809,10.442588806152344,103900
2024-02-15,12.470000267028809,12.52400016784668,12.420000076293945,12.4399995803833,10.41746711730957,108500
2024-02-16,12.430000305175781,12.479999542236328,12.369999885559082,12.390000343322754,10.37559700012207,71700
2024-02-20,12.420000076293945,12.470000267028809,12.392000198364258,12.449999809265137,10.4258394241333,66100
2024-02-21,12.479999542236328,12.529999732971191,12.399999618530273,12.510000228881836,10.476086616516113,43600
2024-02-22,12.59000015258789,12.600000381469727,12.510000228881836,12.529999732971191,10.492833137512207,50000
2024-02-23,12.510000228881836,12.609999656677246,12.510000228881836,12.539999961853027,10.501208305358887,71400
2024-02-26,12.569999694824219,12.579999923706055,12.470000267028809,12.5,10.467710494995117,51200
2024-02-27,12.529999732971191,12.569999694824219,12.529999732971191,12.539999961853027,10.501208305358887,42600
2024-02-28,12.579999923706055,12.75,12.579999923706055,12.699999809265137,10.635197639465332,98500
2024-02-29,12.739999771118164,12.770000457763672,12.670000076293945,12.699999809265137,10.635197639465332,54500
2024-03-01,12.760000228881836,12.8100004196167,12.670999526977539,12.720000267028809,10.65194320678711,66600
2024-03-04,12.729999542236328,12.789999961853027,12.729999542236328,12.789999961853027,10.710562705993652,43900
2024-03-05,12.819999694824219,12.819999694824219,12.619999885559082,12.710000038146973,10.643569946289062,86900
2024-03-06,12.699999809265137,12.729999542236328,12.600000381469727,12.699999809265137,10.635197639465332,100600
2024-03-07,12.680000305175781,12.710000038146973,12.65999984741211,12.680000305175781,10.618448257446289,51200
2024-03-08,12.710000038146973,12.760000228881836,12.609999656677246,12.630000114440918,10.576578140258789,68300
2024-03-11,12.649999618530273,12.680000305175781,12.619999885559082,12.649999618530273,10.593323707580566,39800
2024-03-12,12.649999618530273,12.680000305175781,12.619999885559082,12.670000076293945,10.61007308959961,57100
2024-03-13,12.680000305175781,12.75,12.670000076293945,12.720000267028809,10.65194320678711,51800
2024-03-14,12.640000343322754,12.649999618530273,12.5600004196167,12.600000381469727,10.638084411621094,56600
2024-03-15,12.609999656677246,12.84000015258789,12.579999923706055,12.770000457763672,10.781615257263184,61100
2024-03-18,12.84000015258789,12.84000015258789,12.699999809265137,12.729999542236328,10.747841835021973,56000
2024-03-19,12.739999771118164,12.789999961853027,12.680000305175781,12.760000228881836,10.773172378540039,49700
2024-03-20,12.739999771118164,12.760000228881836,12.609999656677246,12.640000343322754,10.671858787536621,59900
2024-03-21,12.649999618530273,12.727999687194824,12.600000381469727,12.609999656677246,10.646528244018555,51400
2024-03-22,12.680000305175781,12.760000228881836,12.630000114440918,12.649999618530273,10.680299758911133,52700
2024-03-25,12.65999984741211,12.670000076293945,12.600000381469727,12.609999656677246,10.646528244018555,32500
2024-03-26,12.65999984741211,12.699999809265137,12.645000457763672,12.654999732971191,10.68452262878418,35400
2024-03-27,12.710000038146973,12.9399995803833,12.710000038146973,12.920000076293945,10.908260345458984,90500
2024-03-28,12.930000305175781,12.949999809265137,12.779999732971191,12.779999732971191,10.790058135986328,106900
2024-04-01,12.880000114440918,12.989999771118164,12.850000381469727,12.979999542236328,10.958913803100586,77300
2024-04-02,12.960000038146973,12.960000038146973,12.800000190734863,12.800000190734863,10.806944847106934,57900
2024-04-03,12.800000190734863,12.890000343322754,12.789999961853027,12.869999885559082,10.866044044494629,22700
2024-04-04,12.880000114440918,12.920000076293945,12.760000228881836,12.760000228881836,10.773172378540039,52500
2024-04-05,12.789999961853027,12.949999809265137,12.789999961853027,12.9399995803833,10.925145149230957,40300
2024-04-08,12.970000267028809,13.100000381469727,12.880000114440918,12.920000076293945,10.908260345458984,54600
2024-04-09,12.949999809265137,13.020000457763672,12.930000305175781,12.949999809265137,10.933587074279785,34200
2024-04-10,12.90999984741211,12.927000045776367,12.619999885559082,12.760000228881836,10.773172378540039,55100
2024-04-11,12.819999694824219,12.819999694824219,12.569999694824219,12.600000381469727,10.638084411621094,58300
2024-04-12,12.529999732971191,12.600000381469727,12.390000343322754,12.449999809265137,10.598572731018066,49900
2024-04-15,12.449999809265137,12.454999923706055,12.175000190734863,12.1899995803833,10.377237319946289,49200
2024-04-16,12.210000038146973,12.25,12.020000457763672,12.178999900817871,10.367873191833496,88100
2024-04-17,12.199999809265137,12.267999649047852,12.15999984741211,12.1899995803833,10.377237319946289,32500
2024-04-18,12.25,12.295000076293945,12.199999809265137,12.229999542236328,10.411288261413574,22200
2024-04-19,12.229999542236328,12.3100004196167,12.229999542236328,12.270000457763672,10.445340156555176,64400
2024-04-22,12.380000114440918,12.380000114440918,12.279999732971191,12.350000381469727,10.513442993164062,52800
2024-04-23,12.359999656677246,12.489999771118164,12.3149995803833,12.489999771118164,10.632624626159668,47900
2024-04-24,12.529999732971191,12.680000305175781,12.350000381469727,12.390000343322754,10.547496795654297,53700
2024-04-25,12.390000343322754,12.449999809265137,12.289999961853027,12.34000015258789,10.504931449890137,43500
2024-04-26,12.359999656677246,12.404999732971191,12.279999732971191,12.350000381469727,10.513442993164062,35500
2024-04-29,12.430000305175781,12.640000343322754,12.395000457763672,12.640000343322754,10.760320663452148,80400
2024-04-30,12.619999885559082,12.619999885559082,12.550000190734863,12.579999923706055,10.70924186706543,36800
2024-05-01,12.649999618530273,12.789999961853027,12.61400032043457,12.789999961853027,10.888012886047363,42600
2024-05-02,12.850000381469727,12.850000381469727,12.760000228881836,12.8100004196167,10.905036926269531,35400
2024-05-03,12.84000015258789,12.930000305175781,12.829999923706055,12.899999618530273,10.981654167175293,38000
2024-05-06,12.920000076293945,12.994000434875488,12.90999984741211,12.960000038146973,11.032732009887695,46900
2024-05-07,12.930000305175781,13.03499984741211,12.890000343322754,12.930000305175781,11.007192611694336,35300
2024-05-08,12.930000305175781,12.984999656677246,12.819999694824219,12.850000381469727,10.939090728759766,29100
2024-05-09,12.850000381469727,12.90999984741211,12.829999923706055,12.890000343322754,10.973143577575684,25300
2024-05-10,12.869999885559082,12.904999732971191,12.819999694824219,12.829999923706055,10.922062873840332,23200
2024-05-13,12.869999885559082,12.88599967956543,12.760000228881836,12.779999732971191,10.879499435424805,25700
2024-05-14,12.649999618530273,12.720000267028809,12.609999656677246,12.649999618530273,10.856828689575195,45900
2024-05-15,12.649999618530273,12.739999771118164,12.649999618530273,12.739999771118164,10.934072494506836,39000
2024-05-16,12.720000267028809,12.770000457763672,12.640000343322754,12.670000076293945,10.87399673461914,47000
2024-05-17,12.65999984741211,12.704999923706055,12.640000343322754,12.640000343322754,10.848247528076172,26300
2024-05-20,12.699999809265137,12.710000038146973,12.649999618530273,12.6899995803833,10.891159057617188,45000
2024-05-21,12.649999618530273,12.729999542236328,12.649999618530273,12.729999542236328,10.925488471984863,40600
2024-05-22,12.729999542236328,12.774999618530273,12.649999618530273,12.710000038146973,10.908326148986816,47700
2024-05-23,12.65999984741211,12.6899995803833,12.510000228881836,12.569999694824219,10.788172721862793,55600
2024-05-24,12.600000381469727,12.670000076293945,12.57699966430664,12.59000015258789,10.805333137512207,26100
2024-05-28,12.670000076293945,12.670000076293945,12.472000122070312,12.5,10.728092193603516,28100
2024-05-29,12.510000228881836,12.510000228881836,12.350000381469727,12.380000114440918,10.625102996826172,49300
2024-05-30,12.380000114440918,12.539999961853027,12.380000114440918,12.4399995803833,10.676597595214844,62300
2024-05-31,12.5,12.5600004196167,12.4399995803833,12.5600004196167,10.779586791992188,51800
2024-06-03,12.619999885559082,12.763999938964844,12.5,12.649999618530273,10.856828689575195,59800
2024-06-04,12.649999618530273,12.739999771118164,12.649999618530273,12.6899995803833,10.891159057617188,43000
2024-06-05,12.699999809265137,12.699999809265137,12.65999984741211,12.699999809265137,10.899744987487793,22300
2024-06-06,12.670000076293945,12.739999771118164,12.670000076293945,12.6899995803833,10.891159057617188,25400
2024-06-07,12.720000267028809,12.859999656677246,12.675000190734863,12.859999656677246,11.03706169128418,35400
2024-06-10,12.8100004196167,12.859999656677246,12.8100004196167,12.859999656677246,11.03706169128418,32700
2024-06-11,12.8100004196167,12.890000343322754,12.760000228881836,12.84000015258789,11.0198974609375,31000
2024-06-12,12.899999618530273,13.050000190734863,12.859999656677246,13.050000190734863,11.200130462646484,31900
2024-06-13,12.979999542236328,12.979999542236328,12.869999885559082,12.90999984741211,11.079975128173828,22100
2024-06-14,12.800000190734863,12.880000114440918,12.75,12.779999732971191,11.057121276855469,36300
2024-06-17,12.739999771118164,12.800000190734863,12.6899995803833,12.699999809265137,10.987907409667969,38500
2024-06-18,12.739999771118164,12.760000228881836,12.640000343322754,12.680000305175781,10.970602989196777,32700
2024-06-20,12.59000015258789,12.720000267028809,12.59000015258789,12.609999656677246,10.910037994384766,55700
2024-06-21,12.649999618530273,12.729999542236328,12.579999923706055,12.720000267028809,11.005208015441895,41800
2024-06-24,12.649999618530273,12.890000343322754,12.609999656677246,12.84000015258789,11.109031677246094,62700
2024-06-25,12.869999885559082,12.90999984741211,12.729999542236328,12.770000457763672,11.048468589782715,43900
2024-06-26,12.8100004196167,12.930000305175781,12.739999771118164,12.800000190734863,11.074424743652344,40200
2024-06-27,12.800000190734863,12.829999923706055,12.75,12.770000457763672,11.048468589782715,32500
2024-06-28,12.789999961853027,13.0,12.779999732971191,12.789999961853027,11.06577205657959,47800
2024-07-01,12.880000114440918,12.970000267028809,12.770000457763672,12.779999732971191,11.057121276855469,39900
2024-07-02,12.789999961853027,12.819999694824219,12.75,12.789999961853027,11.06577205657959,23300
2024-07-03,12.800000190734863,12.854999542236328,12.75,12.836999893188477,11.106436729431152,13300
2024-07-05,12.84000015258789,12.890000343322754,12.789999961853027,12.8100004196167,11.083075523376465,28500
2024-07-08,12.800000190734863,12.979999542236328,12.680000305175781,12.831000328063965,11.101247787475586,39400
2024-07-09,12.850000381469727,12.885000228881836,12.770000457763672,12.770999908447266,11.049332618713379,62800
2024-07-10,12.84000015258789,12.850000381469727,12.75,12.789999961853027,11.06577205657959,60900
2024-07-11,12.829999923706055,12.881999969482422,12.781000137329102,12.859999656677246,11.126335144042969,13300
2024-07-12,12.859999656677246,12.95300006866455,12.8100004196167,12.930000305175781,11.186899185180664,22300
2024-07-15,12.789999961853027,12.895999908447266,12.770000457763672,12.789999961853027,11.15514087677002,24800
2024-07-16,12.779999732971191,12.857000350952148,12.770000457763672,12.819999694824219,11.181303977966309,33100
2024-07-17,12.770000457763672,12.819999694824219,12.760000228881836,12.770000457763672,11.1376953125,12800
2024-07-18,12.760000228881836,12.8100004196167,12.619999885559082,12.619999885559082,11.006869316101074,37300
2024-07-19,12.640000343322754,12.680000305175781,12.569999694824219,12.630000114440918,11.015592575073242,28600
2024-07-22,12.630000114440918,12.720000267028809,12.630000114440918,12.6899995803833,11.067920684814453,43100
2024-07-23,12.680000305175781,12.779999732971191,12.59000015258789,12.760000228881836,11.128972053527832,85500
2024-07-24,12.729999542236328,12.770000457763672,12.630000114440918,12.680000305175781,11.059202194213867,20700
2024-07-25,12.729999542236328,12.739999771118164,12.649999618530273,12.680000305175781,11.059202194213867,17100
2024-07-26,12.720000267028809,12.779999732971191,12.720000267028809,12.739999771118164,11.111531257629395,16600
2024-07-29,12.710000038146973,12.770000457763672,12.649999618530273,12.670000076293945,11.050479888916016,63300
2024-07-30,12.680000305175781,12.767999649047852,12.680000305175781,12.75,11.120250701904297,22600
2024-07-31,12.800000190734863,12.9399995803833,12.779999732971191,12.90999984741211,11.259800910949707,62400
2024-08-01,12.970000267028809,12.979000091552734,12.8100004196167,12.890000343322754,11.242358207702637,39700
2024-08-02,12.859999656677246,12.890000343322754,12.75,12.75,11.120250701904297,40600
2024-08-05,12.600000381469727,12.618000030517578,12.414999961853027,12.420000076293945,10.832432746887207,41100
2024-08-06,12.399999618530273,12.550000190734863,12.399999618530273,12.5,10.902209281921387,42000
2024-08-07,12.5,12.668999671936035,12.5,12.600000381469727,10.989426612854004,38200
2024-08-08,12.600000381469727,12.699999809265137,12.579999923706055,12.680000305175781,11.059202194213867,27100
2024-08-09,12.680000305175781,12.736000061035156,12.630000114440918,12.729000091552734,11.101938247680664,21000
2024-08-12,12.729999542236328,12.75,12.699999809265137,12.710000038146973,11.085366249084473,24900
2024-08-13,12.75,12.789999961853027,12.699999809265137,12.739999771118164,11.111531257629395,31800
2024-08-14,12.710000038146973,12.779999732971191,12.710000038146973,12.739999771118164,11.111531257629395,28100
2024-08-15,12.65999984741211,12.770000457763672,12.65999984741211,12.75,11.211408615112305,27200
2024-08-16,12.710000038146973,12.819999694824219,12.710000038146973,12.789999961853027,11.24658489227295,15800
2024-08-19,12.800000190734863,12.84000015258789,12.760000228881836,12.819999694824219,11.272961616516113,36600
2024-08-20,12.8100004196167,12.859999656677246,12.770999908447266,12.824000358581543,11.276481628417969,19400
2024-08-21,12.819999694824219,12.920000076293945,12.800000190734863,12.864999771118164,11.312532424926758,47600
2024-08-22,12.84000015258789,12.899999618530273,12.817000389099121,12.850000381469727,11.299344062805176,17300
2024-08-23,12.850000381469727,12.930000305175781,12.850000381469727,12.859999656677246,11.308136940002441,33700
2024-08-26,12.899999618530273,12.979999542236328,12.880000114440918,12.979999542236328,11.413653373718262,33100
2024-08-27,12.9399995803833,12.989999771118164,12.930000305175781,12.979999542236328,11.413653373718262,24300
2024-08-28,12.949999809265137,12.949999809265137,12.890000343322754,12.899999618530273,11.343308448791504,28000
2024-08-29,12.880000114440918,12.989999771118164,12.880000114440918,12.930000305175781,11.36968994140625,29900
2024-08-30,12.920000076293945,13.050000190734863,12.913000106811523,13.039999961853027,11.466414451599121,49300
2024-09-03,13.039999961853027,13.039999961853027,12.92300033569336,12.92300033569336,11.363533973693848,35100
2024-09-04,12.920000076293945,13.036999702453613,12.899999618530273,12.960000038146973,11.396066665649414,31400
2024-09-05,12.930000305175781,13.010000228881836,12.90999984741211,12.960000038146973,11.396066665649414,33900
2024-09-06,12.90999984741211,12.989999771118164,12.90999984741211,12.920000076293945,11.360897064208984,27800
2024-09-09,12.90999984741211,12.994000434875488,12.90999984741211,12.944999694824219,11.382879257202148,37300
2024-09-10,12.9399995803833,12.979999542236328,12.899999618530273,12.9399995803833,11.378482818603516,52800
2024-09-11,12.930000305175781,12.989999771118164,12.90999984741211,12.970000267028809,11.404861450195312,68600
2024-09-12,12.970000267028809,12.994999885559082,12.920000076293945,12.920000076293945,11.360897064208984,66400
2024-09-13,12.899999618530273,13.010000228881836,12.859999656677246,12.890000343322754,11.426125526428223,54100
2024-09-16,12.979999542236328,12.979999542236328,12.859999656677246,12.894000053405762,11.429671287536621,64100
2024-09-17,12.90999984741211,12.9399995803833,12.899999618530273,12.9399995803833,11.47044563293457,50900
2024-09-18,12.970000267028809,13.069999694824219,12.9399995803833,12.989999771118164,11.51476764678955,43900
2024-09-19,13.050000190734863,13.050000190734863,12.960000038146973,12.989999771118164,11.51476764678955,76100
2024-09-20,13.0,13.039999961853027,12.97599983215332,13.029999732971191,11.550225257873535,19400
2024-09-23,13.029999732971191,13.0600004196167,12.949999809265137,13.050000190734863,11.567954063415527,61500
2024-09-24,13.050000190734863,13.100000381469727,12.970000267028809,13.09000015258789,11.603410720825195,66300
2024-09-25,13.09000015258789,13.135000228881836,13.052000045776367,13.109999656677246,11.621138572692871,63500
2024-09-26,13.119999885559082,13.199999809265137,13.09000015258789,13.119999885559082,11.630002975463867,56100
2024-09-27,13.119999885559082,13.170000076293945,13.109999656677246,13.145000457763672,11.652165412902832,31400
2024-09-30,13.130000114440918,13.380000114440918,13.119999885559082,13.380000114440918,11.860478401184082,184700
2024-10-01,13.380000114440918,13.380000114440918,13.260000228881836,13.350000381469727,11.83388614654541,50200
2024-10-02,13.350000381469727,13.399999618530273,13.309000015258789,13.380000114440918,11.860478401184082,51200
2024-10-03,13.34000015258789,13.354999542236328,13.210000038146973,13.300000190734863,11.78956127166748,52000
2024-10-04,13.3100004196167,13.369999885559082,13.279999732971191,13.369999885559082,11.85161304473877,49800
2024-10-07,13.359999656677246,13.40999984741211,13.3100004196167,13.3100004196167,11.79842758178711,41200
2024-10-08,13.369999885559082,13.390000343322754,13.300000190734863,13.380000114440918,11.860478401184082,55100
2024-10-09,13.329999923706055,13.395000457763672,13.329999923706055,13.369999885559082,11.85161304473877,24300
2024-10-10,13.359999656677246,13.390000343322754,13.347000122070312,13.380000114440918,11.860478401184082,26600
2024-10-11,13.359999656677246,13.390000343322754,13.329999923706055,13.340999603271484,11.825906753540039,43300
2024-10-14,13.359999656677246,13.395000457763672,13.100000381469727,13.180000305175781,11.683189392089844,187500
2024-10-15,13.180000305175781,13.180000305175781,13.039999961853027,13.050000190734863,11.659592628479004,35100
2024-10-16,13.050000190734863,13.119999885559082,13.029999732971191,13.039999961853027,11.650655746459961,46600
2024-10-17,13.0600004196167,13.149999618530273,12.989999771118164,13.0,11.614917755126953,29400
2024-10-18,13.020000457763672,13.079999923706055,13.0,13.020000457763672,11.632789611816406,17000
2024-10-21,13.010000228881836,13.029999732971191,12.960000038146973,12.994999885559082,11.610452651977539,37400
2024-10-22,13.0,13.0,12.899999618530273,12.970000267028809,11.588114738464355,54400
2024-10-23,12.949999809265137,12.960000038146973,12.829999923706055,12.831999778747559,11.464816093444824,64000
2024-10-24,12.829999923706055,12.895999908447266,12.829999923706055,12.852999687194824,11.483579635620117,26100
2024-10-25,12.84000015258789,12.91100025177002,12.84000015258789,12.869999885559082,11.49876880645752,24700
2024-10-28,12.880000114440918,12.949999809265137,12.819999694824219,12.829999923706055,11.463029861450195,51800
2024-10-29,12.779999732971191,12.84000015258789,12.770000457763672,12.770000457763672,11.409423828125,36700
2024-10-30,12.760000228881836,12.829999923706055,12.75,12.800000190734863,11.436226844787598,47000
2024-10-31,12.779999732971191,12.869999885559082,12.760000228881836,12.869999885559082,11.49876880645752,67700
2024-11-01,12.880000114440918,12.895000457763672,12.760000228881836,12.760000228881836,11.400487899780273,64900
2024-11-04,12.789999961853027,12.859999656677246,12.789999961853027,12.8100004196167,11.445161819458008,28100
2024-11-05,12.779999732971191,12.869999885559082,12.779999732971191,12.850000381469727,11.480899810791016,41400
2024-11-06,12.859999656677246,12.9399995803833,12.845000267028809,12.930000305175781,11.552374839782715,57100
2024-11-07,12.90999984741211,13.079999923706055,12.90999984741211,13.029999732971191,11.641722679138184,53000
2024-11-08,13.039999961853027,13.279999732971191,13.039999961853027,13.260000228881836,11.84721851348877,101800
2024-11-11,13.329999923706055,13.329999923706055,13.194000244140625,13.229999542236328,11.820414543151855,37300
2024-11-12,13.199999809265137,13.199999809265137,13.079999923706055,13.130000114440918,11.731067657470703,46000
2024-11-13,13.170000076293945,13.170000076293945,13.109999656677246,13.119999885559082,11.72213077545166,27700
2024-11-14,13.109999656677246,13.140000343322754,13.09000015258789,13.119999885559082,11.72213077545166,51300
2024-11-15,13.029999732971191,13.130000114440918,12.979999542236328,13.0600004196167,11.761385917663574,32800
2024-11-18,13.0600004196167,13.0600004196167,12.920000076293945,13.039999961853027,11.74337387084961,25900
2024-11-19,12.979999542236328,13.039999961853027,12.960000038146973,13.010000228881836,11.71635627746582,28600
2024-11-20,12.989999771118164,13.010000228881836,12.960000038146973,12.960000038146973,11.6713285446167,51600
2024-11-21,13.0,13.050000190734863,12.994000434875488,13.010000228881836,11.71635627746582,37400
2024-11-22,13.029999732971191,13.09000015258789,13.026000022888184,13.09000015258789,11.788402557373047,23000
2024-11-25,13.119999885559082,13.190999984741211,13.09000015258789,13.119999885559082,11.815418243408203,32900
2024-11-26,13.15999984741211,13.15999984741211,13.029000282287598,13.109999656677246,11.806412696838379,37600
2024-11-27,13.100000381469727,13.170000076293945,13.079999923706055,13.130000114440918,11.82442569732666,18300
2024-11-29,13.130000114440918,13.300000190734863,13.109999656677246,13.300000190734863,11.977520942687988,35700
2024-12-02,13.270000457763672,13.34000015258789,13.206000328063965,13.329999923706055,12.004536628723145,48300
2024-12-03,13.319999694824219,13.319999694824219,13.253999710083008,13.3100004196167,11.986526489257812,25000
2024-12-04,13.300000190734863,13.359999656677246,13.229999542236328,13.359999656677246,12.031554222106934,15100
2024-12-05,13.289999961853027,13.329999923706055,13.289999961853027,13.300000190734863,11.977520942687988,47200
2024-12-06,13.34000015258789,13.359999656677246,13.3100004196167,13.34000015258789,12.013544082641602,23100
2024-12-09,13.34000015258789,13.375,13.3100004196167,13.329999923706055,12.004536628723145,28400
2024-12-10,13.329999923706055,13.369999885559082,13.300000190734863,13.300000190734863,11.977520942687988,30900
2024-12-11,13.289999961853027,13.380000114440918,13.270000457763672,13.319999694824219,11.995530128479004,44300
2024-12-12,13.359999656677246,13.359999656677246,13.220000267028809,13.260000228881836,11.941498756408691,56300
2024-12-13,13.149999618530273,13.25,13.140000343322754,13.229999542236328,12.008288383483887,48300
2024-12-16,13.25,13.25,13.149999618530273,13.199999809265137,11.981060028076172,51000
2024-12-17,13.140000343322754,13.140000343322754,13.020000457763672,13.020000457763672,11.817681312561035,39700
2024-12-18,13.050000190734863,13.100000381469727,12.789999961853027,12.845000267028809,11.658841133117676,51100
2024-12-19,12.930000305175781,12.960000038146973,12.789999961853027,12.850000381469727,11.66338062286377,49100
2024-12-20,12.760000228881836,12.859999656677246,12.6899995803833,12.739999771118164,11.563536643981934,293800
2024-12-23,12.720000267028809,12.779999732971191,12.649999618530273,12.720000267028809,11.54538345336914,108900
2024-12-24,12.729999542236328,12.779999732971191,12.710000038146973,12.760000228881836,11.581689834594727,21400
2024-12-26,12.710000038146973,12.848999977111816,12.710000038146973,12.8100004196167,11.627073287963867,47000
2024-12-27,12.75,12.809000015258789,12.710000038146973,12.760000228881836,11.581689834594727,25400
2024-12-30,12.760000228881836,12.84000015258789,12.680000305175781,12.789999961853027,11.608919143676758,74300
2024-12-31,12.829999923706055,12.869999885559082,12.800000190734863,12.84000015258789,11.654304504394531,104000
2025-01-02,12.859999656677246,12.90999984741211,12.800000190734863,12.859999656677246,11.672454833984375,59500
2025-01-03,12.84000015258789,12.960000038146973,12.84000015258789,12.930000305175781,11.735991477966309,25600
2025-01-06,12.930000305175781,12.979999542236328,12.8149995803833,12.949999809265137,11.754145622253418,72100
2025-01-07,12.970000267028809,12.970000267028809,12.866999626159668,12.9399995803833,11.74506664276123,62500
2025-01-08,12.960000038146973,13.0,12.819999694824219,12.989999771118164,11.790451049804688,64700
2025-01-10,12.949999809265137,12.949999809265137,12.84000015258789,12.90999984741211,11.717840194702148,45700
2025-01-13,12.930000305175781,12.930000305175781,12.859999656677246,12.90999984741211,11.717840194702148,40200
2025-01-14,12.960000038146973,12.961000442504883,12.90999984741211,12.930000305175781,11.735991477966309,22600
2025-01-15,12.9399995803833,13.010000228881836,12.875,13.010000228881836,11.903969764709473,57400
2025-01-16,13.050000190734863,13.09000015258789,12.960000038146973,13.079999923706055,11.96802043914795,30800
2025-01-17,13.100000381469727,13.100000381469727,12.970000267028809,13.010000228881836,11.903969764709473,42900
2025-01-21,13.069999694824219,13.109999656677246,12.989999771118164,13.069999694824219,11.958869934082031,34000
2025-01-22,13.119999885559082,13.12399959564209,12.979999542236328,13.100000381469727,11.98631763458252,69800
2025-01-23,13.100000381469727,13.15999984741211,13.0,13.125,12.009193420410156,30500
2025-01-24,13.15999984741211,13.189000129699707,13.069999694824219,13.15999984741211,12.041218757629395,46900
2025-01-27,13.119999885559082,13.1899995803833,13.069999694824219,13.140000343322754,12.022918701171875,38900
2025-01-28,13.100000381469727,13.135000228881836,13.029999732971191,13.069999694824219,11.958869934082031,55700
2025-01-29,13.140000343322754,13.170000076293945,13.039999961853027,13.170000076293945,12.05036735534668,54300
2025-01-30,13.15999984741211,13.199999809265137,13.010000228881836,13.1899995803833,12.0686674118042,71400
2025-01-31,13.1899995803833,13.300000190734863,13.100000381469727,13.270000457763672,12.141867637634277,73800
2025-02-03,13.270000457763672,13.279999732971191,13.109999656677246,13.279999732971191,12.151016235351562,69100
2025-02-04,13.270000457763672,13.300000190734863,13.229999542236328,13.300000190734863,12.169315338134766,46600
2025-02-05,13.270000457763672,13.350000381469727,13.25,13.329999923706055,12.196765899658203,72900
2025-02-06,13.329999923706055,13.399999618530273,13.324999809265137,13.369999885559082,12.233365058898926,41300
2025-02-07,13.34000015258789,13.369999885559082,13.270000457763672,13.3100004196167,12.178467750549316,60600
2025-02-10,13.3100004196167,13.380000114440918,13.281000137329102,13.350000381469727,12.215065956115723,42100
2025-02-11,13.350000381469727,13.399999618530273,13.274999618530273,13.319999694824219,12.187615394592285,40600
2025-02-12,13.319999694824219,13.399999618530273,13.262999534606934,13.399999618530273,12.260814666748047,47200
2025-02-13,13.380000114440918,13.430000305175781,13.359999656677246,13.420000076293945,12.279115676879883,37300
2025-02-14,13.319999694824219,13.383000373840332,13.300000190734863,13.34000015258789,12.300863265991211,22300
2025-02-18,13.329999923706055,13.470000267028809,13.3149995803833,13.390000343322754,12.346970558166504,56300
2025-02-19,13.380000114440918,13.40999984741211,13.348999977111816,13.40999984741211,12.365411758422852,27600
2025-02-20,13.40999984741211,13.4399995803833,13.350000381469727,13.392999649047852,12.349732398986816,31300
2025-02-21,13.390000343322754,13.430000305175781,13.34000015258789,13.359999656677246,12.319306373596191,12200
2025-02-24,13.40999984741211,13.40999984741211,13.3100004196167,13.329999923706055,12.291642189025879,33300
2025-02-25,13.3100004196167,13.399999618530273,13.282999992370605,13.289999961853027,12.254756927490234,34800
2025-02-26,13.279999732971191,13.34000015258789,13.220000267028809,13.270000457763672,12.236316680908203,24300
2025-02-27,13.260000228881836,13.319999694824219,13.21500015258789,13.279999732971191,12.245536804199219,29800
2025-02-28,13.260000228881836,13.369999885559082,13.25,13.369999885559082,12.32852840423584,45100
2025-03-03,13.420000076293945,13.479999542236328,13.336999893188477,13.380000114440918,12.337748527526855,42900
2025-03-04,13.420000076293945,13.432000160217285,13.15999984741211,13.260000228881836,12.227096557617188,84500
2025-03-05,13.210000038146973,13.255000114440918,13.149999618530273,13.15999984741211,12.13488483428955,60200
2025-03-06,13.170000076293945,13.255000114440918,13.109999656677246,13.130000114440918,12.107221603393555,37000
2025-03-07,13.130000114440918,13.229999542236328,13.020000457763672,13.039999961853027,12.024231910705566,39600
2025-03-10,13.010000228881836,13.048999786376953,12.989999771118164,12.989999771118164,11.978128433227539,24200
2025-03-11,12.9399995803833,13.0,12.899999618530273,12.899999618530273,11.895137786865234,82900
2025-03-12,12.970000267028809,13.032999992370605,12.899999618530273,12.949999809265137,11.941243171691895,33600
2025-03-13,12.899999618530273,12.996000289916992,12.861000061035156,12.869999885559082,11.867474555969238,52700
2025-03-14,12.800000190734863,12.854999542236328,12.789999961853027,12.800000190734863,11.898696899414062,33200
2025-03-17,12.770000457763672,12.881999969482422,12.770000457763672,12.869999885559082,11.963767051696777,20400
2025-03-18,12.800000190734863,12.859999656677246,12.755000114440918,12.8100004196167,11.907991409301758,32800
2025-03-19,12.8100004196167,12.960000038146973,12.800000190734863,12.899999618530273,11.991654396057129,59000
2025-03-20,12.850000381469727,12.944999694824219,12.850000381469727,12.890000343322754,11.982358932495117,41700
2025-03-21,12.899999618530273,12.979999542236328,12.899999618530273,12.949999809265137,12.03813362121582,32700
2025-03-24,12.920000076293945,13.0,12.899999618530273,12.949999809265137,12.03813362121582,45400
2025-03-25,12.989999771118164,13.079999923706055,12.939000129699707,13.0,12.084612846374512,78000
2025-03-26,13.0,13.069999694824219,12.975000381469727,13.020000457763672,12.103206634521484,86700
2025-03-27,13.020000457763672,13.020000457763672,12.880000114440918,12.954999923706055,12.042781829833984,42200
2025-03-28,12.9399995803833,12.960000038146973,12.90999984741211,12.930000305175781,12.019540786743164,43400
2025-03-31,12.869999885559082,13.079999923706055,12.859999656677246,13.079999923706055,12.158980369567871,85400
2025-04-01,13.119999885559082,13.119999885559082,12.949999809265137,12.949999809265137,12.03813362121582,32300
2025-04-02,13.0,13.008999824523926,12.90999984741211,13.0,12.084612846374512,48400
2025-04-03,12.850000381469727,12.859999656677246,12.609999656677246,12.635000228881836,11.74531364440918,97800
2025-04-04,12.479999542236328,12.479999542236328,11.720000267028809,11.800000190734863,10.969110488891602,225000
2025-04-07,11.0,11.649999618530273,10.510000228881836,11.489999771118164,10.680938720703125,190300
2025-04-08,11.65999984741211,11.979999542236328,11.149999618530273,11.529999732971191,10.718121528625488,203600
2025-04-09,11.430000305175781,11.979999542236328,11.342000007629395,11.920000076293945,11.080659866333008,124100
2025-04-10,11.75,11.899999618530273,11.220000267028809,11.479999542236328,10.671642303466797,174700
2025-04-11,11.430000305175781,11.670000076293945,11.40999984741211,11.569999694824219,10.755305290222168,55200
2025-04-14,11.65999984741211,11.767999649047852,11.604999542236328,11.65999984741211,10.838969230651855,46400
2025-04-15,11.569999694824219,11.916999816894531,11.569999694824219,11.859999656677246,11.12370777130127,82600
2025-04-16,11.8100004196167,11.895000457763672,11.722999572753906,11.850000381469727,11.11432933807373,59400
2025-04-17,11.859999656677246,11.949000358581543,11.850000381469727,11.880000114440918,11.142465591430664,31700
2025-04-21,11.800000190734863,11.84000015258789,11.744999885559082,11.779999732971191,11.04867172241211,42600
2025-04-22,11.789999961853027,11.949999809265137,11.789999961853027,11.869999885559082,11.133087158203125,33800
2025-04-23,12.020000457763672,12.180000305175781,12.0,12.0600004196167,11.311291694641113,36000
2025-04-24,12.109999656677246,12.282999992370605,12.062000274658203,12.260000228881836,11.49887466430664,24900
2025-04-25,12.1899995803833,12.34000015258789,12.168999671936035,12.300000190734863,11.536391258239746,32500
2025-04-28,12.319999694824219,12.420000076293945,12.289999961853027,12.319999694824219,11.55514907836914,26900
2025-04-29,12.289999961853027,12.520000457763672,12.279999732971191,12.378000259399414,11.609548568725586,19100
2025-04-30,12.390000343322754,12.4399995803833,12.34000015258789,12.399999618530273,11.630181312561035,59600
2025-05-01,12.5,12.567000389099121,12.414999961853027,12.4399995803833,11.667699813842773,47200
2025-05-02,12.460000038146973,12.529999732971191,12.420000076293945,12.479999542236328,11.705217361450195,32300
2025-05-05,12.40999984741211,12.529999732971191,12.40999984741211,12.449999809265137,11.677078247070312,20100
2025-05-06,12.4399995803833,12.4399995803833,12.380000114440918,12.420000076293945,11.648941993713379,22800
2025-05-07,12.40999984741211,12.470000267028809,12.350000381469727,12.369999885559082,11.602046012878418,40100
2025-05-08,12.390000343322754,12.449999809265137,12.390000343322754,12.40999984741211,11.639561653137207,23000
2025-05-09,12.470000267028809,12.470000267028809,12.42300033569336,12.449999809265137,11.677078247070312,32700
2025-05-12,12.510000228881836,12.6850004196167,12.449999809265137,12.630000114440918,11.845904350280762,48700
2025-05-13,12.619999885559082,12.789999961853027,12.600000381469727,12.710000038146973,11.920937538146973,73200
2025-05-14,12.75,12.75,12.600000381469727,12.680000305175781,11.892801284790039,42800
2025-05-15,12.619999885559082,12.654000282287598,12.569999694824219,12.640000343322754,11.952929496765137,49700
2025-05-16,12.619999885559082,12.670000076293945,12.550000190734863,12.600000381469727,11.915103912353516,44200
2025-05-19,12.550000190734863,12.635000228881836,12.489999771118164,12.529999732971191,11.848910331726074,57800
2025-05-20,12.569999694824219,12.600000381469727,12.5,12.539999961853027,11.858365058898926,40200
2025-05-21,12.529999732971191,12.555000305175781,12.369999885559082,12.420000076293945,11.744888305664062,38300
2025-05-22,12.420000076293945,12.545000076293945,12.383000373840332,12.40999984741211,11.735430717468262,44800
2025-05-23,12.359999656677246,12.479999542236328,12.350000381469727,12.479999542236328,11.801626205444336,41900
2025-05-27,12.520000457763672,12.630000114440918,12.479999542236328,12.609999656677246,11.924559593200684,74900
2025-05-28,12.649999618530273,12.668000221252441,12.470000267028809,12.539999961853027,11.858365058898926,98500
2025-05-29,12.539999961853027,12.569999694824219,12.5,12.550000190734863,11.867822647094727,30800
2025-05-30,12.579999923706055,12.6899995803833,12.569999694824219,12.670000076293945,11.981298446655273,86000
2025-06-02,12.6899995803833,12.6899995803833,12.5,12.630000114440918,11.943473815917969,54500
2025-06-03,12.609999656677246,12.699999809265137,12.607000350952148,12.670000076293945,11.981298446655273,35800
2025-06-04,12.699999809265137,12.75,12.619999885559082,12.699999809265137,12.009668350219727,44300
2025-06-05,12.75,12.789999961853027,12.694999694824219,12.75,12.056950569152832,56400
2025-06-06,12.789999961853027,12.789999961853027,12.65999984741211,12.670000076293945,11.981298446655273,97000
2025-06-09,12.710000038146973,12.739999771118164,12.6899995803833,12.729999542236328,12.038037300109863,29800
2025-06-10,12.779999732971191,12.8100004196167,12.734999656677246,12.779999732971191,12.085319519042969,37100
2025-06-11,12.829999923706055,12.850000381469727,12.800000190734863,12.8100004196167,12.113689422607422,41900
2025-06-12,12.800000190734863,12.84000015258789,12.760000228881836,12.770000457763672,12.075862884521484,51200
2025-06-13,12.619999885559082,12.710000038146973,12.619999885559082,12.670000076293945,12.079282760620117,32300
2025-06-16,12.649999618530273,12.75,12.600000381469727,12.649999618530273,12.060213088989258,44600
2025-06-17,12.640000343322754,12.663000106811523,12.59000015258789,12.609999656677246,12.022079467773438,20300
2025-06-18,12.609999656677246,12.640000343322754,12.552000045776367,12.579999923706055,11.993478775024414,56300
2025-06-20,12.59000015258789,12.8100004196167,12.569999694824219,12.600000381469727,12.01254653930664,53400
2025-06-23,12.600000381469727,12.670000076293945,12.529999732971191,12.600000381469727,12.01254653930664,43800
2025-06-24,12.670000076293945,12.680000305175781,12.609999656677246,12.65999984741211,12.069746971130371,50900
2025-06-25,12.670000076293945,12.710000038146973,12.651000022888184,12.6899995803833,12.098349571228027,46400
2025-06-26,12.739999771118164,12.800000190734863,12.720000267028809,12.760000228881836,12.165085792541504,42900
2025-06-27,12.760000228881836,12.819999694824219,12.743000030517578,12.770000457763672,12.174619674682617,52200
2025-06-30,12.800000190734863,12.930000305175781,12.800000190734863,12.930000305175781,12.327159881591797,85400
2025-07-01,12.960000038146973,13.010000228881836,12.930000305175781,13.010000228881836,12.403430938720703,35900
2025-07-02,13.050000190734863,13.093000411987305,13.020000457763672,13.069999694824219,12.460631370544434,50100
2025-07-03,13.079999923706055,13.149999618530273,13.079999923706055,13.09000015258789,12.479700088500977,56000
2025-07-07,13.109999656677246,13.109999656677246,13.024999618530273,13.069999694824219,12.460631370544434,51400
2025-07-08,13.09000015258789,13.135000228881836,13.0600004196167,13.079999923706055,12.470166206359863,35800
2025-07-09,13.140000343322754,13.229999542236328,13.09000015258789,13.130000114440918,12.51783561706543,120500
2025-07-10,13.170000076293945,13.199999809265137,13.140000343322754,13.180000305175781,12.565505027770996,40100
2025-07-11,13.180000305175781,13.1850004196167,13.109999656677246,13.130000114440918,12.51783561706543,36400
2025-07-14,13.119999885559082,13.119999885559082,13.0600004196167,13.09000015258789,12.479700088500977,58200
2025-07-15,12.989999771118164,13.057999610900879,12.930000305175781,12.989999771118164,12.483146667480469,36500
2025-07-16,12.989999771118164,13.043999671936035,12.899999618530273,12.960000038146973,12.454317092895508,49400
2025-07-17,12.960000038146973,13.022000312805176,12.902999877929688,12.979999542236328,12.473535537719727,46400
2025-07-18,13.039999961853027,13.039999961853027,12.899999618530273,12.920000076293945,12.415877342224121,34900
2025-07-21,12.949999809265137,13.0,12.899999618530273,12.949999809265137,12.444705963134766,40100
2025-07-22,12.960000038146973,13.0,12.960000038146973,12.970000267028809,12.463927268981934,49500
2025-07-23,12.970000267028809,13.050000190734863,12.899999618530273,12.930000305175781,12.425487518310547,73200
2025-07-24,12.899999618530273,13.0,12.890000343322754,12.989999771118164,12.483146667480469,43000
2025-07-25,12.989999771118164,13.020000457763672,12.960000038146973,12.970000267028809,12.463927268981934,32000
2025-07-28,12.989999771118164,13.050000190734863,12.984000205993652,13.039999961853027,12.531193733215332,40000
2025-07-29,13.050000190734863,13.199999809265137,13.039999961853027,13.149999618530273,12.63690185546875,78400
2025-07-30,13.149999618530273,13.170000076293945,13.100000381469727,13.100000381469727,12.588854789733887,38300
2025-07-31,13.149999618530273,13.25,13.149999618530273,13.220000267028809,12.704171180725098,69200
2025-08-01,13.229999542236328,13.229999542236328,13.140000343322754,13.220000267028809,12.704171180725098,45200
2025-08-04,13.199999809265137,13.25,13.168000221252441,13.210000038146973,12.694561958312988,54600
2025-08-05,13.229999542236328,13.246999740600586,13.1899995803833,13.220000267028809,12.704171180725098,21600
2025-08-06,13.260000228881836,13.260000228881836,13.199999809265137,13.220000267028809,12.704171180725098,27500
2025-08-07,13.289999961853027,13.336000442504883,13.244999885559082,13.300000190734863,12.781050682067871,78100
2025-08-08,13.350000381469727,13.350000381469727,13.300000190734863,13.34000015258789,12.819490432739258,39800
2025-08-11,13.380000114440918,13.40999984741211,13.350000381469727,13.40999984741211,12.886757850646973,70400
2025-08-12,13.460000038146973,13.460000038146973,13.399999618530273,13.449999809265137,12.92519760131836,90400
2025-08-13,13.489999771118164,13.5600004196167,13.479999542236328,13.550000190734863,13.021294593811035,74400
2025-08-14,13.5600004196167,13.595000267028809,13.512999534606934,13.579999923706055,13.050124168395996,87600
2025-08-15,13.510000228881836,13.536999702453613,13.475000381469727,13.5,13.072965621948242,59200
2025-08-18,13.5,13.5,13.430000305175781,13.489999771118164,13.063281059265137,45000
2025-08-19,13.5,13.5,13.390000343322754,13.4399995803833,13.014863014221191,58300
2025-08-20,13.369999885559082,13.437999725341797,13.350000381469727,13.420000076293945,12.995495796203613,71600
2025-08-21,13.359999656677246,13.430000305175781,13.34000015258789,13.369999885559082,12.947077751159668,63700
2025-08-22,13.420000076293945,13.4399995803833,13.345000267028809,13.380000114440918,12.956761360168457,35900
2025-08-25,13.40999984741211,13.479999542236328,13.399999618530273,13.470000267028809,13.043914794921875,59000
2025-08-26,13.510000228881836,13.649999618530273,13.5,13.640000343322754,13.208537101745605,124100
2025-08-27,13.640000343322754,13.649999618530273,13.5,13.5,13.072965621948242,103400
2025-08-28,13.529999732971191,13.600000381469727,13.470000267028809,13.479999542236328,13.053597450256348,75400
2025-08-29,13.520000457763672,13.619999885559082,13.489999771118164,13.579999923706055,13.150433540344238,96300
2025-09-02,13.579999923706055,13.61299991607666,13.399999618530273,13.470000267028809,13.043914794921875,126300
2025-09-03,13.470000267028809,13.58899974822998,13.460000038146973,13.539999961853027,13.111699104309082,56300
2025-09-04,13.579999923706055,13.600000381469727,13.489999771118164,13.529999732971191,13.10201644897461,63200
2025-09-05,13.569999694824219,13.600000381469727,13.520000457763672,13.550000190734863,13.121382713317871,58300
2025-09-08,13.640000343322754,13.649999618530273,13.5600004196167,13.640000343322754,13.208537101745605,53200
2025-09-09,13.640000343322754,13.640000343322754,13.449999809265137,13.5,13.072965621948242,110800
2025-09-10,13.579999923706055,13.59000015258789,13.449999809265137,13.5,13.072965621948242,90400
2025-09-11,13.539999961853027,13.5600004196167,13.5,13.529999732971191,13.10201644897461,74200
2025-09-12,13.550000190734863,13.600000381469727,13.520000457763672,13.579999923706055,13.150433540344238,67900
2025-09-15,13.569999694824219,13.569999694824219,13.479999542236328,13.5600004196167,13.231999397277832,81900
2025-09-16,13.59000015258789,13.637999534606934,13.550999641418457,13.579999923706055,13.25151538848877,90800
2025-09-17,13.609999656677246,13.63599967956543,13.5,13.600000381469727,13.271031379699707,67900
2025-09-18,13.619999885559082,13.619999885559082,13.489999771118164,13.539999961853027,13.212482452392578,66300
2025-09-19,13.579999923706055,13.609000205993652,13.5,13.569999694824219,13.241755485534668,33700
2025-09-22,13.59000015258789,13.619999885559082,13.517999649047852,13.600000381469727,13.271031379699707,30600
2025-09-23,13.600000381469727,13.619999885559082,13.50100040435791,13.550000190734863,13.222241401672363,60600
2025-09-24,13.59000015258789,13.649999618530273,13.510000228881836,13.59000015258789,13.261273384094238,47700
2025-09-25,13.600000381469727,13.62600040435791,13.529999732971191,13.550000190734863,13.222241401672363,45900
2025-09-26,13.600000381469727,13.619999885559082,13.539999961853027,13.569999694824219,13.241755485534668,49800
2025-09-29,13.529999732971191,13.550000190734863,13.5,13.510000228881836,13.183208465576172,47600
2025-09-30,13.539999961853027,13.600000381469727,13.46500015258789,13.520000457763672,13.19296646118164,103900
2025-10-01,13.569999694824219,13.600000381469727,13.449999809265137,13.489999771118164,13.163691520690918,103000
2025-10-02,13.489999771118164,13.550000190734863,13.390000343322754,13.40999984741211,13.085626602172852,84800
2025-10-03,13.369999885559082,13.489999771118164,13.34000015258789,13.369999885559082,13.04659366607666,114600
2025-10-06,13.430000305175781,13.5,13.420000076293945,13.479999542236328,13.15393352508545,89800
2025-10-07,13.539999961853027,13.6899995803833,13.529999732971191,13.680000305175781,13.349096298217773,87400
2025-10-08,13.680000305175781,13.699999809265137,13.59000015258789,13.619999885559082,13.290547370910645,59700
2025-10-09,13.420000076293945,13.449999809265137,13.0600004196167,13.0600004196167,12.744093894958496,475400
2025-10-10,13.140000343322754,13.279999732971191,13.079999923706055,13.140000343322754,12.822157859802246,382400
2025-10-13,13.210000038146973,13.359999656677246,13.15999984741211,13.210000038146973,12.890464782714844,256600
2025-10-14,13.229999542236328,13.270000457763672,13.100000381469727,13.140000343322754,12.822157859802246,379500
2025-10-15,13.100000381469727,13.25,12.977999687194824,13.109999656677246,12.89453411102295,206300
2025-10-16,13.079999923706055,13.201000213623047,12.789999961853027,12.920000076293945,12.707656860351562,209800
2025-10-17,12.84000015258789,12.899999618530273,12.75,12.890000343322754,12.67815113067627,729600
2025-10-20,12.890000343322754,13.229999542236328,12.890000343322754,13.130000114440918,12.914206504821777,143400
2025-10-21,13.050000190734863,13.050000190734863,12.928999900817871,12.960000038146973,12.746999740600586,284300
2025-10-22,13.0,13.010000228881836,12.960000038146973,12.989999771118164,12.776506423950195,36000
2025-10-23,13.0600004196167,13.0600004196167,12.984999656677246,12.989999771118164,12.776506423950195,64100
2025-10-24,13.050000190734863,13.100000381469727,13.020000457763672,13.069999694824219,12.855191230773926,86700
2025-10-27,13.09000015258789,13.149999618530273,13.008000373840332,13.029999732971191,12.815849304199219,106000
2025-10-28,13.09000015258789,13.123000144958496,13.029999732971191,13.053000450134277,12.838472366333008,126100
2025-10-29,13.0600004196167,13.079999923706055,13.020000457763672,13.020000457763672,12.806014060974121,70800
2025-10-30,13.039999961853027,13.050000190734863,12.970000267028809,12.989999771118164,12.776506423950195,49000
2025-10-31,13.029999732971191,13.029999732971191,12.9399995803833,12.960000038146973,12.746999740600586,146100
2025-11-03,12.979999542236328,12.979999542236328,12.84000015258789,12.84000015258789,12.628972053527832,75200
2025-11-04,12.84000015258789,12.970000267028809,12.75,12.770000457763672,12.5601224899292,158200
2025-11-05,12.8100004196167,12.8100004196167,12.729999542236328,12.75,12.540451049804688,92700
2025-11-06,12.75,12.75,12.65999984741211,12.75,12.540451049804688,153700
2025-11-07,12.699999809265137,12.800000190734863,12.619999885559082,12.699999809265137,12.491272926330566,138200
2025-11-10,12.729999542236328,12.859999656677246,12.729999542236328,12.8100004196167,12.599465370178223,164600
2025-11-11,12.800000190734863,12.8149995803833,12.789999961853027,12.789999961853027,12.579793930053711,142200
2025-11-12,12.819999694824219,12.819999694824219,12.670999526977539,12.779999732971191,12.569958686828613,331700
2025-11-13,12.739999771118164,12.78600025177002,12.720000267028809,12.739999771118164,12.53061580657959,73500
2025-11-14,12.569999694824219,12.710000038146973,12.5600004196167,12.649999618530273,12.544498443603516,227000
2025-11-17,12.640000343322754,12.670000076293945,12.569999694824219,12.619999885559082,12.514749526977539,122500
2025-11-18,12.609999656677246,12.609999656677246,12.399999618530273,12.532999992370605,12.428474426269531,126100
2025-11-19,12.579999923706055,12.579999923706055,12.479999542236328,12.520000457763672,12.415583610534668,124200
2025-11-20,12.539999961853027,12.57800006866455,12.380000114440918,12.380000114440918,12.276750564575195,221700
2025-11-21,12.350000381469727,12.4399995803833,12.350000381469727,12.380000114440918,12.276750564575195,115800
2025-11-24,12.350000381469727,12.520000457763672,12.350000381469727,12.510000228881836,12.40566635131836,101700
2025-11-25,12.479999542236328,12.489999771118164,12.361000061035156,12.470000267028809,12.366000175476074,100400
2025-11-26,12.520000457763672,12.520000457763672,12.399999618530273,12.430000305175781,12.326333999633789,118400
2025-11-28,12.430000305175781,12.59000015258789,12.430000305175781,12.539999961853027,12.435416221618652,94100
2025-12-01,12.59000015258789,12.609999656677246,12.45300006866455,12.489999771118164,12.385832786560059,122600
2025-12-02,12.5,12.630000114440918,12.479999542236328,12.479999542236328,12.375916481018066,167700
2025-12-03,12.520000457763672,12.59000015258789,12.510000228881836,12.520000457763672,12.415583610534668,126500
2025-12-04,12.5600004196167,12.5600004196167,12.4399995803833,12.479999542236328,12.375916481018066,206600
2025-12-05,12.529999732971191,12.543000221252441,12.479999542236328,12.489999771118164,12.385832786560059,116700
2025-12-08,12.529999732971191,12.630000114440918,12.4399995803833,12.4399995803833,12.336250305175781,116500
2025-12-09,12.460000038146973,12.520000457763672,12.460000038146973,12.489999771118164,12.385832786560059,148600
2025-12-10,12.489999771118164,12.59000015258789,12.479999542236328,12.59000015258789,12.484999656677246,153500
2025-12-11,12.59000015258789,12.619999885559082,12.520000457763672,12.550000190734863,12.445333480834961,114300
2025-12-12,12.569999694824219,12.574999809265137,12.470000267028809,12.470000267028809,12.366000175476074,68000
2025-12-15,12.4399995803833,12.449999809265137,12.380000114440918,12.449999809265137,12.449999809265137,75100
2025-12-16,12.460000038146973,12.5,12.418999671936035,12.430000305175781,12.430000305175781,124700
2025-12-17,12.399999618530273,12.449999809265137,12.399999618530273,12.399999618530273,12.399999618530273,89100
2025-12-18,12.399999618530273,12.4399995803833,12.399999618530273,12.4399995803833,12.4399995803833,88600
2025-12-19,12.390000343322754,12.489999771118164,12.390000343322754,12.420000076293945,12.420000076293945,104100
2025-12-22,12.4399995803833,12.489999771118164,12.430000305175781,12.460000038146973,12.460000038146973,82900
2025-12-23,12.5,12.505000114440918,12.449999809265137,12.479999542236328,12.479999542236328,187800
2025-12-24,12.510000228881836,12.550000190734863,12.5,12.529999732971191,12.529999732971191,74500
2025-12-26,12.529999732971191,12.604999542236328,12.529999732971191,12.569999694824219,12.569999694824219,137700
2025-12-29,12.569999694824219,12.600000381469727,12.510000228881836,12.550000190734863,12.550000190734863,121200
2025-12-30,12.569999694824219,12.619999885559082,12.550000190734863,12.579999923706055,12.579999923706055,130700
