date,open,high,low,close,adj_close,volume
,LTC,LTC,LTC,LTC,LTC,LTC
2020-01-02,45.13999938964844,45.18000030517578,43.779998779296875,44.02000045776367,30.056978225708008,271600
2020-01-03,44.02000045776367,44.91999816894531,43.9900016784668,44.880001068115234,30.644187927246094,298400
2020-01-06,44.7400016784668,45.34000015258789,44.58000183105469,45.0099983215332,30.732952117919922,278900
2020-01-07,44.75,44.959999084472656,44.43000030517578,44.63999938964844,30.480314254760742,201300
2020-01-08,44.650001525878906,44.79999923706055,44.349998474121094,44.58000183105469,30.43933868408203,242700
2020-01-09,44.599998474121094,45.13999938964844,44.41999816894531,44.880001068115234,30.644187927246094,267700
2020-01-10,44.880001068115234,45.279998779296875,44.75,45.15999984741211,30.83536720275879,244700
2020-01-13,45.119998931884766,46.22999954223633,45.06999969482422,46.099998474121094,31.47719955444336,330700
2020-01-14,45.900001525878906,46.0,45.18000030517578,45.689998626708984,31.197248458862305,235300
2020-01-15,45.65999984741211,46.45000076293945,45.650001525878906,46.189998626708984,31.538639068603516,200300
2020-01-16,46.25,46.970001220703125,46.150001525878906,46.83000183105469,31.975645065307617,167900
2020-01-17,46.939998626708984,47.029998779296875,46.54999923706055,46.720001220703125,31.900531768798828,222400
2020-01-21,46.81999969482422,47.380001068115234,46.79999923706055,47.310001373291016,32.303409576416016,306800
2020-01-22,47.189998626708984,47.400001525878906,46.650001525878906,46.65999984741211,31.988040924072266,158200
2020-01-23,46.65999984741211,47.13999938964844,46.560001373291016,47.13999938964844,32.31710433959961,211100
2020-01-24,47.150001525878906,47.189998626708984,46.779998779296875,46.95000076293945,32.18685531616211,200400
2020-01-27,46.65999984741211,47.13999938964844,46.65999984741211,46.83000183105469,32.10456848144531,121100
2020-01-28,46.84000015258789,47.16999816894531,46.79999923706055,46.86000061035156,32.12514877319336,93600
2020-01-29,46.90999984741211,47.06999969482422,46.70000076293945,46.79999923706055,32.084007263183594,106200
2020-01-30,46.72999954223633,46.970001220703125,46.34000015258789,46.47999954223633,31.8646297454834,167100
2020-01-31,46.47999954223633,46.709999084472656,45.88999938964844,46.15999984741211,31.64525032043457,313600
2020-02-03,46.25,46.79999923706055,46.150001525878906,46.540000915527344,31.905763626098633,226700
2020-02-04,46.599998474121094,46.959999084472656,46.31999969482422,46.810001373291016,32.09086990356445,178100
2020-02-05,46.810001373291016,47.290000915527344,46.72999954223633,47.0,32.221107482910156,176600
2020-02-06,47.04999923706055,47.59000015258789,47.0,47.38999938964844,32.48849105834961,139400
2020-02-07,47.54999923706055,47.720001220703125,47.2599983215332,47.34000015258789,32.45420455932617,96400
2020-02-10,47.52000045776367,47.72999954223633,47.43000030517578,47.66999816894531,32.68044662475586,134900
2020-02-11,47.70000076293945,47.9900016784668,47.52000045776367,47.650001525878906,32.666725158691406,152200
2020-02-12,47.70000076293945,48.290000915527344,47.459999084472656,48.02000045776367,32.920387268066406,251200
2020-02-13,47.939998626708984,49.130001068115234,47.939998626708984,48.900001525878906,33.523677825927734,269500
2020-02-14,48.86000061035156,49.61000061035156,48.86000061035156,49.150001525878906,33.69506072998047,169000
2020-02-18,49.189998626708984,49.29999923706055,48.4900016784668,48.95000076293945,33.55795669555664,210100
2020-02-19,48.7599983215332,48.849998474121094,48.099998474121094,48.4900016784668,33.37213897705078,161000
2020-02-20,48.5,48.970001220703125,48.130001068115234,48.810001373291016,33.59236145019531,271400
2020-02-21,49.439998626708984,49.880001068115234,48.77000045776367,49.66999816894531,34.184242248535156,331300
2020-02-24,48.880001068115234,50.09000015258789,48.86000061035156,50.040000915527344,34.43887710571289,253900
2020-02-25,50.150001525878906,50.33000183105469,49.099998474121094,49.310001373291016,33.936492919921875,334100
2020-02-26,49.599998474121094,50.5,49.349998474121094,49.880001068115234,34.328773498535156,390500
2020-02-27,49.349998474121094,49.61000061035156,47.040000915527344,47.060001373291016,32.387962341308594,395200
2020-02-28,46.18000030517578,46.18000030517578,43.459999084472656,44.83000183105469,30.85321807861328,588600
2020-03-02,45.5099983215332,46.22999954223633,44.619998931884766,45.9900016784668,31.651580810546875,360500
2020-03-03,46.11000061035156,47.66999816894531,45.7599983215332,46.68000030517578,32.126434326171875,374900
2020-03-04,47.34000015258789,48.9900016784668,47.34000015258789,48.81999969482422,33.59925842285156,314300
2020-03-05,48.16999816894531,48.880001068115234,47.72999954223633,48.84000015258789,33.61301803588867,299700
2020-03-06,47.84000015258789,48.189998626708984,45.70000076293945,47.06999969482422,32.39484786987305,296200
2020-03-09,44.400001525878906,44.95000076293945,41.72999954223633,41.72999954223633,28.719724655151367,473400
2020-03-10,43.34000015258789,43.34000015258789,38.060001373291016,40.34000015258789,27.76307487487793,643000
2020-03-11,39.22999954223633,39.56999969482422,36.70000076293945,36.9900016784668,25.457534790039062,556800
2020-03-12,34.529998779296875,34.529998779296875,29.350000381469727,29.530000686645508,20.32335090637207,852100
2020-03-13,31.40999984741211,33.59000015258789,29.84000015258789,33.59000015258789,23.1175537109375,921600
2020-03-16,30.0,30.889999389648438,28.149999618530273,28.239999771118164,19.435537338256836,739700
2020-03-17,28.6200008392334,32.41999816894531,27.219999313354492,31.690000534057617,21.809917449951172,744100
2020-03-18,29.149999618530273,30.93000030517578,24.489999771118164,25.299999237060547,17.41214942932129,726100
2020-03-19,25.09000015258789,29.31999969482422,24.760000228881836,28.700000762939453,19.752117156982422,851400
2020-03-20,29.170000076293945,31.09000015258789,27.1299991607666,27.5,19.052383422851562,844400
2020-03-23,27.049999237060547,27.329999923706055,25.110000610351562,26.170000076293945,18.130935668945312,617500
2020-03-24,27.5,28.790000915527344,26.309999465942383,28.530000686645508,19.765974044799805,627600
2020-03-25,28.549999237060547,31.510000228881836,27.979999542236328,30.010000228881836,20.791345596313477,536200
2020-03-26,30.15999984741211,31.6200008392334,28.5,31.25,21.65043067932129,663100
2020-03-27,29.899999618530273,31.950000762939453,28.010000228881836,31.010000228881836,21.484155654907227,526700
2020-03-30,31.0,31.700000762939453,29.059999465942383,30.690000534057617,21.262454986572266,450700
2020-03-31,30.540000915527344,30.940000534057617,29.56999969482422,30.899999618530273,21.407947540283203,631200
2020-04-01,29.0,29.700000762939453,26.860000610351562,27.43000030517578,19.003883361816406,541400
2020-04-02,27.299999237060547,29.030000686645508,27.030000686645508,28.31999969482422,19.620487213134766,510900
2020-04-03,27.93000030517578,28.450000762939453,26.149999618530273,27.219999313354492,18.858388900756836,386400
2020-04-06,28.860000610351562,30.110000610351562,28.760000228881836,29.940000534057617,20.74284553527832,368400
2020-04-07,31.469999313354492,32.83000183105469,30.510000228881836,31.1299991607666,21.56729507446289,412100
2020-04-08,31.93000030517578,34.33000183105469,31.489999771118164,33.619998931884766,23.292388916015625,565500
2020-04-09,35.0,36.689998626708984,34.869998931884766,36.619998931884766,25.370847702026367,562200
2020-04-13,36.65999984741211,36.81999969482422,34.65999984741211,36.029998779296875,24.962081909179688,496700
2020-04-14,37.529998779296875,37.790000915527344,35.880001068115234,36.560001373291016,25.329267501831055,445800
2020-04-15,36.0,36.08000183105469,34.099998474121094,35.11000061035156,24.32469367980957,444200
2020-04-16,35.150001525878906,35.70000076293945,33.619998931884766,34.52000045776367,23.91593360900879,469700
2020-04-17,35.97999954223633,36.58000183105469,35.02000045776367,35.90999984741211,24.878938674926758,246300
2020-04-20,35.04999923706055,35.369998931884766,34.09000015258789,34.36000061035156,23.805076599121094,288800
2020-04-21,33.060001373291016,34.0,32.310001373291016,32.86000061035156,22.892454147338867,240900
2020-04-22,33.650001525878906,33.95000076293945,32.290000915527344,32.45000076293945,22.60681915283203,259500
2020-04-23,32.459999084472656,33.45000076293945,32.279998779296875,32.45000076293945,22.60681915283203,305000
2020-04-24,32.41999816894531,33.40999984741211,31.719999313354492,31.959999084472656,22.265443801879883,252900
2020-04-27,32.220001220703125,33.650001525878906,32.11000061035156,32.88999938964844,22.913341522216797,249100
2020-04-28,34.11000061035156,34.790000915527344,33.0,33.33000183105469,23.219884872436523,353100
2020-04-29,34.529998779296875,36.97999954223633,34.150001525878906,35.869998931884766,24.98941421508789,413600
2020-04-30,34.900001525878906,35.779998779296875,34.04999923706055,35.599998474121094,24.801313400268555,332800
2020-05-01,34.59000015258789,34.720001220703125,33.209999084472656,33.58000183105469,23.394046783447266,299000
2020-05-04,33.29999923706055,34.470001220703125,32.75,33.959999084472656,23.658777236938477,575100
2020-05-05,35.15999984741211,35.560001373291016,34.290000915527344,34.5099983215332,24.041955947875977,502500
2020-05-06,34.4900016784668,34.90999984741211,33.209999084472656,33.599998474121094,23.407976150512695,239700
2020-05-07,34.0,35.029998779296875,32.970001220703125,33.38999938964844,23.26168441772461,403800
2020-05-08,34.029998779296875,35.41999816894531,33.66999816894531,35.279998779296875,24.578378677368164,213500
2020-05-11,35.0,35.7599983215332,34.099998474121094,35.38999938964844,24.655012130737305,420700
2020-05-12,35.5099983215332,35.5099983215332,33.36000061035156,33.369998931884766,23.247745513916016,490000
2020-05-13,33.70000076293945,33.70000076293945,32.72999954223633,33.06999969482422,23.03875160217285,342800
2020-05-14,32.29999923706055,32.630001068115234,31.020000457763672,32.189998626708984,22.425674438476562,398200
2020-05-15,32.02000045776367,32.65999984741211,31.40999984741211,32.20000076293945,22.432649612426758,789000
2020-05-18,34.119998931884766,36.59000015258789,33.84000015258789,36.029998779296875,25.10088348388672,530800
2020-05-19,35.81999969482422,36.119998931884766,35.209999084472656,35.41999816894531,24.675912857055664,251300
2020-05-20,35.63999938964844,35.81999969482422,35.04999923706055,35.54999923706055,24.900056838989258,239500
2020-05-21,35.36000061035156,35.9900016784668,35.290000915527344,35.79999923706055,25.075149536132812,281100
2020-05-22,36.02000045776367,36.20000076293945,35.459999084472656,36.029998779296875,25.23625373840332,226100
2020-05-26,37.5099983215332,37.91999816894531,36.900001525878906,36.97999954223633,25.90165138244629,297500
2020-05-27,38.0,38.689998626708984,37.36000061035156,38.45000076293945,26.931276321411133,493900
2020-05-28,39.18000030517578,39.18000030517578,37.34000015258789,37.52000045776367,26.279884338378906,320300
2020-05-29,37.099998474121094,37.72999954223633,36.54999923706055,36.810001373291016,25.78257942199707,451800
2020-06-01,36.84000015258789,37.54999923706055,36.84000015258789,37.0099983215332,25.922670364379883,313000
2020-06-02,37.599998474121094,38.2599983215332,37.31999969482422,37.720001220703125,26.419965744018555,269500
2020-06-03,38.5,40.15999984741211,38.25,39.869998931884766,27.925878524780273,372000
2020-06-04,39.880001068115234,40.7599983215332,38.84000015258789,40.470001220703125,28.34613037109375,268900
2020-06-05,42.36000061035156,43.75,41.34000015258789,42.41999816894531,29.711959838867188,462000
2020-06-08,43.0,43.630001068115234,42.400001525878906,43.0,30.118186950683594,300300
2020-06-09,42.06999969482422,43.029998779296875,41.5099983215332,42.380001068115234,29.683929443359375,259100
2020-06-10,42.09000015258789,42.16999816894531,40.02000045776367,40.02000045776367,28.030948638916016,294800
2020-06-11,37.689998626708984,38.61000061035156,36.38999938964844,36.45000076293945,25.530424118041992,354900
2020-06-12,38.189998626708984,38.38999938964844,36.290000915527344,37.619998931884766,26.349931716918945,420600
2020-06-15,36.29999923706055,39.33000183105469,36.29999923706055,38.599998474121094,27.03634262084961,317200
2020-06-16,39.810001373291016,40.61000061035156,39.0099983215332,39.810001373291016,27.883852005004883,322100
2020-06-17,39.790000915527344,39.86000061035156,38.779998779296875,38.959999084472656,27.288497924804688,297100
2020-06-18,38.41999816894531,39.459999084472656,38.209999084472656,39.0099983215332,27.323516845703125,293200
2020-06-19,39.599998474121094,39.599998474121094,37.279998779296875,37.7400016784668,26.563356399536133,1471000
2020-06-22,37.869998931884766,38.43000030517578,37.060001373291016,37.900001525878906,26.67597007751465,481300
2020-06-23,38.27000045776367,38.75,37.36000061035156,37.5099983215332,26.401466369628906,323100
2020-06-24,36.900001525878906,37.13999938964844,34.95000076293945,35.439998626708984,24.94448471069336,412000
2020-06-25,35.040000915527344,36.72999954223633,35.040000915527344,36.66999816894531,25.810237884521484,257700
2020-06-26,36.38999938964844,36.75,35.75,36.209999084472656,25.48646354675293,443400
2020-06-29,36.90999984741211,37.47999954223633,36.029998779296875,37.400001525878906,26.324050903320312,226800
2020-06-30,37.34000015258789,38.220001220703125,37.040000915527344,37.66999816894531,26.514083862304688,310200
2020-07-01,38.0,39.29999923706055,37.84000015258789,38.7400016784668,27.26721954345703,348900
2020-07-02,39.560001373291016,39.72999954223633,37.70000076293945,38.029998779296875,26.76746368408203,308700
2020-07-06,39.13999938964844,39.220001220703125,38.18000030517578,38.189998626708984,26.880088806152344,233600
2020-07-07,37.61000061035156,38.0099983215332,37.22999954223633,37.400001525878906,26.324050903320312,233900
2020-07-08,37.290000915527344,37.7400016784668,36.630001068115234,37.25,26.21847152709961,208500
2020-07-09,37.02000045776367,37.209999084472656,35.95000076293945,36.689998626708984,25.82431411743164,294900
2020-07-10,36.70000076293945,37.41999816894531,36.70000076293945,37.220001220703125,26.197343826293945,225200
2020-07-13,37.5,38.0099983215332,36.97999954223633,37.04999923706055,26.07769203186035,182200
2020-07-14,37.02000045776367,37.79999923706055,36.9900016784668,37.349998474121094,26.288846969604492,185600
2020-07-15,38.2400016784668,38.40999984741211,37.02000045776367,37.34000015258789,26.28182029724121,290900
2020-07-16,37.04999923706055,37.40999984741211,36.66999816894531,36.81999969482422,25.915813446044922,236300
2020-07-17,37.0,38.20000076293945,36.77000045776367,37.9900016784668,26.739315032958984,304900
2020-07-20,37.900001525878906,38.220001220703125,36.68000030517578,36.869998931884766,25.951000213623047,218000
2020-07-21,37.279998779296875,37.59000015258789,37.04999923706055,37.13999938964844,26.14103889465332,216800
2020-07-22,36.720001220703125,38.2599983215332,36.709999084472656,38.22999954223633,27.046602249145508,316300
2020-07-23,37.900001525878906,38.59000015258789,37.75,38.209999084472656,27.0324649810791,242300
2020-07-24,38.279998779296875,38.43000030517578,37.15999984741211,37.220001220703125,26.332063674926758,160800
2020-07-27,37.08000183105469,37.65999984741211,36.66999816894531,37.61000061035156,26.60797691345215,204800
2020-07-28,37.349998474121094,38.4900016784668,37.349998474121094,38.2599983215332,27.067825317382812,223100
2020-07-29,38.47999954223633,39.15999984741211,38.439998626708984,38.970001220703125,27.57013511657715,228700
2020-07-30,38.15999984741211,39.060001373291016,38.08000183105469,38.77000045776367,27.428651809692383,267500
2020-07-31,38.380001068115234,38.5,36.02000045776367,37.150001525878906,26.282541275024414,817400
2020-08-03,36.9900016784668,37.0,36.13999938964844,36.52000045776367,25.83683967590332,323800
2020-08-04,36.36000061035156,36.90999984741211,36.36000061035156,36.869998931884766,26.084447860717773,285400
2020-08-05,36.9900016784668,37.189998626708984,36.220001220703125,36.790000915527344,26.02784538269043,285900
2020-08-06,36.599998474121094,37.86000061035156,36.599998474121094,37.65999984741211,26.64333724975586,306000
2020-08-07,37.5,38.599998474121094,37.5,38.5099983215332,27.244693756103516,343100
2020-08-10,38.529998779296875,39.150001525878906,38.2400016784668,38.709999084472656,27.386188507080078,344300
2020-08-11,39.2599983215332,39.5,37.95000076293945,38.2400016784668,27.05367660522461,358200
2020-08-12,38.5,38.63999938964844,37.810001373291016,38.34000015258789,27.12442970275879,177500
2020-08-13,38.0099983215332,38.540000915527344,37.33000183105469,37.400001525878906,26.459407806396484,194200
2020-08-14,37.400001525878906,37.77000045776367,37.150001525878906,37.2400016784668,26.346221923828125,189200
2020-08-17,37.279998779296875,37.540000915527344,36.869998931884766,37.380001068115234,26.44525909423828,173500
2020-08-18,37.25,37.459999084472656,36.41999816894531,36.650001525878906,25.92880630493164,202600
2020-08-19,36.650001525878906,36.83000183105469,35.56999969482422,35.86000061035156,25.369897842407227,375600
2020-08-20,35.290000915527344,36.599998474121094,35.16999816894531,36.209999084472656,25.75395965576172,278300
2020-08-21,36.029998779296875,36.459999084472656,35.459999084472656,36.119998931884766,25.68995475769043,220500
2020-08-24,36.119998931884766,36.63999938964844,35.56999969482422,36.630001068115234,26.052696228027344,242100
2020-08-25,36.5099983215332,36.68000030517578,36.0,36.54999923706055,25.995784759521484,142600
2020-08-26,36.459999084472656,36.5,35.470001220703125,35.59000015258789,25.31300163269043,256000
2020-08-27,35.59000015258789,36.709999084472656,35.40999984741211,36.65999984741211,26.074039459228516,304500
2020-08-28,36.84000015258789,37.13999938964844,36.150001525878906,37.13999938964844,26.415422439575195,351200
2020-08-31,36.880001068115234,36.880001068115234,36.09000015258789,36.4900016784668,25.953107833862305,328200
2020-09-01,36.34000015258789,36.630001068115234,35.88999938964844,36.5099983215332,25.967334747314453,182700
2020-09-02,36.43000030517578,37.41999816894531,36.06999969482422,37.29999923706055,26.52922248840332,277500
2020-09-03,37.45000076293945,38.22999954223633,37.2400016784668,37.93000030517578,26.977296829223633,376200
2020-09-04,37.970001220703125,38.31999969482422,37.040000915527344,37.290000915527344,26.522117614746094,179100
2020-09-08,37.16999816894531,37.380001068115234,36.599998474121094,37.099998474121094,26.386972427368164,272800
2020-09-09,37.16999816894531,37.79999923706055,36.75,37.27000045776367,26.50788688659668,195000
2020-09-10,37.20000076293945,37.47999954223633,36.869998931884766,37.220001220703125,26.472326278686523,214800
2020-09-11,37.209999084472656,37.310001373291016,36.119998931884766,36.619998931884766,26.045576095581055,171100
2020-09-14,36.72999954223633,37.36000061035156,36.66999816894531,37.220001220703125,26.472326278686523,316300
2020-09-15,37.40999984741211,37.849998474121094,37.029998779296875,37.08000183105469,26.37274169921875,187100
2020-09-16,37.279998779296875,37.599998474121094,36.90999984741211,36.90999984741211,26.251840591430664,208600
2020-09-17,36.68000030517578,37.02000045776367,36.150001525878906,36.220001220703125,25.76108169555664,268400
2020-09-18,36.15999984741211,36.29999923706055,35.5099983215332,35.56999969482422,25.298768997192383,1008200
2020-09-21,34.970001220703125,35.529998779296875,34.099998474121094,34.720001220703125,24.82683753967285,408700
2020-09-22,34.689998626708984,35.40999984741211,34.68000030517578,35.040000915527344,25.055660247802734,252300
2020-09-23,34.959999084472656,35.2599983215332,33.34000015258789,33.400001525878906,23.882965087890625,292600
2020-09-24,33.40999984741211,34.439998626708984,33.400001525878906,33.650001525878906,24.061725616455078,402700
2020-09-25,33.34000015258789,33.77000045776367,33.16999816894531,33.650001525878906,24.061725616455078,329800
2020-09-28,34.209999084472656,35.040000915527344,34.18000030517578,34.72999954223633,24.833982467651367,253200
2020-09-29,34.689998626708984,34.75,33.7599983215332,34.630001068115234,24.762487411499023,206100
2020-09-30,34.95000076293945,35.41999816894531,34.40999984741211,34.86000061035156,24.92694664001465,316500
2020-10-01,34.869998931884766,35.779998779296875,34.72999954223633,35.77000045776367,25.57765007019043,270700
2020-10-02,35.220001220703125,36.599998474121094,35.0,36.41999816894531,26.04243278503418,304100
2020-10-05,36.5,36.84000015258789,35.630001068115234,35.83000183105469,25.620553970336914,196900
2020-10-06,36.06999969482422,36.459999084472656,35.5099983215332,35.529998779296875,25.406034469604492,347100
2020-10-07,35.689998626708984,35.86000061035156,35.130001068115234,35.59000015258789,25.448936462402344,291400
2020-10-08,36.0,36.459999084472656,35.689998626708984,36.130001068115234,25.835079193115234,129300
2020-10-09,36.349998474121094,36.4900016784668,35.5099983215332,35.68000030517578,25.5132999420166,144100
2020-10-12,35.77000045776367,36.220001220703125,35.529998779296875,35.959999084472656,25.713512420654297,153800
2020-10-13,35.959999084472656,36.220001220703125,35.15999984741211,35.43000030517578,25.33452033996582,181900
2020-10-14,35.45000076293945,35.59000015258789,34.900001525878906,35.11000061035156,25.10570526123047,150500
2020-10-15,35.0,35.939998626708984,34.81999969482422,35.459999084472656,25.355976104736328,140100
2020-10-16,35.279998779296875,35.349998474121094,34.619998931884766,34.79999923706055,24.884042739868164,197300
2020-10-19,34.91999816894531,35.33000183105469,34.0099983215332,34.04999923706055,24.347753524780273,343400
2020-10-20,34.369998931884766,34.66999816894531,34.13999938964844,34.29999923706055,24.52651596069336,137500
2020-10-21,34.060001373291016,34.16999816894531,33.720001220703125,33.88999938964844,24.36832618713379,175400
2020-10-22,33.79999923706055,34.58000183105469,33.720001220703125,34.459999084472656,24.778175354003906,516800
2020-10-23,34.77000045776367,35.22999954223633,34.220001220703125,34.79999923706055,25.02265167236328,340600
2020-10-26,34.47999954223633,34.72999954223633,34.220001220703125,34.540000915527344,24.83570098876953,198500
2020-10-27,34.540000915527344,34.70000076293945,33.66999816894531,33.68000030517578,24.21732521057129,175300
2020-10-28,33.0,33.5,32.349998474121094,32.439998626708984,23.32571029663086,220900
2020-10-29,32.369998931884766,33.439998626708984,32.0099983215332,33.38999938964844,24.008804321289062,274700
2020-10-30,33.13999938964844,33.13999938964844,32.349998474121094,33.0099983215332,23.735572814941406,237100
2020-11-02,33.189998626708984,34.25,32.900001525878906,34.189998626708984,24.584030151367188,255800
2020-11-03,34.5099983215332,35.060001373291016,34.34000015258789,34.869998931884766,25.07297706604004,154700
2020-11-04,34.560001373291016,34.619998931884766,33.959999084472656,34.2400016784668,24.619977951049805,192800
2020-11-05,34.41999816894531,34.58000183105469,33.84000015258789,34.130001068115234,24.540891647338867,191500
2020-11-06,34.22999954223633,34.47999954223633,33.16999816894531,33.400001525878906,24.0159969329834,187200
2020-11-09,35.959999084472656,38.0,35.16999816894531,35.18000030517578,25.29589080810547,640700
2020-11-10,35.4900016784668,36.880001068115234,35.11000061035156,36.79999923706055,26.460739135742188,376100
2020-11-11,36.599998474121094,36.77000045776367,35.900001525878906,36.65999984741211,26.36006736755371,228500
2020-11-12,36.310001373291016,36.36000061035156,35.630001068115234,36.040000915527344,25.914270401000977,197900
2020-11-13,36.20000076293945,37.7400016784668,36.20000076293945,37.66999816894531,27.086307525634766,256000
2020-11-16,38.439998626708984,38.900001525878906,37.529998779296875,38.099998474121094,27.39549446105957,297600
2020-11-17,37.72999954223633,38.4900016784668,37.349998474121094,38.13999938964844,27.42425537109375,194600
2020-11-18,38.15999984741211,38.599998474121094,37.310001373291016,37.31999969482422,26.834638595581055,214400
2020-11-19,36.95000076293945,37.75,36.58000183105469,37.529998779296875,27.123722076416016,165500
2020-11-20,37.27000045776367,37.52000045776367,36.880001068115234,37.15999984741211,26.856313705444336,168600
2020-11-23,37.220001220703125,38.09000015258789,37.099998474121094,37.470001220703125,27.080364227294922,308700
2020-11-24,37.95000076293945,39.060001373291016,37.86000061035156,38.75,28.00543785095215,252100
2020-11-25,38.75,38.880001068115234,38.13999938964844,38.47999954223633,27.810319900512695,178600
2020-11-27,38.61000061035156,38.63999938964844,37.70000076293945,37.95000076293945,27.42728042602539,83100
2020-11-30,37.86000061035156,38.189998626708984,37.0099983215332,37.040000915527344,26.769590377807617,278500
2020-12-01,37.5,38.099998474121094,37.2400016784668,37.599998474121094,27.174314498901367,229000
2020-12-02,37.02000045776367,37.810001373291016,37.02000045776367,37.529998779296875,27.123722076416016,212700
2020-12-03,37.709999084472656,38.380001068115234,37.599998474121094,37.9900016784668,27.456178665161133,233700
2020-12-04,38.11000061035156,38.7599983215332,38.11000061035156,38.66999816894531,27.947622299194336,119400
2020-12-07,38.68000030517578,38.959999084472656,38.33000183105469,38.47999954223633,27.810319900512695,406900
2020-12-08,38.31999969482422,38.7599983215332,38.31999969482422,38.380001068115234,27.738035202026367,284800
2020-12-09,38.400001525878906,38.709999084472656,37.93000030517578,38.59000015258789,27.88980484008789,224800
2020-12-10,38.290000915527344,38.54999923706055,37.84000015258789,38.02000045776367,27.47785758972168,246600
2020-12-11,37.90999984741211,38.689998626708984,37.869998931884766,38.650001525878906,27.933183670043945,211100
2020-12-14,38.63999938964844,39.209999084472656,38.5,38.5,27.82476043701172,199600
2020-12-15,38.689998626708984,39.720001220703125,38.400001525878906,39.68000030517578,28.67758560180664,270600
2020-12-16,39.7599983215332,40.29999923706055,39.56999969482422,40.0099983215332,28.916078567504883,281300
2020-12-17,40.2400016784668,40.36000061035156,39.36000061035156,40.189998626708984,29.046167373657227,362000
2020-12-18,40.0,40.150001525878906,39.470001220703125,39.77000045776367,28.742626190185547,702000
2020-12-21,39.13999938964844,39.4900016784668,38.7599983215332,39.11000061035156,28.26563262939453,254600
2020-12-22,39.0,39.22999954223633,38.619998931884766,39.11000061035156,28.403621673583984,169200
2020-12-23,39.29999923706055,39.970001220703125,38.869998931884766,38.939998626708984,28.2801570892334,200700
2020-12-24,39.0,39.33000183105469,38.81999969482422,39.189998626708984,28.461721420288086,97200
2020-12-28,39.279998779296875,39.79999923706055,39.11000061035156,39.40999984741211,28.621482849121094,221500
2020-12-29,39.529998779296875,39.709999084472656,38.880001068115234,39.09000015258789,28.389081954956055,208100
2020-12-30,39.02000045776367,39.709999084472656,38.43000030517578,38.68000030517578,28.091323852539062,215600
2020-12-31,38.56999969482422,38.939998626708984,38.209999084472656,38.90999984741211,28.25836944580078,171100
2021-01-04,38.970001220703125,39.099998474121094,37.70000076293945,37.77000045776367,27.430438995361328,340700
2021-01-05,37.97999954223633,38.52000045776367,37.90999984741211,37.939998626708984,27.553897857666016,259000
2021-01-06,38.279998779296875,39.65999984741211,38.0,39.20000076293945,28.468971252441406,341000
2021-01-07,39.4900016784668,39.4900016784668,38.349998474121094,38.709999084472656,28.113121032714844,195200
2021-01-08,38.79999923706055,39.38999938964844,38.54999923706055,39.33000183105469,28.56339454650879,319300
2021-01-11,39.27000045776367,39.70000076293945,38.54999923706055,38.939998626708984,28.2801570892334,185900
2021-01-12,38.880001068115234,39.25,38.58000183105469,39.150001525878906,28.432661056518555,214400
2021-01-13,39.27000045776367,40.33000183105469,39.27000045776367,40.279998779296875,29.25331687927246,181500
2021-01-14,40.4900016784668,40.869998931884766,40.279998779296875,40.720001220703125,29.5728759765625,215200
2021-01-15,40.5,41.25,40.2599983215332,41.189998626708984,29.914213180541992,189400
2021-01-19,41.529998779296875,41.599998474121094,40.400001525878906,40.58000183105469,29.471187591552734,264000
2021-01-20,40.290000915527344,40.869998931884766,40.04999923706055,40.45000076293945,29.51497459411621,235100
2021-01-21,40.33000183105469,40.400001525878906,39.34000015258789,39.61000061035156,28.902061462402344,243700
2021-01-22,39.40999984741211,40.130001068115234,39.16999816894531,40.09000015258789,29.252304077148438,168500
2021-01-25,40.150001525878906,40.5,39.529998779296875,40.11000061035156,29.266895294189453,168500
2021-01-26,40.2400016784668,40.54999923706055,39.95000076293945,40.349998474121094,29.442005157470703,164300
2021-01-27,39.880001068115234,40.29999923706055,39.209999084472656,39.40999984741211,28.75612449645996,198500
2021-01-28,39.41999816894531,40.11000061035156,39.27000045776367,39.4900016784668,28.814498901367188,241600
2021-01-29,39.400001525878906,39.91999816894531,38.52000045776367,38.63999938964844,28.19428825378418,509000
2021-02-01,38.83000183105469,39.88999938964844,38.58000183105469,39.7400016784668,28.99691390991211,277500
2021-02-02,40.040000915527344,40.20000076293945,39.56999969482422,39.68000030517578,28.953144073486328,245300
2021-02-03,39.63999938964844,39.970001220703125,39.02000045776367,39.93000030517578,29.13554573059082,217300
2021-02-04,39.869998931884766,40.7400016784668,39.83000183105469,40.349998474121094,29.442005157470703,177300
2021-02-05,40.560001373291016,40.869998931884766,40.380001068115234,40.83000183105469,29.792255401611328,157300
2021-02-08,40.959999084472656,41.20000076293945,40.59000015258789,41.13999938964844,30.018455505371094,233800
2021-02-09,41.29999923706055,41.470001220703125,41.02000045776367,41.20000076293945,30.06223487854004,165300
2021-02-10,41.43000030517578,42.15999984741211,41.34000015258789,41.68000030517578,30.412466049194336,160000
2021-02-11,41.95000076293945,42.599998474121094,41.709999084472656,42.27000045776367,30.84296989440918,184800
2021-02-12,42.11000061035156,42.439998626708984,41.86000061035156,42.2599983215332,30.83566665649414,197200
2021-02-16,42.470001220703125,42.47999954223633,41.81999969482422,41.959999084472656,30.616779327392578,189500
2021-02-17,41.61000061035156,41.81999969482422,41.20000076293945,41.290000915527344,30.26494026184082,142700
2021-02-18,41.029998779296875,41.599998474121094,40.779998779296875,40.790000915527344,29.898454666137695,112000
2021-02-19,41.119998931884766,41.2599983215332,40.5,40.68000030517578,29.81782341003418,277200
2021-02-22,40.4900016784668,41.810001373291016,40.31999969482422,41.58000183105469,30.477514266967773,257100
2021-02-23,41.689998626708984,42.709999084472656,41.310001373291016,41.31999969482422,30.28693389892578,262600
2021-02-24,41.41999816894531,42.470001220703125,41.38999938964844,42.2599983215332,30.97593116760254,207900
2021-02-25,42.209999084472656,42.86000061035156,41.25,41.40999984741211,30.352890014648438,237000
2021-02-26,41.40999984741211,41.90999984741211,40.869998931884766,40.90999984741211,29.986412048339844,234400
2021-03-01,41.470001220703125,42.220001220703125,41.290000915527344,41.310001373291016,30.279603958129883,229400
2021-03-02,41.25,41.689998626708984,40.91999816894531,41.099998474121094,30.125675201416016,315500
2021-03-03,41.25,42.09000015258789,41.04999923706055,41.619998931884766,30.506818771362305,195700
2021-03-04,41.599998474121094,42.27000045776367,40.93000030517578,41.38999938964844,30.338237762451172,223900
2021-03-05,41.79999923706055,42.20000076293945,41.27000045776367,42.15999984741211,30.902639389038086,196500
2021-03-08,42.45000076293945,43.66999816894531,42.15999984741211,43.349998474121094,31.77489471435547,199200
2021-03-09,43.4900016784668,43.79999923706055,42.84000015258789,42.97999954223633,31.503684997558594,209800
2021-03-10,43.0,43.650001525878906,42.75,43.380001068115234,31.79688835144043,186300
2021-03-11,43.369998931884766,43.56999969482422,42.529998779296875,42.70000076293945,31.29844856262207,258400
2021-03-12,42.90999984741211,43.779998779296875,42.70000076293945,43.75,32.06808090209961,312800
2021-03-15,44.369998931884766,44.72999954223633,43.709999084472656,44.099998474121094,32.324623107910156,326000
2021-03-16,44.220001220703125,44.38999938964844,43.209999084472656,43.77000045776367,32.082740783691406,191100
2021-03-17,43.630001068115234,44.029998779296875,43.2599983215332,43.97999954223633,32.236671447753906,154600
2021-03-18,43.97999954223633,44.130001068115234,43.18000030517578,43.33000183105469,31.76023292541504,218700
2021-03-19,43.380001068115234,43.65999984741211,42.709999084472656,42.79999923706055,31.371763229370117,565600
2021-03-22,42.5,42.83000183105469,41.91999816894531,42.43000030517578,31.23923110961914,249000
2021-03-23,42.209999084472656,42.63999938964844,41.91999816894531,42.18000030517578,31.0551700592041,228300
2021-03-24,42.209999084472656,43.189998626708984,42.150001525878906,42.16999816894531,31.047792434692383,146700
2021-03-25,42.220001220703125,42.599998474121094,41.52000045776367,42.189998626708984,31.06252098083496,233400
2021-03-26,42.470001220703125,42.900001525878906,42.279998779296875,42.84000015258789,31.541086196899414,175400
2021-03-29,42.95000076293945,43.16999816894531,42.38999938964844,42.58000183105469,31.34966278076172,191400
2021-03-30,42.40999984741211,42.790000915527344,42.220001220703125,42.38999938964844,31.209766387939453,169000
2021-03-31,42.29999923706055,42.56999969482422,41.720001220703125,41.720001220703125,30.716474533081055,363500
2021-04-01,42.08000183105469,43.16999816894531,41.79999923706055,43.13999938964844,31.761953353881836,212100
2021-04-05,43.5,43.619998931884766,42.849998474121094,43.2599983215332,31.850313186645508,191800
2021-04-06,43.4900016784668,43.849998474121094,43.20000076293945,43.5099983215332,32.03437042236328,243000
2021-04-07,43.47999954223633,43.7599983215332,43.36000061035156,43.540000915527344,32.05647277832031,144000
2021-04-08,43.560001373291016,43.88999938964844,43.369998931884766,43.630001068115234,32.12272262573242,293000
2021-04-09,43.599998474121094,43.75,43.09000015258789,43.310001373291016,31.887126922607422,150400
2021-04-12,43.599998474121094,43.810001373291016,42.95000076293945,43.29999923706055,31.8797550201416,256800
2021-04-13,43.349998474121094,43.650001525878906,43.209999084472656,43.5,32.02702713012695,187600
2021-04-14,43.41999816894531,43.75,43.09000015258789,43.15999984741211,31.77667999267578,135800
2021-04-15,43.349998474121094,43.540000915527344,43.029998779296875,43.529998779296875,32.049095153808594,171600
2021-04-16,43.75,43.849998474121094,43.310001373291016,43.40999984741211,31.96074867248535,221100
2021-04-19,43.45000076293945,43.58000183105469,42.95000076293945,43.45000076293945,31.990192413330078,222700
2021-04-20,43.16999816894531,43.439998626708984,42.75,43.18000030517578,31.79140281677246,350100
2021-04-21,42.97999954223633,43.7599983215332,42.849998474121094,43.630001068115234,32.26469421386719,253300
2021-04-22,43.630001068115234,43.880001068115234,42.90999984741211,43.040000915527344,31.828380584716797,182000
2021-04-23,43.20000076293945,43.29999923706055,42.939998626708984,42.939998626708984,31.754436492919922,198800
2021-04-26,43.150001525878906,43.66999816894531,43.13999938964844,43.349998474121094,32.05762481689453,160300
2021-04-27,43.380001068115234,43.380001068115234,42.5099983215332,42.689998626708984,31.569564819335938,286700
2021-04-28,42.689998626708984,42.959999084472656,42.5099983215332,42.529998779296875,31.451231002807617,200100
2021-04-29,42.72999954223633,43.13999938964844,42.15999984741211,42.25,31.24417495727539,328000
2021-04-30,42.0,42.7400016784668,41.45000076293945,42.529998779296875,31.451231002807617,452300
2021-05-03,42.7400016784668,42.939998626708984,42.349998474121094,42.400001525878906,31.3551082611084,368000
2021-05-04,42.41999816894531,42.599998474121094,41.2400016784668,41.380001068115234,30.600799560546875,356100
2021-05-05,41.13999938964844,41.27000045776367,39.880001068115234,40.15999984741211,29.698604583740234,507700
2021-05-06,40.36000061035156,40.68000030517578,39.86000061035156,40.68000030517578,30.083145141601562,268400
2021-05-07,40.59000015258789,41.09000015258789,40.54999923706055,40.93000030517578,30.268024444580078,216700
2021-05-10,40.9900016784668,41.599998474121094,40.849998474121094,40.869998931884766,30.223657608032227,298500
2021-05-11,40.5,40.70000076293945,39.93000030517578,40.20000076293945,29.728187561035156,236300
2021-05-12,40.099998474121094,40.220001220703125,38.91999816894531,39.099998474121094,28.91472816467285,365400
2021-05-13,39.099998474121094,39.90999984741211,39.099998474121094,39.70000076293945,29.358436584472656,255500
2021-05-14,39.900001525878906,40.04999923706055,39.70000076293945,39.90999984741211,29.513729095458984,234500
2021-05-17,39.900001525878906,40.099998474121094,39.56999969482422,39.70000076293945,29.358436584472656,248300
2021-05-18,39.709999084472656,40.0099983215332,39.5,39.540000915527344,29.24010467529297,256000
2021-05-19,39.0099983215332,39.2400016784668,38.5,39.130001068115234,29.076637268066406,255800
2021-05-20,39.0,39.5099983215332,38.959999084472656,39.16999816894531,29.106359481811523,284100
2021-05-21,39.290000915527344,39.58000183105469,38.91999816894531,39.09000015258789,29.04690933227539,488600
2021-05-24,39.25,39.59000015258789,39.130001068115234,39.45000076293945,29.314416885375977,186300
2021-05-25,39.41999816894531,39.81999969482422,39.25,39.36000061035156,29.24755859375,238000
2021-05-26,39.36000061035156,39.650001525878906,39.20000076293945,39.400001525878906,29.277259826660156,276900
2021-05-27,39.599998474121094,39.77000045776367,39.15999984741211,39.15999984741211,29.09892463684082,444000
2021-05-28,39.36000061035156,39.45000076293945,39.099998474121094,39.18000030517578,29.113788604736328,347300
2021-06-01,39.459999084472656,40.22999954223633,39.22999954223633,40.13999938964844,29.827129364013672,336400
2021-06-02,40.400001525878906,40.58000183105469,40.0099983215332,40.54999923706055,30.131807327270508,254700
2021-06-03,40.0,40.0,39.25,39.38999938964844,29.269834518432617,346900
2021-06-04,39.40999984741211,39.459999084472656,38.7599983215332,38.93000030517578,28.928010940551758,304900
2021-06-07,39.06999969482422,39.79999923706055,39.06999969482422,39.349998474121094,29.2401065826416,238800
2021-06-08,39.4900016784668,39.599998474121094,38.959999084472656,39.0,28.980037689208984,310500
2021-06-09,39.209999084472656,39.790000915527344,39.20000076293945,39.41999816894531,29.292139053344727,224500
2021-06-10,39.52000045776367,39.58000183105469,39.20000076293945,39.400001525878906,29.277259826660156,181600
2021-06-11,39.5099983215332,39.61000061035156,39.0,39.25,29.16580581665039,364900
2021-06-14,39.45000076293945,39.58000183105469,39.380001068115234,39.58000183105469,29.411026000976562,388600
2021-06-15,39.52000045776367,39.77000045776367,39.36000061035156,39.459999084472656,29.321855545043945,277600
2021-06-16,39.459999084472656,39.63999938964844,38.97999954223633,38.9900016784668,28.97260856628418,267300
2021-06-17,38.97999954223633,39.16999816894531,38.290000915527344,38.61000061035156,28.690227508544922,296200
2021-06-18,38.2400016784668,38.560001373291016,37.56999969482422,37.58000183105469,27.92487335205078,634400
2021-06-21,37.45000076293945,38.47999954223633,37.349998474121094,38.31999969482422,28.619430541992188,346500
2021-06-22,38.33000183105469,38.84000015258789,38.119998931884766,38.5,28.753870010375977,236800
2021-06-23,38.45000076293945,38.68000030517578,38.2400016784668,38.31999969482422,28.619430541992188,206700
2021-06-24,38.400001525878906,38.97999954223633,38.130001068115234,38.97999954223633,29.11236000061035,255600
2021-06-25,39.0,39.2599983215332,38.779998779296875,39.060001373291016,29.172107696533203,865800
2021-06-28,39.11000061035156,39.20000076293945,38.529998779296875,39.11000061035156,29.2094669342041,466800
2021-06-29,39.11000061035156,39.22999954223633,38.810001373291016,38.900001525878906,29.052616119384766,296000
2021-06-30,38.849998474121094,39.130001068115234,38.290000915527344,38.38999938964844,28.671722412109375,289700
2021-07-01,38.38999938964844,38.970001220703125,38.33000183105469,38.599998474121094,28.828554153442383,179400
2021-07-02,38.75,38.9900016784668,38.20000076293945,38.349998474121094,28.6418399810791,275000
2021-07-06,38.45000076293945,39.08000183105469,37.880001068115234,38.900001525878906,29.052616119384766,252500
2021-07-07,38.88999938964844,38.900001525878906,38.5099983215332,38.7400016784668,28.933120727539062,164800
2021-07-08,38.5,38.810001373291016,38.08000183105469,38.220001220703125,28.544750213623047,237300
2021-07-09,38.529998779296875,38.970001220703125,38.34000015258789,38.970001220703125,29.104894638061523,218500
2021-07-12,38.88999938964844,39.27000045776367,38.81999969482422,39.220001220703125,29.291614532470703,139100
2021-07-13,39.040000915527344,39.290000915527344,38.650001525878906,38.77000045776367,28.95552635192871,169300
2021-07-14,38.79999923706055,39.06999969482422,38.54999923706055,38.81999969482422,28.992868423461914,236900
2021-07-15,38.90999984741211,39.060001373291016,38.650001525878906,38.97999954223633,29.11236000061035,196300
2021-07-16,39.220001220703125,40.08000183105469,39.150001525878906,39.790000915527344,29.71732521057129,305400
2021-07-19,39.290000915527344,39.400001525878906,38.29999923706055,38.68000030517578,28.88831329345703,247600
2021-07-20,38.970001220703125,40.15999984741211,38.779998779296875,39.83000183105469,29.747194290161133,344900
2021-07-21,39.83000183105469,40.33000183105469,39.72999954223633,39.81999969482422,29.882282257080078,253600
2021-07-22,39.63999938964844,39.63999938964844,38.970001220703125,39.18000030517578,29.401979446411133,199000
2021-07-23,39.25,39.61000061035156,39.09000015258789,39.16999816894531,29.394479751586914,206400
2021-07-26,39.310001373291016,39.689998626708984,38.97999954223633,39.15999984741211,29.386987686157227,190100
2021-07-27,38.9900016784668,39.20000076293945,38.75,39.08000183105469,29.326950073242188,313700
2021-07-28,39.2599983215332,39.400001525878906,38.65999984741211,38.939998626708984,29.221881866455078,222300
2021-07-29,39.13999938964844,39.41999816894531,38.720001220703125,38.7599983215332,29.0867977142334,290200
2021-07-30,39.20000076293945,39.349998474121094,37.709999084472656,37.849998474121094,28.403911590576172,565200
2021-08-02,38.04999923706055,38.7599983215332,37.66999816894531,37.81999969482422,28.38140296936035,369000
2021-08-03,37.869998931884766,37.869998931884766,36.72999954223633,36.83000183105469,27.63848114013672,437500
2021-08-04,36.41999816894531,36.52000045776367,35.400001525878906,35.560001373291016,26.685428619384766,490300
2021-08-05,35.7599983215332,36.220001220703125,35.7599983215332,36.18000030517578,27.150697708129883,316200
2021-08-06,36.58000183105469,36.58000183105469,35.5099983215332,35.66999816894531,26.767963409423828,375000
2021-08-09,35.47999954223633,35.779998779296875,35.310001373291016,35.439998626708984,26.595365524291992,326500
2021-08-10,35.45000076293945,35.5,35.0,35.0,26.265180587768555,312300
2021-08-11,35.25,35.369998931884766,34.90999984741211,35.279998779296875,26.475299835205078,225700
2021-08-12,35.209999084472656,35.31999969482422,34.849998474121094,35.20000076293945,26.415264129638672,244700
2021-08-13,35.25,35.560001373291016,35.040000915527344,35.5,26.640390396118164,199700
2021-08-16,35.560001373291016,35.970001220703125,35.25,35.290000915527344,26.482799530029297,191000
2021-08-17,35.040000915527344,35.5099983215332,34.849998474121094,35.4900016784668,26.63288688659668,210600
2021-08-18,35.45000076293945,35.47999954223633,34.560001373291016,34.63999938964844,25.995027542114258,423600
2021-08-19,34.650001525878906,35.02000045776367,33.970001220703125,34.349998474121094,25.777395248413086,354600
2021-08-20,34.11000061035156,34.34000015258789,33.36000061035156,34.060001373291016,25.701934814453125,423000
2021-08-23,34.150001525878906,34.22999954223633,33.810001373291016,33.93000030517578,25.603836059570312,229600
2021-08-24,33.93000030517578,34.34000015258789,33.790000915527344,34.310001373291016,25.890588760375977,183200
2021-08-25,34.209999084472656,34.849998474121094,34.06999969482422,34.41999816894531,25.973588943481445,191400
2021-08-26,34.349998474121094,34.5099983215332,34.0099983215332,34.02000045776367,25.671754837036133,168600
2021-08-27,34.15999984741211,34.54999923706055,34.099998474121094,34.150001525878906,25.769847869873047,276200
2021-08-30,34.25,34.470001220703125,33.95000076293945,34.2599983215332,25.852855682373047,203300
2021-08-31,34.25,34.619998931884766,34.150001525878906,34.5099983215332,26.041507720947266,305500
2021-09-01,34.83000183105469,35.38999938964844,34.66999816894531,34.79999923706055,26.26034927368164,381100
2021-09-02,34.869998931884766,34.95000076293945,34.599998474121094,34.849998474121094,26.29806900024414,229100
2021-09-03,34.70000076293945,34.81999969482422,34.279998779296875,34.56999969482422,26.08678436279297,211600
2021-09-07,34.4900016784668,34.540000915527344,33.79999923706055,34.099998474121094,25.732118606567383,314600
2021-09-08,34.0,34.63999938964844,34.0,34.349998474121094,25.920766830444336,218500
2021-09-09,34.22999954223633,34.540000915527344,34.04999923706055,34.08000183105469,25.71702766418457,217300
2021-09-10,34.11000061035156,34.279998779296875,33.68000030517578,33.849998474121094,25.543466567993164,348700
2021-09-13,34.150001525878906,34.380001068115234,33.779998779296875,33.869998931884766,25.558561325073242,240200
2021-09-14,33.88999938964844,33.90999984741211,33.43000030517578,33.619998931884766,25.36990737915039,234900
2021-09-15,33.56999969482422,33.810001373291016,33.189998626708984,33.22999954223633,25.075613021850586,270800
2021-09-16,33.22999954223633,33.79999923706055,33.130001068115234,33.470001220703125,25.2567195892334,259100
2021-09-17,33.5,33.59000015258789,33.09000015258789,33.36000061035156,25.17371368408203,665200
2021-09-20,33.0,33.52000045776367,32.900001525878906,33.279998779296875,25.113340377807617,263600
2021-09-21,33.2400016784668,33.369998931884766,32.720001220703125,32.720001220703125,24.832530975341797,220700
2021-09-22,32.88999938964844,33.130001068115234,32.54999923706055,32.560001373291016,24.711105346679688,228500
2021-09-23,32.59000015258789,32.93000030517578,32.0099983215332,32.70000076293945,24.817354202270508,214900
2021-09-24,32.619998931884766,32.70000076293945,32.040000915527344,32.16999816894531,24.415115356445312,268500
2021-09-27,32.220001220703125,32.779998779296875,32.0,32.0099983215332,24.293684005737305,240100
2021-09-28,32.0,32.119998931884766,31.75,31.84000015258789,24.1646728515625,212300
2021-09-29,31.84000015258789,32.16999816894531,31.81999969482422,31.940000534057617,24.240550994873047,172300
2021-09-30,32.02000045776367,32.150001525878906,31.600000381469727,31.690000534057617,24.050825119018555,345200
2021-10-01,31.75,32.59000015258789,31.709999084472656,32.31999969482422,24.52895164489746,318600
2021-10-04,32.27000045776367,32.68000030517578,32.11000061035156,32.41999816894531,24.60485076904297,241900
2021-10-05,32.41999816894531,32.5,32.06999969482422,32.150001525878906,24.399932861328125,264100
2021-10-06,32.06999969482422,32.290000915527344,31.65999984741211,32.279998779296875,24.498598098754883,278200
2021-10-07,32.400001525878906,32.810001373291016,32.220001220703125,32.29999923706055,24.51378059387207,243100
2021-10-08,32.31999969482422,32.619998931884766,32.25,32.29999923706055,24.51378059387207,233500
2021-10-11,32.599998474121094,33.029998779296875,32.36000061035156,32.88999938964844,24.9615478515625,351800
2021-10-12,32.90999984741211,33.349998474121094,32.68000030517578,33.2599983215332,25.24236488342285,253000
2021-10-13,33.400001525878906,33.90999984741211,33.150001525878906,33.880001068115234,25.712905883789062,288100
2021-10-14,34.099998474121094,34.290000915527344,33.88999938964844,33.939998626708984,25.75843620300293,303700
2021-10-15,34.22999954223633,34.459999084472656,34.09000015258789,34.36000061035156,26.077194213867188,282600
2021-10-18,34.47999954223633,34.91999816894531,34.29999923706055,34.849998474121094,26.449071884155273,372000
2021-10-19,35.130001068115234,35.130001068115234,34.34000015258789,34.459999084472656,26.153091430664062,339800
2021-10-20,34.29999923706055,34.47999954223633,34.16999816894531,34.31999969482422,26.191247940063477,324400
2021-10-21,34.33000183105469,34.43000030517578,33.93000030517578,34.13999938964844,26.05388069152832,208000
2021-10-22,34.15999984741211,34.279998779296875,33.599998474121094,33.630001068115234,25.6646728515625,228000
2021-10-25,33.66999816894531,33.7400016784668,33.36000061035156,33.47999954223633,25.550203323364258,241900
2021-10-26,33.560001373291016,33.779998779296875,33.439998626708984,33.56999969482422,25.618881225585938,186500
2021-10-27,33.540000915527344,34.220001220703125,33.41999816894531,33.9900016784668,25.93940544128418,298500
2021-10-28,33.900001525878906,34.43000030517578,33.54999923706055,33.880001068115234,25.855466842651367,371600
2021-10-29,33.43000030517578,33.900001525878906,31.700000762939453,31.860000610351562,24.313901901245117,1014700
2021-11-01,31.989999771118164,33.349998474121094,31.84000015258789,33.20000076293945,25.336519241333008,439300
2021-11-02,33.34000015258789,33.34000015258789,32.560001373291016,32.83000183105469,25.054155349731445,254800
2021-11-03,32.599998474121094,33.40999984741211,32.599998474121094,32.7400016784668,24.9854736328125,244500
2021-11-04,32.66999816894531,33.0099983215332,32.279998779296875,32.459999084472656,24.771793365478516,267600
2021-11-05,32.77000045776367,34.08000183105469,32.77000045776367,33.83000183105469,25.817302703857422,346200
2021-11-08,33.66999816894531,33.7400016784668,33.099998474121094,33.20000076293945,25.336519241333008,276000
2021-11-09,33.099998474121094,33.95000076293945,32.900001525878906,33.880001068115234,25.855466842651367,401700
2021-11-10,33.880001068115234,34.790000915527344,33.790000915527344,34.25,26.137821197509766,393100
2021-11-11,34.18000030517578,34.630001068115234,33.849998474121094,34.599998474121094,26.404926300048828,272400
2021-11-12,34.5,34.5,34.08000183105469,34.150001525878906,26.06151008605957,194100
2021-11-15,34.16999816894531,34.380001068115234,34.02000045776367,34.380001068115234,26.237035751342773,211600
2021-11-16,34.369998931884766,34.41999816894531,33.86000061035156,34.25,26.137821197509766,219400
2021-11-17,34.099998474121094,34.4900016784668,33.599998474121094,34.4900016784668,26.32098388671875,257400
2021-11-18,34.25,34.349998474121094,34.029998779296875,34.34000015258789,26.351680755615234,218900
2021-11-19,34.15999984741211,34.290000915527344,33.83000183105469,34.2400016784668,26.274940490722656,334700
2021-11-22,34.0,34.209999084472656,33.58000183105469,33.630001068115234,25.80683708190918,254100
2021-11-23,33.63999938964844,33.810001373291016,33.459999084472656,33.52000045776367,25.722431182861328,250100
2021-11-24,33.56999969482422,33.650001525878906,33.22999954223633,33.41999816894531,25.64568519592285,163100
2021-11-26,33.0,33.099998474121094,31.950000762939453,32.27000045776367,24.763208389282227,258400
2021-11-29,32.599998474121094,32.599998474121094,31.889999389648438,31.90999984741211,24.486955642700195,314900
2021-11-30,31.829999923706055,32.16999816894531,31.479999542236328,31.760000228881836,24.371845245361328,385300
2021-12-01,32.20000076293945,32.97999954223633,31.360000610351562,31.360000610351562,24.064899444580078,349200
2021-12-02,31.59000015258789,32.52000045776367,31.59000015258789,32.36000061035156,24.8322696685791,324300
2021-12-03,32.439998626708984,32.5099983215332,31.920000076293945,32.06999969482422,24.609737396240234,320300
2021-12-06,32.47999954223633,33.75,32.34000015258789,33.45000076293945,25.668704986572266,391900
2021-12-07,33.33000183105469,33.810001373291016,33.15999984741211,33.459999084472656,25.676393508911133,222900
2021-12-08,33.2599983215332,34.15999984741211,33.2599983215332,33.83000183105469,25.960311889648438,258800
2021-12-09,33.400001525878906,33.83000183105469,33.119998931884766,33.4900016784668,25.699405670166016,165100
2021-12-10,33.650001525878906,33.70000076293945,32.709999084472656,32.779998779296875,25.154571533203125,340600
2021-12-13,32.79999923706055,33.36000061035156,32.61000061035156,32.93000030517578,25.26967430114746,332600
2021-12-14,32.779998779296875,33.310001373291016,32.33000183105469,32.47999954223633,24.924360275268555,335900
2021-12-15,32.47999954223633,33.209999084472656,32.47999954223633,33.08000183105469,25.384784698486328,285800
2021-12-16,33.290000915527344,33.79999923706055,33.130001068115234,33.63999938964844,25.81450653076172,433900
2021-12-17,33.630001068115234,34.5099983215332,33.47999954223633,34.2599983215332,26.2902889251709,1304100
2021-12-20,33.7400016784668,33.81999969482422,32.619998931884766,33.16999816894531,25.453847885131836,353900
2021-12-21,33.529998779296875,34.0,33.43000030517578,33.79999923706055,25.93729591369629,321700
2021-12-22,33.70000076293945,33.720001220703125,33.09000015258789,33.41999816894531,25.790664672851562,278300
2021-12-23,33.43000030517578,33.650001525878906,33.209999084472656,33.27000045776367,25.67491340637207,183000
2021-12-27,33.119998931884766,33.52000045776367,32.90999984741211,33.52000045776367,25.867841720581055,305000
2021-12-28,33.310001373291016,33.939998626708984,33.29999923706055,33.810001373291016,26.09164810180664,191200
2021-12-29,33.81999969482422,34.130001068115234,33.54999923706055,33.9900016784668,26.230545043945312,167600
2021-12-30,33.9900016784668,34.65999984741211,33.91999816894531,34.2400016784668,26.42347526550293,291500
2021-12-31,34.310001373291016,34.619998931884766,34.09000015258789,34.13999938964844,26.346303939819336,221900
2022-01-03,34.27000045776367,35.06999969482422,34.13999938964844,35.029998779296875,27.03312873840332,353800
2022-01-04,35.150001525878906,35.79999923706055,35.09000015258789,35.54999923706055,27.434419631958008,275400
2022-01-05,35.54999923706055,35.849998474121094,34.970001220703125,35.119998931884766,27.102584838867188,543700
2022-01-06,35.36000061035156,35.47999954223633,35.099998474121094,35.43000030517578,27.341815948486328,229300
2022-01-07,35.29999923706055,36.040000915527344,35.25,35.790000915527344,27.619632720947266,240800
2022-01-10,35.83000183105469,36.029998779296875,35.43000030517578,35.54999923706055,27.434419631958008,453500
2022-01-11,35.72999954223633,35.790000915527344,34.77000045776367,35.439998626708984,27.349525451660156,401100
2022-01-12,35.5,35.5,34.7599983215332,34.790000915527344,26.847911834716797,292700
2022-01-13,35.41999816894531,36.310001373291016,35.380001068115234,36.310001373291016,28.020915985107422,490700
2022-01-14,36.189998626708984,36.709999084472656,36.0,36.70000076293945,28.3218936920166,297000
2022-01-18,36.7599983215332,36.939998626708984,36.29999923706055,36.38999938964844,28.082651138305664,327400
2022-01-19,36.459999084472656,36.59000015258789,35.779998779296875,35.880001068115234,27.6890869140625,321700
2022-01-20,35.52000045776367,35.86000061035156,35.08000183105469,35.099998474121094,27.231351852416992,290200
2022-01-21,35.11000061035156,35.56999969482422,34.84000015258789,35.400001525878906,27.4641056060791,398300
2022-01-24,35.04999923706055,35.529998779296875,34.470001220703125,35.33000183105469,27.409788131713867,412100
2022-01-25,35.06999969482422,36.45000076293945,35.06999969482422,36.369998931884766,28.21664047241211,486400
2022-01-26,36.36000061035156,36.59000015258789,35.150001525878906,35.40999984741211,27.471853256225586,426100
2022-01-27,35.439998626708984,36.04999923706055,34.849998474121094,35.060001373291016,27.20032501220703,263200
2022-01-28,35.06999969482422,35.5099983215332,34.20000076293945,35.470001220703125,27.518400192260742,322700
2022-01-31,35.43000030517578,36.16999816894531,35.209999084472656,36.06999969482422,27.98390007019043,609500
2022-02-01,35.86000061035156,36.189998626708984,35.290000915527344,35.36000061035156,27.43307113647461,320400
2022-02-02,35.369998931884766,35.630001068115234,35.18000030517578,35.439998626708984,27.4951229095459,320400
2022-02-03,35.15999984741211,35.470001220703125,34.040000915527344,34.16999816894531,26.50983238220215,568800
2022-02-04,34.18000030517578,34.31999969482422,33.04999923706055,33.47999954223633,25.974519729614258,495200
2022-02-07,33.5,33.84000015258789,33.45000076293945,33.599998474121094,26.067617416381836,262100
2022-02-08,33.599998474121094,33.83000183105469,33.349998474121094,33.459999084472656,25.959007263183594,327900
2022-02-09,33.779998779296875,34.0099983215332,33.599998474121094,33.939998626708984,26.331396102905273,365800
2022-02-10,33.849998474121094,34.43000030517578,33.349998474121094,33.439998626708984,25.943485260009766,377900
2022-02-11,33.619998931884766,34.099998474121094,33.54999923706055,34.0,26.377948760986328,294500
2022-02-14,34.029998779296875,34.36000061035156,33.290000915527344,33.38999938964844,25.90468978881836,290800
2022-02-15,33.61000061035156,33.970001220703125,33.36000061035156,33.959999084472656,26.34691047668457,185500
2022-02-16,34.15999984741211,34.540000915527344,34.040000915527344,34.47999954223633,26.750341415405273,229700
2022-02-17,34.02000045776367,34.2400016784668,33.79999923706055,34.04999923706055,26.563106536865234,214400
2022-02-18,33.25,34.380001068115234,33.04999923706055,33.91999816894531,26.461700439453125,467100
2022-02-22,33.88999938964844,34.529998779296875,33.52000045776367,34.209999084472656,26.687929153442383,399000
2022-02-23,34.29999923706055,34.619998931884766,33.0099983215332,33.06999969482422,25.79859161376953,279900
2022-02-24,32.619998931884766,33.33000183105469,32.25,33.220001220703125,25.91561508178711,248600
2022-02-25,33.5099983215332,34.04999923706055,33.279998779296875,33.95000076293945,26.485095977783203,239400
2022-02-28,33.630001068115234,33.970001220703125,33.349998474121094,33.83000183105469,26.3914794921875,304000
2022-03-01,33.970001220703125,34.04999923706055,32.849998474121094,33.279998779296875,25.962417602539062,358400
2022-03-02,33.45000076293945,34.40999984741211,33.2400016784668,34.2599983215332,26.7269344329834,185200
2022-03-03,34.45000076293945,34.61000061035156,34.04999923706055,34.59000015258789,26.984378814697266,226500
2022-03-04,34.11000061035156,35.0099983215332,34.09000015258789,34.91999816894531,27.2418155670166,249600
2022-03-07,34.5,35.150001525878906,34.439998626708984,34.84000015258789,27.179410934448242,217000
2022-03-08,34.970001220703125,35.68000030517578,34.68000030517578,35.36000061035156,27.58507537841797,218800
2022-03-09,35.689998626708984,35.79999923706055,35.150001525878906,35.40999984741211,27.62407684326172,273400
2022-03-10,35.119998931884766,35.65999984741211,34.720001220703125,35.59000015258789,27.764501571655273,168300
2022-03-11,35.84000015258789,35.93000030517578,35.45000076293945,35.79999923706055,27.928327560424805,228000
2022-03-14,36.29999923706055,37.029998779296875,35.970001220703125,36.439998626708984,28.427600860595703,424000
2022-03-15,36.52000045776367,36.849998474121094,35.77000045776367,35.81999969482422,27.943920135498047,249400
2022-03-16,36.13999938964844,36.279998779296875,35.18000030517578,36.040000915527344,28.115549087524414,305000
2022-03-17,35.939998626708984,36.93000030517578,35.939998626708984,36.77000045776367,28.68503761291504,332300
2022-03-18,36.869998931884766,36.9900016784668,36.22999954223633,36.599998474121094,28.552427291870117,497700
2022-03-21,36.84000015258789,37.18000030517578,36.540000915527344,36.86000061035156,28.755247116088867,478300
2022-03-22,36.79999923706055,37.209999084472656,36.5099983215332,36.88999938964844,28.927764892578125,214000
2022-03-23,36.86000061035156,37.25,36.650001525878906,36.939998626708984,28.966970443725586,177200
2022-03-24,37.02000045776367,37.189998626708984,36.72999954223633,37.099998474121094,29.092443466186523,156100
2022-03-25,37.11000061035156,37.560001373291016,37.099998474121094,37.33000183105469,29.272796630859375,194700
2022-03-28,37.31999969482422,37.709999084472656,37.08000183105469,37.709999084472656,29.570777893066406,172300
2022-03-29,37.880001068115234,38.779998779296875,37.70000076293945,38.65999984741211,30.31572914123535,381000
2022-03-30,38.47999954223633,38.58000183105469,38.150001525878906,38.40999984741211,30.119691848754883,177700
2022-03-31,38.58000183105469,38.869998931884766,38.36000061035156,38.470001220703125,30.16675567626953,272400
2022-04-01,38.65999984741211,39.560001373291016,38.41999816894531,39.22999954223633,30.76271629333496,377200
2022-04-04,38.91999816894531,39.0,37.540000915527344,38.15999984741211,29.923648834228516,424400
2022-04-05,38.2400016784668,38.54999923706055,36.58000183105469,36.86000061035156,28.90423583984375,350800
2022-04-06,36.70000076293945,37.52000045776367,36.400001525878906,37.220001220703125,29.186548233032227,195700
2022-04-07,37.02000045776367,37.439998626708984,36.709999084472656,37.22999954223633,29.19438934326172,330600
2022-04-08,37.40999984741211,37.470001220703125,36.970001220703125,37.130001068115234,29.115970611572266,206000
2022-04-11,37.20000076293945,37.70000076293945,36.91999816894531,37.189998626708984,29.16301727294922,237500
2022-04-12,36.83000183105469,37.209999084472656,36.2599983215332,36.7400016784668,28.810142517089844,394100
2022-04-13,36.849998474121094,37.22999954223633,36.5099983215332,36.599998474121094,28.700363159179688,155200
2022-04-14,36.79999923706055,37.16999816894531,36.630001068115234,36.779998779296875,28.841508865356445,154500
2022-04-18,36.599998474121094,36.95000076293945,35.75,35.86000061035156,28.120086669921875,297800
2022-04-19,36.20000076293945,36.36000061035156,35.959999084472656,36.15999984741211,28.355321884155273,239200
2022-04-20,36.20000076293945,37.0,35.95000076293945,36.59000015258789,28.844079971313477,200200
2022-04-21,36.880001068115234,36.880001068115234,36.400001525878906,36.560001373291016,28.82042121887207,165300
2022-04-22,36.560001373291016,36.619998931884766,35.77000045776367,36.150001525878906,28.497230529785156,240700
2022-04-25,36.09000015258789,36.349998474121094,35.310001373291016,35.70000076293945,28.142498016357422,224000
2022-04-26,35.369998931884766,35.369998931884766,34.279998779296875,34.34000015258789,27.070396423339844,330000
2022-04-27,34.279998779296875,34.5099983215332,33.310001373291016,33.40999984741211,26.337265014648438,427000
2022-04-28,33.849998474121094,33.849998474121094,33.099998474121094,33.77000045776367,26.621055603027344,411900
2022-04-29,34.08000183105469,34.279998779296875,32.97999954223633,33.0,26.014060974121094,440000
2022-05-02,33.33000183105469,33.79999923706055,32.22999954223633,32.650001525878906,25.7381591796875,380600
2022-05-03,32.779998779296875,34.400001525878906,32.72999954223633,34.29999923706055,27.038860321044922,287900
2022-05-04,34.29999923706055,34.95000076293945,34.06999969482422,34.83000183105469,27.456666946411133,244000
2022-05-05,34.709999084472656,35.11000061035156,34.459999084472656,35.099998474121094,27.669506072998047,229800
2022-05-06,35.099998474121094,35.5,34.709999084472656,35.15999984741211,27.7168025970459,256700
2022-05-09,34.880001068115234,35.709999084472656,34.529998779296875,35.22999954223633,27.771984100341797,284800
2022-05-10,35.5099983215332,35.79999923706055,33.939998626708984,34.459999084472656,27.164979934692383,428600
2022-05-11,34.63999938964844,35.25,34.13999938964844,34.54999923706055,27.235937118530273,193000
2022-05-12,34.61000061035156,35.54999923706055,34.43000030517578,35.5099983215332,27.992704391479492,306300
2022-05-13,35.58000183105469,35.939998626708984,34.91999816894531,35.83000183105469,28.244966506958008,304900
2022-05-16,35.83000183105469,36.810001373291016,35.70000076293945,36.65999984741211,28.89925765991211,316400
2022-05-17,36.79999923706055,37.75,36.4900016784668,37.689998626708984,29.711214065551758,306500
2022-05-18,37.630001068115234,38.45000076293945,37.5,37.88999938964844,29.868867874145508,661300
2022-05-19,37.56999969482422,38.31999969482422,37.13999938964844,37.349998474121094,29.44318389892578,371400
2022-05-20,37.41999816894531,37.79999923706055,36.70000076293945,37.279998779296875,29.538267135620117,505900
2022-05-23,37.279998779296875,37.70000076293945,36.91999816894531,37.08000183105469,29.379810333251953,245500
2022-05-24,37.20000076293945,38.189998626708984,36.70000076293945,37.97999954223633,30.092906951904297,620600
2022-05-25,38.099998474121094,38.599998474121094,37.970001220703125,38.47999954223633,30.48906898498535,273200
2022-05-26,38.59000015258789,38.709999084472656,38.189998626708984,38.47999954223633,30.48906898498535,338100
2022-05-27,38.70000076293945,38.83000183105469,38.38999938964844,38.689998626708984,30.655467987060547,184800
2022-05-31,38.61000061035156,38.790000915527344,38.119998931884766,38.7400016784668,30.69508934020996,398500
2022-06-01,38.720001220703125,38.970001220703125,37.720001220703125,38.7400016784668,30.69508934020996,384400
2022-06-02,38.84000015258789,38.84000015258789,38.0099983215332,38.47999954223633,30.48906898498535,191400
2022-06-03,38.25,38.56999969482422,37.97999954223633,38.130001068115234,30.21175765991211,126000
2022-06-06,38.540000915527344,38.540000915527344,37.86000061035156,38.11000061035156,30.195911407470703,128000
2022-06-07,38.04999923706055,39.27000045776367,37.939998626708984,39.25,31.099172592163086,297200
2022-06-08,38.93000030517578,39.349998474121094,38.59000015258789,38.97999954223633,30.88523292541504,318200
2022-06-09,39.04999923706055,39.189998626708984,38.650001525878906,38.79999923706055,30.74260902404785,189700
2022-06-10,38.65999984741211,38.83000183105469,38.16999816894531,38.58000183105469,30.568307876586914,180000
2022-06-13,37.91999816894531,38.2400016784668,36.540000915527344,36.689998626708984,29.07078742980957,281600
2022-06-14,36.560001373291016,36.68000030517578,35.36000061035156,35.70000076293945,28.2863826751709,291300
2022-06-15,35.88999938964844,37.65999984741211,35.88999938964844,37.220001220703125,29.490732192993164,241600
2022-06-16,36.470001220703125,37.20000076293945,36.08000183105469,36.939998626708984,29.268861770629883,293700
2022-06-17,36.939998626708984,37.400001525878906,36.72999954223633,37.18000030517578,29.45903968811035,435900
2022-06-21,37.720001220703125,38.650001525878906,37.45000076293945,37.790000915527344,30.096168518066406,280700
2022-06-22,37.52000045776367,38.86000061035156,37.220001220703125,38.189998626708984,30.414718627929688,272300
2022-06-23,38.15999984741211,38.90999984741211,37.83000183105469,38.70000076293945,30.820894241333008,221600
2022-06-24,38.720001220703125,39.04999923706055,38.68000030517578,38.90999984741211,30.988134384155273,504900
2022-06-27,38.91999816894531,39.279998779296875,38.619998931884766,38.7599983215332,30.868671417236328,222300
2022-06-28,39.04999923706055,39.29999923706055,38.65999984741211,38.689998626708984,30.81293296813965,163900
2022-06-29,38.61000061035156,38.91999816894531,38.439998626708984,38.77000045776367,30.876644134521484,215700
2022-06-30,38.5,38.75,38.13999938964844,38.38999938964844,30.57401466369629,289700
2022-07-01,38.279998779296875,38.970001220703125,38.15999984741211,38.81999969482422,30.916446685791016,247400
2022-07-05,39.029998779296875,39.029998779296875,37.720001220703125,38.47999954223633,30.645679473876953,276000
2022-07-06,38.47999954223633,38.7400016784668,37.959999084472656,38.29999923706055,30.5023250579834,285100
2022-07-07,38.47999954223633,38.630001068115234,38.189998626708984,38.2599983215332,30.470462799072266,167000
2022-07-08,38.47999954223633,38.599998474121094,38.150001525878906,38.36000061035156,30.550113677978516,180600
2022-07-11,38.540000915527344,38.810001373291016,38.31999969482422,38.70000076293945,30.820894241333008,231400
2022-07-12,38.79999923706055,39.439998626708984,38.65999984741211,39.290000915527344,31.290767669677734,257200
2022-07-13,39.099998474121094,39.29999923706055,38.650001525878906,39.040000915527344,31.091665267944336,135100
2022-07-14,38.599998474121094,39.630001068115234,38.56999969482422,39.540000915527344,31.489864349365234,211500
2022-07-15,40.0,40.16999816894531,39.59000015258789,39.86000061035156,31.744722366333008,237100
2022-07-18,39.91999816894531,40.2400016784668,39.459999084472656,39.52000045776367,31.47393798828125,188300
2022-07-19,39.75,40.0,39.470001220703125,39.7400016784668,31.649147033691406,190800
2022-07-20,39.52000045776367,39.66999816894531,39.11000061035156,39.13999938964844,31.321060180664062,186300
2022-07-21,38.959999084472656,39.029998779296875,37.959999084472656,39.02000045776367,31.22502899169922,248100
2022-07-22,39.310001373291016,39.52000045776367,39.04999923706055,39.459999084472656,31.57712745666504,141200
2022-07-25,39.61000061035156,40.13999938964844,39.5,39.779998779296875,31.833209991455078,221100
2022-07-26,39.939998626708984,40.25,39.72999954223633,39.970001220703125,31.98525619506836,192400
2022-07-27,39.91999816894531,40.41999816894531,39.91999816894531,40.220001220703125,32.1853141784668,177700
2022-07-28,40.5,40.97999954223633,40.25,40.97999954223633,32.79348373413086,234000
2022-07-29,41.560001373291016,42.689998626708984,41.099998474121094,41.900001525878906,33.52967834472656,529300
2022-08-01,42.5,43.380001068115234,42.279998779296875,43.209999084472656,34.577980041503906,456100
2022-08-02,43.31999969482422,43.650001525878906,42.709999084472656,42.72999954223633,34.193878173828125,275000
2022-08-03,43.040000915527344,43.150001525878906,42.11000061035156,42.119998931884766,33.70574951171875,330400
2022-08-04,42.209999084472656,42.41999816894531,41.689998626708984,41.77000045776367,33.4256706237793,264500
2022-08-05,41.61000061035156,41.90999984741211,41.18000030517578,41.810001373291016,33.45767593383789,205500
2022-08-08,41.810001373291016,42.93000030517578,41.810001373291016,42.7400016784668,34.2018928527832,282500
2022-08-09,42.779998779296875,43.45000076293945,42.58000183105469,43.45000076293945,34.77006530761719,276200
2022-08-10,43.83000183105469,43.83000183105469,42.93000030517578,43.310001373291016,34.65802001953125,241300
2022-08-11,43.4900016784668,43.63999938964844,43.06999969482422,43.47999954223633,34.7940559387207,169300
2022-08-12,43.650001525878906,44.52000045776367,43.470001220703125,44.40999984741211,35.53828430175781,305100
2022-08-15,44.40999984741211,44.56999969482422,43.91999816894531,44.56999969482422,35.66632080078125,209300
2022-08-16,44.400001525878906,44.619998931884766,44.18000030517578,44.29999923706055,35.45024871826172,238400
2022-08-17,44.0,44.880001068115234,43.7599983215332,44.75,35.81035614013672,233800
2022-08-18,44.7599983215332,45.349998474121094,44.20000076293945,44.290000915527344,35.442256927490234,238100
2022-08-19,44.279998779296875,45.060001373291016,44.22999954223633,44.95000076293945,35.970401763916016,218900
2022-08-22,44.599998474121094,44.84000015258789,44.20000076293945,44.7599983215332,35.970394134521484,271000
2022-08-23,44.720001220703125,44.7400016784668,43.63999938964844,44.13999938964844,35.47215270996094,245600
2022-08-24,44.2599983215332,44.63999938964844,44.09000015258789,44.36000061035156,35.648948669433594,131600
2022-08-25,44.25,45.119998931884766,44.22999954223633,44.97999954223633,36.14719772338867,128600
2022-08-26,45.0,45.4900016784668,44.31999969482422,44.77000045776367,35.97844696044922,303600
2022-08-29,44.58000183105469,45.04999923706055,44.20000076293945,44.75,35.96236801147461,194600
2022-08-30,45.0,45.31999969482422,44.7599983215332,45.13999938964844,36.27577209472656,301600
2022-08-31,45.18000030517578,45.31999969482422,44.59000015258789,44.88999938964844,36.07487106323242,328100
2022-09-01,44.959999084472656,45.290000915527344,43.970001220703125,44.34000015258789,35.63287353515625,306200
2022-09-02,44.70000076293945,44.93000030517578,43.65999984741211,43.77000045776367,35.17481231689453,205200
2022-09-06,43.9900016784668,44.08000183105469,43.33000183105469,43.70000076293945,35.118568420410156,199700
2022-09-07,43.70000076293945,44.4900016784668,43.70000076293945,44.369998931884766,35.656978607177734,183900
2022-09-08,44.04999923706055,44.47999954223633,43.91999816894531,43.95000076293945,35.319461822509766,134600
2022-09-09,44.040000915527344,44.560001373291016,43.869998931884766,44.29999923706055,35.600730895996094,148300
2022-09-12,44.599998474121094,45.08000183105469,44.36000061035156,44.86000061035156,36.050758361816406,160300
2022-09-13,44.58000183105469,44.790000915527344,44.13999938964844,44.380001068115234,35.66502380371094,198400
2022-09-14,44.349998474121094,44.43000030517578,42.650001525878906,43.099998474121094,34.63637161254883,320000
2022-09-15,43.02000045776367,43.5099983215332,42.38999938964844,42.4900016784668,34.14615249633789,191100
2022-09-16,42.349998474121094,42.560001373291016,41.439998626708984,42.15999984741211,33.88096618652344,706500
2022-09-19,41.720001220703125,42.189998626708984,41.45000076293945,42.15999984741211,33.88096618652344,222800
2022-09-20,41.709999084472656,41.7400016784668,40.849998474121094,41.16999816894531,33.085384368896484,410400
2022-09-21,41.22999954223633,41.5099983215332,40.08000183105469,40.119998931884766,32.39105224609375,420100
2022-09-22,40.150001525878906,40.150001525878906,38.970001220703125,39.52000045776367,31.906633377075195,268900
2022-09-23,39.040000915527344,39.36000061035156,38.16999816894531,38.5099983215332,31.091209411621094,248500
2022-09-26,38.380001068115234,38.380001068115234,36.15999984741211,36.77000045776367,29.686412811279297,356500
2022-09-27,36.86000061035156,37.099998474121094,36.13999938964844,36.29999923706055,29.306962966918945,248600
2022-09-28,36.130001068115234,37.41999816894531,36.130001068115234,37.18000030517578,30.017431259155273,241000
2022-09-29,36.880001068115234,36.970001220703125,35.52000045776367,36.5,29.468427658081055,300500
2022-09-30,36.630001068115234,37.650001525878906,36.630001068115234,37.45000076293945,30.23541831970215,387000
2022-10-03,37.5,37.939998626708984,36.939998626708984,37.380001068115234,30.17889976501465,299500
2022-10-04,37.79999923706055,38.56999969482422,37.66999816894531,37.97999954223633,30.66331672668457,248300
2022-10-05,37.630001068115234,37.84000015258789,36.75,37.58000183105469,30.340373992919922,232700
2022-10-06,37.22999954223633,37.349998474121094,36.310001373291016,36.459999084472656,29.43613624572754,161400
2022-10-07,36.459999084472656,36.90999984741211,35.90999984741211,36.2400016784668,29.258508682250977,211400
2022-10-10,36.4900016784668,36.79999923706055,36.25,36.29999923706055,29.306962966918945,195000
2022-10-11,36.18000030517578,36.439998626708984,35.68000030517578,36.279998779296875,29.290815353393555,258200
2022-10-12,36.099998474121094,36.83000183105469,35.869998931884766,36.63999938964844,29.581453323364258,252800
2022-10-13,36.22999954223633,37.20000076293945,35.86000061035156,37.06999969482422,29.92862319946289,198200
2022-10-14,37.4900016784668,37.58000183105469,36.540000915527344,36.7400016784668,29.662189483642578,166700
2022-10-17,37.209999084472656,38.18000030517578,37.15999984741211,37.7599983215332,30.485694885253906,170100
2022-10-18,38.11000061035156,38.59000015258789,37.81999969482422,38.099998474121094,30.760189056396484,165000
2022-10-19,37.88999938964844,38.349998474121094,37.7400016784668,38.06999969482422,30.73597526550293,152300
2022-10-20,38.0,38.189998626708984,37.66999816894531,37.810001373291016,30.679174423217773,128100
2022-10-21,37.75,38.45000076293945,37.2400016784668,38.060001373291016,30.88203239440918,238400
2022-10-24,38.349998474121094,38.650001525878906,37.900001525878906,38.209999084472656,31.003746032714844,156200
2022-10-25,38.209999084472656,39.38999938964844,38.209999084472656,38.7599983215332,31.450008392333984,182800
2022-10-26,39.08000183105469,39.45000076293945,38.65999984741211,39.189998626708984,31.798921585083008,147300
2022-10-27,39.59000015258789,40.0,39.119998931884766,39.31999969482422,31.904401779174805,157000
2022-10-28,38.88999938964844,39.2599983215332,37.790000915527344,39.18000030517578,31.79079246520996,320700
2022-10-31,39.0,39.369998931884766,38.47999954223633,38.66999816894531,31.37698745727539,315700
2022-11-01,38.849998474121094,39.150001525878906,38.02000045776367,38.22999954223633,31.019973754882812,300100
2022-11-02,38.20000076293945,38.91999816894531,38.06999969482422,38.27000045776367,31.05242347717285,277300
2022-11-03,38.08000183105469,38.4900016784668,37.119998931884766,38.099998474121094,30.914472579956055,193900
2022-11-04,38.279998779296875,39.560001373291016,38.2599983215332,38.93000030517578,31.587949752807617,258400
2022-11-07,39.029998779296875,39.310001373291016,38.189998626708984,38.88999938964844,31.555496215820312,239800
2022-11-08,38.560001373291016,38.7400016784668,37.900001525878906,38.310001373291016,31.08487892150879,238700
2022-11-09,38.33000183105469,39.0099983215332,38.2400016784668,38.369998931884766,31.133562088012695,201100
2022-11-10,39.2400016784668,39.709999084472656,38.790000915527344,39.63999938964844,32.164039611816406,427400
2022-11-11,39.599998474121094,40.52000045776367,39.2400016784668,40.38999938964844,32.77260208129883,329900
2022-11-14,40.16999816894531,40.16999816894531,39.279998779296875,39.720001220703125,32.22895050048828,253400
2022-11-15,39.7599983215332,40.0,39.220001220703125,39.560001373291016,32.09912109375,197400
2022-11-16,39.40999984741211,39.66999816894531,38.38999938964844,38.439998626708984,31.190359115600586,217600
2022-11-17,38.380001068115234,38.439998626708984,38.0099983215332,38.40999984741211,31.166019439697266,156600
2022-11-18,38.90999984741211,39.22999954223633,38.59000015258789,38.95000076293945,31.604175567626953,296000
2022-11-21,38.75,39.31999969482422,38.599998474121094,39.18000030517578,31.94663429260254,218600
2022-11-22,39.18000030517578,39.349998474121094,38.83000183105469,39.04999923706055,31.84065055847168,153100
2022-11-23,38.900001525878906,39.13999938964844,38.45000076293945,38.880001068115234,31.7020206451416,180700
2022-11-25,38.9900016784668,39.029998779296875,38.61000061035156,38.650001525878906,31.51447868347168,172700
2022-11-28,38.72999954223633,39.34000015258789,38.0,38.040000915527344,31.01708984375,250700
2022-11-29,38.119998931884766,39.18000030517578,38.04999923706055,39.029998779296875,31.824321746826172,350100
2022-11-30,38.790000915527344,39.45000076293945,38.06999969482422,39.290000915527344,32.03632354736328,508600
2022-12-01,39.58000183105469,39.79999923706055,38.790000915527344,39.040000915527344,31.832477569580078,185100
2022-12-02,38.86000061035156,40.029998779296875,38.79999923706055,39.7400016784668,32.40325164794922,342500
2022-12-05,39.33000183105469,39.33000183105469,38.470001220703125,38.560001373291016,31.441089630126953,203000
2022-12-06,38.56999969482422,38.79999923706055,38.470001220703125,38.720001220703125,31.571565628051758,153400
2022-12-07,38.720001220703125,39.65999984741211,38.68000030517578,39.15999984741211,31.93033790588379,419900
2022-12-08,39.16999816894531,39.56999969482422,38.7599983215332,38.93000030517578,31.742794036865234,202200
2022-12-09,38.84000015258789,38.970001220703125,38.47999954223633,38.599998474121094,31.473718643188477,153300
2022-12-12,38.68000030517578,38.810001373291016,38.04999923706055,38.709999084472656,31.563411712646484,259800
2022-12-13,39.5,39.939998626708984,38.689998626708984,38.720001220703125,31.571565628051758,358500
2022-12-14,38.25,38.900001525878906,38.04999923706055,38.189998626708984,31.139408111572266,321600
2022-12-15,38.18000030517578,38.41999816894531,37.75,38.349998474121094,31.26987648010254,323000
2022-12-16,37.380001068115234,37.61000061035156,36.58000183105469,37.060001373291016,30.218027114868164,1555300
2022-12-19,37.15999984741211,37.630001068115234,36.900001525878906,36.959999084472656,30.136478424072266,262200
2022-12-20,36.88999938964844,37.2599983215332,36.599998474121094,37.25,30.372947692871094,297600
2022-12-21,37.13999938964844,37.560001373291016,36.56999969482422,36.59000015258789,29.98775291442871,331200
2022-12-22,36.29999923706055,36.470001220703125,35.38999938964844,36.0,29.504220962524414,219600
2022-12-23,36.02000045776367,36.18000030517578,35.810001373291016,36.0,29.504220962524414,202400
2022-12-27,36.0099983215332,36.25,35.77000045776367,36.04999923706055,29.545196533203125,205700
2022-12-28,36.040000915527344,36.25,35.09000015258789,35.11000061035156,28.774812698364258,185900
2022-12-29,35.27000045776367,36.0,35.16999816894531,35.7599983215332,29.30751609802246,192600
2022-12-30,35.56999969482422,35.90999984741211,35.22999954223633,35.529998779296875,29.119020462036133,247200
2023-01-03,35.79999923706055,36.279998779296875,35.279998779296875,35.7400016784668,29.2911434173584,303000
2023-01-04,35.970001220703125,36.689998626708984,35.900001525878906,36.150001525878906,29.627153396606445,229600
2023-01-05,36.27000045776367,36.400001525878906,35.130001068115234,35.25,28.88954734802246,538600
2023-01-06,35.560001373291016,36.029998779296875,35.5,36.0,29.504220962524414,208000
2023-01-09,36.02000045776367,36.349998474121094,35.810001373291016,35.83000183105469,29.364892959594727,231200
2023-01-10,35.77000045776367,35.959999084472656,35.4900016784668,35.7599983215332,29.30751609802246,238300
2023-01-11,36.099998474121094,36.93000030517578,35.95000076293945,36.900001525878906,30.241823196411133,155600
2023-01-12,37.150001525878906,37.709999084472656,37.029998779296875,37.470001220703125,30.708969116210938,212400
2023-01-13,37.349998474121094,37.63999938964844,37.22999954223633,37.22999954223633,30.512271881103516,184900
2023-01-17,37.33000183105469,37.93000030517578,37.33000183105469,37.66999816894531,30.87288475036621,188200
2023-01-18,38.0,38.2599983215332,37.31999969482422,37.54999923706055,30.774539947509766,180000
2023-01-19,37.5,37.95000076293945,37.2599983215332,37.790000915527344,30.971229553222656,428500
2023-01-20,37.75,37.88999938964844,36.5099983215332,37.11000061035156,30.56761932373047,684700
2023-01-23,37.09000015258789,37.689998626708984,36.7400016784668,36.7400016784668,30.26283836364746,626800
2023-01-24,37.130001068115234,37.189998626708984,36.5,36.709999084472656,30.23813247680664,204300
2023-01-25,36.72999954223633,36.91999816894531,36.34000015258789,36.4900016784668,30.056917190551758,480200
2023-01-26,36.84000015258789,37.33000183105469,36.45000076293945,37.29999923706055,30.724119186401367,456100
2023-01-27,37.63999938964844,38.2400016784668,37.47999954223633,38.040000915527344,31.333662033081055,237300
2023-01-30,37.939998626708984,38.15999984741211,37.77000045776367,37.779998779296875,31.11949348449707,169300
2023-01-31,37.790000915527344,38.15999984741211,37.66999816894531,38.150001525878906,31.424272537231445,691200
2023-02-01,38.060001373291016,38.529998779296875,37.54999923706055,38.33000183105469,31.572532653808594,302800
2023-02-02,38.5,38.939998626708984,38.369998931884766,38.65999984741211,31.844350814819336,481100
2023-02-03,38.459999084472656,38.470001220703125,37.790000915527344,38.310001373291016,31.556055068969727,356300
2023-02-06,38.15999984741211,38.20000076293945,37.060001373291016,37.40999984741211,30.81472396850586,274300
2023-02-07,37.16999816894531,37.38999938964844,36.86000061035156,36.90999984741211,30.402877807617188,412200
2023-02-08,36.900001525878906,37.310001373291016,36.66999816894531,37.15999984741211,30.608800888061523,364400
2023-02-09,37.29999923706055,37.43000030517578,36.56999969482422,36.599998474121094,30.147523880004883,222800
2023-02-10,36.689998626708984,37.38999938964844,36.56999969482422,37.29999923706055,30.724119186401367,197500
2023-02-13,37.29999923706055,37.58000183105469,37.279998779296875,37.5099983215332,30.89708709716797,147000
2023-02-14,37.34000015258789,37.5,37.0099983215332,37.22999954223633,30.666454315185547,200400
2023-02-15,37.060001373291016,37.189998626708984,36.83000183105469,36.869998931884766,30.36992835998535,280500
2023-02-16,36.5,37.810001373291016,36.5,37.65999984741211,31.181333541870117,354300
2023-02-17,37.88999938964844,38.099998474121094,37.45000076293945,38.0,31.462848663330078,311600
2023-02-21,37.7599983215332,37.810001373291016,37.36000061035156,37.7400016784668,31.247570037841797,325600
2023-02-22,37.75,37.849998474121094,36.560001373291016,36.70000076293945,30.386486053466797,425300
2023-02-23,36.869998931884766,37.290000915527344,36.61000061035156,37.0099983215332,30.643146514892578,278800
2023-02-24,36.65999984741211,36.900001525878906,36.36000061035156,36.869998931884766,30.527240753173828,247900
2023-02-27,37.119998931884766,37.40999984741211,36.33000183105469,36.47999954223633,30.204336166381836,301000
2023-02-28,36.58000183105469,36.65999984741211,35.790000915527344,35.81999969482422,29.657867431640625,370800
2023-03-01,35.63999938964844,35.779998779296875,34.630001068115234,35.040000915527344,29.01205825805664,286000
2023-03-02,34.970001220703125,35.34000015258789,34.88999938964844,35.16999816894531,29.119691848754883,271600
2023-03-03,35.29999923706055,35.650001525878906,35.150001525878906,35.400001525878906,29.31012535095215,213700
2023-03-06,35.47999954223633,35.54999923706055,34.81999969482422,34.95000076293945,28.937536239624023,379600
2023-03-07,35.0099983215332,35.099998474121094,34.599998474121094,34.810001373291016,28.82162857055664,209300
2023-03-08,34.779998779296875,35.38999938964844,34.7400016784668,35.099998474121094,29.061731338500977,174400
2023-03-09,35.20000076293945,35.20000076293945,34.61000061035156,34.68000030517578,28.7139892578125,177500
2023-03-10,34.58000183105469,34.810001373291016,33.5,33.779998779296875,27.96881675720215,305600
2023-03-13,33.599998474121094,34.650001525878906,33.529998779296875,33.93000030517578,28.093006134033203,243600
2023-03-14,34.5099983215332,34.83000183105469,34.04999923706055,34.29999923706055,28.39936065673828,305600
2023-03-15,33.810001373291016,34.349998474121094,33.439998626708984,34.310001373291016,28.407634735107422,296800
2023-03-16,33.959999084472656,34.29999923706055,33.58000183105469,34.15999984741211,28.283449172973633,243300
2023-03-17,34.099998474121094,34.099998474121094,33.06999969482422,33.20000076293945,27.48859405517578,633000
2023-03-20,33.560001373291016,34.040000915527344,33.47999954223633,33.7400016784668,27.935697555541992,256300
2023-03-21,34.029998779296875,34.220001220703125,33.38999938964844,33.59000015258789,27.811498641967773,261600
2023-03-22,33.369998931884766,33.43000030517578,32.310001373291016,32.349998474121094,26.937183380126953,326100
2023-03-23,32.31999969482422,32.90999984741211,31.950000762939453,32.08000183105469,26.71236228942871,331300
2023-03-24,32.029998779296875,33.13999938964844,31.899999618530273,33.119998931884766,27.578351974487305,202500
2023-03-27,33.40999984741211,33.869998931884766,33.16999816894531,33.61000061035156,27.98636245727539,192700
2023-03-28,33.5099983215332,33.79999923706055,33.369998931884766,33.58000183105469,27.96138572692871,164700
2023-03-29,33.70000076293945,34.349998474121094,33.560001373291016,34.349998474121094,28.602540969848633,261700
2023-03-30,34.529998779296875,34.68000030517578,34.380001068115234,34.68000030517578,28.877330780029297,208400
2023-03-31,34.810001373291016,35.15999984741211,34.5,35.130001068115234,29.252031326293945,354200
2023-04-03,34.900001525878906,35.119998931884766,33.630001068115234,33.939998626708984,28.261144638061523,478100
2023-04-04,34.11000061035156,34.189998626708984,32.83000183105469,33.150001525878906,27.60333251953125,338600
2023-04-05,33.11000061035156,33.97999954223633,33.029998779296875,33.75,28.102935791015625,272300
2023-04-06,33.90999984741211,34.099998474121094,33.599998474121094,34.02000045776367,28.3277587890625,112400
2023-04-10,33.97999954223633,34.380001068115234,33.869998931884766,34.31999969482422,28.577558517456055,194100
2023-04-11,34.470001220703125,35.38999938964844,34.33000183105469,34.90999984741211,29.06884765625,324400
2023-04-12,35.06999969482422,35.31999969482422,34.720001220703125,34.7599983215332,28.94394302368164,241000
2023-04-13,34.90999984741211,35.0,34.290000915527344,34.72999954223633,28.918968200683594,173000
2023-04-14,34.81999969482422,35.06999969482422,34.29999923706055,34.47999954223633,28.71080207824707,158700
2023-04-17,34.5,35.040000915527344,34.5,34.86000061035156,29.027206420898438,214800
2023-04-18,34.72999954223633,34.91999816894531,34.20000076293945,34.54999923706055,28.769075393676758,189400
2023-04-19,34.130001068115234,34.369998931884766,33.90999984741211,34.290000915527344,28.710477828979492,171900
2023-04-20,34.22999954223633,34.380001068115234,34.02000045776367,34.20000076293945,28.6351261138916,166000
2023-04-21,34.279998779296875,34.54999923706055,33.7400016784668,34.310001373291016,28.727216720581055,142400
2023-04-24,34.349998474121094,34.43000030517578,33.810001373291016,34.189998626708984,28.626731872558594,149100
2023-04-25,34.06999969482422,34.310001373291016,33.77000045776367,33.83000183105469,28.3253173828125,124700
2023-04-26,33.65999984741211,34.04999923706055,33.29999923706055,33.560001373291016,28.099258422851562,188700
2023-04-27,33.5,34.439998626708984,33.5,34.31999969482422,28.7355899810791,156200
2023-04-28,33.939998626708984,34.34000015258789,33.22999954223633,33.45000076293945,28.007144927978516,453400
2023-05-01,33.619998931884766,34.2400016784668,33.36000061035156,33.40999984741211,27.97365951538086,313000
2023-05-02,33.310001373291016,33.38999938964844,32.2599983215332,32.29999923706055,27.044273376464844,286600
2023-05-03,32.36000061035156,33.52000045776367,32.36000061035156,33.22999954223633,27.822954177856445,303800
2023-05-04,33.060001373291016,33.81999969482422,32.720001220703125,33.290000915527344,27.873184204101562,302800
2023-05-05,33.66999816894531,33.790000915527344,33.16999816894531,33.47999954223633,28.032272338867188,181900
2023-05-08,33.47999954223633,33.869998931884766,33.2400016784668,33.56999969482422,28.107620239257812,153000
2023-05-09,33.459999084472656,33.4900016784668,33.0099983215332,33.36000061035156,27.931798934936523,149100
2023-05-10,33.52000045776367,33.90999984741211,33.20000076293945,33.75,28.258338928222656,161300
2023-05-11,33.400001525878906,33.880001068115234,33.20000076293945,33.86000061035156,28.350440979003906,140700
2023-05-12,33.84000015258789,33.88999938964844,33.5,33.65999984741211,28.182987213134766,125100
2023-05-15,33.79999923706055,33.90999984741211,33.540000915527344,33.560001373291016,28.099258422851562,173900
2023-05-16,33.560001373291016,33.560001373291016,32.790000915527344,32.790000915527344,27.454545974731445,109500
2023-05-17,32.86000061035156,33.20000076293945,32.63999938964844,33.06999969482422,27.688983917236328,139700
2023-05-18,32.93000030517578,33.18000030517578,32.529998779296875,32.63999938964844,27.32895278930664,213900
2023-05-19,32.970001220703125,33.09000015258789,32.25,32.5,27.211732864379883,270100
2023-05-22,32.36000061035156,32.47999954223633,31.979999542236328,32.04999923706055,26.992753982543945,164700
2023-05-23,32.099998474121094,33.0,32.060001373291016,32.40999984741211,27.29595375061035,222500
2023-05-24,32.38999938964844,32.38999938964844,31.520000457763672,31.540000915527344,26.563234329223633,204200
2023-05-25,31.520000457763672,31.799999237060547,30.979999542236328,31.100000381469727,26.19266128540039,208700
2023-05-26,31.110000610351562,31.31999969482422,30.8700008392334,31.219999313354492,26.29372215270996,210300
2023-05-30,31.260000228881836,31.600000381469727,31.260000228881836,31.34000015258789,26.394794464111328,160200
2023-05-31,31.43000030517578,32.16999816894531,31.43000030517578,32.11000061035156,27.04329490661621,519800
2023-06-01,32.119998931884766,32.7599983215332,31.90999984741211,32.290000915527344,27.19489097595215,179000
2023-06-02,32.7400016784668,33.09000015258789,32.56999969482422,32.9900016784668,27.784442901611328,163000
2023-06-05,32.849998474121094,32.95000076293945,32.45000076293945,32.58000183105469,27.439130783081055,133000
2023-06-06,32.779998779296875,33.36000061035156,32.61000061035156,33.209999084472656,27.969717025756836,190500
2023-06-07,33.41999816894531,34.150001525878906,33.41999816894531,34.04999923706055,28.677169799804688,204600
2023-06-08,33.939998626708984,33.939998626708984,33.529998779296875,33.779998779296875,28.44977569580078,143600
2023-06-09,33.689998626708984,33.689998626708984,33.29999923706055,33.5,28.21396827697754,136400
2023-06-12,33.58000183105469,33.72999954223633,33.31999969482422,33.599998474121094,28.298181533813477,137200
2023-06-13,33.47999954223633,33.9900016784668,33.380001068115234,33.7599983215332,28.43292808532715,226900
2023-06-14,33.83000183105469,34.34000015258789,33.79999923706055,34.04999923706055,28.677169799804688,195900
2023-06-15,34.029998779296875,34.2400016784668,33.79999923706055,34.2400016784668,28.837196350097656,148100
2023-06-16,34.380001068115234,34.459999084472656,33.86000061035156,34.02000045776367,28.65190887451172,393200
2023-06-20,34.099998474121094,34.119998931884766,33.540000915527344,33.709999084472656,28.390827178955078,187600
2023-06-21,33.400001525878906,33.4900016784668,33.02000045776367,33.220001220703125,28.136734008789062,194600
2023-06-22,33.31999969482422,33.31999969482422,32.68000030517578,32.79999923706055,27.781002044677734,220200
2023-06-23,32.599998474121094,32.88999938964844,32.119998931884766,32.310001373291016,27.365976333618164,429800
2023-06-26,32.33000183105469,33.2599983215332,32.33000183105469,33.220001220703125,28.136734008789062,339400
2023-06-27,33.16999816894531,33.5,33.0099983215332,33.25,28.162139892578125,192300
2023-06-28,33.130001068115234,33.220001220703125,32.79999923706055,33.0099983215332,27.958866119384766,167800
2023-06-29,32.95000076293945,33.459999084472656,32.95000076293945,33.36000061035156,28.255313873291016,122400
2023-06-30,33.83000183105469,33.83000183105469,32.5099983215332,33.02000045776367,27.967334747314453,341700
2023-07-03,33.09000015258789,33.529998779296875,33.09000015258789,33.40999984741211,28.297653198242188,107900
2023-07-05,33.41999816894531,33.86000061035156,33.09000015258789,33.349998474121094,28.24683380126953,228500
2023-07-06,32.90999984741211,33.02000045776367,32.33000183105469,32.900001525878906,27.865699768066406,205900
2023-07-07,32.90999984741211,33.27000045776367,32.88999938964844,32.900001525878906,27.865699768066406,230700
2023-07-10,32.900001525878906,33.290000915527344,32.790000915527344,33.16999816894531,28.094379425048828,220600
2023-07-11,33.20000076293945,33.970001220703125,33.20000076293945,33.93000030517578,28.738088607788086,168900
2023-07-12,34.20000076293945,34.439998626708984,33.90999984741211,33.959999084472656,28.763498306274414,180400
2023-07-13,33.9900016784668,34.20000076293945,33.959999084472656,34.13999938964844,28.915950775146484,167700
2023-07-14,34.13999938964844,34.439998626708984,33.880001068115234,34.20000076293945,28.966779708862305,223700
2023-07-17,34.27000045776367,34.310001373291016,33.91999816894531,34.119998931884766,28.89901351928711,276200
2023-07-18,34.06999969482422,34.38999938964844,33.900001525878906,34.349998474121094,29.093820571899414,196400
2023-07-19,34.5,34.869998931884766,34.41999816894531,34.849998474121094,29.517309188842773,251500
2023-07-20,34.70000076293945,35.15999984741211,34.439998626708984,35.150001525878906,29.934608459472656,193000
2023-07-21,35.189998626708984,35.189998626708984,34.77000045776367,35.0,29.806865692138672,229600
2023-07-24,35.119998931884766,35.470001220703125,35.06999969482422,35.36000061035156,30.113454818725586,147600
2023-07-25,35.27000045776367,35.66999816894531,35.209999084472656,35.45000076293945,30.19009017944336,274600
2023-07-26,35.5,35.720001220703125,35.29999923706055,35.5099983215332,30.241199493408203,203000
2023-07-27,35.5099983215332,35.630001068115234,35.130001068115234,35.189998626708984,29.968669891357422,279500
2023-07-28,34.599998474121094,35.099998474121094,34.099998474121094,34.38999938964844,29.287372589111328,328900
2023-07-31,34.400001525878906,34.58000183105469,32.959999084472656,33.560001373291016,28.580524444580078,713600
2023-08-01,33.439998626708984,33.709999084472656,33.130001068115234,33.63999938964844,28.648651123046875,184800
2023-08-02,33.599998474121094,33.650001525878906,33.31999969482422,33.54999923706055,28.572010040283203,217600
2023-08-03,33.349998474121094,33.7599983215332,32.88999938964844,33.68000030517578,28.682716369628906,190300
2023-08-04,33.56999969482422,34.08000183105469,33.540000915527344,33.720001220703125,28.716785430908203,146000
2023-08-07,33.7400016784668,34.790000915527344,33.70000076293945,34.720001220703125,29.568408966064453,216600
2023-08-08,34.5099983215332,34.689998626708984,34.04999923706055,34.59000015258789,29.457691192626953,147800
2023-08-09,34.5,34.540000915527344,33.66999816894531,33.84000015258789,28.8189754486084,194500
2023-08-10,33.97999954223633,34.130001068115234,33.54999923706055,33.709999084472656,28.70826530456543,141000
2023-08-11,33.630001068115234,33.83000183105469,33.619998931884766,33.7400016784668,28.733816146850586,109900
2023-08-14,33.599998474121094,33.68000030517578,33.08000183105469,33.27000045776367,28.333555221557617,168900
2023-08-15,33.130001068115234,33.25,32.689998626708984,32.75,27.890705108642578,151100
2023-08-16,32.810001373291016,33.04999923706055,32.20000076293945,32.22999954223633,27.447860717773438,187600
2023-08-17,32.34000015258789,32.54999923706055,31.809999465942383,31.84000015258789,27.115726470947266,232600
2023-08-18,31.709999084472656,32.220001220703125,31.709999084472656,31.850000381469727,27.124242782592773,182400
2023-08-21,31.790000915527344,31.920000076293945,31.530000686645508,31.719999313354492,27.013532638549805,193100
2023-08-22,31.600000381469727,31.760000228881836,31.399999618530273,31.579999923706055,27.05636978149414,139700
2023-08-23,31.760000228881836,32.150001525878906,31.559999465942383,32.130001068115234,27.527584075927734,189000
2023-08-24,32.11000061035156,32.380001068115234,31.889999389648438,31.899999618530273,27.330533981323242,166600
2023-08-25,32.0099983215332,32.27000045776367,31.81999969482422,32.099998474121094,27.50188446044922,114900
2023-08-28,32.06999969482422,32.599998474121094,32.04999923706055,32.47999954223633,27.827449798583984,130200
2023-08-29,32.59000015258789,32.77000045776367,32.25,32.72999954223633,28.041643142700195,118800
2023-08-30,32.72999954223633,33.099998474121094,32.58000183105469,33.04999923706055,28.31580924987793,314300
2023-08-31,33.099998474121094,33.099998474121094,32.59000015258789,32.86000061035156,28.153018951416016,290800
2023-09-01,32.939998626708984,33.25,32.75,32.880001068115234,28.170148849487305,160700
2023-09-05,32.650001525878906,32.77000045776367,31.809999465942383,32.040000915527344,27.45047950744629,356700
2023-09-06,32.029998779296875,32.119998931884766,31.610000610351562,31.969999313354492,27.3905029296875,197100
2023-09-07,31.969999313354492,32.06999969482422,31.739999771118164,31.799999237060547,27.244853973388672,191100
2023-09-08,31.600000381469727,32.189998626708984,31.600000381469727,31.979999542236328,27.399066925048828,212400
2023-09-11,32.349998474121094,32.349998474121094,31.850000381469727,32.040000915527344,27.45047950744629,180500
2023-09-12,32.040000915527344,32.209999084472656,31.850000381469727,32.20000076293945,27.587562561035156,175000
2023-09-13,32.31999969482422,32.38999938964844,31.920000076293945,31.989999771118164,27.407638549804688,179300
2023-09-14,32.2400016784668,32.45000076293945,32.099998474121094,32.2400016784668,27.621829986572266,200400
2023-09-15,32.060001373291016,32.290000915527344,31.799999237060547,31.8700008392334,27.304824829101562,1343200
2023-09-18,31.969999313354492,32.040000915527344,31.719999313354492,31.93000030517578,27.356229782104492,234200
2023-09-19,31.940000534057617,32.20000076293945,31.93000030517578,32.06999969482422,27.476179122924805,215500
2023-09-20,31.889999389648438,32.16999816894531,31.770000457763672,31.920000076293945,27.510656356811523,199100
2023-09-21,31.729999542236328,31.8700008392334,31.479999542236328,31.549999237060547,27.19176483154297,266800
2023-09-22,31.59000015258789,31.81999969482422,31.40999984741211,31.420000076293945,27.079721450805664,184400
2023-09-25,31.389999389648438,31.690000534057617,31.329999923706055,31.649999618530273,27.2779541015625,151400
2023-09-26,31.510000228881836,31.700000762939453,31.010000228881836,31.030000686645508,26.74359703063965,206700
2023-09-27,31.200000762939453,31.450000762939453,30.729999542236328,30.729999542236328,26.48503875732422,209900
2023-09-28,31.079999923706055,32.189998626708984,31.0,32.0099983215332,27.588220596313477,360000
2023-09-29,32.349998474121094,32.459999084472656,31.84000015258789,32.130001068115234,27.691650390625,258300
2023-10-02,32.0099983215332,32.22999954223633,31.209999084472656,31.5,27.148672103881836,265300
2023-10-03,31.75,31.75,30.920000076293945,31.0,26.717742919921875,325800
2023-10-04,31.139999389648438,31.649999618530273,30.969999313354492,31.600000381469727,27.234859466552734,180900
2023-10-05,31.639999389648438,32.2400016784668,31.639999389648438,31.90999984741211,27.50203514099121,273700
2023-10-06,31.770000457763672,31.969999313354492,31.579999923706055,31.719999313354492,27.338279724121094,350400
2023-10-09,31.700000762939453,32.47999954223633,31.700000762939453,32.25,27.795068740844727,160600
2023-10-10,32.13999938964844,32.52000045776367,32.13999938964844,32.209999084472656,27.76059341430664,154600
2023-10-11,32.40999984741211,32.779998779296875,32.33000183105469,32.77000045776367,28.24323844909668,213600
2023-10-12,32.68000030517578,32.70000076293945,32.36000061035156,32.38999938964844,27.915727615356445,206200
2023-10-13,32.529998779296875,32.529998779296875,32.189998626708984,32.31999969482422,27.85539436340332,175700
2023-10-16,32.459999084472656,32.720001220703125,32.189998626708984,32.630001068115234,28.122583389282227,197200
2023-10-17,32.439998626708984,32.970001220703125,32.439998626708984,32.70000076293945,28.182907104492188,232200
2023-10-18,32.540000915527344,32.70000076293945,32.33000183105469,32.349998474121094,27.881258010864258,156100
2023-10-19,32.15999984741211,32.41999816894531,31.780000686645508,31.799999237060547,27.4072322845459,247900
2023-10-20,31.760000228881836,31.969999313354492,31.459999084472656,31.479999542236328,27.294523239135742,343200
2023-10-23,31.260000228881836,31.559999465942383,31.020000457763672,31.030000686645508,26.90435028076172,195900
2023-10-24,31.110000610351562,31.549999237060547,31.110000610351562,31.479999542236328,27.294523239135742,142500
2023-10-25,31.399999618530273,31.600000381469727,31.170000076293945,31.219999313354492,27.069087982177734,125300
2023-10-26,31.329999923706055,31.56999969482422,31.059999465942383,31.1200008392334,26.982385635375977,139500
2023-10-27,31.170000076293945,31.440000534057617,30.5,30.649999618530273,26.574874877929688,274900
2023-10-30,30.850000381469727,31.559999465942383,30.850000381469727,31.389999389648438,27.21648406982422,314100
2023-10-31,31.600000381469727,31.709999084472656,31.360000610351562,31.610000610351562,27.407236099243164,267400
2023-11-01,31.68000030517578,31.75,31.329999923706055,31.719999313354492,27.502601623535156,211100
2023-11-02,32.060001373291016,32.38999938964844,32.0,32.25,27.96213722229004,187300
2023-11-03,32.68000030517578,32.86000061035156,32.20000076293945,32.2599983215332,27.970809936523438,264200
2023-11-06,32.099998474121094,32.2400016784668,31.899999618530273,32.06999969482422,27.806072235107422,235900
2023-11-07,31.90999984741211,32.189998626708984,31.440000534057617,31.549999237060547,27.355205535888672,144700
2023-11-08,31.549999237060547,31.690000534057617,31.219999313354492,31.489999771118164,27.30318832397461,172300
2023-11-09,31.719999313354492,31.979999542236328,31.459999084472656,31.530000686645508,27.337871551513672,210000
2023-11-10,31.6299991607666,31.729999542236328,31.299999237060547,31.600000381469727,27.398563385009766,253100
2023-11-13,31.450000762939453,31.959999084472656,31.389999389648438,31.940000534057617,27.69335174560547,202500
2023-11-14,32.540000915527344,33.11000061035156,32.439998626708984,33.099998474121094,28.699129104614258,350100
2023-11-15,33.04999923706055,33.29999923706055,32.75,32.84000015258789,28.473695755004883,224800
2023-11-16,32.84000015258789,32.91999816894531,32.619998931884766,32.63999938964844,28.300281524658203,194900
2023-11-17,32.810001373291016,32.97999954223633,32.619998931884766,32.689998626708984,28.343639373779297,248700
2023-11-20,32.689998626708984,32.88999938964844,32.529998779296875,32.83000183105469,28.465024948120117,165700
2023-11-21,32.599998474121094,32.599998474121094,32.22999954223633,32.279998779296875,28.151063919067383,134100
2023-11-22,32.52000045776367,32.709999084472656,32.310001373291016,32.41999816894531,28.273160934448242,130600
2023-11-24,32.369998931884766,32.599998474121094,32.349998474121094,32.529998779296875,28.369096755981445,91100
2023-11-27,32.439998626708984,32.630001068115234,32.400001525878906,32.5099983215332,28.351646423339844,172500
2023-11-28,32.43000030517578,32.58000183105469,32.220001220703125,32.439998626708984,28.290607452392578,218300
2023-11-29,32.54999923706055,32.779998779296875,32.33000183105469,32.43000030517578,28.281883239746094,209000
2023-11-30,32.5,32.709999084472656,32.209999084472656,32.619998931884766,28.447572708129883,391500
2023-12-01,32.59000015258789,33.20000076293945,32.56999969482422,33.150001525878906,28.909793853759766,426100
2023-12-04,32.95000076293945,33.45000076293945,32.95000076293945,33.349998474121094,29.084209442138672,234800
2023-12-05,33.349998474121094,33.47999954223633,33.119998931884766,33.349998474121094,29.084209442138672,238200
2023-12-06,33.5,33.66999816894531,33.029998779296875,33.119998931884766,28.883621215820312,211000
2023-12-07,33.20000076293945,33.400001525878906,33.150001525878906,33.2400016784668,28.988277435302734,212200
2023-12-08,33.130001068115234,33.369998931884766,33.060001373291016,33.11000061035156,28.874910354614258,188700
2023-12-11,33.150001525878906,33.31999969482422,33.060001373291016,33.18000030517578,28.93594741821289,178400
2023-12-12,33.25,33.27000045776367,33.060001373291016,33.119998931884766,28.883621215820312,156400
2023-12-13,33.099998474121094,34.02000045776367,33.060001373291016,33.709999084472656,29.39815902709961,448500
2023-12-14,33.939998626708984,34.470001220703125,33.75,33.91999816894531,29.581302642822266,394800
2023-12-15,33.70000076293945,34.029998779296875,33.34000015258789,33.380001068115234,29.110366821289062,984600
2023-12-18,33.45000076293945,33.4900016784668,32.970001220703125,32.970001220703125,28.752817153930664,321200
2023-12-19,33.08000183105469,33.369998931884766,32.95000076293945,33.150001525878906,28.909793853759766,382300
2023-12-20,32.939998626708984,33.31999969482422,32.72999954223633,32.7400016784668,28.716825485229492,412500
2023-12-21,32.939998626708984,32.939998626708984,32.41999816894531,32.54999923706055,28.550174713134766,318600
2023-12-22,32.75,32.97999954223633,32.5099983215332,32.540000915527344,28.54140281677246,241900
2023-12-26,32.560001373291016,32.68000030517578,32.380001068115234,32.41999816894531,28.436141967773438,191400
2023-12-27,32.43000030517578,32.619998931884766,32.380001068115234,32.54999923706055,28.550174713134766,204200
2023-12-28,32.529998779296875,32.779998779296875,32.52000045776367,32.68000030517578,28.66419792175293,213600
2023-12-29,32.58000183105469,32.619998931884766,32.11000061035156,32.119998931884766,28.173011779785156,265600
2024-01-02,32.0099983215332,32.40999984741211,32.0099983215332,32.27000045776367,28.30457878112793,355900
2024-01-03,32.209999084472656,32.31999969482422,31.84000015258789,31.979999542236328,28.05021095275879,327300
2024-01-04,32.13999938964844,32.189998626708984,32.0,32.130001068115234,28.18178367614746,298800
2024-01-05,31.93000030517578,32.13999938964844,31.739999771118164,31.770000457763672,27.86601448059082,268500
2024-01-08,31.850000381469727,32.099998474121094,31.770000457763672,32.04999923706055,28.111614227294922,301100
2024-01-09,31.920000076293945,32.290000915527344,31.850000381469727,32.09000015258789,28.146699905395508,307000
2024-01-10,32.06999969482422,32.439998626708984,32.060001373291016,32.380001068115234,28.401063919067383,160500
2024-01-11,32.290000915527344,32.5099983215332,32.18000030517578,32.5099983215332,28.51508140563965,206500
2024-01-12,32.77000045776367,32.959999084472656,32.66999816894531,32.95000076293945,28.901020050048828,228700
2024-01-16,32.849998474121094,33.150001525878906,32.81999969482422,32.95000076293945,28.901020050048828,315000
2024-01-17,32.70000076293945,32.97999954223633,31.799999237060547,31.889999389648438,27.971269607543945,316100
2024-01-18,32.0,32.15999984741211,31.40999984741211,31.670000076293945,27.778308868408203,355300
2024-01-19,31.850000381469727,32.09000015258789,31.549999237060547,32.04999923706055,28.111614227294922,301200
2024-01-22,31.950000762939453,32.189998626708984,31.84000015258789,31.989999771118164,28.2263126373291,252300
2024-01-23,32.16999816894531,32.189998626708984,31.670000076293945,31.829999923706055,28.085145950317383,172100
2024-01-24,32.09000015258789,32.13999938964844,31.43000030517578,31.5,27.793968200683594,254300
2024-01-25,31.920000076293945,32.06999969482422,31.690000534057617,31.84000015258789,28.093963623046875,217800
2024-01-26,32.029998779296875,32.13999938964844,31.799999237060547,31.989999771118164,28.2263126373291,241900
2024-01-29,31.959999084472656,32.22999954223633,31.84000015258789,32.13999938964844,28.358671188354492,227300
2024-01-30,32.029998779296875,32.13999938964844,31.739999771118164,32.040000915527344,28.27043914794922,198600
2024-01-31,32.099998474121094,32.130001068115234,31.15999984741211,31.170000076293945,27.50279426574707,541300
2024-02-01,31.219999313354492,31.510000228881836,30.950000762939453,31.469999313354492,27.767494201660156,274000
2024-02-02,31.1299991607666,31.229999542236328,30.65999984741211,30.950000762939453,27.308679580688477,276300
2024-02-05,30.770000457763672,30.770000457763672,30.5,30.5,26.91162109375,275100
2024-02-06,30.5,30.75,30.43000030517578,30.520000457763672,26.929271697998047,290200
2024-02-07,30.5,30.610000610351562,30.299999237060547,30.309999465942383,26.743976593017578,251400
2024-02-08,30.299999237060547,30.729999542236328,30.299999237060547,30.639999389648438,27.035146713256836,279300
2024-02-09,30.59000015258789,31.030000686645508,30.420000076293945,31.030000686645508,27.37926483154297,260900
2024-02-12,31.100000381469727,31.3799991607666,31.030000686645508,31.219999313354492,27.546911239624023,379700
2024-02-13,30.56999969482422,30.860000610351562,30.350000381469727,30.719999313354492,27.10573387145996,570000
2024-02-14,30.940000534057617,31.1299991607666,30.770000457763672,30.979999542236328,27.335147857666016,224200
2024-02-15,31.100000381469727,31.5,31.100000381469727,31.469999313354492,27.767494201660156,243400
2024-02-16,30.920000076293945,31.65999984741211,30.59000015258789,31.510000228881836,27.802791595458984,437200
2024-02-20,31.229999542236328,32.2599983215332,31.200000762939453,31.920000076293945,28.335411071777344,363500
2024-02-21,31.969999313354492,32.34000015258789,31.81999969482422,32.209999084472656,28.592844009399414,256400
2024-02-22,32.060001373291016,32.15999984741211,31.8700008392334,32.11000061035156,28.504074096679688,242100
2024-02-23,32.13999938964844,32.18000030517578,31.84000015258789,31.84000015258789,28.2643985748291,199000
2024-02-26,31.729999542236328,31.90999984741211,31.389999389648438,31.43000030517578,27.900436401367188,342100
2024-02-27,31.639999389648438,31.84000015258789,31.600000381469727,31.690000534057617,28.131242752075195,308100
2024-02-28,31.5,31.940000534057617,31.469999313354492,31.610000610351562,28.060224533081055,362600
2024-02-29,31.899999618530273,31.899999618530273,31.3799991607666,31.459999084472656,27.92706871032715,448300
2024-03-01,31.399999618530273,31.68000030517578,31.25,31.459999084472656,27.92706871032715,290800
2024-03-04,31.459999084472656,31.90999984741211,31.280000686645508,31.90999984741211,28.3265323638916,292100
2024-03-05,31.81999969482422,31.979999542236328,31.65999984741211,31.729999542236328,28.166751861572266,200900
2024-03-06,31.81999969482422,32.029998779296875,31.700000762939453,31.719999313354492,28.157873153686523,304500
2024-03-07,31.93000030517578,31.989999771118164,31.760000228881836,31.8799991607666,28.29990005493164,240700
2024-03-08,32.119998931884766,32.27000045776367,32.02000045776367,32.2599983215332,28.637229919433594,229200
2024-03-11,32.310001373291016,32.34000015258789,32.099998474121094,32.209999084472656,28.592844009399414,137500
2024-03-12,32.040000915527344,32.33000183105469,32.0,32.310001373291016,28.681617736816406,171100
2024-03-13,32.279998779296875,32.56999969482422,32.279998779296875,32.380001068115234,28.743751525878906,319900
2024-03-14,32.22999954223633,32.27000045776367,31.84000015258789,32.040000915527344,28.441936492919922,258000
2024-03-15,31.75,32.220001220703125,31.75,32.189998626708984,28.575088500976562,515600
2024-03-18,32.22999954223633,32.459999084472656,32.150001525878906,32.25,28.628355026245117,250700
2024-03-19,32.2400016784668,32.54999923706055,31.989999771118164,32.459999084472656,28.814769744873047,258200
2024-03-20,32.06999969482422,32.59000015258789,32.02000045776367,32.58000183105469,29.091577529907227,221600
2024-03-21,32.720001220703125,32.939998626708984,32.56999969482422,32.880001068115234,29.359453201293945,230100
2024-03-22,33.0,33.060001373291016,32.47999954223633,32.56999969482422,29.082653045654297,334100
2024-03-25,32.619998931884766,32.72999954223633,32.529998779296875,32.56999969482422,29.082653045654297,303300
2024-03-26,32.709999084472656,32.75,32.16999816894531,32.20000076293945,28.75226593017578,366600
2024-03-27,32.439998626708984,32.52000045776367,32.349998474121094,32.47999954223633,29.002286911010742,356500
2024-03-28,32.61000061035156,32.7599983215332,32.36000061035156,32.5099983215332,29.029069900512695,670200
2024-04-01,32.619998931884766,32.619998931884766,32.2599983215332,32.31999969482422,28.859413146972656,328000
2024-04-02,32.20000076293945,32.20000076293945,31.6299991607666,31.709999084472656,28.314729690551758,335900
2024-04-03,31.700000762939453,31.809999465942383,31.520000457763672,31.600000381469727,28.216506958007812,240800
2024-04-04,31.8700008392334,32.06999969482422,31.360000610351562,31.5,28.127216339111328,229600
2024-04-05,31.5,32.06999969482422,31.389999389648438,31.90999984741211,28.49331283569336,352700
2024-04-08,31.959999084472656,32.18000030517578,31.850000381469727,32.119998931884766,28.680830001831055,241400
2024-04-09,32.16999816894531,32.72999954223633,32.16999816894531,32.720001220703125,29.216585159301758,394900
2024-04-10,32.279998779296875,32.31999969482422,31.139999389648438,31.34000015258789,27.98434829711914,389100
2024-04-11,31.559999465942383,31.93000030517578,31.399999618530273,31.93000030517578,28.511171340942383,291500
2024-04-12,31.81999969482422,31.8799991607666,31.450000762939453,31.6200008392334,28.234365463256836,388700
2024-04-15,31.75,31.75,31.290000915527344,31.559999465942383,28.180788040161133,192800
2024-04-16,31.389999389648438,31.6299991607666,31.280000686645508,31.309999465942383,27.95755958557129,153000
2024-04-17,31.5,31.700000762939453,31.280000686645508,31.59000015258789,28.20758056640625,152500
2024-04-18,31.610000610351562,31.860000610351562,31.56999969482422,31.68000030517578,28.287940979003906,213600
2024-04-19,31.239999771118164,31.889999389648438,31.239999771118164,31.799999237060547,28.56641960144043,388200
2024-04-22,31.84000015258789,32.040000915527344,31.700000762939453,31.93000030517578,28.683202743530273,202600
2024-04-23,31.920000076293945,32.22999954223633,31.889999389648438,32.119998931884766,28.853879928588867,156000
2024-04-24,32.0,32.25,31.84000015258789,32.22999954223633,28.952693939208984,180100
2024-04-25,32.09000015258789,32.29999923706055,32.0,32.18000030517578,28.907777786254883,195400
2024-04-26,32.290000915527344,32.65999984741211,32.27000045776367,32.560001373291016,29.249141693115234,213300
2024-04-29,32.63999938964844,32.84000015258789,32.459999084472656,32.4900016784668,29.186260223388672,278000
2024-04-30,32.95000076293945,33.5,32.58000183105469,33.099998474121094,29.734230041503906,387300
2024-05-01,33.02000045776367,33.849998474121094,32.959999084472656,33.5,30.093563079833984,354700
2024-05-02,33.68000030517578,33.939998626708984,33.540000915527344,33.61000061035156,30.192367553710938,453500
2024-05-03,33.79999923706055,33.86000061035156,33.16999816894531,33.45000076293945,30.04863929748535,279300
2024-05-06,33.45000076293945,33.52000045776367,33.2599983215332,33.279998779296875,29.89592933654785,193300
2024-05-07,33.31999969482422,33.63999938964844,33.31999969482422,33.58000183105469,30.165424346923828,328100
2024-05-08,33.52000045776367,33.68000030517578,33.36000061035156,33.63999938964844,30.21931266784668,133800
2024-05-09,33.75,34.189998626708984,33.68000030517578,34.09000015258789,30.623563766479492,309300
2024-05-10,34.20000076293945,34.20000076293945,33.88999938964844,34.060001373291016,30.59661293029785,148300
2024-05-13,34.2599983215332,34.380001068115234,34.119998931884766,34.25,30.76729393005371,166300
2024-05-14,34.5,34.66999816894531,34.38999938964844,34.619998931884766,31.099674224853516,218800
2024-05-15,34.900001525878906,34.939998626708984,34.41999816894531,34.54999923706055,31.03678321838379,255300
2024-05-16,34.59000015258789,34.75,34.43000030517578,34.63999938964844,31.117633819580078,175000
2024-05-17,34.7400016784668,34.86000061035156,34.58000183105469,34.7599983215332,31.225433349609375,131500
2024-05-20,34.75,34.90999984741211,34.63999938964844,34.68000030517578,31.1535701751709,204300
2024-05-21,34.75,35.2400016784668,34.61000061035156,35.099998474121094,31.530851364135742,190700
2024-05-22,34.88999938964844,35.029998779296875,34.54999923706055,34.599998474121094,31.25088119506836,160800
2024-05-23,34.45000076293945,34.470001220703125,34.13999938964844,34.16999816894531,30.862485885620117,169500
2024-05-24,34.380001068115234,34.400001525878906,34.189998626708984,34.33000183105469,31.006999969482422,137000
2024-05-28,34.33000183105469,34.47999954223633,34.02000045776367,34.04999923706055,30.754100799560547,158200
2024-05-29,33.880001068115234,33.939998626708984,33.4900016784668,33.58000183105469,30.329601287841797,162400
2024-05-30,33.90999984741211,34.060001373291016,33.849998474121094,34.02000045776367,30.727012634277344,229400
2024-05-31,34.119998931884766,34.540000915527344,34.0099983215332,34.400001525878906,31.070232391357422,409500
2024-06-03,34.45000076293945,34.70000076293945,34.43000030517578,34.66999816894531,31.314088821411133,293400
2024-06-04,34.599998474121094,34.880001068115234,34.52000045776367,34.689998626708984,31.332151412963867,269900
2024-06-05,34.63999938964844,34.689998626708984,34.38999938964844,34.40999984741211,31.07926368713379,184800
2024-06-06,34.34000015258789,34.4900016784668,34.290000915527344,34.349998474121094,31.025066375732422,117400
2024-06-07,34.04999923706055,34.15999984741211,33.91999816894531,33.95000076293945,30.663776397705078,229300
2024-06-10,33.79999923706055,33.959999084472656,33.58000183105469,33.61000061035156,30.356689453125,353500
2024-06-11,33.439998626708984,33.7599983215332,33.34000015258789,33.619998931884766,30.365726470947266,226800
2024-06-12,34.220001220703125,34.36000061035156,33.77000045776367,33.77000045776367,30.501203536987305,183700
2024-06-13,33.70000076293945,34.08000183105469,33.65999984741211,33.93000030517578,30.64571189880371,236500
2024-06-14,33.75,34.0099983215332,33.439998626708984,33.65999984741211,30.4018611907959,353300
2024-06-17,33.54999923706055,33.70000076293945,33.369998931884766,33.68000030517578,30.419918060302734,297100
2024-06-18,33.709999084472656,33.9900016784668,33.70000076293945,33.90999984741211,30.627647399902344,133400
2024-06-20,33.650001525878906,33.849998474121094,33.5,33.540000915527344,30.464160919189453,152500
2024-06-21,33.599998474121094,34.040000915527344,33.529998779296875,33.900001525878906,30.791154861450195,702500
2024-06-24,33.93000030517578,34.349998474121094,33.91999816894531,34.099998474121094,30.972806930541992,275200
2024-06-25,34.029998779296875,34.029998779296875,33.43000030517578,33.439998626708984,30.37333106994629,181300
2024-06-26,33.2400016784668,33.560001373291016,33.119998931884766,33.470001220703125,30.400585174560547,266500
2024-06-27,33.56999969482422,34.13999938964844,33.47999954223633,34.130001068115234,31.00005531311035,281100
2024-06-28,34.36000061035156,34.56999969482422,34.150001525878906,34.5,31.336135864257812,791200
2024-07-01,34.38999938964844,34.560001373291016,34.040000915527344,34.439998626708984,31.28162384033203,266200
2024-07-02,34.52000045776367,34.540000915527344,34.2400016784668,34.470001220703125,31.308874130249023,198200
2024-07-03,34.52000045776367,34.54999923706055,34.2400016784668,34.279998779296875,31.136295318603516,81000
2024-07-05,34.369998931884766,34.54999923706055,34.220001220703125,34.52000045776367,31.35428810119629,164200
2024-07-08,34.650001525878906,34.79999923706055,34.290000915527344,34.310001373291016,31.163549423217773,281800
2024-07-09,34.31999969482422,34.41999816894531,34.0,34.06999969482422,30.945560455322266,517500
2024-07-10,34.15999984741211,34.58000183105469,34.11000061035156,34.540000915527344,31.37246322631836,239600
2024-07-11,34.97999954223633,35.43000030517578,34.79999923706055,35.119998931884766,31.899261474609375,281200
2024-07-12,35.380001068115234,35.79999923706055,35.2400016784668,35.56999969482422,32.308006286621094,274500
2024-07-15,35.72999954223633,36.16999816894531,35.65999984741211,35.939998626708984,32.644065856933594,316400
2024-07-16,36.20000076293945,36.47999954223633,36.02000045776367,36.369998931884766,33.03463363647461,307500
2024-07-17,36.369998931884766,36.97999954223633,36.369998931884766,36.599998474121094,33.2435417175293,215200
2024-07-18,36.5,37.13999938964844,36.4900016784668,36.7400016784668,33.37070083618164,332200
2024-07-19,36.84000015258789,37.06999969482422,36.599998474121094,36.65999984741211,33.298038482666016,221100
2024-07-22,36.56999969482422,37.25,36.5099983215332,37.11000061035156,33.706783294677734,269900
2024-07-23,36.84000015258789,37.68000030517578,36.709999084472656,37.599998474121094,34.32759094238281,447100
2024-07-24,37.54999923706055,38.040000915527344,37.27000045776367,37.279998779296875,34.035438537597656,326800
2024-07-25,37.47999954223633,38.27000045776367,37.45000076293945,37.77000045776367,34.4827995300293,335100
2024-07-26,38.130001068115234,38.279998779296875,37.779998779296875,38.150001525878906,34.829715728759766,229500
2024-07-29,38.099998474121094,38.150001525878906,37.61000061035156,37.790000915527344,34.501060485839844,218600
2024-07-30,36.63999938964844,37.119998931884766,35.369998931884766,35.4900016784668,32.401222229003906,555500
2024-07-31,35.63999938964844,36.18000030517578,35.119998931884766,35.709999084472656,32.602081298828125,624500
2024-08-01,35.84000015258789,35.91999816894531,35.16999816894531,35.75,32.63859939575195,536700
2024-08-02,35.36000061035156,36.279998779296875,35.2599983215332,36.0,32.86684036254883,349700
2024-08-05,35.099998474121094,35.939998626708984,35.04999923706055,35.380001068115234,32.30080032348633,319300
2024-08-06,35.40999984741211,36.45000076293945,35.25,35.95000076293945,32.82118606567383,337200
2024-08-07,36.18000030517578,36.29999923706055,35.790000915527344,35.81999969482422,32.7025032043457,204500
2024-08-08,35.9900016784668,36.15999984741211,35.790000915527344,35.90999984741211,32.78466796875,237600
2024-08-09,36.09000015258789,36.09000015258789,35.77000045776367,35.97999954223633,32.848575592041016,174700
2024-08-12,36.060001373291016,36.119998931884766,35.650001525878906,35.900001525878906,32.775543212890625,260600
2024-08-13,36.09000015258789,36.099998474121094,35.720001220703125,35.83000183105469,32.711631774902344,207100
2024-08-14,35.959999084472656,36.02000045776367,35.75,35.86000061035156,32.73902893066406,211300
2024-08-15,36.04999923706055,36.15999984741211,35.7400016784668,36.0,32.86684036254883,322600
2024-08-16,35.900001525878906,36.150001525878906,35.689998626708984,35.70000076293945,32.592952728271484,245400
2024-08-19,35.849998474121094,36.0,35.599998474121094,35.7400016784668,32.62946319580078,269300
2024-08-20,35.75,35.91999816894531,35.54999923706055,35.7599983215332,32.64772415161133,287100
2024-08-21,36.0,36.0,35.70000076293945,35.93000030517578,32.80293655395508,312500
2024-08-22,35.7599983215332,35.81999969482422,35.31999969482422,35.380001068115234,32.4725227355957,206800
2024-08-23,35.599998474121094,36.31999969482422,35.529998779296875,36.150001525878906,33.179237365722656,280100
2024-08-26,36.34000015258789,36.45000076293945,36.06999969482422,36.2400016784668,33.26184844970703,575600
2024-08-27,36.2400016784668,36.77000045776367,36.060001373291016,36.599998474121094,33.59225845336914,542700
2024-08-28,36.61000061035156,36.959999084472656,36.52000045776367,36.63999938964844,33.628971099853516,347800
2024-08-29,36.72999954223633,36.7400016784668,36.36000061035156,36.43000030517578,33.436222076416016,164000
2024-08-30,36.599998474121094,36.83000183105469,36.45000076293945,36.72999954223633,33.71158218383789,270300
2024-09-03,36.5,36.779998779296875,36.04999923706055,36.220001220703125,33.24348449707031,389800
2024-09-04,36.150001525878906,36.59000015258789,36.150001525878906,36.54999923706055,33.5463752746582,172600
2024-09-05,36.70000076293945,36.9900016784668,36.439998626708984,36.72999954223633,33.71158218383789,156200
2024-09-06,36.93000030517578,36.93000030517578,36.2400016784668,36.66999816894531,33.6565055847168,211100
2024-09-09,36.529998779296875,36.709999084472656,36.36000061035156,36.599998474121094,33.59225845336914,208400
2024-09-10,36.709999084472656,37.040000915527344,36.709999084472656,36.959999084472656,33.922664642333984,150100
2024-09-11,36.709999084472656,37.0,36.380001068115234,36.970001220703125,33.931854248046875,143300
2024-09-12,37.150001525878906,37.41999816894531,36.9900016784668,37.400001525878906,34.32651138305664,173800
2024-09-13,37.54999923706055,37.72999954223633,37.43000030517578,37.689998626708984,34.592681884765625,304300
2024-09-16,37.70000076293945,37.880001068115234,37.54999923706055,37.7400016784668,34.63858413696289,199300
2024-09-17,38.11000061035156,38.11000061035156,37.2599983215332,37.27000045776367,34.20719909667969,215100
2024-09-18,37.33000183105469,37.79999923706055,37.04999923706055,37.310001373291016,34.24391174316406,218400
2024-09-19,37.4900016784668,37.5099983215332,36.310001373291016,36.5,33.5004768371582,402600
2024-09-20,36.040000915527344,36.29999923706055,35.810001373291016,36.0,33.21446228027344,984100
2024-09-23,36.16999816894531,36.790000915527344,36.029998779296875,36.7599983215332,33.9156608581543,209300
2024-09-24,36.619998931884766,37.04999923706055,36.61000061035156,36.880001068115234,34.026371002197266,190400
2024-09-25,36.939998626708984,37.22999954223633,36.81999969482422,37.0,34.1370849609375,292200
2024-09-26,37.0,37.06999969482422,36.36000061035156,36.45000076293945,33.62964630126953,301600
2024-09-27,36.630001068115234,36.939998626708984,36.41999816894531,36.619998931884766,33.78648376464844,205800
2024-09-30,36.619998931884766,36.79999923706055,36.380001068115234,36.689998626708984,33.851078033447266,286500
2024-10-01,36.720001220703125,36.93000030517578,36.47999954223633,36.56999969482422,33.740360260009766,177900
2024-10-02,36.27000045776367,36.720001220703125,36.11000061035156,36.18000030517578,33.380531311035156,197500
2024-10-03,36.02000045776367,36.060001373291016,35.68000030517578,35.90999984741211,33.13142395019531,208200
2024-10-04,35.79999923706055,36.0,35.560001373291016,35.84000015258789,33.06684494018555,261000
2024-10-07,35.79999923706055,36.16999816894531,35.70000076293945,36.11000061035156,33.31595230102539,424200
2024-10-08,36.290000915527344,36.380001068115234,35.25,35.689998626708984,32.92844772338867,309800
2024-10-09,35.70000076293945,35.83000183105469,35.439998626708984,35.68000030517578,32.91922378540039,181700
2024-10-10,35.59000015258789,35.68000030517578,35.29999923706055,35.36000061035156,32.623985290527344,302900
2024-10-11,35.52000045776367,35.75,35.439998626708984,35.58000183105469,32.826969146728516,170300
2024-10-14,35.63999938964844,35.83000183105469,35.560001373291016,35.61000061035156,32.85464096069336,329200
2024-10-15,35.70000076293945,36.06999969482422,35.61000061035156,35.84000015258789,33.06684494018555,192000
2024-10-16,36.0099983215332,36.630001068115234,35.84000015258789,36.4900016784668,33.66654586791992,429100
2024-10-17,36.310001373291016,36.650001525878906,36.150001525878906,36.2599983215332,33.454349517822266,241800
2024-10-18,36.36000061035156,36.47999954223633,36.04999923706055,36.11000061035156,33.31595230102539,227000
2024-10-21,36.22999954223633,36.349998474121094,35.59000015258789,35.63999938964844,32.882320404052734,196100
2024-10-22,35.599998474121094,36.09000015258789,35.529998779296875,35.849998474121094,33.076072692871094,196600
2024-10-23,35.630001068115234,35.970001220703125,35.59000015258789,35.939998626708984,33.335777282714844,214800
2024-10-24,35.939998626708984,36.130001068115234,35.70000076293945,35.790000915527344,33.1966552734375,184200
2024-10-25,35.84000015258789,36.0099983215332,35.459999084472656,35.47999954223633,32.90911102294922,318300
2024-10-28,35.68000030517578,36.150001525878906,35.65999984741211,35.939998626708984,33.335777282714844,244400
2024-10-29,35.90999984741211,38.09000015258789,35.90999984741211,38.08000183105469,35.32072448730469,555500
2024-10-30,37.9900016784668,39.2599983215332,37.790000915527344,39.0,36.17405319213867,419400
2024-10-31,39.0,39.63999938964844,38.130001068115234,38.20000076293945,35.432029724121094,385800
2024-11-01,38.45000076293945,38.59000015258789,37.279998779296875,37.29999923706055,34.59723663330078,219900
2024-11-04,37.40999984741211,38.36000061035156,37.38999938964844,37.75,35.01462936401367,201700
2024-11-05,37.560001373291016,37.959999084472656,37.470001220703125,37.939998626708984,35.19086837768555,213300
2024-11-06,38.20000076293945,38.41999816894531,37.52000045776367,37.93000030517578,35.18157958984375,455300
2024-11-07,38.02000045776367,38.88999938964844,37.880001068115234,38.709999084472656,35.905067443847656,272900
2024-11-08,38.849998474121094,39.66999816894531,38.72999954223633,39.279998779296875,36.43376159667969,458800
2024-11-11,39.29999923706055,39.459999084472656,38.61000061035156,39.439998626708984,36.58217239379883,273800
2024-11-12,39.34000015258789,39.88999938964844,39.20000076293945,39.33000183105469,36.48013687133789,300000
2024-11-13,39.43000030517578,39.70000076293945,38.59000015258789,38.599998474121094,35.80303955078125,284600
2024-11-14,38.5,38.77000045776367,37.84000015258789,38.15999984741211,35.39492416381836,332300
2024-11-15,38.38999938964844,38.72999954223633,37.79999923706055,38.20000076293945,35.432029724121094,401000
2024-11-18,38.189998626708984,38.27000045776367,37.619998931884766,38.04999923706055,35.29289627075195,328100
2024-11-19,38.0,38.61000061035156,37.900001525878906,38.56999969482422,35.77521896362305,154400
2024-11-20,38.290000915527344,38.45000076293945,38.08000183105469,38.369998931884766,35.58969497680664,155700
2024-11-21,38.2400016784668,38.779998779296875,38.150001525878906,38.70000076293945,36.07442855834961,237700
2024-11-22,38.84000015258789,39.150001525878906,38.59000015258789,38.869998931884766,36.232887268066406,269800
2024-11-25,38.849998474121094,39.400001525878906,38.43000030517578,38.43000030517578,35.82274627685547,352300
2024-11-26,38.43000030517578,38.970001220703125,38.43000030517578,38.90999984741211,36.27017593383789,352300
2024-11-27,39.13999938964844,39.34000015258789,38.689998626708984,38.70000076293945,36.07442855834961,282400
2024-11-29,38.880001068115234,39.150001525878906,38.4900016784668,38.59000015258789,35.97188949584961,209900
2024-12-02,38.560001373291016,38.689998626708984,37.939998626708984,38.099998474121094,35.51513671875,333300
2024-12-03,38.09000015258789,38.2599983215332,37.709999084472656,38.099998474121094,35.51513671875,194700
2024-12-04,38.15999984741211,38.220001220703125,37.83000183105469,38.09000015258789,35.50581741333008,171900
2024-12-05,37.939998626708984,38.09000015258789,37.83000183105469,37.91999816894531,35.34733581542969,170100
2024-12-06,37.90999984741211,38.099998474121094,37.45000076293945,37.72999954223633,35.17022705078125,164300
2024-12-09,37.7599983215332,38.060001373291016,37.38999938964844,37.41999816894531,34.88125991821289,251500
2024-12-10,37.52000045776367,37.95000076293945,37.209999084472656,37.68000030517578,35.123634338378906,183900
2024-12-11,37.5,37.7599983215332,37.06999969482422,37.099998474121094,34.582977294921875,249500
2024-12-12,37.099998474121094,37.560001373291016,36.66999816894531,36.81999969482422,34.32197952270508,212000
2024-12-13,37.0099983215332,37.220001220703125,36.86000061035156,37.150001525878906,34.62958908081055,235400
2024-12-16,37.060001373291016,37.220001220703125,36.2599983215332,36.40999984741211,33.93978500366211,480600
2024-12-17,36.349998474121094,36.68000030517578,36.220001220703125,36.5099983215332,34.03300476074219,325200
2024-12-18,36.5099983215332,36.779998779296875,35.189998626708984,35.40999984741211,33.007633209228516,419800
2024-12-19,35.45000076293945,35.810001373291016,34.810001373291016,34.810001373291016,32.448333740234375,356400
2024-12-20,34.459999084472656,35.4900016784668,34.45000076293945,35.08000183105469,32.70002746582031,1362400
2024-12-23,35.0,35.0,34.380001068115234,34.4900016784668,32.325130462646484,436500
2024-12-24,34.33000183105469,34.779998779296875,34.33000183105469,34.72999954223633,32.5500602722168,118300
2024-12-26,34.560001373291016,34.90999984741211,34.560001373291016,34.689998626708984,32.512577056884766,239400
2024-12-27,34.599998474121094,34.900001525878906,34.27000045776367,34.41999816894531,32.259517669677734,230600
2024-12-30,34.38999938964844,34.540000915527344,34.060001373291016,34.439998626708984,32.278263092041016,174800
2024-12-31,34.65999984741211,34.810001373291016,34.380001068115234,34.54999923706055,32.3813591003418,402900
2025-01-02,34.560001373291016,34.66999816894531,33.95000076293945,34.029998779296875,31.894004821777344,249800
2025-01-03,34.029998779296875,34.380001068115234,33.90999984741211,34.27000045776367,32.11893844604492,325900
2025-01-06,34.150001525878906,34.2400016784668,33.349998474121094,33.459999084472656,31.35978126525879,359300
2025-01-07,34.150001525878906,34.279998779296875,33.47999954223633,34.13999938964844,31.997098922729492,413400
2025-01-08,33.9900016784668,34.349998474121094,33.720001220703125,34.2400016784668,32.090816497802734,235300
2025-01-10,33.95000076293945,33.95000076293945,32.939998626708984,33.5,31.39727210998535,333900
2025-01-13,33.31999969482422,34.060001373291016,33.27000045776367,34.040000915527344,31.903379440307617,251000
2025-01-14,34.09000015258789,34.279998779296875,33.880001068115234,34.18000030517578,32.034584045410156,211100
2025-01-15,34.61000061035156,34.779998779296875,34.150001525878906,34.33000183105469,32.1751708984375,258600
2025-01-16,34.439998626708984,34.959999084472656,34.290000915527344,34.810001373291016,32.625038146972656,434200
2025-01-17,34.9900016784668,35.20000076293945,34.779998779296875,34.93000030517578,32.737510681152344,320000
2025-01-21,35.189998626708984,35.59000015258789,35.06999969482422,35.36000061035156,33.14052200317383,246500
2025-01-22,35.25,35.25,34.099998474121094,34.380001068115234,32.2220344543457,427800
2025-01-23,34.18000030517578,34.220001220703125,33.900001525878906,34.119998931884766,32.156063079833984,194000
2025-01-24,34.0,34.66999816894531,33.869998931884766,34.380001068115234,32.40109634399414,314500
2025-01-27,34.5,35.29999923706055,34.470001220703125,34.90999984741211,32.90059280395508,687600
2025-01-28,34.72999954223633,35.060001373291016,34.380001068115234,34.66999816894531,32.674407958984375,363100
2025-01-29,34.54999923706055,34.68000030517578,33.56999969482422,33.810001373291016,31.863908767700195,290400
2025-01-30,34.2599983215332,34.470001220703125,33.9900016784668,34.22999954223633,32.25973129272461,263700
2025-01-31,34.13999938964844,34.4900016784668,33.9900016784668,34.400001525878906,32.41994094848633,381100
2025-02-03,34.150001525878906,34.630001068115234,33.91999816894531,34.540000915527344,32.5518913269043,483600
2025-02-04,34.36000061035156,34.470001220703125,34.13999938964844,34.349998474121094,32.37281799316406,692900
2025-02-05,34.56999969482422,34.939998626708984,34.529998779296875,34.599998474121094,32.60844039916992,229400
2025-02-06,34.75,34.88999938964844,34.2599983215332,34.38999938964844,32.41051483154297,305600
2025-02-07,34.43000030517578,34.43000030517578,33.93000030517578,33.970001220703125,32.01470184326172,238900
2025-02-10,33.970001220703125,33.9900016784668,33.56999969482422,33.93000030517578,31.97699737548828,278600
2025-02-11,33.79999923706055,34.029998779296875,33.36000061035156,34.0,32.042972564697266,400700
2025-02-12,33.47999954223633,33.900001525878906,33.400001525878906,33.720001220703125,31.779090881347656,221200
2025-02-13,33.88999938964844,34.619998931884766,33.7400016784668,34.56999969482422,32.580162048339844,368000
2025-02-14,34.540000915527344,34.689998626708984,34.349998474121094,34.41999816894531,32.43879318237305,209000
2025-02-18,34.34000015258789,34.97999954223633,34.2599983215332,34.77000045776367,32.76865005493164,242600
2025-02-19,34.75,35.119998931884766,34.65999984741211,34.880001068115234,32.872310638427734,325800
2025-02-20,34.65999984741211,34.939998626708984,34.540000915527344,34.61000061035156,32.79651641845703,319300
2025-02-21,34.880001068115234,34.97999954223633,34.08000183105469,34.439998626708984,32.635414123535156,295000
2025-02-24,34.400001525878906,34.95000076293945,34.18000030517578,34.869998931884766,33.04288864135742,433200
2025-02-25,34.33000183105469,34.79999923706055,33.779998779296875,34.599998474121094,32.78703689575195,599600
2025-02-26,34.47999954223633,34.86000061035156,34.2400016784668,34.709999084472656,32.89126205444336,431600
2025-02-27,34.56999969482422,35.02000045776367,34.5099983215332,34.77000045776367,32.94812774658203,272100
2025-02-28,34.880001068115234,35.04999923706055,34.4900016784668,34.88999938964844,33.061832427978516,451900
2025-03-03,34.84000015258789,35.779998779296875,34.7599983215332,35.77000045776367,33.89572525024414,430300
2025-03-04,35.65999984741211,36.20000076293945,35.529998779296875,35.689998626708984,33.819915771484375,363100
2025-03-05,35.459999084472656,36.060001373291016,35.43000030517578,35.93000030517578,34.047340393066406,484400
2025-03-06,35.7400016784668,35.779998779296875,35.099998474121094,35.7599983215332,33.88624954223633,409100
2025-03-07,35.79999923706055,36.33000183105469,35.5099983215332,36.09000015258789,34.19895935058594,445300
2025-03-10,36.02000045776367,36.77000045776367,35.779998779296875,36.13999938964844,34.246334075927734,375000
2025-03-11,36.34000015258789,36.47999954223633,35.459999084472656,35.72999954223633,33.85782241821289,411500
2025-03-12,35.58000183105469,35.709999084472656,34.90999984741211,35.27000045776367,33.42192840576172,249200
2025-03-13,35.41999816894531,35.84000015258789,35.08000183105469,35.290000915527344,33.440879821777344,182100
2025-03-14,35.31999969482422,35.9900016784668,35.2400016784668,35.959999084472656,34.075767517089844,250400
2025-03-17,35.79999923706055,36.209999084472656,35.79999923706055,35.970001220703125,34.08524703979492,461100
2025-03-18,35.970001220703125,36.20000076293945,35.61000061035156,35.619998931884766,33.75358963012695,443700
2025-03-19,35.54999923706055,35.650001525878906,35.130001068115234,35.36000061035156,33.5072135925293,450600
2025-03-20,35.349998474121094,35.43000030517578,35.040000915527344,35.04999923706055,33.21345138549805,314500
2025-03-21,34.720001220703125,34.939998626708984,34.400001525878906,34.619998931884766,32.98478698730469,675200
2025-03-24,34.86000061035156,35.13999938964844,34.599998474121094,35.060001373291016,33.40400695800781,294900
2025-03-25,34.91999816894531,34.97999954223633,34.529998779296875,34.83000183105469,33.18487548828125,216500
2025-03-26,34.90999984741211,35.22999954223633,34.90999984741211,34.959999084472656,33.3087272644043,152700
2025-03-27,35.11000061035156,35.29999923706055,34.77000045776367,34.93000030517578,33.28014373779297,173600
2025-03-28,35.119998931884766,35.27000045776367,34.869998931884766,35.25,33.58503723144531,263600
2025-03-31,35.29999923706055,35.66999816894531,35.20000076293945,35.45000076293945,33.77558517456055,318800
2025-04-01,35.52000045776367,35.81999969482422,35.15999984741211,35.54999923706055,33.87086486816406,324000
2025-04-02,35.349998474121094,35.77000045776367,35.0099983215332,35.31999969482422,33.65172576904297,291800
2025-04-03,35.290000915527344,36.11000061035156,35.20000076293945,35.400001525878906,33.72795486450195,375700
2025-04-04,35.0099983215332,35.75,34.5,34.689998626708984,33.051483154296875,481200
2025-04-07,33.849998474121094,34.91999816894531,33.0099983215332,33.529998779296875,31.94627571105957,571200
2025-04-08,34.02000045776367,34.38999938964844,32.470001220703125,32.83000183105469,31.27933692932129,366800
2025-04-09,32.380001068115234,34.310001373291016,31.700000762939453,33.86000061035156,32.26068115234375,558900
2025-04-10,33.75,34.45000076293945,33.25,33.70000076293945,32.108245849609375,322200
2025-04-11,33.7599983215332,34.310001373291016,33.20000076293945,34.06999969482422,32.46077346801758,315100
2025-04-14,34.220001220703125,34.88999938964844,34.11000061035156,34.650001525878906,33.01337814331055,239200
2025-04-15,34.66999816894531,35.119998931884766,34.560001373291016,34.959999084472656,33.3087272644043,432000
2025-04-16,35.04999923706055,35.41999816894531,34.86000061035156,35.290000915527344,33.623146057128906,267900
2025-04-17,35.099998474121094,35.83000183105469,35.099998474121094,35.75,34.06141662597656,289300
2025-04-21,35.529998779296875,35.97999954223633,35.20000076293945,35.54999923706055,33.87086486816406,347300
2025-04-22,35.75,36.220001220703125,35.43000030517578,36.099998474121094,34.57969665527344,335800
2025-04-23,36.040000915527344,36.38999938964844,35.40999984741211,35.52000045776367,34.02412414550781,303700
2025-04-24,35.59000015258789,35.59000015258789,35.25,35.52000045776367,34.02412414550781,203700
2025-04-25,35.45000076293945,35.560001373291016,34.95000076293945,35.40999984741211,33.918758392333984,172500
2025-04-28,35.400001525878906,35.61000061035156,35.040000915527344,35.47999954223633,33.985809326171875,360500
2025-04-29,35.31999969482422,35.75,35.310001373291016,35.540000915527344,34.043277740478516,296200
2025-04-30,35.54999923706055,35.959999084472656,35.2400016784668,35.869998931884766,34.35939025878906,290000
2025-05-01,35.68000030517578,35.9900016784668,35.41999816894531,35.709999084472656,34.20612335205078,214000
2025-05-02,35.970001220703125,36.0,35.2400016784668,35.25,33.765499114990234,403700
2025-05-05,35.380001068115234,35.5099983215332,34.58000183105469,34.58000183105469,33.12371063232422,582400
2025-05-06,34.97999954223633,35.869998931884766,34.11000061035156,35.790000915527344,34.28275680541992,523300
2025-05-07,35.9900016784668,36.9900016784668,35.90999984741211,36.2400016784668,34.71380615234375,503300
2025-05-08,36.2400016784668,36.5099983215332,35.70000076293945,35.81999969482422,34.31148910522461,255800
2025-05-09,35.77000045776367,36.029998779296875,35.41999816894531,35.900001525878906,34.38812255859375,247800
2025-05-12,36.099998474121094,36.400001525878906,35.470001220703125,35.5,34.004966735839844,306100
2025-05-13,35.66999816894531,35.7599983215332,35.22999954223633,35.560001373291016,34.062442779541016,352900
2025-05-14,35.36000061035156,35.41999816894531,34.75,35.040000915527344,33.5643424987793,332700
2025-05-15,35.279998779296875,35.70000076293945,35.2599983215332,35.459999084472656,33.966644287109375,385600
2025-05-16,35.4900016784668,36.0,35.4900016784668,35.9900016784668,34.474327087402344,279900
2025-05-19,35.970001220703125,36.13999938964844,35.849998474121094,36.13999938964844,34.618011474609375,342200
2025-05-20,36.08000183105469,36.20000076293945,35.900001525878906,35.939998626708984,34.42643737792969,244300
2025-05-21,35.779998779296875,35.91999816894531,35.150001525878906,35.34000015258789,33.85170364379883,266600
2025-05-22,35.189998626708984,35.369998931884766,34.7599983215332,34.849998474121094,33.56278610229492,306100
2025-05-23,34.849998474121094,35.380001068115234,34.779998779296875,35.279998779296875,33.97690200805664,334100
2025-05-27,35.45000076293945,35.86000061035156,35.31999969482422,35.66999816894531,34.35249710083008,387800
2025-05-28,35.66999816894531,35.68000030517578,34.970001220703125,35.20000076293945,33.89985656738281,256700
2025-05-29,35.099998474121094,35.56999969482422,35.099998474121094,35.369998931884766,34.063575744628906,254700
2025-05-30,35.290000915527344,35.720001220703125,35.220001220703125,35.38999938964844,34.08283996582031,325400
2025-06-02,35.25,35.75,35.130001068115234,35.27000045776367,33.9672737121582,374300
2025-06-03,35.34000015258789,35.599998474121094,34.81999969482422,35.06999969482422,33.774658203125,248800
2025-06-04,34.95000076293945,35.33000183105469,34.849998474121094,34.88999938964844,33.60130310058594,234100
2025-06-05,34.88999938964844,34.9900016784668,34.54999923706055,34.84000015258789,33.55315399169922,253000
2025-06-06,34.9900016784668,35.220001220703125,34.84000015258789,34.93000030517578,33.63983154296875,216000
2025-06-09,34.849998474121094,35.119998931884766,34.529998779296875,34.9900016784668,33.6976203918457,249600
2025-06-10,35.09000015258789,35.34000015258789,34.880001068115234,35.2599983215332,33.957645416259766,347300
2025-06-11,35.310001373291016,35.65999984741211,35.220001220703125,35.529998779296875,34.21766662597656,409100
2025-06-12,35.470001220703125,35.7599983215332,35.34000015258789,35.56999969482422,34.256195068359375,328100
2025-06-13,35.59000015258789,35.63999938964844,34.95000076293945,35.099998474121094,33.803550720214844,245400
2025-06-16,35.15999984741211,35.5,34.650001525878906,34.75,33.46648025512695,325400
2025-06-17,34.75,35.209999084472656,34.619998931884766,35.06999969482422,33.774658203125,256700
2025-06-18,35.11000061035156,35.439998626708984,34.880001068115234,35.33000183105469,34.02505874633789,319500
2025-06-20,35.209999084472656,35.41999816894531,34.779998779296875,34.970001220703125,33.86044692993164,454200
2025-06-23,35.0,35.459999084472656,34.97999954223633,35.41999816894531,34.29616928100586,293300
2025-06-24,35.58000183105469,35.58000183105469,35.13999938964844,35.18000030517578,34.06378936767578,368500
2025-06-25,35.04999923706055,35.15999984741211,34.58000183105469,34.59000015258789,33.49250793457031,374100
2025-06-26,34.75,35.09000015258789,34.47999954223633,34.81999969482422,33.715206146240234,285800
2025-06-27,34.880001068115234,34.97999954223633,34.439998626708984,34.5099983215332,33.41504669189453,458800
2025-06-30,34.54999923706055,34.68000030517578,34.20000076293945,34.61000061035156,33.51187515258789,355500
2025-07-01,34.869998931884766,35.13999938964844,34.54999923706055,34.68000030517578,33.579654693603516,346100
2025-07-02,34.599998474121094,35.20000076293945,34.470001220703125,35.20000076293945,34.08314895629883,344500
2025-07-03,35.209999084472656,35.4900016784668,35.15999984741211,35.33000183105469,34.20902633666992,167200
2025-07-07,35.380001068115234,35.65999984741211,35.099998474121094,35.20000076293945,34.08314895629883,354200
2025-07-08,35.099998474121094,35.41999816894531,34.900001525878906,35.2599983215332,34.14125061035156,325600
2025-07-09,35.43000030517578,35.810001373291016,35.290000915527344,35.61000061035156,34.48014450073242,328400
2025-07-10,35.40999984741211,35.630001068115234,34.79999923706055,34.95000076293945,33.841087341308594,712800
2025-07-11,34.83000183105469,35.38999938964844,34.75,35.310001373291016,34.189666748046875,514600
2025-07-14,35.41999816894531,35.81999969482422,35.27000045776367,35.66999816894531,34.538238525390625,292400
2025-07-15,35.619998931884766,35.84000015258789,35.0099983215332,35.25,34.131568908691406,413900
2025-07-16,35.34000015258789,35.63999938964844,35.27000045776367,35.290000915527344,34.1702995300293,509800
2025-07-17,35.16999816894531,35.439998626708984,34.849998474121094,34.849998474121094,33.74425506591797,438300
2025-07-18,34.95000076293945,35.22999954223633,34.72999954223633,35.02000045776367,33.90886688232422,400300
2025-07-21,35.150001525878906,35.34000015258789,35.0,35.13999938964844,34.02505874633789,396800
2025-07-22,35.11000061035156,35.58000183105469,35.0099983215332,35.439998626708984,34.3155403137207,387700
2025-07-23,35.25,35.56999969482422,35.130001068115234,35.52000045776367,34.5783805847168,284700
2025-07-24,35.34000015258789,35.709999084472656,35.20000076293945,35.54999923706055,34.60758590698242,219300
2025-07-25,35.54999923706055,35.7400016784668,35.279998779296875,35.459999084472656,34.51997375488281,227400
2025-07-28,35.470001220703125,35.59000015258789,34.34000015258789,34.36000061035156,33.44913101196289,491600
2025-07-29,34.56999969482422,34.779998779296875,34.15999984741211,34.689998626708984,33.770381927490234,442500
2025-07-30,34.599998474121094,34.83000183105469,33.97999954223633,34.18000030517578,33.273902893066406,314100
2025-07-31,34.0,34.5,33.95000076293945,34.040000915527344,33.13761520385742,475300
2025-08-01,34.560001373291016,34.560001373291016,33.88999938964844,34.290000915527344,33.38098907470703,431300
2025-08-04,34.31999969482422,34.81999969482422,34.27000045776367,34.7400016784668,33.819053649902344,391400
2025-08-05,34.33000183105469,35.790000915527344,34.189998626708984,35.150001525878906,34.21818923950195,682000
2025-08-06,35.40999984741211,36.0,35.09000015258789,35.150001525878906,34.21818923950195,445000
2025-08-07,35.41999816894531,35.599998474121094,35.060001373291016,35.310001373291016,34.37394714355469,370600
2025-08-08,35.33000183105469,35.849998474121094,35.31999969482422,35.83000183105469,34.880165100097656,276500
2025-08-11,35.880001068115234,36.08000183105469,35.68000030517578,35.810001373291016,34.86069107055664,311500
2025-08-12,35.880001068115234,36.13999938964844,35.619998931884766,36.029998779296875,35.074859619140625,460200
2025-08-13,36.04999923706055,36.11000061035156,35.34000015258789,35.81999969482422,34.87042999267578,362700
2025-08-14,35.65999984741211,35.7599983215332,35.40999984741211,35.5,34.55891418457031,412200
2025-08-15,35.5,35.58000183105469,35.29999923706055,35.52000045776367,34.5783805847168,262500
2025-08-18,35.619998931884766,35.810001373291016,35.439998626708984,35.5099983215332,34.56864547729492,244000
2025-08-19,35.529998779296875,36.0,35.529998779296875,35.93000030517578,34.977516174316406,270600
2025-08-20,36.0,36.400001525878906,35.75,36.2599983215332,35.298763275146484,509300
2025-08-21,36.04999923706055,36.650001525878906,35.93000030517578,36.529998779296875,35.748931884765625,493800
2025-08-22,36.65999984741211,37.189998626708984,36.56999969482422,36.79999923706055,36.01315689086914,477800
2025-08-25,36.7599983215332,36.95000076293945,35.880001068115234,35.97999954223633,35.21068572998047,362800
2025-08-26,35.88999938964844,36.2599983215332,35.810001373291016,36.09000015258789,35.318336486816406,293300
2025-08-27,36.18000030517578,36.529998779296875,36.13999938964844,36.459999084472656,35.680423736572266,381700
2025-08-28,36.400001525878906,36.47999954223633,36.08000183105469,36.470001220703125,35.69021224975586,282200
2025-08-29,36.470001220703125,36.65999984741211,36.310001373291016,36.5,35.719573974609375,272700
2025-09-02,36.45000076293945,36.63999938964844,36.13999938964844,36.33000183105469,35.55320739746094,343600
2025-09-03,36.130001068115234,36.5,36.11000061035156,36.220001220703125,35.445556640625,266300
2025-09-04,36.439998626708984,36.47999954223633,36.029998779296875,36.38999938964844,35.61192321777344,197100
2025-09-05,36.540000915527344,36.689998626708984,36.31999969482422,36.619998931884766,35.837005615234375,301500
2025-09-08,36.349998474121094,36.65999984741211,36.349998474121094,36.61000061035156,35.82722473144531,221200
2025-09-09,36.61000061035156,36.84000015258789,36.290000915527344,36.560001373291016,35.778289794921875,221300
2025-09-10,36.40999984741211,36.58000183105469,36.349998474121094,36.54999923706055,35.76850128173828,212900
2025-09-11,36.61000061035156,36.68000030517578,36.279998779296875,36.529998779296875,35.748931884765625,269000
2025-09-12,36.58000183105469,36.66999816894531,36.209999084472656,36.220001220703125,35.445556640625,257500
2025-09-15,36.29999923706055,36.40999984741211,36.08000183105469,36.25,35.474918365478516,251500
2025-09-16,36.25,36.470001220703125,35.5099983215332,35.56999969482422,34.80945587158203,366200
2025-09-17,35.70000076293945,35.97999954223633,35.459999084472656,35.540000915527344,34.78010177612305,306300
2025-09-18,35.5,36.04999923706055,35.43000030517578,35.849998474121094,35.083465576171875,250700
2025-09-19,35.40999984741211,35.83000183105469,35.34000015258789,35.810001373291016,35.04432678222656,783200
2025-09-22,35.5,35.52000045776367,35.099998474121094,35.150001525878906,34.5819206237793,568500
2025-09-23,35.15999984741211,35.56999969482422,35.119998931884766,35.45000076293945,34.877071380615234,433300
2025-09-24,35.720001220703125,36.25,35.619998931884766,36.08000183105469,35.496891021728516,725100
2025-09-25,36.13999938964844,36.630001068115234,36.06999969482422,36.29999923706055,35.71333694458008,543200
2025-09-26,36.41999816894531,36.65999984741211,36.150001525878906,36.61000061035156,36.01832580566406,613000
2025-09-29,36.4900016784668,36.7599983215332,36.25,36.310001373291016,35.723175048828125,401500
2025-09-30,36.34000015258789,37.04999923706055,36.209999084472656,36.86000061035156,36.264286041259766,586500
2025-10-01,36.84000015258789,37.25,36.84000015258789,37.029998779296875,36.43153381347656,402800
2025-10-02,36.959999084472656,37.040000915527344,36.27000045776367,36.45000076293945,35.86090850830078,262800
2025-10-03,36.5,36.790000915527344,36.0,36.0,35.418182373046875,295800
2025-10-06,35.900001525878906,36.150001525878906,35.040000915527344,35.060001373291016,34.493377685546875,335800
2025-10-07,35.0,35.040000915527344,34.47999954223633,34.91999816894531,34.35563278198242,366900
2025-10-08,34.91999816894531,34.970001220703125,34.349998474121094,34.56999969482422,34.01129150390625,378200
2025-10-09,34.619998931884766,34.7599983215332,34.29999923706055,34.34000015258789,33.78500747680664,263900
2025-10-10,34.43000030517578,34.650001525878906,34.15999984741211,34.279998779296875,33.72597885131836,373100
2025-10-13,34.20000076293945,34.630001068115234,33.77000045776367,33.97999954223633,33.43082809448242,337900
2025-10-14,33.86000061035156,34.59000015258789,33.86000061035156,34.209999084472656,33.65711212158203,336800
2025-10-15,34.31999969482422,34.70000076293945,34.2400016784668,34.66999816894531,34.109676361083984,291700
2025-10-16,34.72999954223633,34.959999084472656,34.529998779296875,34.619998931884766,34.06048583984375,267700
2025-10-17,34.650001525878906,35.2400016784668,34.650001525878906,35.220001220703125,34.65079116821289,383800
2025-10-20,35.310001373291016,35.540000915527344,35.13999938964844,35.529998779296875,34.955780029296875,269400
2025-10-21,35.540000915527344,35.59000015258789,34.91999816894531,35.06999969482422,34.503211975097656,288400
2025-10-22,35.25,35.619998931884766,35.209999084472656,35.36000061035156,34.78852844238281,316100
2025-10-23,35.369998931884766,35.369998931884766,35.040000915527344,35.20000076293945,34.81820297241211,350000
2025-10-24,35.20000076293945,35.52000045776367,35.16999816894531,35.34000015258789,34.95668029785156,291500
2025-10-27,35.439998626708984,35.720001220703125,35.369998931884766,35.61000061035156,35.2237548828125,420200
2025-10-28,35.400001525878906,35.560001373291016,34.91999816894531,35.189998626708984,34.80830764770508,345800
2025-10-29,35.040000915527344,35.33000183105469,34.45000076293945,34.630001068115234,34.25438690185547,380100
2025-10-30,34.650001525878906,35.119998931884766,34.529998779296875,35.119998931884766,34.73906707763672,349000
2025-10-31,34.97999954223633,35.540000915527344,34.65999984741211,35.08000183105469,34.69950485229492,408600
2025-11-03,34.959999084472656,35.790000915527344,34.79999923706055,35.38999938964844,35.006141662597656,499500
2025-11-04,35.7400016784668,35.939998626708984,35.220001220703125,35.58000183105469,35.19408416748047,462200
2025-11-05,35.7400016784668,36.45000076293945,35.36000061035156,35.58000183105469,35.19408416748047,518400
2025-11-06,35.4900016784668,35.68000030517578,34.939998626708984,35.52000045776367,35.13473129272461,388200
2025-11-07,35.650001525878906,36.02000045776367,35.47999954223633,35.880001068115234,35.49082565307617,434800
2025-11-10,36.060001373291016,36.40999984741211,35.63999938964844,36.279998779296875,35.8864860534668,470900
2025-11-11,36.5,36.5,36.11000061035156,36.16999816894531,35.77767562866211,287100
2025-11-12,36.02000045776367,36.13999938964844,35.709999084472656,35.709999084472656,35.322669982910156,388700
2025-11-13,35.619998931884766,35.91999816894531,35.540000915527344,35.81999969482422,35.43147659301758,340000
2025-11-14,35.91999816894531,36.16999816894531,35.54999923706055,36.06999969482422,35.67876434326172,432800
2025-11-17,36.150001525878906,36.45000076293945,35.970001220703125,36.06999969482422,35.67876434326172,285600
2025-11-18,36.189998626708984,36.619998931884766,35.97999954223633,36.459999084472656,36.06453323364258,364000
2025-11-19,36.25,36.54999923706055,35.72999954223633,35.81999969482422,35.43147659301758,609500
2025-11-20,35.77000045776367,35.959999084472656,35.529998779296875,35.7400016784668,35.540863037109375,447600
2025-11-21,35.7599983215332,36.18000030517578,35.5,35.970001220703125,35.76958084106445,518500
2025-11-24,36.0,36.33000183105469,35.75,35.959999084472656,35.75963592529297,415600
2025-11-25,36.130001068115234,36.810001373291016,35.95000076293945,36.5,36.296627044677734,678100
2025-11-26,36.47999954223633,36.91999816894531,36.47999954223633,36.59000015258789,36.38612747192383,575300
2025-11-28,36.65999984741211,36.75,36.25,36.4900016784668,36.286685943603516,234200
2025-12-01,36.2400016784668,36.459999084472656,35.93000030517578,36.029998779296875,35.829246520996094,338000
2025-12-02,36.04999923706055,36.36000061035156,35.63999938964844,35.880001068115234,35.680084228515625,403100
2025-12-03,36.02000045776367,36.02000045776367,35.41999816894531,35.63999938964844,35.4414176940918,343300
2025-12-04,35.54999923706055,35.810001373291016,35.369998931884766,35.43000030517578,35.23258972167969,315900
2025-12-05,35.310001373291016,35.47999954223633,35.040000915527344,35.18000030517578,34.98398208618164,266400
2025-12-08,35.18000030517578,35.43000030517578,35.0,35.13999938964844,34.94420623779297,245800
2025-12-09,35.33000183105469,35.68000030517578,35.09000015258789,35.11000061035156,34.914371490478516,234600
2025-12-10,35.150001525878906,35.380001068115234,34.77000045776367,34.83000183105469,34.63593292236328,411700
2025-12-11,34.90999984741211,35.13999938964844,34.279998779296875,34.369998931884766,34.17849349975586,423500
2025-12-12,34.45000076293945,34.91999816894531,34.45000076293945,34.689998626708984,34.49671173095703,497700
2025-12-15,34.81999969482422,35.119998931884766,34.79999923706055,34.97999954223633,34.78509521484375,424900
2025-12-16,35.02000045776367,35.279998779296875,34.38999938964844,34.40999984741211,34.2182731628418,375700
2025-12-17,34.5,34.65999984741211,34.33000183105469,34.5,34.307769775390625,339200
2025-12-18,34.5099983215332,34.70000076293945,34.15999984741211,34.369998931884766,34.17849349975586,325000
2025-12-19,34.09000015258789,34.31999969482422,34.09000015258789,34.20000076293945,34.00944519042969,934900
2025-12-22,34.11000061035156,34.25,33.88999938964844,34.099998474121094,33.90999984741211,376900
2025-12-23,33.90999984741211,34.220001220703125,33.63999938964844,34.040000915527344,34.040000915527344,311400
2025-12-24,33.939998626708984,34.290000915527344,33.939998626708984,34.25,34.25,178400
2025-12-26,34.33000183105469,34.459999084472656,34.13999938964844,34.16999816894531,34.16999816894531,283800
2025-12-29,34.34000015258789,34.560001373291016,34.099998474121094,34.560001373291016,34.560001373291016,379200
2025-12-30,34.5,34.689998626708984,34.40999984741211,34.630001068115234,34.630001068115234,380500
