date,open,high,low,close,adj_close,volume
,MITQ,MITQ,MITQ,MITQ,MITQ,MITQ
2021-07-08,12.0,27.308000564575195,12.0,24.0,24.0,2479400
2021-07-09,24.420000076293945,25.5,15.1899995803833,15.949999809265137,15.949999809265137,2648800
2021-07-12,15.039999961853027,19.799999237060547,10.100000381469727,10.84000015258789,10.84000015258789,5954500
2021-07-13,9.84000015258789,10.300000190734863,6.699999809265137,7.199999809265137,7.199999809265137,2550700
2021-07-14,6.130000114440918,7.300000190734863,4.5,5.010000228881836,5.010000228881836,2707200
2021-07-15,5.190000057220459,7.309999942779541,4.75,5.489999771118164,5.489999771118164,8100300
2021-07-16,5.5,5.550000190734863,4.800000190734863,5.300000190734863,5.300000190734863,1017400
2021-07-19,4.929999828338623,5.0,3.7880001068115234,4.170000076293945,4.170000076293945,2716300
2021-07-20,4.090000152587891,4.53000020980835,3.9000000953674316,4.099999904632568,4.099999904632568,2663300
2021-07-21,3.990000009536743,4.630000114440918,3.8499999046325684,4.610000133514404,4.610000133514404,2937500
2021-07-22,4.46999979019165,4.78000020980835,4.13700008392334,4.159999847412109,4.159999847412109,1983600
2021-07-23,4.159999847412109,5.28000020980835,4.130000114440918,4.230000019073486,4.230000019073486,3123500
2021-07-26,4.099999904632568,5.630000114440918,4.050000190734863,4.289999961853027,4.289999961853027,12148800
2021-07-27,4.25,4.420000076293945,3.880000114440918,4.039999961853027,4.039999961853027,929600
2021-07-28,3.9600000381469727,4.139999866485596,3.930000066757202,4.070000171661377,4.070000171661377,436400
2021-07-29,4.119999885559082,4.182000160217285,3.950000047683716,4.010000228881836,4.010000228881836,235300
2021-07-30,3.940000057220459,4.050000190734863,3.819999933242798,3.880000114440918,3.880000114440918,309500
2021-08-02,3.890000104904175,3.999000072479248,3.7899999618530273,3.869999885559082,3.869999885559082,290500
2021-08-03,3.7899999618530273,3.9000000953674316,3.559999942779541,3.630000114440918,3.630000114440918,421900
2021-08-04,3.509999990463257,3.549999952316284,3.2750000953674316,3.380000114440918,3.380000114440918,463600
2021-08-05,3.309999942779541,3.490000009536743,3.25,3.2799999713897705,3.2799999713897705,327700
2021-08-06,3.2899999618530273,3.4000000953674316,3.2799999713897705,3.3399999141693115,3.3399999141693115,197400
2021-08-09,3.359999895095825,3.372999906539917,3.2339999675750732,3.2899999618530273,3.2899999618530273,225500
2021-08-10,3.3499999046325684,3.8499999046325684,3.2799999713897705,3.8299999237060547,3.8299999237060547,1294100
2021-08-11,3.7300000190734863,3.9800000190734863,3.4200000762939453,3.6500000953674316,3.6500000953674316,1236000
2021-08-12,3.690000057220459,3.9100000858306885,3.509999990463257,3.6649999618530273,3.6649999618530273,677300
2021-08-13,3.619999885559082,3.630000114440918,3.2799999713897705,3.299999952316284,3.299999952316284,318900
2021-08-16,3.3299999237060547,3.450000047683716,3.299999952316284,3.359999895095825,3.359999895095825,152600
2021-08-17,3.359999895095825,3.369999885559082,3.0999999046325684,3.0999999046325684,3.0999999046325684,228900
2021-08-18,3.0899999141693115,3.2799999713897705,3.059999942779541,3.2200000286102295,3.2200000286102295,176100
2021-08-19,3.1500000953674316,3.25,2.9600000381469727,2.9800000190734863,2.9800000190734863,293200
2021-08-20,3.009999990463257,3.130000114440918,2.9539999961853027,3.009999990463257,3.009999990463257,222400
2021-08-23,3.0299999713897705,3.3499999046325684,2.950000047683716,3.109999895095825,3.109999895095825,1201700
2021-08-24,3.0899999141693115,3.200000047683716,3.009999990463257,3.0999999046325684,3.0999999046325684,271200
2021-08-25,3.140000104904175,3.2899999618530273,3.119999885559082,3.2200000286102295,3.2200000286102295,251500
2021-08-26,3.2200000286102295,3.390000104904175,3.0999999046325684,3.109999895095825,3.109999895095825,292700
2021-08-27,3.1600000858306885,3.25,3.069999933242798,3.130000114440918,3.130000114440918,213300
2021-08-30,3.1700000762939453,3.5999999046325684,3.130000114440918,3.390000104904175,3.390000104904175,763800
2021-08-31,3.319999933242798,3.7200000286102295,3.2799999713897705,3.390000104904175,3.390000104904175,814000
2021-09-01,3.430000066757202,3.440000057220459,3.25,3.309999942779541,3.309999942779541,239800
2021-09-02,3.319999933242798,3.5299999713897705,3.299999952316284,3.4800000190734863,3.4800000190734863,617800
2021-09-03,3.5,3.5,3.299999952316284,3.359999895095825,3.359999895095825,180500
2021-09-07,3.390000104904175,3.5799999237060547,3.3239998817443848,3.369999885559082,3.369999885559082,436100
2021-09-08,3.5,3.6500000953674316,3.2899999618530273,3.5999999046325684,3.5999999046325684,977200
2021-09-09,3.700000047683716,3.869999885559082,3.549999952316284,3.569999933242798,3.569999933242798,615100
2021-09-10,3.5799999237060547,3.5899999141693115,3.380000114440918,3.430000066757202,3.430000066757202,406900
2021-09-13,3.4000000953674316,3.484999895095825,3.2300000190734863,3.369999885559082,3.369999885559082,167900
2021-09-14,3.369999885559082,3.3949999809265137,3.049999952316284,3.069999933242798,3.069999933242798,405900
2021-09-15,3.069999933242798,3.190000057220459,3.0199999809265137,3.0399999618530273,3.0399999618530273,161700
2021-09-16,3.049999952316284,3.109999895095825,2.859999895095825,2.950000047683716,2.950000047683716,530400
2021-09-17,3.140000104904175,3.140000104904175,2.9200000762939453,2.9200000762939453,2.9200000762939453,714800
2021-09-20,2.799999952316284,2.859999895095825,2.5999999046325684,2.619999885559082,2.619999885559082,717100
2021-09-21,2.740000009536743,2.950000047683716,2.6500000953674316,2.890000104904175,2.890000104904175,669000
2021-09-22,2.9800000190734863,2.9800000190734863,2.700000047683716,2.7200000286102295,2.7200000286102295,729600
2021-09-23,2.7200000286102295,2.809999942779541,2.7100000381469727,2.759999990463257,2.759999990463257,244900
2021-09-24,2.799999952316284,2.799999952316284,2.7200000286102295,2.740000009536743,2.740000009536743,118400
2021-09-27,2.7100000381469727,2.7699999809265137,2.6700000762939453,2.7100000381469727,2.7100000381469727,358300
2021-09-28,2.700000047683716,2.869999885559082,2.680000066757202,2.819999933242798,2.819999933242798,465200
2021-09-29,2.75,3.4100000858306885,2.75,3.069999933242798,3.069999933242798,3927100
2021-09-30,2.880000114440918,3.0199999809265137,2.75,2.819999933242798,2.819999933242798,857500
2021-10-01,2.950000047683716,2.950000047683716,2.75,2.7899999618530273,2.7899999618530273,270700
2021-10-04,2.759999990463257,2.7899999618530273,2.549999952316284,2.6500000953674316,2.6500000953674316,692700
2021-10-05,2.4800000190734863,2.809999942779541,2.4800000190734863,2.690000057220459,2.690000057220459,929800
2021-10-06,2.6600000858306885,3.0899999141693115,2.509999990463257,2.609999895095825,2.609999895095825,3459100
2021-10-07,2.640000104904175,2.990000009536743,2.549999952316284,2.9000000953674316,2.9000000953674316,918900
2021-10-08,2.930000066757202,2.9800000190734863,2.828000068664551,2.9000000953674316,2.9000000953674316,450900
2021-10-11,2.859999895095825,3.0299999713897705,2.7699999809265137,2.819999933242798,2.819999933242798,356400
2021-10-12,2.9200000762939453,3.119999885559082,2.809999942779541,3.0199999809265137,3.0199999809265137,912700
2021-10-13,2.9800000190734863,3.2300000190734863,2.950000047683716,3.200000047683716,3.200000047683716,602100
2021-10-14,3.200000047683716,3.200000047683716,3.0299999713897705,3.1029999256134033,3.1029999256134033,266000
2021-10-15,3.059999942779541,3.062000036239624,2.9000000953674316,2.9700000286102295,2.9700000286102295,370000
2021-10-18,2.950000047683716,3.003000020980835,2.869999885559082,2.930000066757202,2.930000066757202,127000
2021-10-19,2.9200000762939453,2.9700000286102295,2.6700000762939453,2.7049999237060547,2.7049999237060547,673400
2021-10-20,2.8499999046325684,2.878999948501587,2.799999952316284,2.8499999046325684,2.8499999046325684,419000
2021-10-21,2.8299999237060547,2.890000104904175,2.700000047683716,2.7100000381469727,2.7100000381469727,151200
2021-10-22,2.7100000381469727,2.7980000972747803,2.619999885559082,2.6600000858306885,2.6600000858306885,356600
2021-10-25,2.6500000953674316,2.7899999618530273,2.640000104904175,2.700000047683716,2.700000047683716,141000
2021-10-26,2.740000009536743,2.740000009536743,2.5999999046325684,2.6500000953674316,2.6500000953674316,138600
2021-10-27,2.640000104904175,3.4600000381469727,2.5899999141693115,2.890000104904175,2.890000104904175,8571100
2021-10-28,2.9000000953674316,3.4200000762939453,2.8320000171661377,3.009999990463257,3.009999990463257,3545000
2021-10-29,2.930000066757202,2.9830000400543213,2.740000009536743,2.759999990463257,2.759999990463257,594300
2021-11-01,2.799999952316284,2.8420000076293945,2.6600000858306885,2.759999990463257,2.759999990463257,405100
2021-11-02,2.799999952316284,2.859999895095825,2.7200000286102295,2.7899999618530273,2.7899999618530273,235100
2021-11-03,2.7699999809265137,2.869999885559082,2.7699999809265137,2.7899999618530273,2.7899999618530273,210700
2021-11-04,2.799999952316284,2.880000114440918,2.75,2.7699999809265137,2.7699999809265137,210700
2021-11-05,2.759999990463257,2.819999933242798,2.6500000953674316,2.7200000286102295,2.7200000286102295,275800
2021-11-08,2.7200000286102295,2.819999933242798,2.7200000286102295,2.7899999618530273,2.7899999618530273,207100
2021-11-09,2.799999952316284,2.825000047683716,2.700000047683716,2.809999942779541,2.809999942779541,274800
2021-11-10,2.753999948501587,2.799999952316284,2.7100000381469727,2.7100000381469727,2.7100000381469727,96100
2021-11-11,2.75,2.7899999618530273,2.680000066757202,2.700000047683716,2.700000047683716,6590500
2021-11-12,3.2899999618530273,3.5,3.0999999046325684,3.2799999713897705,3.2799999713897705,27731300
2021-11-15,2.9600000381469727,3.0899999141693115,2.819999933242798,2.869999885559082,2.869999885559082,1767800
2021-11-16,2.9000000953674316,3.049999952316284,2.759999990463257,2.859999895095825,2.859999895095825,1260800
2021-11-17,2.9000000953674316,2.9130001068115234,2.700000047683716,2.75,2.75,461300
2021-11-18,2.7300000190734863,2.759999990463257,2.490000009536743,2.569999933242798,2.569999933242798,805300
2021-11-19,2.559999942779541,2.5899999141693115,2.4200000762939453,2.440000057220459,2.440000057220459,602200
2021-11-22,2.440000057220459,2.4619998931884766,2.1600000858306885,2.247999906539917,2.247999906539917,300900
2021-11-23,2.2899999618530273,2.305000066757202,2.069999933242798,2.119999885559082,2.119999885559082,217100
2021-11-24,2.0999999046325684,2.3499999046325684,2.0799999237060547,2.2200000286102295,2.2200000286102295,399800
2021-11-26,2.1700000762939453,2.2950000762939453,2.1480000019073486,2.2799999713897705,2.2799999713897705,109200
2021-11-29,2.180000066757202,2.2799999713897705,2.109999895095825,2.119999885559082,2.119999885559082,168700
2021-11-30,2.0999999046325684,2.119999885559082,1.9700000286102295,2.0299999713897705,2.0299999713897705,195900
2021-12-01,2.061000108718872,2.0799999237060547,1.8619999885559082,1.8799999952316284,1.8799999952316284,469500
2021-12-02,1.9199999570846558,1.9900000095367432,1.8899999856948853,1.9900000095367432,1.9900000095367432,215700
2021-12-03,1.940000057220459,2.0799999237060547,1.899999976158142,2.0299999713897705,2.0299999713897705,180500
2021-12-06,1.9900000095367432,2.25,1.9800000190734863,2.1700000762939453,2.1700000762939453,298000
2021-12-07,2.2899999618530273,2.2899999618530273,2.069999933242798,2.140000104904175,2.140000104904175,217600
2021-12-08,2.140000104904175,2.2799999713897705,2.109999895095825,2.25,2.25,257900
2021-12-09,2.2100000381469727,2.240000009536743,2.130000114440918,2.2100000381469727,2.2100000381469727,720900
2021-12-10,2.309999942779541,2.3499999046325684,2.2200000286102295,2.319999933242798,2.319999933242798,461300
2021-12-13,2.240000009536743,2.309999942779541,2.140000104904175,2.240000009536743,2.240000009536743,132700
2021-12-14,2.2100000381469727,2.5,2.119999885559082,2.2799999713897705,2.2799999713897705,369300
2021-12-15,2.240000009536743,2.252000093460083,2.069999933242798,2.240000009536743,2.240000009536743,191500
2021-12-16,2.25,2.25,2.119999885559082,2.190000057220459,2.190000057220459,103000
2021-12-17,2.1700000762939453,2.2200000286102295,2.109999895095825,2.200000047683716,2.200000047683716,57100
2021-12-20,2.130000114440918,2.25,2.109999895095825,2.25,2.25,201400
2021-12-21,2.180000066757202,2.316999912261963,2.1500000953674316,2.240000009536743,2.240000009536743,228000
2021-12-22,2.2300000190734863,2.299999952316284,2.203000068664551,2.2300000190734863,2.2300000190734863,42300
2021-12-23,2.2100000381469727,2.4539999961853027,2.140000104904175,2.319999933242798,2.319999933242798,919900
2021-12-27,2.319999933242798,2.371000051498413,2.200000047683716,2.2300000190734863,2.2300000190734863,137500
2021-12-28,2.2300000190734863,2.263000011444092,2.1700000762939453,2.200000047683716,2.200000047683716,153800
2021-12-29,2.240000009536743,2.240000009536743,2.0299999713897705,2.0799999237060547,2.0799999237060547,258100
2021-12-30,2.0799999237060547,2.180000066757202,2.0799999237060547,2.119999885559082,2.119999885559082,138800
2021-12-31,2.109999895095825,2.1700000762939453,2.0799999237060547,2.0999999046325684,2.0999999046325684,73500
2022-01-03,2.0799999237060547,2.180000066757202,2.0299999713897705,2.119999885559082,2.119999885559082,182400
2022-01-04,2.1700000762939453,2.1700000762939453,2.049999952316284,2.0899999141693115,2.0899999141693115,76800
2022-01-05,2.130000114440918,2.184999942779541,1.9500000476837158,1.9600000381469727,1.9600000381469727,151300
2022-01-06,1.9800000190734863,2.009999990463257,1.850000023841858,1.9900000095367432,1.9900000095367432,126500
2022-01-07,1.9600000381469727,1.9900000095367432,1.899999976158142,1.909999966621399,1.909999966621399,60600
2022-01-10,1.8200000524520874,1.8680000305175781,1.7200000286102295,1.7400000095367432,1.7400000095367432,141200
2022-01-11,1.7599999904632568,1.840000033378601,1.7100000381469727,1.840000033378601,1.840000033378601,59900
2022-01-12,1.8300000429153442,1.850000023841858,1.7200000286102295,1.8300000429153442,1.8300000429153442,90300
2022-01-13,1.8200000524520874,1.8300000429153442,1.7649999856948853,1.7899999618530273,1.7899999618530273,64100
2022-01-14,1.75,1.7899999618530273,1.7000000476837158,1.7200000286102295,1.7200000286102295,79100
2022-01-18,1.7680000066757202,1.7680000066757202,1.6200000047683716,1.6460000276565552,1.6460000276565552,78400
2022-01-19,1.625,1.625,1.399999976158142,1.5199999809265137,1.5199999809265137,696000
2022-01-20,1.4299999475479126,1.5499999523162842,1.4199999570846558,1.4600000381469727,1.4600000381469727,314900
2022-01-21,1.409999966621399,1.437999963760376,1.309999942779541,1.309999942779541,1.309999942779541,162700
2022-01-24,1.190000057220459,1.2640000581741333,1.1299999952316284,1.2200000286102295,1.2200000286102295,182500
2022-01-25,1.2799999713897705,1.2799999713897705,1.1799999475479126,1.2300000190734863,1.2300000190734863,86100
2022-01-26,1.2599999904632568,1.350000023841858,1.2109999656677246,1.2300000190734863,1.2300000190734863,89500
2022-01-27,1.100000023841858,1.2000000476837158,1.100000023841858,1.1299999952316284,1.1299999952316284,154500
2022-01-28,1.1799999475479126,1.190000057220459,1.159999966621399,1.1799999475479126,1.1799999475479126,60800
2022-01-31,1.1100000143051147,1.2599999904632568,1.1100000143051147,1.2599999904632568,1.2599999904632568,106800
2022-02-01,1.2799999713897705,1.2799999713897705,1.2319999933242798,1.2599999904632568,1.2599999904632568,56300
2022-02-02,1.2599999904632568,1.3489999771118164,1.2309999465942383,1.3200000524520874,1.3200000524520874,48300
2022-02-03,1.2630000114440918,1.3209999799728394,1.2400000095367432,1.2400000095367432,1.2400000095367432,16300
2022-02-04,1.2100000381469727,1.25,1.149999976158142,1.2200000286102295,1.2200000286102295,30300
2022-02-07,1.2200000286102295,1.2999999523162842,1.2200000286102295,1.2699999809265137,1.2699999809265137,48000
2022-02-08,1.2300000190734863,1.25,1.190000057220459,1.2000000476837158,1.2000000476837158,149300
2022-02-09,1.5099999904632568,1.7400000095367432,1.4600000381469727,1.600000023841858,1.600000023841858,53435500
2022-02-10,1.440000057220459,1.7000000476837158,1.430999994277954,1.6799999475479126,1.6799999475479126,2241000
2022-02-11,1.659999966621399,1.899999976158142,1.659999966621399,1.8799999952316284,1.8799999952316284,2888500
2022-02-14,1.809999942779541,2.1500000953674316,1.7999999523162842,1.9500000476837158,1.9500000476837158,2934700
2022-02-15,2.059999942779541,2.059999942779541,1.6399999856948853,1.8799999952316284,1.8799999952316284,1453900
2022-02-16,1.840000033378601,1.899999976158142,1.7100000381469727,1.7100000381469727,1.7100000381469727,498800
2022-02-17,1.6799999475479126,1.8200000524520874,1.5,1.5299999713897705,1.5299999713897705,400900
2022-02-18,1.5099999904632568,1.5809999704360962,1.3600000143051147,1.409999966621399,1.409999966621399,358000
2022-02-22,1.3799999952316284,1.5,1.375,1.409999966621399,1.409999966621399,153100
2022-02-23,1.3899999856948853,1.4700000286102295,1.3899999856948853,1.3899999856948853,1.3899999856948853,130700
2022-02-24,1.2599999904632568,1.4600000381469727,1.2200000286102295,1.4600000381469727,1.4600000381469727,314300
2022-02-25,1.4299999475479126,1.4600000381469727,1.350000023841858,1.4600000381469727,1.4600000381469727,226100
2022-02-28,1.409999966621399,1.4550000429153442,1.3899999856948853,1.3899999856948853,1.3899999856948853,113200
2022-03-01,1.409999966621399,1.409999966621399,1.274999976158142,1.3200000524520874,1.3200000524520874,135400
2022-03-02,1.2799999713897705,1.350000023841858,1.2799999713897705,1.350000023841858,1.350000023841858,52100
2022-03-03,1.340000033378601,1.340000033378601,1.2450000047683716,1.2699999809265137,1.2699999809265137,59500
2022-03-04,1.2300000190734863,1.2599999904632568,1.2100000381469727,1.2100000381469727,1.2100000381469727,98300
2022-03-07,1.2000000476837158,1.340000033378601,1.1799999475479126,1.2999999523162842,1.2999999523162842,136100
2022-03-08,1.3300000429153442,1.3300000429153442,1.1740000247955322,1.2599999904632568,1.2599999904632568,136200
2022-03-09,1.2300000190734863,1.2899999618530273,1.2100000381469727,1.2599999904632568,1.2599999904632568,128300
2022-03-10,1.25,1.2799999713897705,1.2100000381469727,1.2300000190734863,1.2300000190734863,96500
2022-03-11,1.25,1.281999945640564,1.2100000381469727,1.2300000190734863,1.2300000190734863,44400
2022-03-14,1.2200000286102295,1.2200000286102295,1.0609999895095825,1.100000023841858,1.100000023841858,151000
2022-03-15,1.1100000143051147,1.2699999809265137,1.090000033378601,1.149999976158142,1.149999976158142,392000
2022-03-16,1.1200000047683716,1.190000057220459,1.1200000047683716,1.149999976158142,1.149999976158142,100000
2022-03-17,1.1299999952316284,1.25,1.1299999952316284,1.190000057220459,1.190000057220459,95100
2022-03-18,1.190000057220459,1.3200000524520874,1.0299999713897705,1.0299999713897705,1.0299999713897705,604600
2022-03-21,1.2000000476837158,1.2000000476837158,1.100000023841858,1.1100000143051147,1.1100000143051147,110000
2022-03-22,1.1100000143051147,1.2599999904632568,1.1100000143051147,1.2000000476837158,1.2000000476837158,134200
2022-03-23,1.1699999570846558,1.2970000505447388,1.1699999570846558,1.25,1.25,201500
2022-03-24,1.2999999523162842,1.3200000524520874,1.2029999494552612,1.2400000095367432,1.2400000095367432,115800
2022-03-25,1.2000000476837158,1.2300000190734863,1.1299999952316284,1.2300000190734863,1.2300000190734863,117700
2022-03-28,1.2400000095367432,1.5299999713897705,1.2000000476837158,1.4500000476837158,1.4500000476837158,641800
2022-03-29,1.4299999475479126,1.440000057220459,1.2599999904632568,1.340000033378601,1.340000033378601,504400
2022-03-30,1.309999942779541,1.3700000047683716,1.2999999523162842,1.3200000524520874,1.3200000524520874,107200
2022-03-31,1.309999942779541,1.3300000429153442,1.25,1.25,1.25,72900
2022-04-01,1.2899999618530273,1.3569999933242798,1.25,1.2599999904632568,1.2599999904632568,87100
2022-04-04,1.2000000476837158,1.3700000047683716,1.2000000476837158,1.3300000429153442,1.3300000429153442,78300
2022-04-05,1.340000033378601,1.3700000047683716,1.25,1.2699999809265137,1.2699999809265137,44400
2022-04-06,1.284999966621399,1.3200000524520874,1.2510000467300415,1.2699999809265137,1.2699999809265137,30700
2022-04-07,1.2699999809265137,1.3200000524520874,1.2699999809265137,1.2999999523162842,1.2999999523162842,32300
2022-04-08,1.2799999713897705,1.350000023841858,1.2699999809265137,1.3200000524520874,1.3200000524520874,41800
2022-04-11,1.3799999952316284,1.3799999952316284,1.2599999904632568,1.2999999523162842,1.2999999523162842,17000
2022-04-12,1.25,1.350000023841858,1.2400000095367432,1.274999976158142,1.274999976158142,101100
2022-04-13,1.25,1.3300000429153442,1.25,1.3300000429153442,1.3300000429153442,12500
2022-04-14,1.25,1.2999999523162842,1.25,1.2799999713897705,1.2799999713897705,25400
2022-04-18,1.2200000286102295,1.2699999809265137,1.2200000286102295,1.2200000286102295,1.2200000286102295,18000
2022-04-19,1.2799999713897705,1.2799999713897705,1.2100000381469727,1.2200000286102295,1.2200000286102295,12600
2022-04-20,1.2369999885559082,1.25600004196167,1.2100000381469727,1.2100000381469727,1.2100000381469727,37600
2022-04-21,1.2000000476837158,1.2000000476837158,1.149999976158142,1.149999976158142,1.149999976158142,1029400
2022-04-22,1.5099999904632568,1.8700000047683716,1.3700000047683716,1.590000033378601,1.590000033378601,91428300
2022-04-25,1.4500000476837158,1.6399999856948853,1.3200000524520874,1.559999942779541,1.559999942779541,3388800
2022-04-26,1.340000033378601,1.5099999904632568,1.2799999713897705,1.2999999523162842,1.2999999523162842,1314800
2022-04-27,1.2400000095367432,1.3200000524520874,1.2100000381469727,1.25,1.25,883700
2022-04-28,1.2799999713897705,1.2899999618530273,1.1799999475479126,1.2300000190734863,1.2300000190734863,401900
2022-04-29,1.2599999904632568,1.2899999618530273,1.1799999475479126,1.190000057220459,1.190000057220459,331300
2022-05-02,1.1699999570846558,1.190000057220459,1.090000033378601,1.1200000047683716,1.1200000047683716,299800
2022-05-03,1.1200000047683716,1.1699999570846558,1.0700000524520874,1.1100000143051147,1.1100000143051147,285800
2022-05-04,1.1200000047683716,1.1269999742507935,1.0499999523162842,1.1050000190734863,1.1050000190734863,169000
2022-05-05,1.100000023841858,1.1799999475479126,1.0299999713897705,1.1299999952316284,1.1299999952316284,293500
2022-05-06,1.1299999952316284,1.1699999570846558,1.0499999523162842,1.1200000047683716,1.1200000047683716,179200
2022-05-09,1.090000033378601,1.149999976158142,0.9800000190734863,1.0299999713897705,1.0299999713897705,355100
2022-05-10,1.0499999523162842,1.0499999523162842,0.8980000019073486,0.8999999761581421,0.8999999761581421,327300
2022-05-11,0.8730000257492065,0.902999997138977,0.8199999928474426,0.8899999856948853,0.8899999856948853,212800
2022-05-12,0.8579999804496765,0.9399999976158142,0.8199999928474426,0.9369999766349792,0.9369999766349792,85600
2022-05-13,0.9359999895095825,1.059999942779541,0.9020000100135803,1.0199999809265137,1.0199999809265137,171200
2022-05-16,1.0299999713897705,1.11899995803833,1.0099999904632568,1.0399999618530273,1.0399999618530273,278300
2022-05-17,1.340000033378601,1.399999976158142,1.0700000524520874,1.2300000190734863,1.2300000190734863,16356300
2022-05-18,1.149999976158142,1.2599999904632568,1.1200000047683716,1.2300000190734863,1.2300000190734863,931800
2022-05-19,1.1100000143051147,1.2799999713897705,1.1100000143051147,1.2599999904632568,1.2599999904632568,387300
2022-05-20,1.2200000286102295,1.340000033378601,1.2200000286102295,1.3300000429153442,1.3300000429153442,354500
2022-05-23,1.190000057220459,1.2799999713897705,1.1699999570846558,1.1799999475479126,1.1799999475479126,201800
2022-05-24,1.1399999856948853,1.190000057220459,1.0099999904632568,1.0700000524520874,1.0700000524520874,276700
2022-05-25,1.0499999523162842,1.159999966621399,1.0299999713897705,1.159999966621399,1.159999966621399,41200
2022-05-26,1.1299999952316284,1.2000000476837158,1.1100000143051147,1.1399999856948853,1.1399999856948853,33400
2022-05-27,1.1100000143051147,1.2000000476837158,1.0800000429153442,1.190000057220459,1.190000057220459,130700
2022-05-31,1.1200000047683716,1.190000057220459,1.1200000047683716,1.159999966621399,1.159999966621399,62400
2022-06-01,1.2599999904632568,1.2599999904632568,1.1150000095367432,1.159999966621399,1.159999966621399,46500
2022-06-02,1.1399999856948853,1.159999966621399,1.1100000143051147,1.1399999856948853,1.1399999856948853,45400
2022-06-03,1.1039999723434448,1.1399999856948853,1.065000057220459,1.0700000524520874,1.0700000524520874,52600
2022-06-06,1.0700000524520874,1.1399999856948853,1.0499999523162842,1.059999942779541,1.059999942779541,114100
2022-06-07,1.0399999618530273,1.1100000143051147,1.0399999618530273,1.100000023841858,1.100000023841858,71100
2022-06-08,1.1399999856948853,1.1399999856948853,1.0399999618530273,1.0800000429153442,1.0800000429153442,131800
2022-06-09,1.100000023841858,1.100000023841858,1.0299999713897705,1.0499999523162842,1.0499999523162842,166500
2022-06-10,1.0299999713897705,1.1200000047683716,1.0299999713897705,1.0700000524520874,1.0700000524520874,133500
2022-06-13,1.0099999904632568,1.100000023841858,1.0099999904632568,1.0399999618530273,1.0399999618530273,60300
2022-06-14,1.090000033378601,1.1100000143051147,1.031999945640564,1.0700000524520874,1.0700000524520874,117200
2022-06-15,1.0700000524520874,1.1100000143051147,1.031999945640564,1.0800000429153442,1.0800000429153442,161500
2022-06-16,1.0800000429153442,1.100000023841858,1.0499999523162842,1.0700000524520874,1.0700000524520874,48500
2022-06-17,1.1399999856948853,1.1399999856948853,1.0299999713897705,1.0499999523162842,1.0499999523162842,170600
2022-06-21,1.0499999523162842,1.1399999856948853,1.0499999523162842,1.100000023841858,1.100000023841858,179600
2022-06-22,1.1200000047683716,1.1399999856948853,1.0520000457763672,1.0800000429153442,1.0800000429153442,128500
2022-06-23,1.100000023841858,1.1200000047683716,1.059999942779541,1.0800000429153442,1.0800000429153442,128700
2022-06-24,1.399999976158142,1.659999966621399,1.2400000095367432,1.2999999523162842,1.2999999523162842,27383000
2022-06-27,1.2699999809265137,1.399999976158142,1.25,1.399999976158142,1.399999976158142,1353500
2022-06-28,1.3300000429153442,1.4800000190734863,1.2000000476837158,1.440000057220459,1.440000057220459,773500
2022-06-29,1.399999976158142,1.4500000476837158,1.2300000190734863,1.3300000429153442,1.3300000429153442,290300
2022-06-30,1.3200000524520874,1.3200000524520874,1.2599999904632568,1.2999999523162842,1.2999999523162842,134000
2022-07-01,1.25,1.2799999713897705,1.1399999856948853,1.1699999570846558,1.1699999570846558,231600
2022-07-05,1.1699999570846558,1.3200000524520874,1.149999976158142,1.2599999904632568,1.2599999904632568,162500
2022-07-06,1.25,1.2799999713897705,1.2200000286102295,1.2599999904632568,1.2599999904632568,72300
2022-07-07,1.25,1.3799999952316284,1.25,1.3300000429153442,1.3300000429153442,205100
2022-07-08,1.3279999494552612,1.399999976158142,1.309999942779541,1.350000023841858,1.350000023841858,142400
2022-07-11,1.3700000047683716,1.3700000047683716,1.2400000095367432,1.2599999904632568,1.2599999904632568,126400
2022-07-12,1.2400000095367432,1.2799999713897705,1.2000000476837158,1.225000023841858,1.225000023841858,51300
2022-07-13,1.190000057220459,1.25,1.149999976158142,1.1799999475479126,1.1799999475479126,28700
2022-07-14,1.190000057220459,1.2000000476837158,1.149999976158142,1.159999966621399,1.159999966621399,18400
2022-07-15,1.149999976158142,1.190000057220459,1.149999976158142,1.1859999895095825,1.1859999895095825,12100
2022-07-18,1.1699999570846558,1.2300000190734863,1.149999976158142,1.149999976158142,1.149999976158142,57700
2022-07-19,1.1710000038146973,1.2100000381469727,1.149999976158142,1.1699999570846558,1.1699999570846558,51400
2022-07-20,1.1799999475479126,1.2300000190734863,1.1799999475479126,1.190000057220459,1.190000057220459,20500
2022-07-21,1.2300000190734863,1.2300000190734863,1.1299999952316284,1.1799999475479126,1.1799999475479126,108300
2022-07-22,1.1699999570846558,1.1699999570846558,1.090000033378601,1.149999976158142,1.149999976158142,101100
2022-07-25,1.100000023841858,1.1699999570846558,1.090000033378601,1.159999966621399,1.159999966621399,118200
2022-07-26,1.090000033378601,1.1299999952316284,1.0449999570846558,1.100000023841858,1.100000023841858,131100
2022-07-27,1.1299999952316284,1.149999976158142,1.0779999494552612,1.149999976158142,1.149999976158142,60000
2022-07-28,1.1200000047683716,1.159999966621399,1.1200000047683716,1.1200000047683716,1.1200000047683716,82800
2022-07-29,1.1100000143051147,1.1299999952316284,1.1100000143051147,1.1299999952316284,1.1299999952316284,82700
2022-08-01,1.0800000429153442,1.149999976158142,1.0800000429153442,1.149999976158142,1.149999976158142,84200
2022-08-02,1.1299999952316284,1.1799999475479126,1.090000033378601,1.1799999475479126,1.1799999475479126,69800
2022-08-03,1.149999976158142,1.2100000381469727,1.1299999952316284,1.1699999570846558,1.1699999570846558,132500
2022-08-04,1.1399999856948853,1.190000057220459,1.1399999856948853,1.1799999475479126,1.1799999475479126,6000
2022-08-05,1.1699999570846558,1.2100000381469727,1.149999976158142,1.2100000381469727,1.2100000381469727,42400
2022-08-08,1.2300000190734863,1.2300000190734863,1.1799999475479126,1.1799999475479126,1.1799999475479126,47100
2022-08-09,1.1799999475479126,1.190000057220459,1.149999976158142,1.149999976158142,1.149999976158142,29200
2022-08-10,1.159999966621399,1.406000018119812,1.159999966621399,1.25,1.25,724500
2022-08-11,1.2799999713897705,1.309999942779541,1.25,1.309999942779541,1.309999942779541,68200
2022-08-12,1.2699999809265137,1.350000023841858,1.2599999904632568,1.3200000524520874,1.3200000524520874,103100
2022-08-15,1.3200000524520874,1.3899999856948853,1.309999942779541,1.350000023841858,1.350000023841858,103400
2022-08-16,1.350000023841858,1.4299999475479126,1.2730000019073486,1.399999976158142,1.399999976158142,168500
2022-08-17,1.409999966621399,1.409999966621399,1.2999999523162842,1.309999942779541,1.309999942779541,57800
2022-08-18,1.4199999570846558,1.4199999570846558,1.25,1.3200000524520874,1.3200000524520874,67300
2022-08-19,1.2999999523162842,1.5399999618530273,1.25,1.4800000190734863,1.4800000190734863,594900
2022-08-22,1.4800000190734863,1.6200000047683716,1.4600000381469727,1.5,1.5,367800
2022-08-23,1.5700000524520874,1.6699999570846558,1.5299999713897705,1.6200000047683716,1.6200000047683716,404300
2022-08-24,1.5499999523162842,1.649999976158142,1.4780000448226929,1.5199999809265137,1.5199999809265137,158800
2022-08-25,1.5399999618530273,1.5499999523162842,1.4700000286102295,1.5399999618530273,1.5399999618530273,61500
2022-08-26,1.5399999618530273,1.6299999952316284,1.5199999809265137,1.5499999523162842,1.5499999523162842,184800
2022-08-29,1.5499999523162842,1.600000023841858,1.4299999475479126,1.5399999618530273,1.5399999618530273,95000
2022-08-30,1.4299999475479126,1.5499999523162842,1.4299999475479126,1.5,1.5,64100
2022-08-31,1.4989999532699585,1.5499999523162842,1.4989999532699585,1.5499999523162842,1.5499999523162842,42400
2022-09-01,1.4800000190734863,1.5199999809265137,1.4700000286102295,1.5199999809265137,1.5199999809265137,14300
2022-09-02,1.4900000095367432,1.600000023841858,1.4900000095367432,1.590000033378601,1.590000033378601,50200
2022-09-06,1.5880000591278076,1.7300000190734863,1.5880000591278076,1.7000000476837158,1.7000000476837158,213200
2022-09-07,1.7200000286102295,1.7200000286102295,1.6200000047683716,1.690000057220459,1.690000057220459,107300
2022-09-08,1.6399999856948853,1.690999984741211,1.6399999856948853,1.6699999570846558,1.6699999570846558,41200
2022-09-09,1.6200000047683716,1.6799999475479126,1.600000023841858,1.6200000047683716,1.6200000047683716,53900
2022-09-12,1.659999966621399,1.659999966621399,1.6200000047683716,1.6200000047683716,1.6200000047683716,102900
2022-09-13,1.6200000047683716,1.6390000581741333,1.4199999570846558,1.5099999904632568,1.5099999904632568,112200
2022-09-14,1.5499999523162842,1.600000023841858,1.5099999904632568,1.5299999713897705,1.5299999713897705,74400
2022-09-15,1.5099999904632568,1.5499999523162842,1.5099999904632568,1.5299999713897705,1.5299999713897705,10600
2022-09-16,1.5099999904632568,1.5199999809265137,1.3799999952316284,1.3799999952316284,1.3799999952316284,55200
2022-09-19,1.3799999952316284,1.409999966621399,1.2999999523162842,1.3200000524520874,1.3200000524520874,49100
2022-09-20,1.2899999618530273,1.3799999952316284,1.2899999618530273,1.3799999952316284,1.3799999952316284,71400
2022-09-21,1.350000023841858,1.3700000047683716,1.2799999713897705,1.3300000429153442,1.3300000429153442,68300
2022-09-22,1.2890000343322754,1.2899999618530273,1.2300000190734863,1.274999976158142,1.274999976158142,44900
2022-09-23,1.350000023841858,1.3509999513626099,1.1200000047683716,1.1200000047683716,1.1200000047683716,134900
2022-09-26,1.1200000047683716,1.149999976158142,1.1200000047683716,1.1299999952316284,1.1299999952316284,11200
2022-09-27,1.0800000429153442,1.149999976158142,1.0800000429153442,1.100000023841858,1.100000023841858,21400
2022-09-28,1.1399999856948853,1.1790000200271606,1.125,1.149999976158142,1.149999976158142,39000
2022-09-29,1.1299999952316284,1.1799999475479126,1.059999942779541,1.1269999742507935,1.1269999742507935,174800
2022-09-30,1.1200000047683716,1.1299999952316284,1.0980000495910645,1.100000023841858,1.100000023841858,157500
2022-10-03,1.1200000047683716,1.1299999952316284,1.100000023841858,1.100000023841858,1.100000023841858,29000
2022-10-04,1.1399999856948853,1.1660000085830688,1.1100000143051147,1.1100000143051147,1.1100000143051147,11000
2022-10-05,1.1100000143051147,1.121000051498413,1.0700000524520874,1.0800000429153442,1.0800000429153442,24200
2022-10-06,1.0700000524520874,1.2200000286102295,1.069000005722046,1.1349999904632568,1.1349999904632568,157100
2022-10-07,1.100000023841858,1.1200000047683716,1.0700000524520874,1.1100000143051147,1.1100000143051147,55100
2022-10-10,1.1260000467300415,1.1260000467300415,1.0499999523162842,1.0759999752044678,1.0759999752044678,65400
2022-10-11,1.059999942779541,1.0700000524520874,1.0,1.0,1.0,33700
2022-10-12,1.0980000495910645,1.0980000495910645,1.0019999742507935,1.0499999523162842,1.0499999523162842,77500
2022-10-13,1.0,1.090000033378601,1.0,1.0880000591278076,1.0880000591278076,451100
2022-10-14,1.059999942779541,1.0800000429153442,1.0099999904632568,1.0099999904632568,1.0099999904632568,84200
2022-10-17,1.0199999809265137,1.1200000047683716,1.0199999809265137,1.1150000095367432,1.1150000095367432,52100
2022-10-18,1.1200000047683716,1.1399999856948853,1.1100000143051147,1.1200000047683716,1.1200000047683716,37900
2022-10-19,1.1490000486373901,1.1490000486373901,1.0399999618530273,1.0399999618530273,1.0399999618530273,17700
2022-10-20,1.0499999523162842,1.1200000047683716,1.0499999523162842,1.059999942779541,1.059999942779541,31600
2022-10-21,1.059999942779541,1.149999976158142,1.0499999523162842,1.1230000257492065,1.1230000257492065,22300
2022-10-24,1.1009999513626099,1.156000018119812,1.1009999513626099,1.1299999952316284,1.1299999952316284,31900
2022-10-25,1.1109999418258667,1.2000000476837158,1.1109999418258667,1.1200000047683716,1.1200000047683716,19400
2022-10-26,1.1699999570846558,1.2400000095367432,1.1399999856948853,1.1399999856948853,1.1399999856948853,44700
2022-10-27,1.1399999856948853,1.1799999475479126,1.1299999952316284,1.1699999570846558,1.1699999570846558,4300
2022-10-28,1.149999976158142,1.159999966621399,1.1200000047683716,1.149999976158142,1.149999976158142,16700
2022-10-31,1.2999999523162842,1.2999999523162842,1.1200000047683716,1.1399999856948853,1.1399999856948853,33800
2022-11-01,1.1200000047683716,1.149999976158142,1.0800000429153442,1.100000023841858,1.100000023841858,13600
2022-11-02,1.1100000143051147,1.125,1.0499999523162842,1.065999984741211,1.065999984741211,15100
2022-11-03,1.0750000476837158,1.159999966621399,1.059999942779541,1.0800000429153442,1.0800000429153442,41700
2022-11-04,1.0640000104904175,1.1399999856948853,1.0499999523162842,1.100000023841858,1.100000023841858,10800
2022-11-07,1.090000033378601,1.1299999952316284,1.090000033378601,1.1200000047683716,1.1200000047683716,5600
2022-11-08,1.0700000524520874,1.1200000047683716,1.0399999618530273,1.059999942779541,1.059999942779541,26000
2022-11-09,1.093999981880188,1.1399999856948853,1.0499999523162842,1.0499999523162842,1.0499999523162842,67200
2022-11-10,1.159999966621399,1.1799999475479126,1.0800000429153442,1.1200000047683716,1.1200000047683716,179300
2022-11-11,1.159999966621399,1.2000000476837158,1.149999976158142,1.1699999570846558,1.1699999570846558,43600
2022-11-14,1.1959999799728394,1.2569999694824219,1.1950000524520874,1.2569999694824219,1.2569999694824219,165600
2022-11-15,1.2100000381469727,1.2300000190734863,1.1200000047683716,1.1200000047683716,1.1200000047683716,43100
2022-11-16,1.1449999809265137,1.149999976158142,1.100000023841858,1.125,1.125,172900
2022-11-17,1.0499999523162842,1.159999966621399,1.0499999523162842,1.159999966621399,1.159999966621399,156900
2022-11-18,1.1169999837875366,1.1449999809265137,1.100000023841858,1.100000023841858,1.100000023841858,11500
2022-11-21,1.0700000524520874,1.1100000143051147,1.0499999523162842,1.090000033378601,1.090000033378601,24700
2022-11-22,1.069000005722046,1.1399999856948853,1.069000005722046,1.1100000143051147,1.1100000143051147,9800
2022-11-23,1.059999942779541,1.2000000476837158,1.059999942779541,1.1100000143051147,1.1100000143051147,250600
2022-11-25,1.1200000047683716,1.1460000276565552,1.1200000047683716,1.1460000276565552,1.1460000276565552,2900
2022-11-28,1.090000033378601,1.1299999952316284,1.0820000171661377,1.1100000143051147,1.1100000143051147,121900
2022-11-29,1.0800000429153442,1.1100000143051147,1.0800000429153442,1.100000023841858,1.100000023841858,3400
2022-11-30,1.0800000429153442,1.190000057220459,1.0800000429153442,1.190000057220459,1.190000057220459,77600
2022-12-01,1.1360000371932983,1.190000057220459,1.1239999532699585,1.159999966621399,1.159999966621399,30600
2022-12-02,1.159999966621399,1.190000057220459,1.1430000066757202,1.1629999876022339,1.1629999876022339,63900
2022-12-05,1.190000057220459,1.190000057220459,1.1100000143051147,1.1100000143051147,1.1100000143051147,8800
2022-12-06,1.121999979019165,1.1399999856948853,1.100000023841858,1.100000023841858,1.100000023841858,4000
2022-12-07,1.0800000429153442,1.1050000190734863,1.0399999618530273,1.059999942779541,1.059999942779541,11900
2022-12-08,1.0700000524520874,1.149999976158142,1.0700000524520874,1.149999976158142,1.149999976158142,259200
2022-12-09,1.1230000257492065,1.159999966621399,1.0800000429153442,1.1200000047683716,1.1200000047683716,65200
2022-12-12,1.159999966621399,1.1799999475479126,1.100000023841858,1.1399999856948853,1.1399999856948853,129400
2022-12-13,1.1200000047683716,1.1699999570846558,1.100000023841858,1.125,1.125,118900
2022-12-14,1.1100000143051147,1.2000000476837158,1.1100000143051147,1.1200000047683716,1.1200000047683716,71700
2022-12-15,1.1399999856948853,1.159999966621399,1.100000023841858,1.100000023841858,1.100000023841858,87700
2022-12-16,1.1299999952316284,1.1299999952316284,1.0199999809265137,1.0499999523162842,1.0499999523162842,110900
2022-12-19,1.0679999589920044,1.1169999837875366,1.0499999523162842,1.0499999523162842,1.0499999523162842,28800
2022-12-20,1.0499999523162842,1.0700000524520874,1.0199999809265137,1.0199999809265137,1.0199999809265137,24400
2022-12-21,1.0199999809265137,1.121000051498413,1.0190000534057617,1.0700000524520874,1.0700000524520874,78800
2022-12-22,1.090000033378601,1.1100000143051147,1.0399999618530273,1.090000033378601,1.090000033378601,41100
2022-12-23,1.0199999809265137,1.090000033378601,1.0199999809265137,1.059999942779541,1.059999942779541,44100
2022-12-27,1.0499999523162842,1.090000033378601,0.949999988079071,1.0199999809265137,1.0199999809265137,212000
2022-12-28,1.0,1.0429999828338623,0.9929999709129333,1.0049999952316284,1.0049999952316284,56900
2022-12-29,1.0099999904632568,1.0399999618530273,1.0,1.0299999713897705,1.0299999713897705,165900
2022-12-30,1.0399999618530273,1.159999966621399,1.0299999713897705,1.149999976158142,1.149999976158142,113200
2023-01-03,1.159999966621399,1.1670000553131104,1.0740000009536743,1.1200000047683716,1.1200000047683716,22400
2023-01-04,1.0800000429153442,1.1950000524520874,1.0800000429153442,1.1699999570846558,1.1699999570846558,53800
2023-01-05,1.1299999952316284,1.2799999713897705,1.0800000429153442,1.1799999475479126,1.1799999475479126,109700
2023-01-06,1.1619999408721924,1.1699999570846558,1.1299999952316284,1.1540000438690186,1.1540000438690186,7900
2023-01-09,1.1799999475479126,1.1799999475479126,1.1200000047683716,1.1399999856948853,1.1399999856948853,18100
2023-01-10,1.128999948501587,1.1399999856948853,1.0800000429153442,1.1399999856948853,1.1399999856948853,39700
2023-01-11,1.1100000143051147,1.1690000295639038,1.0800000429153442,1.1349999904632568,1.1349999904632568,35700
2023-01-12,1.1100000143051147,1.1799999475479126,1.1100000143051147,1.1649999618530273,1.1649999618530273,38400
2023-01-13,1.159999966621399,1.2259999513626099,1.1430000066757202,1.2200000286102295,1.2200000286102295,61900
2023-01-17,1.190000057220459,1.2029999494552612,1.1699999570846558,1.190000057220459,1.190000057220459,14800
2023-01-18,1.2000000476837158,1.25,1.149999976158142,1.1749999523162842,1.1749999523162842,38900
2023-01-19,1.2000000476837158,1.2000000476837158,1.1399999856948853,1.149999976158142,1.149999976158142,24500
2023-01-20,1.1330000162124634,1.1699999570846558,1.1200000047683716,1.159999966621399,1.159999966621399,51700
2023-01-23,1.1729999780654907,1.190000057220459,1.13100004196167,1.1799999475479126,1.1799999475479126,33800
2023-01-24,1.190000057220459,1.25,1.159999966621399,1.2259999513626099,1.2259999513626099,96400
2023-01-25,1.2300000190734863,1.2400000095367432,1.1820000410079956,1.190000057220459,1.190000057220459,42100
2023-01-26,1.2200000286102295,1.2200000286102295,1.1699999570846558,1.2100000381469727,1.2100000381469727,34600
2023-01-27,1.25,1.25,1.1990000009536743,1.2100000381469727,1.2100000381469727,18700
2023-01-30,1.1890000104904175,1.1950000524520874,1.159999966621399,1.1699999570846558,1.1699999570846558,308300
2023-01-31,1.149999976158142,1.1799999475479126,1.149999976158142,1.1649999618530273,1.1649999618530273,24700
2023-02-01,1.440000057220459,1.5099999904632568,1.1200000047683716,1.25,1.25,5705700
2023-02-02,1.1799999475479126,1.2000000476837158,1.121000051498413,1.1549999713897705,1.1549999713897705,403800
2023-02-03,1.1299999952316284,1.2300000190734863,1.1200000047683716,1.2100000381469727,1.2100000381469727,273200
2023-02-06,1.25,1.25,1.1399999856948853,1.2000000476837158,1.2000000476837158,80200
2023-02-07,1.2000000476837158,1.218999981880188,1.149999976158142,1.190000057220459,1.190000057220459,114700
2023-02-08,1.190000057220459,1.25,1.1699999570846558,1.2170000076293945,1.2170000076293945,101100
2023-02-09,1.1799999475479126,1.2239999771118164,1.159999966621399,1.2000000476837158,1.2000000476837158,169200
2023-02-10,1.1859999895095825,1.25,1.1859999895095825,1.2200000286102295,1.2200000286102295,70400
2023-02-13,1.2200000286102295,1.2899999618530273,1.159999966621399,1.2799999713897705,1.2799999713897705,107500
2023-02-14,1.3600000143051147,1.3600000143051147,1.2200000286102295,1.2300000190734863,1.2300000190734863,161200
2023-02-15,1.2300000190734863,1.2339999675750732,1.2000000476837158,1.2300000190734863,1.2300000190734863,78600
2023-02-16,1.2200000286102295,1.25,1.2100000381469727,1.2200000286102295,1.2200000286102295,156100
2023-02-17,1.2100000381469727,1.2799999713897705,1.1799999475479126,1.2799999713897705,1.2799999713897705,221000
2023-02-21,1.2699999809265137,1.309999942779541,1.25,1.2999999523162842,1.2999999523162842,28900
2023-02-22,1.2699999809265137,1.3279999494552612,1.2699999809265137,1.309999942779541,1.309999942779541,80800
2023-02-23,1.2899999618530273,1.2999999523162842,1.2300000190734863,1.2599999904632568,1.2599999904632568,47700
2023-02-24,1.2419999837875366,1.2899999618530273,1.2300000190734863,1.25,1.25,14200
2023-02-27,1.2790000438690186,1.3300000429153442,1.1699999570846558,1.309999942779541,1.309999942779541,65000
2023-02-28,1.3300000429153442,1.3980000019073486,1.2799999713897705,1.350000023841858,1.350000023841858,120400
2023-03-01,1.3300000429153442,1.350000023841858,1.190000057220459,1.2300000190734863,1.2300000190734863,213700
2023-03-02,1.2000000476837158,1.2699999809265137,1.190000057220459,1.2100000381469727,1.2100000381469727,155800
2023-03-03,1.2100000381469727,1.2400000095367432,1.2000000476837158,1.2020000219345093,1.2020000219345093,98800
2023-03-06,1.184999942779541,1.2300000190734863,1.159999966621399,1.2200000286102295,1.2200000286102295,96600
2023-03-07,1.2000000476837158,1.2300000190734863,1.1670000553131104,1.2200000286102295,1.2200000286102295,89200
2023-03-08,1.1799999475479126,1.2100000381469727,1.1799999475479126,1.1799999475479126,1.1799999475479126,23900
2023-03-09,1.1820000410079956,1.194000005722046,1.1200000047683716,1.1200000047683716,1.1200000047683716,93300
2023-03-10,1.1200000047683716,1.149999976158142,1.090000033378601,1.1299999952316284,1.1299999952316284,137000
2023-03-13,1.090000033378601,1.1200000047683716,1.0499999523162842,1.059999942779541,1.059999942779541,44600
2023-03-14,1.0499999523162842,1.1200000047683716,1.0299999713897705,1.0499999523162842,1.0499999523162842,25300
2023-03-15,1.0219999551773071,1.0399999618530273,1.0199999809265137,1.0199999809265137,1.0199999809265137,15400
2023-03-16,1.0199999809265137,1.0429999828338623,0.9700000286102295,1.0099999904632568,1.0099999904632568,91600
2023-03-17,0.9959999918937683,1.0299999713897705,0.9399999976158142,0.9399999976158142,0.9399999976158142,142900
2023-03-20,0.9800000190734863,0.9800000190734863,0.9409999847412109,0.9800000190734863,0.9800000190734863,22000
2023-03-21,1.0,1.0199999809265137,0.9710000157356262,1.0,1.0,10600
2023-03-22,1.0,1.0,0.949999988079071,0.9850000143051147,0.9850000143051147,4100
2023-03-23,0.9800000190734863,0.9800000190734863,0.9229999780654907,0.949999988079071,0.949999988079071,111700
2023-03-24,1.0499999523162842,1.0499999523162842,0.9909999966621399,1.0099999904632568,1.0099999904632568,150100
2023-03-27,1.0099999904632568,1.0499999523162842,0.9900000095367432,0.9919999837875366,0.9919999837875366,50100
2023-03-28,1.0199999809265137,1.0299999713897705,1.0,1.0,1.0,31100
2023-03-29,1.0,1.0210000276565552,1.0,1.0099999904632568,1.0099999904632568,19200
2023-03-30,1.0199999809265137,1.0399999618530273,1.0010000467300415,1.0099999904632568,1.0099999904632568,38700
2023-03-31,1.0130000114440918,1.0499999523162842,1.0130000114440918,1.0199999809265137,1.0199999809265137,13400
2023-04-03,1.0,1.0180000066757202,0.9950000047683716,1.0180000066757202,1.0180000066757202,15700
2023-04-04,1.003999948501587,1.0299999713897705,1.003999948501587,1.0199999809265137,1.0199999809265137,3900
2023-04-05,0.9700000286102295,1.0199999809265137,0.9700000286102295,1.0099999904632568,1.0099999904632568,3900
2023-04-06,1.0099999904632568,1.0099999904632568,0.9700000286102295,0.9750000238418579,0.9750000238418579,39300
2023-04-10,0.9819999933242798,1.0,0.949999988079071,0.9800000190734863,0.9800000190734863,12600
2023-04-11,1.0,1.0,0.9470000267028809,0.9700000286102295,0.9700000286102295,23500
2023-04-12,0.9900000095367432,1.0,0.9700000286102295,0.9819999933242798,0.9819999933242798,22300
2023-04-13,0.9829999804496765,1.0,0.9700000286102295,0.9700000286102295,0.9700000286102295,9400
2023-04-14,0.9760000109672546,0.9800000190734863,0.9399999976158142,0.9700000286102295,0.9700000286102295,17600
2023-04-17,0.9739999771118164,1.0,0.9679999947547913,0.9990000128746033,0.9990000128746033,34900
2023-04-18,1.0,1.0299999713897705,1.0,1.0,1.0,15100
2023-04-19,1.0299999713897705,1.0299999713897705,0.9800000190734863,1.0,1.0,23200
2023-04-20,0.9800000190734863,1.0199999809265137,0.9800000190734863,1.0099999904632568,1.0099999904632568,23200
2023-04-21,0.9900000095367432,1.0199999809265137,0.9810000061988831,1.0099999904632568,1.0099999904632568,17200
2023-04-24,0.9900000095367432,1.0099999904632568,0.9700000286102295,0.9710000157356262,0.9710000157356262,23600
2023-04-25,0.949999988079071,0.9800000190734863,0.9229999780654907,0.9660000205039978,0.9660000205039978,72300
2023-04-26,0.9599999785423279,0.9800000190734863,0.9599999785423279,0.9710000157356262,0.9710000157356262,2700
2023-04-27,0.9800000190734863,1.0700000524520874,0.9399999976158142,0.9980000257492065,0.9980000257492065,208800
2023-04-28,0.9700000286102295,0.9800000190734863,0.9449999928474426,0.9599999785423279,0.9599999785423279,19400
2023-05-01,0.9599999785423279,0.9599999785423279,0.949999988079071,0.949999988079071,0.949999988079071,25800
2023-05-02,0.949999988079071,0.949999988079071,0.9300000071525574,0.949999988079071,0.949999988079071,1338700
2023-05-03,0.9980000257492065,1.059999942779541,0.9800000190734863,1.0,1.0,632600
2023-05-04,1.0199999809265137,1.0199999809265137,0.9120000004768372,0.925000011920929,0.925000011920929,199500
2023-05-05,0.9449999928474426,0.9800000190734863,0.9200000166893005,0.949999988079071,0.949999988079071,90500
2023-05-08,0.9470000267028809,1.0099999904632568,0.9470000267028809,0.9599999785423279,0.9599999785423279,22800
2023-05-09,1.0,1.0,0.9539999961853027,0.9700000286102295,0.9700000286102295,27500
2023-05-10,0.9700000286102295,0.9750000238418579,0.9399999976158142,0.9610000252723694,0.9610000252723694,19800
2023-05-11,0.9739999771118164,0.9990000128746033,0.949999988079071,0.9800000190734863,0.9800000190734863,95700
2023-05-12,1.0,1.0399999618530273,0.9509999752044678,0.9800000190734863,0.9800000190734863,91700
2023-05-15,0.9509999752044678,0.9599999785423279,0.949999988079071,0.949999988079071,0.949999988079071,47500
2023-05-16,0.9750000238418579,0.9980000257492065,0.949999988079071,0.9750000238418579,0.9750000238418579,49800
2023-05-17,0.9810000061988831,1.0299999713897705,0.9710000157356262,0.9900000095367432,0.9900000095367432,29400
2023-05-18,0.9599999785423279,1.0399999618530273,0.9599999785423279,1.0099999904632568,1.0099999904632568,29200
2023-05-19,1.0199999809265137,1.0399999618530273,1.0,1.0199999809265137,1.0199999809265137,19700
2023-05-22,1.0199999809265137,1.0399999618530273,1.0,1.0,1.0,18700
2023-05-23,0.9800000190734863,1.0700000524520874,0.9739999771118164,1.0499999523162842,1.0499999523162842,80400
2023-05-24,1.0800000429153442,1.090000033378601,1.0399999618530273,1.0870000123977661,1.0870000123977661,39100
2023-05-25,1.0700000524520874,1.1200000047683716,1.0700000524520874,1.0700000524520874,1.0700000524520874,58100
2023-05-26,1.0800000429153442,1.149999976158142,1.0700000524520874,1.100000023841858,1.100000023841858,65200
2023-05-30,1.0800000429153442,1.1799999475479126,1.0800000429153442,1.159999966621399,1.159999966621399,67100
2023-05-31,1.1299999952316284,1.1799999475479126,1.1299999952316284,1.149999976158142,1.149999976158142,21100
2023-06-01,1.1139999628067017,1.149999976158142,1.1100000143051147,1.149999976158142,1.149999976158142,47700
2023-06-02,1.1799999475479126,1.1799999475479126,1.1299999952316284,1.1330000162124634,1.1330000162124634,39000
2023-06-05,1.1100000143051147,1.149999976158142,1.100000023841858,1.1399999856948853,1.1399999856948853,10500
2023-06-06,1.1200000047683716,1.1699999570846558,1.1200000047683716,1.159999966621399,1.159999966621399,15400
2023-06-07,1.1200000047683716,1.1799999475479126,1.1200000047683716,1.149999976158142,1.149999976158142,21300
2023-06-08,1.1799999475479126,1.2899999618530273,1.1749999523162842,1.2200000286102295,1.2200000286102295,71800
2023-06-09,1.2200000286102295,1.2300000190734863,1.090000033378601,1.1410000324249268,1.1410000324249268,69200
2023-06-12,1.1100000143051147,1.1799999475479126,1.1100000143051147,1.149999976158142,1.149999976158142,24400
2023-06-13,1.1100000143051147,1.159999966621399,1.1100000143051147,1.1399999856948853,1.1399999856948853,3500
2023-06-14,1.1100000143051147,1.149999976158142,1.100000023841858,1.100000023841858,1.100000023841858,73700
2023-06-15,1.100000023841858,1.1399999856948853,1.090000033378601,1.1100000143051147,1.1100000143051147,28400
2023-06-16,1.125,1.125,1.059999942779541,1.1100000143051147,1.1100000143051147,16500
2023-06-20,1.065999984741211,1.090000033378601,1.059999942779541,1.059999942779541,1.059999942779541,13300
2023-06-21,1.1349999904632568,1.1349999904632568,1.1100000143051147,1.1200000047683716,1.1200000047683716,8500
2023-06-22,1.1200000047683716,1.149999976158142,1.1200000047683716,1.149999976158142,1.149999976158142,4800
2023-06-23,1.149999976158142,1.2000000476837158,1.0809999704360962,1.1180000305175781,1.1180000305175781,14100
2023-06-26,1.1100000143051147,1.149999976158142,1.1100000143051147,1.149999976158142,1.149999976158142,3200
2023-06-27,1.1799999475479126,1.190000057220459,1.149999976158142,1.190000057220459,1.190000057220459,9200
2023-06-28,1.1200000047683716,1.2000000476837158,1.1200000047683716,1.1200000047683716,1.1200000047683716,8400
2023-06-29,1.1799999475479126,1.1799999475479126,1.1299999952316284,1.159999966621399,1.159999966621399,11200
2023-06-30,1.2000000476837158,1.2000000476837158,1.159999966621399,1.1699999570846558,1.1699999570846558,5400
2023-07-03,1.1399999856948853,1.190000057220459,1.1399999856948853,1.1799999475479126,1.1799999475479126,3800
2023-07-05,1.190000057220459,1.190000057220459,1.1430000066757202,1.149999976158142,1.149999976158142,3600
2023-07-06,1.1699999570846558,1.1799999475479126,1.1299999952316284,1.1799999475479126,1.1799999475479126,3800
2023-07-07,1.159999966621399,1.159999966621399,1.1200000047683716,1.149999976158142,1.149999976158142,10000
2023-07-10,1.1480000019073486,1.149999976158142,1.1100000143051147,1.1100000143051147,1.1100000143051147,5300
2023-07-11,1.0700000524520874,1.1200000047683716,1.0700000524520874,1.1100000143051147,1.1100000143051147,1400
2023-07-12,1.0800000429153442,1.149999976158142,1.0700000524520874,1.1399999856948853,1.1399999856948853,3600
2023-07-13,1.1200000047683716,1.1399999856948853,1.0800000429153442,1.1399999856948853,1.1399999856948853,16600
2023-07-14,1.090000033378601,1.1360000371932983,1.0800000429153442,1.0800000429153442,1.0800000429153442,8100
2023-07-17,1.0399999618530273,1.0740000009536743,1.0399999618530273,1.059999942779541,1.059999942779541,2800
2023-07-18,1.0299999713897705,1.1200000047683716,1.0299999713897705,1.1200000047683716,1.1200000047683716,7400
2023-07-19,1.0700000524520874,1.100000023841858,1.0499999523162842,1.100000023841858,1.100000023841858,26400
2023-07-20,1.059999942779541,1.090000033378601,1.0299999713897705,1.0700000524520874,1.0700000524520874,6400
2023-07-21,1.0499999523162842,1.0499999523162842,0.972000002861023,1.0,1.0,33100
2023-07-24,0.9950000047683716,1.0,0.9900000095367432,0.9980000257492065,0.9980000257492065,12300
2023-07-25,1.0,1.0,0.9700000286102295,0.9900000095367432,0.9900000095367432,25800
2023-07-26,1.0,1.0,0.9800000190734863,0.9850000143051147,0.9850000143051147,9000
2023-07-27,0.9850000143051147,1.003000020980835,0.9700000286102295,0.9900000095367432,0.9900000095367432,9300
2023-07-28,0.9739999771118164,1.0,0.9739999771118164,1.0,1.0,12300
2023-07-31,0.9819999933242798,1.0,0.9700000286102295,0.9829999804496765,0.9829999804496765,10800
2023-08-01,0.9700000286102295,0.9700000286102295,0.9520000219345093,0.9700000286102295,0.9700000286102295,16400
2023-08-02,0.9700000286102295,1.0729999542236328,0.9700000286102295,1.0199999809265137,1.0199999809265137,78000
2023-08-03,1.0,1.0700000524520874,0.9860000014305115,1.0299999713897705,1.0299999713897705,45100
2023-08-04,1.0140000581741333,1.090000033378601,0.9700000286102295,0.9800000190734863,0.9800000190734863,43500
2023-08-07,1.0,1.0199999809265137,0.9739999771118164,0.9739999771118164,0.9739999771118164,13400
2023-08-08,0.9900000095367432,0.9900000095367432,0.949999988079071,0.9639999866485596,0.9639999866485596,23700
2023-08-09,0.9900000095367432,0.9900000095367432,0.949999988079071,0.9599999785423279,0.9599999785423279,10800
2023-08-10,0.949999988079071,0.9599999785423279,0.9399999976158142,0.9399999976158142,0.9399999976158142,6600
2023-08-11,0.9589999914169312,0.9589999914169312,0.9150000214576721,0.9350000023841858,0.9350000023841858,51700
2023-08-14,0.9409999847412109,0.9449999928474426,0.9300000071525574,0.9399999976158142,0.9399999976158142,5400
2023-08-15,1.0,1.0,0.9380000233650208,0.9580000042915344,0.9580000042915344,52400
2023-08-16,0.9319999814033508,0.9459999799728394,0.9100000262260437,0.9120000004768372,0.9120000004768372,18700
2023-08-17,0.9129999876022339,0.9160000085830688,0.8970000147819519,0.9100000262260437,0.9100000262260437,13000
2023-08-18,0.8899999856948853,0.9070000052452087,0.8899999856948853,0.8999999761581421,0.8999999761581421,4000
2023-08-21,0.9100000262260437,0.9100000262260437,0.8899999856948853,0.8899999856948853,0.8899999856948853,7500
2023-08-22,0.8700000047683716,0.890999972820282,0.8700000047683716,0.8889999985694885,0.8889999985694885,9700
2023-08-23,0.8989999890327454,0.8989999890327454,0.8989999890327454,0.8989999890327454,0.8989999890327454,500
2023-08-24,0.8799999952316284,0.8799999952316284,0.8610000014305115,0.8799999952316284,0.8799999952316284,15200
2023-08-25,0.8799999952316284,0.8899999856948853,0.8700000047683716,0.8799999952316284,0.8799999952316284,6900
2023-08-28,0.8709999918937683,0.8740000128746033,0.8500000238418579,0.8740000128746033,0.8740000128746033,24400
2023-08-29,0.8930000066757202,0.8930000066757202,0.8560000061988831,0.8650000095367432,0.8650000095367432,3900
2023-08-30,0.8550000190734863,0.8700000047683716,0.8349999785423279,0.8700000047683716,0.8700000047683716,17800
2023-08-31,0.9070000052452087,1.059999942779541,0.9020000100135803,0.9900000095367432,0.9900000095367432,513200
2023-09-01,0.9599999785423279,0.9900000095367432,0.8999999761581421,0.8999999761581421,0.8999999761581421,59500
2023-09-05,0.9700000286102295,0.9700000286102295,0.8999999761581421,0.9300000071525574,0.9300000071525574,32300
2023-09-06,0.9300000071525574,0.9300000071525574,0.8809999823570251,0.8999999761581421,0.8999999761581421,43100
2023-09-07,0.9449999928474426,0.9660000205039978,0.8799999952316284,0.8840000033378601,0.8840000033378601,26100
2023-09-08,0.8799999952316284,0.9229999780654907,0.8799999952316284,0.9089999794960022,0.9089999794960022,15900
2023-09-11,0.9100000262260437,0.9200000166893005,0.8799999952316284,0.8840000033378601,0.8840000033378601,10000
2023-09-12,0.9279999732971191,0.9470000267028809,0.8840000033378601,0.8899999856948853,0.8899999856948853,7100
2023-09-13,0.8899999856948853,0.8999999761581421,0.8709999918937683,0.871999979019165,0.871999979019165,20600
2023-09-14,0.8690000176429749,0.8999999761581421,0.8600000143051147,0.8989999890327454,0.8989999890327454,7800
2023-09-15,0.9049999713897705,0.9049999713897705,0.8270000219345093,0.8270000219345093,0.8270000219345093,36700
2023-09-18,0.8600000143051147,0.8600000143051147,0.8109999895095825,0.8149999976158142,0.8149999976158142,16000
2023-09-19,0.8230000138282776,0.8399999737739563,0.8199999928474426,0.8379999995231628,0.8379999995231628,9400
2023-09-20,0.8119999766349792,0.8119999766349792,0.8090000152587891,0.8100000023841858,0.8100000023841858,2800
2023-09-21,0.8100000023841858,0.8100000023841858,0.75,0.7799999713897705,0.7799999713897705,38000
2023-09-22,0.7670000195503235,0.828000009059906,0.7670000195503235,0.7670000195503235,0.7670000195503235,16000
2023-09-25,0.7760000228881836,0.8199999928474426,0.7710000276565552,0.800000011920929,0.800000011920929,14000
2023-09-26,0.8299999833106995,0.8930000066757202,0.8240000009536743,0.8759999871253967,0.8759999871253967,63500
2023-09-27,0.8500000238418579,0.8980000019073486,0.8209999799728394,0.859000027179718,0.859000027179718,29100
2023-09-28,0.8880000114440918,0.8880000114440918,0.8299999833106995,0.8410000205039978,0.8410000205039978,11500
2023-09-29,0.8410000205039978,0.8799999952316284,0.8199999928474426,0.8700000047683716,0.8700000047683716,4800
2023-10-02,0.9459999799728394,1.0800000429153442,0.9039999842643738,0.949999988079071,0.949999988079071,324000
2023-10-03,0.9100000262260437,0.9399999976158142,0.8500000238418579,0.8769999742507935,0.8769999742507935,33200
2023-10-04,0.8769999742507935,0.9290000200271606,0.8059999942779541,0.875,0.875,47200
2023-10-05,0.8500000238418579,0.8899999856948853,0.8199999928474426,0.8600000143051147,0.8600000143051147,34400
2023-10-06,0.8600000143051147,0.8690000176429749,0.8149999976158142,0.8510000109672546,0.8510000109672546,47600
2023-10-09,0.8309999704360962,0.8500000238418579,0.8199999928474426,0.8399999737739563,0.8399999737739563,15500
2023-10-10,0.8820000290870667,0.8820000290870667,0.8399999737739563,0.8519999980926514,0.8519999980926514,21400
2023-10-11,0.8399999737739563,0.8519999980926514,0.8100000023841858,0.8299999833106995,0.8299999833106995,25400
2023-10-12,0.8230000138282776,0.8230000138282776,0.7749999761581421,0.7860000133514404,0.7860000133514404,47400
2023-10-13,0.7749999761581421,0.8130000233650208,0.75,0.7549999952316284,0.7549999952316284,6200
2023-10-16,0.7599999904632568,0.7599999904632568,0.7070000171661377,0.7070000171661377,0.7070000171661377,50500
2023-10-17,0.7110000252723694,0.8199999928474426,0.7110000252723694,0.7490000128746033,0.7490000128746033,15600
2023-10-18,0.7279999852180481,0.7580000162124634,0.7250000238418579,0.7580000162124634,0.7580000162124634,10900
2023-10-19,0.7670000195503235,0.800000011920929,0.7630000114440918,0.7910000085830688,0.7910000085830688,25300
2023-10-20,0.7799999713897705,0.7799999713897705,0.7310000061988831,0.7400000095367432,0.7400000095367432,8600
2023-10-23,0.7250000238418579,0.7649999856948853,0.7250000238418579,0.7319999933242798,0.7319999933242798,12500
2023-10-24,0.7749999761581421,0.7749999761581421,0.7319999933242798,0.75,0.75,5000
2023-10-25,0.800000011920929,0.800000011920929,0.75,0.75,0.75,1700
2023-10-26,0.7300000190734863,0.800000011920929,0.7099999785423279,0.7210000157356262,0.7210000157356262,34200
2023-10-27,0.75,0.75,0.7020000219345093,0.7120000123977661,0.7120000123977661,4500
2023-10-30,0.7120000123977661,0.7400000095367432,0.699999988079071,0.7400000095367432,0.7400000095367432,6000
2023-10-31,0.7200000286102295,0.7250000238418579,0.699999988079071,0.7099999785423279,0.7099999785423279,4600
2023-11-01,0.7300000190734863,0.7300000190734863,0.7049999833106995,0.7110000252723694,0.7110000252723694,9200
2023-11-02,0.7099999785423279,0.734000027179718,0.7020000219345093,0.734000027179718,0.734000027179718,4700
2023-11-03,0.7400000095367432,0.7609999775886536,0.7400000095367432,0.7400000095367432,0.7400000095367432,2100
2023-11-06,0.7540000081062317,0.7540000081062317,0.7329999804496765,0.7329999804496765,0.7329999804496765,10500
2023-11-07,0.7049999833106995,0.7409999966621399,0.7049999833106995,0.7200000286102295,0.7200000286102295,1900
2023-11-08,0.7919999957084656,0.7929999828338623,0.722000002861023,0.7260000109672546,0.7260000109672546,40300
2023-11-09,0.7250000238418579,0.75,0.7250000238418579,0.75,0.75,5800
2023-11-10,0.7229999899864197,0.7699999809265137,0.7229999899864197,0.7699999809265137,0.7699999809265137,1000
2023-11-13,0.7730000019073486,0.7749999761581421,0.7699999809265137,0.7699999809265137,0.7699999809265137,1500
2023-11-14,0.8529999852180481,0.9049999713897705,0.8309999704360962,0.8679999709129333,0.8679999709129333,146400
2023-11-15,0.8690000176429749,0.9599999785423279,0.8500000238418579,0.9449999928474426,0.9449999928474426,77100
2023-11-16,0.9679999947547913,0.9679999947547913,0.8700000047683716,0.8999999761581421,0.8999999761581421,24700
2023-11-17,0.8700000047683716,0.9300000071525574,0.8700000047683716,0.9300000071525574,0.9300000071525574,11000
2023-11-20,0.8889999985694885,0.8999999761581421,0.8600000143051147,0.878000020980835,0.878000020980835,17700
2023-11-21,0.8500000238418579,0.9100000262260437,0.8500000238418579,0.8519999980926514,0.8519999980926514,26400
2023-11-22,0.8500000238418579,0.9100000262260437,0.8399999737739563,0.8500000238418579,0.8500000238418579,48000
2023-11-24,0.8799999952316284,0.8899999856948853,0.8399999737739563,0.8700000047683716,0.8700000047683716,26900
2023-11-27,0.8429999947547913,0.9079999923706055,0.8429999947547913,0.859000027179718,0.859000027179718,56600
2023-11-28,0.8830000162124634,0.8949999809265137,0.8600000143051147,0.875,0.875,42500
2023-11-29,0.8799999952316284,0.8899999856948853,0.8569999933242798,0.8799999952316284,0.8799999952316284,25400
2023-11-30,0.8399999737739563,0.9190000295639038,0.8399999737739563,0.8730000257492065,0.8730000257492065,86500
2023-12-01,0.9300000071525574,0.949999988079071,0.9110000133514404,0.9150000214576721,0.9150000214576721,88200
2023-12-04,0.8889999985694885,0.9200000166893005,0.8799999952316284,0.8830000162124634,0.8830000162124634,39900
2023-12-05,0.8899999856948853,0.9340000152587891,0.8700000047683716,0.8949999809265137,0.8949999809265137,28600
2023-12-06,0.9599999785423279,0.9599999785423279,0.8899999856948853,0.9200000166893005,0.9200000166893005,36700
2023-12-07,0.9200000166893005,0.9380000233650208,0.8799999952316284,0.9380000233650208,0.9380000233650208,7000
2023-12-08,0.9390000104904175,0.9399999976158142,0.9120000004768372,0.9120000004768372,0.9120000004768372,17700
2023-12-11,0.8999999761581421,0.9020000100135803,0.8830000162124634,0.8899999856948853,0.8899999856948853,40100
2023-12-12,0.949999988079071,0.949999988079071,0.8899999856948853,0.8899999856948853,0.8899999856948853,66600
2023-12-13,0.8920000195503235,0.9480000138282776,0.8799999952316284,0.9480000138282776,0.9480000138282776,15600
2023-12-14,0.9150000214576721,0.949999988079071,0.9150000214576721,0.949999988079071,0.949999988079071,18800
2023-12-15,0.9020000100135803,0.949999988079071,0.9020000100135803,0.949999988079071,0.949999988079071,10400
2023-12-18,0.9800000190734863,0.9800000190734863,0.8799999952316284,0.9580000042915344,0.9580000042915344,42300
2023-12-19,0.9340000152587891,0.9599999785423279,0.8679999709129333,0.8679999709129333,0.8679999709129333,84700
2023-12-20,0.8999999761581421,0.949999988079071,0.8999999761581421,0.9269999861717224,0.9269999861717224,42100
2023-12-21,0.9409999847412109,1.0499999523162842,0.9399999976158142,0.9900000095367432,0.9900000095367432,162800
2023-12-22,1.0199999809265137,1.0299999713897705,0.9599999785423279,0.9800000190734863,0.9800000190734863,111800
2023-12-26,0.9800000190734863,0.9800000190734863,0.9359999895095825,0.9369999766349792,0.9369999766349792,40000
2023-12-27,0.949999988079071,0.9700000286102295,0.9399999976158142,0.949999988079071,0.949999988079071,34300
2023-12-28,0.949999988079071,0.968999981880188,0.9350000023841858,0.9509999752044678,0.9509999752044678,63700
2023-12-29,0.9440000057220459,0.968999981880188,0.9100000262260437,0.9449999928474426,0.9449999928474426,39000
2024-01-02,0.9100000262260437,0.9599999785423279,0.9049999713897705,0.9160000085830688,0.9160000085830688,74900
2024-01-03,0.9300000071525574,0.9300000071525574,0.8960000276565552,0.9200000166893005,0.9200000166893005,16900
2024-01-04,0.9200000166893005,0.949999988079071,0.9129999876022339,0.9319999814033508,0.9319999814033508,36500
2024-01-05,0.949999988079071,0.949999988079071,0.8999999761581421,0.9100000262260437,0.9100000262260437,35800
2024-01-08,0.9100000262260437,0.9390000104904175,0.8899999856948853,0.9200000166893005,0.9200000166893005,12100
2024-01-09,0.9200000166893005,0.9380000233650208,0.8999999761581421,0.8999999761581421,0.8999999761581421,35700
2024-01-10,0.9049999713897705,0.9300000071525574,0.8999999761581421,0.9300000071525574,0.9300000071525574,38900
2024-01-11,0.8989999890327454,0.9390000104904175,0.8899999856948853,0.8899999856948853,0.8899999856948853,35500
2024-01-12,0.8899999856948853,0.9300000071525574,0.8700000047683716,0.8799999952316284,0.8799999952316284,22900
2024-01-16,0.8610000014305115,0.8999999761581421,0.8610000014305115,0.8899999856948853,0.8899999856948853,26700
2024-01-17,0.8899999856948853,0.8989999890327454,0.8700000047683716,0.8700000047683716,0.8700000047683716,18500
2024-01-18,0.8700000047683716,0.8939999938011169,0.8700000047683716,0.8700000047683716,0.8700000047683716,16000
2024-01-19,0.8700000047683716,0.8999999761581421,0.8700000047683716,0.8700000047683716,0.8700000047683716,1900
2024-01-22,0.8849999904632568,0.8999999761581421,0.8700000047683716,0.8799999952316284,0.8799999952316284,51800
2024-01-23,0.875,0.8989999890327454,0.8450000286102295,0.8450000286102295,0.8450000286102295,45900
2024-01-24,0.8500000238418579,0.8799999952316284,0.8399999737739563,0.8399999737739563,0.8399999737739563,25700
2024-01-25,0.8479999899864197,0.8799999952316284,0.8399999737739563,0.8610000014305115,0.8610000014305115,14600
2024-01-26,0.8600000143051147,0.8899999856948853,0.8500000238418579,0.871999979019165,0.871999979019165,45500
2024-01-29,0.8700000047683716,0.8889999985694885,0.8299999833106995,0.8600000143051147,0.8600000143051147,73000
2024-01-30,0.8510000109672546,0.8510000109672546,0.8299999833106995,0.8299999833106995,0.8299999833106995,39700
2024-01-31,0.8199999928474426,0.8730000257492065,0.8199999928474426,0.8700000047683716,0.8700000047683716,10200
2024-02-01,0.8399999737739563,0.8600000143051147,0.8399999737739563,0.8600000143051147,0.8600000143051147,8800
2024-02-02,0.8259999752044678,0.8550000190734863,0.8199999928474426,0.8360000252723694,0.8360000252723694,13700
2024-02-05,0.8209999799728394,0.8360000252723694,0.8019999861717224,0.8050000071525574,0.8050000071525574,22600
2024-02-06,0.8069999814033508,0.8299999833106995,0.8009999990463257,0.8259999752044678,0.8259999752044678,6100
2024-02-07,0.8109999895095825,0.8379999995231628,0.8109999895095825,0.8379999995231628,0.8379999995231628,4900
2024-02-08,0.8109999895095825,0.8600000143051147,0.8040000200271606,0.8199999928474426,0.8199999928474426,30100
2024-02-09,0.8399999737739563,0.859000027179718,0.8199999928474426,0.8299999833106995,0.8299999833106995,11900
2024-02-12,0.8009999990463257,0.8600000143051147,0.8009999990463257,0.8389999866485596,0.8389999866485596,14100
2024-02-13,0.8389999866485596,0.8600000143051147,0.828000009059906,0.843999981880188,0.843999981880188,34800
2024-02-14,0.8009999990463257,0.8190000057220459,0.6510000228881836,0.6710000038146973,0.6710000038146973,258600
2024-02-15,0.6610000133514404,0.7149999737739563,0.6499999761581421,0.6510000228881836,0.6510000228881836,40500
2024-02-16,0.6890000104904175,0.6890000104904175,0.6100000143051147,0.6539999842643738,0.6539999842643738,55300
2024-02-20,0.6489999890327454,0.6850000023841858,0.6370000243186951,0.652999997138977,0.652999997138977,40800
2024-02-21,0.6349999904632568,0.6850000023841858,0.6349999904632568,0.6700000166893005,0.6700000166893005,32900
2024-02-22,0.640999972820282,0.6539999842643738,0.640999972820282,0.6499999761581421,0.6499999761581421,22500
2024-02-23,0.675000011920929,0.6800000071525574,0.6600000262260437,0.6729999780654907,0.6729999780654907,19200
2024-02-26,0.7129999995231628,0.75,0.6549999713897705,0.6549999713897705,0.6549999713897705,29000
2024-02-27,0.6600000262260437,0.699999988079071,0.6600000262260437,0.6669999957084656,0.6669999957084656,19500
2024-02-28,0.6600000262260437,0.6949999928474426,0.6420000195503235,0.6890000104904175,0.6890000104904175,12400
2024-02-29,0.6809999942779541,0.6809999942779541,0.6549999713897705,0.6549999713897705,0.6549999713897705,11300
2024-03-01,0.699999988079071,0.699999988079071,0.6800000071525574,0.6800000071525574,0.6800000071525574,11600
2024-03-04,0.656000018119812,0.656000018119812,0.6269999742507935,0.6340000033378601,0.6340000033378601,33500
2024-03-05,0.6480000019073486,0.6520000100135803,0.6209999918937683,0.6209999918937683,0.6209999918937683,4000
2024-03-06,0.6269999742507935,0.6549999713897705,0.6269999742507935,0.628000020980835,0.628000020980835,14600
2024-03-07,0.6499999761581421,0.6499999761581421,0.628000020980835,0.628000020980835,0.628000020980835,17900
2024-03-08,0.628000020980835,0.6290000081062317,0.628000020980835,0.6290000081062317,0.6290000081062317,6300
2024-03-11,0.628000020980835,0.6349999904632568,0.628000020980835,0.6299999952316284,0.6299999952316284,11000
2024-03-12,0.628000020980835,0.628000020980835,0.628000020980835,0.628000020980835,0.628000020980835,1600
2024-03-13,0.628000020980835,0.6290000081062317,0.5699999928474426,0.5770000219345093,0.5770000219345093,114300
2024-03-14,0.6000000238418579,0.6759999990463257,0.5799999833106995,0.6230000257492065,0.6230000257492065,60200
2024-03-15,0.6499999761581421,0.6579999923706055,0.6200000047683716,0.6430000066757202,0.6430000066757202,13600
2024-03-18,0.6589999794960022,0.6690000295639038,0.6240000128746033,0.6340000033378601,0.6340000033378601,8300
2024-03-19,0.6499999761581421,0.6499999761581421,0.6240000128746033,0.6240000128746033,0.6240000128746033,5500
2024-03-20,0.6200000047683716,0.6389999985694885,0.5759999752044678,0.6159999966621399,0.6159999966621399,40400
2024-03-21,0.6000000238418579,0.6159999966621399,0.5910000205039978,0.5910000205039978,0.5910000205039978,9500
2024-03-22,0.5910000205039978,0.5950000286102295,0.5870000123977661,0.5910000205039978,0.5910000205039978,72100
2024-03-25,0.5910000205039978,0.5950000286102295,0.4309999942779541,0.5,0.5,373400
2024-03-26,0.460999995470047,0.4740000069141388,0.44999998807907104,0.4740000069141388,0.4740000069141388,61400
2024-03-27,0.47999998927116394,0.49000000953674316,0.4699999988079071,0.49000000953674316,0.49000000953674316,7800
2024-03-28,0.5199999809265137,0.5199999809265137,0.47600001096725464,0.47600001096725464,0.47600001096725464,10500
2024-04-01,0.45100000500679016,0.578000009059906,0.45100000500679016,0.5199999809265137,0.5199999809265137,63700
2024-04-02,0.49000000953674316,0.5649999976158142,0.49000000953674316,0.5270000100135803,0.5270000100135803,5000
2024-04-03,0.5210000276565552,0.527999997138977,0.5,0.5090000033378601,0.5090000033378601,9000
2024-04-04,0.4959999918937683,0.6299999952316284,0.47999998927116394,0.49000000953674316,0.49000000953674316,17000
2024-04-05,0.5,0.5249999761581421,0.49000000953674316,0.5249999761581421,0.5249999761581421,3000
2024-04-08,0.5210000276565552,0.5690000057220459,0.5210000276565552,0.5649999976158142,0.5649999976158142,5900
2024-04-09,0.5600000023841858,0.5600000023841858,0.5080000162124634,0.5230000019073486,0.5230000019073486,25400
2024-04-10,0.5230000019073486,0.5230000019073486,0.492000013589859,0.4950000047683716,0.4950000047683716,26800
2024-04-11,0.4959999918937683,0.49900001287460327,0.4830000102519989,0.4830000102519989,0.4830000102519989,5400
2024-04-12,0.5130000114440918,0.5789999961853027,0.5130000114440918,0.5509999990463257,0.5509999990463257,4800
2024-04-15,0.5669999718666077,0.5669999718666077,0.5299999713897705,0.5299999713897705,0.5299999713897705,5200
2024-04-16,0.5199999809265137,0.5199999809265137,0.5199999809265137,0.5199999809265137,0.5199999809265137,600
2024-04-17,0.5109999775886536,0.527999997138977,0.5109999775886536,0.527999997138977,0.527999997138977,5600
2024-04-18,0.5210000276565552,0.6769999861717224,0.5210000276565552,0.6309999823570251,0.6309999823570251,346500
2024-04-19,0.5899999737739563,0.6299999952316284,0.5199999809265137,0.5879999995231628,0.5879999995231628,106500
2024-04-22,0.5709999799728394,0.5879999995231628,0.5099999904632568,0.550000011920929,0.550000011920929,70300
2024-04-23,0.550000011920929,0.5590000152587891,0.550000011920929,0.5590000152587891,0.5590000152587891,23700
2024-04-24,0.5230000019073486,0.5759999752044678,0.503000020980835,0.5569999814033508,0.5569999814033508,8800
2024-04-25,0.5400000214576721,0.5460000038146973,0.4950000047683716,0.5249999761581421,0.5249999761581421,60800
2024-04-26,0.4970000088214874,0.5379999876022339,0.4970000088214874,0.5099999904632568,0.5099999904632568,14800
2024-04-29,0.49399998784065247,0.5339999794960022,0.49399998784065247,0.5339999794960022,0.5339999794960022,17100
2024-04-30,0.48100000619888306,0.5680000185966492,0.48100000619888306,0.49900001287460327,0.49900001287460327,10800
2024-05-01,0.6299999952316284,0.6299999952316284,0.5009999871253967,0.5410000085830688,0.5410000085830688,9200
2024-05-02,0.5,0.5899999737739563,0.5,0.5630000233650208,0.5630000233650208,5400
2024-05-03,0.5210000276565552,0.5600000023841858,0.5199999809265137,0.5419999957084656,0.5419999957084656,4700
2024-05-06,0.41999998688697815,0.550000011920929,0.41999998688697815,0.5320000052452087,0.5320000052452087,29400
2024-05-07,0.5299999713897705,0.6000000238418579,0.49000000953674316,0.49000000953674316,0.49000000953674316,61000
2024-05-08,0.4740000069141388,0.5450000166893005,0.4740000069141388,0.5199999809265137,0.5199999809265137,25600
2024-05-09,0.5389999747276306,0.546999990940094,0.5199999809265137,0.546999990940094,0.546999990940094,3200
2024-05-10,0.531000018119812,0.5389999747276306,0.5049999952316284,0.5189999938011169,0.5189999938011169,17700
2024-05-13,0.5080000162124634,0.5139999985694885,0.5080000162124634,0.5090000033378601,0.5090000033378601,24000
2024-05-14,0.5199999809265137,0.531000018119812,0.5149999856948853,0.531000018119812,0.531000018119812,32400
2024-05-15,0.5299999713897705,0.5400000214576721,0.4880000054836273,0.5400000214576721,0.5400000214576721,52800
2024-05-16,0.5049999952316284,0.5099999904632568,0.48100000619888306,0.5,0.5,47900
2024-05-17,0.49300000071525574,0.5249999761581421,0.49300000071525574,0.5009999871253967,0.5009999871253967,17500
2024-05-20,0.49399998784065247,0.5299999713897705,0.49399998784065247,0.5,0.5,16800
2024-05-21,0.5,0.5,0.49900001287460327,0.5,0.5,47200
2024-05-22,0.46700000762939453,0.5,0.46700000762939453,0.4950000047683716,0.4950000047683716,20300
2024-05-23,0.47999998927116394,0.5400000214576721,0.47999998927116394,0.49000000953674316,0.49000000953674316,58100
2024-05-24,0.48399999737739563,0.5,0.4749999940395355,0.48100000619888306,0.48100000619888306,62100
2024-05-28,0.47999998927116394,0.49000000953674316,0.47999998927116394,0.48500001430511475,0.48500001430511475,33900
2024-05-29,0.48100000619888306,0.5,0.48100000619888306,0.49000000953674316,0.49000000953674316,5900
2024-05-30,0.5,0.5400000214576721,0.47099998593330383,0.49799999594688416,0.49799999594688416,64900
2024-05-31,0.48100000619888306,0.527999997138977,0.47999998927116394,0.5040000081062317,0.5040000081062317,10600
2024-06-03,0.4300000071525574,0.5709999799728394,0.4300000071525574,0.5600000023841858,0.5600000023841858,161300
2024-06-04,0.6330000162124634,0.8399999737739563,0.5609999895095825,0.699999988079071,0.699999988079071,2361700
2024-06-05,1.2000000476837158,1.440000057220459,0.9210000038146973,1.0,1.0,67900300
2024-06-06,0.699999988079071,0.8299999833106995,0.6200000047683716,0.6700000166893005,0.6700000166893005,3397200
2024-06-07,0.5699999928474426,0.6399999856948853,0.5669999718666077,0.5879999995231628,0.5879999995231628,916400
2024-06-10,0.6000000238418579,0.6000000238418579,0.5199999809265137,0.5870000123977661,0.5870000123977661,495700
2024-06-11,0.6129999756813049,0.6899999976158142,0.6129999756813049,0.6449999809265137,0.6449999809265137,653600
2024-06-12,0.6259999871253967,0.6700000166893005,0.6050000190734863,0.6340000033378601,0.6340000033378601,253800
2024-06-13,0.6150000095367432,0.6800000071525574,0.5699999928474426,0.6119999885559082,0.6119999885559082,424300
2024-06-14,0.6019999980926514,0.6370000243186951,0.6000000238418579,0.6100000143051147,0.6100000143051147,116500
2024-06-17,0.5920000076293945,0.593999981880188,0.5699999928474426,0.5809999704360962,0.5809999704360962,119800
2024-06-18,0.5789999961853027,0.6890000104904175,0.5699999928474426,0.6110000014305115,0.6110000014305115,394600
2024-06-20,0.6200000047683716,0.6340000033378601,0.609000027179718,0.6119999885559082,0.6119999885559082,114700
2024-06-21,0.597000002861023,0.6299999952316284,0.574999988079071,0.574999988079071,0.574999988079071,92500
2024-06-24,0.5789999961853027,0.6169999837875366,0.5699999928474426,0.6060000061988831,0.6060000061988831,100100
2024-06-25,0.5979999899864197,0.6499999761581421,0.5920000076293945,0.6340000033378601,0.6340000033378601,50100
2024-06-26,0.6349999904632568,0.6499999761581421,0.6029999852180481,0.6100000143051147,0.6100000143051147,57300
2024-06-27,0.6940000057220459,0.6940000057220459,0.6330000162124634,0.6480000019073486,0.6480000019073486,139500
2024-06-28,0.6579999923706055,0.6899999976158142,0.6100000143051147,0.621999979019165,0.621999979019165,84300
2024-07-01,0.609000027179718,0.6489999890327454,0.609000027179718,0.6359999775886536,0.6359999775886536,93300
2024-07-02,0.6359999775886536,0.6499999761581421,0.6179999709129333,0.6299999952316284,0.6299999952316284,61700
2024-07-03,0.625,0.6330000162124634,0.6000000238418579,0.6119999885559082,0.6119999885559082,71500
2024-07-05,0.5929999947547913,0.6299999952316284,0.5929999947547913,0.628000020980835,0.628000020980835,33900
2024-07-08,0.6169999837875366,0.6669999957084656,0.6050000190734863,0.6230000257492065,0.6230000257492065,126200
2024-07-09,0.6100000143051147,0.6610000133514404,0.6050000190734863,0.6299999952316284,0.6299999952316284,135600
2024-07-10,0.6539999842643738,0.6539999842643738,0.6200000047683716,0.6230000257492065,0.6230000257492065,47200
2024-07-11,0.6230000257492065,0.6600000262260437,0.6110000014305115,0.6299999952316284,0.6299999952316284,129900
2024-07-12,0.6200000047683716,0.675000011920929,0.6100000143051147,0.6549999713897705,0.6549999713897705,129400
2024-07-15,0.6299999952316284,0.7239999771118164,0.625,0.7059999704360962,0.7059999704360962,238500
2024-07-16,0.6840000152587891,0.7369999885559082,0.6309999823570251,0.7319999933242798,0.7319999933242798,290900
2024-07-17,0.7300000190734863,0.7300000190734863,0.6610000133514404,0.6909999847412109,0.6909999847412109,49000
2024-07-18,0.6669999957084656,0.7200000286102295,0.6620000004768372,0.6899999976158142,0.6899999976158142,58800
2024-07-19,0.6769999861717224,0.7139999866485596,0.6460000276565552,0.699999988079071,0.699999988079071,160500
2024-07-22,0.699999988079071,0.75,0.6850000023841858,0.6970000267028809,0.6970000267028809,184500
2024-07-23,0.7300000190734863,0.7649999856948853,0.6890000104904175,0.7099999785423279,0.7099999785423279,216800
2024-07-24,0.6890000104904175,0.7099999785423279,0.6430000066757202,0.6499999761581421,0.6499999761581421,110600
2024-07-25,0.6539999842643738,0.6800000071525574,0.6370000243186951,0.6679999828338623,0.6679999828338623,35600
2024-07-26,0.6420000195503235,0.7099999785423279,0.625,0.6650000214576721,0.6650000214576721,57400
2024-07-29,0.640999972820282,0.6700000166893005,0.6200000047683716,0.6439999938011169,0.6439999938011169,69500
2024-07-30,0.6449999809265137,0.6899999976158142,0.6200000047683716,0.675000011920929,0.675000011920929,95600
2024-07-31,0.6880000233650208,0.699999988079071,0.6439999938011169,0.6779999732971191,0.6779999732971191,106800
2024-08-01,0.640999972820282,0.671999990940094,0.6299999952316284,0.6629999876022339,0.6629999876022339,76900
2024-08-02,0.6430000066757202,0.6620000004768372,0.5799999833106995,0.6000000238418579,0.6000000238418579,105000
2024-08-05,0.5600000023841858,0.6370000243186951,0.5590000152587891,0.574999988079071,0.574999988079071,70800
2024-08-06,0.5299999713897705,0.6399999856948853,0.5260000228881836,0.621999979019165,0.621999979019165,202600
2024-08-07,0.6190000176429749,0.6620000004768372,0.5619999766349792,0.6000000238418579,0.6000000238418579,93300
2024-08-08,0.5899999737739563,0.6399999856948853,0.5699999928474426,0.6179999709129333,0.6179999709129333,12200
2024-08-09,0.6389999985694885,0.6399999856948853,0.5899999737739563,0.6320000290870667,0.6320000290870667,84200
2024-08-12,0.6129999756813049,0.6389999985694885,0.5899999737739563,0.6299999952316284,0.6299999952316284,22200
2024-08-13,0.6000000238418579,0.6200000047683716,0.6000000238418579,0.6179999709129333,0.6179999709129333,33100
2024-08-14,0.6100000143051147,0.6179999709129333,0.6019999980926514,0.6100000143051147,0.6100000143051147,14100
2024-08-15,0.6200000047683716,0.7300000190734863,0.6000000238418579,0.6209999918937683,0.6209999918937683,296200
2024-08-16,0.6399999856948853,0.6399999856948853,0.6179999709129333,0.6200000047683716,0.6200000047683716,59300
2024-08-19,0.6100000143051147,0.6399999856948853,0.6100000143051147,0.6200000047683716,0.6200000047683716,36300
2024-08-20,0.6110000014305115,0.6190000176429749,0.6010000109672546,0.609000027179718,0.609000027179718,59600
2024-08-21,0.6010000109672546,0.6200000047683716,0.6010000109672546,0.6200000047683716,0.6200000047683716,4700
2024-08-22,0.6060000061988831,0.6299999952316284,0.6050000190734863,0.6050000190734863,0.6050000190734863,55900
2024-08-23,0.6050000190734863,0.6499999761581421,0.6050000190734863,0.6499999761581421,0.6499999761581421,24600
2024-08-26,0.6399999856948853,0.6399999856948853,0.6100000143051147,0.6240000128746033,0.6240000128746033,57500
2024-08-27,0.6169999837875366,0.6389999985694885,0.6100000143051147,0.6200000047683716,0.6200000047683716,18400
2024-08-28,0.6119999885559082,0.6150000095367432,0.5730000138282776,0.5899999737739563,0.5899999737739563,139400
2024-08-29,0.5950000286102295,0.6000000238418579,0.5699999928474426,0.5709999799728394,0.5709999799728394,65800
2024-08-30,0.574999988079071,0.5879999995231628,0.550000011920929,0.5849999785423279,0.5849999785423279,44100
2024-09-03,0.5849999785423279,0.5849999785423279,0.5600000023841858,0.5659999847412109,0.5659999847412109,9400
2024-09-04,0.5600000023841858,0.5699999928474426,0.550000011920929,0.5600000023841858,0.5600000023841858,20900
2024-09-05,0.5799999833106995,0.5820000171661377,0.5699999928474426,0.5820000171661377,0.5820000171661377,38900
2024-09-06,0.5600000023841858,0.5870000123977661,0.5550000071525574,0.5550000071525574,0.5550000071525574,14600
2024-09-09,0.5799999833106995,0.5799999833106995,0.5400000214576721,0.5460000038146973,0.5460000038146973,30300
2024-09-10,0.5410000085830688,0.6000000238418579,0.5400000214576721,0.5410000085830688,0.5410000085830688,38100
2024-09-11,0.5400000214576721,0.5590000152587891,0.5299999713897705,0.5299999713897705,0.5299999713897705,29800
2024-09-12,0.5600000023841858,0.6190000176429749,0.5260000228881836,0.5490000247955322,0.5490000247955322,152500
2024-09-13,0.5429999828338623,0.6000000238418579,0.5400000214576721,0.5899999737739563,0.5899999737739563,39200
2024-09-16,0.5899999737739563,0.5899999737739563,0.5600000023841858,0.5809999704360962,0.5809999704360962,22100
2024-09-17,0.5740000009536743,0.5889999866485596,0.5699999928474426,0.5849999785423279,0.5849999785423279,40800
2024-09-18,0.5830000042915344,0.5849999785423279,0.5299999713897705,0.5649999976158142,0.5649999976158142,94100
2024-09-19,0.5699999928474426,0.5899999737739563,0.5609999895095825,0.5759999752044678,0.5759999752044678,34900
2024-09-20,0.5789999961853027,0.5849999785423279,0.5400000214576721,0.5849999785423279,0.5849999785423279,16000
2024-09-23,0.5699999928474426,0.5839999914169312,0.5580000281333923,0.5619999766349792,0.5619999766349792,16700
2024-09-24,0.5740000009536743,0.5799999833106995,0.5509999990463257,0.5699999928474426,0.5699999928474426,43700
2024-09-25,0.5699999928474426,0.5799999833106995,0.5509999990463257,0.5619999766349792,0.5619999766349792,21500
2024-09-26,0.5799999833106995,0.5899999737739563,0.5559999942779541,0.5699999928474426,0.5699999928474426,59500
2024-09-27,0.5899999737739563,0.6100000143051147,0.5600000023841858,0.578000009059906,0.578000009059906,277700
2024-09-30,0.5799999833106995,0.5799999833106995,0.5609999895095825,0.5699999928474426,0.5699999928474426,27800
2024-10-01,0.5550000071525574,0.5619999766349792,0.531000018119812,0.5400000214576721,0.5400000214576721,179300
2024-10-02,0.5350000262260437,0.5699999928474426,0.531000018119812,0.5410000085830688,0.5410000085830688,27600
2024-10-03,0.5410000085830688,0.5619999766349792,0.531000018119812,0.5419999957084656,0.5419999957084656,23300
2024-10-04,0.531000018119812,0.5419999957084656,0.5199999809265137,0.531000018119812,0.531000018119812,62600
2024-10-07,0.5370000004768372,0.5370000004768372,0.5120000243186951,0.5189999938011169,0.5189999938011169,61500
2024-10-08,0.5189999938011169,0.5360000133514404,0.5009999871253967,0.5329999923706055,0.5329999923706055,105600
2024-10-09,0.5350000262260437,0.5360000133514404,0.5199999809265137,0.5299999713897705,0.5299999713897705,15100
2024-10-10,0.5400000214576721,0.5400000214576721,0.5199999809265137,0.5230000019073486,0.5230000019073486,2700
2024-10-11,0.5199999809265137,0.5270000100135803,0.5120000243186951,0.5199999809265137,0.5199999809265137,44100
2024-10-14,0.5199999809265137,0.531000018119812,0.503000020980835,0.5040000081062317,0.5040000081062317,40700
2024-10-15,0.5289999842643738,0.5289999842643738,0.5049999952316284,0.5049999952316284,0.5049999952316284,42900
2024-10-16,0.5099999904632568,0.5299999713897705,0.5099999904632568,0.5239999890327454,0.5239999890327454,50200
2024-10-17,0.5130000114440918,0.5299999713897705,0.5120000243186951,0.5299999713897705,0.5299999713897705,27100
2024-10-18,0.5199999809265137,0.5460000038146973,0.5199999809265137,0.5350000262260437,0.5350000262260437,61400
2024-10-21,0.5199999809265137,0.6499999761581421,0.5199999809265137,0.6159999966621399,0.6159999966621399,490900
2024-10-22,0.5509999990463257,0.6200000047683716,0.5509999990463257,0.6200000047683716,0.6200000047683716,43900
2024-10-23,0.6299999952316284,0.6299999952316284,0.5789999961853027,0.5979999899864197,0.5979999899864197,22300
2024-10-24,0.5809999704360962,0.7099999785423279,0.5809999704360962,0.6700000166893005,0.6700000166893005,309900
2024-10-25,0.6499999761581421,0.699999988079071,0.6299999952316284,0.699999988079071,0.699999988079071,131500
2024-10-28,0.6930000185966492,0.7200000286102295,0.6800000071525574,0.6800000071525574,0.6800000071525574,33800
2024-10-29,0.6620000004768372,0.6639999747276306,0.6299999952316284,0.6299999952316284,0.6299999952316284,6200
2024-10-30,0.6499999761581421,0.6880000233650208,0.6399999856948853,0.6499999761581421,0.6499999761581421,39100
2024-10-31,0.6209999918937683,0.6430000066757202,0.6110000014305115,0.625,0.625,5400
2024-11-01,0.6060000061988831,0.6060000061988831,0.6050000190734863,0.6050000190734863,0.6050000190734863,1400
2024-11-04,0.6010000109672546,0.6150000095367432,0.6010000109672546,0.6150000095367432,0.6150000095367432,17200
2024-11-05,0.6200000047683716,0.6299999952316284,0.6019999980926514,0.6019999980926514,0.6019999980926514,5200
2024-11-06,0.6000000238418579,0.6299999952316284,0.5770000219345093,0.5799999833106995,0.5799999833106995,31000
2024-11-07,0.5809999704360962,0.6050000190734863,0.5809999704360962,0.5820000171661377,0.5820000171661377,57000
2024-11-08,0.574999988079071,0.6200000047683716,0.574999988079071,0.6129999756813049,0.6129999756813049,6100
2024-11-11,0.5910000205039978,0.6299999952316284,0.5910000205039978,0.6159999966621399,0.6159999966621399,85300
2024-11-12,0.6200000047683716,0.6700000166893005,0.6100000143051147,0.6499999761581421,0.6499999761581421,20100
2024-11-13,0.6620000004768372,0.6620000004768372,0.609000027179718,0.6330000162124634,0.6330000162124634,11100
2024-11-14,0.6000000238418579,0.6499999761581421,0.5799999833106995,0.6010000109672546,0.6010000109672546,26900
2024-11-15,0.5849999785423279,0.6259999871253967,0.5849999785423279,0.5899999737739563,0.5899999737739563,9300
2024-11-18,0.5899999737739563,0.6470000147819519,0.5899999737739563,0.6200000047683716,0.6200000047683716,45100
2024-11-19,0.6449999809265137,0.6470000147819519,0.6230000257492065,0.6330000162124634,0.6330000162124634,14500
2024-11-20,0.5950000286102295,0.6399999856948853,0.5950000286102295,0.6200000047683716,0.6200000047683716,14600
2024-11-21,0.6100000143051147,0.6669999957084656,0.6100000143051147,0.6499999761581421,0.6499999761581421,24300
2024-11-22,0.6119999885559082,0.6499999761581421,0.6119999885559082,0.6150000095367432,0.6150000095367432,26500
2024-11-25,0.6489999890327454,0.6549999713897705,0.628000020980835,0.6299999952316284,0.6299999952316284,13900
2024-11-26,0.6159999966621399,0.6480000019073486,0.6150000095367432,0.6480000019073486,0.6480000019073486,22400
2024-11-27,0.6800000071525574,0.6800000071525574,0.6399999856948853,0.6499999761581421,0.6499999761581421,7000
2024-11-29,0.6510000228881836,0.6800000071525574,0.6510000228881836,0.6610000133514404,0.6610000133514404,17500
2024-12-02,0.6489999890327454,0.6899999976158142,0.6489999890327454,0.6650000214576721,0.6650000214576721,9100
2024-12-03,0.6700000166893005,0.6700000166893005,0.6449999809265137,0.6449999809265137,0.6449999809265137,2700
2024-12-04,0.6499999761581421,0.6660000085830688,0.6480000019073486,0.6480000019073486,0.6480000019073486,4800
2024-12-05,0.6700000166893005,0.6700000166893005,0.6349999904632568,0.6499999761581421,0.6499999761581421,9700
2024-12-06,0.6850000023841858,0.6850000023841858,0.640999972820282,0.6499999761581421,0.6499999761581421,27100
2024-12-09,0.640999972820282,0.6700000166893005,0.6399999856948853,0.6480000019073486,0.6480000019073486,11500
2024-12-10,0.6399999856948853,0.6890000104904175,0.6399999856948853,0.6480000019073486,0.6480000019073486,37300
2024-12-11,0.6480000019073486,0.6660000085830688,0.6480000019073486,0.6579999923706055,0.6579999923706055,5000
2024-12-12,0.6899999976158142,0.6899999976158142,0.6499999761581421,0.6669999957084656,0.6669999957084656,36300
2024-12-13,0.6800000071525574,0.7400000095367432,0.6600000262260437,0.7369999885559082,0.7369999885559082,114000
2024-12-16,0.7200000286102295,0.7360000014305115,0.7009999752044678,0.7200000286102295,0.7200000286102295,29700
2024-12-17,0.7200000286102295,0.7279999852180481,0.6859999895095825,0.699999988079071,0.699999988079071,16600
2024-12-18,0.6880000233650208,0.7009999752044678,0.6510000228881836,0.6510000228881836,0.6510000228881836,10500
2024-12-19,0.6399999856948853,0.6899999976158142,0.6309999823570251,0.6650000214576721,0.6650000214576721,4900
2024-12-20,0.6309999823570251,0.6800000071525574,0.6110000014305115,0.6800000071525574,0.6800000071525574,20400
2024-12-23,0.6639999747276306,0.6800000071525574,0.6129999756813049,0.6399999856948853,0.6399999856948853,18700
2024-12-24,0.6399999856948853,0.6430000066757202,0.6399999856948853,0.6399999856948853,0.6399999856948853,11900
2024-12-26,0.6439999938011169,0.6850000023841858,0.6119999885559082,0.6759999990463257,0.6759999990463257,6700
2024-12-27,0.6840000152587891,0.6840000152587891,0.6230000257492065,0.6579999923706055,0.6579999923706055,10900
2024-12-30,0.6129999756813049,0.6850000023841858,0.6129999756813049,0.6679999828338623,0.6679999828338623,15800
2024-12-31,0.6499999761581421,0.6710000038146973,0.6230000257492065,0.6499999761581421,0.6499999761581421,29600
2025-01-02,0.6499999761581421,0.699999988079071,0.6240000128746033,0.675000011920929,0.675000011920929,10100
2025-01-03,0.6779999732971191,0.6800000071525574,0.6309999823570251,0.6380000114440918,0.6380000114440918,45700
2025-01-06,0.6899999976158142,0.8989999890327454,0.6899999976158142,0.8500000238418579,0.8500000238418579,1066800
2025-01-07,0.8889999985694885,0.8889999985694885,0.7099999785423279,0.7799999713897705,0.7799999713897705,217800
2025-01-08,0.7699999809265137,0.7699999809265137,0.7110000252723694,0.7599999904632568,0.7599999904632568,58300
2025-01-10,0.7699999809265137,0.7699999809265137,0.7110000252723694,0.75,0.75,48900
2025-01-13,0.7110000252723694,0.75,0.6769999861717224,0.7099999785423279,0.7099999785423279,80400
2025-01-14,0.7099999785423279,0.75,0.6800000071525574,0.7200000286102295,0.7200000286102295,92300
2025-01-15,0.9800000190734863,1.5499999523162842,0.7350000143051147,0.7419999837875366,0.7419999837875366,83347700
2025-01-16,0.7699999809265137,0.968999981880188,0.75,0.925000011920929,0.925000011920929,2887800
2025-01-17,0.9399999976158142,1.0299999713897705,0.9300000071525574,0.9300000071525574,0.9300000071525574,1117100
2025-01-21,0.9300000071525574,0.9430000185966492,0.800000011920929,0.8349999785423279,0.8349999785423279,585800
2025-01-22,0.8309999704360962,0.8949999809265137,0.8069999814033508,0.8799999952316284,0.8799999952316284,155700
2025-01-23,0.8330000042915344,0.9010000228881836,0.8100000023841858,0.8500000238418579,0.8500000238418579,257400
2025-01-24,0.824999988079071,0.8650000095367432,0.7799999713897705,0.8069999814033508,0.8069999814033508,211400
2025-01-27,0.7699999809265137,0.8199999928474426,0.7599999904632568,0.7649999856948853,0.7649999856948853,160500
2025-01-28,0.765999972820282,0.7929999828338623,0.7300000190734863,0.7699999809265137,0.7699999809265137,212500
2025-01-29,0.75,0.7540000081062317,0.7319999933242798,0.7400000095367432,0.7400000095367432,47900
2025-01-30,0.7319999933242798,0.7559999823570251,0.7300000190734863,0.7419999837875366,0.7419999837875366,73700
2025-01-31,0.7300000190734863,0.7400000095367432,0.699999988079071,0.7009999752044678,0.7009999752044678,124600
2025-02-03,0.699999988079071,0.7360000014305115,0.6700000166893005,0.7080000042915344,0.7080000042915344,46000
2025-02-04,0.6899999976158142,0.746999979019165,0.6899999976158142,0.718999981880188,0.718999981880188,86100
2025-02-05,0.7200000286102295,0.753000020980835,0.6840000152587891,0.718999981880188,0.718999981880188,100600
2025-02-06,0.7390000224113464,0.7599999904632568,0.7110000252723694,0.746999979019165,0.746999979019165,74900
2025-02-07,0.7519999742507935,0.7599999904632568,0.7239999771118164,0.7360000014305115,0.7360000014305115,69000
2025-02-10,0.7379999756813049,0.7409999966621399,0.7099999785423279,0.7300000190734863,0.7300000190734863,19500
2025-02-11,0.7099999785423279,0.7599999904632568,0.6880000233650208,0.7279999852180481,0.7279999852180481,87200
2025-02-12,0.7059999704360962,0.75,0.699999988079071,0.7229999899864197,0.7229999899864197,27000
2025-02-13,0.6899999976158142,0.7749999761581421,0.6830000281333923,0.7409999966621399,0.7409999966621399,101500
2025-02-14,0.7549999952316284,0.7580000162124634,0.699999988079071,0.7300000190734863,0.7300000190734863,67200
2025-02-18,0.7200000286102295,0.7300000190734863,0.6819999814033508,0.6840000152587891,0.6840000152587891,81800
2025-02-19,0.7229999899864197,0.7229999899864197,0.6309999823570251,0.6510000228881836,0.6510000228881836,116100
2025-02-20,0.6420000195503235,0.6629999876022339,0.6309999823570251,0.6470000147819519,0.6470000147819519,38400
2025-02-21,0.6299999952316284,0.6430000066757202,0.5799999833106995,0.5899999737739563,0.5899999737739563,123200
2025-02-24,0.6169999837875366,0.621999979019165,0.5299999713897705,0.5910000205039978,0.5910000205039978,77500
2025-02-25,0.6000000238418579,0.6000000238418579,0.5410000085830688,0.5540000200271606,0.5540000200271606,68900
2025-02-26,0.5699999928474426,0.5699999928474426,0.5400000214576721,0.5400000214576721,0.5400000214576721,29800
2025-02-27,0.5690000057220459,0.5690000057220459,0.5400000214576721,0.5400000214576721,0.5400000214576721,42600
2025-02-28,0.5600000023841858,0.5799999833106995,0.550000011920929,0.5799999833106995,0.5799999833106995,18900
2025-03-03,0.5830000042915344,0.5989999771118164,0.5400000214576721,0.5400000214576721,0.5400000214576721,21500
2025-03-04,0.5400000214576721,0.5799999833106995,0.5400000214576721,0.550000011920929,0.550000011920929,20200
2025-03-05,0.5989999771118164,0.5989999771118164,0.550000011920929,0.550000011920929,0.550000011920929,20900
2025-03-06,0.5590000152587891,0.5590000152587891,0.5199999809265137,0.5299999713897705,0.5299999713897705,41000
2025-03-07,0.5299999713897705,0.5370000004768372,0.5270000100135803,0.5299999713897705,0.5299999713897705,22500
2025-03-10,0.5199999809265137,0.5370000004768372,0.5,0.5049999952316284,0.5049999952316284,30900
2025-03-11,0.5099999904632568,0.5199999809265137,0.5099999904632568,0.5130000114440918,0.5130000114440918,9300
2025-03-12,0.5329999923706055,0.5509999990463257,0.5270000100135803,0.5509999990463257,0.5509999990463257,4900
2025-03-13,0.5699999928474426,0.5699999928474426,0.5299999713897705,0.5299999713897705,0.5299999713897705,3000
2025-03-14,0.5339999794960022,0.5460000038146973,0.515999972820282,0.5400000214576721,0.5400000214576721,4300
2025-03-17,0.5400000214576721,0.5649999976158142,0.5400000214576721,0.5600000023841858,0.5600000023841858,12300
2025-03-18,0.5600000023841858,0.5699999928474426,0.5600000023841858,0.5699999928474426,0.5699999928474426,14500
2025-03-19,0.5600000023841858,0.5699999928474426,0.5400000214576721,0.5649999976158142,0.5649999976158142,10800
2025-03-20,0.5730000138282776,0.5770000219345093,0.5730000138282776,0.5730000138282776,0.5730000138282776,2000
2025-03-21,0.550000011920929,0.5649999976158142,0.5360000133514404,0.5360000133514404,0.5360000133514404,23400
2025-03-24,0.5400000214576721,0.5490000247955322,0.5249999761581421,0.5260000228881836,0.5260000228881836,10900
2025-03-25,0.5299999713897705,0.6259999871253967,0.5270000100135803,0.550000011920929,0.550000011920929,49300
2025-03-26,0.5950000286102295,0.6100000143051147,0.5509999990463257,0.5509999990463257,0.5509999990463257,33700
2025-03-27,0.6290000081062317,0.6290000081062317,0.550000011920929,0.550000011920929,0.550000011920929,25400
2025-03-28,0.5400000214576721,0.6000000238418579,0.5230000019073486,0.5239999890327454,0.5239999890327454,39200
2025-03-31,0.6100000143051147,0.6489999890327454,0.5009999871253967,0.625,0.625,222900
2025-04-01,0.5799999833106995,0.7480000257492065,0.5799999833106995,0.7480000257492065,0.7480000257492065,955800
2025-04-02,0.7099999785423279,0.8550000190734863,0.7099999785423279,0.7450000047683716,0.7450000047683716,1349700
2025-04-03,0.7400000095367432,0.7549999952316284,0.6800000071525574,0.7110000252723694,0.7110000252723694,320400
2025-04-04,0.7649999856948853,0.8100000023841858,0.7160000205039978,0.7599999904632568,0.7599999904632568,594800
2025-04-07,0.7599999904632568,0.7599999904632568,0.6179999709129333,0.6679999828338623,0.6679999828338623,837600
2025-04-08,0.6700000166893005,0.6899999976158142,0.550000011920929,0.5509999990463257,0.5509999990463257,254300
2025-04-09,0.5529999732971191,0.6200000047683716,0.5299999713897705,0.5899999737739563,0.5899999737739563,160900
2025-04-10,0.6029999852180481,0.6190000176429749,0.5619999766349792,0.5799999833106995,0.5799999833106995,86000
2025-04-11,0.5730000138282776,0.6650000214576721,0.5350000262260437,0.6200000047683716,0.6200000047683716,178000
2025-04-14,0.6589999794960022,0.6800000071525574,0.6000000238418579,0.6309999823570251,0.6309999823570251,68600
2025-04-15,0.6169999837875366,0.6899999976158142,0.5879999995231628,0.6800000071525574,0.6800000071525574,504100
2025-04-16,0.6700000166893005,0.6700000166893005,0.5669999718666077,0.574999988079071,0.574999988079071,230400
2025-04-17,0.5709999799728394,0.6600000262260437,0.550000011920929,0.578000009059906,0.578000009059906,752700
2025-04-21,0.5609999895095825,0.5770000219345093,0.5230000019073486,0.5770000219345093,0.5770000219345093,171600
2025-04-22,0.5669999718666077,0.5740000009536743,0.5460000038146973,0.5699999928474426,0.5699999928474426,82500
2025-04-23,0.5699999928474426,0.5720000267028809,0.550000011920929,0.5720000267028809,0.5720000267028809,37800
2025-04-24,0.5450000166893005,0.6000000238418579,0.5450000166893005,0.5789999961853027,0.5789999961853027,121700
2025-04-25,0.5690000057220459,0.578000009059906,0.5479999780654907,0.578000009059906,0.578000009059906,96100
2025-04-28,0.5619999766349792,0.5789999961853027,0.5550000071525574,0.5709999799728394,0.5709999799728394,25600
2025-04-29,0.5600000023841858,0.5899999737739563,0.5550000071525574,0.5630000233650208,0.5630000233650208,62000
2025-04-30,0.5509999990463257,0.574999988079071,0.550000011920929,0.5509999990463257,0.5509999990463257,10500
2025-05-01,0.550000011920929,0.5680000185966492,0.550000011920929,0.5600000023841858,0.5600000023841858,9500
2025-05-02,0.5509999990463257,0.5680000185966492,0.550000011920929,0.5590000152587891,0.5590000152587891,29500
2025-05-05,0.5590000152587891,0.593999981880188,0.5590000152587891,0.5889999866485596,0.5889999866485596,51500
2025-05-06,0.5910000205039978,0.5910000205039978,0.5609999895095825,0.5619999766349792,0.5619999766349792,47300
2025-05-07,0.5899999737739563,0.5989999771118164,0.550000011920929,0.550000011920929,0.550000011920929,30700
2025-05-08,0.550000011920929,0.6499999761581421,0.550000011920929,0.6179999709129333,0.6179999709129333,431500
2025-05-09,0.6179999709129333,0.6389999985694885,0.5899999737739563,0.6200000047683716,0.6200000047683716,30300
2025-05-12,0.6050000190734863,0.6200000047683716,0.5910000205039978,0.6110000014305115,0.6110000014305115,32200
2025-05-13,0.6150000095367432,0.6259999871253967,0.5899999737739563,0.5960000157356262,0.5960000157356262,26500
2025-05-14,0.5899999737739563,0.6200000047683716,0.5799999833106995,0.5799999833106995,0.5799999833106995,88700
2025-05-15,0.6000000238418579,0.6309999823570251,0.5740000009536743,0.5899999737739563,0.5899999737739563,134500
2025-05-16,0.609000027179718,0.6200000047683716,0.5699999928474426,0.5820000171661377,0.5820000171661377,43100
2025-05-19,0.5879999995231628,0.6200000047683716,0.5879999995231628,0.6069999933242798,0.6069999933242798,42100
2025-05-20,0.6299999952316284,0.6299999952316284,0.5799999833106995,0.6169999837875366,0.6169999837875366,33000
2025-05-21,0.6100000143051147,0.6489999890327454,0.5899999737739563,0.5899999737739563,0.5899999737739563,98600
2025-05-22,0.5910000205039978,0.5950000286102295,0.574999988079071,0.593999981880188,0.593999981880188,30800
2025-05-23,0.5799999833106995,0.5950000286102295,0.574999988079071,0.5929999947547913,0.5929999947547913,15400
2025-05-27,0.5709999799728394,0.6100000143051147,0.5709999799728394,0.5870000123977661,0.5870000123977661,11600
2025-05-28,0.6190000176429749,0.6190000176429749,0.5799999833106995,0.5950000286102295,0.5950000286102295,29500
2025-05-29,0.5809999704360962,0.5950000286102295,0.5709999799728394,0.5920000076293945,0.5920000076293945,26000
2025-05-30,0.5809999704360962,0.5889999866485596,0.5809999704360962,0.5839999914169312,0.5839999914169312,7900
2025-06-02,0.6000000238418579,0.6000000238418579,0.5699999928474426,0.5699999928474426,0.5699999928474426,46300
2025-06-03,0.5609999895095825,0.578000009059906,0.5609999895095825,0.5669999718666077,0.5669999718666077,35200
2025-06-04,0.550000011920929,0.5600000023841858,0.5450000166893005,0.5569999814033508,0.5569999814033508,44800
2025-06-05,0.5649999976158142,0.5680000185966492,0.5600000023841858,0.5609999895095825,0.5609999895095825,13100
2025-06-06,0.550000011920929,0.5590000152587891,0.550000011920929,0.5509999990463257,0.5509999990463257,7900
2025-06-09,0.5099999904632568,0.5600000023841858,0.5099999904632568,0.5450000166893005,0.5450000166893005,52300
2025-06-10,0.550000011920929,0.550000011920929,0.5350000262260437,0.5400000214576721,0.5400000214576721,37900
2025-06-11,0.5400000214576721,0.550000011920929,0.5350000262260437,0.550000011920929,0.550000011920929,15800
2025-06-12,0.550000011920929,0.5600000023841858,0.550000011920929,0.550000011920929,0.550000011920929,13500
2025-06-13,0.5649999976158142,0.5839999914169312,0.550000011920929,0.550000011920929,0.550000011920929,51500
2025-06-16,0.550000011920929,0.5600000023841858,0.550000011920929,0.550000011920929,0.550000011920929,16400
2025-06-17,0.550000011920929,0.5799999833106995,0.5429999828338623,0.5569999814033508,0.5569999814033508,84400
2025-06-18,0.550000011920929,0.5600000023841858,0.550000011920929,0.5529999732971191,0.5529999732971191,38600
2025-06-20,0.8999999761581421,1.100000023841858,0.7649999856948853,0.8500000238418579,0.8500000238418579,190706500
2025-06-23,0.7089999914169312,0.7580000162124634,0.6710000038146973,0.6959999799728394,0.6959999799728394,2407800
2025-06-24,0.6499999761581421,0.7099999785423279,0.6499999761581421,0.6610000133514404,0.6610000133514404,551300
2025-06-25,0.6299999952316284,0.6600000262260437,0.6119999885559082,0.6449999809265137,0.6449999809265137,425300
2025-06-26,0.6269999742507935,0.7049999833106995,0.6150000095367432,0.6840000152587891,0.6840000152587891,281000
2025-06-27,0.6740000247955322,0.6800000071525574,0.6359999775886536,0.6359999775886536,0.6359999775886536,117000
2025-06-30,0.6299999952316284,0.6700000166893005,0.6179999709129333,0.6389999985694885,0.6389999985694885,114200
2025-07-01,0.6299999952316284,0.7059999704360962,0.628000020980835,0.6549999713897705,0.6549999713897705,152000
2025-07-02,0.6439999938011169,0.6990000009536743,0.6439999938011169,0.6600000262260437,0.6600000262260437,70000
2025-07-03,0.6449999809265137,0.6899999976158142,0.6290000081062317,0.6600000262260437,0.6600000262260437,95000
2025-07-07,0.6439999938011169,0.6880000233650208,0.6370000243186951,0.6460000276565552,0.6460000276565552,181100
2025-07-08,0.6510000228881836,0.675000011920929,0.6499999761581421,0.6600000262260437,0.6600000262260437,64400
2025-07-09,0.6499999761581421,0.6700000166893005,0.6499999761581421,0.6620000004768372,0.6620000004768372,72900
2025-07-10,0.6549999713897705,0.7490000128746033,0.6549999713897705,0.7260000109672546,0.7260000109672546,255300
2025-07-11,0.6899999976158142,0.7210000157356262,0.6899999976158142,0.7210000157356262,0.7210000157356262,72900
2025-07-14,0.7400000095367432,0.7620000243186951,0.7179999947547913,0.7620000243186951,0.7620000243186951,122500
2025-07-15,0.75,0.7620000243186951,0.7300000190734863,0.7400000095367432,0.7400000095367432,116700
2025-07-16,0.7310000061988831,0.7400000095367432,0.6859999895095825,0.7289999723434448,0.7289999723434448,61800
2025-07-17,0.699999988079071,0.7549999952316284,0.699999988079071,0.7250000238418579,0.7250000238418579,87800
2025-07-18,0.7210000157356262,0.7419999837875366,0.7120000123977661,0.7260000109672546,0.7260000109672546,24900
2025-07-21,0.75,0.800000011920929,0.7039999961853027,0.765999972820282,0.765999972820282,273000
2025-07-22,0.7200000286102295,0.800000011920929,0.7200000286102295,0.800000011920929,0.800000011920929,87000
2025-07-23,0.7760000228881836,0.7889999747276306,0.75,0.7599999904632568,0.7599999904632568,31400
2025-07-24,0.7580000162124634,0.7620000243186951,0.7379999756813049,0.7620000243186951,0.7620000243186951,24500
2025-07-25,0.7400000095367432,0.7620000243186951,0.7400000095367432,0.753000020980835,0.753000020980835,21200
2025-07-28,0.7799999713897705,0.7900000214576721,0.7480000257492065,0.7699999809265137,0.7699999809265137,33100
2025-07-29,0.800000011920929,0.800000011920929,0.746999979019165,0.7590000033378601,0.7590000033378601,164400
2025-07-30,0.7590000033378601,0.7590000033378601,0.7099999785423279,0.7519999742507935,0.7519999742507935,63900
2025-07-31,0.7699999809265137,0.7699999809265137,0.7300000190734863,0.7300000190734863,0.7300000190734863,30400
2025-08-01,0.7799999713897705,0.7799999713897705,0.7009999752044678,0.746999979019165,0.746999979019165,57100
2025-08-04,0.7200000286102295,0.746999979019165,0.7020000219345093,0.734000027179718,0.734000027179718,5900
2025-08-05,0.7099999785423279,0.7329999804496765,0.6200000047683716,0.7160000205039978,0.7160000205039978,56100
2025-08-06,0.6930000185966492,0.7329999804496765,0.6880000233650208,0.7210000157356262,0.7210000157356262,36000
2025-08-07,0.7139999866485596,0.7210000157356262,0.699999988079071,0.7210000157356262,0.7210000157356262,17000
2025-08-08,0.7400000095367432,0.75,0.699999988079071,0.75,0.75,36500
2025-08-11,0.7310000061988831,0.75,0.7300000190734863,0.7319999933242798,0.7319999933242798,10700
2025-08-12,0.7200000286102295,0.7250000238418579,0.703000009059906,0.7250000238418579,0.7250000238418579,12600
2025-08-13,0.6200000047683716,0.7300000190734863,0.6200000047683716,0.7300000190734863,0.7300000190734863,153200
2025-08-14,0.7099999785423279,0.75,0.6990000009536743,0.7120000123977661,0.7120000123977661,15400
2025-08-15,0.7360000014305115,0.7360000014305115,0.6869999766349792,0.7099999785423279,0.7099999785423279,77600
2025-08-18,0.7009999752044678,0.75,0.6990000009536743,0.7329999804496765,0.7329999804496765,52200
2025-08-19,0.6899999976158142,0.75,0.6899999976158142,0.7350000143051147,0.7350000143051147,55100
2025-08-20,0.7170000076293945,0.7350000143051147,0.699999988079071,0.7269999980926514,0.7269999980926514,11300
2025-08-21,0.7099999785423279,0.7379999756813049,0.7009999752044678,0.7009999752044678,0.7009999752044678,18700
2025-08-22,0.7099999785423279,0.7300000190734863,0.699999988079071,0.7120000123977661,0.7120000123977661,44200
2025-08-25,0.7149999737739563,0.7310000061988831,0.699999988079071,0.7099999785423279,0.7099999785423279,37000
2025-08-26,0.7110000252723694,0.7490000128746033,0.7099999785423279,0.7490000128746033,0.7490000128746033,41000
2025-08-27,0.7390000224113464,0.7580000162124634,0.7300000190734863,0.7490000128746033,0.7490000128746033,23900
2025-08-28,0.7549999952316284,0.7739999890327454,0.7369999885559082,0.7570000290870667,0.7570000290870667,14300
2025-08-29,0.7599999904632568,0.7799999713897705,0.7379999756813049,0.7440000176429749,0.7440000176429749,12100
2025-09-02,0.7559999823570251,0.7699999809265137,0.7049999833106995,0.7480000257492065,0.7480000257492065,42800
2025-09-03,0.7409999966621399,0.777999997138977,0.7350000143051147,0.75,0.75,161700
2025-09-04,0.7329999804496765,0.7770000100135803,0.7300000190734863,0.7649999856948853,0.7649999856948853,102800
2025-09-05,0.7649999856948853,0.7770000100135803,0.7400000095367432,0.75,0.75,37000
2025-09-08,0.7200000286102295,0.8389999866485596,0.7200000286102295,0.8299999833106995,0.8299999833106995,230300
2025-09-09,0.8379999995231628,0.9449999928474426,0.8130000233650208,0.9419999718666077,0.9419999718666077,426700
2025-09-10,1.2000000476837158,1.3300000429153442,0.9710000157356262,1.059999942779541,1.059999942779541,3539400
2025-09-11,1.0700000524520874,1.1030000448226929,0.8799999952316284,1.059999942779541,1.059999942779541,879200
2025-09-12,1.190000057220459,1.2300000190734863,1.059999942779541,1.2000000476837158,1.2000000476837158,1420000
2025-09-15,1.350000023841858,1.3899999856948853,1.0,1.2100000381469727,1.2100000381469727,2880700
2025-09-16,1.1100000143051147,1.25,1.0800000429153442,1.25,1.25,550100
2025-09-17,1.25,1.2899999618530273,1.1799999475479126,1.25,1.25,536800
2025-09-18,1.2599999904632568,1.3179999589920044,1.2400000095367432,1.2899999618530273,1.2899999618530273,312000
2025-09-19,1.2799999713897705,1.350000023841858,1.2699999809265137,1.350000023841858,1.350000023841858,416000
2025-09-22,1.340000033378601,1.399999976158142,1.2799999713897705,1.3300000429153442,1.3300000429153442,307000
2025-09-23,1.350000023841858,1.659999966621399,1.309999942779541,1.5199999809265137,1.5199999809265137,757800
2025-09-24,1.4800000190734863,1.5199999809265137,1.375,1.3799999952316284,1.3799999952316284,328500
2025-09-25,1.350000023841858,1.3700000047683716,1.2300000190734863,1.2599999904632568,1.2599999904632568,298900
2025-09-26,1.2300000190734863,1.2300000190734863,0.8999999761581421,0.9399999976158142,0.9399999976158142,677600
2025-09-29,0.9710000157356262,1.0199999809265137,0.9300000071525574,0.9810000061988831,0.9810000061988831,113800
2025-09-30,0.9520000219345093,0.9739999771118164,0.9100000262260437,0.9290000200271606,0.9290000200271606,105500
2025-10-01,0.9179999828338623,0.9700000286102295,0.9179999828338623,0.9399999976158142,0.9399999976158142,57100
2025-10-02,0.9470000267028809,0.9860000014305115,0.9179999828338623,0.9800000190734863,0.9800000190734863,80400
2025-10-03,0.9900000095367432,1.0740000009536743,0.972000002861023,0.9900000095367432,0.9900000095367432,146400
2025-10-06,0.9900000095367432,1.0299999713897705,0.9900000095367432,0.9940000176429749,0.9940000176429749,65700
2025-10-07,0.9919999837875366,1.0099999904632568,0.9599999785423279,0.9800000190734863,0.9800000190734863,33600
2025-10-08,0.9430000185966492,0.9700000286102295,0.925000011920929,0.9490000009536743,0.9490000009536743,53600
2025-10-09,0.949999988079071,0.9549999833106995,0.8980000019073486,0.9160000085830688,0.9160000085830688,61100
2025-10-10,0.9240000247955322,0.9480000138282776,0.8999999761581421,0.9190000295639038,0.9190000295639038,37800
2025-10-13,0.9190000295639038,0.9390000104904175,0.8809999823570251,0.906000018119812,0.906000018119812,84600
2025-10-14,0.8999999761581421,0.8999999761581421,0.8519999980926514,0.8679999709129333,0.8679999709129333,62200
2025-10-15,0.8500000238418579,0.8679999709129333,0.824999988079071,0.8550000190734863,0.8550000190734863,61300
2025-10-16,0.8500000238418579,0.8859999775886536,0.8410000205039978,0.878000020980835,0.878000020980835,20200
2025-10-17,0.8550000190734863,0.8550000190734863,0.8199999928474426,0.8240000009536743,0.8240000009536743,30300
2025-10-20,0.8360000252723694,0.949999988079071,0.824999988079071,0.9490000009536743,0.9490000009536743,156800
2025-10-21,0.9210000038146973,1.0299999713897705,0.9079999923706055,0.9629999995231628,0.9629999995231628,63000
2025-10-22,0.9509999752044678,1.1200000047683716,0.8709999918937683,0.9599999785423279,0.9599999785423279,184700
2025-10-23,0.9309999942779541,0.9559999704360962,0.8820000290870667,0.9369999766349792,0.9369999766349792,147200
2025-10-24,1.0499999523162842,1.0499999523162842,0.9160000085830688,0.9300000071525574,0.9300000071525574,21100
2025-10-27,0.8999999761581421,1.0299999713897705,0.8700000047683716,0.9309999942779541,0.9309999942779541,160800
2025-10-28,0.9660000205039978,0.9929999709129333,0.9399999976158142,0.9470000267028809,0.9470000267028809,11900
2025-10-29,0.8610000014305115,0.9399999976158142,0.8610000014305115,0.9139999747276306,0.9139999747276306,50100
2025-10-30,0.9110000133514404,1.0199999809265137,0.8650000095367432,0.9200000166893005,0.9200000166893005,70000
2025-10-31,0.9380000233650208,0.9599999785423279,0.8999999761581421,0.9399999976158142,0.9399999976158142,29100
2025-11-03,0.9570000171661377,1.003999948501587,0.9010000228881836,0.9399999976158142,0.9399999976158142,29500
2025-11-04,0.9049999713897705,0.9399999976158142,0.8519999980926514,0.8519999980926514,0.8519999980926514,26600
2025-11-05,0.859000027179718,0.902999997138977,0.8410000205039978,0.902999997138977,0.902999997138977,34100
2025-11-06,0.9190000295639038,0.9190000295639038,0.8500000238418579,0.8700000047683716,0.8700000047683716,63900
2025-11-07,0.8510000109672546,0.8510000109672546,0.8009999990463257,0.8019999861717224,0.8019999861717224,13600
2025-11-10,0.8970000147819519,0.8970000147819519,0.7099999785423279,0.7710000276565552,0.7710000276565552,89500
2025-11-11,0.7710000276565552,0.8500000238418579,0.7710000276565552,0.7799999713897705,0.7799999713897705,57300
2025-11-12,0.8009999990463257,0.8009999990463257,0.7260000109672546,0.7260000109672546,0.7260000109672546,71500
2025-11-13,0.6499999761581421,0.7210000157356262,0.6499999761581421,0.6949999928474426,0.6949999928474426,149200
2025-11-14,0.75,0.75,0.6449999809265137,0.6930000185966492,0.6930000185966492,137900
2025-11-17,0.6570000052452087,0.7269999980926514,0.6510000228881836,0.6800000071525574,0.6800000071525574,39700
2025-11-18,0.699999988079071,0.699999988079071,0.6200000047683716,0.6230000257492065,0.6230000257492065,101000
2025-11-19,0.6200000047683716,0.6589999794960022,0.6200000047683716,0.6520000100135803,0.6520000100135803,26200
2025-11-20,0.6499999761581421,0.6499999761581421,0.5789999961853027,0.5789999961853027,0.5789999961853027,157300
2025-11-21,0.6000000238418579,0.6299999952316284,0.5899999737739563,0.6019999980926514,0.6019999980926514,63500
2025-11-24,0.6140000224113464,0.6299999952316284,0.6100000143051147,0.6110000014305115,0.6110000014305115,98800
2025-11-25,0.6019999980926514,0.7289999723434448,0.6019999980926514,0.7260000109672546,0.7260000109672546,152200
2025-11-26,0.7379999756813049,0.7990000247955322,0.7170000076293945,0.7689999938011169,0.7689999938011169,72900
2025-11-28,0.7900000214576721,0.8009999990463257,0.7440000176429749,0.7919999957084656,0.7919999957084656,61800
2025-12-01,0.8009999990463257,0.8040000200271606,0.7599999904632568,0.7599999904632568,0.7599999904632568,59200
2025-12-02,0.7540000081062317,0.7799999713897705,0.699999988079071,0.75,0.75,51000
2025-12-03,0.7770000100135803,0.7770000100135803,0.7179999947547913,0.7279999852180481,0.7279999852180481,6000
2025-12-04,0.7400000095367432,0.7680000066757202,0.7289999723434448,0.7680000066757202,0.7680000066757202,39500
2025-12-05,0.7580000162124634,0.7580000162124634,0.722000002861023,0.7409999966621399,0.7409999966621399,59900
2025-12-08,0.7300000190734863,0.7490000128746033,0.6930000185966492,0.7210000157356262,0.7210000157356262,35300
2025-12-09,0.7300000190734863,0.7300000190734863,0.675000011920929,0.703000009059906,0.703000009059906,13300
2025-12-10,0.7039999961853027,0.7400000095367432,0.703000009059906,0.7049999833106995,0.7049999833106995,34100
2025-12-11,0.6819999814033508,0.7279999852180481,0.6819999814033508,0.7059999704360962,0.7059999704360962,32900
2025-12-12,0.6940000057220459,0.7250000238418579,0.6940000057220459,0.7020000219345093,0.7020000219345093,11100
2025-12-15,0.7300000190734863,0.7310000061988831,0.6539999842643738,0.6629999876022339,0.6629999876022339,33700
2025-12-16,0.699999988079071,0.699999988079071,0.6629999876022339,0.6700000166893005,0.6700000166893005,40500
2025-12-17,0.656000018119812,0.671999990940094,0.656000018119812,0.6700000166893005,0.6700000166893005,15900
2025-12-18,0.640999972820282,0.6549999713897705,0.640999972820282,0.6420000195503235,0.6420000195503235,40300
2025-12-19,0.6600000262260437,0.6600000262260437,0.6399999856948853,0.6470000147819519,0.6470000147819519,11300
2025-12-22,0.640999972820282,0.7269999980926514,0.6290000081062317,0.7059999704360962,0.7059999704360962,99700
2025-12-23,0.699999988079071,0.7300000190734863,0.6759999990463257,0.6990000009536743,0.6990000009536743,55300
2025-12-24,0.7200000286102295,0.7200000286102295,0.6610000133514404,0.7120000123977661,0.7120000123977661,8300
2025-12-26,0.7200000286102295,0.7200000286102295,0.6610000133514404,0.6869999766349792,0.6869999766349792,37100
2025-12-29,0.6480000019073486,0.6899999976158142,0.6380000114440918,0.6869999766349792,0.6869999766349792,36900
2025-12-30,0.6899999976158142,0.6899999976158142,0.6600000262260437,0.6899999976158142,0.6899999976158142,51100
