date,open,high,low,close,adj_close,volume
,MPNGF,MPNGF,MPNGF,MPNGF,MPNGF,MPNGF
2020-01-02,13.25,13.4399995803833,13.25,13.375,13.375,21800
2020-01-03,13.369999885559082,13.369999885559082,13.25,13.359999656677246,13.359999656677246,72300
2020-01-06,13.680000305175781,14.289999961853027,13.680000305175781,14.149999618530273,14.149999618530273,74500
2020-01-07,14.4399995803833,14.4399995803833,13.9350004196167,14.265000343322754,14.265000343322754,974000
2020-01-08,13.960000038146973,13.970000267028809,13.52299976348877,13.9399995803833,13.9399995803833,1286600
2020-01-09,14.0,14.0,13.871000289916992,13.979999542236328,13.979999542236328,1230500
2020-01-10,14.265000343322754,14.529999732971191,14.010000228881836,14.079999923706055,14.079999923706055,420800
2020-01-13,14.529999732971191,14.760000228881836,14.25,14.760000228881836,14.760000228881836,642400
2020-01-14,14.869999885559082,14.869999885559082,14.399999618530273,14.475000381469727,14.475000381469727,323700
2020-01-15,14.805000305175781,14.880000114440918,14.529999732971191,14.630000114440918,14.630000114440918,317400
2020-01-16,14.670000076293945,14.670000076293945,14.449999809265137,14.569999694824219,14.569999694824219,136900
2020-01-17,14.5,14.670000076293945,14.40999984741211,14.46500015258789,14.46500015258789,23500
2020-01-21,14.029999732971191,14.029999732971191,13.654999732971191,13.699999809265137,13.699999809265137,1398200
2020-01-22,14.180999755859375,14.197999954223633,13.890000343322754,13.9350004196167,13.9350004196167,284100
2020-01-23,13.369999885559082,13.369999885559082,12.960000038146973,13.25,13.25,349800
2020-01-24,13.25,13.25,13.0,13.100000381469727,13.100000381469727,396700
2020-01-27,12.890999794006348,12.960000038146973,12.270000457763672,12.65999984741211,12.65999984741211,311400
2020-01-28,12.75,12.770000457763672,12.550000190734863,12.720000267028809,12.720000267028809,66500
2020-01-29,12.770000457763672,13.149999618530273,12.770000457763672,13.0,13.0,76700
2020-01-30,12.645000457763672,12.789999961853027,12.399999618530273,12.569999694824219,12.569999694824219,333700
2020-01-31,12.710000038146973,12.789999961853027,12.609999656677246,12.680000305175781,12.680000305175781,853900
2020-02-03,12.579999923706055,12.970000267028809,12.579999923706055,12.880000114440918,12.880000114440918,599800
2020-02-04,12.90999984741211,13.300000190734863,12.90999984741211,13.170000076293945,13.170000076293945,260500
2020-02-05,13.270000457763672,13.270000457763672,12.920000076293945,12.949999809265137,12.949999809265137,288900
2020-02-06,13.170000076293945,13.170000076293945,13.0,13.0,13.0,183400
2020-02-07,13.130000114440918,13.149999618530273,12.90999984741211,12.949999809265137,12.949999809265137,115000
2020-02-10,12.470000267028809,12.470000267028809,12.34000015258789,12.399999618530273,12.399999618530273,81800
2020-02-11,12.649999618530273,12.880000114440918,12.649999618530273,12.836000442504883,12.836000442504883,87300
2020-02-12,13.210000038146973,13.4399995803833,13.170000076293945,13.4399995803833,13.4399995803833,288200
2020-02-13,13.420000076293945,13.420000076293945,13.25,13.3149995803833,13.3149995803833,83200
2020-02-14,12.930000305175781,13.180000305175781,12.854999542236328,12.925000190734863,12.925000190734863,203500
2020-02-18,13.130000114440918,13.130000114440918,12.864999771118164,12.90999984741211,12.90999984741211,205300
2020-02-19,12.925000190734863,13.0,12.895000457763672,12.975000381469727,12.975000381469727,28700
2020-02-20,13.470000267028809,13.470000267028809,13.0600004196167,13.079999923706055,13.079999923706055,84000
2020-02-21,13.0,13.239999771118164,13.0,13.149999618530273,13.149999618530273,399400
2020-02-24,12.449999809265137,12.649999618530273,11.699999809265137,12.59000015258789,12.59000015258789,440700
2020-02-25,12.859999656677246,13.210000038146973,12.819999694824219,12.819999694824219,12.819999694824219,115800
2020-02-26,12.984999656677246,13.071000099182129,12.899999618530273,12.90999984741211,12.90999984741211,369700
2020-02-27,12.949999809265137,13.119999885559082,12.885000228881836,12.994999885559082,12.994999885559082,80400
2020-02-28,12.795000076293945,12.859999656677246,12.210000038146973,12.5,12.5,210000
2020-03-02,12.625,12.890000343322754,12.5,12.850000381469727,12.850000381469727,139400
2020-03-03,12.699999809265137,12.949999809265137,12.65999984741211,12.770000457763672,12.770000457763672,133900
2020-03-04,12.9350004196167,12.9350004196167,12.619999885559082,12.8100004196167,12.8100004196167,51900
2020-03-05,13.079999923706055,13.25,13.0,13.050000190734863,13.050000190734863,200100
2020-03-06,13.039999961853027,13.039999961853027,12.640000343322754,12.710000038146973,12.710000038146973,158000
2020-03-09,12.130000114440918,12.4350004196167,12.010000228881836,12.130000114440918,12.130000114440918,166900
2020-03-10,12.229999542236328,12.880000114440918,12.229999542236328,12.739999771118164,12.739999771118164,84900
2020-03-11,12.739999771118164,12.739999771118164,12.109999656677246,12.109999656677246,12.109999656677246,80000
2020-03-12,11.789999961853027,11.789999961853027,11.0,11.289999961853027,11.289999961853027,599000
2020-03-13,11.550000190734863,11.5600004196167,11.119999885559082,11.5,11.5,191300
2020-03-16,9.430000305175781,10.470000267028809,9.430000305175781,10.3149995803833,10.3149995803833,71700
2020-03-17,10.305000305175781,10.680000305175781,10.100000381469727,10.53499984741211,10.53499984741211,52000
2020-03-18,9.399999618530273,9.899999618530273,9.399999618530273,9.479999542236328,9.479999542236328,303500
2020-03-19,9.5,9.609999656677246,9.050000190734863,9.600000381469727,9.600000381469727,93500
2020-03-20,10.274999618530273,10.649999618530273,10.09000015258789,10.380000114440918,10.380000114440918,199500
2020-03-23,10.59000015258789,10.890000343322754,10.399999618530273,10.5,10.5,186900
2020-03-24,11.0,11.550000190734863,10.800000190734863,11.359999656677246,11.359999656677246,154600
2020-03-25,11.25,11.899999618530273,11.25,11.829999923706055,11.829999923706055,234000
2020-03-26,11.630000114440918,12.0600004196167,11.630000114440918,12.020000457763672,12.020000457763672,20800
2020-03-27,12.109999656677246,12.109999656677246,11.050000190734863,11.350000381469727,11.350000381469727,30600
2020-03-30,11.550000190734863,11.75,11.5,11.6899995803833,11.6899995803833,42100
2020-03-31,11.399999618530273,12.100000381469727,11.399999618530273,11.899999618530273,11.899999618530273,197600
2020-04-01,12.0600004196167,12.0600004196167,11.720000267028809,11.739999771118164,11.739999771118164,299900
2020-04-02,12.850000381469727,12.850000381469727,11.710000038146973,12.03499984741211,12.03499984741211,69500
2020-04-03,12.050000190734863,12.100000381469727,11.819999694824219,11.869999885559082,11.869999885559082,150000
2020-04-06,12.199999809265137,12.25,12.0,12.25,12.25,118500
2020-04-07,12.5,12.949999809265137,12.460000038146973,12.460000038146973,12.460000038146973,14600
2020-04-08,12.137999534606934,12.600000381469727,11.899999618530273,12.449999809265137,12.449999809265137,66000
2020-04-09,12.600000381469727,12.850000381469727,12.5,12.5,12.5,25800
2020-04-13,12.5,12.550000190734863,12.3100004196167,12.350000381469727,12.350000381469727,110100
2020-04-14,12.550000190734863,12.670000076293945,12.5,12.550000190734863,12.550000190734863,4800
2020-04-15,12.600000381469727,12.600000381469727,12.420000076293945,12.600000381469727,12.600000381469727,15500
2020-04-16,12.819999694824219,12.819999694824219,12.600000381469727,12.654999732971191,12.654999732971191,119700
2020-04-17,13.420000076293945,13.420000076293945,12.75,12.824999809265137,12.824999809265137,401100
2020-04-20,13.4399995803833,13.4399995803833,12.930000305175781,13.010000228881836,13.010000228881836,90400
2020-04-21,13.229999542236328,13.229999542236328,12.5,12.550000190734863,12.550000190734863,18000
2020-04-22,12.800000190734863,13.100000381469727,12.800000190734863,13.074999809265137,13.074999809265137,18700
2020-04-23,13.050000190734863,13.100000381469727,12.800000190734863,12.96500015258789,12.96500015258789,11100
2020-04-24,12.800000190734863,12.899999618530273,12.670000076293945,12.854999542236328,12.854999542236328,24100
2020-04-27,12.885000228881836,13.039999961853027,12.8100004196167,12.8100004196167,12.8100004196167,48200
2020-04-28,13.010000228881836,13.220999717712402,12.930000305175781,13.010000228881836,13.010000228881836,46800
2020-04-29,13.210000038146973,13.489999771118164,13.210000038146973,13.414999961853027,13.414999961853027,200300
2020-04-30,13.010000228881836,13.350000381469727,13.010000228881836,13.050000190734863,13.050000190734863,176300
2020-05-01,13.479999542236328,13.479999542236328,12.5600004196167,12.5600004196167,12.5600004196167,124100
2020-05-04,12.630000114440918,12.930000305175781,12.630000114440918,12.930000305175781,12.930000305175781,166300
2020-05-05,13.25,13.470000267028809,13.25,13.4350004196167,13.4350004196167,14700
2020-05-06,13.600000381469727,14.0,13.600000381469727,13.791999816894531,13.791999816894531,151700
2020-05-07,13.899999618530273,13.989999771118164,13.729999542236328,13.854999542236328,13.854999542236328,20900
2020-05-08,14.199999809265137,14.5,14.199999809265137,14.430000305175781,14.430000305175781,38200
2020-05-11,14.300000190734863,14.300000190734863,13.90999984741211,14.039999961853027,14.039999961853027,148500
2020-05-12,14.199999809265137,14.569999694824219,14.199999809265137,14.300000190734863,14.300000190734863,23800
2020-05-13,14.670000076293945,15.239999771118164,14.670000076293945,14.930000305175781,14.930000305175781,447500
2020-05-14,15.09000015258789,15.6899995803833,15.09000015258789,15.6899995803833,15.6899995803833,33100
2020-05-15,15.350000381469727,15.399999618530273,15.170000076293945,15.25,15.25,31600
2020-05-18,15.600000381469727,16.079999923706055,15.600000381469727,15.949999809265137,15.949999809265137,274300
2020-05-19,16.229999542236328,16.25,16.0,16.170000076293945,16.170000076293945,82200
2020-05-20,16.3799991607666,16.799999237060547,16.3799991607666,16.600000381469727,16.600000381469727,105200
2020-05-21,16.149999618530273,16.459999084472656,16.010000228881836,16.06999969482422,16.06999969482422,405600
2020-05-22,15.399999618530273,15.399999618530273,15.100000381469727,15.125,15.125,104300
2020-05-26,17.260000228881836,18.0,17.260000228881836,17.760000228881836,17.760000228881836,64800
2020-05-27,17.625,17.700000762939453,17.1200008392334,17.209999084472656,17.209999084472656,163400
2020-05-28,18.350000381469727,18.350000381469727,17.399999618530273,17.5,17.5,388200
2020-05-29,18.229999542236328,19.059999465942383,18.219999313354492,18.700000762939453,18.700000762939453,322000
2020-06-01,19.364999771118164,19.450000762939453,19.100000381469727,19.260000228881836,19.260000228881836,87000
2020-06-02,19.225000381469727,19.25,19.010000228881836,19.25,19.25,157200
2020-06-03,20.0,20.440000534057617,19.899999618530273,20.350000381469727,20.350000381469727,35200
2020-06-04,20.649999618530273,21.549999237060547,20.649999618530273,21.0,21.0,33100
2020-06-05,21.290000915527344,21.290000915527344,20.530000686645508,20.924999237060547,20.924999237060547,101200
2020-06-08,20.31999969482422,20.31999969482422,19.850000381469727,20.084999084472656,20.084999084472656,43500
2020-06-09,19.690000534057617,19.690000534057617,19.5,19.614999771118164,19.614999771118164,1785000
2020-06-10,20.299999237060547,20.639999389648438,20.299999237060547,20.639999389648438,20.639999389648438,81300
2020-06-11,20.729999542236328,21.299999237060547,20.450000762939453,20.65999984741211,20.65999984741211,2069500
2020-06-12,21.299999237060547,21.6299991607666,21.1299991607666,21.399999618530273,21.399999618530273,79700
2020-06-15,20.864999771118164,21.360000610351562,20.510000228881836,21.020000457763672,21.020000457763672,111900
2020-06-16,21.950000762939453,22.5,21.950000762939453,22.350000381469727,22.350000381469727,51500
2020-06-17,22.510000228881836,22.510000228881836,22.040000915527344,22.229999542236328,22.229999542236328,24700
2020-06-18,22.399999618530273,22.469999313354492,22.149999618530273,22.149999618530273,22.149999618530273,15400
2020-06-19,22.149999618530273,22.469999313354492,22.100000381469727,22.399999618530273,22.399999618530273,178500
2020-06-22,22.479999542236328,22.479999542236328,21.950000762939453,22.09000015258789,22.09000015258789,52800
2020-06-23,23.09000015258789,23.09000015258789,22.670000076293945,22.850000381469727,22.850000381469727,44700
2020-06-24,23.100000381469727,23.100000381469727,22.59000015258789,22.649999618530273,22.649999618530273,133700
2020-06-25,22.649999618530273,23.010000228881836,22.600000381469727,23.010000228881836,23.010000228881836,17500
2020-06-26,22.43000030517578,22.649999618530273,22.25,22.479999542236328,22.479999542236328,44400
2020-06-29,22.200000762939453,22.350000381469727,22.079999923706055,22.325000762939453,22.325000762939453,47400
2020-06-30,22.200000762939453,23.0,22.149999618530273,22.149999618530273,22.149999618530273,114000
2020-07-01,22.288000106811523,22.950000762939453,22.049999237060547,22.299999237060547,22.299999237060547,11800
2020-07-02,22.799999237060547,23.290000915527344,22.667999267578125,23.200000762939453,23.200000762939453,67900
2020-07-06,24.780000686645508,25.559999465942383,24.0,24.690000534057617,24.690000534057617,150700
2020-07-07,24.690000534057617,24.690000534057617,23.010000228881836,23.920000076293945,23.920000076293945,211200
2020-07-08,25.100000381469727,26.0,25.100000381469727,25.989999771118164,25.989999771118164,29600
2020-07-09,26.100000381469727,27.520000457763672,26.100000381469727,26.799999237060547,26.799999237060547,106000
2020-07-10,27.25,27.5,26.7549991607666,26.975000381469727,26.975000381469727,1878100
2020-07-13,27.559999465942383,27.559999465942383,26.149999618530273,26.155000686645508,26.155000686645508,786100
2020-07-14,25.829999923706055,25.829999923706055,25.360000610351562,25.649999618530273,25.649999618530273,753600
2020-07-15,25.899999618530273,26.110000610351562,25.780000686645508,25.790000915527344,25.790000915527344,1117800
2020-07-16,24.760000228881836,24.760000228881836,23.010000228881836,24.290000915527344,24.290000915527344,85100
2020-07-17,24.7450008392334,25.0,24.579999923706055,24.790000915527344,24.790000915527344,1385200
2020-07-20,24.5,24.719999313354492,24.299999237060547,24.719999313354492,24.719999313354492,1085900
2020-07-21,26.25,26.469999313354492,26.020000457763672,26.200000762939453,26.200000762939453,125900
2020-07-22,25.32900047302246,25.690000534057617,24.709999084472656,24.899999618530273,24.899999618530273,104100
2020-07-23,24.75,25.799999237060547,24.75,25.260000228881836,25.260000228881836,350900
2020-07-24,24.9950008392334,25.5,24.510000228881836,24.81999969482422,24.81999969482422,34000
2020-07-27,23.5,24.270000457763672,23.5,24.235000610351562,24.235000610351562,68700
2020-07-28,25.010000228881836,25.010000228881836,24.18000030517578,24.3700008392334,24.3700008392334,161200
2020-07-29,24.975000381469727,25.020000457763672,24.75,24.950000762939453,24.950000762939453,1092800
2020-07-30,25.200000762939453,25.25,24.899999618530273,25.149999618530273,25.149999618530273,459700
2020-07-31,24.93000030517578,24.93000030517578,24.3799991607666,24.770000457763672,24.770000457763672,399700
2020-08-03,26.360000610351562,26.360000610351562,24.770000457763672,26.06999969482422,26.06999969482422,234800
2020-08-04,28.510000228881836,28.510000228881836,27.450000762939453,28.049999237060547,28.049999237060547,268500
2020-08-05,28.34000015258789,28.34000015258789,28.049999237060547,28.089000701904297,28.089000701904297,124600
2020-08-06,28.079999923706055,28.75,28.079999923706055,28.530000686645508,28.530000686645508,361300
2020-08-07,28.5,28.5,28.209999084472656,28.280000686645508,28.280000686645508,159100
2020-08-10,28.704999923706055,29.209999084472656,28.704999923706055,28.899999618530273,28.899999618530273,34000
2020-08-11,28.979999542236328,28.979999542236328,28.0,28.020000457763672,28.020000457763672,14300
2020-08-12,27.549999237060547,27.969999313354492,27.549999237060547,27.92300033569336,27.92300033569336,108900
2020-08-13,27.5,27.5,27.18000030517578,27.5,27.5,62800
2020-08-14,27.700000762939453,28.3700008392334,27.700000762939453,27.90999984741211,27.90999984741211,50100
2020-08-17,28.34000015258789,28.3799991607666,28.034000396728516,28.3799991607666,28.3799991607666,326800
2020-08-18,30.200000762939453,30.670000076293945,30.0,30.049999237060547,30.049999237060547,66100
2020-08-19,30.65999984741211,30.65999984741211,29.600000381469727,29.68000030517578,29.68000030517578,17200
2020-08-20,29.8700008392334,30.3799991607666,29.8700008392334,30.3799991607666,30.3799991607666,523200
2020-08-21,31.920000076293945,32.70000076293945,31.78499984741211,32.47999954223633,32.47999954223633,822500
2020-08-24,35.540000915527344,35.540000915527344,34.04999923706055,34.189998626708984,34.189998626708984,70100
2020-08-25,33.57500076293945,34.150001525878906,33.119998931884766,33.70000076293945,33.70000076293945,69600
2020-08-26,33.80500030517578,33.80500030517578,33.439998626708984,33.72999954223633,33.72999954223633,51800
2020-08-27,35.4900016784668,35.4900016784668,34.5,34.630001068115234,34.630001068115234,75500
2020-08-28,34.71900177001953,34.71900177001953,33.9900016784668,34.327999114990234,34.327999114990234,184800
2020-08-31,34.029998779296875,34.029998779296875,32.810001373291016,33.279998779296875,33.279998779296875,30700
2020-09-01,33.750999450683594,34.22999954223633,33.750999450683594,34.220001220703125,34.220001220703125,38400
2020-09-02,34.95500183105469,35.5,34.7599983215332,34.882999420166016,34.882999420166016,74700
2020-09-03,34.349998474121094,34.349998474121094,32.95000076293945,33.099998474121094,33.099998474121094,31200
2020-09-04,33.349998474121094,33.72999954223633,32.95000076293945,33.724998474121094,33.724998474121094,137900
2020-09-08,30.604999542236328,31.290000915527344,30.059999465942383,30.450000762939453,30.450000762939453,109000
2020-09-09,29.750999450683594,30.600000381469727,29.75,30.600000381469727,30.600000381469727,49800
2020-09-10,30.399999618530273,30.559999465942383,30.0,30.0,30.0,29600
2020-09-11,31.357999801635742,31.530000686645508,31.020000457763672,31.139999389648438,31.139999389648438,33300
2020-09-14,31.875,31.920000076293945,31.360000610351562,31.399999618530273,31.399999618530273,23100
2020-09-15,31.290000915527344,31.75200080871582,31.290000915527344,31.600000381469727,31.600000381469727,18300
2020-09-16,31.579999923706055,32.22999954223633,31.579999923706055,32.1150016784668,32.1150016784668,17500
2020-09-17,31.5,31.5,30.68000030517578,31.200000762939453,31.200000762939453,47200
2020-09-18,31.264999389648438,31.3700008392334,30.850000381469727,30.934999465942383,30.934999465942383,12600
2020-09-21,31.389999389648438,31.889999389648438,30.600000381469727,30.9060001373291,30.9060001373291,24800
2020-09-22,31.083999633789062,31.420000076293945,30.850000381469727,31.135000228881836,31.135000228881836,31700
2020-09-23,32.31800079345703,32.31800079345703,31.780000686645508,31.809999465942383,31.809999465942383,37200
2020-09-24,30.53499984741211,31.020000457763672,30.5,30.8700008392334,30.8700008392334,25200
2020-09-25,29.825000762939453,30.059999465942383,29.459999084472656,30.059999465942383,30.059999465942383,246400
2020-09-28,30.25,30.850000381469727,30.25,30.770000457763672,30.770000457763672,74300
2020-09-29,30.65999984741211,30.770000457763672,30.200000762939453,30.55500030517578,30.55500030517578,9400
2020-09-30,31.459999084472656,31.899999618530273,31.236000061035156,31.899999618530273,31.899999618530273,17000
2020-10-01,31.68199920654297,32.290000915527344,31.68000030517578,32.290000915527344,32.290000915527344,13300
2020-10-02,32.0,32.029998779296875,31.31999969482422,31.983999252319336,31.983999252319336,10600
2020-10-05,31.5,32.0,31.5,31.934999465942383,31.934999465942383,8900
2020-10-06,32.79499816894531,33.65999984741211,32.79499816894531,33.65999984741211,33.65999984741211,20700
2020-10-07,35.04999923706055,35.099998474121094,33.779998779296875,34.70000076293945,34.70000076293945,24900
2020-10-08,35.189998626708984,35.189998626708984,34.5,34.78799819946289,34.78799819946289,23200
2020-10-09,34.82500076293945,35.35900115966797,34.82500076293945,35.35900115966797,35.35900115966797,17200
2020-10-12,35.369998931884766,35.880001068115234,35.369998931884766,35.880001068115234,35.880001068115234,143900
2020-10-13,36.0,36.0,35.31999969482422,35.869998931884766,35.869998931884766,47400
2020-10-14,36.0,36.0,35.75,35.95000076293945,35.95000076293945,12100
2020-10-15,34.1150016784668,34.470001220703125,33.83000183105469,34.470001220703125,34.470001220703125,25500
2020-10-16,35.0,35.0,34.44499969482422,34.58000183105469,34.58000183105469,7600
2020-10-19,32.95500183105469,33.650001525878906,32.95500183105469,33.459999084472656,33.459999084472656,23000
2020-10-20,32.79999923706055,34.029998779296875,32.79999923706055,33.79499816894531,33.79499816894531,11200
2020-10-21,34.900001525878906,34.900001525878906,34.529998779296875,34.599998474121094,34.599998474121094,8200
2020-10-22,35.27000045776367,35.27000045776367,34.130001068115234,34.79999923706055,34.79999923706055,38600
2020-10-23,33.5,33.88999938964844,33.5,33.86000061035156,33.86000061035156,10800
2020-10-26,34.70000076293945,34.70000076293945,33.5,33.68000030517578,33.68000030517578,19500
2020-10-27,35.5,35.5,34.0,34.599998474121094,34.599998474121094,59000
2020-10-28,35.810001373291016,35.8849983215332,35.0,35.479000091552734,35.479000091552734,44000
2020-10-29,39.2599983215332,39.2599983215332,36.9900016784668,38.47200012207031,38.47200012207031,87600
2020-10-30,37.0,37.70100021362305,37.0,37.040000915527344,37.040000915527344,35000
2020-11-02,38.0,38.32500076293945,37.95000076293945,38.02000045776367,38.02000045776367,32300
2020-11-03,38.099998474121094,38.400001525878906,37.599998474121094,37.724998474121094,37.724998474121094,61900
2020-11-04,39.90999984741211,42.369998931884766,39.90999984741211,42.209999084472656,42.209999084472656,67000
2020-11-05,42.48500061035156,43.220001220703125,42.099998474121094,42.099998474121094,42.099998474121094,364800
2020-11-06,42.599998474121094,43.34000015258789,41.93000030517578,42.45000076293945,42.45000076293945,31600
2020-11-09,45.0099983215332,45.0099983215332,42.08000183105469,42.09000015258789,42.09000015258789,33500
2020-11-10,39.67599868774414,39.67599868774414,37.0099983215332,37.494998931884766,37.494998931884766,125100
2020-11-11,36.18000030517578,37.650001525878906,34.0,37.29999923706055,37.29999923706055,130200
2020-11-12,38.290000915527344,38.380001068115234,37.0,37.5,37.5,99400
2020-11-13,40.75,40.75,39.599998474121094,40.244998931884766,40.244998931884766,44200
2020-11-16,40.970001220703125,40.970001220703125,40.25,40.650001525878906,40.650001525878906,39700
2020-11-17,40.29999923706055,40.29999923706055,38.810001373291016,39.20000076293945,39.20000076293945,66500
2020-11-18,39.95000076293945,39.95000076293945,38.209999084472656,38.35499954223633,38.35499954223633,17800
2020-11-19,38.25,38.689998626708984,37.5,38.630001068115234,38.630001068115234,24400
2020-11-20,38.13999938964844,39.79999923706055,38.13999938964844,39.790000915527344,39.790000915527344,15900
2020-11-23,41.060001373291016,41.060001373291016,39.189998626708984,39.29999923706055,39.29999923706055,12200
2020-11-24,38.029998779296875,39.95000076293945,38.029998779296875,39.25,39.25,29500
2020-11-25,39.16999816894531,39.16999816894531,37.75,38.154998779296875,38.154998779296875,17300
2020-11-27,39.400001525878906,40.79999923706055,39.400001525878906,40.47999954223633,40.47999954223633,9300
2020-11-30,37.904998779296875,39.29999923706055,37.904998779296875,38.94599914550781,38.94599914550781,40100
2020-12-01,38.529998779296875,38.529998779296875,37.0,37.21500015258789,37.21500015258789,35000
2020-12-02,37.02000045776367,37.02000045776367,34.77000045776367,35.88999938964844,35.88999938964844,31800
2020-12-03,35.400001525878906,35.86000061035156,35.150001525878906,35.5,35.5,56900
2020-12-04,38.43000030517578,38.43000030517578,36.5,37.0,37.0,112500
2020-12-07,37.0,37.529998779296875,36.06999969482422,36.70000076293945,36.70000076293945,31700
2020-12-08,37.0,37.529998779296875,36.029998779296875,37.529998779296875,37.529998779296875,9700
2020-12-09,37.529998779296875,37.82600021362305,36.099998474121094,36.38999938964844,36.38999938964844,22100
2020-12-10,38.099998474121094,38.099998474121094,36.459999084472656,37.54999923706055,37.54999923706055,26400
2020-12-11,36.56999969482422,38.90999984741211,36.56999969482422,37.65999984741211,37.65999984741211,10400
2020-12-14,37.70000076293945,37.70000076293945,36.0099983215332,36.349998474121094,36.349998474121094,33400
2020-12-15,35.88999938964844,35.97999954223633,35.349998474121094,35.689998626708984,35.689998626708984,951200
2020-12-16,36.06999969482422,36.290000915527344,35.81999969482422,36.09000015258789,36.09000015258789,465900
2020-12-17,36.349998474121094,37.310001373291016,36.349998474121094,36.4900016784668,36.4900016784668,322700
2020-12-18,35.900001525878906,36.14500045776367,35.619998931884766,36.130001068115234,36.130001068115234,77600
2020-12-21,34.63999938964844,36.16999816894531,34.63999938964844,35.849998474121094,35.849998474121094,503900
2020-12-22,35.755001068115234,36.869998931884766,35.40999984741211,35.944000244140625,35.944000244140625,275800
2020-12-23,36.650001525878906,37.61000061035156,36.650001525878906,37.119998931884766,37.119998931884766,162900
2020-12-24,34.75,36.599998474121094,34.75,35.380001068115234,35.380001068115234,29700
2020-12-28,34.7400016784668,34.7400016784668,33.75,33.91999816894531,33.91999816894531,44500
2020-12-29,34.20000076293945,35.88999938964844,34.20000076293945,35.69499969482422,35.69499969482422,8100
2020-12-30,37.415000915527344,37.415000915527344,36.54999923706055,36.92499923706055,36.92499923706055,29100
2020-12-31,38.375,39.11000061035156,37.20000076293945,37.25,37.25,17300
2021-01-04,38.779998779296875,38.779998779296875,37.0,37.244998931884766,37.244998931884766,19600
2021-01-05,37.25,38.86000061035156,37.25,38.86000061035156,38.86000061035156,108300
2021-01-06,39.82400131225586,40.0,39.08000183105469,39.31999969482422,39.31999969482422,73000
2021-01-07,39.65999984741211,39.75,39.25,39.6349983215332,39.6349983215332,615100
2021-01-08,41.744998931884766,42.25,40.02000045776367,41.75,41.75,321400
2021-01-11,40.31800079345703,40.58000183105469,39.349998474121094,39.63999938964844,39.63999938964844,714100
2021-01-12,38.5880012512207,40.349998474121094,38.0,38.79999923706055,38.79999923706055,512400
2021-01-13,38.5,38.75,37.939998626708984,38.45000076293945,38.45000076293945,588800
2021-01-14,39.97999954223633,40.83000183105469,39.97999954223633,40.209999084472656,40.209999084472656,524400
2021-01-15,39.584999084472656,39.900001525878906,38.34000015258789,39.36399841308594,39.36399841308594,48600
2021-01-19,42.45000076293945,44.34000015258789,42.45000076293945,44.30400085449219,44.30400085449219,87300
2021-01-20,47.86000061035156,48.779998779296875,47.31999969482422,47.715999603271484,47.715999603271484,179700
2021-01-21,49.185001373291016,49.185001373291016,47.72999954223633,48.130001068115234,48.130001068115234,56800
2021-01-22,50.0,50.0,48.0,49.400001525878906,49.400001525878906,180800
2021-01-25,53.20000076293945,53.20000076293945,49.779998779296875,51.150001525878906,51.150001525878906,72300
2021-01-26,49.400001525878906,50.54999923706055,48.779998779296875,49.3650016784668,49.3650016784668,72700
2021-01-27,46.369998931884766,47.43000030517578,45.310001373291016,46.0,46.0,33100
2021-01-28,46.34000015258789,47.099998474121094,44.2599983215332,47.060001373291016,47.060001373291016,21500
2021-01-29,47.099998474121094,47.099998474121094,45.709999084472656,46.2599983215332,46.2599983215332,25300
2021-02-01,48.849998474121094,51.0,48.849998474121094,50.400001525878906,50.400001525878906,35900
2021-02-02,52.77000045776367,52.77000045776367,50.61000061035156,50.85200119018555,50.85200119018555,33600
2021-02-03,53.689998626708984,53.689998626708984,52.78499984741211,52.900001525878906,52.900001525878906,31900
2021-02-04,53.2400016784668,53.2400016784668,49.9900016784668,51.4900016784668,51.4900016784668,14700
2021-02-05,53.459999084472656,53.459999084472656,51.70000076293945,51.709999084472656,51.709999084472656,43900
2021-02-08,52.47999954223633,53.0,52.47999954223633,52.849998474121094,52.849998474121094,23500
2021-02-09,54.63999938964844,54.63999938964844,52.70000076293945,53.599998474121094,53.599998474121094,14200
2021-02-10,54.77000045776367,57.4900016784668,54.77000045776367,55.38999938964844,55.38999938964844,544600
2021-02-11,57.38999938964844,58.099998474121094,57.38999938964844,58.0099983215332,58.0099983215332,759600
2021-02-12,59.2400016784668,59.2400016784668,55.63999938964844,57.70800018310547,57.70800018310547,18700
2021-02-16,57.5,57.5,56.29999923706055,56.724998474121094,56.724998474121094,888600
2021-02-17,56.95000076293945,58.29999923706055,56.95000076293945,57.95899963378906,57.95899963378906,18300
2021-02-18,55.4900016784668,58.83599853515625,54.400001525878906,55.22999954223633,55.22999954223633,104600
2021-02-19,55.125,55.183998107910156,54.0,55.0099983215332,55.0099983215332,19100
2021-02-22,53.2400016784668,53.2400016784668,50.0,50.97999954223633,50.97999954223633,47400
2021-02-23,51.18000030517578,51.18000030517578,48.59000015258789,50.90999984741211,50.90999984741211,40300
2021-02-24,47.5099983215332,47.630001068115234,46.400001525878906,47.61000061035156,47.61000061035156,149100
2021-02-25,49.400001525878906,49.400001525878906,46.56999969482422,46.59199905395508,46.59199905395508,19000
2021-02-26,45.40999984741211,46.099998474121094,43.388999938964844,46.099998474121094,46.099998474121094,254100
2021-03-01,46.58000183105469,48.4900016784668,46.58000183105469,48.459999084472656,48.459999084472656,171000
2021-03-02,46.93000030517578,48.38999938964844,46.400001525878906,46.599998474121094,46.599998474121094,678500
2021-03-03,49.08000183105469,49.08000183105469,46.06999969482422,46.5,46.5,66700
2021-03-04,44.970001220703125,45.0,42.369998931884766,43.45000076293945,43.45000076293945,77400
2021-03-05,43.59000015258789,44.0,42.22999954223633,43.439998626708984,43.439998626708984,45700
2021-03-08,41.189998626708984,41.42399978637695,39.349998474121094,39.349998474121094,39.349998474121094,45000
2021-03-09,37.7400016784668,41.95000076293945,37.7400016784668,41.95000076293945,41.95000076293945,69200
2021-03-10,41.345001220703125,41.93899917602539,40.70000076293945,41.25,41.25,70800
2021-03-11,44.0,45.20000076293945,44.0,45.095001220703125,45.095001220703125,130100
2021-03-12,44.2400016784668,44.2400016784668,41.54999923706055,42.95000076293945,42.95000076293945,47800
2021-03-15,41.599998474121094,41.62900161743164,40.79999923706055,41.5,41.5,57100
2021-03-16,43.720001220703125,43.720001220703125,41.5,42.900001525878906,42.900001525878906,22900
2021-03-17,40.56999969482422,42.900001525878906,40.56999969482422,42.400001525878906,42.400001525878906,115700
2021-03-18,43.439998626708984,43.439998626708984,42.40999984741211,42.41999816894531,42.41999816894531,30500
2021-03-19,42.25,43.150001525878906,41.79999923706055,43.150001525878906,43.150001525878906,27000
2021-03-22,41.59000015258789,42.68000030517578,41.04999923706055,41.53499984741211,41.53499984741211,53700
2021-03-23,40.189998626708984,40.189998626708984,39.025001525878906,39.13999938964844,39.13999938964844,18600
2021-03-24,38.2599983215332,38.2599983215332,36.5,36.849998474121094,36.849998474121094,22600
2021-03-25,37.35499954223633,37.35499954223633,36.5,37.130001068115234,37.130001068115234,393600
2021-03-26,37.59000015258789,39.29999923706055,37.59000015258789,38.45000076293945,38.45000076293945,38100
2021-03-29,35.000999450683594,37.25,35.000999450683594,36.42499923706055,36.42499923706055,24800
2021-03-30,36.43000030517578,38.25,36.43000030517578,38.25,38.25,15600
2021-03-31,38.25,39.130001068115234,38.25,39.119998931884766,39.119998931884766,26800
2021-04-01,42.21799850463867,42.900001525878906,41.15999984741211,42.34000015258789,42.34000015258789,19900
2021-04-05,42.34000015258789,42.349998474121094,41.43000030517578,41.77000045776367,41.77000045776367,17400
2021-04-06,41.400001525878906,42.540000915527344,41.2599983215332,42.540000915527344,42.540000915527344,13200
2021-04-07,41.57899856567383,41.57899856567383,39.810001373291016,40.63999938964844,40.63999938964844,109100
2021-04-08,41.005001068115234,41.630001068115234,40.209999084472656,41.5,41.5,21600
2021-04-09,40.59000015258789,40.59000015258789,39.959999084472656,40.38999938964844,40.38999938964844,3100
2021-04-12,37.1510009765625,39.0,37.1510009765625,38.21500015258789,38.21500015258789,53200
2021-04-13,35.9900016784668,37.06999969482422,35.88999938964844,36.89500045776367,36.89500045776367,70900
2021-04-14,36.220001220703125,37.40999984741211,36.220001220703125,36.92300033569336,36.92300033569336,26800
2021-04-15,36.900001525878906,37.2400016784668,36.849998474121094,37.0,37.0,18600
2021-04-16,37.595001220703125,37.939998626708984,37.099998474121094,37.45000076293945,37.45000076293945,10600
2021-04-19,36.20000076293945,37.599998474121094,35.750999450683594,36.20000076293945,36.20000076293945,24400
2021-04-20,38.729000091552734,38.729000091552734,37.05500030517578,37.31999969482422,37.31999969482422,9700
2021-04-21,37.40999984741211,37.40999984741211,35.880001068115234,37.08000183105469,37.08000183105469,62800
2021-04-22,37.57500076293945,38.20000076293945,37.369998931884766,38.040000915527344,38.040000915527344,52600
2021-04-23,38.54399871826172,40.150001525878906,38.54399871826172,40.150001525878906,40.150001525878906,41800
2021-04-26,40.40999984741211,40.40999984741211,37.29999923706055,37.630001068115234,37.630001068115234,20500
2021-04-27,38.91999816894531,40.5,38.91999816894531,40.375,40.375,45000
2021-04-28,39.27000045776367,40.349998474121094,39.27000045776367,40.029998779296875,40.029998779296875,50100
2021-04-29,39.52000045776367,39.52000045776367,38.97999954223633,39.25,39.25,10400
2021-04-30,38.9900016784668,38.9900016784668,37.900001525878906,38.090999603271484,38.090999603271484,16800
2021-05-03,38.099998474121094,38.130001068115234,37.77000045776367,38.130001068115234,38.130001068115234,7100
2021-05-04,38.130001068115234,38.130001068115234,36.630001068115234,36.81999969482422,36.81999969482422,530100
2021-05-05,37.0,37.29999923706055,36.75,37.0,37.0,231400
2021-05-06,35.689998626708984,37.61600112915039,35.689998626708984,36.57500076293945,36.57500076293945,57500
2021-05-07,37.0629997253418,37.130001068115234,36.709999084472656,36.84000015258789,36.84000015258789,84000
2021-05-10,35.0099983215332,35.0099983215332,32.779998779296875,32.84000015258789,32.84000015258789,409800
2021-05-11,31.131000518798828,32.66999816894531,31.1299991607666,32.57500076293945,32.57500076293945,250700
2021-05-12,31.899999618530273,32.81999969482422,31.899999618530273,32.125,32.125,39100
2021-05-13,32.150001525878906,32.900001525878906,32.125,32.529998779296875,32.529998779296875,21200
2021-05-14,32.0,32.42300033569336,31.360000610351562,32.42300033569336,32.42300033569336,65800
2021-05-17,32.42499923706055,32.959999084472656,32.36000061035156,32.9379997253418,32.9379997253418,26000
2021-05-18,34.097999572753906,34.52000045776367,33.3849983215332,33.68000030517578,33.68000030517578,57200
2021-05-19,32.29999923706055,33.95000076293945,32.29999923706055,33.67499923706055,33.67499923706055,23200
2021-05-20,35.349998474121094,35.939998626708984,34.83000183105469,35.790000915527344,35.790000915527344,92500
2021-05-21,35.459999084472656,35.81999969482422,34.90999984741211,35.29999923706055,35.29999923706055,61800
2021-05-24,34.36000061035156,35.459999084472656,34.36000061035156,35.02000045776367,35.02000045776367,4900
2021-05-25,34.5099983215332,35.52000045776367,34.5099983215332,35.26100158691406,35.26100158691406,8900
2021-05-26,35.34000015258789,36.108001708984375,35.34000015258789,35.85499954223633,35.85499954223633,5000
2021-05-27,35.5,35.57899856567383,35.0099983215332,35.29499816894531,35.29499816894531,3400
2021-05-28,34.25,35.0,34.25,34.630001068115234,34.630001068115234,4300
2021-06-01,40.60499954223633,41.630001068115234,39.75,40.36000061035156,40.36000061035156,194900
2021-06-02,40.5,40.53499984741211,40.0,40.18000030517578,40.18000030517578,51300
2021-06-03,40.25,40.25,39.02000045776367,39.5,39.5,14700
2021-06-04,40.33000183105469,40.33000183105469,39.178001403808594,39.31999969482422,39.31999969482422,4000
2021-06-07,40.060001373291016,40.060001373291016,38.529998779296875,38.70000076293945,38.70000076293945,9100
2021-06-08,38.345001220703125,38.459999084472656,38.2599983215332,38.380001068115234,38.380001068115234,2200
2021-06-09,36.689998626708984,38.0,36.689998626708984,37.75299835205078,37.75299835205078,3700
2021-06-10,38.5,38.959999084472656,38.5,38.86000061035156,38.86000061035156,22900
2021-06-11,39.0,39.9900016784668,39.0,39.18000030517578,39.18000030517578,1600
2021-06-14,39.5,39.97999954223633,39.5,39.86000061035156,39.86000061035156,4400
2021-06-15,39.37799835205078,39.56999969482422,38.875999450683594,38.915000915527344,38.915000915527344,22700
2021-06-16,37.27199935913086,37.4640007019043,37.0,37.40999984741211,37.40999984741211,19200
2021-06-17,36.75,38.084999084472656,36.75,38.084999084472656,38.084999084472656,35400
2021-06-18,38.529998779296875,38.79999923706055,38.119998931884766,38.58000183105469,38.58000183105469,10300
2021-06-21,39.34000015258789,39.34000015258789,38.65999984741211,38.91299819946289,38.91299819946289,2900
2021-06-22,38.599998474121094,38.599998474121094,37.486000061035156,37.900001525878906,37.900001525878906,8100
2021-06-23,39.97999954223633,39.97999954223633,39.59000015258789,39.689998626708984,39.689998626708984,26000
2021-06-24,40.375,41.0,40.375,40.7599983215332,40.7599983215332,4200
2021-06-25,43.0,43.0,42.310001373291016,42.57500076293945,42.57500076293945,23000
2021-06-28,42.04999923706055,42.70000076293945,42.0,42.70000076293945,42.70000076293945,5900
2021-06-29,41.25,42.082000732421875,41.25,42.0,42.0,51900
2021-06-30,41.900001525878906,41.900001525878906,41.099998474121094,41.099998474121094,41.099998474121094,12700
2021-07-01,41.099998474121094,41.099998474121094,40.630001068115234,40.790000915527344,40.790000915527344,5700
2021-07-02,40.470001220703125,40.470001220703125,38.79999923706055,39.25,39.25,8300
2021-07-06,37.90999984741211,37.90999984741211,37.0,37.16999816894531,37.16999816894531,31200
2021-07-07,37.0,37.0,36.29999923706055,36.599998474121094,36.599998474121094,13900
2021-07-08,35.40999984741211,35.40999984741211,33.279998779296875,34.20000076293945,34.20000076293945,50000
2021-07-09,35.959999084472656,37.0,35.64799880981445,36.04999923706055,36.04999923706055,5200
2021-07-12,36.084999084472656,37.029998779296875,36.060001373291016,36.71500015258789,36.71500015258789,7400
2021-07-13,37.10200119018555,38.099998474121094,36.869998931884766,37.54999923706055,37.54999923706055,11500
2021-07-14,37.54999923706055,37.54999923706055,37.13399887084961,37.13399887084961,37.13399887084961,4400
2021-07-15,37.0,37.349998474121094,36.720001220703125,37.25,37.25,79300
2021-07-16,36.915000915527344,37.0,36.869998931884766,37.0,37.0,1800
2021-07-19,35.0,35.93000030517578,35.0,35.46500015258789,35.46500015258789,7900
2021-07-20,35.20000076293945,35.5,35.20000076293945,35.5,35.5,5500
2021-07-21,33.630001068115234,35.189998626708984,33.630001068115234,35.189998626708984,35.189998626708984,25200
2021-07-22,34.7400016784668,35.724998474121094,34.7400016784668,35.68000030517578,35.68000030517578,4400
2021-07-23,35.0,35.0,33.97999954223633,34.380001068115234,34.380001068115234,14100
2021-07-26,31.1299991607666,31.309999465942383,29.329999923706055,29.3799991607666,29.3799991607666,70700
2021-07-27,25.114999771118164,26.0,24.799999237060547,26.0,26.0,137800
2021-07-28,26.3799991607666,30.079999923706055,26.3799991607666,30.06999969482422,30.06999969482422,1390600
2021-07-29,30.399999618530273,30.399999618530273,28.360000610351562,28.899999618530273,28.899999618530273,1278100
2021-07-30,27.799999237060547,28.100000381469727,27.5,27.725000381469727,27.725000381469727,787600
2021-08-02,27.450000762939453,28.209999084472656,27.450000762939453,28.209999084472656,28.209999084472656,51800
2021-08-03,27.889999389648438,27.889999389648438,26.770000457763672,26.94499969482422,26.94499969482422,27000
2021-08-04,27.020000457763672,27.790000915527344,27.020000457763672,27.649999618530273,27.649999618530273,14700
2021-08-05,26.899999618530273,27.64900016784668,26.899999618530273,27.450000762939453,27.450000762939453,14600
2021-08-06,27.8799991607666,27.8799991607666,27.229999542236328,27.5,27.5,125600
2021-08-09,28.53499984741211,28.959999084472656,28.350000381469727,28.875,28.875,442300
2021-08-10,30.399999618530273,30.979999542236328,30.1200008392334,30.31999969482422,30.31999969482422,395900
2021-08-11,31.56999969482422,31.56999969482422,30.110000610351562,30.459999084472656,30.459999084472656,399200
2021-08-12,31.219999313354492,31.219999313354492,29.90999984741211,30.075000762939453,30.075000762939453,906300
2021-08-13,30.0,30.225000381469727,29.850000381469727,30.059999465942383,30.059999465942383,20300
2021-08-16,28.020000457763672,28.309999465942383,28.020000457763672,28.1299991607666,28.1299991607666,97300
2021-08-17,27.649999618530273,28.0,27.239999771118164,27.280000686645508,27.280000686645508,114400
2021-08-18,28.014999389648438,28.260000228881836,27.80500030517578,28.059999465942383,28.059999465942383,24300
2021-08-19,26.200000762939453,26.549999237060547,25.799999237060547,25.899999618530273,25.899999618530273,108300
2021-08-20,25.549999237060547,25.84000015258789,25.0,25.44300079345703,25.44300079345703,101600
2021-08-23,25.399999618530273,25.649999618530273,25.204999923706055,25.559999465942383,25.559999465942383,37800
2021-08-24,27.950000762939453,29.399999618530273,27.950000762939453,29.399999618530273,29.399999618530273,116100
2021-08-25,30.15999984741211,30.15999984741211,28.899999618530273,29.00200080871582,29.00200080871582,20300
2021-08-26,28.450000762939453,29.399999618530273,28.450000762939453,29.010000228881836,29.010000228881836,24300
2021-08-27,28.09000015258789,29.0,28.09000015258789,28.850000381469727,28.850000381469727,8500
2021-08-30,30.110000610351562,31.31999969482422,28.989999771118164,31.31999969482422,31.31999969482422,23300
2021-08-31,31.5,32.0,31.489999771118164,31.899999618530273,31.899999618530273,641100
2021-09-01,32.04999923706055,33.779998779296875,32.04999923706055,33.6349983215332,33.6349983215332,70700
2021-09-02,32.0,32.999000549316406,32.0,32.43000030517578,32.43000030517578,26200
2021-09-03,32.04999923706055,32.04999923706055,31.309999465942383,31.399999618530273,31.399999618530273,69400
2021-09-07,32.94499969482422,33.63999938964844,32.94499969482422,33.448001861572266,33.448001861572266,56400
2021-09-08,33.16999816894531,33.16999816894531,32.880001068115234,33.119998931884766,33.119998931884766,1100
2021-09-09,32.77799987792969,32.970001220703125,32.46500015258789,32.970001220703125,32.970001220703125,51300
2021-09-10,32.8849983215332,33.02000045776367,32.25,32.5,32.5,22300
2021-09-13,31.600000381469727,32.08000183105469,31.600000381469727,31.950000762939453,31.950000762939453,35100
2021-09-14,31.65999984741211,31.65999984741211,31.0,31.0,31.0,23400
2021-09-15,29.8700008392334,30.209999084472656,29.600000381469727,30.209999084472656,30.209999084472656,12500
2021-09-16,29.2450008392334,30.270000457763672,29.2450008392334,29.93000030517578,29.93000030517578,17300
2021-09-17,30.450000762939453,31.5,30.3700008392334,31.1299991607666,31.1299991607666,26600
2021-09-20,30.2450008392334,30.969999313354492,29.0,29.059999465942383,29.059999465942383,363900
2021-09-21,29.579999923706055,29.989999771118164,29.15999984741211,29.725000381469727,29.725000381469727,49700
2021-09-22,30.0,30.889999389648438,30.0,30.399999618530273,30.399999618530273,42300
2021-09-23,30.100000381469727,31.450000762939453,30.100000381469727,31.343000411987305,31.343000411987305,434200
2021-09-24,31.450000762939453,31.450000762939453,30.8799991607666,30.889999389648438,30.889999389648438,1239100
2021-09-27,32.10499954223633,32.439998626708984,31.40999984741211,32.31999969482422,32.31999969482422,24400
2021-09-28,31.719999313354492,31.875,30.799999237060547,31.200000762939453,31.200000762939453,7500
2021-09-29,30.979999542236328,31.989999771118164,30.979999542236328,31.100000381469727,31.100000381469727,454600
2021-09-30,31.200000762939453,32.150001525878906,31.200000762939453,31.735000610351562,31.735000610351562,833600
2021-10-01,31.0,32.040000915527344,30.799999237060547,30.799999237060547,30.799999237060547,4800
2021-10-04,30.010000228881836,30.5,29.5,29.5,29.5,119100
2021-10-05,29.09000015258789,30.690000534057617,29.09000015258789,30.299999237060547,30.299999237060547,516600
2021-10-06,28.920000076293945,30.100000381469727,28.899999618530273,30.100000381469727,30.100000381469727,2400
2021-10-07,31.719999313354492,33.369998931884766,31.719999313354492,32.560001373291016,32.560001373291016,37700
2021-10-08,33.75,34.189998626708984,33.349998474121094,34.04999923706055,34.04999923706055,450800
2021-10-11,35.0,35.90999984741211,34.869998931884766,34.869998931884766,34.869998931884766,698000
2021-10-12,35.31999969482422,35.31999969482422,34.33000183105469,34.33000183105469,34.33000183105469,23200
2021-10-13,34.474998474121094,35.849998474121094,34.474998474121094,35.849998474121094,35.849998474121094,18200
2021-10-14,34.9900016784668,35.25,34.689998626708984,35.25,35.25,3400
2021-10-15,34.869998931884766,36.150001525878906,34.869998931884766,35.95000076293945,35.95000076293945,1138500
2021-10-18,37.150001525878906,37.150001525878906,35.834999084472656,36.36000061035156,36.36000061035156,234400
2021-10-19,36.529998779296875,37.77000045776367,36.400001525878906,37.77000045776367,37.77000045776367,34900
2021-10-20,39.04999923706055,39.04999923706055,37.54999923706055,37.630001068115234,37.630001068115234,98800
2021-10-21,38.25,38.25,35.90999984741211,37.400001525878906,37.400001525878906,41100
2021-10-22,37.077999114990234,37.45000076293945,36.459999084472656,36.5,36.5,8000
2021-10-25,37.04999923706055,37.04999923706055,36.689998626708984,36.974998474121094,36.974998474121094,7100
2021-10-26,36.0099983215332,36.529998779296875,35.22700119018555,35.380001068115234,35.380001068115234,91200
2021-10-27,34.89500045776367,34.89500045776367,34.06999969482422,34.06999969482422,34.06999969482422,11800
2021-10-28,34.45000076293945,35.30500030517578,34.279998779296875,35.119998931884766,35.119998931884766,44600
2021-10-29,34.6150016784668,34.6150016784668,34.0,34.03799819946289,34.03799819946289,36000
2021-11-01,35.2599983215332,35.95000076293945,35.2599983215332,35.720001220703125,35.720001220703125,271600
2021-11-02,34.5,34.5,34.130001068115234,34.400001525878906,34.400001525878906,163300
2021-11-03,35.869998931884766,35.869998931884766,35.13999938964844,35.75,35.75,125900
2021-11-04,37.5099983215332,37.5099983215332,35.650001525878906,36.04999923706055,36.04999923706055,15600
2021-11-05,36.0,36.0,34.150001525878906,34.150001525878906,34.150001525878906,41500
2021-11-08,34.654998779296875,35.41999816894531,34.630001068115234,35.41999816894531,35.41999816894531,43700
2021-11-09,34.654998779296875,35.04999923706055,34.654998779296875,35.04999923706055,35.04999923706055,2800
2021-11-10,36.189998626708984,36.189998626708984,34.9900016784668,34.9900016784668,34.9900016784668,13500
2021-11-11,35.11000061035156,37.06800079345703,35.11000061035156,37.06800079345703,37.06800079345703,177000
2021-11-12,36.61000061035156,37.5,36.61000061035156,37.5,37.5,197100
2021-11-15,37.65599822998047,37.65599822998047,37.0,37.22999954223633,37.22999954223633,13000
2021-11-16,37.04999923706055,38.0,37.04999923706055,37.779998779296875,37.779998779296875,215600
2021-11-17,37.18000030517578,37.45000076293945,36.220001220703125,36.220001220703125,36.220001220703125,20000
2021-11-18,36.11000061035156,36.650001525878906,35.72999954223633,35.849998474121094,35.849998474121094,19500
2021-11-19,36.32500076293945,36.970001220703125,35.79999923706055,35.79999923706055,35.79999923706055,10900
2021-11-22,35.79999923706055,35.79999923706055,33.79999923706055,34.20000076293945,34.20000076293945,24700
2021-11-23,34.26499938964844,34.26499938964844,33.5,33.58000183105469,33.58000183105469,17300
2021-11-24,34.52000045776367,35.369998931884766,34.52000045776367,35.369998931884766,35.369998931884766,8400
2021-11-26,33.57500076293945,33.57500076293945,31.309999465942383,31.399999618530273,31.399999618530273,43400
2021-11-29,32.0,32.0,30.920000076293945,30.975000381469727,30.975000381469727,27300
2021-11-30,30.350000381469727,30.649999618530273,30.0,30.424999237060547,30.424999237060547,41900
2021-12-01,31.0,31.75,30.760000228881836,30.799999237060547,30.799999237060547,33700
2021-12-02,31.299999237060547,31.719999313354492,30.600000381469727,31.0,31.0,17700
2021-12-03,30.5,31.030000686645508,28.5,29.25,29.25,25900
2021-12-06,29.0,30.649999618530273,28.93000030517578,30.639999389648438,30.639999389648438,80700
2021-12-07,31.575000762939453,31.69499969482422,31.43000030517578,31.69499969482422,31.69499969482422,4500
2021-12-08,31.799999237060547,31.84000015258789,31.649999618530273,31.649999618530273,31.649999618530273,23800
2021-12-09,31.59000015258789,31.59000015258789,31.049999237060547,31.049999237060547,31.049999237060547,1437200
2021-12-10,30.309999465942383,31.270000457763672,30.309999465942383,31.2549991607666,31.2549991607666,2211200
2021-12-13,31.540000915527344,31.770000457763672,30.950000762939453,31.450000762939453,31.450000762939453,2732900
2021-12-14,30.43000030517578,31.700000762939453,30.43000030517578,31.549999237060547,31.549999237060547,1306900
2021-12-15,29.989999771118164,30.799999237060547,29.989999771118164,30.799999237060547,30.799999237060547,1258100
2021-12-16,30.149999618530273,30.75,29.729999542236328,30.114999771118164,30.114999771118164,783100
2021-12-17,29.0,29.709999084472656,28.5,29.34000015258789,29.34000015258789,48200
2021-12-20,28.100000381469727,28.604999542236328,27.200000762939453,27.600000381469727,27.600000381469727,264800
2021-12-21,28.469999313354492,30.170000076293945,28.469999313354492,30.0,30.0,121800
2021-12-22,29.219999313354492,29.649999618530273,29.149999618530273,29.200000762939453,29.200000762939453,54200
2021-12-23,28.1200008392334,29.25,28.1200008392334,28.700000762939453,28.700000762939453,17000
2021-12-27,29.90999984741211,29.90999984741211,28.75,29.2450008392334,29.2450008392334,16200
2021-12-28,28.799999237060547,28.799999237060547,28.149999618530273,28.274999618530273,28.274999618530273,18200
2021-12-29,27.649999618530273,27.649999618530273,27.040000915527344,27.56999969482422,27.56999969482422,13900
2021-12-30,28.8799991607666,29.760000228881836,27.579999923706055,29.299999237060547,29.299999237060547,54900
2021-12-31,28.3700008392334,29.299999237060547,28.3700008392334,28.760000228881836,28.760000228881836,21300
2022-01-03,28.0,28.905000686645508,27.8700008392334,28.559999465942383,28.559999465942383,31100
2022-01-04,27.489999771118164,27.489999771118164,26.75,27.200000762939453,27.200000762939453,16000
2022-01-05,24.270000457763672,25.8799991607666,24.270000457763672,25.200000762939453,25.200000762939453,15500
2022-01-06,26.219999313354492,26.479999542236328,25.600000381469727,26.479999542236328,26.479999542236328,181900
2022-01-07,26.476999282836914,26.6299991607666,26.350000381469727,26.520000457763672,26.520000457763672,20900
2022-01-10,26.315000534057617,26.315000534057617,25.950000762939453,25.950000762939453,25.950000762939453,1100
2022-01-11,26.56999969482422,27.496000289916992,26.56999969482422,27.350000381469727,27.350000381469727,1100
2022-01-12,29.350000381469727,29.360000610351562,28.920000076293945,29.360000610351562,29.360000610351562,3700
2022-01-13,29.969999313354492,29.969999313354492,28.31999969482422,28.31999969482422,28.31999969482422,1700
2022-01-14,27.950000762939453,28.450000762939453,27.920000076293945,28.0,28.0,2200
2022-01-18,26.719999313354492,27.8799991607666,26.719999313354492,27.850000381469727,27.850000381469727,8500
2022-01-19,27.469999313354492,28.280000686645508,27.469999313354492,27.924999237060547,27.924999237060547,1100
2022-01-20,29.780000686645508,31.06999969482422,29.780000686645508,30.735000610351562,30.735000610351562,5200
2022-01-21,30.09000015258789,30.239999771118164,29.420000076293945,29.649999618530273,29.649999618530273,102700
2022-01-24,28.920000076293945,29.139999389648438,28.0,28.0,28.0,26600
2022-01-25,28.530000686645508,29.0,28.530000686645508,28.84000015258789,28.84000015258789,3300
2022-01-26,29.05500030517578,29.05500030517578,28.290000915527344,28.290000915527344,28.290000915527344,3700
2022-01-27,26.895000457763672,27.280000686645508,26.799999237060547,27.280000686645508,27.280000686645508,7200
2022-01-28,26.200000762939453,26.611000061035156,26.200000762939453,26.270000457763672,26.270000457763672,4500
2022-01-31,28.6299991607666,29.725000381469727,28.385000228881836,29.399999618530273,29.399999618530273,15200
2022-02-01,29.670000076293945,30.059999465942383,29.549999237060547,29.780000686645508,29.780000686645508,22200
2022-02-02,29.5,29.889999389648438,29.0,29.44499969482422,29.44499969482422,2000
2022-02-03,29.209999084472656,29.469999313354492,28.59000015258789,28.985000610351562,28.985000610351562,3600
2022-02-04,28.639999389648438,28.639999389648438,28.639999389648438,28.639999389648438,28.639999389648438,400
2022-02-07,29.399999618530273,29.399999618530273,29.399999618530273,29.399999618530273,29.399999618530273,300
2022-02-08,28.545000076293945,29.200000762939453,28.0,29.200000762939453,29.200000762939453,12800
2022-02-09,29.110000610351562,30.100000381469727,29.110000610351562,30.100000381469727,30.100000381469727,33100
2022-02-10,29.834999084472656,29.834999084472656,29.549999237060547,29.829999923706055,29.829999923706055,34500
2022-02-11,28.843000411987305,28.843000411987305,28.34000015258789,28.5,28.5,10300
2022-02-14,27.649999618530273,28.360000610351562,27.549999237060547,27.8799991607666,27.8799991607666,219800
2022-02-15,27.399999618530273,28.40999984741211,27.399999618530273,28.40999984741211,28.40999984741211,13900
2022-02-16,28.309999465942383,28.420000076293945,28.100000381469727,28.219999313354492,28.219999313354492,3700
2022-02-17,28.219999313354492,28.219999313354492,28.219999313354492,28.219999313354492,28.219999313354492,34000
2022-02-18,24.860000610351562,24.860000610351562,23.579999923706055,23.700000762939453,23.700000762939453,69200
2022-02-22,21.579999923706055,22.780000686645508,21.579999923706055,21.989999771118164,21.989999771118164,55300
2022-02-23,22.420000076293945,22.530000686645508,21.850000381469727,22.059999465942383,22.059999465942383,38000
2022-02-24,21.46500015258789,22.399999618530273,21.46500015258789,22.399999618530273,22.399999618530273,56500
2022-02-25,21.9950008392334,22.34000015258789,21.9950008392334,22.34000015258789,22.34000015258789,2300
2022-02-28,21.6200008392334,22.100000381469727,21.6200008392334,21.780000686645508,21.780000686645508,6100
2022-03-01,22.0,22.195999145507812,21.600000381469727,21.600000381469727,21.600000381469727,26600
2022-03-02,22.350000381469727,22.655000686645508,22.100000381469727,22.325000762939453,22.325000762939453,8700
2022-03-03,22.43000030517578,22.43000030517578,21.25,21.290000915527344,21.290000915527344,87300
2022-03-04,21.0,21.0,20.399999618530273,20.700000762939453,20.700000762939453,96900
2022-03-07,19.420000076293945,19.420000076293945,18.329999923706055,18.389999389648438,18.389999389648438,84000
2022-03-08,18.5,19.200000762939453,17.649999618530273,17.649999618530273,17.649999618530273,16300
2022-03-09,18.649999618530273,19.809999465942383,18.649999618530273,19.600000381469727,19.600000381469727,301300
2022-03-10,18.200000762939453,18.200000762939453,17.25,17.575000762939453,17.575000762939453,7300
2022-03-11,17.5,17.5,15.90999984741211,15.90999984741211,15.90999984741211,67200
2022-03-14,14.8100004196167,14.8100004196167,13.329999923706055,13.390000343322754,13.390000343322754,120000
2022-03-15,13.6899995803833,14.979999542236328,13.375,14.9399995803833,14.9399995803833,108300
2022-03-16,17.610000610351562,21.0,17.610000610351562,21.0,21.0,57900
2022-03-17,20.549999237060547,20.549999237060547,18.399999618530273,19.0,19.0,31300
2022-03-18,20.040000915527344,21.450000762939453,20.0,21.450000762939453,21.450000762939453,162400
2022-03-21,18.899999618530273,19.040000915527344,18.1299991607666,18.6299991607666,18.6299991607666,6300
2022-03-22,19.8799991607666,20.270000457763672,19.65999984741211,19.670000076293945,19.670000076293945,9300
2022-03-23,19.239999771118164,20.5,19.239999771118164,19.899999618530273,19.899999618530273,38300
2022-03-24,19.0,19.0,18.219999313354492,18.59000015258789,18.59000015258789,13900
2022-03-25,17.90999984741211,18.299999237060547,16.611000061035156,18.15999984741211,18.15999984741211,9800
2022-03-28,18.729999542236328,19.579999923706055,18.729999542236328,19.100000381469727,19.100000381469727,3000
2022-03-29,19.959999084472656,21.149999618530273,19.959999084472656,20.825000762939453,20.825000762939453,9400
2022-03-30,21.0,21.0,20.450000762939453,20.450000762939453,20.450000762939453,2500
2022-03-31,19.3799991607666,19.972000122070312,19.200000762939453,19.200000762939453,19.200000762939453,12200
2022-04-01,20.600000381469727,20.655000686645508,20.100000381469727,20.5,20.5,3070900
2022-04-04,20.56100082397461,21.559999465942383,20.56100082397461,21.469999313354492,21.469999313354492,1324300
2022-04-05,20.729999542236328,21.34000015258789,20.729999542236328,20.739999771118164,20.739999771118164,8700
2022-04-06,20.11400032043457,20.190000534057617,19.777999877929688,19.777999877929688,19.777999877929688,1561500
2022-04-07,20.5,20.5,19.75,19.950000762939453,19.950000762939453,1541400
2022-04-08,19.239999771118164,20.0,19.239999771118164,19.68000030517578,19.68000030517578,414100
2022-04-11,18.5,19.18000030517578,18.5,19.0,19.0,36600
2022-04-12,19.260000228881836,19.649999618530273,19.260000228881836,19.40999984741211,19.40999984741211,80200
2022-04-13,18.959999084472656,20.010000228881836,18.959999084472656,19.850000381469727,19.850000381469727,56400
2022-04-14,19.559999465942383,19.75,19.3700008392334,19.75,19.75,84000
2022-04-18,19.06999969482422,19.110000610351562,18.670000076293945,18.80500030517578,18.80500030517578,5100
2022-04-19,18.309999465942383,18.700000762939453,18.219999313354492,18.700000762939453,18.700000762939453,1795100
2022-04-20,18.0,18.40999984741211,17.889999389648438,17.889999389648438,17.889999389648438,339000
2022-04-21,17.110000610351562,18.059999465942383,16.780000686645508,16.7810001373291,16.7810001373291,46300
2022-04-22,18.110000610351562,18.360000610351562,17.90999984741211,18.075000762939453,18.075000762939453,20500
2022-04-25,17.19099998474121,17.19099998474121,17.19099998474121,17.19099998474121,17.19099998474121,12000
2022-04-26,18.295000076293945,18.299999237060547,17.969999313354492,18.049999237060547,18.049999237060547,260900
2022-04-27,19.09000015258789,19.309999465942383,18.530000686645508,19.309999465942383,19.309999465942383,220700
2022-04-28,18.469999313354492,18.690000534057617,18.469999313354492,18.690000534057617,18.690000534057617,37100
2022-04-29,21.1200008392334,21.81999969482422,21.1200008392334,21.350000381469727,21.350000381469727,103100
2022-05-02,21.81999969482422,21.81999969482422,20.790000915527344,21.1200008392334,21.1200008392334,2800
2022-05-03,21.989999771118164,22.049999237060547,21.600000381469727,21.850000381469727,21.850000381469727,333600
2022-05-04,20.670000076293945,21.729999542236328,20.479999542236328,21.459999084472656,21.459999084472656,186200
2022-05-05,20.520000457763672,20.63800048828125,19.799999237060547,19.799999237060547,19.799999237060547,125600
2022-05-06,19.670000076293945,19.8799991607666,19.479999542236328,19.479999542236328,19.479999542236328,12000
2022-05-09,19.270000457763672,19.270000457763672,18.290000915527344,18.399999618530273,18.399999618530273,9400
2022-05-10,18.700000762939453,19.5,18.579999923706055,19.5,19.5,322100
2022-05-11,20.399999618530273,20.466999053955078,19.649999618530273,19.649999618530273,19.649999618530273,118700
2022-05-12,19.270000457763672,20.149999618530273,19.270000457763672,19.847999572753906,19.847999572753906,68000
2022-05-13,21.579999923706055,21.829999923706055,21.25,21.829999923706055,21.829999923706055,38700
2022-05-16,21.0,21.28499984741211,20.860000610351562,20.860000610351562,20.860000610351562,17100
2022-05-17,22.225000381469727,22.510000228881836,21.65999984741211,21.65999984741211,21.65999984741211,7300
2022-05-18,21.6200008392334,21.6200008392334,21.15999984741211,21.15999984741211,21.15999984741211,10600
2022-05-19,20.90999984741211,22.0,20.90999984741211,22.0,22.0,26300
2022-05-20,22.270000457763672,22.270000457763672,21.25,21.25,21.25,2900
2022-05-23,21.25,21.25,21.25,21.25,21.25,117000
2022-05-24,20.100000381469727,20.100000381469727,19.5,19.697999954223633,19.697999954223633,7200
2022-05-25,20.3439998626709,20.3439998626709,20.280000686645508,20.280000686645508,20.280000686645508,300
2022-05-26,20.139999389648438,21.290000915527344,20.139999389648438,20.770000457763672,20.770000457763672,17400
2022-05-27,20.610000610351562,20.735000610351562,20.610000610351562,20.735000610351562,20.735000610351562,1200
2022-05-31,23.579999923706055,24.0,23.290000915527344,23.645000457763672,23.645000457763672,650900
2022-06-01,23.6299991607666,23.6299991607666,22.649999618530273,22.649999618530273,22.649999618530273,7600
2022-06-02,23.489999771118164,25.0,23.25,24.700000762939453,24.700000762939453,58200
2022-06-03,23.829999923706055,24.600000381469727,23.25,23.67099952697754,23.67099952697754,16500
2022-06-06,25.18000030517578,25.860000610351562,25.049999237060547,25.459999084472656,25.459999084472656,5900
2022-06-07,25.3799991607666,26.139999389648438,25.3799991607666,26.139999389648438,26.139999389648438,79800
2022-06-08,26.780000686645508,26.780000686645508,26.139999389648438,26.75,26.75,4400
2022-06-09,25.959999084472656,25.959999084472656,24.739999771118164,24.739999771118164,24.739999771118164,3900
2022-06-10,24.799999237060547,24.799999237060547,24.799999237060547,24.799999237060547,24.799999237060547,11200
2022-06-13,23.604999542236328,23.604999542236328,22.6200008392334,23.014999389648438,23.014999389648438,3300
2022-06-14,24.239999771118164,25.059999465942383,24.239999771118164,24.40399932861328,24.40399932861328,50000
2022-06-15,24.899999618530273,25.25,24.899999618530273,25.25,25.25,4100
2022-06-16,25.25,25.25,25.25,25.25,25.25,0
2022-06-17,26.299999237060547,26.299999237060547,24.829999923706055,25.299999237060547,25.299999237060547,185600
2022-06-21,25.59600067138672,25.639999389648438,25.18000030517578,25.18000030517578,25.18000030517578,127800
2022-06-22,23.780000686645508,24.764999389648438,23.780000686645508,24.600000381469727,24.600000381469727,73900
2022-06-23,24.42300033569336,25.030000686645508,24.131000518798828,25.030000686645508,25.030000686645508,6600
2022-06-24,25.0,25.190000534057617,24.579999923706055,25.030000686645508,25.030000686645508,10900
2022-06-27,25.649999618530273,26.155000686645508,25.649999618530273,26.155000686645508,26.155000686645508,20500
2022-06-28,26.44499969482422,26.44499969482422,26.44499969482422,26.44499969482422,26.44499969482422,1200
2022-06-29,25.799999237060547,26.010000228881836,25.799999237060547,26.010000228881836,26.010000228881836,2300
2022-06-30,24.25,24.920000076293945,24.25,24.920000076293945,24.920000076293945,11000
2022-07-01,25.049999237060547,25.049999237060547,24.510000228881836,24.510000228881836,24.510000228881836,2700
2022-07-05,24.540000915527344,25.190000534057617,24.540000915527344,25.190000534057617,25.190000534057617,13700
2022-07-06,24.559999465942383,24.559999465942383,24.3799991607666,24.3799991607666,24.3799991607666,4400
2022-07-07,25.0,25.100000381469727,25.0,25.100000381469727,25.100000381469727,400
2022-07-08,23.700000762939453,25.0,23.700000762939453,24.77400016784668,24.77400016784668,5300
2022-07-11,23.145000457763672,23.145000457763672,22.760000228881836,22.760000228881836,22.760000228881836,900
2022-07-12,22.760000228881836,22.760000228881836,22.760000228881836,22.760000228881836,22.760000228881836,0
2022-07-13,22.549999237060547,23.239999771118164,22.549999237060547,23.239999771118164,23.239999771118164,32300
2022-07-14,22.649999618530273,22.760000228881836,22.639999389648438,22.639999389648438,22.639999389648438,18900
2022-07-15,22.219999313354492,22.520000457763672,22.219999313354492,22.520000457763672,22.520000457763672,3600
2022-07-18,23.389999389648438,24.0,23.389999389648438,24.0,24.0,40200
2022-07-19,23.530000686645508,24.344999313354492,23.530000686645508,24.344999313354492,24.344999313354492,317100
2022-07-20,24.523000717163086,24.523000717163086,24.523000717163086,24.523000717163086,24.523000717163086,200
2022-07-21,24.270000457763672,24.270000457763672,24.0,24.0,24.0,315500
2022-07-22,24.0,24.113000869750977,24.0,24.113000869750977,24.113000869750977,1500
2022-07-25,23.690000534057617,24.05500030517578,23.625,24.05500030517578,24.05500030517578,1100
2022-07-26,24.05500030517578,24.05500030517578,24.05500030517578,24.05500030517578,24.05500030517578,0
2022-07-27,24.049999237060547,24.049999237060547,23.81999969482422,24.0,24.0,24300
2022-07-28,23.209999084472656,23.5,23.209999084472656,23.5,23.5,1400
2022-07-29,22.3799991607666,22.5,22.3799991607666,22.5,22.5,600
2022-08-01,22.610000610351562,22.610000610351562,22.610000610351562,22.610000610351562,22.610000610351562,1100
2022-08-02,22.34000015258789,22.8799991607666,22.299999237060547,22.8799991607666,22.8799991607666,600
2022-08-03,22.55500030517578,22.559999465942383,22.55500030517578,22.559999465942383,22.559999465942383,5600
2022-08-04,23.31999969482422,23.3799991607666,23.31999969482422,23.3799991607666,23.3799991607666,1400
2022-08-05,23.030000686645508,23.149999618530273,22.715999603271484,23.030000686645508,23.030000686645508,6100
2022-08-08,22.889999389648438,22.889999389648438,22.510000228881836,22.6200008392334,22.6200008392334,1300
2022-08-09,22.315000534057617,22.315000534057617,22.049999237060547,22.315000534057617,22.315000534057617,12200
2022-08-10,21.636999130249023,22.100000381469727,21.59000015258789,21.969999313354492,21.969999313354492,120700
2022-08-11,22.75,23.010000228881836,22.274999618530273,22.524999618530273,22.524999618530273,3000
2022-08-12,22.46500015258789,22.75,22.46500015258789,22.75,22.75,800
2022-08-15,22.899999618530273,23.030000686645508,22.799999237060547,23.0,23.0,900
2022-08-16,21.389999389648438,21.53499984741211,21.235000610351562,21.299999237060547,21.299999237060547,23000
2022-08-17,22.020000457763672,22.020000457763672,21.489999771118164,21.8700008392334,21.8700008392334,3600
2022-08-18,21.8700008392334,21.8700008392334,21.8700008392334,21.8700008392334,21.8700008392334,100
2022-08-19,21.8700008392334,21.8700008392334,21.8700008392334,21.8700008392334,21.8700008392334,2900
2022-08-22,21.450000762939453,21.450000762939453,21.450000762939453,21.450000762939453,21.450000762939453,700
2022-08-23,21.399999618530273,21.485000610351562,21.200000762939453,21.200000762939453,21.200000762939453,4000
2022-08-24,21.280000686645508,21.780000686645508,21.280000686645508,21.280000686645508,21.280000686645508,3200
2022-08-25,22.799999237060547,23.25,22.75,23.25,23.25,7600
2022-08-26,24.0,24.399999618530273,24.0,24.399999618530273,24.399999618530273,37800
2022-08-29,24.0,24.0,24.0,24.0,24.0,10700
2022-08-30,22.719999313354492,23.579999923706055,22.540000915527344,22.540000915527344,22.540000915527344,3200
2022-08-31,24.0,24.094999313354492,23.832000732421875,23.832000732421875,23.832000732421875,3200
2022-09-01,22.665000915527344,22.93000030517578,22.665000915527344,22.93000030517578,22.93000030517578,1700
2022-09-02,22.600000381469727,22.600000381469727,22.079999923706055,22.079999923706055,22.079999923706055,38800
2022-09-06,22.0,22.0,21.440000534057617,21.583999633789062,21.583999633789062,360200
2022-09-07,22.0,22.0,22.0,22.0,22.0,6000
2022-09-08,22.0,22.0,22.0,22.0,22.0,0
2022-09-09,22.09000015258789,22.700000762939453,22.09000015258789,22.579999923706055,22.579999923706055,53800
2022-09-12,22.549999237060547,22.940000534057617,22.549999237060547,22.940000534057617,22.940000534057617,1600
2022-09-13,21.829999923706055,22.059999465942383,21.829999923706055,21.940000534057617,21.940000534057617,500
2022-09-14,22.139999389648438,22.139999389648438,22.139999389648438,22.139999389648438,22.139999389648438,600
2022-09-15,22.4689998626709,22.4689998626709,22.184999465942383,22.184999465942383,22.184999465942383,200
2022-09-16,21.7549991607666,21.90999984741211,21.7549991607666,21.90999984741211,21.90999984741211,400
2022-09-19,21.6200008392334,21.649999618530273,21.6200008392334,21.649999618530273,21.649999618530273,9900
2022-09-20,21.889999389648438,21.889999389648438,21.7549991607666,21.7549991607666,21.7549991607666,700
2022-09-21,21.700000762939453,21.700000762939453,21.700000762939453,21.700000762939453,21.700000762939453,5500
2022-09-22,20.65999984741211,20.954999923706055,20.65999984741211,20.867000579833984,20.867000579833984,2200
2022-09-23,20.0,20.8700008392334,20.0,20.010000228881836,20.010000228881836,9800
2022-09-26,21.149999618530273,21.450000762939453,21.149999618530273,21.450000762939453,21.450000762939453,16900
2022-09-27,22.535999298095703,22.535999298095703,21.399999618530273,21.399999618530273,21.399999618530273,39700
2022-09-28,22.100000381469727,22.100000381469727,21.579999923706055,21.579999923706055,21.579999923706055,16400
2022-09-29,21.079999923706055,21.729999542236328,21.079999923706055,21.729999542236328,21.729999542236328,8400
2022-09-30,21.110000610351562,21.110000610351562,21.100000381469727,21.100000381469727,21.100000381469727,1300
2022-10-03,20.260000228881836,20.760000228881836,20.260000228881836,20.459999084472656,20.459999084472656,1500
2022-10-04,21.3799991607666,22.309999465942383,21.3799991607666,21.8799991607666,21.8799991607666,7200
2022-10-05,21.47100067138672,22.299999237060547,21.47100067138672,22.299999237060547,22.299999237060547,110800
2022-10-06,22.299999237060547,22.299999237060547,22.299999237060547,22.299999237060547,22.299999237060547,0
2022-10-07,21.670000076293945,21.729999542236328,21.40999984741211,21.40999984741211,21.40999984741211,1900
2022-10-10,20.90999984741211,20.90999984741211,20.010000228881836,20.200000762939453,20.200000762939453,2700
2022-10-11,18.719999313354492,19.68000030517578,18.719999313354492,19.350000381469727,19.350000381469727,16600
2022-10-12,19.079999923706055,19.079999923706055,18.81999969482422,18.81999969482422,18.81999969482422,1100
2022-10-13,18.75,18.75,18.219999313354492,18.219999313354492,18.219999313354492,800
2022-10-14,18.56999969482422,18.56999969482422,18.56999969482422,18.56999969482422,18.56999969482422,200
2022-10-17,18.559999465942383,19.549999237060547,18.559999465942383,19.440000534057617,19.440000534057617,20400
2022-10-18,19.290000915527344,19.290000915527344,19.290000915527344,19.290000915527344,19.290000915527344,800
2022-10-19,18.110000610351562,18.18000030517578,17.649999618530273,17.764999389648438,17.764999389648438,8000
2022-10-20,17.954999923706055,18.450000762939453,17.954999923706055,18.25,18.25,16800
2022-10-21,18.350000381469727,18.350000381469727,18.350000381469727,18.350000381469727,18.350000381469727,243100
2022-10-24,15.960000038146973,15.960000038146973,14.510000228881836,15.550000190734863,15.550000190734863,13400
2022-10-25,15.15999984741211,15.744999885559082,15.15999984741211,15.739999771118164,15.739999771118164,1100
2022-10-26,16.829999923706055,17.5310001373291,16.5,16.84000015258789,16.84000015258789,97700
2022-10-27,17.020000457763672,17.020000457763672,17.020000457763672,17.020000457763672,17.020000457763672,900
2022-10-28,15.529999732971191,15.600000381469727,15.329999923706055,15.600000381469727,15.600000381469727,1800
2022-10-31,15.369999885559082,16.200000762939453,15.369999885559082,16.200000762939453,16.200000762939453,4600
2022-11-01,17.3799991607666,17.614999771118164,17.3799991607666,17.614999771118164,17.614999771118164,3200
2022-11-02,18.190000534057617,18.200000762939453,17.770000457763672,18.030000686645508,18.030000686645508,3800
2022-11-03,18.100000381469727,18.540000915527344,17.892000198364258,18.540000915527344,18.540000915527344,2300
2022-11-04,18.540000915527344,18.540000915527344,18.540000915527344,18.540000915527344,18.540000915527344,0
2022-11-07,19.25,19.25,19.25,19.25,19.25,1100
2022-11-08,18.3700008392334,18.959999084472656,18.3700008392334,18.959999084472656,18.959999084472656,10500
2022-11-09,17.941999435424805,18.290000915527344,17.709999084472656,18.290000915527344,18.290000915527344,9700
2022-11-10,19.299999237060547,19.299999237060547,18.885000228881836,18.90999984741211,18.90999984741211,900
2022-11-11,20.0,20.729999542236328,20.0,20.5,20.5,1042800
2022-11-14,20.31999969482422,20.31999969482422,19.950000762939453,19.950000762939453,19.950000762939453,4000
2022-11-15,21.0,21.670000076293945,21.0,21.649999618530273,21.649999618530273,8100
2022-11-16,19.5,19.5,19.190000534057617,19.190000534057617,19.190000534057617,6100
2022-11-17,19.1200008392334,20.459999084472656,18.889999389648438,18.889999389648438,18.889999389648438,4400
2022-11-18,20.2549991607666,20.2549991607666,20.010000228881836,20.2549991607666,20.2549991607666,146300
2022-11-21,20.2549991607666,20.2549991607666,20.2549991607666,20.2549991607666,20.2549991607666,100
2022-11-22,20.2549991607666,20.2549991607666,20.2549991607666,20.2549991607666,20.2549991607666,0
2022-11-23,17.3700008392334,18.200000762939453,17.3700008392334,18.200000762939453,18.200000762939453,500
2022-11-25,17.514999389648438,18.0,17.514999389648438,18.0,18.0,139700
2022-11-28,17.899999618530273,18.34000015258789,17.781999588012695,17.781999588012695,17.781999588012695,1200
2022-11-29,19.600000381469727,20.05500030517578,19.600000381469727,20.0,20.0,9000
2022-11-30,20.5,21.78499984741211,20.5,21.670000076293945,21.670000076293945,34100
2022-12-01,21.649999618530273,21.649999618530273,20.969999313354492,21.31999969482422,21.31999969482422,1259900
2022-12-02,22.0,22.600000381469727,21.270000457763672,22.5,22.5,358200
2022-12-05,21.6299991607666,21.6299991607666,21.31999969482422,21.6200008392334,21.6200008392334,162400
2022-12-06,22.360000610351562,22.5,22.360000610351562,22.5,22.5,1300
2022-12-07,22.010000228881836,22.010000228881836,21.15999984741211,21.950000762939453,21.950000762939453,189100
2022-12-08,22.5,22.959999084472656,22.5,22.799999237060547,22.799999237060547,7400
2022-12-09,23.829999923706055,23.829999923706055,23.639999389648438,23.639999389648438,23.639999389648438,700
2022-12-12,22.190000534057617,22.190000534057617,21.639999389648438,21.649999618530273,21.649999618530273,191400
2022-12-13,23.65999984741211,23.65999984741211,23.139999389648438,23.139999389648438,23.139999389648438,415800
2022-12-14,23.584999084472656,23.690000534057617,23.299999237060547,23.350000381469727,23.350000381469727,338700
2022-12-15,23.600000381469727,23.600000381469727,22.520000457763672,22.565000534057617,22.565000534057617,7500
2022-12-16,22.510000228881836,22.510000228881836,22.510000228881836,22.510000228881836,22.510000228881836,600
2022-12-19,22.610000610351562,22.700000762939453,22.5,22.5,22.5,19700
2022-12-20,21.799999237060547,22.584999084472656,21.799999237060547,22.385000228881836,22.385000228881836,209800
2022-12-21,22.364999771118164,22.959999084472656,22.364999771118164,22.959999084472656,22.959999084472656,900
2022-12-22,23.510000228881836,23.510000228881836,23.5,23.5,23.5,800
2022-12-23,22.799999237060547,23.0,22.639999389648438,22.790000915527344,22.790000915527344,133600
2022-12-27,22.639999389648438,24.360000610351562,22.639999389648438,24.350000381469727,24.350000381469727,92300
2022-12-28,23.020000457763672,23.172000885009766,22.809999465942383,22.809999465942383,22.809999465942383,7500
2022-12-29,23.469999313354492,23.6299991607666,23.469999313354492,23.6299991607666,23.6299991607666,1500
2022-12-30,21.81999969482422,21.950000762939453,21.81999969482422,21.81999969482422,21.81999969482422,1800
2023-01-03,22.040000915527344,22.860000610351562,22.040000915527344,22.639999389648438,22.639999389648438,10200
2023-01-04,22.579999923706055,24.187000274658203,22.579999923706055,24.0,24.0,61600
2023-01-05,24.5,24.979999542236328,24.5,24.979999542236328,24.979999542236328,6600
2023-01-06,24.0,24.040000915527344,24.0,24.040000915527344,24.040000915527344,5400
2023-01-09,23.513999938964844,23.649999618530273,22.850000381469727,23.350000381469727,23.350000381469727,19000
2023-01-10,22.875,23.260000228881836,22.489999771118164,23.260000228881836,23.260000228881836,1500
2023-01-11,22.639999389648438,22.790000915527344,22.549999237060547,22.600000381469727,22.600000381469727,71700
2023-01-12,22.520000457763672,22.520000457763672,22.100000381469727,22.399999618530273,22.399999618530273,2600
2023-01-13,22.030000686645508,22.100000381469727,21.770000457763672,22.100000381469727,22.100000381469727,46600
2023-01-17,21.200000762939453,21.200000762939453,21.0,21.191999435424805,21.191999435424805,1300
2023-01-18,20.969999313354492,20.969999313354492,20.5,20.950000762939453,20.950000762939453,7600
2023-01-19,20.549999237060547,20.850000381469727,20.239999771118164,20.239999771118164,20.239999771118164,18300
2023-01-20,22.0,22.350000381469727,21.520000457763672,22.350000381469727,22.350000381469727,14900
2023-01-23,22.280000686645508,22.809999465942383,22.280000686645508,22.780000686645508,22.780000686645508,6900
2023-01-24,21.950000762939453,22.25,21.950000762939453,22.25,22.25,4300
2023-01-25,22.0,22.135000228881836,22.0,22.0,22.0,1000
2023-01-26,22.270000457763672,22.270000457763672,21.739999771118164,22.110000610351562,22.110000610351562,11000
2023-01-27,22.170000076293945,22.5,22.020000457763672,22.25,22.25,10700
2023-01-30,22.225000381469727,22.225000381469727,22.225000381469727,22.225000381469727,22.225000381469727,20600
2023-01-31,22.06999969482422,22.290000915527344,22.06999969482422,22.290000915527344,22.290000915527344,4000
2023-02-01,22.739999771118164,23.170000076293945,22.739999771118164,23.0,23.0,18900
2023-02-02,22.5,22.700000762939453,22.09000015258789,22.700000762939453,22.700000762939453,675000
2023-02-03,21.915000915527344,21.915000915527344,21.450000762939453,21.450000762939453,21.450000762939453,800
2023-02-06,20.6299991607666,20.71500015258789,20.5,20.71500015258789,20.71500015258789,20000
2023-02-07,20.6200008392334,20.670000076293945,20.6200008392334,20.670000076293945,20.670000076293945,300
2023-02-08,19.100000381469727,19.100000381469727,19.100000381469727,19.100000381469727,19.100000381469727,643600
2023-02-09,19.219999313354492,19.329999923706055,19.219999313354492,19.329999923706055,19.329999923706055,19300
2023-02-10,19.010000228881836,19.010000228881836,18.610000610351562,18.610000610351562,18.610000610351562,1600
2023-02-13,18.780000686645508,19.190000534057617,18.780000686645508,19.190000534057617,19.190000534057617,14300
2023-02-14,18.489999771118164,18.809999465942383,18.489999771118164,18.61199951171875,18.61199951171875,23700
2023-02-15,18.61199951171875,18.61199951171875,18.61199951171875,18.61199951171875,18.61199951171875,0
2023-02-16,18.69499969482422,19.059999465942383,18.69499969482422,19.059999465942383,19.059999465942383,2800
2023-02-17,18.489999771118164,18.489999771118164,18.350000381469727,18.489999771118164,18.489999771118164,700
2023-02-21,17.989999771118164,17.989999771118164,17.6200008392334,17.746999740600586,17.746999740600586,44100
2023-02-22,17.739999771118164,17.739999771118164,17.739999771118164,17.739999771118164,17.739999771118164,300
2023-02-23,17.940000534057617,17.940000534057617,17.43000030517578,17.81999969482422,17.81999969482422,6600
2023-02-24,16.799999237060547,16.799999237060547,16.780000686645508,16.780000686645508,16.780000686645508,800
2023-02-27,16.780000686645508,16.780000686645508,16.780000686645508,16.780000686645508,16.780000686645508,0
2023-02-28,17.25,17.6299991607666,17.25,17.399999618530273,17.399999618530273,1500
2023-03-01,18.0,18.0,17.81999969482422,17.81999969482422,17.81999969482422,8200
2023-03-02,18.15999984741211,18.399999618530273,18.0,18.309999465942383,18.309999465942383,900
2023-03-03,18.139999389648438,18.139999389648438,17.996000289916992,18.1299991607666,18.1299991607666,7600
2023-03-06,18.280000686645508,18.299999237060547,18.1200008392334,18.1200008392334,18.1200008392334,3100
2023-03-07,17.270000457763672,17.299999237060547,17.270000457763672,17.299999237060547,17.299999237060547,16200
2023-03-08,16.959999084472656,16.959999084472656,16.700000762939453,16.700000762939453,16.700000762939453,7300
2023-03-09,16.170000076293945,16.5,15.899999618530273,16.0,16.0,2900
2023-03-10,16.0,16.0,16.0,16.0,16.0,700
2023-03-13,15.960000038146973,16.398000717163086,15.960000038146973,16.398000717163086,16.398000717163086,1700
2023-03-14,16.13599967956543,16.13599967956543,16.13599967956543,16.13599967956543,16.13599967956543,200
2023-03-15,16.13599967956543,16.13599967956543,16.13599967956543,16.13599967956543,16.13599967956543,0
2023-03-16,16.059999465942383,16.059999465942383,16.0,16.0,16.0,8800
2023-03-17,16.170000076293945,16.170000076293945,16.170000076293945,16.170000076293945,16.170000076293945,300
2023-03-20,16.360000610351562,16.40999984741211,16.360000610351562,16.40999984741211,16.40999984741211,1400
2023-03-21,16.75,16.75,16.60700035095215,16.639999389648438,16.639999389648438,10800
2023-03-22,16.614999771118164,16.614999771118164,16.389999389648438,16.389999389648438,16.389999389648438,2300
2023-03-23,18.0,18.200000762939453,17.809999465942383,17.920000076293945,17.920000076293945,6700
2023-03-24,17.59000015258789,18.989999771118164,17.59000015258789,18.0,18.0,5300
2023-03-27,16.600000381469727,16.88800048828125,16.600000381469727,16.88800048828125,16.88800048828125,6600
2023-03-28,17.398000717163086,17.635000228881836,17.34000015258789,17.635000228881836,17.635000228881836,77800
2023-03-29,17.760000228881836,17.8700008392334,17.479999542236328,17.479999542236328,17.479999542236328,57100
2023-03-30,18.5,18.601999282836914,18.0,18.450000762939453,18.450000762939453,17000
2023-03-31,18.219999313354492,18.219999313354492,17.85700035095215,17.87299919128418,17.87299919128418,2900
2023-04-03,17.360000610351562,17.81599998474121,17.360000610351562,17.75,17.75,4500
2023-04-04,16.8799991607666,17.100000381469727,16.8799991607666,17.100000381469727,17.100000381469727,64100
2023-04-05,17.0,17.229999542236328,16.864999771118164,16.864999771118164,16.864999771118164,7300
2023-04-06,16.649999618530273,17.360000610351562,16.649999618530273,17.094999313354492,17.094999313354492,21200
2023-04-10,17.110000610351562,17.110000610351562,16.8700008392334,17.075000762939453,17.075000762939453,6500
2023-04-11,16.780000686645508,17.364999771118164,16.780000686645508,17.364999771118164,17.364999771118164,1000
2023-04-12,16.799999237060547,16.799999237060547,16.209999084472656,16.239999771118164,16.239999771118164,9500
2023-04-13,16.25,16.799999237060547,16.25,16.799999237060547,16.799999237060547,12100
2023-04-14,16.149999618530273,16.34000015258789,16.149999618530273,16.235000610351562,16.235000610351562,2800
2023-04-17,16.68000030517578,17.200000762939453,16.68000030517578,17.110000610351562,17.110000610351562,3800
2023-04-18,17.3799991607666,17.3799991607666,17.100000381469727,17.209999084472656,17.209999084472656,2700
2023-04-19,17.200000762939453,17.200000762939453,17.174999237060547,17.174999237060547,17.174999237060547,700
2023-04-20,17.5,18.0,17.5,17.65999984741211,17.65999984741211,23300
2023-04-21,17.459999084472656,17.479999542236328,17.25,17.415000915527344,17.415000915527344,4100
2023-04-24,17.459999084472656,17.459999084472656,17.3700008392334,17.3700008392334,17.3700008392334,8400
2023-04-25,16.309999465942383,16.735000610351562,16.309999465942383,16.5,16.5,1900
2023-04-26,16.899999618530273,17.059999465942383,16.774999618530273,17.059999465942383,17.059999465942383,4700
2023-04-27,17.024999618530273,17.075000762939453,17.0,17.0,17.0,6600
2023-04-28,17.014999389648438,17.014999389648438,17.014999389648438,17.014999389648438,17.014999389648438,600
2023-05-01,16.780000686645508,17.0,16.742000579833984,16.742000579833984,16.742000579833984,1800
2023-05-02,16.280000686645508,16.799999237060547,16.280000686645508,16.440000534057617,16.440000534057617,10500
2023-05-03,16.5,16.75,16.5,16.635000228881836,16.635000228881836,114300
2023-05-04,16.600000381469727,17.09000015258789,16.3700008392334,16.670000076293945,16.670000076293945,6900
2023-05-05,17.299999237060547,17.5,17.09000015258789,17.299999237060547,17.299999237060547,8900
2023-05-08,17.030000686645508,17.030000686645508,17.0,17.0,17.0,500
2023-05-09,16.280000686645508,16.59000015258789,16.280000686645508,16.329999923706055,16.329999923706055,5300
2023-05-10,16.5,16.579999923706055,16.5,16.5,16.5,1000
2023-05-11,16.459999084472656,16.770000457763672,16.290000915527344,16.649999618530273,16.649999618530273,119500
2023-05-12,16.510000228881836,16.795000076293945,16.510000228881836,16.795000076293945,16.795000076293945,600
2023-05-15,17.299999237060547,17.709999084472656,17.299999237060547,17.450000762939453,17.450000762939453,2600
2023-05-16,17.44499969482422,17.44499969482422,17.44499969482422,17.44499969482422,17.44499969482422,1800
2023-05-17,16.360000610351562,17.110000610351562,16.360000610351562,17.065000534057617,17.065000534057617,4000
2023-05-18,17.024999618530273,17.024999618530273,16.6299991607666,16.6299991607666,16.6299991607666,4600
2023-05-19,16.485000610351562,16.485000610351562,16.485000610351562,16.485000610351562,16.485000610351562,500
2023-05-22,16.77400016784668,17.229999542236328,16.77400016784668,17.229999542236328,17.229999542236328,2200
2023-05-23,16.6299991607666,16.790000915527344,16.6299991607666,16.65999984741211,16.65999984741211,21500
2023-05-24,16.65999984741211,16.65999984741211,16.36199951171875,16.36199951171875,16.36199951171875,5300
2023-05-25,16.549999237060547,16.649999618530273,16.139999389648438,16.225000381469727,16.225000381469727,19000
2023-05-26,15.640000343322754,16.200000762939453,15.640000343322754,15.8100004196167,15.8100004196167,1600
2023-05-30,14.9399995803833,14.9399995803833,14.420000076293945,14.510000228881836,14.510000228881836,3600
2023-05-31,13.770000457763672,14.25,13.760000228881836,13.895000457763672,13.895000457763672,19500
2023-06-01,14.600000381469727,14.880000114440918,14.5,14.880000114440918,14.880000114440918,23400
2023-06-02,15.699999809265137,15.720000267028809,15.609999656677246,15.609999656677246,15.609999656677246,24300
2023-06-05,15.609999656677246,15.609999656677246,15.329999923706055,15.329999923706055,15.329999923706055,8800
2023-06-06,15.979999542236328,15.979999542236328,15.406000137329102,15.654999732971191,15.654999732971191,23400
2023-06-07,15.279999732971191,15.699999809265137,15.279999732971191,15.460000038146973,15.460000038146973,4000
2023-06-08,15.687999725341797,15.687999725341797,15.687999725341797,15.687999725341797,15.687999725341797,300
2023-06-09,16.280000686645508,16.5,16.280000686645508,16.280000686645508,16.280000686645508,2600
2023-06-12,16.183000564575195,16.469999313354492,16.183000564575195,16.364999771118164,16.364999771118164,2800
2023-06-13,16.06999969482422,16.28499984741211,16.06999969482422,16.274999618530273,16.274999618530273,1400
2023-06-14,16.389999389648438,16.719999313354492,16.3799991607666,16.639999389648438,16.639999389648438,1600
2023-06-15,17.260000228881836,17.639999389648438,17.260000228881836,17.56999969482422,17.56999969482422,33900
2023-06-16,17.399999618530273,17.399999618530273,17.349000930786133,17.360000610351562,17.360000610351562,1600
2023-06-20,16.667999267578125,16.667999267578125,16.350000381469727,16.350000381469727,16.350000381469727,1100
2023-06-21,16.3700008392334,16.3700008392334,16.200000762939453,16.200000762939453,16.200000762939453,4000
2023-06-22,16.0,16.100000381469727,16.0,16.100000381469727,16.100000381469727,1200
2023-06-23,16.100000381469727,16.100000381469727,16.100000381469727,16.100000381469727,16.100000381469727,0
2023-06-26,15.75,15.75,15.5600004196167,15.5600004196167,15.5600004196167,7000
2023-06-27,15.770000457763672,16.200000762939453,15.770000457763672,16.100000381469727,16.100000381469727,1300
2023-06-28,15.918000221252441,16.135000228881836,15.918000221252441,16.135000228881836,16.135000228881836,400
2023-06-29,15.569999694824219,15.819999694824219,15.569999694824219,15.819999694824219,15.819999694824219,800
2023-06-30,15.847999572753906,15.847999572753906,15.744999885559082,15.744999885559082,15.744999885559082,700
2023-07-03,15.960000038146973,16.110000610351562,15.960000038146973,16.110000610351562,16.110000610351562,10900
2023-07-05,15.8149995803833,15.8149995803833,15.8149995803833,15.8149995803833,15.8149995803833,700
2023-07-06,14.850000381469727,15.300000190734863,14.850000381469727,15.274999618530273,15.274999618530273,19200
2023-07-07,15.0,15.760000228881836,15.0,15.210000038146973,15.210000038146973,2400
2023-07-10,15.710000038146973,15.710000038146973,15.1899995803833,15.1899995803833,15.1899995803833,1400
2023-07-11,15.329999923706055,15.59000015258789,15.329999923706055,15.569999694824219,15.569999694824219,14600
2023-07-12,16.149999618530273,17.0,16.1299991607666,16.899999618530273,16.899999618530273,13500
2023-07-13,17.1200008392334,17.344999313354492,17.1200008392334,17.344999313354492,17.344999313354492,5300
2023-07-14,16.610000610351562,17.06599998474121,16.610000610351562,16.610000610351562,16.610000610351562,17200
2023-07-17,17.149999618530273,17.149999618530273,16.09000015258789,16.415000915527344,16.415000915527344,8900
2023-07-18,16.25,16.25,16.209999084472656,16.209999084472656,16.209999084472656,500
2023-07-19,16.149999618530273,16.55299949645996,16.149999618530273,16.350000381469727,16.350000381469727,5200
2023-07-20,16.690000534057617,16.690000534057617,16.0,16.0,16.0,2800
2023-07-21,15.829999923706055,16.3799991607666,15.829999923706055,16.354999542236328,16.354999542236328,6200
2023-07-24,16.100000381469727,17.0,16.100000381469727,16.68899917602539,16.68899917602539,9600
2023-07-25,17.56999969482422,17.56999969482422,17.0,17.149999618530273,17.149999618530273,2800
2023-07-26,17.290000915527344,17.690000534057617,17.290000915527344,17.520000457763672,17.520000457763672,2200
2023-07-27,17.393999099731445,17.393999099731445,17.393999099731445,17.393999099731445,17.393999099731445,400
2023-07-28,18.25,18.75,18.0,18.0,18.0,3400
2023-07-31,18.290000915527344,18.6299991607666,18.290000915527344,18.6299991607666,18.6299991607666,700
2023-08-01,18.11199951171875,18.600000381469727,17.989999771118164,18.600000381469727,18.600000381469727,2000
2023-08-02,17.68000030517578,17.75,17.450000762939453,17.450000762939453,17.450000762939453,18000
2023-08-03,18.0,18.100000381469727,18.0,18.06999969482422,18.06999969482422,900
2023-08-04,18.600000381469727,18.600000381469727,18.200000762939453,18.200000762939453,18.200000762939453,3200
2023-08-07,18.475000381469727,18.475000381469727,18.191999435424805,18.191999435424805,18.191999435424805,1300
2023-08-08,18.25,18.25,17.450000762939453,18.0,18.0,8300
2023-08-09,18.0,18.0,17.860000610351562,17.93199920654297,17.93199920654297,13400
2023-08-10,18.350000381469727,18.350000381469727,17.549999237060547,17.549999237060547,17.549999237060547,2500
2023-08-11,17.920000076293945,17.920000076293945,17.040000915527344,17.040000915527344,17.040000915527344,1100
2023-08-14,17.15999984741211,17.15999984741211,16.88800048828125,17.049999237060547,17.049999237060547,3200
2023-08-15,16.770000457763672,16.9950008392334,16.739999771118164,16.9950008392334,16.9950008392334,1000
2023-08-16,16.639999389648438,16.649999618530273,16.639999389648438,16.649999618530273,16.649999618530273,59500
2023-08-17,16.649999618530273,16.841999053955078,16.649999618530273,16.841999053955078,16.841999053955078,2400
2023-08-18,15.970000267028809,16.402999877929688,15.970000267028809,16.25,16.25,1600
2023-08-21,16.360000610351562,16.3700008392334,15.944999694824219,15.944999694824219,15.944999694824219,2000
2023-08-22,16.149999618530273,16.44499969482422,16.100000381469727,16.44499969482422,16.44499969482422,19200
2023-08-23,16.010000228881836,16.80900001525879,16.010000228881836,16.700000762939453,16.700000762939453,18900
2023-08-24,17.649999618530273,17.895000457763672,17.5,17.799999237060547,17.799999237060547,49700
2023-08-25,16.530000686645508,16.8700008392334,16.530000686645508,16.8700008392334,16.8700008392334,11500
2023-08-28,17.110000610351562,17.110000610351562,17.110000610351562,17.110000610351562,17.110000610351562,10700
2023-08-29,17.375,17.780000686645508,17.030000686645508,17.700000762939453,17.700000762939453,332400
2023-08-30,16.874000549316406,17.030000686645508,16.834999084472656,17.0,17.0,11800
2023-08-31,15.979999542236328,16.382999420166016,15.979999542236328,16.0,16.0,11400
2023-09-01,17.010000228881836,17.1200008392334,16.809999465942383,16.809999465942383,16.809999465942383,700
2023-09-05,16.700000762939453,16.700000762939453,16.700000762939453,16.700000762939453,16.700000762939453,21500
2023-09-06,16.100000381469727,16.6200008392334,16.06800079345703,16.104999542236328,16.104999542236328,12600
2023-09-07,16.104999542236328,16.104999542236328,16.104999542236328,16.104999542236328,16.104999542236328,11200
2023-09-08,15.600000381469727,15.720000267028809,15.600000381469727,15.699999809265137,15.699999809265137,1100
2023-09-11,15.479999542236328,16.05500030517578,15.479999542236328,16.05500030517578,16.05500030517578,22300
2023-09-12,15.576000213623047,15.885000228881836,15.576000213623047,15.885000228881836,15.885000228881836,12800
2023-09-13,15.699999809265137,15.744999885559082,15.699999809265137,15.744999885559082,15.744999885559082,10700
2023-09-14,15.54699993133545,15.760000228881836,15.54699993133545,15.760000228881836,15.760000228881836,10800
2023-09-15,15.289999961853027,15.800000190734863,15.289999961853027,15.65999984741211,15.65999984741211,13900
2023-09-18,15.5,15.5,15.5,15.5,15.5,11900
2023-09-19,15.277999877929688,15.277999877929688,15.140000343322754,15.140000343322754,15.140000343322754,11500
2023-09-20,14.949999809265137,15.324999809265137,14.949999809265137,15.324999809265137,15.324999809265137,14700
2023-09-21,15.100000381469727,15.100000381469727,15.100000381469727,15.100000381469727,15.100000381469727,48600
2023-09-22,15.460000038146973,15.460000038146973,15.37600040435791,15.37600040435791,15.37600040435791,2100
2023-09-25,15.37600040435791,15.37600040435791,15.37600040435791,15.37600040435791,15.37600040435791,0
2023-09-26,14.661999702453613,14.661999702453613,14.661999702453613,14.661999702453613,14.661999702453613,7800
2023-09-27,14.399999618530273,14.399999618530273,14.399999618530273,14.399999618530273,14.399999618530273,700
2023-09-28,14.0,14.21500015258789,14.0,14.21500015258789,14.21500015258789,16400
2023-09-29,14.25,14.25,14.25,14.25,14.25,300
2023-10-02,14.5,14.604999542236328,14.25,14.604999542236328,14.604999542236328,1600
2023-10-03,13.928000450134277,13.928000450134277,13.928000450134277,13.928000450134277,13.928000450134277,5200
2023-10-04,13.928000450134277,13.928000450134277,13.928000450134277,13.928000450134277,13.928000450134277,0
2023-10-05,13.550000190734863,13.5600004196167,13.550000190734863,13.5600004196167,13.5600004196167,1400
2023-10-06,13.586000442504883,14.100000381469727,13.586000442504883,14.100000381469727,14.100000381469727,6000
2023-10-09,14.144000053405762,14.144000053405762,13.520000457763672,13.954999923706055,13.954999923706055,1200
2023-10-10,14.270000457763672,14.65999984741211,14.270000457763672,14.65999984741211,14.65999984741211,2400
2023-10-11,14.899999618530273,15.15999984741211,14.739999771118164,14.800000190734863,14.800000190734863,2200
2023-10-12,15.383999824523926,15.383999824523926,14.579999923706055,14.619999885559082,14.619999885559082,10300
2023-10-13,14.539999961853027,14.725000381469727,14.380000114440918,14.380000114440918,14.380000114440918,2400
2023-10-16,14.699999809265137,14.842000007629395,14.600000381469727,14.842000007629395,14.842000007629395,4400
2023-10-17,14.699999809265137,14.699999809265137,14.699999809265137,14.699999809265137,14.699999809265137,300
2023-10-18,14.399999618530273,14.399999618530273,14.199999809265137,14.199999809265137,14.199999809265137,1100
2023-10-19,14.609999656677246,14.609999656677246,14.211999893188477,14.211999893188477,14.211999893188477,800
2023-10-20,13.435999870300293,13.449999809265137,13.435999870300293,13.449999809265137,13.449999809265137,900
2023-10-23,13.260000228881836,13.78499984741211,13.260000228881836,13.600000381469727,13.600000381469727,1100
2023-10-24,14.149999618530273,14.5,14.149999618530273,14.4350004196167,14.4350004196167,10800
2023-10-25,14.399999618530273,14.399999618530273,14.133999824523926,14.133999824523926,14.133999824523926,32200
2023-10-26,14.100000381469727,14.380000114440918,14.100000381469727,14.380000114440918,14.380000114440918,2900
2023-10-27,14.350000381469727,14.350000381469727,14.199999809265137,14.199999809265137,14.199999809265137,4400
2023-10-30,14.789999961853027,14.789999961853027,14.380000114440918,14.380000114440918,14.380000114440918,1300
2023-10-31,14.145000457763672,14.267000198364258,14.145000457763672,14.149999618530273,14.149999618530273,4600
2023-11-01,13.645999908447266,13.807000160217285,13.57800006866455,13.807000160217285,13.807000160217285,82700
2023-11-02,14.029999732971191,14.050000190734863,13.890000343322754,13.890000343322754,13.890000343322754,102800
2023-11-03,13.789999961853027,13.850000381469727,13.789999961853027,13.850000381469727,13.850000381469727,500
2023-11-06,14.420000076293945,15.196000099182129,14.420000076293945,15.196000099182129,15.196000099182129,6300
2023-11-07,14.947999954223633,14.947999954223633,14.699999809265137,14.826000213623047,14.826000213623047,700
2023-11-08,14.300000190734863,14.6850004196167,14.300000190734863,14.501999855041504,14.501999855041504,1900
2023-11-09,14.720000267028809,14.720000267028809,14.437999725341797,14.437999725341797,14.437999725341797,600
2023-11-10,13.640000343322754,14.1850004196167,13.640000343322754,13.779999732971191,13.779999732971191,2300
2023-11-13,13.779999732971191,14.644000053405762,13.779999732971191,14.305000305175781,14.305000305175781,3000
2023-11-14,13.779999732971191,14.520000457763672,13.779999732971191,14.520000457763672,14.520000457763672,7100
2023-11-15,14.149999618530273,14.949999809265137,14.149999618530273,14.1899995803833,14.1899995803833,1700
2023-11-16,13.779999732971191,14.300000190734863,13.779999732971191,14.020000457763672,14.020000457763672,9500
2023-11-17,14.076000213623047,14.076000213623047,13.779999732971191,13.819999694824219,13.819999694824219,5300
2023-11-20,13.550000190734863,14.399999618530273,13.550000190734863,13.90999984741211,13.90999984741211,3600
2023-11-21,14.1850004196167,14.234000205993652,14.1850004196167,14.234000205993652,14.234000205993652,3200
2023-11-22,13.970000267028809,14.300000190734863,13.960000038146973,14.300000190734863,14.300000190734863,17500
2023-11-24,14.055000305175781,14.055000305175781,14.055000305175781,14.055000305175781,14.055000305175781,2700
2023-11-27,13.699999809265137,14.024999618530273,13.699999809265137,13.815999984741211,13.815999984741211,10800
2023-11-28,12.84000015258789,12.86299991607666,12.199999809265137,12.22599983215332,12.22599983215332,8000
2023-11-29,12.0600004196167,12.0600004196167,11.149999618530273,11.5600004196167,11.5600004196167,55300
2023-11-30,11.345999717712402,11.600000381469727,11.345999717712402,11.494999885559082,11.494999885559082,8300
2023-12-01,11.199999809265137,11.383999824523926,11.15999984741211,11.239999771118164,11.239999771118164,4300
2023-12-04,10.729999542236328,11.206000328063965,10.729999542236328,11.133999824523926,11.133999824523926,2000
2023-12-05,10.869999885559082,11.0,10.64799976348877,10.741999626159668,10.741999626159668,24200
2023-12-06,10.630000114440918,11.100000381469727,10.630000114440918,11.100000381469727,11.100000381469727,14800
2023-12-07,10.850000381469727,11.199999809265137,10.699999809265137,10.994999885559082,10.994999885559082,1700
2023-12-08,10.819999694824219,11.0,10.819999694824219,11.0,11.0,700
2023-12-11,10.5600004196167,10.767999649047852,10.5600004196167,10.739999771118164,10.739999771118164,13800
2023-12-12,10.600000381469727,10.807999610900879,10.600000381469727,10.663999557495117,10.663999557495117,41600
2023-12-13,10.289999961853027,10.600000381469727,10.270000457763672,10.270000457763672,10.270000457763672,153400
2023-12-14,10.649999618530273,10.649999618530273,10.574999809265137,10.574999809265137,10.574999809265137,1800
2023-12-15,10.569999694824219,11.130000114440918,10.569999694824219,10.854999542236328,10.854999542236328,6300
2023-12-18,10.34000015258789,10.65999984741211,10.34000015258789,10.460000038146973,10.460000038146973,14700
2023-12-19,10.34000015258789,10.380000114440918,10.069999694824219,10.350000381469727,10.350000381469727,24500
2023-12-20,10.069999694824219,10.145999908447266,9.821999549865723,9.9399995803833,9.9399995803833,11600
2023-12-21,9.973999977111816,10.630000114440918,9.899999618530273,10.529999732971191,10.529999732971191,53200
2023-12-22,9.899999618530273,10.005000114440918,9.697999954223633,9.930000305175781,9.930000305175781,201300
2023-12-26,10.10200023651123,10.10200023651123,9.630000114440918,9.819999694824219,9.819999694824219,16000
2023-12-27,9.529999732971191,10.050000190734863,9.529999732971191,10.050000190734863,10.050000190734863,21600
2023-12-28,10.220000267028809,10.5,10.220000267028809,10.5,10.5,13900
2023-12-29,10.069999694824219,10.550000190734863,10.069999694824219,10.335000038146973,10.335000038146973,4300
2024-01-02,10.329999923706055,10.329999923706055,9.949999809265137,10.206000328063965,10.206000328063965,7900
2024-01-03,9.741999626159668,10.039999961853027,9.741999626159668,9.984999656677246,9.984999656677246,11300
2024-01-04,9.850000381469727,9.850000381469727,9.84000015258789,9.84000015258789,9.84000015258789,14200
2024-01-05,9.5600004196167,9.5600004196167,9.5600004196167,9.5600004196167,9.5600004196167,1200
2024-01-08,9.8100004196167,9.8100004196167,9.579999923706055,9.579999923706055,9.579999923706055,4100
2024-01-09,8.670000076293945,9.220000267028809,8.670000076293945,8.895999908447266,8.895999908447266,7200
2024-01-10,9.151000022888184,9.399999618530273,9.151000022888184,9.194999694824219,9.194999694824219,5000
2024-01-11,9.371999740600586,9.680000305175781,9.371999740600586,9.680000305175781,9.680000305175781,34200
2024-01-12,9.850000381469727,9.881999969482422,9.652999877929688,9.789999961853027,9.789999961853027,39800
2024-01-16,9.180000305175781,9.434000015258789,9.180000305175781,9.335000038146973,9.335000038146973,1500
2024-01-17,8.75,8.92199993133545,8.609999656677246,8.899999618530273,8.899999618530273,3000
2024-01-18,8.902999877929688,8.994999885559082,8.902999877929688,8.994999885559082,8.994999885559082,900
2024-01-19,8.65999984741211,9.02400016784668,8.65999984741211,8.970000267028809,8.970000267028809,47100
2024-01-22,8.729999542236328,8.729999542236328,8.5,8.600000381469727,8.600000381469727,144200
2024-01-23,8.229999542236328,8.831999778747559,8.229999542236328,8.831999778747559,8.831999778747559,161100
2024-01-24,9.199999809265137,9.199999809265137,9.170000076293945,9.199999809265137,9.199999809265137,16700
2024-01-25,8.979999542236328,8.979999542236328,8.699999809265137,8.699999809265137,8.699999809265137,1700
2024-01-26,8.600000381469727,8.75,8.5,8.5,8.5,12100
2024-01-29,8.270000457763672,8.805999755859375,8.270000457763672,8.579999923706055,8.579999923706055,3700
2024-01-30,8.579999923706055,8.579999923706055,8.315999984741211,8.444999694824219,8.444999694824219,6000
2024-01-31,8.270000457763672,8.270000457763672,7.75,8.130000114440918,8.130000114440918,1800
2024-02-01,8.0,8.0,8.0,8.0,8.0,1000
2024-02-02,8.0,8.0,7.974999904632568,7.974999904632568,7.974999904632568,2700
2024-02-05,8.359999656677246,8.416000366210938,8.100000381469727,8.416000366210938,8.416000366210938,11600
2024-02-06,8.63599967956543,9.039999961853027,8.630000114440918,9.039999961853027,9.039999961853027,235900
2024-02-07,8.800000190734863,8.970000267028809,8.800000190734863,8.970000267028809,8.970000267028809,50200
2024-02-08,8.630000114440918,8.729999542236328,8.550000190734863,8.550000190734863,8.550000190734863,7300
2024-02-09,8.550000190734863,8.664999961853027,8.550000190734863,8.664999961853027,8.664999961853027,3100
2024-02-12,8.612000465393066,9.105999946594238,8.612000465393066,8.835000038146973,8.835000038146973,2000
2024-02-13,8.979999542236328,8.979999542236328,8.979999542236328,8.979999542236328,8.979999542236328,300
2024-02-14,9.100000381469727,9.180000305175781,9.100000381469727,9.100000381469727,9.100000381469727,97000
2024-02-15,9.210000038146973,9.279999732971191,9.0,9.277000427246094,9.277000427246094,19800
2024-02-16,9.300000190734863,9.649999618530273,9.300000190734863,9.64799976348877,9.64799976348877,10300
2024-02-20,9.5,9.5,9.329999923706055,9.369999885559082,9.369999885559082,1100
2024-02-21,9.6899995803833,9.850000381469727,9.649999618530273,9.824999809265137,9.824999809265137,165000
2024-02-22,10.0,10.168000221252441,9.904000282287598,10.168000221252441,10.168000221252441,157300
2024-02-23,10.394000053405762,10.394000053405762,10.109999656677246,10.109999656677246,10.109999656677246,70500
2024-02-26,10.109999656677246,10.661999702453613,10.109999656677246,10.489999771118164,10.489999771118164,18500
2024-02-27,10.489999771118164,10.489999771118164,10.369999885559082,10.369999885559082,10.369999885559082,40800
2024-02-28,9.59000015258789,10.34000015258789,9.59000015258789,9.982000350952148,9.982000350952148,17500
2024-02-29,9.869999885559082,10.0,9.869999885559082,10.0,10.0,3300
2024-03-01,11.0,11.5,10.920000076293945,11.420000076293945,11.420000076293945,47300
2024-03-04,11.1899995803833,11.550000190734863,11.1899995803833,11.539999961853027,11.539999961853027,3500
2024-03-05,11.055000305175781,11.303999900817871,11.0,11.229999542236328,11.229999542236328,4600
2024-03-06,11.270000457763672,11.5,11.270000457763672,11.390000343322754,11.390000343322754,2600
2024-03-07,11.0,11.253999710083008,10.899999618530273,11.253999710083008,11.253999710083008,5100
2024-03-08,10.569999694824219,10.84000015258789,10.569999694824219,10.84000015258789,10.84000015258789,900
2024-03-11,11.414999961853027,11.699999809265137,11.079999923706055,11.251999855041504,11.251999855041504,4400
2024-03-12,11.5600004196167,11.800000190734863,11.5600004196167,11.800000190734863,11.800000190734863,900
2024-03-13,11.82699966430664,12.119999885559082,11.82699966430664,12.0,12.0,1500
2024-03-14,11.605999946594238,12.119999885559082,11.605999946594238,12.119999885559082,12.119999885559082,3000
2024-03-15,11.449999809265137,11.449999809265137,11.449999809265137,11.449999809265137,11.449999809265137,300
2024-03-18,11.4399995803833,11.4399995803833,11.425000190734863,11.425000190734863,11.425000190734863,300
2024-03-19,11.425000190734863,11.425000190734863,11.425000190734863,11.425000190734863,11.425000190734863,300
2024-03-20,10.970000267028809,11.5,10.970000267028809,11.5,11.5,1200
2024-03-21,11.699999809265137,11.734999656677246,11.416000366210938,11.470000267028809,11.470000267028809,2900
2024-03-22,11.210000038146973,12.020000457763672,11.020000457763672,12.020000457763672,12.020000457763672,30200
2024-03-25,11.770000457763672,12.140000343322754,11.770000457763672,11.979999542236328,11.979999542236328,2800
2024-03-26,12.300000190734863,12.300000190734863,11.539999961853027,11.899999618530273,11.899999618530273,3400
2024-03-27,11.050000190734863,11.843999862670898,11.050000190734863,11.843999862670898,11.843999862670898,215500
2024-03-28,12.319999694824219,12.338000297546387,12.086000442504883,12.199999809265137,12.199999809265137,51600
2024-04-01,12.5,12.739999771118164,12.100000381469727,12.619999885559082,12.619999885559082,8200
2024-04-02,12.199999809265137,13.140000343322754,12.199999809265137,12.739999771118164,12.739999771118164,13700
2024-04-03,12.350000381469727,12.612000465393066,12.350000381469727,12.612000465393066,12.612000465393066,1700
2024-04-04,12.564000129699707,12.654999732971191,12.564000129699707,12.654999732971191,12.654999732971191,300
2024-04-05,12.793999671936035,12.84000015258789,12.680000305175781,12.84000015258789,12.84000015258789,700
2024-04-08,12.510000228881836,12.789999961853027,12.510000228881836,12.625,12.625,600
2024-04-09,12.842000007629395,12.842000007629395,12.73799991607666,12.73799991607666,12.73799991607666,600
2024-04-10,12.970000267028809,13.0,12.904000282287598,13.0,13.0,6100
2024-04-11,13.149999618530273,13.199999809265137,13.149999618530273,13.1850004196167,13.1850004196167,900
2024-04-12,12.894000053405762,12.894000053405762,12.894000053405762,12.894000053405762,12.894000053405762,400
2024-04-15,12.65999984741211,12.845000267028809,12.65999984741211,12.845000267028809,12.845000267028809,1600
2024-04-16,13.010000228881836,13.010000228881836,12.449999809265137,12.649999618530273,12.649999618530273,2200
2024-04-17,12.210000038146973,12.210000038146973,12.210000038146973,12.210000038146973,12.210000038146973,300
2024-04-18,12.210000038146973,12.210000038146973,12.210000038146973,12.210000038146973,12.210000038146973,0
2024-04-19,12.210000038146973,12.300000190734863,12.210000038146973,12.210000038146973,12.210000038146973,1700
2024-04-22,12.539999961853027,13.0,12.539999961853027,12.649999618530273,12.649999618530273,3700
2024-04-23,13.5,14.029999732971191,13.5,14.029999732971191,14.029999732971191,14600
2024-04-24,14.029999732971191,14.029999732971191,14.029999732971191,14.029999732971191,14.029999732971191,0
2024-04-25,14.0,14.270000457763672,14.0,14.270000457763672,14.270000457763672,1400
2024-04-26,14.5,14.71500015258789,14.069999694824219,14.430000305175781,14.430000305175781,214200
2024-04-29,13.5600004196167,14.289999961853027,13.5600004196167,14.199999809265137,14.199999809265137,4500
2024-04-30,14.0,14.0,13.34000015258789,13.902000427246094,13.902000427246094,1900
2024-05-01,14.010000228881836,14.010000228881836,13.75,13.899999618530273,13.899999618530273,4700
2024-05-02,15.199999809265137,15.920000076293945,15.133999824523926,15.920000076293945,15.920000076293945,18700
2024-05-03,15.406000137329102,15.479999542236328,15.406000137329102,15.479999542236328,15.479999542236328,1600
2024-05-06,15.168000221252441,15.168000221252441,15.168000221252441,15.168000221252441,15.168000221252441,200
2024-05-07,14.576000213623047,14.770000457763672,14.4399995803833,14.770000457763672,14.770000457763672,1400
2024-05-08,14.529999732971191,14.529999732971191,14.368000030517578,14.368000030517578,14.368000030517578,138300
2024-05-09,15.100000381469727,15.229999542236328,15.03499984741211,15.229999542236328,15.229999542236328,95500
2024-05-10,15.618000030517578,15.618000030517578,15.1899995803833,15.1899995803833,15.1899995803833,1400
2024-05-13,15.180000305175781,15.748000144958496,15.180000305175781,15.748000144958496,15.748000144958496,2200
2024-05-14,15.699999809265137,15.75,15.25,15.25,15.25,108600
2024-05-15,15.119999885559082,15.630000114440918,15.119999885559082,15.630000114440918,15.630000114440918,800
2024-05-16,15.649999618530273,16.360000610351562,15.649999618530273,16.360000610351562,16.360000610351562,1300
2024-05-17,16.360000610351562,16.360000610351562,16.09000015258789,16.09000015258789,16.09000015258789,121400
2024-05-20,16.100000381469727,16.100000381469727,15.875,15.875,15.875,700
2024-05-21,15.569999694824219,15.569999694824219,15.210000038146973,15.569999694824219,15.569999694824219,2100
2024-05-22,15.029999732971191,15.42199993133545,15.029999732971191,15.404999732971191,15.404999732971191,3000
2024-05-23,14.850000381469727,14.850000381469727,14.850000381469727,14.850000381469727,14.850000381469727,1400
2024-05-24,15.819999694824219,15.819999694824219,15.819999694824219,15.819999694824219,15.819999694824219,22100
2024-05-28,14.880000114440918,14.880000114440918,14.880000114440918,14.880000114440918,14.880000114440918,500
2024-05-29,14.008999824523926,14.21500015258789,14.008999824523926,14.21500015258789,14.21500015258789,400
2024-05-30,14.0,14.3100004196167,14.0,14.3100004196167,14.3100004196167,3800
2024-05-31,14.0600004196167,14.0600004196167,13.069999694824219,13.069999694824219,13.069999694824219,1700
2024-06-03,13.479999542236328,14.192000389099121,13.479999542236328,13.925000190734863,13.925000190734863,69900
2024-06-04,14.119999885559082,14.527000427246094,14.119999885559082,14.479999542236328,14.479999542236328,303600
2024-06-05,13.989999771118164,14.3100004196167,13.989999771118164,14.3100004196167,14.3100004196167,1400
2024-06-06,14.850000381469727,15.0,14.763999938964844,15.0,15.0,41700
2024-06-07,13.611000061035156,13.611000061035156,13.611000061035156,13.611000061035156,13.611000061035156,1100
2024-06-10,13.800000190734863,14.062000274658203,13.800000190734863,14.062000274658203,14.062000274658203,4900
2024-06-11,14.710000038146973,14.899999618530273,14.550000190734863,14.696000099182129,14.696000099182129,95900
2024-06-12,14.550000190734863,15.0,14.520000457763672,14.520000457763672,14.520000457763672,91700
2024-06-13,14.600000381469727,14.668000221252441,14.600000381469727,14.668000221252441,14.668000221252441,2900
2024-06-14,14.279999732971191,14.524999618530273,14.279999732971191,14.524999618530273,14.524999618530273,7800
2024-06-17,14.524999618530273,14.524999618530273,14.524999618530273,14.524999618530273,14.524999618530273,0
2024-06-18,14.692000389099121,14.739999771118164,14.692000389099121,14.739999771118164,14.739999771118164,2100
2024-06-20,15.446000099182129,15.446000099182129,15.375,15.375,15.375,500
2024-06-21,15.0,15.0,14.5600004196167,14.604000091552734,14.604000091552734,2600
2024-06-24,14.460000038146973,14.460000038146973,14.460000038146973,14.460000038146973,14.460000038146973,500
2024-06-25,14.619999885559082,14.670000076293945,14.619999885559082,14.619999885559082,14.619999885559082,9000
2024-06-26,14.050000190734863,14.970000267028809,14.050000190734863,14.854999542236328,14.854999542236328,17200
2024-06-27,14.312999725341797,14.654999732971191,14.300000190734863,14.654999732971191,14.654999732971191,12800
2024-06-28,14.100000381469727,14.149999618530273,14.100000381469727,14.149999618530273,14.149999618530273,800
2024-07-01,14.149999618530273,14.149999618530273,14.149999618530273,14.149999618530273,14.149999618530273,0
2024-07-02,14.5,14.5,14.149999618530273,14.149999618530273,14.149999618530273,10300
2024-07-03,14.699999809265137,14.699999809265137,14.699999809265137,14.699999809265137,14.699999809265137,800
2024-07-05,15.27400016784668,15.27400016784668,15.27400016784668,15.27400016784668,15.27400016784668,3000
2024-07-08,15.0,15.010000228881836,14.819999694824219,14.819999694824219,14.819999694824219,9000
2024-07-09,14.694999694824219,14.694999694824219,14.694999694824219,14.694999694824219,14.694999694824219,1300
2024-07-10,14.765000343322754,14.765000343322754,14.765000343322754,14.765000343322754,14.765000343322754,500
2024-07-11,15.050000190734863,15.050000190734863,14.300000190734863,14.300000190734863,14.300000190734863,53700
2024-07-12,14.920000076293945,15.585000038146973,14.920000076293945,15.585000038146973,15.585000038146973,900
2024-07-15,16.0,16.0,15.050000190734863,15.420000076293945,15.420000076293945,33400
2024-07-16,14.640000343322754,15.069999694824219,14.640000343322754,15.069999694824219,15.069999694824219,9600
2024-07-17,15.069999694824219,15.369999885559082,15.069999694824219,15.369999885559082,15.369999885559082,500
2024-07-18,15.024999618530273,15.024999618530273,15.024999618530273,15.024999618530273,15.024999618530273,2800
2024-07-19,15.0,15.0,15.0,15.0,15.0,200
2024-07-22,14.838000297546387,15.553000450134277,14.838000297546387,15.553000450134277,15.553000450134277,32500
2024-07-23,15.125,15.125,15.119999885559082,15.125,15.125,400
2024-07-24,15.119999885559082,15.119999885559082,15.119999885559082,15.119999885559082,15.119999885559082,300
2024-07-25,13.5,13.5,13.5,13.5,13.5,700
2024-07-26,13.713000297546387,13.713000297546387,13.149999618530273,13.649999618530273,13.649999618530273,7100
2024-07-29,13.449999809265137,13.449999809265137,12.949999809265137,13.0,13.0,1300
2024-07-30,13.0,13.0,13.0,13.0,13.0,0
2024-07-31,13.050000190734863,14.0,13.050000190734863,13.90999984741211,13.90999984741211,3600
2024-08-01,13.550000190734863,13.630999565124512,13.40999984741211,13.550000190734863,13.550000190734863,2600
2024-08-02,12.149999618530273,12.149999618530273,12.149999618530273,12.149999618530273,12.149999618530273,400
2024-08-05,13.262999534606934,13.262999534606934,13.262999534606934,13.262999534606934,13.262999534606934,200
2024-08-06,13.262999534606934,13.262999534606934,13.262999534606934,13.262999534606934,13.262999534606934,0
2024-08-07,13.0,13.376999855041504,13.0,13.376999855041504,13.376999855041504,300
2024-08-08,13.550000190734863,13.550000190734863,12.800000190734863,12.800000190734863,12.800000190734863,9000
2024-08-09,13.470000267028809,13.470000267028809,13.470000267028809,13.470000267028809,13.470000267028809,800
2024-08-12,13.470000267028809,13.470000267028809,13.470000267028809,13.470000267028809,13.470000267028809,0
2024-08-13,14.149999618530273,14.149999618530273,14.149999618530273,14.149999618530273,14.149999618530273,300
2024-08-14,12.75,12.75,12.75,12.75,12.75,15500
2024-08-15,13.043999671936035,13.220000267028809,12.649999618530273,13.220000267028809,13.220000267028809,18900
2024-08-16,13.220000267028809,13.220000267028809,13.220000267028809,13.220000267028809,13.220000267028809,0
2024-08-19,12.75,12.75,12.75,12.75,12.75,10000
2024-08-20,12.699999809265137,12.699999809265137,12.699999809265137,12.699999809265137,12.699999809265137,200
2024-08-21,12.699999809265137,12.699999809265137,12.699999809265137,12.699999809265137,12.699999809265137,100
2024-08-22,12.649999618530273,12.649999618530273,12.649999618530273,12.649999618530273,12.649999618530273,100
2024-08-23,12.649999618530273,12.649999618530273,12.649999618530273,12.649999618530273,12.649999618530273,0
2024-08-26,13.776000022888184,13.776000022888184,13.776000022888184,13.776000022888184,13.776000022888184,11800
2024-08-27,13.776000022888184,13.776000022888184,13.776000022888184,13.776000022888184,13.776000022888184,43400
2024-08-28,14.270000457763672,14.75,12.75,12.75,12.75,12600
2024-08-29,14.899999618530273,15.0,14.600000381469727,14.739999771118164,14.739999771118164,67200
2024-08-30,14.949999809265137,15.0,14.949999809265137,15.0,15.0,600
2024-09-03,15.0,15.899999618530273,15.0,15.21399974822998,15.21399974822998,11900
2024-09-04,15.9399995803833,15.9399995803833,15.9399995803833,15.9399995803833,15.9399995803833,1100
2024-09-05,15.9399995803833,15.9399995803833,15.9399995803833,15.9399995803833,15.9399995803833,0
2024-09-06,15.260000228881836,15.32800006866455,15.260000228881836,15.32800006866455,15.32800006866455,800
2024-09-09,15.329999923706055,15.329999923706055,14.942999839782715,15.300000190734863,15.300000190734863,800
2024-09-10,14.993000030517578,14.993000030517578,14.993000030517578,14.993000030517578,14.993000030517578,200
2024-09-11,14.993000030517578,14.993000030517578,14.993000030517578,14.993000030517578,14.993000030517578,0
2024-09-12,15.300000190734863,15.300000190734863,15.20300006866455,15.20300006866455,15.20300006866455,1600
2024-09-13,14.649999618530273,14.649999618530273,14.649999618530273,14.649999618530273,14.649999618530273,300
2024-09-16,16.0,16.075000762939453,16.0,16.075000762939453,16.075000762939453,900
2024-09-17,16.360000610351562,16.360000610351562,15.350000381469727,15.350000381469727,15.350000381469727,4200
2024-09-18,16.049999237060547,16.261999130249023,16.049999237060547,16.261999130249023,16.261999130249023,3900
2024-09-19,16.5,17.200000762939453,16.5,16.950000762939453,16.950000762939453,7500
2024-09-20,16.989999771118164,16.989999771118164,16.989999771118164,16.989999771118164,16.989999771118164,5400
2024-09-23,17.799999237060547,17.799999237060547,17.3799991607666,17.3799991607666,17.3799991607666,2800
2024-09-24,18.0,19.1200008392334,17.170000076293945,17.209999084472656,17.209999084472656,83800
2024-09-25,17.100000381469727,18.899999618530273,17.100000381469727,18.0,18.0,1000
2024-09-26,20.0,20.524999618530273,19.055999755859375,19.78499984741211,19.78499984741211,3900
2024-09-27,22.350000381469727,22.350000381469727,21.0,21.415000915527344,21.415000915527344,3300
2024-09-30,22.0,23.299999237060547,21.100000381469727,21.825000762939453,21.825000762939453,13900
2024-10-01,20.75,22.329999923706055,20.75,22.329999923706055,22.329999923706055,105300
2024-10-02,25.200000762939453,25.31999969482422,24.79199981689453,25.2549991607666,25.2549991607666,63100
2024-10-03,25.56999969482422,26.22599983215332,25.56999969482422,26.200000762939453,26.200000762939453,63200
2024-10-04,26.8799991607666,27.350000381469727,26.875,27.100000381469727,27.100000381469727,26200
2024-10-07,26.260000228881836,28.079999923706055,26.260000228881836,28.079999923706055,28.079999923706055,42000
2024-10-08,25.0,25.0,21.948999404907227,23.038999557495117,23.038999557495117,63300
2024-10-09,23.700000762939453,24.399999618530273,23.190000534057617,24.149999618530273,24.149999618530273,6600
2024-10-10,25.0,25.292999267578125,24.825000762939453,25.200000762939453,25.200000762939453,2800
2024-10-11,24.100000381469727,25.0,23.399999618530273,24.350000381469727,24.350000381469727,3300
2024-10-14,23.739999771118164,24.0,22.735000610351562,22.735000610351562,22.735000610351562,77400
2024-10-15,20.850000381469727,23.0,20.850000381469727,21.503000259399414,21.503000259399414,25000
2024-10-16,21.100000381469727,21.100000381469727,21.100000381469727,21.100000381469727,21.100000381469727,2400
2024-10-17,22.04599952697754,22.04599952697754,21.209999084472656,21.5,21.5,18100
2024-10-18,23.440000534057617,25.20800018310547,23.440000534057617,25.20800018310547,25.20800018310547,1700
2024-10-21,24.812000274658203,24.812000274658203,21.899999618530273,22.05500030517578,22.05500030517578,69700
2024-10-22,24.500999450683594,24.500999450683594,24.01099967956543,24.01099967956543,24.01099967956543,7100
2024-10-23,24.0,26.114999771118164,24.0,24.5049991607666,24.5049991607666,82200
2024-10-24,23.13800048828125,25.010000228881836,23.13800048828125,24.049999237060547,24.049999237060547,1100
2024-10-25,24.049999237060547,24.049999237060547,24.049999237060547,24.049999237060547,24.049999237060547,0
2024-10-28,24.049999237060547,24.049999237060547,24.049999237060547,24.049999237060547,24.049999237060547,0
2024-10-29,25.049999237060547,25.049999237060547,24.200000762939453,24.594999313354492,24.594999313354492,56400
2024-10-30,24.459999084472656,24.72100067138672,23.0,23.0,23.0,10700
2024-10-31,21.799999237060547,22.780000686645508,21.799999237060547,22.780000686645508,22.780000686645508,400
2024-11-01,23.950000762939453,23.950000762939453,23.950000762939453,23.950000762939453,23.950000762939453,67400
2024-11-04,22.899999618530273,24.118000030517578,22.899999618530273,23.825000762939453,23.825000762939453,62300
2024-11-05,23.75,25.0,23.75,24.375,24.375,27200
2024-11-06,24.0,24.090999603271484,23.850000381469727,23.850000381469727,23.850000381469727,22500
2024-11-07,25.0,25.799999237060547,25.0,25.049999237060547,25.049999237060547,24000
2024-11-08,25.600000381469727,25.600000381469727,23.200000762939453,23.739999771118164,23.739999771118164,79300
2024-11-11,23.75,23.75,23.047000885009766,23.047000885009766,23.047000885009766,9300
2024-11-12,22.0,22.65999984741211,22.0,22.0,22.0,49000
2024-11-13,22.010000228881836,22.43000030517578,22.010000228881836,22.43000030517578,22.43000030517578,2800
2024-11-14,20.940000534057617,21.729999542236328,20.940000534057617,21.729999542236328,21.729999542236328,71600
2024-11-15,21.56999969482422,21.75,21.56999969482422,21.75,21.75,3200
2024-11-18,20.850000381469727,22.72599983215332,20.850000381469727,21.363000869750977,21.363000869750977,400
2024-11-19,20.700000762939453,21.86199951171875,20.700000762939453,21.86199951171875,21.86199951171875,400
2024-11-20,22.0,22.2549991607666,22.0,22.2549991607666,22.2549991607666,1200
2024-11-21,21.649999618530273,21.649999618530273,21.469999313354492,21.469999313354492,21.469999313354492,400
2024-11-22,20.66200065612793,20.95599937438965,20.0939998626709,20.0939998626709,20.0939998626709,17500
2024-11-25,20.889999389648438,20.889999389648438,20.889999389648438,20.889999389648438,20.889999389648438,200
2024-11-26,20.21500015258789,21.020000457763672,20.21500015258789,20.59000015258789,20.59000015258789,2700
2024-11-27,23.489999771118164,23.489999771118164,23.489999771118164,23.489999771118164,23.489999771118164,9400
2024-11-29,20.43000030517578,20.75,20.25,20.5,20.5,6100
2024-12-02,20.149999618530273,21.0,20.149999618530273,21.0,21.0,8300
2024-12-03,21.38800048828125,21.38800048828125,20.100000381469727,20.559999465942383,20.559999465942383,2700
2024-12-04,22.75,22.75,20.950000762939453,20.950000762939453,20.950000762939453,1000
2024-12-05,21.0,21.0,20.0,20.0,20.0,1000
2024-12-06,19.350000381469727,21.100000381469727,19.350000381469727,20.75,20.75,3200
2024-12-09,21.1200008392334,23.4689998626709,21.1200008392334,23.149999618530273,23.149999618530273,8800
2024-12-10,21.940000534057617,22.200000762939453,21.940000534057617,22.200000762939453,22.200000762939453,800
2024-12-11,22.200000762939453,22.200000762939453,22.200000762939453,22.200000762939453,22.200000762939453,0
2024-12-12,20.350000381469727,21.253999710083008,20.350000381469727,21.253999710083008,21.253999710083008,1500
2024-12-13,19.600000381469727,22.25,19.600000381469727,22.25,22.25,1800
2024-12-16,20.825000762939453,20.825000762939453,20.34000015258789,20.34000015258789,20.34000015258789,1300
2024-12-17,20.600000381469727,20.600000381469727,19.75,19.75,19.75,400
2024-12-18,19.360000610351562,22.100000381469727,19.360000610351562,20.5,20.5,2900
2024-12-19,19.459999084472656,19.635000228881836,19.459999084472656,19.635000228881836,19.635000228881836,1600
2024-12-20,20.399999618530273,20.399999618530273,20.399999618530273,20.399999618530273,20.399999618530273,200
2024-12-23,20.024999618530273,20.024999618530273,18.709999084472656,18.709999084472656,18.709999084472656,13900
2024-12-24,19.299999237060547,19.299999237060547,19.299999237060547,19.299999237060547,19.299999237060547,200
2024-12-26,19.429000854492188,19.429000854492188,19.429000854492188,19.429000854492188,19.429000854492188,300
2024-12-27,19.429000854492188,19.429000854492188,19.429000854492188,19.429000854492188,19.429000854492188,0
2024-12-30,19.586999893188477,19.586999893188477,19.586999893188477,19.586999893188477,19.586999893188477,300
2024-12-31,19.540000915527344,19.825000762939453,19.524999618530273,19.524999618530273,19.524999618530273,7200
2025-01-02,19.524999618530273,19.524999618530273,19.524999618530273,19.524999618530273,19.524999618530273,0
2025-01-03,19.979999542236328,19.979999542236328,19.760000228881836,19.760000228881836,19.760000228881836,19700
2025-01-06,20.420000076293945,20.420000076293945,19.579999923706055,19.579999923706055,19.579999923706055,2300
2025-01-07,17.850000381469727,18.475000381469727,17.850000381469727,18.475000381469727,18.475000381469727,500
2025-01-08,18.25,18.25,18.25,18.25,18.25,16300
2025-01-10,18.25,18.825000762939453,18.25,18.25,18.25,1500
2025-01-13,17.549999237060547,17.549999237060547,17.5,17.5,17.5,400
2025-01-14,18.475000381469727,18.549999237060547,18.475000381469727,18.549999237060547,18.549999237060547,700
2025-01-15,17.924999237060547,19.799999237060547,17.924999237060547,19.799999237060547,19.799999237060547,700
2025-01-16,18.950000762939453,18.950000762939453,17.899999618530273,17.899999618530273,17.899999618530273,3200
2025-01-17,18.042999267578125,19.40399932861328,18.042999267578125,19.40399932861328,19.40399932861328,300
2025-01-21,19.049999237060547,19.100000381469727,19.049999237060547,19.100000381469727,19.100000381469727,700
2025-01-22,19.049999237060547,20.0049991607666,19.049999237060547,20.0049991607666,20.0049991607666,4200
2025-01-23,19.360000610351562,19.5,19.360000610351562,19.5,19.5,83200
2025-01-24,19.450000762939453,19.670000076293945,19.450000762939453,19.670000076293945,19.670000076293945,500
2025-01-27,19.575000762939453,19.575000762939453,19.575000762939453,19.575000762939453,19.575000762939453,1600
2025-01-28,18.76799964904785,19.0,18.76799964904785,19.0,19.0,500
2025-01-29,18.5,19.71500015258789,18.5,19.71500015258789,19.71500015258789,1300
2025-01-30,17.649999618530273,19.979999542236328,17.649999618530273,19.979999542236328,19.979999542236328,1400
2025-01-31,20.0,20.0,19.100000381469727,19.100000381469727,19.100000381469727,800
2025-02-03,16.850000381469727,18.263999938964844,16.850000381469727,18.263999938964844,18.263999938964844,6800
2025-02-04,19.0,19.700000762939453,18.260000228881836,19.700000762939453,19.700000762939453,18100
2025-02-05,19.700000762939453,19.700000762939453,19.700000762939453,19.700000762939453,19.700000762939453,300
2025-02-06,19.149999618530273,19.149999618530273,19.149999618530273,19.149999618530273,19.149999618530273,15100
2025-02-07,18.299999237060547,19.209999084472656,17.920000076293945,19.209999084472656,19.209999084472656,17000
2025-02-10,20.5,20.950000762939453,20.5,20.950000762939453,20.950000762939453,300
2025-02-11,21.649999618530273,21.649999618530273,20.049999237060547,20.850000381469727,20.850000381469727,17700
2025-02-12,20.200000762939453,20.489999771118164,19.774999618530273,20.209999084472656,20.209999084472656,12000
2025-02-13,20.399999618530273,20.5310001373291,20.399999618530273,20.5310001373291,20.5310001373291,45300
2025-02-14,21.290000915527344,21.670000076293945,21.290000915527344,21.56999969482422,21.56999969482422,66000
2025-02-18,21.799999237060547,22.100000381469727,21.350000381469727,22.100000381469727,22.100000381469727,3200
2025-02-19,21.360000610351562,21.360000610351562,20.329999923706055,21.0,21.0,49700
2025-02-20,21.639999389648438,21.639999389648438,20.954999923706055,21.0,21.0,34300
2025-02-21,22.299999237060547,22.299999237060547,21.0,21.079999923706055,21.079999923706055,5200
2025-02-24,22.75,22.75,20.049999237060547,20.510000228881836,20.510000228881836,8100
2025-02-25,19.559999465942383,20.799999237060547,19.559999465942383,20.18000030517578,20.18000030517578,47700
2025-02-26,21.739999771118164,23.059999465942383,21.739999771118164,22.131999969482422,22.131999969482422,188900
2025-02-27,22.03499984741211,22.03499984741211,21.219999313354492,21.219999313354492,21.219999313354492,1500
2025-02-28,21.0,21.0,19.847999572753906,20.799999237060547,20.799999237060547,11200
2025-03-03,20.809999465942383,21.3799991607666,20.389999389648438,20.75,20.75,2000
2025-03-04,20.3700008392334,20.3700008392334,19.8799991607666,20.010000228881836,20.010000228881836,44700
2025-03-05,20.700000762939453,22.700000762939453,20.700000762939453,22.700000762939453,22.700000762939453,2100
2025-03-06,23.75,23.75,22.87299919128418,22.87299919128418,22.87299919128418,2600
2025-03-07,22.8700008392334,23.670000076293945,22.8700008392334,23.18000030517578,23.18000030517578,45900
2025-03-10,20.134000778198242,22.25,19.989999771118164,21.549999237060547,21.549999237060547,3000
2025-03-11,21.184999465942383,22.332000732421875,21.184999465942383,22.332000732421875,22.332000732421875,1000
2025-03-12,20.5,22.003000259399414,20.0,22.003000259399414,22.003000259399414,900
2025-03-13,21.236000061035156,21.236000061035156,20.489999771118164,20.530000686645508,20.530000686645508,3400
2025-03-14,22.5,22.5,22.5,22.5,22.5,169700
2025-03-17,22.670000076293945,23.479999542236328,22.510000228881836,23.479999542236328,23.479999542236328,44800
2025-03-18,23.75,23.889999389648438,23.399999618530273,23.889999389648438,23.889999389648438,3400
2025-03-19,22.309999465942383,22.309999465942383,21.25,22.0,22.0,3000
2025-03-20,22.0,22.0,22.0,22.0,22.0,0
2025-03-21,20.299999237060547,21.100000381469727,20.200000762939453,20.200000762939453,20.200000762939453,1400
2025-03-24,20.229999542236328,21.600000381469727,20.229999542236328,20.825000762939453,20.825000762939453,90600
2025-03-25,20.950000762939453,21.899999618530273,20.950000762939453,20.950000762939453,20.950000762939453,11000
2025-03-26,20.48900032043457,21.850000381469727,20.48900032043457,21.850000381469727,21.850000381469727,600
2025-03-27,20.950000762939453,22.04599952697754,20.40999984741211,20.792999267578125,20.792999267578125,3200
2025-03-28,20.75,21.649999618530273,20.253000259399414,20.540000915527344,20.540000915527344,2700
2025-03-31,20.0,20.165000915527344,19.899999618530273,20.165000915527344,20.165000915527344,2900
2025-04-01,20.700000762939453,20.700000762939453,20.700000762939453,20.700000762939453,20.700000762939453,400
2025-04-02,20.950000762939453,20.950000762939453,19.600000381469727,19.950000762939453,19.950000762939453,9900
2025-04-03,19.639999389648438,20.0,18.959999084472656,19.0,19.0,19300
2025-04-04,18.200000762939453,19.485000610351562,18.200000762939453,19.485000610351562,19.485000610351562,1300
2025-04-07,17.600000381469727,18.649999618530273,16.8799991607666,16.8799991607666,16.8799991607666,2600
2025-04-08,17.975000381469727,18.5,16.729999542236328,17.29599952697754,17.29599952697754,4000
2025-04-09,18.163000106811523,19.299999237060547,18.05699920654297,19.299999237060547,19.299999237060547,6300
2025-04-10,17.299999237060547,18.600000381469727,17.299999237060547,18.059999465942383,18.059999465942383,2300
2025-04-11,17.100000381469727,18.41900062561035,17.100000381469727,17.299999237060547,17.299999237060547,5100
2025-04-14,18.674999237060547,19.99799919128418,18.649999618530273,19.99799919128418,19.99799919128418,2300
2025-04-15,17.5,19.174999237060547,17.5,19.100000381469727,19.100000381469727,800
2025-04-16,19.100000381469727,19.100000381469727,19.100000381469727,19.100000381469727,19.100000381469727,0
2025-04-17,17.5,17.5,17.219999313354492,17.219999313354492,17.219999313354492,60800
2025-04-21,17.219999313354492,17.219999313354492,16.100000381469727,16.450000762939453,16.450000762939453,2300
2025-04-22,16.950000762939453,17.350000381469727,15.949999809265137,15.949999809265137,15.949999809265137,5000
2025-04-23,16.743000030517578,18.219999313354492,16.743000030517578,17.510000228881836,17.510000228881836,900
2025-04-24,16.799999237060547,17.0,16.25,16.863000869750977,16.863000869750977,2100
2025-04-25,16.863000869750977,16.863000869750977,16.863000869750977,16.863000869750977,16.863000869750977,0
2025-04-28,16.5,16.5,16.200000762939453,16.200000762939453,16.200000762939453,2500
2025-04-29,16.25,17.049999237060547,16.25,16.75,16.75,1900
2025-04-30,16.75,16.75,16.75,16.75,16.75,0
2025-05-01,16.75,16.75,16.75,16.75,16.75,0
2025-05-02,16.687999725341797,16.687999725341797,16.299999237060547,16.687999725341797,16.687999725341797,800
2025-05-05,17.5,17.5,16.40999984741211,17.100000381469727,17.100000381469727,4600
2025-05-06,17.01300048828125,17.524999618530273,17.01300048828125,17.524999618530273,17.524999618530273,2100
2025-05-07,17.760000228881836,17.899999618530273,17.399999618530273,17.399999618530273,17.399999618530273,600
2025-05-08,18.049999237060547,18.450000762939453,18.049999237060547,18.2189998626709,18.2189998626709,2000
2025-05-09,18.2189998626709,18.2189998626709,18.2189998626709,18.2189998626709,18.2189998626709,0
2025-05-12,18.0,20.200000762939453,18.0,18.049999237060547,18.049999237060547,7800
2025-05-13,18.238000869750977,18.25,18.238000869750977,18.238000869750977,18.238000869750977,1200
2025-05-14,17.155000686645508,17.834999084472656,16.610000610351562,17.834999084472656,17.834999084472656,1300
2025-05-15,17.697999954223633,17.697999954223633,17.135000228881836,17.135000228881836,17.135000228881836,56900
2025-05-16,16.725000381469727,17.674999237060547,16.6299991607666,17.674999237060547,17.674999237060547,900
2025-05-19,16.77199935913086,16.77199935913086,16.77199935913086,16.77199935913086,16.77199935913086,24800
2025-05-20,16.684999465942383,17.0,16.684999465942383,17.0,17.0,500
2025-05-21,17.0,17.395000457763672,17.0,17.395000457763672,17.395000457763672,2300
2025-05-22,17.540000915527344,17.770000457763672,17.540000915527344,17.770000457763672,17.770000457763672,4000
2025-05-23,17.76300048828125,17.76300048828125,17.229999542236328,17.229999542236328,17.229999542236328,2300
2025-05-27,17.079999923706055,17.88800048828125,16.700000762939453,16.719999313354492,16.719999313354492,2300
2025-05-28,17.040000915527344,17.040000915527344,16.5,16.5,16.5,3200
2025-05-29,16.5,16.5,16.5,16.5,16.5,0
2025-05-30,17.75,17.75,17.0,17.0,17.0,3400
2025-06-02,17.364999771118164,17.364999771118164,17.364999771118164,17.364999771118164,17.364999771118164,200
2025-06-03,17.062999725341797,17.25,17.062999725341797,17.25,17.25,600
2025-06-04,18.097000122070312,18.097000122070312,18.097000122070312,18.097000122070312,18.097000122070312,300
2025-06-05,18.100000381469727,18.47100067138672,18.100000381469727,18.47100067138672,18.47100067138672,4700
2025-06-06,18.482999801635742,18.482999801635742,18.482999801635742,18.482999801635742,18.482999801635742,300
2025-06-09,19.882999420166016,19.882999420166016,19.260000228881836,19.260000228881836,19.260000228881836,800
2025-06-10,17.010000228881836,19.5,17.010000228881836,19.350000381469727,19.350000381469727,9400
2025-06-11,18.239999771118164,18.239999771118164,18.239999771118164,18.239999771118164,18.239999771118164,100
2025-06-12,18.239999771118164,18.239999771118164,18.239999771118164,18.239999771118164,18.239999771118164,0
2025-06-13,18.239999771118164,18.239999771118164,18.239999771118164,18.239999771118164,18.239999771118164,0
2025-06-16,17.850000381469727,17.850000381469727,17.649999618530273,17.649999618530273,17.649999618530273,8000
2025-06-17,17.649999618530273,17.649999618530273,17.649999618530273,17.649999618530273,17.649999618530273,0
2025-06-18,17.649999618530273,17.649999618530273,17.649999618530273,17.649999618530273,17.649999618530273,0
2025-06-20,16.75,16.75,16.280000686645508,16.597999572753906,16.597999572753906,5000
2025-06-23,16.76300048828125,16.905000686645508,16.20199966430664,16.20199966430664,16.20199966430664,4400
2025-06-24,16.600000381469727,16.600000381469727,16.600000381469727,16.600000381469727,16.600000381469727,600
2025-06-25,17.0,17.0,16.3700008392334,16.579999923706055,16.579999923706055,4500
2025-06-26,16.579999923706055,16.579999923706055,16.579999923706055,16.579999923706055,16.579999923706055,300
2025-06-27,16.663999557495117,16.663999557495117,16.3700008392334,16.579999923706055,16.579999923706055,700
2025-06-30,16.579999923706055,16.579999923706055,15.425000190734863,15.425000190734863,15.425000190734863,2600
2025-07-01,15.574999809265137,15.574999809265137,15.574999809265137,15.574999809265137,15.574999809265137,1900
2025-07-02,15.899999618530273,16.5,15.875,16.5,16.5,2900
2025-07-03,16.5,16.5,16.5,16.5,16.5,0
2025-07-07,15.463000297546387,16.086999893188477,15.463000297546387,16.079999923706055,16.079999923706055,6700
2025-07-08,16.027999877929688,16.027999877929688,16.027999877929688,16.027999877929688,16.027999877929688,100200
2025-07-09,15.48799991607666,15.553000450134277,15.079999923706055,15.079999923706055,15.079999923706055,1800
2025-07-10,15.25,15.25,14.859999656677246,15.0,15.0,1400
2025-07-11,14.649999618530273,15.074999809265137,14.649999618530273,15.074999809265137,15.074999809265137,800
2025-07-14,15.0,15.48799991607666,15.0,15.399999618530273,15.399999618530273,2600
2025-07-15,15.5,16.170000076293945,15.5,15.800000190734863,15.800000190734863,23600
2025-07-16,15.800000190734863,15.800000190734863,15.800000190734863,15.800000190734863,15.800000190734863,0
2025-07-17,16.0,16.110000610351562,16.0,16.110000610351562,16.110000610351562,2000
2025-07-18,16.979999542236328,17.0,16.417999267578125,16.417999267578125,16.417999267578125,500
2025-07-21,15.149999618530273,16.559999465942383,15.149999618530273,16.559999465942383,16.559999465942383,900
2025-07-22,15.904999732971191,15.904999732971191,15.904999732971191,15.904999732971191,15.904999732971191,200
2025-07-23,17.700000762939453,17.700000762939453,15.449999809265137,15.449999809265137,15.449999809265137,3200
2025-07-24,18.299999237060547,18.299999237060547,16.5,16.5,16.5,5700
2025-07-25,17.600000381469727,17.600000381469727,17.600000381469727,17.600000381469727,17.600000381469727,400
2025-07-28,17.038000106811523,17.038000106811523,17.038000106811523,17.038000106811523,17.038000106811523,400
2025-07-29,17.007999420166016,17.007999420166016,17.007999420166016,17.007999420166016,17.007999420166016,200
2025-07-30,15.838000297546387,15.838000297546387,15.449999809265137,15.449999809265137,15.449999809265137,260200
2025-07-31,15.765000343322754,16.187999725341797,15.399999618530273,15.399999618530273,15.399999618530273,3900
2025-08-01,15.385000228881836,15.812000274658203,15.380000114440918,15.812000274658203,15.812000274658203,1500
2025-08-04,15.079999923706055,15.6899995803833,15.079999923706055,15.6899995803833,15.6899995803833,2700
2025-08-05,15.385000228881836,15.385000228881836,15.385000228881836,15.385000228881836,15.385000228881836,3100
2025-08-06,15.199999809265137,15.4350004196167,15.199999809265137,15.4350004196167,15.4350004196167,1700
2025-08-07,15.385000228881836,15.6899995803833,15.36299991607666,15.6899995803833,15.6899995803833,4100
2025-08-08,15.529999732971191,15.529999732971191,15.326000213623047,15.326000213623047,15.326000213623047,20400
2025-08-11,15.994999885559082,15.994999885559082,15.079999923706055,15.079999923706055,15.079999923706055,600
2025-08-12,15.25,15.300000190734863,15.232999801635742,15.232999801635742,15.232999801635742,19400
2025-08-13,15.899999618530273,15.899999618530273,15.338000297546387,15.338000297546387,15.338000297546387,500
2025-08-14,15.593999862670898,15.593999862670898,15.593999862670898,15.593999862670898,15.593999862670898,300
2025-08-15,15.100000381469727,15.420000076293945,15.100000381469727,15.420000076293945,15.420000076293945,3500
2025-08-18,15.54800033569336,15.54800033569336,15.54800033569336,15.54800033569336,15.54800033569336,300
2025-08-19,15.609999656677246,15.609999656677246,15.180000305175781,15.180000305175781,15.180000305175781,8800
2025-08-20,15.180000305175781,15.385000228881836,15.180000305175781,15.385000228881836,15.385000228881836,3800
2025-08-21,15.0,15.180000305175781,14.989999771118164,15.079999923706055,15.079999923706055,6300
2025-08-22,16.399999618530273,16.399999618530273,15.619999885559082,16.243000030517578,16.243000030517578,1700
2025-08-25,16.15999984741211,16.15999984741211,15.571999549865723,16.15999984741211,16.15999984741211,2600
2025-08-26,15.319999694824219,15.652999877929688,15.319999694824219,15.652999877929688,15.652999877929688,500
2025-08-27,13.699999809265137,15.295000076293945,13.300000190734863,15.295000076293945,15.295000076293945,7800
2025-08-28,13.694999694824219,13.75,13.149999618530273,13.300000190734863,13.300000190734863,4400
2025-08-29,13.265000343322754,13.399999618530273,13.265000343322754,13.399999618530273,13.399999618530273,2500
2025-09-02,12.803000450134277,13.720000267028809,12.5,13.720000267028809,13.720000267028809,3400
2025-09-03,13.699999809265137,13.699999809265137,13.699999809265137,13.699999809265137,13.699999809265137,300
2025-09-04,13.414999961853027,13.720000267028809,13.414999961853027,13.720000267028809,13.720000267028809,400
2025-09-05,12.805000305175781,13.0,12.805000305175781,13.0,13.0,400
2025-09-08,12.800000190734863,13.182999610900879,12.550000190734863,13.182999610900879,13.182999610900879,46800
2025-09-09,11.5600004196167,13.539999961853027,11.5600004196167,12.960000038146973,12.960000038146973,700
2025-09-10,13.0,13.1899995803833,13.0,13.1899995803833,13.1899995803833,1300
2025-09-11,11.75,13.0,11.75,12.649999618530273,12.649999618530273,6600
2025-09-12,12.399999618530273,12.600000381469727,12.399999618530273,12.600000381469727,12.600000381469727,12400
2025-09-15,12.850000381469727,12.850000381469727,12.149999618530273,12.520000457763672,12.520000457763672,13300
2025-09-16,12.850000381469727,13.0,12.71399974822998,12.899999618530273,12.899999618530273,3400
2025-09-17,13.5,13.5,12.949999809265137,13.039999961853027,13.039999961853027,14300
2025-09-18,13.461999893188477,13.569999694824219,13.0,13.0,13.0,5500
2025-09-19,13.375,13.850000381469727,13.375,13.467000007629395,13.467000007629395,1200
2025-09-22,13.5,13.5,12.609999656677246,12.609999656677246,12.609999656677246,4500
2025-09-23,12.668999671936035,12.668999671936035,12.668999671936035,12.668999671936035,12.668999671936035,300
2025-09-24,13.03499984741211,13.03499984741211,13.03499984741211,13.03499984741211,13.03499984741211,200
2025-09-25,13.039999961853027,13.380000114440918,13.039999961853027,13.199999809265137,13.199999809265137,2700
2025-09-26,13.199999809265137,13.199999809265137,13.199999809265137,13.199999809265137,13.199999809265137,0
2025-09-29,12.600000381469727,13.229999542236328,12.600000381469727,13.229999542236328,13.229999542236328,1400
2025-09-30,12.498000144958496,13.800000190734863,12.498000144958496,13.024999618530273,13.024999618530273,30900
2025-10-01,13.0,13.25,13.0,13.25,13.25,600
2025-10-02,13.25,13.265000343322754,13.229999542236328,13.265000343322754,13.265000343322754,13600
2025-10-03,13.11299991607666,13.11299991607666,13.11299991607666,13.11299991607666,13.11299991607666,10200
2025-10-06,13.680000305175781,13.680000305175781,13.1899995803833,13.1899995803833,13.1899995803833,149200
2025-10-07,12.75,13.399999618530273,12.642999649047852,13.399999618530273,13.399999618530273,1600
2025-10-08,13.199999809265137,13.25,12.739999771118164,13.25,13.25,13900
2025-10-09,13.125,13.170000076293945,13.125,13.170000076293945,13.170000076293945,10700
2025-10-10,12.925000190734863,12.925000190734863,12.239999771118164,12.239999771118164,12.239999771118164,11700
2025-10-13,13.050000190734863,13.050000190734863,13.050000190734863,13.050000190734863,13.050000190734863,10500
2025-10-14,12.760000228881836,12.760000228881836,12.583999633789062,12.583999633789062,12.583999633789062,11000
2025-10-15,12.050000190734863,12.050000190734863,12.050000190734863,12.050000190734863,12.050000190734863,46300
2025-10-16,12.949999809265137,12.949999809265137,12.600000381469727,12.600000381469727,12.600000381469727,10900
2025-10-17,12.375,12.649999618530273,12.375,12.649999618530273,12.649999618530273,13000
2025-10-20,13.100000381469727,13.550000190734863,13.100000381469727,13.550000190734863,13.550000190734863,10800
2025-10-21,12.600000381469727,12.875,12.300000190734863,12.300000190734863,12.300000190734863,11500
2025-10-22,12.725000381469727,12.725000381469727,12.725000381469727,12.725000381469727,12.725000381469727,10500
2025-10-23,12.050000190734863,13.0,12.050000190734863,13.0,13.0,3600
2025-10-24,13.0,13.0,13.0,13.0,13.0,0
2025-10-27,13.178999900817871,13.20300006866455,13.178999900817871,13.20300006866455,13.20300006866455,4400
2025-10-28,12.75,12.75,12.5,12.5,12.5,300
2025-10-29,12.5,12.5,12.5,12.5,12.5,0
2025-10-30,13.0,13.0,12.78499984741211,12.78499984741211,12.78499984741211,121800
2025-10-31,12.78499984741211,12.78499984741211,12.78499984741211,12.78499984741211,12.78499984741211,0
2025-11-03,12.78499984741211,12.78499984741211,12.78499984741211,12.78499984741211,12.78499984741211,0
2025-11-04,12.78499984741211,12.78499984741211,12.78499984741211,12.78499984741211,12.78499984741211,0
2025-11-05,13.029999732971191,13.109999656677246,13.029999732971191,13.109999656677246,13.109999656677246,700
2025-11-06,12.27400016784668,12.27400016784668,12.25,12.25,12.25,1800
2025-11-07,12.5,12.5,12.5,12.5,12.5,1100
2025-11-10,12.479999542236328,12.774999618530273,12.100000381469727,12.774999618530273,12.774999618530273,32200
2025-11-11,12.774999618530273,12.774999618530273,12.774999618530273,12.774999618530273,12.774999618530273,0
2025-11-12,12.800000190734863,12.800000190734863,12.800000190734863,12.800000190734863,12.800000190734863,5100
2025-11-13,12.399999618530273,13.093000411987305,12.399999618530273,13.010000228881836,13.010000228881836,16600
2025-11-14,13.5,13.5,13.5,13.5,13.5,300
2025-11-17,12.75,13.024999618530273,12.75,13.024999618530273,13.024999618530273,800
2025-11-18,12.288000106811523,13.0,12.288000106811523,12.350000381469727,12.350000381469727,1900
2025-11-19,12.0,12.0,12.0,12.0,12.0,200
2025-11-20,12.449999809265137,12.449999809265137,12.449999809265137,12.449999809265137,12.449999809265137,700
2025-11-21,12.225000381469727,12.399999618530273,12.050000190734863,12.399999618530273,12.399999618530273,900
2025-11-24,12.550000190734863,12.550000190734863,12.532999992370605,12.532999992370605,12.532999992370605,200
2025-11-25,12.0,13.319999694824219,12.0,12.425000190734863,12.425000190734863,8200
2025-11-26,12.699999809265137,13.100000381469727,12.699999809265137,13.100000381469727,13.100000381469727,900
2025-11-28,12.5,13.100000381469727,12.5,13.100000381469727,13.100000381469727,1300
2025-12-01,12.5,13.0,12.5,13.0,13.0,2600
2025-12-02,12.0,12.675000190734863,12.0,12.630000114440918,12.630000114440918,1500
2025-12-03,12.630000114440918,12.630000114440918,12.284000396728516,12.284000396728516,12.284000396728516,600
2025-12-04,12.279999732971191,12.279999732971191,12.25,12.25,12.25,1300
2025-12-05,12.925000190734863,12.925000190734863,11.600000381469727,12.510000228881836,12.510000228881836,500
2025-12-08,12.25,12.25,12.25,12.25,12.25,7300
2025-12-09,12.199999809265137,12.5,12.199999809265137,12.5,12.5,1000
2025-12-10,12.0,12.5,12.0,12.25,12.25,1200
2025-12-11,13.0,13.0,12.34000015258789,12.850000381469727,12.850000381469727,2700
2025-12-12,13.050000190734863,13.11400032043457,12.729999542236328,13.11400032043457,13.11400032043457,1800
2025-12-15,11.949999809265137,11.949999809265137,11.949999809265137,11.949999809265137,11.949999809265137,600
2025-12-16,12.425000190734863,12.425000190734863,12.425000190734863,12.425000190734863,12.425000190734863,23600
2025-12-17,12.800000190734863,12.800000190734863,12.800000190734863,12.800000190734863,12.800000190734863,200
2025-12-18,12.725000381469727,12.800000190734863,12.725000381469727,12.800000190734863,12.800000190734863,400
2025-12-19,13.454999923706055,13.454999923706055,13.225000381469727,13.225000381469727,13.225000381469727,3900
2025-12-22,13.072999954223633,13.072999954223633,13.072999954223633,13.072999954223633,13.072999954223633,2600
2025-12-23,13.25,13.25,13.125,13.140000343322754,13.140000343322754,1100
2025-12-24,13.199999809265137,13.239999771118164,13.199999809265137,13.239999771118164,13.239999771118164,2200
2025-12-26,13.239999771118164,13.239999771118164,13.199999809265137,13.199999809265137,13.199999809265137,1600
2025-12-29,13.270000457763672,13.430000305175781,13.199999809265137,13.430000305175781,13.430000305175781,3700
2025-12-30,13.300000190734863,13.300000190734863,13.210000038146973,13.251999855041504,13.251999855041504,3600
