date,open,high,low,close,adj_close,volume
,NBHC,NBHC,NBHC,NBHC,NBHC,NBHC
2020-01-02,36.099998474121094,36.56999969482422,36.0,36.189998626708984,30.83702278137207,386800
2020-01-03,35.81999969482422,36.04999923706055,35.310001373291016,35.970001220703125,30.64956283569336,437700
2020-01-06,35.619998931884766,36.290000915527344,35.459999084472656,36.27000045776367,30.905187606811523,200800
2020-01-07,36.16999816894531,36.16999816894531,35.720001220703125,35.84000015258789,30.53879165649414,107300
2020-01-08,35.90999984741211,36.2400016784668,35.790000915527344,36.15999984741211,30.811452865600586,125800
2020-01-09,36.369998931884766,36.47999954223633,36.08000183105469,36.18000030517578,30.828508377075195,145600
2020-01-10,36.220001220703125,36.34000015258789,35.81999969482422,36.130001068115234,30.785900115966797,111300
2020-01-13,36.15999984741211,36.22999954223633,35.81999969482422,36.13999938964844,30.794404983520508,85100
2020-01-14,36.13999938964844,36.36000061035156,35.959999084472656,36.34000015258789,30.96483612060547,157300
2020-01-15,36.040000915527344,36.310001373291016,35.880001068115234,36.13999938964844,30.794404983520508,98800
2020-01-16,36.439998626708984,36.849998474121094,36.310001373291016,36.83000183105469,31.382352828979492,125300
2020-01-17,37.150001525878906,37.150001525878906,36.66999816894531,36.869998931884766,31.416427612304688,141800
2020-01-21,36.709999084472656,36.86000061035156,36.04999923706055,36.099998474121094,30.760326385498047,159800
2020-01-22,36.20000076293945,36.2400016784668,35.75,36.040000915527344,30.70920181274414,81400
2020-01-23,35.86000061035156,36.349998474121094,35.40999984741211,36.25,30.888147354125977,190200
2020-01-24,36.099998474121094,36.099998474121094,33.470001220703125,34.52000045776367,29.414030075073242,310400
2020-01-27,33.630001068115234,34.33000183105469,33.630001068115234,33.970001220703125,28.94538688659668,273100
2020-01-28,34.040000915527344,34.040000915527344,33.599998474121094,33.84000015258789,28.834619522094727,193600
2020-01-29,33.790000915527344,34.09000015258789,33.2599983215332,33.279998779296875,28.35744857788086,204000
2020-01-30,32.90999984741211,33.54999923706055,32.90999984741211,33.5099983215332,28.55342674255371,152500
2020-01-31,33.189998626708984,33.349998474121094,32.439998626708984,32.599998474121094,27.77802848815918,212400
2020-02-03,32.75,33.16999816894531,32.75,33.060001373291016,28.169992446899414,294100
2020-02-04,33.52000045776367,33.66999816894531,33.130001068115234,33.400001525878906,28.459697723388672,177900
2020-02-05,33.869998931884766,34.0099983215332,33.5,33.97999954223633,28.953914642333984,223200
2020-02-06,34.11000061035156,34.279998779296875,33.470001220703125,33.5,28.54490852355957,98300
2020-02-07,33.189998626708984,33.2400016784668,33.0099983215332,33.029998779296875,28.144420623779297,128800
2020-02-10,32.939998626708984,32.939998626708984,32.63999938964844,32.779998779296875,27.9314022064209,126200
2020-02-11,33.040000915527344,33.43000030517578,33.0,33.04999923706055,28.161470413208008,117700
2020-02-12,33.33000183105469,33.40999984741211,33.02000045776367,33.27000045776367,28.348926544189453,93600
2020-02-13,33.11000061035156,33.560001373291016,33.11000061035156,33.5099983215332,28.55342674255371,75800
2020-02-14,33.5,33.779998779296875,33.470001220703125,33.650001525878906,28.672719955444336,206900
2020-02-18,33.4900016784668,33.689998626708984,33.38999938964844,33.4900016784668,28.53639030456543,215900
2020-02-19,33.630001068115234,33.869998931884766,33.52000045776367,33.86000061035156,28.851654052734375,188800
2020-02-20,33.880001068115234,34.91999816894531,33.880001068115234,34.41999816894531,29.328819274902344,261100
2020-02-21,34.33000183105469,34.34000015258789,33.7599983215332,34.31999969482422,29.243621826171875,883400
2020-02-24,33.31999969482422,34.529998779296875,33.209999084472656,34.310001373291016,29.235105514526367,254600
2020-02-25,34.220001220703125,34.369998931884766,33.45000076293945,33.630001068115234,28.655675888061523,414000
2020-02-26,33.869998931884766,33.95000076293945,32.95000076293945,33.06999969482422,28.17850112915039,197000
2020-02-27,32.380001068115234,32.97999954223633,31.770000457763672,31.790000915527344,27.252660751342773,455200
2020-02-28,31.010000228881836,31.559999465942383,29.799999237060547,30.59000015258789,26.22393226623535,398200
2020-03-02,30.6200008392334,31.780000686645508,30.1299991607666,31.780000686645508,27.24408721923828,212900
2020-03-03,31.760000228881836,32.060001373291016,30.31999969482422,30.719999313354492,26.335372924804688,203800
2020-03-04,31.030000686645508,31.309999465942383,29.969999313354492,31.309999465942383,26.84116554260254,187200
2020-03-05,30.489999771118164,30.520000457763672,29.18000030517578,29.649999618530273,25.418094635009766,334900
2020-03-06,28.649999618530273,29.549999237060547,28.360000610351562,29.219999313354492,25.049470901489258,233800
2020-03-09,26.850000381469727,27.760000228881836,24.719999313354492,24.799999237060547,21.260330200195312,327800
2020-03-10,25.610000610351562,27.059999465942383,25.209999084472656,26.770000457763672,22.949155807495117,246400
2020-03-11,25.899999618530273,26.260000228881836,24.649999618530273,25.1299991607666,21.543228149414062,379100
2020-03-12,23.290000915527344,24.68000030517578,22.290000915527344,23.030000686645508,19.742961883544922,444100
2020-03-13,24.739999771118164,25.56999969482422,23.389999389648438,25.479999542236328,21.84327507019043,216500
2020-03-16,24.479999542236328,25.170000076293945,22.079999923706055,24.530000686645508,21.02886390686035,346400
2020-03-17,24.860000610351562,25.610000610351562,23.81999969482422,24.799999237060547,21.260330200195312,600100
2020-03-18,23.799999237060547,24.260000228881836,22.59000015258789,23.31999969482422,19.99156951904297,487300
2020-03-19,23.149999618530273,23.989999771118164,22.170000076293945,23.09000015258789,19.79439353942871,375600
2020-03-20,23.139999389648438,24.479999542236328,22.40999984741211,22.540000915527344,19.32289695739746,458000
2020-03-23,22.559999465942383,22.920000076293945,20.25,20.549999237060547,17.61692237854004,230800
2020-03-24,21.549999237060547,22.440000534057617,21.299999237060547,22.18000030517578,19.014278411865234,303800
2020-03-25,22.34000015258789,22.670000076293945,21.31999969482422,21.920000076293945,18.7913875579834,293300
2020-03-26,21.850000381469727,23.18000030517578,21.670000076293945,23.059999465942383,19.768672943115234,250800
2020-03-27,22.219999313354492,24.09000015258789,22.020000457763672,23.34000015258789,20.008710861206055,228000
2020-03-30,23.56999969482422,24.020000457763672,22.899999618530273,23.850000381469727,20.445919036865234,163000
2020-03-31,23.700000762939453,24.190000534057617,23.209999084472656,23.899999618530273,20.488784790039062,196200
2020-04-01,22.780000686645508,23.389999389648438,22.6200008392334,23.100000381469727,19.80297088623047,294200
2020-04-02,22.850000381469727,24.020000457763672,22.780000686645508,23.440000534057617,20.094438552856445,221700
2020-04-03,22.940000534057617,23.690000534057617,22.459999084472656,23.010000228881836,19.725805282592773,262100
2020-04-06,24.0,24.1299991607666,22.899999618530273,23.200000762939453,19.88869857788086,280300
2020-04-07,24.010000228881836,24.75,23.280000686645508,23.719999313354492,20.334476470947266,268500
2020-04-08,23.940000534057617,24.15999984741211,23.40999984741211,23.809999465942383,20.411630630493164,244300
2020-04-09,24.5,25.8799991607666,24.010000228881836,25.540000915527344,21.894712448120117,300500
2020-04-13,25.479999542236328,25.479999542236328,23.93000030517578,24.209999084472656,20.75453758239746,159200
2020-04-14,24.860000610351562,25.0,23.56999969482422,23.90999984741211,20.497356414794922,169400
2020-04-15,23.010000228881836,23.09000015258789,22.3799991607666,22.600000381469727,19.374332427978516,202400
2020-04-16,22.579999923706055,22.760000228881836,21.1200008392334,21.59000015258789,18.50848960876465,331000
2020-04-17,22.59000015258789,23.3700008392334,22.020000457763672,23.18000030517578,19.87154769897461,343800
2020-04-20,22.600000381469727,23.489999771118164,22.510000228881836,23.0,19.717243194580078,208800
2020-04-21,22.219999313354492,22.860000610351562,21.93000030517578,22.739999771118164,19.49435043334961,146000
2020-04-22,23.260000228881836,25.020000457763672,23.260000228881836,24.360000610351562,20.883129119873047,412200
2020-04-23,23.290000915527344,23.90999984741211,22.889999389648438,22.93000030517578,19.6572265625,339500
2020-04-24,23.040000915527344,23.829999923706055,22.709999084472656,23.610000610351562,20.24017906188965,292500
2020-04-27,24.149999618530273,25.760000228881836,24.149999618530273,25.700000762939453,22.031879425048828,277800
2020-04-28,26.649999618530273,26.950000762939453,26.290000915527344,26.469999313354492,22.691970825195312,193500
2020-04-29,27.290000915527344,28.600000381469727,27.059999465942383,27.989999771118164,23.995025634765625,245600
2020-04-30,27.239999771118164,27.399999618530273,26.489999771118164,26.579999923706055,22.786273956298828,244900
2020-05-01,26.040000915527344,26.139999389648438,25.079999923706055,25.579999923706055,21.928997039794922,188000
2020-05-04,25.280000686645508,25.809999465942383,24.940000534057617,25.739999771118164,22.066164016723633,194500
2020-05-05,26.299999237060547,26.610000610351562,24.829999923706055,24.950000762939453,21.388917922973633,233400
2020-05-06,25.0,25.139999389648438,23.709999084472656,23.940000534057617,20.523073196411133,176800
2020-05-07,24.31999969482422,24.81999969482422,23.940000534057617,24.059999465942383,20.625951766967773,161900
2020-05-08,24.459999084472656,25.420000076293945,24.459999084472656,25.350000381469727,21.731828689575195,138300
2020-05-11,24.860000610351562,25.100000381469727,23.969999313354492,24.329999923706055,20.85741424560547,195200
2020-05-12,24.260000228881836,24.3799991607666,23.100000381469727,23.190000534057617,19.880123138427734,191700
2020-05-13,22.829999923706055,23.040000915527344,22.139999389648438,22.93000030517578,19.6572265625,269400
2020-05-14,22.459999084472656,23.5,21.760000228881836,23.18000030517578,19.87154769897461,276400
2020-05-15,23.079999923706055,23.709999084472656,22.860000610351562,23.100000381469727,19.80297088623047,821700
2020-05-18,24.0,25.420000076293945,24.0,25.170000076293945,21.5775146484375,205800
2020-05-19,24.90999984741211,25.09000015258789,24.059999465942383,24.059999465942383,20.625951766967773,167900
2020-05-20,24.530000686645508,25.559999465942383,24.399999618530273,25.5,21.86041831970215,272300
2020-05-21,25.270000457763672,25.739999771118164,25.209999084472656,25.309999465942383,21.69753646850586,153300
2020-05-22,25.479999542236328,25.549999237060547,24.739999771118164,25.020000457763672,21.448930740356445,89200
2020-05-26,26.100000381469727,26.75,25.790000915527344,26.690000534057617,22.88057518005371,201100
2020-05-27,27.90999984741211,28.200000762939453,27.1299991607666,27.829999923706055,23.857858657836914,365100
2020-05-28,28.06999969482422,28.06999969482422,26.290000915527344,26.520000457763672,22.899404525756836,222900
2020-05-29,26.09000015258789,26.6200008392334,25.559999465942383,26.299999237060547,22.709436416625977,177000
2020-06-01,26.43000030517578,26.809999465942383,26.270000457763672,26.309999465942383,22.718067169189453,122500
2020-06-02,26.719999313354492,26.920000076293945,26.290000915527344,26.510000228881836,22.89076805114746,106100
2020-06-03,27.25,28.329999923706055,27.190000534057617,27.940000534057617,24.125539779663086,136300
2020-06-04,27.600000381469727,28.690000534057617,27.40999984741211,28.399999618530273,24.522737503051758,141000
2020-06-05,30.5,30.989999771118164,29.540000915527344,30.40999984741211,26.258329391479492,161400
2020-06-08,30.969999313354492,31.229999542236328,30.440000534057617,30.889999389648438,26.67279624938965,124500
2020-06-09,30.040000915527344,31.049999237060547,29.829999923706055,30.450000762939453,26.292863845825195,153900
2020-06-10,30.139999389648438,30.31999969482422,28.209999084472656,28.219999313354492,24.367313385009766,127300
2020-06-11,26.6200008392334,26.889999389648438,25.760000228881836,25.93000030517578,22.38994789123535,153100
2020-06-12,27.219999313354492,27.219999313354492,25.700000762939453,26.65999984741211,23.020288467407227,149500
2020-06-15,25.540000915527344,27.3700008392334,25.540000915527344,26.969999313354492,23.287967681884766,147200
2020-06-16,28.3700008392334,28.3799991607666,27.030000686645508,27.889999389648438,24.082365036010742,139500
2020-06-17,27.940000534057617,28.059999465942383,26.520000457763672,26.540000915527344,22.916671752929688,119100
2020-06-18,26.100000381469727,27.040000915527344,26.100000381469727,26.770000457763672,23.11527442932129,121200
2020-06-19,27.0,27.040000915527344,26.020000457763672,26.950000762939453,23.27069854736328,372000
2020-06-22,26.600000381469727,26.899999618530273,26.149999618530273,26.780000686645508,23.1239070892334,124000
2020-06-23,27.280000686645508,27.40999984741211,26.59000015258789,26.68000030517578,23.037553787231445,85000
2020-06-24,26.18000030517578,26.18000030517578,25.170000076293945,25.479999542236328,22.001386642456055,101800
2020-06-25,25.25,26.389999389648438,25.25,26.3799991607666,22.778512954711914,134700
2020-06-26,25.93000030517578,25.93000030517578,24.700000762939453,24.90999984741211,21.509206771850586,286500
2020-06-29,25.440000534057617,26.889999389648438,25.290000915527344,26.530000686645508,22.908039093017578,142400
2020-06-30,26.15999984741211,27.190000534057617,26.15999984741211,27.0,23.313871383666992,141500
2020-07-01,27.299999237060547,27.299999237060547,25.670000076293945,26.0,22.450389862060547,168800
2020-07-02,27.110000610351562,27.239999771118164,25.75,25.829999923706055,22.30360221862793,114600
2020-07-06,26.709999084472656,26.889999389648438,25.760000228881836,26.059999465942383,22.50220489501953,86900
2020-07-07,25.670000076293945,25.799999237060547,25.190000534057617,25.3799991607666,21.9150390625,130500
2020-07-08,25.110000610351562,25.610000610351562,24.479999542236328,25.100000381469727,21.673259735107422,96500
2020-07-09,24.8700008392334,25.020000457763672,24.049999237060547,24.270000457763672,20.95658302307129,121700
2020-07-10,24.149999618530273,25.389999389648438,24.149999618530273,25.270000457763672,21.820053100585938,116700
2020-07-13,25.739999771118164,26.549999237060547,25.100000381469727,26.020000457763672,22.467666625976562,164200
2020-07-14,25.90999984741211,26.209999084472656,25.1299991607666,25.6200008392334,22.12227439880371,131000
2020-07-15,26.489999771118164,27.09000015258789,26.209999084472656,26.729999542236328,23.080730438232422,149400
2020-07-16,26.540000915527344,26.979999542236328,26.290000915527344,26.75,23.098003387451172,78700
2020-07-17,26.65999984741211,26.68000030517578,26.020000457763672,26.100000381469727,22.5367374420166,107200
2020-07-20,25.8700008392334,26.020000457763672,25.520000457763672,25.639999389648438,22.139545440673828,54600
2020-07-21,26.06999969482422,27.360000610351562,25.950000762939453,27.079999923706055,23.382949829101562,227900
2020-07-22,28.010000228881836,28.420000076293945,27.049999237060547,27.829999923706055,24.030553817749023,187600
2020-07-23,28.06999969482422,28.8799991607666,27.889999389648438,28.209999084472656,24.358678817749023,140500
2020-07-24,28.1200008392334,28.56999969482422,28.010000228881836,28.079999923706055,24.246427536010742,94700
2020-07-27,28.0,28.059999465942383,27.290000915527344,27.59000015258789,23.823322296142578,110000
2020-07-28,27.299999237060547,28.0,27.299999237060547,27.670000076293945,23.892398834228516,99800
2020-07-29,27.56999969482422,28.3799991607666,27.459999084472656,28.360000610351562,24.488201141357422,119000
2020-07-30,27.81999969482422,28.40999984741211,27.459999084472656,28.079999923706055,24.246427536010742,97400
2020-07-31,27.690000534057617,27.850000381469727,27.0,27.780000686645508,23.987382888793945,147900
2020-08-03,28.010000228881836,28.020000457763672,27.459999084472656,27.6299991607666,23.85786247253418,83400
2020-08-04,27.459999084472656,27.510000228881836,27.0,27.360000610351562,23.624723434448242,83500
2020-08-05,27.639999389648438,28.600000381469727,27.350000381469727,28.43000030517578,24.548646926879883,154800
2020-08-06,28.270000457763672,28.43000030517578,27.950000762939453,28.200000762939453,24.350038528442383,79700
2020-08-07,28.219999313354492,29.280000686645508,27.90999984741211,29.239999771118164,25.24806022644043,112800
2020-08-10,29.139999389648438,30.239999771118164,29.139999389648438,29.719999313354492,25.662527084350586,119500
2020-08-11,30.40999984741211,30.979999542236328,30.040000915527344,30.149999618530273,26.033824920654297,118000
2020-08-12,30.639999389648438,30.690000534057617,29.729999542236328,30.15999984741211,26.042463302612305,95000
2020-08-13,29.81999969482422,30.020000457763672,29.530000686645508,29.600000381469727,25.558908462524414,88200
2020-08-14,29.260000228881836,29.979999542236328,29.209999084472656,29.8799991607666,25.800682067871094,103200
2020-08-17,29.889999389648438,29.889999389648438,29.219999313354492,29.719999313354492,25.662527084350586,129000
2020-08-18,29.68000030517578,29.68000030517578,28.489999771118164,28.600000381469727,24.695436477661133,75500
2020-08-19,28.6200008392334,29.1299991607666,28.450000762939453,28.81999969482422,24.88539695739746,96200
2020-08-20,28.260000228881836,28.59000015258789,28.139999389648438,28.219999313354492,24.367313385009766,71300
2020-08-21,27.959999084472656,28.3700008392334,27.850000381469727,28.200000762939453,24.350038528442383,180400
2020-08-24,28.579999923706055,29.190000534057617,28.06999969482422,29.15999984741211,25.178979873657227,82200
2020-08-25,29.5,29.610000610351562,28.81999969482422,29.18000030517578,25.196252822875977,76100
2020-08-26,29.149999618530273,29.149999618530273,28.350000381469727,28.350000381469727,24.47956657409668,92900
2020-08-27,28.309999465942383,29.110000610351562,28.049999237060547,28.790000915527344,25.036115646362305,79600
2020-08-28,29.1200008392334,29.1200008392334,28.399999618530273,28.700000762939453,24.95785140991211,65900
2020-08-31,28.450000762939453,28.709999084472656,28.360000610351562,28.440000534057617,24.731754302978516,101900
2020-09-01,28.1200008392334,28.56999969482422,28.020000457763672,28.399999618530273,24.69696617126465,81500
2020-09-02,28.299999237060547,28.510000228881836,28.030000686645508,28.280000686645508,24.59261703491211,94900
2020-09-03,28.489999771118164,29.18000030517578,28.420000076293945,28.56999969482422,24.844799041748047,98400
2020-09-04,29.350000381469727,29.56999969482422,28.530000686645508,29.059999465942383,25.270906448364258,97200
2020-09-08,28.799999237060547,28.799999237060547,27.610000610351562,27.809999465942383,24.183895111083984,112900
2020-09-09,27.940000534057617,27.979999542236328,27.280000686645508,27.530000686645508,23.94040298461914,124800
2020-09-10,27.59000015258789,27.649999618530273,27.100000381469727,27.1299991607666,23.59255599975586,93400
2020-09-11,27.059999465942383,27.34000015258789,27.0,27.079999923706055,23.54907989501953,116000
2020-09-14,27.0,27.760000228881836,26.84000015258789,27.399999618530273,23.827354431152344,109200
2020-09-15,27.530000686645508,27.530000686645508,27.010000228881836,27.040000915527344,23.514297485351562,93700
2020-09-16,26.959999084472656,27.360000610351562,26.649999618530273,26.790000915527344,23.296894073486328,144100
2020-09-17,26.469999313354492,26.75,26.190000534057617,26.469999313354492,23.01861572265625,118000
2020-09-18,26.610000610351562,26.860000610351562,26.309999465942383,26.850000381469727,23.34906578063965,425200
2020-09-21,26.31999969482422,26.43000030517578,25.100000381469727,25.420000076293945,22.10552406311035,141300
2020-09-22,25.290000915527344,25.75,24.68000030517578,24.969999313354492,21.714195251464844,92400
2020-09-23,24.979999542236328,25.489999771118164,24.40999984741211,24.440000534057617,21.253305435180664,152800
2020-09-24,24.600000381469727,25.520000457763672,24.350000381469727,25.0,21.74028778076172,107400
2020-09-25,24.799999237060547,25.43000030517578,24.799999237060547,25.260000228881836,21.966388702392578,97000
2020-09-28,25.56999969482422,26.469999313354492,25.56999969482422,26.270000457763672,22.844696044921875,118500
2020-09-29,26.280000686645508,26.40999984741211,25.700000762939453,26.170000076293945,22.757734298706055,91800
2020-09-30,26.170000076293945,26.670000076293945,26.06999969482422,26.25,22.827301025390625,119300
2020-10-01,26.079999923706055,26.420000076293945,25.709999084472656,26.360000610351562,22.922964096069336,121500
2020-10-02,26.049999237060547,27.079999923706055,26.049999237060547,26.889999389648438,23.383853912353516,119100
2020-10-05,27.420000076293945,28.059999465942383,27.3799991607666,28.0,24.349123001098633,90900
2020-10-06,28.520000457763672,29.780000686645508,28.190000534057617,28.860000610351562,25.09699058532715,253400
2020-10-07,29.170000076293945,29.600000381469727,28.56999969482422,28.90999984741211,25.14046859741211,130200
2020-10-08,29.299999237060547,29.799999237060547,29.149999618530273,29.719999313354492,25.844850540161133,97300
2020-10-09,29.81999969482422,30.270000457763672,29.65999984741211,29.799999237060547,25.914424896240234,92200
2020-10-12,29.56999969482422,30.25,29.56999969482422,30.110000610351562,26.184005737304688,81600
2020-10-13,29.81999969482422,30.020000457763672,29.420000076293945,29.75,25.870939254760742,124900
2020-10-14,29.65999984741211,30.049999237060547,29.059999465942383,29.09000015258789,25.296998977661133,68900
2020-10-15,28.8700008392334,29.920000076293945,28.8700008392334,29.860000610351562,25.96660041809082,65900
2020-10-16,29.860000610351562,30.25,29.43000030517578,30.110000610351562,26.184005737304688,61400
2020-10-19,30.360000610351562,30.6299991607666,29.799999237060547,29.93000030517578,26.02747917175293,72100
2020-10-20,30.200000762939453,30.690000534057617,30.09000015258789,30.260000228881836,26.31443977355957,85800
2020-10-21,30.59000015258789,31.1299991607666,30.420000076293945,30.56999969482422,26.58401870727539,93200
2020-10-22,30.8700008392334,32.5099983215332,30.700000762939453,32.290000915527344,28.079755783081055,161400
2020-10-23,32.63999938964844,32.970001220703125,32.119998931884766,32.29999923706055,28.088451385498047,72500
2020-10-26,31.860000610351562,31.860000610351562,31.329999923706055,31.770000457763672,27.6275577545166,49400
2020-10-27,31.68000030517578,31.760000228881836,30.65999984741211,30.68000030517578,26.679683685302734,96700
2020-10-28,30.040000915527344,30.639999389648438,29.889999389648438,30.040000915527344,26.123132705688477,142100
2020-10-29,29.899999618530273,30.440000534057617,29.59000015258789,30.190000534057617,26.25357437133789,161800
2020-10-30,30.15999984741211,30.889999389648438,29.889999389648438,30.149999618530273,26.21878433227539,163900
2020-11-02,30.450000762939453,30.719999313354492,30.049999237060547,30.469999313354492,26.497068405151367,172900
2020-11-03,31.31999969482422,31.31999969482422,30.59000015258789,30.829999923706055,26.810123443603516,148700
2020-11-04,29.889999389648438,29.889999389648438,28.790000915527344,28.860000610351562,25.09699058532715,101200
2020-11-05,28.829999923706055,30.100000381469727,28.829999923706055,29.8700008392334,25.97529411315918,87500
2020-11-06,30.040000915527344,30.040000915527344,29.040000915527344,29.229999542236328,25.418743133544922,62200
2020-11-09,31.489999771118164,34.4900016784668,31.489999771118164,33.61000061035156,29.227642059326172,220000
2020-11-10,33.970001220703125,34.7599983215332,33.59000015258789,34.02000045776367,29.584182739257812,182300
2020-11-11,34.25,34.25,32.41999816894531,33.0099983215332,28.70587158203125,137500
2020-11-12,32.45000076293945,32.97999954223633,31.809999465942383,32.41999816894531,28.192798614501953,114900
2020-11-13,32.63999938964844,33.5,32.5,33.20000076293945,28.87110137939453,75000
2020-11-16,34.2400016784668,34.65999984741211,33.849998474121094,34.29999923706055,29.82767677307129,111900
2020-11-17,33.90999984741211,34.400001525878906,33.529998779296875,34.18000030517578,29.723318099975586,164700
2020-11-18,34.33000183105469,34.380001068115234,33.290000915527344,33.31999969482422,28.975460052490234,91000
2020-11-19,33.36000061035156,33.540000915527344,32.790000915527344,33.5,29.131980895996094,74000
2020-11-20,32.060001373291016,33.02000045776367,31.8799991607666,32.7400016784668,28.471078872680664,186300
2020-11-23,33.2400016784668,33.2400016784668,32.47999954223633,32.47999954223633,28.244977951049805,135300
2020-11-24,33.29999923706055,33.689998626708984,32.93000030517578,33.529998779296875,29.15807342529297,232300
2020-11-25,33.06999969482422,33.43000030517578,32.5,33.0,28.869386672973633,100800
2020-11-27,32.869998931884766,33.25,32.099998474121094,32.7400016784668,28.641929626464844,59800
2020-11-30,32.439998626708984,32.66999816894531,31.989999771118164,32.18000030517578,28.152023315429688,232300
2020-12-01,32.86000061035156,33.119998931884766,32.41999816894531,32.90999984741211,28.790645599365234,106900
2020-12-02,32.959999084472656,33.45000076293945,32.959999084472656,33.349998474121094,29.175565719604492,66400
2020-12-03,33.47999954223633,33.72999954223633,33.0,33.16999816894531,29.018096923828125,193900
2020-12-04,33.540000915527344,34.22999954223633,33.400001525878906,33.75,29.525503158569336,148100
2020-12-07,33.5099983215332,33.810001373291016,33.150001525878906,33.599998474121094,29.394275665283203,93500
2020-12-08,33.349998474121094,33.7599983215332,33.34000015258789,33.59000015258789,29.385534286499023,103900
2020-12-09,33.959999084472656,34.08000183105469,33.310001373291016,33.459999084472656,29.271806716918945,191200
2020-12-10,33.279998779296875,33.650001525878906,32.95000076293945,33.220001220703125,29.061847686767578,207000
2020-12-11,32.75,33.40999984741211,32.70000076293945,32.97999954223633,28.85188102722168,130500
2020-12-14,33.40999984741211,33.40999984741211,32.439998626708984,32.439998626708984,28.379478454589844,136800
2020-12-15,32.61000061035156,33.43000030517578,32.439998626708984,33.25,29.08808708190918,158600
2020-12-16,33.2400016784668,33.59000015258789,33.060001373291016,33.33000183105469,29.1580753326416,97500
2020-12-17,33.4900016784668,33.7599983215332,33.02000045776367,33.61000061035156,29.40302848815918,109900
2020-12-18,33.630001068115234,33.70000076293945,32.56999969482422,32.790000915527344,28.685670852661133,335700
2020-12-21,32.790000915527344,33.0099983215332,32.189998626708984,32.619998931884766,28.536943435668945,105100
2020-12-22,32.56999969482422,32.68000030517578,32.189998626708984,32.25,28.213258743286133,73900
2020-12-23,32.33000183105469,33.08000183105469,32.33000183105469,33.04999923706055,28.91312026977539,61400
2020-12-24,33.189998626708984,33.189998626708984,32.61000061035156,33.04999923706055,28.91312026977539,30100
2020-12-28,33.27000045776367,33.599998474121094,32.97999954223633,33.029998779296875,28.895626068115234,118500
2020-12-29,33.33000183105469,33.33000183105469,32.29999923706055,32.400001525878906,28.344482421875,74700
2020-12-30,32.38999938964844,32.810001373291016,32.34000015258789,32.43000030517578,28.3707275390625,85400
2020-12-31,32.47999954223633,32.970001220703125,32.43000030517578,32.7599983215332,28.659421920776367,61500
2021-01-04,32.97999954223633,33.18000030517578,32.13999938964844,32.650001525878906,28.563196182250977,126300
2021-01-05,32.72999954223633,33.34000015258789,32.720001220703125,32.900001525878906,28.78190040588379,111400
2021-01-06,33.7400016784668,36.29999923706055,33.650001525878906,35.83000183105469,31.34514808654785,304500
2021-01-07,36.27000045776367,36.619998931884766,35.54999923706055,36.13999938964844,31.6163387298584,102200
2021-01-08,36.25,36.25,34.90999984741211,35.47999954223633,31.038951873779297,98300
2021-01-11,35.040000915527344,35.56999969482422,35.040000915527344,35.400001525878906,30.968976974487305,78500
2021-01-12,35.77000045776367,36.0,35.4900016784668,35.75,31.27516746520996,89600
2021-01-13,35.54999923706055,35.75,35.220001220703125,35.25,30.837751388549805,221000
2021-01-14,35.380001068115234,36.619998931884766,35.15999984741211,36.380001068115234,31.82630157470703,279000
2021-01-15,35.650001525878906,36.130001068115234,35.41999816894531,35.689998626708984,31.222675323486328,110000
2021-01-19,35.959999084472656,36.209999084472656,35.619998931884766,36.150001525878906,31.62509536743164,103700
2021-01-20,35.90999984741211,36.15999984741211,35.650001525878906,35.9900016784668,31.485122680664062,95600
2021-01-21,36.0,36.0,35.08000183105469,35.08000183105469,30.689023971557617,80700
2021-01-22,34.22999954223633,36.369998931884766,34.22999954223633,36.0,31.49386978149414,180500
2021-01-25,35.720001220703125,35.79999923706055,34.81999969482422,35.369998931884766,30.942720413208008,88000
2021-01-26,35.779998779296875,35.779998779296875,34.619998931884766,34.779998779296875,30.426578521728516,105700
2021-01-27,34.06999969482422,34.349998474121094,33.33000183105469,33.599998474121094,29.394275665283203,167100
2021-01-28,34.20000076293945,34.20000076293945,33.54999923706055,33.77000045776367,29.542999267578125,122600
2021-01-29,33.79999923706055,33.84000015258789,33.15999984741211,33.27000045776367,29.10558319091797,152500
2021-02-01,33.529998779296875,34.40999984741211,33.25,34.16999816894531,29.892929077148438,124200
2021-02-02,34.650001525878906,34.86000061035156,33.810001373291016,34.2400016784668,29.95417022705078,97600
2021-02-03,34.2400016784668,34.2400016784668,33.099998474121094,33.47999954223633,29.28929901123047,135800
2021-02-04,33.849998474121094,35.16999816894531,33.650001525878906,34.970001220703125,30.59279441833496,133400
2021-02-05,35.2400016784668,35.45000076293945,34.59000015258789,35.02000045776367,30.636533737182617,72600
2021-02-08,35.209999084472656,35.369998931884766,34.970001220703125,35.369998931884766,30.942720413208008,69200
2021-02-09,35.38999938964844,35.95000076293945,35.06999969482422,35.77000045776367,31.292667388916016,83500
2021-02-10,35.88999938964844,36.08000183105469,35.279998779296875,35.369998931884766,30.942720413208008,82400
2021-02-11,35.47999954223633,35.650001525878906,34.970001220703125,35.349998474121094,30.925230026245117,128700
2021-02-12,35.209999084472656,35.7599983215332,35.18000030517578,35.72999954223633,31.25766372680664,86800
2021-02-16,36.209999084472656,36.68000030517578,35.79999923706055,36.22999954223633,31.695083618164062,117200
2021-02-17,35.9900016784668,36.15999984741211,35.630001068115234,35.65999984741211,31.196420669555664,90300
2021-02-18,35.52000045776367,35.630001068115234,35.119998931884766,35.15999984741211,30.759008407592773,54200
2021-02-19,35.36000061035156,36.27000045776367,35.36000061035156,36.27000045776367,31.730070114135742,150900
2021-02-22,36.040000915527344,37.9900016784668,36.040000915527344,37.779998779296875,33.05107116699219,162300
2021-02-23,37.900001525878906,39.58000183105469,37.900001525878906,38.97999954223633,34.10084915161133,202400
2021-02-24,39.31999969482422,39.93000030517578,39.27000045776367,39.27000045776367,34.35456466674805,165800
2021-02-25,39.779998779296875,40.470001220703125,39.279998779296875,39.66999816894531,34.89107131958008,176400
2021-02-26,39.279998779296875,39.86000061035156,38.70000076293945,38.75,34.081905364990234,180100
2021-03-01,39.41999816894531,39.5,38.560001373291016,39.36000061035156,34.61843490600586,99000
2021-03-02,39.290000915527344,39.45000076293945,38.709999084472656,38.83000183105469,34.15227508544922,83600
2021-03-03,39.220001220703125,40.7599983215332,39.220001220703125,39.560001373291016,34.7943229675293,125200
2021-03-04,39.599998474121094,40.88999938964844,38.75,39.400001525878906,34.653602600097656,169700
2021-03-05,40.029998779296875,40.38999938964844,39.619998931884766,40.380001068115234,35.515541076660156,213800
2021-03-08,40.97999954223633,42.11000061035156,40.41999816894531,41.34000015258789,36.35989761352539,133100
2021-03-09,41.34000015258789,41.529998779296875,40.119998931884766,40.84000015258789,35.92013168334961,108900
2021-03-10,41.040000915527344,42.18000030517578,40.56999969482422,41.95000076293945,36.896419525146484,108900
2021-03-11,42.09000015258789,42.15999984741211,41.20000076293945,41.900001525878906,36.85243606567383,109400
2021-03-12,42.36000061035156,43.209999084472656,41.779998779296875,42.15999984741211,37.08110427856445,173400
2021-03-15,42.029998779296875,42.029998779296875,40.5099983215332,41.11000061035156,36.1576042175293,122000
2021-03-16,40.900001525878906,40.900001525878906,40.20000076293945,40.619998931884766,35.72663879394531,128600
2021-03-17,41.04999923706055,41.83000183105469,40.13999938964844,40.68000030517578,35.77940368652344,113400
2021-03-18,41.15999984741211,42.150001525878906,40.56999969482422,40.880001068115234,35.955326080322266,115400
2021-03-19,40.619998931884766,41.4900016784668,40.25,41.34000015258789,36.35989761352539,391800
2021-03-22,40.939998626708984,41.5,40.0,40.290000915527344,35.436397552490234,162300
2021-03-23,39.77000045776367,40.4900016784668,39.5,39.79999923706055,35.00541687011719,191000
2021-03-24,40.20000076293945,41.0,39.4900016784668,39.5099983215332,34.75035858154297,265700
2021-03-25,39.29999923706055,39.97999954223633,38.91999816894531,39.77000045776367,34.979026794433594,174400
2021-03-26,40.400001525878906,41.290000915527344,40.029998779296875,41.189998626708984,36.22796630859375,295000
2021-03-29,40.7599983215332,41.43000030517578,39.689998626708984,39.70000076293945,34.9174690246582,193200
2021-03-30,40.16999816894531,40.61000061035156,39.84000015258789,40.25,35.40120315551758,124400
2021-03-31,40.220001220703125,41.099998474121094,39.38999938964844,39.68000030517578,34.899871826171875,193400
2021-04-01,39.619998931884766,40.15999984741211,39.310001373291016,40.15999984741211,35.32204818725586,202400
2021-04-05,40.619998931884766,40.70000076293945,39.56999969482422,40.290000915527344,35.436397552490234,113300
2021-04-06,40.5099983215332,40.54999923706055,39.47999954223633,39.88999938964844,35.08457565307617,105400
2021-04-07,40.0,40.13999938964844,39.41999816894531,39.86000061035156,35.05819320678711,227400
2021-04-08,39.900001525878906,40.119998931884766,39.31999969482422,40.04999923706055,35.22529983520508,186600
2021-04-09,40.279998779296875,40.380001068115234,39.72999954223633,40.029998779296875,35.20771026611328,104700
2021-04-12,40.09000015258789,40.2599983215332,39.79999923706055,40.11000061035156,35.278072357177734,83400
2021-04-13,39.959999084472656,40.08000183105469,39.34000015258789,39.40999984741211,34.66239929199219,115300
2021-04-14,39.20000076293945,40.04999923706055,39.20000076293945,39.599998474121094,34.82951354980469,93200
2021-04-15,39.869998931884766,39.869998931884766,38.70000076293945,39.45000076293945,34.69757843017578,74600
2021-04-16,40.0099983215332,40.0099983215332,39.34000015258789,39.66999816894531,34.89107131958008,62400
2021-04-19,39.540000915527344,39.79999923706055,39.119998931884766,39.5099983215332,34.75035858154297,165800
2021-04-20,39.36000061035156,39.619998931884766,38.97999954223633,38.97999954223633,34.28419876098633,217100
2021-04-21,38.66999816894531,39.279998779296875,38.65999984741211,39.16999816894531,34.451316833496094,126700
2021-04-22,39.380001068115234,39.380001068115234,38.459999084472656,38.599998474121094,33.94997787475586,133600
2021-04-23,39.7599983215332,40.150001525878906,38.790000915527344,39.7599983215332,34.970237731933594,164900
2021-04-26,40.310001373291016,41.06999969482422,39.86000061035156,40.560001373291016,35.67387008666992,263100
2021-04-27,40.650001525878906,40.65999984741211,40.15999984741211,40.59000015258789,35.70024871826172,159800
2021-04-28,40.70000076293945,41.459999084472656,40.279998779296875,40.54999923706055,35.665069580078125,209100
2021-04-29,40.83000183105469,41.209999084472656,39.97999954223633,40.11000061035156,35.278072357177734,129400
2021-04-30,39.869998931884766,40.220001220703125,39.650001525878906,39.900001525878906,35.09337615966797,153900
2021-05-03,40.22999954223633,40.33000183105469,39.439998626708984,39.70000076293945,34.9174690246582,217000
2021-05-04,39.599998474121094,40.06999969482422,39.20000076293945,39.810001373291016,35.01421356201172,219100
2021-05-05,40.119998931884766,40.689998626708984,39.380001068115234,40.27000045776367,35.41880416870117,133500
2021-05-06,40.34000015258789,41.11000061035156,39.939998626708984,41.11000061035156,36.1576042175293,328500
2021-05-07,40.59000015258789,41.369998931884766,40.58000183105469,41.060001373291016,36.11362838745117,142700
2021-05-10,41.06999969482422,42.060001373291016,40.97999954223633,41.0,36.06086349487305,183400
2021-05-11,40.619998931884766,41.06999969482422,40.34000015258789,40.650001525878906,35.75302505493164,140600
2021-05-12,40.93000030517578,41.119998931884766,39.29999923706055,39.43000030517578,34.67999267578125,114900
2021-05-13,39.45000076293945,41.470001220703125,39.45000076293945,41.15999984741211,36.20159149169922,150500
2021-05-14,41.43000030517578,41.650001525878906,41.16999816894531,41.4900016784668,36.491825103759766,109600
2021-05-17,41.36000061035156,41.720001220703125,40.91999816894531,41.400001525878906,36.41267776489258,333200
2021-05-18,41.45000076293945,41.45000076293945,40.52000045776367,40.529998779296875,35.64747619628906,95600
2021-05-19,40.209999084472656,40.52000045776367,39.47999954223633,40.4900016784668,35.6122932434082,241600
2021-05-20,40.4900016784668,40.4900016784668,39.70000076293945,40.2400016784668,35.39241409301758,133400
2021-05-21,40.59000015258789,41.22999954223633,40.54999923706055,41.16999816894531,36.21038055419922,430500
2021-05-24,41.47999954223633,41.47999954223633,40.25,40.439998626708984,35.568321228027344,87000
2021-05-25,40.4900016784668,40.630001068115234,39.52000045776367,39.540000915527344,34.7767448425293,288700
2021-05-26,39.650001525878906,39.900001525878906,39.5,39.779998779296875,34.98782730102539,131100
2021-05-27,39.900001525878906,40.130001068115234,39.54999923706055,39.70000076293945,35.111656188964844,222300
2021-05-28,39.689998626708984,39.70000076293945,39.029998779296875,39.599998474121094,35.02320098876953,85200
2021-06-01,39.709999084472656,40.470001220703125,39.61000061035156,40.290000915527344,35.633460998535156,472300
2021-06-02,40.5,40.5,39.380001068115234,39.459999084472656,34.89938735961914,89200
2021-06-03,39.599998474121094,40.16999816894531,39.310001373291016,39.90999984741211,35.29737091064453,128700
2021-06-04,39.75,40.02000045776367,39.2400016784668,39.56999969482422,34.996673583984375,138800
2021-06-07,39.880001068115234,40.119998931884766,39.40999984741211,39.650001525878906,35.06743240356445,71900
2021-06-08,39.529998779296875,40.09000015258789,39.2599983215332,39.970001220703125,35.35044479370117,78400
2021-06-09,39.68000030517578,40.439998626708984,39.38999938964844,39.79999923706055,35.20008850097656,115400
2021-06-10,40.34000015258789,40.34000015258789,39.529998779296875,39.54999923706055,34.97897720336914,203900
2021-06-11,39.619998931884766,40.06999969482422,39.22999954223633,39.41999816894531,34.8640022277832,105700
2021-06-14,39.599998474121094,39.779998779296875,38.959999084472656,39.279998779296875,34.74018859863281,113000
2021-06-15,39.459999084472656,40.04999923706055,39.189998626708984,39.47999954223633,34.91707992553711,100500
2021-06-16,39.36000061035156,40.150001525878906,39.099998474121094,39.95000076293945,35.33275604248047,103200
2021-06-17,40.099998474121094,40.22999954223633,38.2400016784668,38.29999923706055,33.87344741821289,216500
2021-06-18,37.93000030517578,37.9900016784668,36.459999084472656,36.540000915527344,32.31686782836914,387200
2021-06-21,37.02000045776367,37.72999954223633,37.02000045776367,37.5099983215332,33.17475891113281,203800
2021-06-22,37.279998779296875,37.56999969482422,36.689998626708984,37.40999984741211,33.08631134033203,74300
2021-06-23,37.40999984741211,37.810001373291016,37.119998931884766,37.369998931884766,33.05093765258789,137400
2021-06-24,37.65999984741211,37.9900016784668,37.25,37.88999938964844,33.51083755493164,104700
2021-06-25,38.040000915527344,38.2599983215332,37.709999084472656,37.77000045776367,33.40471267700195,462400
2021-06-28,37.619998931884766,37.619998931884766,36.439998626708984,36.560001373291016,32.33454513549805,104700
2021-06-29,36.91999816894531,36.91999816894531,36.310001373291016,36.34000015258789,32.13998031616211,61600
2021-06-30,37.41999816894531,38.099998474121094,37.15999984741211,37.7400016784668,33.378173828125,244000
2021-07-01,38.04999923706055,38.15999984741211,37.52000045776367,37.689998626708984,33.333946228027344,159800
2021-07-02,37.38999938964844,37.689998626708984,36.849998474121094,37.099998474121094,32.8121452331543,138200
2021-07-06,37.099998474121094,37.099998474121094,36.029998779296875,36.599998474121094,32.369930267333984,194100
2021-07-07,36.18000030517578,36.790000915527344,35.66999816894531,35.900001525878906,31.750835418701172,135900
2021-07-08,35.290000915527344,35.86000061035156,34.880001068115234,35.470001220703125,31.370532989501953,109300
2021-07-09,36.150001525878906,36.720001220703125,35.959999084472656,36.689998626708984,32.44952392578125,117000
2021-07-12,36.4900016784668,37.06999969482422,36.310001373291016,37.04999923706055,32.76792526245117,123900
2021-07-13,36.86000061035156,37.18000030517578,35.88999938964844,35.900001525878906,31.750835418701172,115500
2021-07-14,36.04999923706055,36.279998779296875,35.5099983215332,35.7400016784668,31.609331130981445,73400
2021-07-15,35.47999954223633,36.099998474121094,35.31999969482422,35.9900016784668,31.83043098449707,98900
2021-07-16,36.34000015258789,36.34000015258789,35.380001068115234,35.5,31.397066116333008,116400
2021-07-19,34.619998931884766,34.95000076293945,34.11000061035156,34.33000183105469,30.362281799316406,173400
2021-07-20,34.33000183105469,35.790000915527344,34.33000183105469,35.310001373291016,31.229021072387695,239000
2021-07-21,35.720001220703125,36.119998931884766,35.61000061035156,35.93000030517578,31.777368545532227,121400
2021-07-22,35.61000061035156,35.61000061035156,34.849998474121094,35.06999969482422,31.01675796508789,94400
2021-07-23,35.4900016784668,35.599998474121094,35.25,35.43000030517578,31.33515167236328,83500
2021-07-26,35.58000183105469,36.040000915527344,35.58000183105469,35.810001373291016,31.671236038208008,128500
2021-07-27,34.7599983215332,35.61000061035156,34.7599983215332,35.400001525878906,31.308637619018555,120300
2021-07-28,35.18000030517578,36.119998931884766,35.18000030517578,35.66999816894531,31.54741668701172,145500
2021-07-29,35.83000183105469,36.400001525878906,35.630001068115234,36.0,31.839275360107422,80900
2021-07-30,36.029998779296875,36.209999084472656,35.439998626708984,35.459999084472656,31.361684799194336,111100
2021-08-02,35.5,36.31999969482422,35.0,35.20000076293945,31.13174057006836,136000
2021-08-03,35.41999816894531,35.61000061035156,34.849998474121094,35.59000015258789,31.476665496826172,138800
2021-08-04,35.02000045776367,35.189998626708984,34.66999816894531,34.709999084472656,30.6983699798584,291500
2021-08-05,35.0,35.36000061035156,34.86000061035156,35.33000183105469,31.246713638305664,84500
2021-08-06,35.93000030517578,36.689998626708984,35.47999954223633,36.459999084472656,32.24610900878906,78300
2021-08-09,36.369998931884766,36.709999084472656,35.81999969482422,36.40999984741211,32.20189666748047,109500
2021-08-10,36.27000045776367,36.869998931884766,36.18000030517578,36.790000915527344,32.5379753112793,56800
2021-08-11,36.93000030517578,37.400001525878906,36.59000015258789,37.380001068115234,33.05978012084961,85300
2021-08-12,37.40999984741211,37.40999984741211,36.83000183105469,36.849998474121094,32.591033935546875,69700
2021-08-13,36.900001525878906,37.189998626708984,36.70000076293945,37.04999923706055,32.76792526245117,121400
2021-08-16,36.689998626708984,37.130001068115234,36.36000061035156,36.95000076293945,32.67947769165039,83300
2021-08-17,36.72999954223633,37.06999969482422,36.41999816894531,36.599998474121094,32.369930267333984,193700
2021-08-18,36.56999969482422,37.040000915527344,36.279998779296875,36.310001373291016,32.11344528198242,114600
2021-08-19,35.93000030517578,36.20000076293945,35.75,36.18000030517578,31.99847412109375,128300
2021-08-20,36.08000183105469,37.02000045776367,36.08000183105469,37.0,32.72370147705078,92200
2021-08-23,37.11000061035156,37.400001525878906,36.95000076293945,37.22999954223633,32.927127838134766,70000
2021-08-24,37.31999969482422,37.459999084472656,37.150001525878906,37.22999954223633,32.927127838134766,70800
2021-08-25,37.33000183105469,37.650001525878906,37.2400016784668,37.290000915527344,32.980186462402344,106500
2021-08-26,37.18000030517578,37.18000030517578,36.7400016784668,36.75,32.695491790771484,88700
2021-08-27,36.77000045776367,37.90999984741211,36.77000045776367,37.810001373291016,33.638545989990234,84900
2021-08-30,37.849998474121094,37.849998474121094,37.060001373291016,37.08000183105469,32.98908615112305,106600
2021-08-31,37.040000915527344,37.650001525878906,36.9900016784668,37.5,33.36274337768555,163400
2021-09-01,37.43000030517578,37.43000030517578,36.90999984741211,37.29999923706055,33.184810638427734,84300
2021-09-02,37.439998626708984,37.619998931884766,37.209999084472656,37.22999954223633,33.12254333496094,94700
2021-09-03,37.150001525878906,37.279998779296875,36.81999969482422,37.22999954223633,33.12254333496094,78100
2021-09-07,37.150001525878906,37.45000076293945,36.84000015258789,36.86000061035156,32.79335403442383,88400
2021-09-08,36.61000061035156,36.720001220703125,36.189998626708984,36.38999938964844,32.375205993652344,88000
2021-09-09,36.16999816894531,36.7400016784668,36.0099983215332,36.25,32.250648498535156,129400
2021-09-10,36.40999984741211,36.88999938964844,35.84000015258789,35.93000030517578,31.965959548950195,99800
2021-09-13,36.130001068115234,36.25,35.63999938964844,36.15999984741211,32.17058181762695,103600
2021-09-14,36.189998626708984,36.189998626708984,34.880001068115234,34.959999084472656,31.10297966003418,146100
2021-09-15,34.880001068115234,35.380001068115234,34.81999969482422,35.220001220703125,31.33429527282715,135500
2021-09-16,35.20000076293945,35.38999938964844,34.70000076293945,34.900001525878906,31.04959487915039,115800
2021-09-17,34.880001068115234,36.02000045776367,34.880001068115234,35.97999954223633,32.01044464111328,516300
2021-09-20,35.70000076293945,36.34000015258789,35.38999938964844,36.18000030517578,32.188377380371094,203900
2021-09-21,36.41999816894531,36.779998779296875,36.0,36.400001525878906,32.38410568237305,164600
2021-09-22,36.790000915527344,37.459999084472656,36.790000915527344,37.029998779296875,32.9445915222168,119300
2021-09-23,37.34000015258789,38.540000915527344,37.06999969482422,38.099998474121094,33.89654541015625,109700
2021-09-24,38.060001373291016,38.84000015258789,38.060001373291016,38.5099983215332,34.26131057739258,75300
2021-09-27,38.86000061035156,40.099998474121094,38.81999969482422,39.59000015258789,35.22216033935547,132400
2021-09-28,39.90999984741211,39.95000076293945,38.97999954223633,39.279998779296875,34.94636154174805,100800
2021-09-29,39.5,40.15999984741211,39.25,40.029998779296875,35.61361312866211,92400
2021-09-30,40.38999938964844,40.810001373291016,39.90999984741211,40.47999954223633,36.01396560668945,166200
2021-10-01,40.77000045776367,41.779998779296875,40.63999938964844,41.400001525878906,36.83247756958008,147300
2021-10-04,41.41999816894531,41.689998626708984,40.77000045776367,41.09000015258789,36.556678771972656,115900
2021-10-05,41.22999954223633,41.68000030517578,40.880001068115234,41.4900016784668,36.91253662109375,117000
2021-10-06,41.15999984741211,41.84000015258789,40.63999938964844,41.79999923706055,37.18833923339844,78000
2021-10-07,42.08000183105469,42.380001068115234,42.02000045776367,42.33000183105469,37.65986633300781,107300
2021-10-08,42.58000183105469,42.779998779296875,42.18000030517578,42.380001068115234,37.704349517822266,79700
2021-10-11,42.5,42.77000045776367,41.97999954223633,42.060001373291016,37.41965103149414,100300
2021-10-12,42.0,42.5,41.709999084472656,41.90999984741211,37.28620529174805,104800
2021-10-13,41.81999969482422,41.81999969482422,40.900001525878906,41.34000015258789,36.77908706665039,58300
2021-10-14,41.650001525878906,41.849998474121094,41.25,41.599998474121094,37.01040267944336,81600
2021-10-15,42.310001373291016,42.310001373291016,41.349998474121094,41.38999938964844,36.82357406616211,96900
2021-10-18,41.18000030517578,41.7599983215332,41.11000061035156,41.209999084472656,36.66343307495117,83200
2021-10-19,41.27000045776367,41.27000045776367,40.810001373291016,41.20000076293945,36.65452575683594,79300
2021-10-20,40.900001525878906,42.040000915527344,40.900001525878906,42.029998779296875,37.39295959472656,97100
2021-10-21,42.540000915527344,43.130001068115234,42.20000076293945,43.040000915527344,38.29153823852539,146400
2021-10-22,43.31999969482422,43.72999954223633,43.060001373291016,43.540000915527344,38.736366271972656,99100
2021-10-25,43.56999969482422,43.95000076293945,43.25,43.849998474121094,39.01217269897461,116400
2021-10-26,43.95000076293945,44.08000183105469,43.36000061035156,43.540000915527344,38.736366271972656,66100
2021-10-27,43.18000030517578,43.70000076293945,42.959999084472656,43.349998474121094,38.56733322143555,175100
2021-10-28,43.400001525878906,44.439998626708984,43.13999938964844,43.27000045776367,38.49616241455078,102900
2021-10-29,43.470001220703125,43.4900016784668,43.0,43.369998931884766,38.58513259887695,62100
2021-11-01,43.59000015258789,44.52000045776367,43.279998779296875,44.439998626708984,39.53707504272461,147300
2021-11-02,44.63999938964844,44.63999938964844,43.540000915527344,43.560001373291016,38.7541618347168,88100
2021-11-03,43.349998474121094,44.880001068115234,43.349998474121094,44.68000030517578,39.7505989074707,85100
2021-11-04,44.529998779296875,45.02000045776367,43.79999923706055,44.95000076293945,39.990814208984375,127900
2021-11-05,45.40999984741211,45.63999938964844,44.88999938964844,44.90999984741211,39.955223083496094,208300
2021-11-08,45.209999084472656,45.529998779296875,44.77000045776367,45.09000015258789,40.115360260009766,184400
2021-11-09,44.83000183105469,45.38999938964844,44.5099983215332,45.290000915527344,40.293304443359375,193200
2021-11-10,45.470001220703125,45.900001525878906,45.06999969482422,45.790000915527344,40.738128662109375,131300
2021-11-11,45.880001068115234,46.27000045776367,45.470001220703125,45.77000045776367,40.7203369140625,149600
2021-11-12,46.02000045776367,46.02000045776367,45.130001068115234,45.279998779296875,40.284400939941406,110300
2021-11-15,45.5099983215332,45.5099983215332,45.0,45.31999969482422,40.319984436035156,221100
2021-11-16,44.97999954223633,45.63999938964844,44.88999938964844,45.189998626708984,40.20433044433594,105300
2021-11-17,44.91999816894531,45.349998474121094,44.36000061035156,45.20000076293945,40.213226318359375,89700
2021-11-18,45.220001220703125,45.720001220703125,44.86000061035156,45.52000045776367,40.497928619384766,88200
2021-11-19,44.93000030517578,45.43000030517578,44.88999938964844,45.209999084472656,40.222129821777344,83600
2021-11-22,45.77000045776367,46.52000045776367,45.279998779296875,45.310001373291016,40.311092376708984,98600
2021-11-23,45.470001220703125,45.81999969482422,45.20000076293945,45.56999969482422,40.54240417480469,100100
2021-11-24,45.29999923706055,46.34000015258789,45.290000915527344,46.099998474121094,41.212894439697266,141300
2021-11-26,44.720001220703125,44.720001220703125,42.900001525878906,43.61000061035156,38.98686599731445,98200
2021-11-29,44.060001373291016,44.25,42.95000076293945,43.18000030517578,38.60246276855469,141000
2021-11-30,42.599998474121094,43.209999084472656,42.52000045776367,42.619998931884766,38.1018180847168,241200
2021-12-01,43.7400016784668,44.209999084472656,42.959999084472656,42.97999954223633,38.42365264892578,194800
2021-12-02,43.400001525878906,44.54999923706055,43.380001068115234,44.040000915527344,39.37128448486328,173900
2021-12-03,44.310001373291016,44.310001373291016,43.150001525878906,43.540000915527344,38.924285888671875,177000
2021-12-06,44.33000183105469,45.119998931884766,44.189998626708984,44.529998779296875,39.809329986572266,173200
2021-12-07,45.0,45.0,43.27000045776367,43.5,38.888526916503906,104900
2021-12-08,43.61000061035156,43.66999816894531,43.09000015258789,43.599998474121094,38.977928161621094,106100
2021-12-09,43.18000030517578,43.38999938964844,43.02000045776367,43.27000045776367,38.68291473388672,85400
2021-12-10,43.5,43.709999084472656,42.81999969482422,43.650001525878906,39.02262878417969,81100
2021-12-13,43.439998626708984,43.459999084472656,42.81999969482422,42.849998474121094,38.307430267333984,153600
2021-12-14,43.0099983215332,43.959999084472656,42.77000045776367,42.959999084472656,38.4057731628418,131500
2021-12-15,43.13999938964844,43.75,42.63999938964844,42.9900016784668,38.432586669921875,311600
2021-12-16,43.630001068115234,44.40999984741211,43.06999969482422,43.63999938964844,39.01369094848633,245600
2021-12-17,43.209999084472656,43.689998626708984,42.2599983215332,43.66999816894531,39.040504455566406,584000
2021-12-20,43.209999084472656,43.209999084472656,41.54999923706055,42.13999938964844,37.67270278930664,283900
2021-12-21,42.63999938964844,43.5099983215332,42.63999938964844,43.22999954223633,38.647159576416016,144100
2021-12-22,43.130001068115234,43.400001525878906,42.86000061035156,43.22999954223633,38.647159576416016,76100
2021-12-23,43.56999969482422,43.790000915527344,43.400001525878906,43.529998779296875,38.91534423828125,59100
2021-12-27,43.5099983215332,43.959999084472656,43.279998779296875,43.91999816894531,39.26400375366211,67800
2021-12-28,43.88999938964844,44.27000045776367,43.29999923706055,43.959999084472656,39.29976272583008,55000
2021-12-29,43.939998626708984,44.18000030517578,43.63999938964844,44.119998931884766,39.44279861450195,84000
2021-12-30,44.150001525878906,44.540000915527344,43.849998474121094,43.97999954223633,39.31764602661133,104700
2021-12-31,43.880001068115234,44.220001220703125,43.61000061035156,43.939998626708984,39.28187942504883,66300
2022-01-03,44.349998474121094,44.880001068115234,43.880001068115234,44.2599983215332,39.567962646484375,94000
2022-01-04,44.75,45.7400016784668,44.529998779296875,45.619998931884766,40.78378677368164,130200
2022-01-05,45.849998474121094,46.560001373291016,45.77000045776367,45.86000061035156,40.99834060668945,134600
2022-01-06,46.279998779296875,47.27000045776367,46.060001373291016,47.08000183105469,42.08901596069336,85800
2022-01-07,46.779998779296875,47.65999984741211,46.56999969482422,47.400001525878906,42.37508010864258,143200
2022-01-10,47.83000183105469,47.93000030517578,47.349998474121094,47.779998779296875,42.71479415893555,159600
2022-01-11,47.720001220703125,47.720001220703125,46.650001525878906,46.959999084472656,41.981719970703125,102900
2022-01-12,47.029998779296875,47.33000183105469,46.369998931884766,46.79999923706055,41.838687896728516,129100
2022-01-13,47.099998474121094,47.70000076293945,46.90999984741211,47.290000915527344,42.27674865722656,72400
2022-01-14,46.70000076293945,47.47999954223633,46.2400016784668,47.40999984741211,42.3840217590332,76500
2022-01-18,47.06999969482422,47.59000015258789,46.380001068115234,46.59000015258789,41.65095138549805,96600
2022-01-19,46.529998779296875,46.529998779296875,44.95000076293945,44.959999084472656,40.19374465942383,89800
2022-01-20,45.20000076293945,45.33000183105469,43.72999954223633,43.970001220703125,39.308712005615234,80000
2022-01-21,43.65999984741211,45.959999084472656,43.65999984741211,44.7400016784668,39.997074127197266,204000
2022-01-24,44.869998931884766,47.810001373291016,44.619998931884766,47.459999084472656,42.4287223815918,326000
2022-01-25,47.189998626708984,48.2400016784668,46.43000030517578,47.58000183105469,42.536006927490234,195900
2022-01-26,47.5,48.119998931884766,46.290000915527344,46.84000015258789,41.874454498291016,220200
2022-01-27,46.65999984741211,47.18000030517578,45.54999923706055,45.77000045776367,40.91788101196289,160900
2022-01-28,45.810001373291016,45.959999084472656,44.369998931884766,45.40999984741211,40.596046447753906,205500
2022-01-31,45.20000076293945,45.540000915527344,44.56999969482422,45.400001525878906,40.58710861206055,202000
2022-02-01,45.20000076293945,45.84000015258789,44.40999984741211,45.68000030517578,40.83742904663086,175600
2022-02-02,45.38999938964844,45.779998779296875,44.790000915527344,45.18000030517578,40.39042282104492,124900
2022-02-03,45.189998626708984,45.900001525878906,44.97999954223633,45.2400016784668,40.44407653808594,98800
2022-02-04,45.22999954223633,45.810001373291016,44.84000015258789,45.63999938964844,40.80166244506836,83300
2022-02-07,45.36000061035156,45.88999938964844,45.16999816894531,45.810001373291016,40.953643798828125,76300
2022-02-08,46.119998931884766,47.380001068115234,46.060001373291016,47.36000061035156,42.339324951171875,124300
2022-02-09,47.130001068115234,47.27000045776367,46.810001373291016,46.88999938964844,41.919151306152344,158000
2022-02-10,46.709999084472656,47.38999938964844,46.529998779296875,47.220001220703125,42.21417236328125,190600
2022-02-11,46.97999954223633,47.7400016784668,46.97999954223633,47.369998931884766,42.348262786865234,196700
2022-02-14,47.25,47.47999954223633,45.779998779296875,45.869998931884766,41.00727844238281,349100
2022-02-15,46.41999816894531,47.25,46.41999816894531,46.84000015258789,41.874454498291016,95100
2022-02-16,46.650001525878906,47.09000015258789,45.91999816894531,46.41999816894531,41.498966217041016,136000
2022-02-17,46.04999923706055,46.04999923706055,45.310001373291016,45.40999984741211,40.596046447753906,128000
2022-02-18,45.029998779296875,46.09000015258789,44.9900016784668,45.720001220703125,40.8731803894043,428700
2022-02-22,45.79999923706055,45.970001220703125,45.25,45.4900016784668,40.667564392089844,142500
2022-02-23,45.90999984741211,46.0099983215332,44.58000183105469,44.709999084472656,39.97025680541992,104800
2022-02-24,43.4900016784668,44.0,41.54999923706055,42.939998626708984,38.586395263671875,201200
2022-02-25,43.06999969482422,44.66999816894531,43.06999969482422,44.400001525878906,39.89836120605469,109500
2022-02-28,43.59000015258789,44.65999984741211,43.529998779296875,44.380001068115234,39.880393981933594,133200
2022-03-01,43.77000045776367,44.209999084472656,40.72999954223633,41.400001525878906,37.202537536621094,379700
2022-03-02,41.84000015258789,43.689998626708984,41.84000015258789,43.34000015258789,38.94583511352539,171600
2022-03-03,43.36000061035156,43.66999816894531,42.599998474121094,43.040000915527344,38.67625045776367,130700
2022-03-04,42.349998474121094,42.349998474121094,41.45000076293945,41.75,37.51704406738281,148900
2022-03-07,41.54999923706055,41.869998931884766,40.33000183105469,40.439998626708984,36.339866638183594,176900
2022-03-08,40.779998779296875,41.779998779296875,40.4900016784668,40.560001373291016,36.44770050048828,194800
2022-03-09,41.72999954223633,42.20000076293945,41.36000061035156,41.41999816894531,37.22050476074219,124900
2022-03-10,40.900001525878906,41.630001068115234,40.900001525878906,41.59000015258789,37.373260498046875,70000
2022-03-11,41.81999969482422,42.349998474121094,41.59000015258789,41.86000061035156,37.61588668823242,102800
2022-03-14,42.59000015258789,43.13999938964844,42.25,42.650001525878906,38.3257942199707,93900
2022-03-15,43.0099983215332,43.22999954223633,42.029998779296875,42.33000183105469,38.038238525390625,134200
2022-03-16,42.83000183105469,43.189998626708984,42.310001373291016,43.08000183105469,38.71219253540039,126300
2022-03-17,42.59000015258789,42.86000061035156,42.02000045776367,42.68000030517578,38.352752685546875,68600
2022-03-18,42.709999084472656,42.709999084472656,41.25,42.599998474121094,38.28086471557617,365900
2022-03-21,42.65999984741211,42.81999969482422,42.040000915527344,42.52000045776367,38.208980560302734,117700
2022-03-22,42.849998474121094,43.47999954223633,42.2400016784668,42.27000045776367,37.98432159423828,104700
2022-03-23,42.13999938964844,42.13999938964844,40.560001373291016,40.650001525878906,36.528568267822266,104700
2022-03-24,40.95000076293945,41.16999816894531,40.40999984741211,41.02000045776367,36.861053466796875,71700
2022-03-25,41.310001373291016,41.810001373291016,41.29999923706055,41.790000915527344,37.5529899597168,87700
2022-03-28,41.5099983215332,41.5099983215332,40.72999954223633,41.310001373291016,37.12165832519531,93200
2022-03-29,41.81999969482422,42.29999923706055,41.41999816894531,41.939998626708984,37.68777847290039,131900
2022-03-30,42.130001068115234,42.279998779296875,40.52000045776367,40.81999969482422,36.68133544921875,142100
2022-03-31,40.720001220703125,41.34000015258789,40.150001525878906,40.279998779296875,36.19607925415039,105800
2022-04-01,40.7400016784668,41.04999923706055,40.279998779296875,40.83000183105469,36.69032287597656,201200
2022-04-04,41.33000183105469,41.33000183105469,40.29999923706055,40.65999984741211,36.53754806518555,121300
2022-04-05,40.86000061035156,41.31999969482422,40.099998474121094,40.16999816894531,36.09723663330078,120900
2022-04-06,40.040000915527344,40.29999923706055,39.36000061035156,39.380001068115234,35.387332916259766,184700
2022-04-07,39.650001525878906,39.650001525878906,38.599998474121094,38.9900016784668,35.03688430786133,180900
2022-04-08,39.150001525878906,39.25,38.47999954223633,38.560001373291016,34.65047836303711,96700
2022-04-11,38.529998779296875,39.560001373291016,38.529998779296875,38.68000030517578,34.75830841064453,102800
2022-04-12,38.77000045776367,39.369998931884766,38.43000030517578,38.65999984741211,34.74032974243164,90400
2022-04-13,38.439998626708984,39.119998931884766,38.439998626708984,39.06999969482422,35.1087646484375,88700
2022-04-14,38.95000076293945,39.29999923706055,38.40999984741211,38.689998626708984,34.76728820800781,81700
2022-04-18,38.31999969482422,38.869998931884766,38.029998779296875,38.86000061035156,34.9200553894043,162200
2022-04-19,38.689998626708984,39.939998626708984,38.61000061035156,39.7400016784668,35.710838317871094,166600
2022-04-20,40.290000915527344,40.810001373291016,40.119998931884766,40.130001068115234,36.06129455566406,109100
2022-04-21,40.560001373291016,40.66999816894531,39.099998474121094,39.29999923706055,35.31544494628906,112800
2022-04-22,39.20000076293945,39.279998779296875,38.650001525878906,38.689998626708984,34.76728820800781,100900
2022-04-25,38.16999816894531,38.59000015258789,36.77000045776367,37.88999938964844,34.048404693603516,200200
2022-04-26,37.400001525878906,37.869998931884766,36.36000061035156,36.54999923706055,32.84425735473633,131000
2022-04-27,36.52000045776367,36.75,36.119998931884766,36.33000183105469,32.64657211303711,153300
2022-04-28,36.70000076293945,37.130001068115234,36.11000061035156,37.04999923706055,33.2935676574707,119400
2022-04-29,36.810001373291016,37.470001220703125,36.040000915527344,36.5099983215332,32.80830764770508,186600
2022-05-02,36.779998779296875,37.529998779296875,36.279998779296875,37.029998779296875,33.27559280395508,642400
2022-05-03,37.04999923706055,37.77000045776367,36.75,37.43000030517578,33.63503646850586,108400
2022-05-04,37.52000045776367,38.540000915527344,37.400001525878906,38.5,34.5965576171875,134900
2022-05-05,38.06999969482422,38.06999969482422,37.150001525878906,37.95000076293945,34.102317810058594,175100
2022-05-06,37.81999969482422,38.099998474121094,37.5,38.02000045776367,34.16521453857422,181400
2022-05-09,37.560001373291016,38.75,37.47999954223633,38.279998779296875,34.398860931396484,137400
2022-05-10,38.400001525878906,39.52000045776367,37.06999969482422,37.709999084472656,33.88665008544922,191600
2022-05-11,37.779998779296875,38.45000076293945,37.369998931884766,37.86000061035156,34.02145004272461,150800
2022-05-12,37.65999984741211,37.97999954223633,37.349998474121094,37.90999984741211,34.066368103027344,165400
2022-05-13,38.310001373291016,39.189998626708984,37.880001068115234,38.4900016784668,34.58757019042969,371900
2022-05-16,38.41999816894531,38.790000915527344,37.849998474121094,38.34000015258789,34.45277404785156,433300
2022-05-17,39.11000061035156,40.119998931884766,39.11000061035156,40.0,35.94446563720703,160000
2022-05-18,39.47999954223633,40.040000915527344,39.310001373291016,39.84000015258789,35.80069351196289,285300
2022-05-19,39.220001220703125,39.869998931884766,38.97999954223633,38.97999954223633,35.02788543701172,220500
2022-05-20,39.25,39.61000061035156,38.15999984741211,38.849998474121094,34.911067962646484,154700
2022-05-23,39.63999938964844,39.9900016784668,39.119998931884766,39.380001068115234,35.387332916259766,112000
2022-05-24,39.45000076293945,39.619998931884766,38.5,39.40999984741211,35.41429138183594,94800
2022-05-25,39.18000030517578,40.22999954223633,39.18000030517578,40.0099983215332,35.95345687866211,96600
2022-05-26,40.20000076293945,40.459999084472656,39.79999923706055,40.34000015258789,36.4595947265625,86200
2022-05-27,40.59000015258789,41.2599983215332,40.52000045776367,41.209999084472656,37.24589920043945,90300
2022-05-31,40.83000183105469,41.25,40.59000015258789,40.75,36.83015060424805,232000
2022-06-01,40.90999984741211,40.90999984741211,40.09000015258789,40.2599983215332,36.38728713989258,109300
2022-06-02,40.25,41.18000030517578,39.869998931884766,41.150001525878906,37.19166946411133,158000
2022-06-03,40.95000076293945,40.95000076293945,40.63999938964844,40.779998779296875,36.857269287109375,85000
2022-06-06,41.25,41.31999969482422,40.869998931884766,41.029998779296875,37.08321762084961,114000
2022-06-07,40.81999969482422,41.22999954223633,40.529998779296875,41.099998474121094,37.146484375,97700
2022-06-08,40.939998626708984,41.04999923706055,40.369998931884766,40.650001525878906,36.739768981933594,148500
2022-06-09,40.63999938964844,40.79999923706055,39.470001220703125,39.52000045776367,35.71847152709961,160800
2022-06-10,38.97999954223633,39.310001373291016,37.959999084472656,38.18000030517578,34.50736999511719,115600
2022-06-13,37.400001525878906,38.06999969482422,37.29999923706055,37.66999816894531,34.046424865722656,125600
2022-06-14,37.720001220703125,38.33000183105469,37.720001220703125,38.060001373291016,34.39891052246094,99000
2022-06-15,38.59000015258789,39.61000061035156,38.16999816894531,38.880001068115234,35.14002990722656,191000
2022-06-16,38.34000015258789,38.34000015258789,37.220001220703125,37.45000076293945,33.847591400146484,144700
2022-06-17,38.029998779296875,38.459999084472656,37.529998779296875,37.939998626708984,34.29045104980469,274800
2022-06-21,38.7400016784668,38.970001220703125,38.380001068115234,38.810001373291016,35.0767707824707,114700
2022-06-22,38.400001525878906,38.88999938964844,38.400001525878906,38.5,34.79658889770508,100800
2022-06-23,38.279998779296875,38.630001068115234,37.61000061035156,37.970001220703125,34.317569732666016,71700
2022-06-24,38.130001068115234,39.13999938964844,38.130001068115234,38.650001525878906,34.93215560913086,135900
2022-06-27,39.08000183105469,39.08000183105469,38.65999984741211,38.939998626708984,35.19426345825195,79600
2022-06-28,39.40999984741211,39.779998779296875,39.150001525878906,39.16999816894531,35.402137756347656,144300
2022-06-29,39.20000076293945,39.20000076293945,38.33000183105469,38.36000061035156,34.6700553894043,129800
2022-06-30,37.72999954223633,38.61000061035156,37.5099983215332,38.27000045776367,34.58870315551758,131400
2022-07-01,38.18000030517578,39.08000183105469,38.029998779296875,38.849998474121094,35.1129150390625,105800
2022-07-05,38.130001068115234,38.68000030517578,37.61000061035156,38.66999816894531,34.950233459472656,137000
2022-07-06,38.33000183105469,38.779998779296875,37.939998626708984,38.310001373291016,34.62486267089844,85700
2022-07-07,38.720001220703125,38.83000183105469,38.060001373291016,38.06999969482422,34.40795135498047,74500
2022-07-08,38.349998474121094,38.349998474121094,37.720001220703125,38.25,34.57063674926758,101900
2022-07-11,37.91999816894531,38.34000015258789,37.77000045776367,38.13999938964844,34.471221923828125,58500
2022-07-12,37.869998931884766,38.34000015258789,37.7599983215332,37.97999954223633,34.32660675048828,90600
2022-07-13,37.650001525878906,37.88999938964844,37.22999954223633,37.650001525878906,34.02834701538086,69800
2022-07-14,36.97999954223633,37.61000061035156,36.779998779296875,37.59000015258789,33.974124908447266,95300
2022-07-15,38.2599983215332,39.09000015258789,38.04999923706055,38.970001220703125,35.22137451171875,139300
2022-07-18,39.47999954223633,39.7599983215332,38.88999938964844,39.0099983215332,35.25752258300781,62200
2022-07-19,39.4900016784668,40.22999954223633,39.16999816894531,40.119998931884766,36.2607536315918,147400
2022-07-20,40.54999923706055,41.970001220703125,40.290000915527344,41.70000076293945,37.68877410888672,192500
2022-07-21,41.880001068115234,41.939998626708984,40.93000030517578,41.36000061035156,37.3814811706543,108800
2022-07-22,41.619998931884766,41.619998931884766,40.56999969482422,40.779998779296875,36.857269287109375,148700
2022-07-25,40.81999969482422,41.34000015258789,40.81999969482422,41.04999923706055,37.101295471191406,107300
2022-07-26,40.77000045776367,41.33000183105469,40.77000045776367,41.0,37.05611038208008,116000
2022-07-27,40.61000061035156,41.630001068115234,40.40999984741211,41.31999969482422,37.34532165527344,118800
2022-07-28,41.45000076293945,41.45000076293945,40.75,41.0,37.05611038208008,86900
2022-07-29,40.900001525878906,41.779998779296875,40.900001525878906,41.619998931884766,37.61646270751953,107700
2022-08-01,41.58000183105469,42.25,41.15999984741211,41.95000076293945,37.91472244262695,112700
2022-08-02,41.880001068115234,42.130001068115234,41.439998626708984,41.5,37.50801086425781,79800
2022-08-03,41.689998626708984,42.08000183105469,41.15999984741211,41.79999923706055,37.779151916503906,63800
2022-08-04,41.81999969482422,41.81999969482422,41.209999084472656,41.54999923706055,37.553199768066406,72800
2022-08-05,41.25,41.97999954223633,41.25,41.70000076293945,37.68877410888672,73700
2022-08-08,41.75,41.88999938964844,41.31999969482422,41.630001068115234,37.62550354003906,79400
2022-08-09,41.66999816894531,42.04999923706055,41.470001220703125,42.0099983215332,37.96894454956055,73600
2022-08-10,42.630001068115234,42.7599983215332,42.189998626708984,42.209999084472656,38.14970016479492,77800
2022-08-11,42.650001525878906,43.209999084472656,42.400001525878906,43.09000015258789,38.945064544677734,108900
2022-08-12,43.349998474121094,43.7400016784668,43.11000061035156,43.65999984741211,39.460227966308594,58500
2022-08-15,43.290000915527344,43.849998474121094,43.0,43.849998474121094,39.63195037841797,98000
2022-08-16,43.599998474121094,44.58000183105469,43.599998474121094,44.279998779296875,40.020599365234375,209000
2022-08-17,43.83000183105469,44.06999969482422,43.36000061035156,43.93000030517578,39.70425796508789,83600
2022-08-18,43.68000030517578,44.02000045776367,43.43000030517578,43.959999084472656,39.73137283325195,86200
2022-08-19,43.7400016784668,43.7400016784668,43.189998626708984,43.38999938964844,39.2161979675293,83600
2022-08-22,42.869998931884766,42.900001525878906,41.84000015258789,42.02000045776367,37.977989196777344,73400
2022-08-23,42.18000030517578,42.45000076293945,41.650001525878906,41.68000030517578,37.670684814453125,55600
2022-08-24,41.400001525878906,41.70000076293945,41.2400016784668,41.33000183105469,37.35435485839844,36600
2022-08-25,40.90999984741211,41.70000076293945,40.90999984741211,41.619998931884766,37.826969146728516,64600
2022-08-26,41.70000076293945,41.79999923706055,40.75,40.79999923706055,37.081695556640625,70300
2022-08-29,40.45000076293945,40.689998626708984,40.060001373291016,40.209999084472656,36.54547119140625,69800
2022-08-30,40.130001068115234,40.529998779296875,39.90999984741211,40.5,36.80903244018555,70300
2022-08-31,40.33000183105469,40.41999816894531,39.849998474121094,40.130001068115234,36.4727668762207,181400
2022-09-01,40.119998931884766,40.13999938964844,39.4900016784668,39.72999954223633,36.10921096801758,111200
2022-09-02,40.189998626708984,40.369998931884766,38.9900016784668,39.27000045776367,35.69113540649414,63900
2022-09-06,39.59000015258789,39.59000015258789,37.5,37.84000015258789,34.39146423339844,115500
2022-09-07,37.90999984741211,38.47999954223633,37.7400016784668,38.459999084472656,34.95494842529297,120500
2022-09-08,38.11000061035156,39.09000015258789,37.869998931884766,38.970001220703125,35.418479919433594,77000
2022-09-09,39.2599983215332,39.54999923706055,39.15999984741211,39.400001525878906,35.80928421020508,67700
2022-09-12,39.630001068115234,39.900001525878906,39.41999816894531,39.63999938964844,36.02742385864258,134700
2022-09-13,39.04999923706055,39.189998626708984,38.099998474121094,38.45000076293945,34.94587326049805,105100
2022-09-14,38.310001373291016,38.52000045776367,37.86000061035156,38.36000061035156,34.864070892333984,112500
2022-09-15,38.27000045776367,38.869998931884766,38.27000045776367,38.63999938964844,35.11854553222656,96700
2022-09-16,38.400001525878906,38.91999816894531,37.810001373291016,38.88999938964844,35.345767974853516,259000
2022-09-19,38.59000015258789,39.720001220703125,38.59000015258789,39.5,35.90018081665039,106100
2022-09-20,39.22999954223633,39.5,38.880001068115234,39.310001373291016,35.72749710083008,119000
2022-09-21,39.63999938964844,40.279998779296875,39.290000915527344,39.290000915527344,35.709320068359375,160200
2022-09-22,39.310001373291016,39.310001373291016,38.400001525878906,38.5099983215332,35.000396728515625,68500
2022-09-23,38.150001525878906,38.209999084472656,37.599998474121094,38.20000076293945,34.718650817871094,112000
2022-09-26,38.130001068115234,38.5099983215332,37.849998474121094,37.88999938964844,34.43690872192383,81600
2022-09-27,38.2400016784668,38.33000183105469,37.130001068115234,37.41999816894531,34.009735107421875,99500
2022-09-28,37.619998931884766,37.869998931884766,37.25,37.38999938964844,33.98247146606445,136800
2022-09-29,36.9900016784668,37.310001373291016,36.45000076293945,37.25,33.855228424072266,177200
2022-09-30,37.29999923706055,37.779998779296875,36.959999084472656,36.9900016784668,33.61892318725586,173000
2022-10-03,37.15999984741211,37.790000915527344,36.7599983215332,37.59000015258789,34.164249420166016,234700
2022-10-04,38.150001525878906,39.040000915527344,37.689998626708984,39.029998779296875,35.4730110168457,223600
2022-10-05,38.540000915527344,39.310001373291016,38.40999984741211,38.779998779296875,35.24578857421875,163600
2022-10-06,38.619998931884766,38.779998779296875,38.189998626708984,38.470001220703125,34.964046478271484,91900
2022-10-07,38.41999816894531,38.41999816894531,37.2599983215332,37.43000030517578,34.01882553100586,109500
2022-10-10,37.720001220703125,37.959999084472656,37.279998779296875,37.43000030517578,34.01882553100586,96200
2022-10-11,37.27000045776367,37.619998931884766,36.9900016784668,37.349998474121094,33.94611740112305,126900
2022-10-12,37.380001068115234,37.43000030517578,36.66999816894531,37.08000183105469,33.70072555541992,88600
2022-10-13,36.56999969482422,39.33000183105469,36.290000915527344,39.150001525878906,35.58207321166992,185900
2022-10-14,39.59000015258789,39.90999984741211,38.93000030517578,39.22999954223633,35.65478515625,116600
2022-10-17,39.77000045776367,40.470001220703125,39.41999816894531,40.439998626708984,36.754512786865234,131600
2022-10-18,40.86000061035156,41.11000061035156,40.34000015258789,40.84000015258789,37.11804962158203,104500
2022-10-19,40.43000030517578,40.84000015258789,39.9900016784668,40.63999938964844,36.936275482177734,107100
2022-10-20,40.34000015258789,40.619998931884766,39.18000030517578,39.34000015258789,35.7547607421875,242500
2022-10-21,39.630001068115234,40.61000061035156,39.2599983215332,40.25,36.581825256347656,154000
2022-10-24,40.56999969482422,41.220001220703125,40.189998626708984,40.97999954223633,37.24529266357422,165800
2022-10-25,40.650001525878906,41.189998626708984,40.40999984741211,40.43000030517578,36.745418548583984,127600
2022-10-26,40.709999084472656,40.79999923706055,39.93000030517578,40.349998474121094,36.67271041870117,126600
2022-10-27,40.59000015258789,41.16999816894531,40.279998779296875,40.439998626708984,36.754512786865234,133400
2022-10-28,38.630001068115234,42.0,38.630001068115234,41.939998626708984,38.117801666259766,227800
2022-10-31,42.11000061035156,43.88999938964844,42.06999969482422,43.81999969482422,39.82647705078125,192400
2022-11-01,44.11000061035156,44.189998626708984,43.56999969482422,43.959999084472656,39.95371627807617,189000
2022-11-02,43.970001220703125,44.779998779296875,43.630001068115234,44.06999969482422,40.053688049316406,243900
2022-11-03,43.88999938964844,44.540000915527344,43.04999923706055,44.4900016784668,40.4354133605957,165700
2022-11-04,44.95000076293945,46.54999923706055,44.70000076293945,46.529998779296875,42.28950119018555,197300
2022-11-07,46.88999938964844,47.650001525878906,46.61000061035156,47.63999938964844,43.298336029052734,209400
2022-11-08,48.650001525878906,48.650001525878906,46.81999969482422,47.15999984741211,42.86207962036133,207200
2022-11-09,47.209999084472656,48.0099983215332,46.369998931884766,47.970001220703125,43.598262786865234,211400
2022-11-10,48.25,49.7400016784668,48.22999954223633,49.630001068115234,45.106990814208984,245200
2022-11-11,49.720001220703125,50.0,48.61000061035156,49.11000061035156,44.634368896484375,306200
2022-11-14,48.97999954223633,48.97999954223633,47.2599983215332,48.7400016784668,44.298091888427734,364300
2022-11-15,48.77000045776367,49.290000915527344,48.130001068115234,48.66999816894531,44.23447036743164,258800
2022-11-16,48.90999984741211,48.90999984741211,48.0,48.599998474121094,44.17084884643555,245600
2022-11-17,48.18000030517578,48.540000915527344,47.41999816894531,48.33000183105469,43.92544937133789,284400
2022-11-18,49.189998626708984,49.189998626708984,48.04999923706055,48.630001068115234,44.198116302490234,254200
2022-11-21,48.560001373291016,48.93000030517578,47.880001068115234,48.34000015258789,43.93454360961914,257500
2022-11-22,48.58000183105469,48.95000076293945,47.97999954223633,48.61000061035156,44.17993927001953,315900
2022-11-23,48.310001373291016,48.34000015258789,47.560001373291016,48.029998779296875,43.87846755981445,181600
2022-11-25,48.41999816894531,48.619998931884766,48.15999984741211,48.54999923706055,44.353515625,124700
2022-11-28,48.2599983215332,48.2599983215332,45.619998931884766,45.790000915527344,41.83208084106445,403900
2022-11-29,45.790000915527344,46.41999816894531,45.150001525878906,46.2599983215332,42.26145935058594,351000
2022-11-30,46.150001525878906,46.61000061035156,44.75,46.5099983215332,42.48984146118164,457600
2022-12-01,46.720001220703125,46.72999954223633,45.2400016784668,46.439998626708984,42.42589569091797,354900
2022-12-02,46.06999969482422,47.630001068115234,45.25,47.43000030517578,43.33032989501953,446400
2022-12-05,47.02000045776367,47.290000915527344,42.2599983215332,42.54999923706055,38.872135162353516,616700
2022-12-06,42.529998779296875,43.040000915527344,42.119998931884766,42.540000915527344,38.86300277709961,325800
2022-12-07,42.61000061035156,43.08000183105469,42.209999084472656,42.2400016784668,38.58893585205078,306800
2022-12-08,42.79999923706055,44.18000030517578,42.7599983215332,44.08000183105469,40.26988983154297,644600
2022-12-09,43.869998931884766,44.29999923706055,43.2599983215332,43.279998779296875,39.53903579711914,329400
2022-12-12,44.08000183105469,44.08000183105469,42.7599983215332,43.47999954223633,39.72174835205078,642100
2022-12-13,44.09000015258789,44.79999923706055,42.369998931884766,42.47999954223633,38.80818176269531,463300
2022-12-14,42.65999984741211,42.86000061035156,41.810001373291016,42.150001525878906,38.5067138671875,571200
2022-12-15,41.75,42.16999816894531,40.63999938964844,40.77000045776367,37.245994567871094,628700
2022-12-16,40.2400016784668,41.540000915527344,40.2400016784668,40.5,36.99932098388672,2155000
2022-12-19,40.43000030517578,41.220001220703125,39.93000030517578,40.34000015258789,36.8531608581543,383400
2022-12-20,40.529998779296875,40.849998474121094,40.150001525878906,40.689998626708984,37.17290496826172,414200
2022-12-21,40.93000030517578,41.939998626708984,40.599998474121094,41.93000030517578,38.305728912353516,398100
2022-12-22,41.63999938964844,41.880001068115234,41.06999969482422,41.869998931884766,38.250911712646484,327100
2022-12-23,41.63999938964844,42.29999923706055,41.63999938964844,42.11000061035156,38.47016143798828,131700
2022-12-27,42.0,43.0099983215332,41.84000015258789,42.459999084472656,38.789913177490234,155900
2022-12-28,42.5099983215332,42.63999938964844,41.93000030517578,41.9900016784668,38.36054229736328,125700
2022-12-29,42.18000030517578,42.540000915527344,41.900001525878906,42.40999984741211,38.74423599243164,164900
2022-12-30,42.15999984741211,42.459999084472656,41.869998931884766,42.06999969482422,38.43362045288086,108700
2023-01-03,42.380001068115234,42.790000915527344,42.06999969482422,42.63999938964844,38.9543571472168,190100
2023-01-04,43.0099983215332,43.7400016784668,42.880001068115234,43.25,39.511627197265625,293700
2023-01-05,42.959999084472656,42.959999084472656,42.040000915527344,42.439998626708984,38.77164077758789,310400
2023-01-06,42.68000030517578,43.380001068115234,42.38999938964844,43.25,39.511627197265625,160400
2023-01-09,43.34000015258789,43.529998779296875,42.959999084472656,43.25,39.511627197265625,192000
2023-01-10,43.02000045776367,43.36000061035156,42.7400016784668,43.130001068115234,39.402008056640625,182800
2023-01-11,43.20000076293945,43.630001068115234,43.119998931884766,43.45000076293945,39.694339752197266,188800
2023-01-12,43.689998626708984,44.5,43.349998474121094,44.33000183105469,40.49828338623047,419100
2023-01-13,43.599998474121094,44.43000030517578,43.150001525878906,44.130001068115234,40.3155632019043,161400
2023-01-17,44.25,44.25,43.56999969482422,43.59000015258789,39.82223892211914,163200
2023-01-18,43.4900016784668,43.4900016784668,42.27000045776367,42.439998626708984,38.77164077758789,219100
2023-01-19,42.400001525878906,42.400001525878906,41.40999984741211,41.70000076293945,38.09561538696289,357700
2023-01-20,41.97999954223633,42.61000061035156,41.41999816894531,42.29999923706055,38.64373779296875,464000
2023-01-23,42.47999954223633,43.47999954223633,42.16999816894531,42.810001373291016,39.10966110229492,471400
2023-01-24,42.380001068115234,42.83000183105469,41.869998931884766,42.2400016784668,38.58893585205078,206800
2023-01-25,41.959999084472656,42.25,39.869998931884766,41.279998779296875,37.7119026184082,496800
2023-01-26,41.5,41.849998474121094,41.0,41.5099983215332,37.92202377319336,237100
2023-01-27,41.36000061035156,42.13999938964844,41.060001373291016,42.029998779296875,38.39707565307617,242300
2023-01-30,41.88999938964844,42.22999954223633,41.45000076293945,41.56999969482422,37.97684097290039,177100
2023-01-31,41.40999984741211,42.27000045776367,41.40999984741211,42.22999954223633,38.57979202270508,317900
2023-02-01,42.060001373291016,43.400001525878906,42.060001373291016,42.959999084472656,39.2466926574707,261500
2023-02-02,43.13999938964844,43.939998626708984,42.88999938964844,43.900001525878906,40.10544967651367,179500
2023-02-03,43.84000015258789,44.459999084472656,43.7599983215332,44.040000915527344,40.23334884643555,285000
2023-02-06,43.970001220703125,44.310001373291016,42.45000076293945,42.65999984741211,38.972625732421875,211300
2023-02-07,42.43000030517578,43.20000076293945,42.189998626708984,42.939998626708984,39.228424072265625,195300
2023-02-08,42.720001220703125,42.939998626708984,42.22999954223633,42.36000061035156,38.69855880737305,214300
2023-02-09,42.720001220703125,42.779998779296875,41.2599983215332,41.43000030517578,37.84893798828125,221700
2023-02-10,41.43000030517578,41.68000030517578,40.970001220703125,41.619998931884766,38.02252197265625,222700
2023-02-13,41.7400016784668,41.869998931884766,41.2599983215332,41.75,38.14128112792969,275700
2023-02-14,41.720001220703125,41.869998931884766,40.900001525878906,41.2599983215332,37.69363784790039,300700
2023-02-15,40.91999816894531,41.529998779296875,40.790000915527344,41.45000076293945,37.86722183227539,224200
2023-02-16,41.02000045776367,41.5,40.70000076293945,41.08000183105469,37.52919387817383,302800
2023-02-17,41.130001068115234,42.310001373291016,41.0099983215332,42.15999984741211,38.515838623046875,190800
2023-02-21,41.93000030517578,41.93000030517578,41.220001220703125,41.470001220703125,37.88549041748047,133800
2023-02-22,41.560001373291016,41.72999954223633,41.040000915527344,41.400001525878906,37.8215446472168,196400
2023-02-23,41.369998931884766,41.56999969482422,40.810001373291016,41.220001220703125,37.8858757019043,126600
2023-02-24,40.90999984741211,41.06999969482422,40.45000076293945,40.63999938964844,37.352779388427734,121400
2023-02-27,40.97999954223633,41.34000015258789,40.54999923706055,40.56999969482422,37.2884521484375,120500
2023-02-28,40.63999938964844,40.95000076293945,40.47999954223633,40.4900016784668,37.21492004394531,201700
2023-03-01,40.36000061035156,40.599998474121094,40.13999938964844,40.41999816894531,37.15058135986328,121200
2023-03-02,40.150001525878906,40.20000076293945,39.4900016784668,40.040000915527344,36.801326751708984,203700
2023-03-03,40.29999923706055,40.459999084472656,39.70000076293945,40.36000061035156,37.095436096191406,287300
2023-03-06,40.380001068115234,40.72999954223633,39.959999084472656,40.13999938964844,36.89323425292969,377700
2023-03-07,40.060001373291016,40.060001373291016,38.599998474121094,38.83000183105469,35.68919372558594,238000
2023-03-08,38.93000030517578,39.470001220703125,38.689998626708984,39.060001373291016,35.90059280395508,189300
2023-03-09,38.52000045776367,38.619998931884766,36.58000183105469,36.84000015258789,33.86015701293945,256400
2023-03-10,35.9900016784668,36.959999084472656,34.77000045776367,36.79999923706055,33.82339096069336,425700
2023-03-13,35.369998931884766,37.13999938964844,33.119998931884766,34.97999954223633,32.15060806274414,578300
2023-03-14,37.18000030517578,38.02000045776367,34.650001525878906,35.25,32.398765563964844,422600
2023-03-15,33.83000183105469,35.029998779296875,33.54999923706055,34.75,31.939210891723633,266700
2023-03-16,34.18000030517578,37.459999084472656,34.09000015258789,37.290000915527344,34.27375793457031,373200
2023-03-17,36.31999969482422,36.31999969482422,33.970001220703125,34.439998626708984,31.654287338256836,942700
2023-03-20,35.29999923706055,36.529998779296875,34.20000076293945,34.25,31.479650497436523,369000
2023-03-21,34.900001525878906,36.130001068115234,34.810001373291016,35.22999954223633,32.38037872314453,570000
2023-03-22,35.09000015258789,35.09000015258789,33.310001373291016,33.369998931884766,30.670827865600586,372900
2023-03-23,33.630001068115234,33.630001068115234,31.969999313354492,32.119998931884766,29.52193832397461,306500
2023-03-24,31.559999465942383,33.599998474121094,31.299999237060547,33.45000076293945,30.74435806274414,314700
2023-03-27,34.310001373291016,34.5,33.470001220703125,33.4900016784668,30.7811279296875,144600
2023-03-28,33.470001220703125,33.689998626708984,33.060001373291016,33.619998931884766,30.900606155395508,161200
2023-03-29,33.91999816894531,34.04999923706055,33.38999938964844,33.779998779296875,31.047664642333984,226000
2023-03-30,34.0,34.0,33.15999984741211,33.41999816894531,30.716781616210938,335300
2023-03-31,33.540000915527344,33.7400016784668,32.849998474121094,33.459999084472656,30.753555297851562,312000
2023-04-03,33.5,33.7400016784668,32.95000076293945,33.27000045776367,30.57891845703125,158800
2023-04-04,33.220001220703125,33.27000045776367,31.760000228881836,32.36000061035156,29.742528915405273,182900
2023-04-05,31.920000076293945,32.5099983215332,31.59000015258789,31.969999313354492,29.38406753540039,217800
2023-04-06,31.770000457763672,32.81999969482422,31.770000457763672,32.790000915527344,30.137746810913086,179800
2023-04-10,32.650001525878906,33.15999984741211,32.59000015258789,32.72999954223633,30.082599639892578,242500
2023-04-11,32.83000183105469,33.25,32.54999923706055,33.04999923706055,30.376712799072266,170000
2023-04-12,33.27000045776367,33.33000183105469,32.040000915527344,32.15999984741211,29.558700561523438,248300
2023-04-13,32.349998474121094,33.119998931884766,31.829999923706055,32.77000045776367,30.11936378479004,154200
2023-04-14,33.36000061035156,33.7400016784668,32.119998931884766,32.400001525878906,29.779293060302734,181500
2023-04-17,32.09000015258789,33.209999084472656,31.889999389648438,33.150001525878906,30.468626022338867,178000
2023-04-18,33.40999984741211,33.40999984741211,31.81999969482422,32.290000915527344,29.67818832397461,347000
2023-04-19,32.59000015258789,34.06999969482422,32.029998779296875,33.720001220703125,30.992525100708008,284200
2023-04-20,33.25,34.15999984741211,32.060001373291016,32.90999984741211,30.2480411529541,237500
2023-04-21,32.650001525878906,32.65999984741211,31.56999969482422,31.850000381469727,29.273780822753906,240500
2023-04-24,31.670000076293945,32.290000915527344,31.479999542236328,31.56999969482422,29.01642417907715,255600
2023-04-25,31.229999542236328,31.579999923706055,30.530000686645508,30.959999084472656,28.45576286315918,243900
2023-04-26,30.6200008392334,31.540000915527344,30.6200008392334,31.1200008392334,28.602825164794922,184200
2023-04-27,31.25,31.579999923706055,31.1299991607666,31.440000534057617,28.896942138671875,202700
2023-04-28,31.299999237060547,32.150001525878906,31.299999237060547,31.799999237060547,29.227819442749023,162900
2023-05-01,31.8700008392334,32.119998931884766,31.030000686645508,31.18000030517578,28.657970428466797,147200
2023-05-02,31.030000686645508,31.030000686645508,28.8700008392334,29.280000686645508,26.911659240722656,271700
2023-05-03,29.3799991607666,29.979999542236328,28.43000030517578,28.540000915527344,26.23151206970215,270700
2023-05-04,27.760000228881836,28.09000015258789,26.479999542236328,27.65999984741211,25.42268943786621,237800
2023-05-05,28.75,29.3700008392334,28.139999389648438,29.06999969482422,26.718643188476562,199800
2023-05-08,29.440000534057617,29.440000534057617,28.06999969482422,28.15999984741211,25.882247924804688,174200
2023-05-09,28.1200008392334,28.280000686645508,27.520000457763672,27.889999389648438,25.634084701538086,254900
2023-05-10,29.010000228881836,29.31999969482422,28.290000915527344,28.950000762939453,26.608348846435547,233000
2023-05-11,28.389999389648438,29.149999618530273,28.290000915527344,28.959999084472656,26.617538452148438,185500
2023-05-12,29.049999237060547,29.290000915527344,28.3799991607666,29.25,26.884078979492188,161700
2023-05-15,29.219999313354492,29.760000228881836,28.959999084472656,29.520000457763672,27.13224220275879,140200
2023-05-16,29.479999542236328,30.020000457763672,28.899999618530273,28.90999984741211,26.571578979492188,159700
2023-05-17,29.600000381469727,31.899999618530273,29.309999465942383,31.760000228881836,29.191057205200195,350200
2023-05-18,31.520000457763672,32.060001373291016,31.18000030517578,31.670000076293945,29.108335494995117,222000
2023-05-19,32.16999816894531,32.29999923706055,29.920000076293945,30.68000030517578,28.198415756225586,207500
2023-05-22,30.989999771118164,31.829999923706055,30.639999389648438,31.6200008392334,29.062381744384766,139200
2023-05-23,31.299999237060547,32.119998931884766,31.299999237060547,31.68000030517578,29.117528915405273,251200
2023-05-24,31.270000457763672,31.469999313354492,30.780000686645508,31.06999969482422,28.556865692138672,123000
2023-05-25,30.510000228881836,30.8799991607666,30.15999984741211,30.68000030517578,28.436376571655273,101300
2023-05-26,30.709999084472656,31.299999237060547,30.049999237060547,31.219999313354492,28.9368839263916,125400
2023-05-30,31.360000610351562,31.360000610351562,30.540000915527344,31.149999618530273,28.87200355529785,127400
2023-05-31,30.90999984741211,31.030000686645508,29.639999389648438,29.93000030517578,27.741222381591797,338300
2023-06-01,30.170000076293945,31.25,29.6200008392334,30.709999084472656,28.464183807373047,152900
2023-06-02,31.280000686645508,33.34000015258789,30.809999465942383,33.099998474121094,30.679401397705078,194000
2023-06-05,32.7599983215332,32.7599983215332,31.299999237060547,32.150001525878906,29.798877716064453,167200
2023-06-06,32.06999969482422,34.65999984741211,32.06999969482422,34.08000183105469,31.587730407714844,235100
2023-06-07,34.599998474121094,35.470001220703125,34.099998474121094,34.63999938964844,32.10677719116211,242200
2023-06-08,34.52000045776367,34.52000045776367,33.16999816894531,33.81999969482422,31.346752166748047,170500
2023-06-09,33.83000183105469,33.83000183105469,32.939998626708984,33.380001068115234,30.93892478942871,139900
2023-06-12,33.349998474121094,33.56999969482422,32.16999816894531,32.58000183105469,30.197429656982422,191000
2023-06-13,32.79999923706055,33.77000045776367,32.709999084472656,33.38999938964844,30.948198318481445,323500
2023-06-14,33.439998626708984,33.650001525878906,31.399999618530273,31.43000030517578,29.131528854370117,313700
2023-06-15,31.280000686645508,32.650001525878906,31.280000686645508,32.439998626708984,30.06766700744629,282300
2023-06-16,32.650001525878906,32.650001525878906,31.479999542236328,31.700000762939453,29.381784439086914,986400
2023-06-20,31.8700008392334,32.130001068115234,31.360000610351562,31.889999389648438,29.557886123657227,302800
2023-06-21,31.81999969482422,32.150001525878906,31.31999969482422,31.469999313354492,29.168601989746094,194300
2023-06-22,31.299999237060547,31.299999237060547,30.09000015258789,30.6299991607666,28.39002799987793,168300
2023-06-23,30.219999313354492,30.760000228881836,28.65999984741211,28.90999984741211,26.795812606811523,1339300
2023-06-26,29.09000015258789,30.579999923706055,29.09000015258789,29.600000381469727,27.435354232788086,251900
2023-06-27,29.780000686645508,30.510000228881836,29.219999313354492,30.079999923706055,27.880250930786133,153700
2023-06-28,30.049999237060547,30.049999237060547,29.3700008392334,29.59000015258789,27.42609214782715,167200
2023-06-29,29.899999618530273,30.610000610351562,29.780000686645508,29.809999465942383,27.630001068115234,163400
2023-06-30,30.09000015258789,30.459999084472656,29.040000915527344,29.040000915527344,26.916311264038086,221000
2023-07-03,29.010000228881836,30.020000457763672,29.010000228881836,29.639999389648438,27.472427368164062,89000
2023-07-05,29.3799991607666,30.219999313354492,28.860000610351562,29.860000610351562,27.676342010498047,297000
2023-07-06,29.329999923706055,29.59000015258789,28.780000686645508,29.43000030517578,27.277788162231445,129700
2023-07-07,29.5,30.5,29.5,30.1299991607666,27.92659568786621,140700
2023-07-10,30.010000228881836,30.809999465942383,30.010000228881836,30.3799991607666,28.158315658569336,209300
2023-07-11,30.440000534057617,31.18000030517578,30.18000030517578,31.170000076293945,28.890544891357422,161300
2023-07-12,31.899999618530273,32.72999954223633,31.809999465942383,32.29999923706055,29.937902450561523,227800
2023-07-13,32.43000030517578,33.099998474121094,32.310001373291016,32.97999954223633,30.56817626953125,201400
2023-07-14,33.09000015258789,33.09000015258789,32.130001068115234,32.54999923706055,30.16962432861328,131700
2023-07-17,32.380001068115234,33.09000015258789,32.310001373291016,32.86000061035156,30.45694923400879,185600
2023-07-18,32.900001525878906,33.9900016784668,32.7599983215332,33.720001220703125,31.254064559936523,240700
2023-07-19,34.08000183105469,34.97999954223633,33.79999923706055,34.869998931884766,32.31996154785156,211400
2023-07-20,33.939998626708984,33.939998626708984,30.899999618530273,33.099998474121094,30.679401397705078,439700
2023-07-21,33.93000030517578,34.869998931884766,33.18000030517578,33.66999816894531,31.207717895507812,298000
2023-07-24,33.470001220703125,34.36000061035156,33.470001220703125,34.25,31.74530029296875,154500
2023-07-25,34.29999923706055,34.5,33.720001220703125,33.7400016784668,31.272602081298828,155300
2023-07-26,34.09000015258789,35.119998931884766,33.9900016784668,34.75,32.208740234375,112700
2023-07-27,34.90999984741211,34.90999984741211,33.83000183105469,34.060001373291016,31.569196701049805,146400
2023-07-28,34.65999984741211,34.65999984741211,34.08000183105469,34.279998779296875,31.773099899291992,122200
2023-07-31,34.29999923706055,34.72999954223633,34.02000045776367,34.36000061035156,31.847257614135742,126400
2023-08-01,34.209999084472656,34.25,33.61000061035156,34.220001220703125,31.71750259399414,127000
2023-08-02,33.77000045776367,34.66999816894531,33.77000045776367,34.599998474121094,32.0697021484375,208800
2023-08-03,34.52000045776367,35.209999084472656,34.209999084472656,34.869998931884766,32.31996154785156,106000
2023-08-04,34.79999923706055,35.18000030517578,34.470001220703125,34.900001525878906,32.34776306152344,130700
2023-08-07,35.029998779296875,35.310001373291016,34.7400016784668,35.189998626708984,32.61655807495117,90700
2023-08-08,34.5,35.09000015258789,33.95000076293945,34.900001525878906,32.34776306152344,142500
2023-08-09,34.75,34.75,34.09000015258789,34.47999954223633,31.958478927612305,126700
2023-08-10,34.58000183105469,35.220001220703125,34.2599983215332,34.529998779296875,32.004825592041016,93000
2023-08-11,34.2400016784668,34.709999084472656,34.20000076293945,34.439998626708984,31.921411514282227,91000
2023-08-14,34.189998626708984,34.220001220703125,33.529998779296875,33.90999984741211,31.430166244506836,126500
2023-08-15,33.349998474121094,33.56999969482422,32.81999969482422,32.83000183105469,30.429147720336914,157500
2023-08-16,32.779998779296875,33.06999969482422,32.400001525878906,32.459999084472656,30.086204528808594,95800
2023-08-17,32.70000076293945,33.02000045776367,32.52000045776367,32.72999954223633,30.33646011352539,230300
2023-08-18,32.380001068115234,33.0099983215332,32.380001068115234,32.68000030517578,30.290115356445312,264400
2023-08-21,32.88999938964844,33.08000183105469,32.099998474121094,32.25,29.89156150817871,100700
2023-08-22,32.220001220703125,32.5,31.309999465942383,31.360000610351562,29.066646575927734,114900
2023-08-23,31.43000030517578,31.81999969482422,31.329999923706055,31.68000030517578,29.363245010375977,70800
2023-08-24,31.290000915527344,32.0,31.25,31.68000030517578,29.606225967407227,216000
2023-08-25,31.799999237060547,31.799999237060547,30.979999542236328,31.3700008392334,29.31652069091797,79300
2023-08-28,31.520000457763672,31.989999771118164,31.520000457763672,31.719999313354492,29.643606185913086,90900
2023-08-29,31.75,31.790000915527344,31.389999389648438,31.510000228881836,29.447355270385742,246300
2023-08-30,31.399999618530273,31.6299991607666,31.200000762939453,31.329999923706055,29.27913475036621,199000
2023-08-31,31.290000915527344,31.68000030517578,31.219999313354492,31.540000915527344,29.475391387939453,188800
2023-09-01,31.850000381469727,32.650001525878906,31.850000381469727,32.560001373291016,30.42862319946289,131300
2023-09-05,32.220001220703125,32.220001220703125,31.149999618530273,31.239999771118164,29.195030212402344,157200
2023-09-06,31.209999084472656,31.479999542236328,30.770000457763672,30.8700008392334,28.8492488861084,148300
2023-09-07,30.780000686645508,31.049999237060547,30.3700008392334,30.489999771118164,28.494123458862305,84800
2023-09-08,30.510000228881836,30.709999084472656,30.06999969482422,30.559999465942383,28.559541702270508,61000
2023-09-11,30.719999313354492,30.940000534057617,30.350000381469727,30.440000534057617,28.447399139404297,84500
2023-09-12,30.639999389648438,30.8700008392334,30.40999984741211,30.649999618530273,28.643651962280273,103700
2023-09-13,30.809999465942383,30.809999465942383,30.09000015258789,30.260000228881836,28.279178619384766,100900
2023-09-14,30.600000381469727,31.18000030517578,30.559999465942383,31.1299991607666,29.09222984313965,139300
2023-09-15,30.799999237060547,31.190000534057617,30.489999771118164,30.68000030517578,28.671688079833984,692900
2023-09-18,30.770000457763672,30.770000457763672,30.219999313354492,30.299999237060547,28.316560745239258,98900
2023-09-19,30.420000076293945,30.56999969482422,30.06999969482422,30.100000381469727,28.12965202331543,107800
2023-09-20,30.299999237060547,30.489999771118164,29.729999542236328,29.760000228881836,27.811912536621094,79200
2023-09-21,29.549999237060547,29.829999923706055,29.280000686645508,29.399999618530273,27.475473403930664,106600
2023-09-22,29.40999984741211,29.719999313354492,29.139999389648438,29.25,27.33529281616211,89400
2023-09-25,29.059999465942383,29.59000015258789,28.989999771118164,29.540000915527344,27.606311798095703,69600
2023-09-26,29.149999618530273,29.780000686645508,29.149999618530273,29.190000534057617,27.27922248840332,131700
2023-09-27,29.440000534057617,29.68000030517578,29.010000228881836,29.1200008392334,27.21380615234375,137500
2023-09-28,29.170000076293945,29.700000762939453,29.1200008392334,29.3700008392334,27.44744300842285,200400
2023-09-29,29.59000015258789,30.15999984741211,29.579999923706055,29.760000228881836,27.811912536621094,192300
2023-10-02,29.690000534057617,29.959999084472656,29.440000534057617,29.709999084472656,27.765182495117188,207400
2023-10-03,29.540000915527344,29.670000076293945,29.010000228881836,29.420000076293945,27.494163513183594,153800
2023-10-04,29.3700008392334,29.690000534057617,29.1299991607666,29.530000686645508,27.59696388244629,198400
2023-10-05,29.420000076293945,30.5,29.34000015258789,30.420000076293945,28.428707122802734,199700
2023-10-06,30.040000915527344,31.190000534057617,29.920000076293945,30.75,28.737104415893555,126700
2023-10-09,30.360000610351562,31.030000686645508,30.31999969482422,30.790000915527344,28.774484634399414,127700
2023-10-10,30.93000030517578,31.389999389648438,30.93000030517578,31.0,28.970739364624023,185100
2023-10-11,31.0,31.549999237060547,30.979999542236328,31.049999237060547,29.01746368408203,111700
2023-10-12,31.010000228881836,31.010000228881836,30.3700008392334,30.549999237060547,28.55019760131836,100400
2023-10-13,30.780000686645508,30.989999771118164,29.760000228881836,29.84000015258789,27.88667106628418,110800
2023-10-16,30.149999618530273,30.670000076293945,30.1299991607666,30.65999984741211,28.652996063232422,180900
2023-10-17,30.450000762939453,31.329999923706055,30.450000762939453,30.889999389648438,28.86794090270996,246400
2023-10-18,30.549999237060547,30.600000381469727,29.940000534057617,30.1200008392334,28.148345947265625,104100
2023-10-19,30.190000534057617,30.489999771118164,29.709999084472656,29.75,27.802562713623047,128400
2023-10-20,29.8700008392334,29.8700008392334,29.170000076293945,29.170000076293945,27.26053237915039,160700
2023-10-23,28.940000534057617,29.719999313354492,28.940000534057617,29.020000457763672,27.120351791381836,132700
2023-10-24,29.209999084472656,29.209999084472656,28.3799991607666,28.520000457763672,26.6530818939209,182700
2023-10-25,29.850000381469727,29.90999984741211,28.600000381469727,29.8700008392334,27.914709091186523,221700
2023-10-26,30.030000686645508,31.110000610351562,29.860000610351562,30.809999465942383,28.793174743652344,184600
2023-10-27,30.65999984741211,30.93000030517578,30.100000381469727,30.670000076293945,28.66234016418457,240800
2023-10-30,31.06999969482422,31.329999923706055,30.600000381469727,30.639999389648438,28.634305953979492,110200
2023-10-31,30.56999969482422,31.209999084472656,30.34000015258789,31.18000030517578,29.138954162597656,183000
2023-11-01,31.010000228881836,31.229999542236328,30.520000457763672,30.700000762939453,28.69037628173828,136600
2023-11-02,31.1299991607666,31.959999084472656,31.1299991607666,31.729999542236328,29.6529541015625,138400
2023-11-03,32.400001525878906,32.88999938964844,31.790000915527344,32.279998779296875,30.166948318481445,204000
2023-11-06,32.36000061035156,32.36000061035156,31.860000610351562,31.969999313354492,29.877239227294922,114800
2023-11-07,31.799999237060547,32.52000045776367,31.5,32.310001373291016,30.194988250732422,170100
2023-11-08,32.84000015258789,32.84000015258789,31.399999618530273,31.8799991607666,29.793132781982422,111200
2023-11-09,32.0099983215332,32.400001525878906,31.559999465942383,31.829999923706055,29.74640655517578,204700
2023-11-10,31.8799991607666,31.950000762939453,31.239999771118164,31.809999465942383,29.72771453857422,304900
2023-11-13,31.479999542236328,32.18000030517578,31.25,31.959999084472656,29.867897033691406,118100
2023-11-14,33.33000183105469,34.34000015258789,33.0099983215332,34.029998779296875,31.802391052246094,254700
2023-11-15,33.93000030517578,34.529998779296875,33.61000061035156,33.91999816894531,31.699594497680664,221900
2023-11-16,34.099998474121094,34.099998474121094,33.31999969482422,33.470001220703125,31.279052734375,301200
2023-11-17,33.77000045776367,33.959999084472656,33.38999938964844,33.38999938964844,31.20429229736328,149000
2023-11-20,33.439998626708984,33.439998626708984,32.79999923706055,33.189998626708984,31.017383575439453,158500
2023-11-21,33.119998931884766,33.13999938964844,32.54999923706055,32.58000183105469,30.44731330871582,91400
2023-11-22,32.65999984741211,32.75,32.40999984741211,32.56999969482422,30.692319869995117,72000
2023-11-24,32.7400016784668,32.900001525878906,32.41999816894531,32.689998626708984,30.805404663085938,37700
2023-11-27,32.439998626708984,32.650001525878906,32.13999938964844,32.540000915527344,30.66405487060547,98800
2023-11-28,32.63999938964844,32.63999938964844,32.13999938964844,32.400001525878906,30.532127380371094,249700
2023-11-29,32.70000076293945,33.34000015258789,32.70000076293945,32.86000061035156,30.965599060058594,116600
2023-11-30,32.81999969482422,33.25,32.66999816894531,33.0099983215332,31.10695457458496,289800
2023-12-01,32.7599983215332,34.61000061035156,32.7599983215332,34.47999954223633,32.49220657348633,158900
2023-12-04,34.27000045776367,35.34000015258789,34.27000045776367,35.119998931884766,33.09531021118164,202600
2023-12-05,35.040000915527344,35.099998474121094,34.70000076293945,34.790000915527344,32.784339904785156,99600
2023-12-06,35.08000183105469,35.959999084472656,34.779998779296875,34.81999969482422,32.81260681152344,308000
2023-12-07,34.970001220703125,36.09000015258789,34.970001220703125,35.939998626708984,33.8680419921875,120100
2023-12-08,35.880001068115234,36.27000045776367,35.880001068115234,36.06999969482422,33.990543365478516,146600
2023-12-11,35.95000076293945,36.220001220703125,35.88999938964844,36.18000030517578,34.094207763671875,178200
2023-12-12,36.11000061035156,36.40999984741211,35.709999084472656,35.72999954223633,33.67014694213867,186800
2023-12-13,36.040000915527344,37.58000183105469,35.540000915527344,37.4900016784668,35.32868576049805,253700
2023-12-14,37.77000045776367,38.70000076293945,36.7400016784668,37.95000076293945,35.76216506958008,250400
2023-12-15,38.2599983215332,38.2599983215332,37.33000183105469,37.43000030517578,35.27214431762695,926400
2023-12-18,37.900001525878906,37.900001525878906,37.02000045776367,37.08000183105469,34.942317962646484,166300
2023-12-19,37.130001068115234,38.16999816894531,37.130001068115234,37.790000915527344,35.61138916015625,171200
2023-12-20,37.90999984741211,38.709999084472656,37.29999923706055,37.349998474121094,35.19675827026367,232000
2023-12-21,37.619998931884766,37.70000076293945,37.130001068115234,37.5,35.338104248046875,135700
2023-12-22,37.81999969482422,38.310001373291016,37.81999969482422,37.900001525878906,35.71504592895508,117500
2023-12-26,38.16999816894531,38.41999816894531,37.959999084472656,38.06999969482422,35.875247955322266,121000
2023-12-27,38.31999969482422,38.31999969482422,37.709999084472656,37.79999923706055,35.62080383300781,121700
2023-12-28,37.81999969482422,37.91999816894531,37.529998779296875,37.720001220703125,35.54542541503906,83900
2023-12-29,37.709999084472656,37.709999084472656,37.130001068115234,37.189998626708984,35.04597854614258,110000
2024-01-02,36.7400016784668,37.72999954223633,36.7400016784668,37.11000061035156,34.97059631347656,117000
2024-01-03,36.900001525878906,37.0099983215332,35.9900016784668,36.02000045776367,33.94342803955078,131800
2024-01-04,36.209999084472656,36.5099983215332,35.77000045776367,35.849998474121094,33.783226013183594,213400
2024-01-05,35.61000061035156,36.400001525878906,35.61000061035156,35.9900016784668,33.915157318115234,163800
2024-01-08,36.0,36.09000015258789,35.5099983215332,36.06999969482422,33.990543365478516,139600
2024-01-09,35.52000045776367,35.7599983215332,35.29999923706055,35.63999938964844,33.5853385925293,90300
2024-01-10,35.369998931884766,35.86000061035156,35.290000915527344,35.849998474121094,33.783226013183594,134700
2024-01-11,35.459999084472656,35.5099983215332,34.84000015258789,35.36000061035156,33.321475982666016,316100
2024-01-12,35.810001373291016,35.90999984741211,34.849998474121094,35.08000183105469,33.057621002197266,90000
2024-01-16,34.54999923706055,34.68000030517578,34.189998626708984,34.29999923706055,32.322593688964844,153600
2024-01-17,33.790000915527344,34.5,33.56999969482422,33.939998626708984,31.983339309692383,168500
2024-01-18,34.189998626708984,34.5099983215332,34.0,34.34000015258789,32.360286712646484,105600
2024-01-19,34.470001220703125,34.91999816894531,33.97999954223633,34.880001068115234,32.8691520690918,129200
2024-01-22,35.31999969482422,36.08000183105469,35.279998779296875,36.08000183105469,33.999969482421875,244300
2024-01-23,36.38999938964844,36.38999938964844,35.41999816894531,35.59000015258789,33.53822708129883,143600
2024-01-24,36.189998626708984,37.5,35.880001068115234,36.880001068115234,34.753849029541016,478400
2024-01-25,37.209999084472656,37.209999084472656,35.56999969482422,35.81999969482422,33.75495910644531,201800
2024-01-26,36.22999954223633,36.540000915527344,35.959999084472656,35.9900016784668,33.915157318115234,136900
2024-01-29,36.099998474121094,36.619998931884766,35.939998626708984,36.61000061035156,34.49941635131836,157500
2024-01-30,36.38999938964844,36.790000915527344,36.27000045776367,36.40999984741211,34.31094741821289,103000
2024-01-31,35.75,36.29999923706055,34.83000183105469,35.0,32.98223114013672,241400
2024-02-01,35.040000915527344,35.59000015258789,33.52000045776367,34.5099983215332,32.520477294921875,187900
2024-02-02,33.77000045776367,34.77000045776367,33.66999816894531,34.56999969482422,32.57701873779297,160700
2024-02-05,34.060001373291016,34.220001220703125,33.540000915527344,33.70000076293945,31.75718116760254,119900
2024-02-06,33.63999938964844,34.220001220703125,33.13999938964844,33.41999816894531,31.493316650390625,127700
2024-02-07,33.5,33.65999984741211,32.63999938964844,33.439998626708984,31.512168884277344,141300
2024-02-08,33.2400016784668,33.849998474121094,33.2400016784668,33.79999923706055,31.851411819458008,110300
2024-02-09,33.83000183105469,34.560001373291016,33.470001220703125,34.560001373291016,32.56759262084961,133400
2024-02-12,34.54999923706055,35.38999938964844,34.54999923706055,34.72999954223633,32.72779846191406,236000
2024-02-13,33.459999084472656,33.790000915527344,32.68000030517578,33.459999084472656,31.5310115814209,257600
2024-02-14,33.869998931884766,34.060001373291016,33.279998779296875,33.75,31.80429458618164,354800
2024-02-15,33.95000076293945,35.310001373291016,33.95000076293945,35.060001373291016,33.03877639770508,180800
2024-02-16,34.77000045776367,34.90999984741211,34.29999923706055,34.400001525878906,32.41682434082031,113700
2024-02-20,33.959999084472656,34.560001373291016,33.810001373291016,33.91999816894531,31.964494705200195,92300
2024-02-21,33.709999084472656,33.900001525878906,33.38999938964844,33.459999084472656,31.5310115814209,216000
2024-02-22,33.11000061035156,33.400001525878906,32.72999954223633,33.31999969482422,31.654518127441406,171300
2024-02-23,33.38999938964844,33.650001525878906,32.939998626708984,33.150001525878906,31.493013381958008,95200
2024-02-26,33.130001068115234,33.470001220703125,32.59000015258789,33.040000915527344,31.388511657714844,110800
2024-02-27,33.220001220703125,33.5,32.959999084472656,33.29999923706055,31.63551139831543,242000
2024-02-28,32.95000076293945,33.2599983215332,32.880001068115234,33.189998626708984,31.5310115814209,273700
2024-02-29,33.63999938964844,34.18000030517578,33.5,33.84000015258789,32.14851760864258,211000
2024-03-01,33.599998474121094,33.66999816894531,32.939998626708984,33.630001068115234,31.949024200439453,124600
2024-03-04,33.869998931884766,34.2400016784668,33.33000183105469,33.38999938964844,31.72102165222168,98700
2024-03-05,33.33000183105469,34.400001525878906,33.33000183105469,34.380001068115234,32.66153335571289,141400
2024-03-06,34.380001068115234,35.45000076293945,34.029998779296875,34.7599983215332,33.02253723144531,181300
2024-03-07,35.18000030517578,35.34000015258789,34.400001525878906,34.619998931884766,32.8895378112793,147700
2024-03-08,35.18000030517578,35.34000015258789,34.31999969482422,34.40999984741211,32.690032958984375,147700
2024-03-11,34.43000030517578,34.90999984741211,34.38999938964844,34.779998779296875,33.04153823852539,104400
2024-03-12,34.7400016784668,34.75,34.16999816894531,34.220001220703125,32.50952911376953,113700
2024-03-13,34.15999984741211,34.709999084472656,34.15999984741211,34.31999969482422,32.604530334472656,95700
2024-03-14,34.130001068115234,34.310001373291016,33.349998474121094,33.63999938964844,31.95852279663086,143900
2024-03-15,33.56999969482422,34.349998474121094,33.56999969482422,34.130001068115234,32.42403030395508,385300
2024-03-18,34.09000015258789,34.150001525878906,33.68000030517578,33.810001373291016,32.12002944946289,144700
2024-03-19,33.689998626708984,34.189998626708984,33.56999969482422,33.66999816894531,31.98702049255371,96500
2024-03-20,33.5,34.86000061035156,33.41999816894531,34.5099983215332,32.785030364990234,176100
2024-03-21,34.84000015258789,35.54999923706055,34.84000015258789,35.5099983215332,33.73504638671875,318800
2024-03-22,35.58000183105469,35.58000183105469,34.47999954223633,35.029998779296875,33.2790412902832,251200
2024-03-25,35.209999084472656,35.58000183105469,34.7400016784668,34.81999969482422,33.07953643798828,119700
2024-03-26,35.08000183105469,35.189998626708984,34.720001220703125,35.119998931884766,33.364540100097656,153100
2024-03-27,35.13999938964844,35.97999954223633,35.08000183105469,35.970001220703125,34.172061920166016,225800
2024-03-28,36.06999969482422,36.380001068115234,35.810001373291016,36.06999969482422,34.26705551147461,271900
2024-04-01,36.20000076293945,36.20000076293945,35.099998474121094,35.40999984741211,33.64004898071289,185900
2024-04-02,35.150001525878906,35.45000076293945,34.5,34.95000076293945,33.20304489135742,187300
2024-04-03,34.70000076293945,35.189998626708984,34.290000915527344,34.31999969482422,32.604530334472656,144000
2024-04-04,34.77000045776367,35.11000061035156,34.2599983215332,34.27000045776367,32.55703353881836,135100
2024-04-05,34.22999954223633,34.709999084472656,34.20000076293945,34.400001525878906,32.68053436279297,100900
2024-04-08,34.5099983215332,35.04999923706055,34.5099983215332,34.849998474121094,33.1080436706543,71300
2024-04-09,35.20000076293945,35.54999923706055,34.93000030517578,35.52000045776367,33.74455261230469,148400
2024-04-10,34.61000061035156,34.720001220703125,32.81999969482422,33.08000183105469,31.426515579223633,164000
2024-04-11,33.400001525878906,33.630001068115234,33.060001373291016,33.439998626708984,31.76852035522461,104100
2024-04-12,33.11000061035156,33.31999969482422,33.09000015258789,33.189998626708984,31.5310115814209,86400
2024-04-15,33.43000030517578,33.470001220703125,32.959999084472656,33.290000915527344,31.62601661682129,88800
2024-04-16,32.91999816894531,32.970001220703125,32.2599983215332,32.29999923706055,30.685501098632812,180400
2024-04-17,32.619998931884766,32.84000015258789,32.130001068115234,32.58000183105469,30.951509475708008,158500
2024-04-18,32.709999084472656,33.029998779296875,32.630001068115234,32.81999969482422,31.179506301879883,150800
2024-04-19,32.720001220703125,34.029998779296875,32.720001220703125,33.9900016784668,32.2910270690918,166400
2024-04-22,34.11000061035156,34.380001068115234,33.95000076293945,33.970001220703125,32.272029876708984,140900
2024-04-23,33.939998626708984,35.0,33.939998626708984,34.79999923706055,33.060543060302734,152000
2024-04-24,34.29999923706055,34.68000030517578,34.15999984741211,34.400001525878906,32.68053436279297,127000
2024-04-25,35.0,35.0,33.380001068115234,33.650001525878906,31.968021392822266,194000
2024-04-26,33.31999969482422,33.849998474121094,32.91999816894531,33.5,31.825519561767578,148300
2024-04-29,33.45000076293945,33.72999954223633,33.189998626708984,33.36000061035156,31.69251823425293,123100
2024-04-30,33.119998931884766,33.290000915527344,32.689998626708984,32.72999954223633,31.094009399414062,169200
2024-05-01,33.11000061035156,34.099998474121094,33.11000061035156,33.43000030517578,31.759017944335938,142100
2024-05-02,33.959999084472656,34.61000061035156,33.779998779296875,34.400001525878906,32.68053436279297,119400
2024-05-03,35.0,35.119998931884766,34.619998931884766,34.7599983215332,33.02253723144531,123100
2024-05-06,34.9900016784668,35.060001373291016,34.77000045776367,34.86000061035156,33.1175422668457,149400
2024-05-07,34.9900016784668,35.04999923706055,34.720001220703125,34.77000045776367,33.032039642333984,116800
2024-05-08,34.5,35.04999923706055,34.47999954223633,35.0,33.25054168701172,159500
2024-05-09,35.0,35.400001525878906,34.900001525878906,35.220001220703125,33.45954895019531,194400
2024-05-10,35.279998779296875,35.599998474121094,34.959999084472656,35.5099983215332,33.73504638671875,110600
2024-05-13,35.7400016784668,35.849998474121094,35.369998931884766,35.5099983215332,33.73504638671875,94500
2024-05-14,35.95000076293945,35.9900016784668,35.15999984741211,35.41999816894531,33.6495475769043,163000
2024-05-15,35.779998779296875,35.849998474121094,35.47999954223633,35.84000015258789,34.04855728149414,130800
2024-05-16,35.72999954223633,36.08000183105469,35.66999816894531,36.060001373291016,34.257564544677734,165500
2024-05-17,36.33000183105469,37.09000015258789,36.29999923706055,36.95000076293945,35.10307312011719,322700
2024-05-20,36.97999954223633,37.18000030517578,36.72999954223633,37.130001068115234,35.274078369140625,364100
2024-05-21,37.0,37.29999923706055,36.880001068115234,37.29999923706055,35.435577392578125,264100
2024-05-22,37.15999984741211,37.20000076293945,36.56999969482422,36.97999954223633,35.13157272338867,268500
2024-05-23,37.060001373291016,37.060001373291016,36.040000915527344,36.40999984741211,34.590065002441406,512600
2024-05-24,36.65999984741211,37.04999923706055,36.400001525878906,36.97999954223633,35.13157272338867,190200
2024-05-28,37.060001373291016,37.400001525878906,36.900001525878906,37.02000045776367,35.16957473754883,226700
2024-05-29,36.27000045776367,36.27000045776367,35.470001220703125,35.810001373291016,34.02005386352539,289700
2024-05-30,36.29999923706055,36.59000015258789,35.84000015258789,36.33000183105469,34.514068603515625,140300
2024-05-31,36.22999954223633,36.650001525878906,36.20000076293945,36.470001220703125,34.91617202758789,212800
2024-06-03,36.880001068115234,36.880001068115234,36.2400016784668,36.45000076293945,34.89701843261719,311100
2024-06-04,36.06999969482422,36.41999816894531,35.90999984741211,36.31999969482422,34.772560119628906,460700
2024-06-05,36.65999984741211,36.810001373291016,36.29999923706055,36.560001373291016,35.00233840942383,203100
2024-06-06,36.36000061035156,36.810001373291016,36.20000076293945,36.77000045776367,35.20338821411133,215400
2024-06-07,36.38999938964844,36.689998626708984,36.2599983215332,36.65999984741211,35.09807586669922,132100
2024-06-10,36.13999938964844,36.13999938964844,35.5099983215332,35.95000076293945,34.4183235168457,202800
2024-06-11,35.61000061035156,35.970001220703125,35.5099983215332,35.90999984741211,34.380027770996094,213400
2024-06-12,36.83000183105469,37.40999984741211,36.130001068115234,36.790000915527344,35.222537994384766,256200
2024-06-13,36.61000061035156,36.65999984741211,36.18000030517578,36.54999923706055,34.992759704589844,209500
2024-06-14,36.130001068115234,36.349998474121094,35.83000183105469,36.13999938964844,34.6002311706543,183900
2024-06-17,36.13999938964844,36.61000061035156,36.02000045776367,36.599998474121094,35.04063034057617,193900
2024-06-18,36.459999084472656,37.06999969482422,36.459999084472656,36.93000030517578,35.356571197509766,262100
2024-06-20,36.75,37.08000183105469,36.65999984741211,36.959999084472656,35.385292053222656,187500
2024-06-21,36.93000030517578,37.119998931884766,36.599998474121094,37.08000183105469,35.500179290771484,648600
2024-06-24,37.290000915527344,37.7599983215332,37.06999969482422,37.59000015258789,35.98845291137695,236300
2024-06-25,37.459999084472656,37.58000183105469,37.2599983215332,37.43000030517578,35.83526611328125,195600
2024-06-26,37.040000915527344,37.56999969482422,37.040000915527344,37.08000183105469,35.500179290771484,236300
2024-06-27,37.20000076293945,37.369998931884766,36.939998626708984,37.18000030517578,35.595916748046875,174800
2024-06-28,37.58000183105469,39.2599983215332,37.5,39.04999923706055,37.38624572753906,1166300
2024-07-01,39.060001373291016,39.66999816894531,38.810001373291016,39.400001525878906,37.721336364746094,322300
2024-07-02,39.380001068115234,39.75,39.16999816894531,39.369998931884766,37.69260787963867,199300
2024-07-03,39.349998474121094,39.349998474121094,38.47999954223633,38.4900016784668,36.85010528564453,88700
2024-07-05,38.45000076293945,38.45000076293945,37.93000030517578,38.13999938964844,36.51502227783203,120600
2024-07-08,38.439998626708984,38.599998474121094,38.13999938964844,38.25,36.620330810546875,129300
2024-07-09,38.09000015258789,38.77000045776367,38.09000015258789,38.77000045776367,37.1181755065918,132500
2024-07-10,38.880001068115234,39.86000061035156,38.70000076293945,39.790000915527344,38.09471893310547,197400
2024-07-11,40.20000076293945,41.63999938964844,39.97999954223633,41.459999084472656,39.693565368652344,324000
2024-07-12,41.790000915527344,42.189998626708984,41.33000183105469,41.689998626708984,39.91376495361328,281200
2024-07-15,42.34000015258789,43.36000061035156,42.0099983215332,42.56999969482422,40.75627517700195,308500
2024-07-16,43.099998474121094,44.7599983215332,43.06999969482422,44.720001220703125,42.81467056274414,277000
2024-07-17,44.15999984741211,45.83000183105469,44.15999984741211,44.97999954223633,43.063594818115234,368000
2024-07-18,44.40999984741211,45.66999816894531,43.81999969482422,43.900001525878906,42.02961349487305,233700
2024-07-19,43.81999969482422,44.79999923706055,43.779998779296875,44.119998931884766,42.240234375,220100
2024-07-22,44.22999954223633,45.2400016784668,43.880001068115234,45.0,43.08273696899414,275000
2024-07-23,44.58000183105469,46.52000045776367,44.58000183105469,45.599998474121094,43.65717697143555,377300
2024-07-24,43.04999923706055,45.369998931884766,42.790000915527344,43.279998779296875,41.4360237121582,301100
2024-07-25,42.220001220703125,44.09000015258789,42.060001373291016,42.9900016784668,41.15837860107422,389600
2024-07-26,43.54999923706055,43.79999923706055,42.97999954223633,43.33000183105469,41.48389434814453,349900
2024-07-29,43.43000030517578,43.47999954223633,42.4900016784668,42.61000061035156,40.79457092285156,318300
2024-07-30,42.880001068115234,43.0,42.13999938964844,42.25,40.44990921020508,293600
2024-07-31,42.36000061035156,43.0,41.81999969482422,41.880001068115234,40.09567642211914,294300
2024-08-01,41.72999954223633,41.79999923706055,39.61000061035156,39.91999816894531,38.21917724609375,257400
2024-08-02,38.529998779296875,39.77000045776367,37.97999954223633,39.599998474121094,37.912811279296875,364600
2024-08-05,37.869998931884766,38.84000015258789,37.209999084472656,38.66999816894531,37.022438049316406,376600
2024-08-06,38.58000183105469,39.22999954223633,38.31999969482422,38.93000030517578,37.271358489990234,189800
2024-08-07,39.56999969482422,39.88999938964844,38.790000915527344,38.81999969482422,37.166046142578125,173800
2024-08-08,39.33000183105469,39.75,39.099998474121094,39.66999816894531,37.979827880859375,138900
2024-08-09,39.619998931884766,39.939998626708984,39.06999969482422,39.84000015258789,38.14259338378906,164900
2024-08-12,40.15999984741211,40.470001220703125,39.31999969482422,39.61000061035156,37.92238235473633,154400
2024-08-13,40.16999816894531,40.20000076293945,39.34000015258789,40.119998931884766,38.4106559753418,124300
2024-08-14,40.310001373291016,40.4900016784668,39.529998779296875,39.91999816894531,38.21917724609375,114600
2024-08-15,40.790000915527344,41.27000045776367,40.540000915527344,40.56999969482422,38.84148406982422,229100
2024-08-16,40.52000045776367,41.52000045776367,40.52000045776367,41.369998931884766,39.60740280151367,221400
2024-08-19,41.5,41.86000061035156,41.34000015258789,41.79999923706055,40.01907730102539,104300
2024-08-20,41.689998626708984,41.689998626708984,41.11000061035156,41.36000061035156,39.59783172607422,128100
2024-08-21,41.72999954223633,41.939998626708984,41.099998474121094,41.90999984741211,40.124393463134766,192000
2024-08-22,41.9900016784668,42.310001373291016,41.790000915527344,42.029998779296875,40.23927688598633,263300
2024-08-23,42.400001525878906,44.790000915527344,42.310001373291016,43.779998779296875,41.91471862792969,268800
2024-08-26,44.2400016784668,44.2400016784668,42.84000015258789,42.900001525878906,41.07221603393555,195300
2024-08-27,42.77000045776367,42.900001525878906,42.15999984741211,42.84000015258789,41.014766693115234,202000
2024-08-28,42.650001525878906,43.52000045776367,42.650001525878906,43.4900016784668,41.63707733154297,135000
2024-08-29,43.72999954223633,43.83000183105469,43.060001373291016,43.47999954223633,41.62750244140625,214800
2024-08-30,43.54999923706055,43.84000015258789,43.119998931884766,43.810001373291016,42.21529769897461,276300
2024-09-03,43.25,43.77000045776367,43.119998931884766,43.599998474121094,42.012939453125,311200
2024-09-04,43.400001525878906,43.900001525878906,42.79999923706055,42.88999938964844,41.32878112792969,209000
2024-09-05,43.150001525878906,43.220001220703125,42.06999969482422,42.439998626708984,40.89516830444336,126100
2024-09-06,42.63999938964844,42.63999938964844,41.29999923706055,41.31999969482422,39.81593704223633,146700
2024-09-09,41.279998779296875,42.040000915527344,40.47999954223633,41.130001068115234,39.632850646972656,167000
2024-09-10,41.349998474121094,41.630001068115234,40.52000045776367,41.400001525878906,39.89302444458008,210700
2024-09-11,40.790000915527344,40.790000915527344,39.790000915527344,40.66999816894531,39.18959426879883,224400
2024-09-12,40.970001220703125,41.22999954223633,40.08000183105469,40.599998474121094,39.12214279174805,235700
2024-09-13,41.189998626708984,41.529998779296875,40.91999816894531,41.16999816894531,39.6713981628418,186700
2024-09-16,41.400001525878906,41.95000076293945,40.810001373291016,41.54999923706055,40.03756332397461,155500
2024-09-17,42.029998779296875,42.81999969482422,41.79999923706055,41.810001373291016,40.28810501098633,142400
2024-09-18,41.849998474121094,43.52000045776367,41.380001068115234,42.08000183105469,40.548274993896484,156400
2024-09-19,43.13999938964844,43.45000076293945,42.47999954223633,43.189998626708984,41.61786651611328,217400
2024-09-20,42.90999984741211,42.939998626708984,42.08000183105469,42.290000915527344,40.75062942504883,567600
2024-09-23,42.52000045776367,42.52000045776367,41.75,41.95000076293945,40.423004150390625,146800
2024-09-24,41.84000015258789,41.959999084472656,41.34000015258789,41.529998779296875,40.01829147338867,178900
2024-09-25,41.45000076293945,41.45000076293945,41.0,41.16999816894531,39.6713981628418,183900
2024-09-26,41.52000045776367,41.529998779296875,40.959999084472656,41.099998474121094,39.603939056396484,196400
2024-09-27,41.38999938964844,41.59000015258789,41.060001373291016,41.369998931884766,39.86411666870117,158100
2024-09-30,41.290000915527344,42.36000061035156,41.15999984741211,42.099998474121094,40.56753921508789,195000
2024-10-01,41.959999084472656,41.959999084472656,40.45000076293945,40.4900016784668,39.016143798828125,162100
2024-10-02,40.18000030517578,40.77000045776367,39.97999954223633,40.119998931884766,38.65961456298828,178400
2024-10-03,39.93000030517578,40.459999084472656,39.720001220703125,40.45000076293945,38.97760009765625,137300
2024-10-04,41.189998626708984,41.40999984741211,40.9900016784668,41.130001068115234,39.632850646972656,112500
2024-10-07,40.90999984741211,41.18000030517578,40.63999938964844,40.849998474121094,39.363040924072266,143000
2024-10-08,41.11000061035156,41.119998931884766,40.59000015258789,40.880001068115234,39.3919563293457,134500
2024-10-09,40.7599983215332,41.34000015258789,40.54999923706055,40.849998474121094,39.363040924072266,118000
2024-10-10,40.4900016784668,40.84000015258789,40.27000045776367,40.779998779296875,39.29559326171875,116100
2024-10-11,41.06999969482422,42.369998931884766,41.06999969482422,42.119998931884766,40.586814880371094,138800
2024-10-14,42.040000915527344,42.720001220703125,41.790000915527344,42.4900016784668,40.94335174560547,108100
2024-10-15,42.529998779296875,43.900001525878906,42.380001068115234,43.02000045776367,41.45405578613281,162200
2024-10-16,43.380001068115234,44.189998626708984,43.220001220703125,43.779998779296875,42.1863899230957,120600
2024-10-17,43.66999816894531,44.58000183105469,43.56999969482422,44.54999923706055,42.92835998535156,203100
2024-10-18,44.45000076293945,44.45000076293945,43.33000183105469,43.41999816894531,41.83949661254883,210500
2024-10-21,43.34000015258789,43.41999816894531,41.630001068115234,41.68000030517578,40.1628303527832,187600
2024-10-22,41.56999969482422,41.91999816894531,41.380001068115234,41.869998931884766,40.34591293334961,158300
2024-10-23,43.970001220703125,45.91999816894531,43.38999938964844,45.04999923706055,43.410160064697266,474100
2024-10-24,45.5,46.029998779296875,45.13999938964844,45.599998474121094,43.94013977050781,310700
2024-10-25,46.08000183105469,46.08000183105469,44.349998474121094,44.400001525878906,42.7838249206543,175000
2024-10-28,44.93000030517578,45.810001373291016,44.68000030517578,45.5,43.84378433227539,181600
2024-10-29,45.060001373291016,45.689998626708984,44.880001068115234,45.630001068115234,43.969051361083984,152600
2024-10-30,45.34000015258789,46.81999969482422,45.34000015258789,45.90999984741211,44.238861083984375,139600
2024-10-31,45.880001068115234,45.9900016784668,44.91999816894531,44.959999084472656,43.32343673706055,136400
2024-11-01,45.349998474121094,45.36000061035156,44.45000076293945,44.68000030517578,43.05363082885742,110400
2024-11-04,44.38999938964844,44.599998474121094,43.779998779296875,44.189998626708984,42.58146286010742,136700
2024-11-05,44.220001220703125,45.18000030517578,43.95000076293945,45.09000015258789,43.44870376586914,118900
2024-11-06,49.060001373291016,51.7599983215332,48.63999938964844,51.2400016784668,49.374847412109375,580600
2024-11-07,50.880001068115234,50.880001068115234,48.529998779296875,49.189998626708984,47.39946365356445,331100
2024-11-08,49.459999084472656,49.86000061035156,48.88999938964844,49.54999923706055,47.74635696411133,272400
2024-11-11,50.52000045776367,51.5099983215332,49.83000183105469,50.119998931884766,48.29561233520508,313300
2024-11-12,49.869998931884766,50.0,48.790000915527344,49.18000030517578,47.389827728271484,308400
2024-11-13,49.75,50.16999816894531,48.5,48.56999969482422,46.80202865600586,216300
2024-11-14,49.060001373291016,49.11000061035156,48.099998474121094,48.56999969482422,46.80202865600586,189400
2024-11-15,48.869998931884766,48.970001220703125,47.75,48.58000183105469,46.81167221069336,229000
2024-11-18,48.02000045776367,48.40999984741211,47.66999816894531,47.79999923706055,46.060062408447266,180900
2024-11-19,47.060001373291016,47.79999923706055,47.060001373291016,47.2400016784668,45.520450592041016,182500
2024-11-20,47.13999938964844,47.31999969482422,46.310001373291016,47.0,45.289180755615234,261200
2024-11-21,47.40999984741211,48.70000076293945,47.04999923706055,48.0099983215332,46.26241683959961,267600
2024-11-22,48.09000015258789,49.13999938964844,47.95000076293945,48.869998931884766,47.09111022949219,279200
2024-11-25,49.5,50.81999969482422,49.31999969482422,49.38999938964844,47.592185974121094,243200
2024-11-26,49.130001068115234,49.29999923706055,48.65999984741211,48.72999954223633,46.95620346069336,178000
2024-11-27,49.27000045776367,49.38999938964844,48.279998779296875,48.45000076293945,46.6864013671875,143000
2024-11-29,48.61000061035156,48.630001068115234,47.41999816894531,47.7400016784668,46.27925491333008,80600
2024-12-02,47.810001373291016,48.209999084472656,47.31999969482422,47.66999816894531,46.211395263671875,288000
2024-12-03,47.59000015258789,47.869998931884766,47.029998779296875,47.11000061035156,45.66852951049805,113500
2024-12-04,47.279998779296875,47.43000030517578,46.84000015258789,47.029998779296875,45.59097671508789,272200
2024-12-05,47.2599983215332,48.779998779296875,47.099998474121094,47.72999954223633,46.26955795288086,551100
2024-12-06,47.939998626708984,48.04999923706055,47.209999084472656,47.33000183105469,45.881797790527344,174600
2024-12-09,47.33000183105469,47.72999954223633,46.56999969482422,46.66999816894531,45.24198913574219,210000
2024-12-10,46.790000915527344,47.529998779296875,46.0099983215332,46.779998779296875,45.34862518310547,185900
2024-12-11,47.27000045776367,47.720001220703125,46.619998931884766,46.86000061035156,45.426177978515625,199700
2024-12-12,46.88999938964844,47.11000061035156,46.15999984741211,46.25,44.834842681884766,160000
2024-12-13,46.130001068115234,46.40999984741211,45.540000915527344,46.349998474121094,44.931785583496094,167200
2024-12-16,46.2400016784668,46.619998931884766,45.93000030517578,46.58000183105469,45.154747009277344,149800
2024-12-17,46.209999084472656,46.599998474121094,45.40999984741211,45.560001373291016,44.165958404541016,147700
2024-12-18,45.90999984741211,45.970001220703125,42.84000015258789,43.04999923706055,41.732757568359375,249200
2024-12-19,43.709999084472656,44.58000183105469,42.58000183105469,42.63999938964844,41.335304260253906,221000
2024-12-20,42.400001525878906,43.779998779296875,42.400001525878906,43.150001525878906,41.82969665527344,889600
2024-12-23,42.810001373291016,43.529998779296875,42.810001373291016,43.380001068115234,42.05265808105469,152800
2024-12-24,43.2599983215332,43.65999984741211,43.0099983215332,43.56999969482422,42.236846923828125,57100
2024-12-26,43.189998626708984,43.75,42.93000030517578,43.59000015258789,42.25623321533203,77200
2024-12-27,43.08000183105469,43.709999084472656,42.59000015258789,43.16999816894531,41.84908676147461,163900
2024-12-30,42.599998474121094,43.290000915527344,42.599998474121094,43.029998779296875,41.7133674621582,112500
2024-12-31,43.279998779296875,43.540000915527344,42.83000183105469,43.060001373291016,41.742454528808594,145900
2025-01-02,43.2599983215332,43.4900016784668,42.029998779296875,42.060001373291016,40.77304458618164,140100
2025-01-03,42.2599983215332,42.849998474121094,41.54999923706055,42.810001373291016,41.50010299682617,115800
2025-01-06,42.79999923706055,43.709999084472656,42.66999816894531,42.869998931884766,41.55826187133789,155300
2025-01-07,43.060001373291016,43.29999923706055,42.09000015258789,42.779998779296875,41.47101974487305,150600
2025-01-08,42.31999969482422,42.869998931884766,42.099998474121094,42.84000015258789,41.529178619384766,161200
2025-01-10,42.16999816894531,42.16999816894531,40.970001220703125,41.619998931884766,40.34650802612305,190600
2025-01-13,40.95000076293945,42.08000183105469,40.95000076293945,42.06999969482422,40.78274154663086,178300
2025-01-14,42.31999969482422,43.40999984741211,42.2599983215332,43.29999923706055,41.9751091003418,242800
2025-01-15,44.689998626708984,44.93000030517578,43.43000030517578,44.02000045776367,42.67307662963867,150600
2025-01-16,43.84000015258789,43.88999938964844,43.20000076293945,43.68000030517578,42.343475341796875,192200
2025-01-17,44.16999816894531,44.33000183105469,43.40999984741211,44.09000015258789,42.740936279296875,193400
2025-01-21,44.279998779296875,44.84000015258789,44.04999923706055,44.09000015258789,42.740936279296875,178600
2025-01-22,43.689998626708984,44.029998779296875,43.380001068115234,43.560001373291016,42.22715377807617,227700
2025-01-23,42.90999984741211,43.56999969482422,41.7599983215332,42.2400016784668,40.94754409790039,330000
2025-01-24,41.91999816894531,42.79999923706055,41.33000183105469,42.45000076293945,41.15111541748047,335000
2025-01-27,42.650001525878906,43.40999984741211,42.38999938964844,42.63999938964844,41.335304260253906,192700
2025-01-28,42.5,43.119998931884766,42.290000915527344,42.900001525878906,41.58734893798828,168100
2025-01-29,42.68000030517578,43.34000015258789,42.25,42.65999984741211,41.35468673706055,158400
2025-01-30,43.15999984741211,43.34000015258789,42.369998931884766,42.70000076293945,41.39346694946289,140800
2025-01-31,42.4900016784668,43.65999984741211,42.4900016784668,43.130001068115234,41.8103141784668,234200
2025-02-03,42.11000061035156,42.790000915527344,41.65999984741211,42.56999969482422,41.2674446105957,175000
2025-02-04,42.540000915527344,43.47999954223633,42.5,43.25,41.926639556884766,160600
2025-02-05,43.52000045776367,43.52000045776367,43.0,43.47999954223633,42.14959716796875,105500
2025-02-06,43.56999969482422,44.099998474121094,43.369998931884766,44.02000045776367,42.67307662963867,107300
2025-02-07,44.0099983215332,44.0099983215332,43.04999923706055,43.560001373291016,42.22715377807617,147100
2025-02-10,43.630001068115234,43.70000076293945,43.06999969482422,43.08000183105469,41.7618408203125,127800
2025-02-11,42.810001373291016,44.11000061035156,42.689998626708984,44.04999923706055,42.70215606689453,178100
2025-02-12,43.34000015258789,43.470001220703125,42.540000915527344,42.56999969482422,41.2674446105957,165200
2025-02-13,42.79999923706055,43.060001373291016,42.47999954223633,42.9900016784668,41.674591064453125,119800
2025-02-14,42.88999938964844,43.540000915527344,42.849998474121094,43.09000015258789,41.77153015136719,152700
2025-02-18,42.86000061035156,43.439998626708984,42.75,42.970001220703125,41.655208587646484,165600
2025-02-19,42.439998626708984,43.02000045776367,42.40999984741211,42.810001373291016,41.50010299682617,187800
2025-02-20,42.59000015258789,42.95000076293945,41.970001220703125,42.63999938964844,41.335304260253906,154500
2025-02-21,43.08000183105469,43.08000183105469,41.810001373291016,41.95000076293945,40.66641616821289,263300
2025-02-24,42.29999923706055,42.29999923706055,41.599998474121094,41.61000061035156,40.336822509765625,206000
2025-02-25,41.91999816894531,42.34000015258789,41.689998626708984,41.88999938964844,40.608253479003906,173100
2025-02-26,41.75,42.150001525878906,41.2400016784668,41.779998779296875,40.50161361694336,157500
2025-02-27,41.63999938964844,41.91999816894531,41.47999954223633,41.7599983215332,40.48222732543945,144600
2025-02-28,41.779998779296875,42.08000183105469,41.459999084472656,41.869998931884766,40.87269973754883,173000
2025-03-03,41.869998931884766,42.09000015258789,40.97999954223633,41.400001525878906,40.41389465332031,309700
2025-03-04,41.060001373291016,41.27000045776367,40.08000183105469,40.22999954223633,39.27176284790039,244300
2025-03-05,40.29999923706055,40.79999923706055,39.84000015258789,40.560001373291016,39.593902587890625,242000
2025-03-06,40.25,40.27000045776367,39.59000015258789,40.119998931884766,39.16438293457031,171300
2025-03-07,39.91999816894531,40.15999984741211,39.29999923706055,39.939998626708984,38.988670349121094,172200
2025-03-10,39.65999984741211,39.65999984741211,38.31999969482422,38.38999938964844,37.4755859375,201800
2025-03-11,38.599998474121094,38.81999969482422,38.029998779296875,38.43000030517578,37.5146369934082,426300
2025-03-12,38.81999969482422,39.02000045776367,38.29999923706055,38.540000915527344,37.62201690673828,315400
2025-03-13,38.70000076293945,38.959999084472656,38.09000015258789,38.11000061035156,37.2022590637207,152500
2025-03-14,38.369998931884766,39.2599983215332,38.2400016784668,39.25,38.315101623535156,208000
2025-03-17,39.29999923706055,39.939998626708984,39.29999923706055,39.65999984741211,38.71533966064453,281300
2025-03-18,39.5,39.91999816894531,39.5,39.720001220703125,38.77391052246094,193300
2025-03-19,39.849998474121094,40.279998779296875,39.63999938964844,39.88999938964844,38.93986129760742,217100
2025-03-20,39.40999984741211,40.0,39.279998779296875,39.310001373291016,38.373680114746094,260900
2025-03-21,39.060001373291016,39.290000915527344,38.4900016784668,38.849998474121094,37.92463302612305,1171000
2025-03-24,39.36000061035156,39.63999938964844,38.91999816894531,39.63999938964844,38.69581604003906,539400
2025-03-25,39.56999969482422,39.97999954223633,39.349998474121094,39.400001525878906,38.46153259277344,201100
2025-03-26,39.560001373291016,40.099998474121094,39.400001525878906,39.560001373291016,38.61772537231445,150900
2025-03-27,39.2400016784668,39.68000030517578,39.119998931884766,39.290000915527344,38.35415267944336,121000
2025-03-28,39.20000076293945,39.59000015258789,38.369998931884766,38.75,37.8270149230957,136900
2025-03-31,38.349998474121094,38.59000015258789,38.0,38.27000045776367,37.35844802856445,405300
2025-04-01,38.0,38.7400016784668,37.630001068115234,38.439998626708984,37.52439880371094,236600
2025-04-02,37.93000030517578,38.84000015258789,37.93000030517578,38.84000015258789,37.91486740112305,188200
2025-04-03,37.0,37.310001373291016,35.34000015258789,35.40999984741211,34.56657028198242,350200
2025-04-04,33.93000030517578,34.43000030517578,33.189998626708984,34.25,33.434200286865234,347300
2025-04-07,33.5099983215332,35.86000061035156,32.83000183105469,34.310001373291016,33.49277114868164,439800
2025-04-08,35.5,35.52000045776367,33.54999923706055,33.939998626708984,33.1315803527832,314200
2025-04-09,33.36000061035156,36.31999969482422,32.959999084472656,35.61000061035156,34.76180648803711,531400
2025-04-10,35.0,35.060001373291016,33.040000915527344,33.91999816894531,33.112060546875,266600
2025-04-11,33.52000045776367,34.06999969482422,33.150001525878906,33.939998626708984,33.1315803527832,192300
2025-04-14,34.31999969482422,34.79999923706055,33.58000183105469,34.56999969482422,33.746578216552734,491500
2025-04-15,34.619998931884766,35.41999816894531,34.619998931884766,35.11000061035156,34.273719787597656,173800
2025-04-16,35.08000183105469,35.380001068115234,34.81999969482422,35.25,34.410377502441406,212200
2025-04-17,35.18000030517578,35.619998931884766,35.150001525878906,35.54999923706055,34.7032356262207,216300
2025-04-21,35.099998474121094,35.83000183105469,34.880001068115234,35.7400016784668,34.88871383666992,574000
2025-04-22,36.189998626708984,36.63999938964844,35.4900016784668,36.619998931884766,35.74774932861328,323000
2025-04-23,33.75,36.2599983215332,33.75,34.34000015258789,33.522056579589844,672200
2025-04-24,34.04999923706055,35.400001525878906,34.04999923706055,35.400001525878906,34.55680847167969,462700
2025-04-25,35.02000045776367,35.349998474121094,34.900001525878906,35.33000183105469,34.48847961425781,398300
2025-04-28,35.33000183105469,35.88999938964844,35.33000183105469,35.86000061035156,35.00585174560547,218000
2025-04-29,35.84000015258789,36.540000915527344,35.56999969482422,36.439998626708984,35.57203674316406,212000
2025-04-30,35.86000061035156,36.40999984741211,35.4900016784668,36.15999984741211,35.2987060546875,219000
2025-05-01,36.40999984741211,36.65999984741211,35.93000030517578,36.209999084472656,35.347511291503906,320400
2025-05-02,36.56999969482422,36.849998474121094,36.2599983215332,36.47999954223633,35.611083984375,337700
2025-05-05,36.150001525878906,36.970001220703125,36.150001525878906,36.400001525878906,35.53298568725586,282200
2025-05-06,36.040000915527344,36.63999938964844,35.86000061035156,36.279998779296875,35.41584396362305,175800
2025-05-07,36.59000015258789,36.630001068115234,35.9900016784668,36.16999816894531,35.308467864990234,165800
2025-05-08,36.45000076293945,37.41999816894531,36.45000076293945,37.130001068115234,36.245601654052734,152000
2025-05-09,37.09000015258789,37.2599983215332,36.869998931884766,37.0,36.11870193481445,243400
2025-05-12,38.380001068115234,38.720001220703125,37.869998931884766,38.04999923706055,37.1436882019043,261300
2025-05-13,38.47999954223633,38.47999954223633,37.90999984741211,38.189998626708984,37.28035354614258,197100
2025-05-14,38.02000045776367,38.279998779296875,37.720001220703125,37.7400016784668,36.8410758972168,136300
2025-05-15,37.77000045776367,38.2599983215332,37.5,38.22999954223633,37.319400787353516,174000
2025-05-16,38.25,38.29999923706055,37.70000076293945,38.20000076293945,37.29011535644531,187400
2025-05-19,37.77000045776367,38.38999938964844,37.75,38.150001525878906,37.241310119628906,167000
2025-05-20,38.11000061035156,38.279998779296875,37.790000915527344,37.86000061035156,36.958213806152344,220300
2025-05-21,37.43000030517578,37.720001220703125,36.880001068115234,36.91999816894531,36.04059982299805,175100
2025-05-22,36.75,37.040000915527344,36.5099983215332,36.59000015258789,35.718467712402344,149600
2025-05-23,35.90999984741211,36.619998931884766,35.90999984741211,36.540000915527344,35.669654846191406,218700
2025-05-27,36.90999984741211,37.16999816894531,36.380001068115234,37.09000015258789,36.2065544128418,123500
2025-05-28,36.970001220703125,37.220001220703125,36.349998474121094,36.400001525878906,35.53298568725586,235800
2025-05-29,36.47999954223633,36.90999984741211,36.290000915527344,36.900001525878906,36.02108383178711,124300
2025-05-30,36.59000015258789,36.630001068115234,36.060001373291016,36.150001525878906,35.57819747924805,174700
2025-06-02,36.0099983215332,36.08000183105469,35.599998474121094,35.959999084472656,35.39120101928711,332000
2025-06-03,35.95000076293945,36.66999816894531,35.86000061035156,36.650001525878906,36.070289611816406,255400
2025-06-04,36.59000015258789,36.81999969482422,36.130001068115234,36.2599983215332,35.68645477294922,173000
2025-06-05,36.33000183105469,36.38999938964844,36.02000045776367,36.33000183105469,35.75535202026367,151500
2025-06-06,36.97999954223633,37.08000183105469,36.529998779296875,37.06999969482422,36.483646392822266,115700
2025-06-09,37.29999923706055,37.63999938964844,37.040000915527344,37.279998779296875,36.69032287597656,146600
2025-06-10,37.29999923706055,37.93000030517578,37.29999923706055,37.65999984741211,37.06431198120117,125900
2025-06-11,37.849998474121094,37.849998474121094,36.79999923706055,37.15999984741211,36.57221984863281,209200
2025-06-12,36.90999984741211,37.130001068115234,36.66999816894531,37.08000183105469,36.49348831176758,193600
2025-06-13,36.43000030517578,36.52000045776367,35.959999084472656,36.06999969482422,35.49946212768555,164200
2025-06-16,36.439998626708984,36.52000045776367,35.900001525878906,36.04999923706055,35.47977828979492,298200
2025-06-17,35.66999816894531,36.060001373291016,35.540000915527344,35.619998931884766,35.05657958984375,196200
2025-06-18,35.52000045776367,36.150001525878906,35.52000045776367,35.849998474121094,35.28293991088867,166800
2025-06-20,36.04999923706055,36.349998474121094,35.84000015258789,35.900001525878906,35.3321533203125,532300
2025-06-23,35.630001068115234,36.81999969482422,35.619998931884766,36.79999923706055,36.21791458129883,162400
2025-06-24,37.150001525878906,37.650001525878906,37.11000061035156,37.15999984741211,36.57221984863281,217300
2025-06-25,37.220001220703125,37.220001220703125,36.97999954223633,37.15999984741211,36.57221984863281,229100
2025-06-26,37.41999816894531,37.97999954223633,37.20000076293945,37.97999954223633,37.379249572753906,145100
2025-06-27,37.959999084472656,38.2599983215332,37.4900016784668,37.4900016784668,36.89700698852539,484200
2025-06-30,37.689998626708984,37.93000030517578,37.59000015258789,37.61000061035156,37.015106201171875,266300
2025-07-01,37.43000030517578,39.2599983215332,37.43000030517578,39.0099983215332,38.3929557800293,272800
2025-07-02,39.22999954223633,39.52000045776367,38.849998474121094,39.38999938964844,38.76694869995117,284300
2025-07-03,39.58000183105469,40.06999969482422,39.36000061035156,40.040000915527344,39.40666580200195,157900
2025-07-07,39.59000015258789,40.15999984741211,39.25,39.43000030517578,38.80631637573242,203100
2025-07-08,39.470001220703125,40.25,39.41999816894531,39.880001068115234,39.24919891357422,226500
2025-07-09,40.38999938964844,40.459999084472656,39.27000045776367,39.349998474121094,38.72758102416992,430000
2025-07-10,39.099998474121094,40.38999938964844,39.099998474121094,40.18000030517578,39.54445266723633,519800
2025-07-11,39.86000061035156,40.22999954223633,39.709999084472656,40.02000045776367,39.386985778808594,267200
2025-07-14,39.849998474121094,40.56999969482422,39.849998474121094,40.56999969482422,39.92828369140625,176000
2025-07-15,40.310001373291016,40.40999984741211,39.04999923706055,39.06999969482422,38.45201110839844,184000
2025-07-16,39.38999938964844,39.47999954223633,38.56999969482422,39.45000076293945,38.82600021362305,153100
2025-07-17,39.439998626708984,40.099998474121094,39.439998626708984,40.04999923706055,39.416507720947266,305200
2025-07-18,40.150001525878906,40.2400016784668,39.58000183105469,39.709999084472656,39.081886291503906,205800
2025-07-21,39.869998931884766,40.279998779296875,39.630001068115234,39.630001068115234,39.00315475463867,149500
2025-07-22,39.720001220703125,39.970001220703125,39.209999084472656,39.209999084472656,38.58979415893555,271100
2025-07-23,40.150001525878906,40.349998474121094,38.09000015258789,40.29999923706055,39.66255569458008,523500
2025-07-24,40.43000030517578,40.529998779296875,39.4900016784668,39.4900016784668,38.8653678894043,303100
2025-07-25,39.43000030517578,39.70000076293945,38.91999816894531,39.279998779296875,38.658687591552734,417800
2025-07-28,39.29999923706055,39.349998474121094,38.939998626708984,39.08000183105469,38.46185302734375,271100
2025-07-29,39.41999816894531,39.41999816894531,38.41999816894531,38.52000045776367,37.91071319580078,265300
2025-07-30,38.560001373291016,38.68000030517578,37.38999938964844,37.630001068115234,37.0347900390625,427100
2025-07-31,37.11000061035156,37.529998779296875,37.02000045776367,37.060001373291016,36.47380447387695,428100
2025-08-01,36.790000915527344,36.790000915527344,35.400001525878906,36.060001373291016,35.489620208740234,1165000
2025-08-04,36.16999816894531,36.630001068115234,35.86000061035156,36.5,35.92266082763672,553300
2025-08-05,36.540000915527344,36.83000183105469,35.880001068115234,36.77000045776367,36.188392639160156,419100
2025-08-06,36.720001220703125,37.060001373291016,36.29999923706055,36.310001373291016,35.73566818237305,308400
2025-08-07,36.61000061035156,36.61000061035156,36.08000183105469,36.13999938964844,35.568355560302734,282400
2025-08-08,36.41999816894531,36.66999816894531,36.18000030517578,36.540000915527344,35.96202850341797,160000
2025-08-11,36.66999816894531,36.83000183105469,36.41999816894531,36.529998779296875,35.952186584472656,212500
2025-08-12,36.93000030517578,37.970001220703125,36.93000030517578,37.91999816894531,37.32019805908203,418000
2025-08-13,38.2400016784668,38.36000061035156,37.97999954223633,38.36000061035156,37.75324249267578,278800
2025-08-14,38.0099983215332,38.209999084472656,37.689998626708984,38.20000076293945,37.59577178955078,261800
2025-08-15,38.279998779296875,38.279998779296875,37.56999969482422,37.689998626708984,37.09383773803711,238100
2025-08-18,37.59000015258789,37.91999816894531,37.5099983215332,37.91999816894531,37.32019805908203,233200
2025-08-19,37.84000015258789,38.279998779296875,37.66999816894531,37.959999084472656,37.35956954956055,230500
2025-08-20,38.029998779296875,38.060001373291016,37.599998474121094,37.689998626708984,37.09383773803711,342600
2025-08-21,37.45000076293945,37.779998779296875,37.27000045776367,37.689998626708984,37.09383773803711,294200
2025-08-22,37.95000076293945,39.34000015258789,37.869998931884766,39.310001373291016,38.68821334838867,381100
2025-08-25,39.130001068115234,39.349998474121094,39.130001068115234,39.189998626708984,38.57011032104492,227900
2025-08-26,39.18000030517578,39.689998626708984,39.18000030517578,39.459999084472656,38.83584213256836,176700
2025-08-27,39.310001373291016,39.81999969482422,39.310001373291016,39.68000030517578,39.05236053466797,191700
2025-08-28,39.9900016784668,39.9900016784668,39.06999969482422,39.209999084472656,38.58979415893555,278000
2025-08-29,39.18000030517578,39.349998474121094,39.09000015258789,39.220001220703125,38.89724349975586,281400
2025-09-02,38.70000076293945,39.040000915527344,38.369998931884766,39.0099983215332,38.688968658447266,237800
2025-09-03,38.810001373291016,39.290000915527344,38.68000030517578,39.029998779296875,38.708805084228516,313000
2025-09-04,39.20000076293945,39.38999938964844,38.880001068115234,39.38999938964844,39.06584548950195,420500
2025-09-05,39.5,39.9900016784668,38.939998626708984,39.130001068115234,38.807987213134766,175100
2025-09-08,39.349998474121094,39.58000183105469,38.790000915527344,39.310001373291016,38.98650360107422,483400
2025-09-09,39.189998626708984,39.33000183105469,38.59000015258789,38.689998626708984,38.371604919433594,367800
2025-09-10,38.689998626708984,38.869998931884766,38.47999954223633,38.52000045776367,38.203006744384766,214200
2025-09-11,38.459999084472656,38.709999084472656,38.2599983215332,38.59000015258789,38.272430419921875,225700
2025-09-12,38.470001220703125,38.619998931884766,37.9900016784668,38.470001220703125,38.15341567993164,357200
2025-09-15,38.529998779296875,38.66999816894531,37.880001068115234,37.959999084472656,37.647613525390625,305800
2025-09-16,38.27000045776367,38.38999938964844,36.93000030517578,37.66999816894531,37.3599967956543,584200
2025-09-17,38.08000183105469,39.66999816894531,37.84000015258789,38.86000061035156,38.54020690917969,604600
2025-09-18,39.5,41.709999084472656,39.119998931884766,41.58000183105469,41.237823486328125,729700
2025-09-19,41.61000061035156,41.630001068115234,39.84000015258789,39.959999084472656,39.63115310668945,821300
2025-09-22,39.75,39.90999984741211,39.119998931884766,39.5,39.1749382019043,303200
2025-09-23,39.4900016784668,40.060001373291016,39.0,39.08000183105469,38.75839614868164,343600
2025-09-24,39.16999816894531,39.45000076293945,38.77000045776367,38.93000030517578,38.6096305847168,258000
2025-09-25,38.79999923706055,39.290000915527344,38.63999938964844,39.290000915527344,38.96666717529297,266300
2025-09-26,39.439998626708984,39.70000076293945,38.84000015258789,39.470001220703125,39.14518737792969,325300
2025-09-29,39.4900016784668,39.4900016784668,38.869998931884766,39.16999816894531,38.847652435302734,378300
2025-09-30,39.0099983215332,39.22999954223633,38.349998474121094,38.63999938964844,38.322017669677734,317800
2025-10-01,38.34000015258789,38.650001525878906,37.970001220703125,38.400001525878906,38.08399200439453,389900
2025-10-02,38.33000183105469,38.7599983215332,38.060001373291016,38.61000061035156,38.29226303100586,428800
2025-10-03,38.650001525878906,39.31999969482422,38.279998779296875,38.279998779296875,37.9649772644043,325200
2025-10-06,38.72999954223633,39.2599983215332,38.130001068115234,38.540000915527344,38.22283935546875,353600
2025-10-07,38.54999923706055,38.9900016784668,38.349998474121094,38.72999954223633,38.41127395629883,409300
2025-10-08,38.93000030517578,38.93000030517578,38.31999969482422,38.45000076293945,38.133583068847656,355400
2025-10-09,38.45000076293945,38.45000076293945,37.97999954223633,38.0,37.68728256225586,266600
2025-10-10,38.04999923706055,38.529998779296875,36.459999084472656,36.47999954223633,36.17979049682617,388100
2025-10-13,36.90999984741211,37.16999816894531,36.619998931884766,37.08000183105469,36.77485656738281,273900
2025-10-14,36.709999084472656,38.220001220703125,36.709999084472656,37.959999084472656,37.647613525390625,283800
2025-10-15,38.13999938964844,38.43000030517578,37.63999938964844,37.93000030517578,37.61785888671875,415600
2025-10-16,37.349998474121094,37.689998626708984,35.38999938964844,35.61000061035156,35.316951751708984,542100
2025-10-17,36.0099983215332,36.439998626708984,35.81999969482422,36.369998931884766,36.07069778442383,335500
2025-10-20,36.540000915527344,37.08000183105469,36.4900016784668,36.880001068115234,36.576499938964844,255000
2025-10-21,36.790000915527344,37.209999084472656,36.68000030517578,37.0099983215332,36.70542907714844,284600
2025-10-22,37.84000015258789,38.310001373291016,36.540000915527344,37.86000061035156,37.54843521118164,454800
2025-10-23,37.650001525878906,37.70000076293945,36.599998474121094,36.72999954223633,36.427734375,518700
2025-10-24,37.029998779296875,37.5099983215332,36.9900016784668,37.5,37.19139862060547,284400
2025-10-27,37.59000015258789,37.83000183105469,37.119998931884766,37.20000076293945,36.89386749267578,265500
2025-10-28,36.970001220703125,37.279998779296875,36.70000076293945,37.029998779296875,36.72526550292969,188600
2025-10-29,36.75,37.0,35.54999923706055,35.779998779296875,35.48554992675781,291100
2025-10-30,35.970001220703125,36.72999954223633,35.810001373291016,36.150001525878906,35.852508544921875,307000
2025-10-31,35.7599983215332,35.90999984741211,35.2599983215332,35.65999984741211,35.366539001464844,246200
2025-11-03,35.4900016784668,35.939998626708984,35.060001373291016,35.869998931884766,35.57481002807617,311100
2025-11-04,35.72999954223633,36.150001525878906,35.470001220703125,35.88999938964844,35.59464645385742,301300
2025-11-05,35.97999954223633,36.68000030517578,35.97999954223633,36.36000061035156,36.0607795715332,221300
2025-11-06,36.40999984741211,36.45000076293945,35.709999084472656,35.880001068115234,35.58473205566406,267800
2025-11-07,35.86000061035156,36.349998474121094,35.619998931884766,36.34000015258789,36.04094314575195,243800
2025-11-10,36.560001373291016,37.400001525878906,36.5099983215332,37.150001525878906,36.84428024291992,292200
2025-11-11,37.13999938964844,37.38999938964844,36.88999938964844,37.220001220703125,36.91370391845703,174600
2025-11-12,37.22999954223633,37.66999816894531,37.08000183105469,37.08000183105469,36.77485656738281,229000
2025-11-13,36.83000183105469,37.380001068115234,36.470001220703125,36.709999084472656,36.40789794921875,184300
2025-11-14,36.59000015258789,36.77000045776367,36.220001220703125,36.72999954223633,36.427734375,183200
2025-11-17,36.58000183105469,36.84000015258789,35.59000015258789,35.59000015258789,35.297115325927734,328800
2025-11-18,35.5099983215332,36.13999938964844,35.5099983215332,35.63999938964844,35.346702575683594,235600
2025-11-19,35.630001068115234,36.36000061035156,35.5,35.72999954223633,35.43596267700195,846200
2025-11-20,36.0,36.720001220703125,35.540000915527344,35.65999984741211,35.366539001464844,194700
2025-11-21,35.869998931884766,37.34000015258789,35.7599983215332,36.970001220703125,36.6657600402832,278800
2025-11-24,36.95000076293945,37.22999954223633,36.380001068115234,36.97999954223633,36.67567825317383,298700
2025-11-25,37.150001525878906,38.2599983215332,37.150001525878906,38.0,37.68728256225586,244300
2025-11-26,37.77000045776367,38.16999816894531,37.66999816894531,37.66999816894531,37.3599967956543,455000
2025-11-28,37.4900016784668,37.4900016784668,37.08000183105469,37.209999084472656,37.209999084472656,145300
2025-12-01,37.08000183105469,37.599998474121094,36.86000061035156,37.459999084472656,37.459999084472656,311000
2025-12-02,37.65999984741211,37.790000915527344,37.2400016784668,37.5099983215332,37.5099983215332,377100
2025-12-03,37.65999984741211,38.599998474121094,37.63999938964844,38.400001525878906,38.400001525878906,258300
2025-12-04,38.189998626708984,38.68000030517578,38.189998626708984,38.61000061035156,38.61000061035156,201900
2025-12-05,38.38999938964844,38.79999923706055,38.38999938964844,38.5,38.5,254400
2025-12-08,38.619998931884766,39.060001373291016,38.58000183105469,38.720001220703125,38.720001220703125,374400
2025-12-09,38.65999984741211,39.25,38.5099983215332,38.630001068115234,38.630001068115234,211900
2025-12-10,38.709999084472656,40.060001373291016,38.45000076293945,39.72999954223633,39.72999954223633,365800
2025-12-11,39.689998626708984,40.220001220703125,39.68000030517578,39.79999923706055,39.79999923706055,331600
2025-12-12,40.060001373291016,40.150001525878906,39.459999084472656,39.900001525878906,39.900001525878906,349300
2025-12-15,40.099998474121094,40.310001373291016,39.779998779296875,40.04999923706055,40.04999923706055,406000
2025-12-16,40.13999938964844,40.5,39.779998779296875,39.970001220703125,39.970001220703125,362500
2025-12-17,39.900001525878906,40.68000030517578,39.900001525878906,40.25,40.25,324700
2025-12-18,40.52000045776367,40.65999984741211,40.02000045776367,40.06999969482422,40.06999969482422,312600
2025-12-19,39.95000076293945,40.31999969482422,39.349998474121094,39.68000030517578,39.68000030517578,1415400
2025-12-22,39.70000076293945,40.06999969482422,39.369998931884766,39.45000076293945,39.45000076293945,249800
2025-12-23,39.290000915527344,39.56999969482422,39.04999923706055,39.09000015258789,39.09000015258789,225600
2025-12-24,39.04999923706055,39.380001068115234,38.97999954223633,39.099998474121094,39.099998474121094,91900
2025-12-26,39.099998474121094,39.27000045776367,38.61000061035156,38.810001373291016,38.810001373291016,146700
2025-12-29,38.84000015258789,39.02000045776367,38.25,38.5099983215332,38.5099983215332,200900
2025-12-30,38.45000076293945,38.45000076293945,38.18000030517578,38.209999084472656,38.209999084472656,148200
