date,open,high,low,close,adj_close,volume
,NEWEN,NEWEN,NEWEN,NEWEN,NEWEN,NEWEN
2020-01-02,129.75,129.75,129.75,129.75,94.5115737915039,0
2020-01-03,174.0,174.0,174.0,174.0,126.74384307861328,100
2020-01-06,174.0,174.0,174.0,174.0,126.74384307861328,0
2020-01-07,174.0,174.0,174.0,174.0,126.74384307861328,0
2020-01-08,174.0,174.0,174.0,174.0,126.74384307861328,0
2020-01-09,174.0,174.0,174.0,174.0,126.74384307861328,0
2020-01-10,174.0,174.0,174.0,174.0,126.74384307861328,0
2020-01-13,174.0,174.0,174.0,174.0,126.74384307861328,0
2020-01-14,174.0,174.0,174.0,174.0,126.74384307861328,100
2020-01-15,174.0,174.0,174.0,174.0,126.74384307861328,0
2020-01-16,174.0,174.0,174.0,174.0,126.74384307861328,0
2020-01-17,174.0,174.0,174.0,174.0,126.74384307861328,0
2020-01-21,174.0,174.0,174.0,174.0,126.74384307861328,0
2020-01-22,174.0,174.0,174.0,174.0,126.74384307861328,0
2020-01-23,122.0,122.0,122.0,122.0,88.86637115478516,100
2020-01-24,174.0,174.0,174.0,174.0,126.74384307861328,200
2020-01-27,174.0,174.0,174.0,174.0,126.74384307861328,0
2020-01-28,174.0,174.0,174.0,174.0,126.74384307861328,0
2020-01-29,122.01000213623047,122.01000213623047,122.01000213623047,122.01000213623047,88.87364959716797,100
2020-01-30,122.01000213623047,122.01000213623047,122.01000213623047,122.01000213623047,88.87364959716797,0
2020-01-31,122.01000213623047,122.01000213623047,122.01000213623047,122.01000213623047,88.87364959716797,0
2020-02-03,122.05000305175781,122.05000305175781,122.05000305175781,122.05000305175781,88.9028091430664,100
2020-02-04,122.05000305175781,122.05000305175781,122.05000305175781,122.05000305175781,88.9028091430664,0
2020-02-05,149.00999450683594,149.00999450683594,149.0,149.0,108.53353118896484,400
2020-02-06,149.0,149.0,149.0,149.0,108.53353118896484,0
2020-02-07,149.0,149.0,149.0,149.0,108.53353118896484,0
2020-02-10,149.0,149.0,149.0,149.0,108.53353118896484,0
2020-02-11,149.0,149.0,149.0,149.0,108.53353118896484,0
2020-02-12,149.0,149.0,149.0,149.0,108.53353118896484,0
2020-02-13,149.0,149.0,149.0,149.0,108.53353118896484,0
2020-02-14,149.0,149.0,149.0,149.0,108.53353118896484,0
2020-02-18,149.0,149.0,149.0,149.0,108.53353118896484,0
2020-02-19,149.0,149.0,149.0,149.0,108.53353118896484,0
2020-02-20,149.0,149.0,149.0,149.0,108.53353118896484,100
2020-02-21,149.0,149.0,149.0,149.0,108.53353118896484,0
2020-02-24,149.0,149.0,149.0,149.0,108.53353118896484,0
2020-02-25,130.0,130.0,130.0,130.0,94.69368743896484,100
2020-02-26,130.0,130.0,130.0,130.0,94.69368743896484,0
2020-02-27,130.0,130.0,130.0,130.0,94.69368743896484,0
2020-02-28,124.05000305175781,124.05000305175781,124.01000213623047,124.01000213623047,90.33049011230469,200
2020-03-02,124.01000213623047,124.01000213623047,124.01000213623047,124.01000213623047,90.33049011230469,0
2020-03-03,124.01000213623047,124.01000213623047,124.01000213623047,124.01000213623047,90.33049011230469,0
2020-03-04,124.01000213623047,124.01000213623047,124.01000213623047,124.01000213623047,90.33049011230469,0
2020-03-05,124.01000213623047,124.01000213623047,124.01000213623047,124.01000213623047,90.33049011230469,0
2020-03-06,124.01000213623047,124.01000213623047,124.01000213623047,124.01000213623047,90.33049011230469,0
2020-03-09,124.01000213623047,124.01000213623047,124.01000213623047,124.01000213623047,90.33049011230469,0
2020-03-10,124.01000213623047,124.01000213623047,124.01000213623047,124.01000213623047,90.33049011230469,0
2020-03-11,124.01000213623047,124.01000213623047,124.01000213623047,124.01000213623047,90.33049011230469,0
2020-03-12,124.01000213623047,124.01000213623047,124.01000213623047,124.01000213623047,90.33049011230469,0
2020-03-13,124.01000213623047,124.01000213623047,124.01000213623047,124.01000213623047,90.33049011230469,0
2020-03-16,124.01000213623047,124.01000213623047,124.01000213623047,124.01000213623047,90.33049011230469,0
2020-03-17,124.01000213623047,124.01000213623047,124.01000213623047,124.01000213623047,91.43648529052734,0
2020-03-18,124.01000213623047,124.01000213623047,124.01000213623047,124.01000213623047,91.43648529052734,0
2020-03-19,124.01000213623047,124.01000213623047,124.01000213623047,124.01000213623047,91.43648529052734,0
2020-03-20,124.01000213623047,124.01000213623047,124.01000213623047,124.01000213623047,91.43648529052734,0
2020-03-23,124.01000213623047,124.01000213623047,124.01000213623047,124.01000213623047,91.43648529052734,0
2020-03-24,124.01000213623047,124.01000213623047,124.01000213623047,124.01000213623047,91.43648529052734,0
2020-03-25,124.01000213623047,124.01000213623047,124.01000213623047,124.01000213623047,91.43648529052734,0
2020-03-26,124.01000213623047,124.01000213623047,124.01000213623047,124.01000213623047,91.43648529052734,0
2020-03-27,124.01000213623047,124.01000213623047,124.01000213623047,124.01000213623047,91.43648529052734,0
2020-03-30,124.01000213623047,124.01000213623047,124.01000213623047,124.01000213623047,91.43648529052734,0
2020-03-31,124.01000213623047,124.01000213623047,124.01000213623047,124.01000213623047,91.43648529052734,0
2020-04-01,124.01000213623047,124.01000213623047,124.01000213623047,124.01000213623047,91.43648529052734,0
2020-04-02,124.01000213623047,124.01000213623047,124.01000213623047,124.01000213623047,91.43648529052734,0
2020-04-03,124.01000213623047,124.01000213623047,124.01000213623047,124.01000213623047,91.43648529052734,0
2020-04-06,124.01000213623047,124.01000213623047,124.01000213623047,124.01000213623047,91.43648529052734,0
2020-04-07,124.01000213623047,124.01000213623047,124.01000213623047,124.01000213623047,91.43648529052734,0
2020-04-08,124.01000213623047,124.01000213623047,124.01000213623047,124.01000213623047,91.43648529052734,0
2020-04-09,124.01000213623047,124.01000213623047,124.01000213623047,124.01000213623047,91.43648529052734,0
2020-04-13,124.01000213623047,124.01000213623047,124.01000213623047,124.01000213623047,91.43648529052734,0
2020-04-14,124.01000213623047,124.01000213623047,124.01000213623047,124.01000213623047,91.43648529052734,0
2020-04-15,124.01000213623047,124.01000213623047,124.01000213623047,124.01000213623047,91.43648529052734,0
2020-04-16,124.01000213623047,124.01000213623047,124.01000213623047,124.01000213623047,91.43648529052734,0
2020-04-17,124.01000213623047,124.01000213623047,124.01000213623047,124.01000213623047,91.43648529052734,0
2020-04-20,124.01000213623047,124.01000213623047,124.01000213623047,124.01000213623047,91.43648529052734,0
2020-04-21,124.01000213623047,124.01000213623047,124.01000213623047,124.01000213623047,91.43648529052734,0
2020-04-22,121.01000213623047,121.01000213623047,121.01000213623047,121.01000213623047,89.22450256347656,100
2020-04-23,121.01000213623047,121.01000213623047,121.01000213623047,121.01000213623047,89.22450256347656,0
2020-04-24,121.01000213623047,121.01000213623047,121.01000213623047,121.01000213623047,89.22450256347656,0
2020-04-27,121.01000213623047,121.01000213623047,121.01000213623047,121.01000213623047,89.22450256347656,0
2020-04-28,121.01000213623047,121.01000213623047,121.01000213623047,121.01000213623047,89.22450256347656,0
2020-04-29,121.01000213623047,121.01000213623047,121.01000213623047,121.01000213623047,89.22450256347656,0
2020-04-30,121.01000213623047,121.01000213623047,121.01000213623047,121.01000213623047,89.22450256347656,0
2020-05-01,121.01000213623047,121.01000213623047,121.01000213623047,121.01000213623047,89.22450256347656,0
2020-05-04,121.01000213623047,121.01000213623047,121.01000213623047,121.01000213623047,89.22450256347656,0
2020-05-05,121.01000213623047,121.01000213623047,121.01000213623047,121.01000213623047,89.22450256347656,0
2020-05-06,121.01000213623047,121.01000213623047,121.01000213623047,121.01000213623047,89.22450256347656,0
2020-05-07,121.01000213623047,121.01000213623047,121.01000213623047,121.01000213623047,89.22450256347656,0
2020-05-08,121.01000213623047,121.01000213623047,121.01000213623047,121.01000213623047,89.22450256347656,0
2020-05-11,121.01000213623047,121.01000213623047,121.01000213623047,121.01000213623047,89.22450256347656,0
2020-05-12,121.01000213623047,121.01000213623047,121.01000213623047,121.01000213623047,89.22450256347656,0
2020-05-13,121.01000213623047,121.01000213623047,121.01000213623047,121.01000213623047,89.22450256347656,0
2020-05-14,121.01000213623047,121.01000213623047,121.01000213623047,121.01000213623047,89.22450256347656,0
2020-05-15,121.01000213623047,121.01000213623047,121.01000213623047,121.01000213623047,89.22450256347656,0
2020-05-18,121.01000213623047,121.01000213623047,121.01000213623047,121.01000213623047,89.22450256347656,0
2020-05-19,121.01000213623047,121.01000213623047,121.01000213623047,121.01000213623047,89.22450256347656,0
2020-05-20,121.01000213623047,121.01000213623047,121.01000213623047,121.01000213623047,89.22450256347656,0
2020-05-21,121.01000213623047,121.01000213623047,121.01000213623047,121.01000213623047,89.22450256347656,0
2020-05-22,121.01000213623047,121.01000213623047,121.01000213623047,121.01000213623047,89.22450256347656,0
2020-05-26,121.01000213623047,121.01000213623047,121.01000213623047,121.01000213623047,89.22450256347656,0
2020-05-27,121.01000213623047,121.01000213623047,121.01000213623047,121.01000213623047,89.22450256347656,0
2020-05-28,121.01000213623047,121.01000213623047,121.01000213623047,121.01000213623047,89.22450256347656,0
2020-05-29,124.76000213623047,124.76000213623047,124.76000213623047,124.76000213623047,91.98949432373047,100
2020-06-01,124.76000213623047,124.76000213623047,124.76000213623047,124.76000213623047,91.98949432373047,0
2020-06-02,124.76000213623047,124.76000213623047,124.76000213623047,124.76000213623047,91.98949432373047,0
2020-06-03,124.76000213623047,124.76000213623047,124.76000213623047,124.76000213623047,91.98949432373047,0
2020-06-04,124.76000213623047,124.76000213623047,124.76000213623047,124.76000213623047,91.98949432373047,0
2020-06-05,124.76000213623047,124.76000213623047,124.76000213623047,124.76000213623047,91.98949432373047,0
2020-06-08,124.76000213623047,124.76000213623047,124.76000213623047,124.76000213623047,91.98949432373047,0
2020-06-09,124.76000213623047,124.76000213623047,124.76000213623047,124.76000213623047,91.98949432373047,0
2020-06-10,124.76000213623047,124.76000213623047,124.76000213623047,124.76000213623047,91.98949432373047,0
2020-06-11,124.76000213623047,124.76000213623047,124.76000213623047,124.76000213623047,91.98949432373047,0
2020-06-12,124.76000213623047,124.76000213623047,124.76000213623047,124.76000213623047,91.98949432373047,0
2020-06-15,124.76000213623047,124.76000213623047,124.76000213623047,124.76000213623047,91.98949432373047,0
2020-06-16,124.76000213623047,124.76000213623047,124.76000213623047,124.76000213623047,93.10894775390625,0
2020-06-17,124.76000213623047,124.76000213623047,124.76000213623047,124.76000213623047,93.10894775390625,0
2020-06-18,124.77999877929688,124.77999877929688,124.77999877929688,124.77999877929688,93.12387084960938,100
2020-06-19,124.77999877929688,124.77999877929688,124.77999877929688,124.77999877929688,93.12387084960938,0
2020-06-22,124.77999877929688,124.77999877929688,124.77999877929688,124.77999877929688,93.12387084960938,0
2020-06-23,124.77999877929688,124.77999877929688,124.77999877929688,124.77999877929688,93.12387084960938,0
2020-06-24,124.77999877929688,124.77999877929688,124.77999877929688,124.77999877929688,93.12387084960938,0
2020-06-25,124.77999877929688,124.77999877929688,124.77999877929688,124.77999877929688,93.12387084960938,0
2020-06-26,124.77999877929688,124.77999877929688,124.77999877929688,124.77999877929688,93.12387084960938,0
2020-06-29,124.77999877929688,124.77999877929688,124.77999877929688,124.77999877929688,93.12387084960938,0
2020-06-30,124.77999877929688,124.77999877929688,124.77999877929688,124.77999877929688,93.12387084960938,0
2020-07-01,124.77999877929688,124.77999877929688,124.77999877929688,124.77999877929688,93.12387084960938,0
2020-07-02,124.77999877929688,124.77999877929688,124.77999877929688,124.77999877929688,93.12387084960938,0
2020-07-06,124.77999877929688,124.77999877929688,124.77999877929688,124.77999877929688,93.12387084960938,0
2020-07-07,124.77999877929688,124.77999877929688,124.77999877929688,124.77999877929688,93.12387084960938,0
2020-07-08,124.77999877929688,124.77999877929688,124.77999877929688,124.77999877929688,93.12387084960938,0
2020-07-09,124.77999877929688,124.77999877929688,124.77999877929688,124.77999877929688,93.12387084960938,0
2020-07-10,145.0,145.0,145.0,145.0,108.21412658691406,100
2020-07-13,145.0,145.0,145.0,145.0,108.21412658691406,0
2020-07-14,145.0,145.0,145.0,145.0,108.21412658691406,0
2020-07-15,145.0,145.0,145.0,145.0,108.21412658691406,0
2020-07-16,160.75,160.75,160.75,160.75,119.9684066772461,100
2020-07-17,160.75,160.75,160.75,160.75,119.9684066772461,0
2020-07-20,160.75,160.75,160.75,160.75,119.9684066772461,0
2020-07-21,160.75,160.75,160.75,160.75,119.9684066772461,0
2020-07-22,160.75,160.75,160.75,160.75,119.9684066772461,0
2020-07-23,160.75,160.75,160.75,160.75,119.9684066772461,0
2020-07-24,160.75,160.75,160.75,160.75,119.9684066772461,0
2020-07-27,160.75,160.75,160.75,160.75,119.9684066772461,0
2020-07-28,160.75,160.75,160.75,160.75,119.9684066772461,0
2020-07-29,160.75,160.75,160.75,160.75,119.9684066772461,0
2020-07-30,160.75,160.75,160.75,160.75,119.9684066772461,0
2020-07-31,160.75,160.75,160.75,160.75,119.9684066772461,0
2020-08-03,135.00999450683594,135.00999450683594,135.00999450683594,135.00999450683594,100.75856018066406,100
2020-08-04,135.00999450683594,135.00999450683594,135.00999450683594,135.00999450683594,100.75856018066406,0
2020-08-05,135.00999450683594,135.00999450683594,135.00999450683594,135.00999450683594,100.75856018066406,0
2020-08-06,135.00999450683594,135.00999450683594,135.00999450683594,135.00999450683594,100.75856018066406,0
2020-08-07,135.00999450683594,135.00999450683594,135.00999450683594,135.00999450683594,100.75856018066406,0
2020-08-10,135.00999450683594,135.00999450683594,135.00999450683594,135.00999450683594,100.75856018066406,0
2020-08-11,135.00999450683594,135.00999450683594,135.00999450683594,135.00999450683594,100.75856018066406,0
2020-08-12,135.00999450683594,135.00999450683594,135.00999450683594,135.00999450683594,100.75856018066406,0
2020-08-13,135.00999450683594,135.00999450683594,135.00999450683594,135.00999450683594,100.75856018066406,0
2020-08-14,135.00999450683594,135.00999450683594,135.00999450683594,135.00999450683594,100.75856018066406,0
2020-08-17,135.00999450683594,135.00999450683594,135.00999450683594,135.00999450683594,100.75856018066406,0
2020-08-18,135.00999450683594,135.00999450683594,135.00999450683594,135.00999450683594,100.75856018066406,0
2020-08-19,135.00999450683594,135.00999450683594,135.00999450683594,135.00999450683594,100.75856018066406,0
2020-08-20,135.00999450683594,135.00999450683594,135.00999450683594,135.00999450683594,100.75856018066406,0
2020-08-21,135.00999450683594,135.00999450683594,135.00999450683594,135.00999450683594,100.75856018066406,0
2020-08-24,135.00999450683594,135.00999450683594,135.00999450683594,135.00999450683594,100.75856018066406,0
2020-08-25,135.00999450683594,135.00999450683594,135.00999450683594,135.00999450683594,100.75856018066406,0
2020-08-26,135.00999450683594,135.00999450683594,135.00999450683594,135.00999450683594,100.75856018066406,0
2020-08-27,135.00999450683594,135.00999450683594,135.00999450683594,135.00999450683594,100.75856018066406,0
2020-08-28,135.00999450683594,135.00999450683594,135.00999450683594,135.00999450683594,100.75856018066406,0
2020-08-31,135.00999450683594,135.00999450683594,135.00999450683594,135.00999450683594,100.75856018066406,0
2020-09-01,135.00999450683594,135.00999450683594,135.00999450683594,135.00999450683594,100.75856018066406,0
2020-09-02,135.00999450683594,135.00999450683594,135.00999450683594,135.00999450683594,100.75856018066406,0
2020-09-03,135.00999450683594,135.00999450683594,135.00999450683594,135.00999450683594,100.75856018066406,0
2020-09-04,135.00999450683594,135.00999450683594,135.00999450683594,135.00999450683594,100.75856018066406,0
2020-09-08,135.00999450683594,135.00999450683594,135.00999450683594,135.00999450683594,100.75856018066406,0
2020-09-09,135.00999450683594,135.00999450683594,135.00999450683594,135.00999450683594,100.75856018066406,0
2020-09-10,135.00999450683594,135.00999450683594,135.00999450683594,135.00999450683594,100.75856018066406,0
2020-09-11,135.00999450683594,135.00999450683594,135.00999450683594,135.00999450683594,100.75856018066406,0
2020-09-14,135.00999450683594,135.00999450683594,135.00999450683594,135.00999450683594,100.75856018066406,0
2020-09-15,135.00999450683594,135.00999450683594,135.00999450683594,135.00999450683594,100.75856018066406,0
2020-09-16,150.0,150.0,150.0,150.0,113.20337677001953,100
2020-09-17,125.30999755859375,130.00999450683594,125.30999755859375,130.00999450683594,98.11714935302734,100
2020-09-18,130.00999450683594,130.00999450683594,130.00999450683594,130.00999450683594,98.11714935302734,0
2020-09-21,125.33000183105469,131.5,125.33000183105469,131.5,99.24164581298828,100
2020-09-22,131.5,131.5,131.5,131.5,99.24164581298828,0
2020-09-23,131.5,131.5,131.5,131.5,99.24164581298828,0
2020-09-24,131.5,131.5,131.5,131.5,99.24164581298828,0
2020-09-25,131.5,131.5,131.5,131.5,99.24164581298828,0
2020-09-28,131.5,131.5,131.5,131.5,99.24164581298828,0
2020-09-29,131.5,131.5,131.5,131.5,99.24164581298828,0
2020-09-30,131.5,131.5,131.5,131.5,99.24164581298828,0
2020-10-01,131.5,131.5,131.5,131.5,99.24164581298828,0
2020-10-02,131.5,131.5,131.5,131.5,99.24164581298828,0
2020-10-05,131.5,131.5,131.5,131.5,99.24164581298828,0
2020-10-06,131.5,131.5,131.5,131.5,99.24164581298828,0
2020-10-07,131.5,131.5,131.5,131.5,99.24164581298828,0
2020-10-08,131.5,131.5,131.5,131.5,99.24164581298828,0
2020-10-09,131.5,131.5,131.5,131.5,99.24164581298828,0
2020-10-12,131.5,131.5,131.5,131.5,99.24164581298828,0
2020-10-13,131.5,131.5,131.5,131.5,99.24164581298828,0
2020-10-14,131.5,131.5,131.5,131.5,99.24164581298828,0
2020-10-15,131.5,131.5,131.5,131.5,99.24164581298828,0
2020-10-16,131.5,131.5,131.5,131.5,99.24164581298828,0
2020-10-19,131.5,131.5,131.5,131.5,99.24164581298828,0
2020-10-20,131.5,131.5,131.5,131.5,99.24164581298828,0
2020-10-21,131.5,131.5,131.5,131.5,99.24164581298828,0
2020-10-22,131.5,131.5,131.5,131.5,99.24164581298828,0
2020-10-23,131.5,131.5,131.5,131.5,99.24164581298828,0
2020-10-26,131.5,131.5,131.5,131.5,99.24164581298828,0
2020-10-27,131.5,131.5,131.5,131.5,99.24164581298828,0
2020-10-28,131.5,131.5,131.5,131.5,99.24164581298828,0
2020-10-29,131.5,131.5,131.5,131.5,99.24164581298828,0
2020-10-30,131.5,131.5,131.5,131.5,99.24164581298828,0
2020-11-02,131.5,131.5,131.5,131.5,99.24164581298828,0
2020-11-03,131.5,131.5,131.5,131.5,99.24164581298828,0
2020-11-04,131.5,131.5,131.5,131.5,99.24164581298828,0
2020-11-05,131.5,131.5,131.5,131.5,99.24164581298828,0
2020-11-06,131.5,131.5,131.5,131.5,99.24164581298828,0
2020-11-09,131.5,131.5,131.5,131.5,99.24164581298828,0
2020-11-10,131.5,131.5,131.5,131.5,99.24164581298828,0
2020-11-11,131.5,131.5,131.5,131.5,99.24164581298828,0
2020-11-12,131.5,131.5,131.5,131.5,99.24164581298828,0
2020-11-13,131.5,131.5,131.5,131.5,99.24164581298828,0
2020-11-16,131.5,131.5,131.5,131.5,99.24164581298828,0
2020-11-17,131.5,131.5,131.5,131.5,99.24164581298828,0
2020-11-18,131.5,131.5,131.5,131.5,99.24164581298828,0
2020-11-19,131.5,131.5,131.5,131.5,99.24164581298828,0
2020-11-20,131.5,131.5,131.5,131.5,99.24164581298828,0
2020-11-23,131.5,131.5,131.5,131.5,99.24164581298828,0
2020-11-24,131.5,131.5,131.5,131.5,99.24164581298828,0
2020-11-25,130.00999450683594,130.00999450683594,130.00999450683594,130.00999450683594,98.11714935302734,100
2020-11-27,130.00999450683594,130.00999450683594,130.00999450683594,130.00999450683594,98.11714935302734,0
2020-11-30,130.00999450683594,130.00999450683594,130.00999450683594,130.00999450683594,98.11714935302734,0
2020-12-01,130.00999450683594,130.00999450683594,130.00999450683594,130.00999450683594,98.11714935302734,0
2020-12-02,130.00999450683594,130.00999450683594,130.00999450683594,130.00999450683594,98.11714935302734,0
2020-12-03,130.00999450683594,130.00999450683594,130.00999450683594,130.00999450683594,98.11714935302734,0
2020-12-04,137.5,137.5,137.5,137.5,103.7697525024414,100
2020-12-07,145.0,145.0,145.0,145.0,109.42992401123047,100
2020-12-08,145.0,145.0,145.0,145.0,109.42992401123047,0
2020-12-09,145.0,145.0,145.0,145.0,109.42992401123047,0
2020-12-10,145.0,145.0,145.0,145.0,109.42992401123047,0
2020-12-11,145.0,145.0,145.0,145.0,109.42992401123047,0
2020-12-14,145.0,145.0,145.0,145.0,109.42992401123047,0
2020-12-15,145.0,145.0,145.0,145.0,109.42992401123047,0
2020-12-16,145.0,145.0,145.0,145.0,109.42992401123047,0
2020-12-17,145.0,145.0,145.0,145.0,109.42992401123047,0
2020-12-18,145.0,145.0,145.0,145.0,110.57378387451172,0
2020-12-21,145.0,145.0,145.0,145.0,110.57378387451172,0
2020-12-22,145.0,145.0,145.0,145.0,110.57378387451172,0
2020-12-23,145.0,145.0,145.0,145.0,110.57378387451172,0
2020-12-24,145.0,145.0,145.0,145.0,110.57378387451172,0
2020-12-28,145.0,145.0,145.0,145.0,110.57378387451172,0
2020-12-29,138.5,138.5,138.5,138.5,105.61705780029297,100
2020-12-30,138.5,138.5,138.5,138.5,105.61705780029297,0
2020-12-31,138.5,138.5,138.5,138.5,105.61705780029297,0
2021-01-04,138.5,138.5,138.5,138.5,105.61705780029297,0
2021-01-05,138.5,138.5,138.5,138.5,105.61705780029297,0
2021-01-06,138.5,138.5,138.5,138.5,105.61705780029297,0
2021-01-07,138.5,138.5,138.5,138.5,105.61705780029297,0
2021-01-08,138.5,138.5,138.5,138.5,105.61705780029297,0
2021-01-11,138.5,138.5,138.5,138.5,105.61705780029297,0
2021-01-12,138.5,138.5,138.5,138.5,105.61705780029297,0
2021-01-13,138.5,138.5,138.5,138.5,105.61705780029297,0
2021-01-14,138.5,138.5,138.5,138.5,105.61705780029297,0
2021-01-15,138.5,138.5,138.5,138.5,105.61705780029297,0
2021-01-19,138.5,138.5,138.5,138.5,105.61705780029297,0
2021-01-20,138.5,138.5,138.5,138.5,105.61705780029297,0
2021-01-21,138.5,138.5,138.5,138.5,105.61705780029297,0
2021-01-22,138.5,138.5,138.5,138.5,105.61705780029297,0
2021-01-25,138.5,138.5,138.5,138.5,105.61705780029297,0
2021-01-26,138.5,138.5,138.5,138.5,105.61705780029297,0
2021-01-27,138.5,138.5,138.5,138.5,105.61705780029297,0
2021-01-28,138.5,138.5,138.5,138.5,105.61705780029297,0
2021-01-29,138.5,138.5,138.5,138.5,105.61705780029297,0
2021-02-01,138.5,138.5,138.5,138.5,105.61705780029297,0
2021-02-02,138.5,138.5,138.5,138.5,105.61705780029297,0
2021-02-03,138.5,138.5,138.5,138.5,105.61705780029297,0
2021-02-04,138.5,138.5,138.5,138.5,105.61705780029297,0
2021-02-05,138.5,138.5,138.5,138.5,105.61705780029297,0
2021-02-08,138.5,138.5,138.5,138.5,105.61705780029297,0
2021-02-09,138.5,138.5,138.5,138.5,105.61705780029297,0
2021-02-10,138.5,138.5,138.5,138.5,105.61705780029297,0
2021-02-11,138.5,138.5,138.5,138.5,105.61705780029297,0
2021-02-12,138.5,138.5,138.5,138.5,105.61705780029297,0
2021-02-16,138.5,138.5,138.5,138.5,105.61705780029297,0
2021-02-17,138.5,138.5,138.5,138.5,105.61705780029297,0
2021-02-18,138.5,138.5,138.5,138.5,105.61705780029297,0
2021-02-19,138.5,138.5,138.5,138.5,105.61705780029297,0
2021-02-22,138.5,138.5,138.5,138.5,105.61705780029297,0
2021-02-23,138.5,138.5,138.5,138.5,105.61705780029297,0
2021-02-24,138.5,138.5,138.5,138.5,105.61705780029297,0
2021-02-25,138.5,138.5,138.5,138.5,105.61705780029297,0
2021-02-26,138.5,138.5,138.5,138.5,105.61705780029297,0
2021-03-01,138.5,138.5,138.5,138.5,105.61705780029297,0
2021-03-02,138.5,138.5,138.5,138.5,105.61705780029297,0
2021-03-03,138.5,138.5,138.5,138.5,105.61705780029297,0
2021-03-04,138.5,138.5,138.5,138.5,105.61705780029297,0
2021-03-05,138.5,138.5,138.5,138.5,105.61705780029297,0
2021-03-08,140.0,140.0,140.0,140.0,106.76091766357422,100
2021-03-09,140.0,140.0,140.0,140.0,106.76091766357422,0
2021-03-10,140.0,140.0,140.0,140.0,106.76091766357422,0
2021-03-11,140.0,140.0,140.0,140.0,106.76091766357422,0
2021-03-12,140.0,140.0,140.0,140.0,106.76091766357422,0
2021-03-15,140.0,140.0,140.0,140.0,106.76091766357422,0
2021-03-16,140.0,140.0,140.0,140.0,106.76091766357422,0
2021-03-17,140.0,140.0,140.0,140.0,107.91716003417969,0
2021-03-18,140.0,140.0,140.0,140.0,107.91716003417969,100
2021-03-19,140.0,140.0,140.0,140.0,107.91716003417969,0
2021-03-22,131.75,131.75,131.75,131.75,101.55777740478516,100
2021-03-23,131.75,131.75,131.75,131.75,101.55777740478516,0
2021-03-24,131.75,131.75,131.75,131.75,101.55777740478516,0
2021-03-25,131.75,131.75,131.75,131.75,101.55777740478516,0
2021-03-26,131.75,131.75,131.75,131.75,101.55777740478516,0
2021-03-29,131.75,131.75,131.75,131.75,101.55777740478516,0
2021-03-30,131.75,131.75,131.75,131.75,101.55777740478516,0
2021-03-31,131.75,131.75,131.75,131.75,101.55777740478516,0
2021-04-01,131.75,131.75,131.75,131.75,101.55777740478516,0
2021-04-05,131.75,131.75,131.75,131.75,101.55777740478516,0
2021-04-06,131.75,131.75,131.75,131.75,101.55777740478516,0
2021-04-07,131.75,131.75,131.75,131.75,101.55777740478516,0
2021-04-08,131.75,131.75,131.75,131.75,101.55777740478516,0
2021-04-09,131.75,131.75,131.75,131.75,101.55777740478516,0
2021-04-12,131.75,131.75,131.75,131.75,101.55777740478516,0
2021-04-13,131.75,131.75,131.75,131.75,101.55777740478516,0
2021-04-14,131.75,131.75,131.75,131.75,101.55777740478516,0
2021-04-15,131.75,131.75,131.75,131.75,101.55777740478516,0
2021-04-16,131.75,131.75,131.75,131.75,101.55777740478516,0
2021-04-19,131.75,131.75,131.75,131.75,101.55777740478516,0
2021-04-20,131.75,131.75,131.75,131.75,101.55777740478516,0
2021-04-21,131.75,131.75,131.75,131.75,101.55777740478516,0
2021-04-22,131.75,131.75,131.75,131.75,101.55777740478516,0
2021-04-23,131.75,131.75,131.75,131.75,101.55777740478516,0
2021-04-26,131.75,131.75,131.75,131.75,101.55777740478516,0
2021-04-27,131.75,131.75,131.75,131.75,101.55777740478516,0
2021-04-28,131.75,131.75,131.75,131.75,101.55777740478516,0
2021-04-29,131.75,131.75,131.75,131.75,101.55777740478516,0
2021-04-30,131.75,131.75,131.75,131.75,101.55777740478516,0
2021-05-03,131.75,131.75,131.75,131.75,101.55777740478516,0
2021-05-04,137.75,137.75,137.75,137.75,106.18277740478516,100
2021-05-05,137.75,137.75,137.75,137.75,106.18277740478516,0
2021-05-06,137.75,137.75,137.75,137.75,106.18277740478516,0
2021-05-07,137.75,137.75,137.75,137.75,106.18277740478516,0
2021-05-10,137.75,137.75,137.75,137.75,106.18277740478516,100
2021-05-11,137.75,137.75,137.75,137.75,106.18277740478516,0
2021-05-12,137.75,137.75,137.75,137.75,106.18277740478516,0
2021-05-13,155.3800048828125,155.3800048828125,155.3800048828125,155.3800048828125,119.77262878417969,100
2021-05-14,155.3800048828125,155.3800048828125,155.3800048828125,155.3800048828125,119.77262878417969,0
2021-05-17,155.3800048828125,155.3800048828125,155.3800048828125,155.3800048828125,119.77262878417969,0
2021-05-18,155.3800048828125,155.3800048828125,155.3800048828125,155.3800048828125,119.77262878417969,0
2021-05-19,155.3800048828125,155.3800048828125,155.3800048828125,155.3800048828125,119.77262878417969,0
2021-05-20,155.3800048828125,155.3800048828125,155.3800048828125,155.3800048828125,119.77262878417969,0
2021-05-21,155.3800048828125,155.3800048828125,155.3800048828125,155.3800048828125,119.77262878417969,0
2021-05-24,155.3800048828125,155.3800048828125,155.3800048828125,155.3800048828125,119.77262878417969,0
2021-05-25,155.3800048828125,155.3800048828125,155.3800048828125,155.3800048828125,119.77262878417969,0
2021-05-26,155.3800048828125,155.3800048828125,155.3800048828125,155.3800048828125,119.77262878417969,0
2021-05-27,155.3800048828125,155.3800048828125,155.3800048828125,155.3800048828125,119.77262878417969,0
2021-05-28,155.3800048828125,155.3800048828125,155.3800048828125,155.3800048828125,119.77262878417969,0
2021-06-01,155.3800048828125,155.3800048828125,155.3800048828125,155.3800048828125,119.77262878417969,0
2021-06-02,155.3800048828125,155.3800048828125,155.3800048828125,155.3800048828125,119.77262878417969,0
2021-06-03,155.3800048828125,155.3800048828125,155.3800048828125,155.3800048828125,119.77262878417969,0
2021-06-04,155.3800048828125,155.3800048828125,155.3800048828125,155.3800048828125,119.77262878417969,0
2021-06-07,155.3800048828125,155.3800048828125,155.3800048828125,155.3800048828125,119.77262878417969,0
2021-06-08,155.3800048828125,155.3800048828125,155.3800048828125,155.3800048828125,119.77262878417969,0
2021-06-09,155.3800048828125,155.3800048828125,155.3800048828125,155.3800048828125,119.77262878417969,0
2021-06-10,155.3800048828125,155.3800048828125,155.3800048828125,155.3800048828125,119.77262878417969,0
2021-06-11,155.3800048828125,155.3800048828125,155.3800048828125,155.3800048828125,119.77262878417969,0
2021-06-14,155.3800048828125,155.3800048828125,155.3800048828125,155.3800048828125,119.77262878417969,0
2021-06-15,155.3800048828125,155.3800048828125,155.3800048828125,155.3800048828125,119.77262878417969,0
2021-06-16,155.3800048828125,155.3800048828125,155.3800048828125,155.3800048828125,120.94017028808594,0
2021-06-17,155.3800048828125,155.3800048828125,155.3800048828125,155.3800048828125,120.94017028808594,0
2021-06-18,155.3800048828125,155.3800048828125,155.3800048828125,155.3800048828125,120.94017028808594,0
2021-06-21,132.0,132.0,124.52999877929688,132.0,102.7423324584961,300
2021-06-22,132.00999450683594,132.00999450683594,132.00999450683594,132.00999450683594,102.75010681152344,100
2021-06-23,132.00999450683594,132.00999450683594,132.00999450683594,132.00999450683594,102.75010681152344,0
2021-06-24,132.00999450683594,132.00999450683594,132.00999450683594,132.00999450683594,102.75010681152344,0
2021-06-25,132.00999450683594,132.00999450683594,132.00999450683594,132.00999450683594,102.75010681152344,0
2021-06-28,132.00999450683594,132.00999450683594,132.00999450683594,132.00999450683594,102.75010681152344,0
2021-06-29,132.00999450683594,132.00999450683594,132.00999450683594,132.00999450683594,102.75010681152344,0
2021-06-30,132.00999450683594,132.00999450683594,132.00999450683594,132.00999450683594,102.75010681152344,0
2021-07-01,132.00999450683594,132.00999450683594,132.00999450683594,132.00999450683594,102.75010681152344,0
2021-07-02,132.00999450683594,132.00999450683594,132.00999450683594,132.00999450683594,102.75010681152344,0
2021-07-06,132.00999450683594,132.00999450683594,132.00999450683594,132.00999450683594,102.75010681152344,0
2021-07-07,132.00999450683594,132.00999450683594,132.00999450683594,132.00999450683594,102.75010681152344,0
2021-07-08,132.00999450683594,132.00999450683594,132.00999450683594,132.00999450683594,102.75010681152344,0
2021-07-09,132.00999450683594,132.00999450683594,132.00999450683594,132.00999450683594,102.75010681152344,0
2021-07-12,132.00999450683594,132.00999450683594,132.00999450683594,132.00999450683594,102.75010681152344,0
2021-07-13,132.00999450683594,132.00999450683594,132.00999450683594,132.00999450683594,102.75010681152344,0
2021-07-14,132.00999450683594,132.00999450683594,132.00999450683594,132.00999450683594,102.75010681152344,0
2021-07-15,132.00999450683594,132.00999450683594,132.00999450683594,132.00999450683594,102.75010681152344,0
2021-07-16,132.00999450683594,132.00999450683594,132.00999450683594,132.00999450683594,102.75010681152344,0
2021-07-19,132.00999450683594,132.00999450683594,132.00999450683594,132.00999450683594,102.75010681152344,0
2021-07-20,132.00999450683594,132.00999450683594,132.00999450683594,132.00999450683594,102.75010681152344,0
2021-07-21,132.00999450683594,132.00999450683594,132.00999450683594,132.00999450683594,102.75010681152344,0
2021-07-22,139.75,139.75,139.75,139.75,108.77455139160156,100
2021-07-23,139.75,139.75,139.75,139.75,108.77455139160156,0
2021-07-26,139.75,139.75,139.75,139.75,108.77455139160156,0
2021-07-27,139.75,139.75,139.75,139.75,108.77455139160156,0
2021-07-28,139.75,139.75,139.75,139.75,108.77455139160156,0
2021-07-29,139.75,139.75,139.75,139.75,108.77455139160156,0
2021-07-30,139.75,139.75,139.75,139.75,108.77455139160156,0
2021-08-02,139.75,139.75,139.75,139.75,108.77455139160156,0
2021-08-03,139.75,139.75,139.75,139.75,108.77455139160156,0
2021-08-04,139.75,139.75,139.75,139.75,108.77455139160156,0
2021-08-05,139.75,139.75,139.75,139.75,108.77455139160156,0
2021-08-06,139.75,139.75,139.75,139.75,108.77455139160156,0
2021-08-09,139.75,139.75,139.75,139.75,108.77455139160156,0
2021-08-10,139.75,139.75,139.75,139.75,108.77455139160156,0
2021-08-11,138.75,138.75,138.75,138.75,107.9961929321289,100
2021-08-12,138.75,138.75,138.75,138.75,107.9961929321289,0
2021-08-13,138.75,138.75,138.75,138.75,107.9961929321289,0
2021-08-16,138.75,138.75,138.75,138.75,107.9961929321289,0
2021-08-17,138.75,138.75,138.75,138.75,107.9961929321289,0
2021-08-18,138.75,138.75,138.75,138.75,107.9961929321289,0
2021-08-19,138.75,138.75,138.75,138.75,107.9961929321289,0
2021-08-20,138.50999450683594,138.50999450683594,138.50999450683594,138.50999450683594,107.80937957763672,100
2021-08-23,138.50999450683594,138.50999450683594,138.50999450683594,138.50999450683594,107.80937957763672,0
2021-08-24,138.50999450683594,138.50999450683594,138.50999450683594,138.50999450683594,107.80937957763672,0
2021-08-25,138.50999450683594,138.50999450683594,138.50999450683594,138.50999450683594,107.80937957763672,0
2021-08-26,138.50999450683594,138.50999450683594,138.50999450683594,138.50999450683594,107.80937957763672,0
2021-08-27,138.50999450683594,138.50999450683594,138.50999450683594,138.50999450683594,107.80937957763672,0
2021-08-30,138.50999450683594,138.50999450683594,138.50999450683594,138.50999450683594,107.80937957763672,0
2021-08-31,138.50999450683594,138.50999450683594,138.50999450683594,138.50999450683594,107.80937957763672,0
2021-09-01,138.50999450683594,138.50999450683594,138.50999450683594,138.50999450683594,107.80937957763672,0
2021-09-02,138.50999450683594,138.50999450683594,138.50999450683594,138.50999450683594,107.80937957763672,0
2021-09-03,138.50999450683594,138.50999450683594,138.50999450683594,138.50999450683594,107.80937957763672,0
2021-09-07,138.50999450683594,138.50999450683594,138.50999450683594,138.50999450683594,107.80937957763672,0
2021-09-08,138.50999450683594,138.50999450683594,138.50999450683594,138.50999450683594,107.80937957763672,0
2021-09-09,138.50999450683594,138.50999450683594,138.50999450683594,138.50999450683594,107.80937957763672,0
2021-09-10,138.50999450683594,138.50999450683594,138.50999450683594,138.50999450683594,107.80937957763672,0
2021-09-13,138.50999450683594,138.50999450683594,138.50999450683594,138.50999450683594,107.80937957763672,0
2021-09-14,138.50999450683594,138.50999450683594,138.50999450683594,138.50999450683594,107.80937957763672,0
2021-09-15,138.50999450683594,138.50999450683594,138.50999450683594,138.50999450683594,107.80937957763672,0
2021-09-16,138.50999450683594,138.50999450683594,138.50999450683594,138.50999450683594,108.98970794677734,0
2021-09-17,138.50999450683594,138.50999450683594,138.50999450683594,138.50999450683594,108.98970794677734,0
2021-09-20,138.50999450683594,138.50999450683594,138.50999450683594,138.50999450683594,108.98970794677734,0
2021-09-21,138.50999450683594,138.50999450683594,138.50999450683594,138.50999450683594,108.98970794677734,0
2021-09-22,123.51000213623047,142.0,123.51000213623047,135.0,106.22779846191406,200
2021-09-23,135.0,135.0,135.0,135.0,106.22779846191406,0
2021-09-24,135.0,135.0,135.0,135.0,106.22779846191406,0
2021-09-27,123.51000213623047,123.77999877929688,123.51000213623047,123.77999877929688,97.39906311035156,100
2021-09-28,135.00999450683594,135.00999450683594,105.0,132.02999877929688,103.8907699584961,500
2021-09-29,132.02999877929688,132.02999877929688,132.02999877929688,132.02999877929688,103.8907699584961,0
2021-09-30,132.02999877929688,132.02999877929688,132.02999877929688,132.02999877929688,103.8907699584961,0
2021-10-01,132.02999877929688,132.02999877929688,132.02999877929688,132.02999877929688,103.8907699584961,0
2021-10-04,132.02999877929688,132.02999877929688,132.02999877929688,132.02999877929688,103.8907699584961,0
2021-10-05,132.02999877929688,132.02999877929688,132.02999877929688,132.02999877929688,103.8907699584961,0
2021-10-06,132.02999877929688,132.02999877929688,132.02999877929688,132.02999877929688,103.8907699584961,0
2021-10-07,132.02999877929688,132.02999877929688,132.02999877929688,132.02999877929688,103.8907699584961,0
2021-10-08,132.02999877929688,132.02999877929688,132.02999877929688,132.02999877929688,103.8907699584961,0
2021-10-11,132.02999877929688,132.02999877929688,132.02999877929688,132.02999877929688,103.8907699584961,0
2021-10-12,132.02999877929688,132.02999877929688,132.02999877929688,132.02999877929688,103.8907699584961,0
2021-10-13,132.02999877929688,132.02999877929688,132.02999877929688,132.02999877929688,103.8907699584961,0
2021-10-14,132.02999877929688,132.02999877929688,132.02999877929688,132.02999877929688,103.8907699584961,0
2021-10-15,132.02999877929688,132.02999877929688,132.02999877929688,132.02999877929688,103.8907699584961,0
2021-10-18,132.02999877929688,132.02999877929688,132.02999877929688,132.02999877929688,103.8907699584961,0
2021-10-19,132.02999877929688,132.02999877929688,132.02999877929688,132.02999877929688,103.8907699584961,0
2021-10-20,132.02999877929688,132.02999877929688,132.02999877929688,132.02999877929688,103.8907699584961,0
2021-10-21,132.02999877929688,132.02999877929688,132.02999877929688,132.02999877929688,103.8907699584961,0
2021-10-22,133.0,133.0,133.0,133.0,104.65403747558594,100
2021-10-25,133.0,133.0,133.0,133.0,104.65403747558594,0
2021-10-26,133.0,133.0,133.0,133.0,104.65403747558594,0
2021-10-27,133.0,133.0,133.0,133.0,104.65403747558594,0
2021-10-28,133.0,133.0,133.0,133.0,104.65403747558594,0
2021-10-29,133.0,133.0,133.0,133.0,104.65403747558594,0
2021-11-01,133.0,133.0,133.0,133.0,104.65403747558594,0
2021-11-02,133.0,133.0,133.0,133.0,104.65403747558594,0
2021-11-03,133.0,133.0,133.0,133.0,104.65403747558594,0
2021-11-04,133.0,133.0,133.0,133.0,104.65403747558594,0
2021-11-05,133.0,133.0,133.0,133.0,104.65403747558594,0
2021-11-08,133.0,133.0,133.0,133.0,104.65403747558594,0
2021-11-09,133.0,133.0,133.0,133.0,104.65403747558594,0
2021-11-10,132.75,132.75,132.75,132.75,104.45730590820312,100
2021-11-11,132.75,132.75,132.75,132.75,104.45730590820312,0
2021-11-12,132.75,132.75,132.75,132.75,104.45730590820312,0
2021-11-15,132.75,132.75,132.75,132.75,104.45730590820312,0
2021-11-16,132.75,132.75,132.75,132.75,104.45730590820312,0
2021-11-17,132.75,132.75,132.75,132.75,104.45730590820312,0
2021-11-18,132.75,132.75,132.75,132.75,104.45730590820312,0
2021-11-19,132.75,132.75,132.75,132.75,104.45730590820312,0
2021-11-22,132.75,132.75,132.75,132.75,104.45730590820312,0
2021-11-23,132.75,132.75,132.75,132.75,104.45730590820312,0
2021-11-24,132.75,132.75,132.75,132.75,104.45730590820312,0
2021-11-26,132.75,132.75,132.75,132.75,104.45730590820312,0
2021-11-29,132.75,132.75,132.75,132.75,104.45730590820312,0
2021-11-30,132.75,132.75,132.75,132.75,104.45730590820312,0
2021-12-01,132.75,132.75,132.75,132.75,104.45730590820312,0
2021-12-02,132.75,132.75,132.75,132.75,104.45730590820312,0
2021-12-03,132.75,132.75,132.75,132.75,104.45730590820312,0
2021-12-06,132.75,132.75,132.75,132.75,104.45730590820312,0
2021-12-07,132.75,132.75,132.75,132.75,104.45730590820312,0
2021-12-08,132.75,132.75,132.75,132.75,104.45730590820312,0
2021-12-09,132.75,132.75,132.75,132.75,104.45730590820312,0
2021-12-10,132.75,132.75,132.75,132.75,104.45730590820312,0
2021-12-13,132.75,132.75,132.75,132.75,104.45730590820312,0
2021-12-14,132.75,132.75,132.75,132.75,104.45730590820312,0
2021-12-15,132.75,132.75,132.75,132.75,104.45730590820312,0
2021-12-16,132.75,132.75,132.75,132.75,104.45730590820312,0
2021-12-17,133.0,144.0,133.0,144.0,114.6045913696289,100
2021-12-20,144.0,144.0,144.0,144.0,114.6045913696289,0
2021-12-21,144.0,144.0,110.75,144.0,114.6045913696289,100
2021-12-22,144.0,144.0,144.0,144.0,114.6045913696289,100
2021-12-23,144.0,144.0,144.0,144.0,114.6045913696289,0
2021-12-27,144.0,144.0,144.0,144.0,114.6045913696289,0
2021-12-28,138.5,138.5,138.5,138.5,110.22733306884766,100
2021-12-29,138.5,138.5,138.5,138.5,110.22733306884766,0
2021-12-30,140.0,140.0,140.0,140.0,111.42113494873047,100
2021-12-31,140.0,140.0,140.0,140.0,111.42113494873047,0
2022-01-03,140.0,140.0,140.0,140.0,111.42113494873047,0
2022-01-04,140.0,140.0,140.0,140.0,111.42113494873047,0
2022-01-05,140.0,140.0,140.0,140.0,111.42113494873047,0
2022-01-06,140.0,140.0,140.0,140.0,111.42113494873047,0
2022-01-07,140.0,140.0,140.0,140.0,111.42113494873047,0
2022-01-10,140.0,140.0,140.0,140.0,111.42113494873047,0
2022-01-11,140.0,140.0,140.0,140.0,111.42113494873047,0
2022-01-12,140.0,140.0,140.0,140.0,111.42113494873047,0
2022-01-13,140.0,140.0,140.0,140.0,111.42113494873047,0
2022-01-14,140.0,140.0,140.0,140.0,111.42113494873047,0
2022-01-18,140.0,140.0,140.0,140.0,111.42113494873047,0
2022-01-19,140.0,140.0,140.0,140.0,111.42113494873047,0
2022-01-20,140.0,140.0,140.0,140.0,111.42113494873047,0
2022-01-21,140.0,140.0,140.0,140.0,111.42113494873047,0
2022-01-24,140.0,140.0,140.0,140.0,111.42113494873047,0
2022-01-25,140.0,140.0,140.0,140.0,111.42113494873047,0
2022-01-26,140.0,140.0,140.0,140.0,111.42113494873047,0
2022-01-27,140.0,140.0,140.0,140.0,111.42113494873047,0
2022-01-28,140.0,140.0,140.0,140.0,111.42113494873047,0
2022-01-31,140.0,140.0,140.0,140.0,111.42113494873047,0
2022-02-01,140.0,140.0,140.0,140.0,111.42113494873047,0
2022-02-02,140.0,140.0,140.0,140.0,111.42113494873047,0
2022-02-03,140.0,140.0,140.0,140.0,111.42113494873047,0
2022-02-04,140.0,140.0,140.0,140.0,111.42113494873047,0
2022-02-07,140.0,140.0,140.0,140.0,111.42113494873047,0
2022-02-08,140.0,140.0,140.0,140.0,111.42113494873047,0
2022-02-09,140.0,140.0,140.0,140.0,111.42113494873047,0
2022-02-10,140.0,140.0,140.0,140.0,111.42113494873047,0
2022-02-11,140.0,140.0,140.0,140.0,111.42113494873047,0
2022-02-14,140.0,140.0,140.0,140.0,111.42113494873047,0
2022-02-15,140.0,140.0,140.0,140.0,111.42113494873047,0
2022-02-16,140.0,140.0,140.0,140.0,111.42113494873047,0
2022-02-17,140.0,140.0,140.0,140.0,111.42113494873047,0
2022-02-18,175.0,175.0,151.55999755859375,151.55999755859375,120.62132263183594,100
2022-02-22,151.55999755859375,151.55999755859375,151.55999755859375,151.55999755859375,120.62132263183594,0
2022-02-23,151.55999755859375,151.55999755859375,151.55999755859375,151.55999755859375,120.62132263183594,0
2022-02-24,151.55999755859375,151.55999755859375,151.55999755859375,151.55999755859375,120.62132263183594,0
2022-02-25,151.55999755859375,151.55999755859375,151.55999755859375,151.55999755859375,120.62132263183594,0
2022-02-28,151.55999755859375,151.55999755859375,151.55999755859375,151.55999755859375,120.62132263183594,0
2022-03-01,151.55999755859375,151.55999755859375,151.55999755859375,151.55999755859375,120.62132263183594,0
2022-03-02,151.55999755859375,151.55999755859375,151.55999755859375,151.55999755859375,120.62132263183594,0
2022-03-03,151.55999755859375,151.55999755859375,151.55999755859375,151.55999755859375,120.62132263183594,0
2022-03-04,151.0,151.0,151.0,151.0,120.1756591796875,300
2022-03-07,111.0,111.0,111.0,111.0,88.3410415649414,100
2022-03-08,124.62999725341797,128.0,114.25,114.25,90.92760467529297,100
2022-03-09,114.25,114.25,114.25,114.25,90.92760467529297,0
2022-03-10,115.05000305175781,115.05000305175781,115.05000305175781,115.05000305175781,91.56430053710938,100
2022-03-11,115.05000305175781,115.05000305175781,115.05000305175781,115.05000305175781,91.56430053710938,0
2022-03-14,115.05000305175781,115.05000305175781,115.05000305175781,115.05000305175781,91.56430053710938,0
2022-03-15,115.05000305175781,115.05000305175781,115.05000305175781,115.05000305175781,91.56430053710938,0
2022-03-16,115.05000305175781,115.05000305175781,115.05000305175781,115.05000305175781,91.56430053710938,0
2022-03-17,122.5,122.5,122.5,122.5,98.78138732910156,100
2022-03-18,122.5,122.5,122.5,122.5,98.78138732910156,0
2022-03-21,122.5,122.5,122.5,122.5,98.78138732910156,0
2022-03-22,122.5,122.5,122.5,122.5,98.78138732910156,0
2022-03-23,122.5,122.5,122.5,122.5,98.78138732910156,0
2022-03-24,122.5,122.5,122.5,122.5,98.78138732910156,0
2022-03-25,122.5,122.5,122.5,122.5,98.78138732910156,0
2022-03-28,122.5,122.5,122.5,122.5,98.78138732910156,0
2022-03-29,122.5,122.5,122.5,122.5,98.78138732910156,0
2022-03-30,122.5,122.5,122.5,122.5,98.78138732910156,0
2022-03-31,122.5,122.5,122.5,122.5,98.78138732910156,0
2022-04-01,122.5,122.5,122.5,122.5,98.78138732910156,0
2022-04-04,122.5,122.5,122.5,122.5,98.78138732910156,0
2022-04-05,122.5,122.5,122.5,122.5,98.78138732910156,0
2022-04-06,122.5,122.5,122.5,122.5,98.78138732910156,0
2022-04-07,122.5,122.5,122.5,122.5,98.78138732910156,0
2022-04-08,111.01000213623047,111.01000213623047,111.01000213623047,111.01000213623047,89.51609802246094,100
2022-04-11,111.01000213623047,111.01000213623047,111.01000213623047,111.01000213623047,89.51609802246094,0
2022-04-12,111.01000213623047,111.01000213623047,111.01000213623047,111.01000213623047,89.51609802246094,0
2022-04-13,111.01000213623047,111.01000213623047,111.01000213623047,111.01000213623047,89.51609802246094,0
2022-04-14,111.01000213623047,111.01000213623047,111.01000213623047,111.01000213623047,89.51609802246094,0
2022-04-18,111.01000213623047,111.01000213623047,111.01000213623047,111.01000213623047,89.51609802246094,0
2022-04-19,111.01000213623047,111.01000213623047,111.01000213623047,111.01000213623047,89.51609802246094,0
2022-04-20,111.01000213623047,111.01000213623047,111.01000213623047,111.01000213623047,89.51609802246094,0
2022-04-21,111.01000213623047,111.01000213623047,111.01000213623047,111.01000213623047,89.51609802246094,0
2022-04-22,111.0,111.0,111.0,111.0,89.5080337524414,100
2022-04-25,108.0,108.0,108.0,108.0,87.08889770507812,100
2022-04-26,108.0,108.0,108.0,108.0,87.08889770507812,100
2022-04-27,108.0,108.0,108.0,108.0,87.08889770507812,0
2022-04-28,108.0,108.0,108.0,108.0,87.08889770507812,0
2022-04-29,106.5,106.5,106.5,106.5,85.87932586669922,200
2022-05-02,106.5,106.5,106.5,106.5,85.87932586669922,0
2022-05-03,106.5,106.5,106.5,106.5,85.87932586669922,0
2022-05-04,106.5,106.5,106.5,106.5,85.87932586669922,0
2022-05-05,106.5,106.5,106.5,106.5,85.87932586669922,0
2022-05-06,107.5,107.5,107.5,107.5,86.6856918334961,100
2022-05-09,108.0,108.0,107.01000213623047,107.01000213623047,86.29058837890625,100
2022-05-10,107.01000213623047,107.01000213623047,107.01000213623047,107.01000213623047,86.29058837890625,0
2022-05-11,107.01000213623047,107.01000213623047,107.01000213623047,107.01000213623047,86.29058837890625,0
2022-05-12,110.0,111.0,110.0,111.0,89.5080337524414,100
2022-05-13,110.0,111.0,106.0,106.0,85.47614288330078,300
2022-05-16,106.0,106.0,106.0,106.0,85.47614288330078,0
2022-05-17,106.0,106.0,106.0,106.0,85.47614288330078,0
2022-05-18,111.5,111.5,111.5,111.5,89.91120910644531,100
2022-05-19,111.5,111.5,111.5,111.5,89.91120910644531,0
2022-05-20,110.0,110.0,109.5,109.5,88.29847717285156,100
2022-05-23,109.5,109.5,109.5,109.5,88.29847717285156,0
2022-05-24,109.5,109.5,109.5,109.5,88.29847717285156,0
2022-05-25,109.5,109.5,109.5,109.5,88.29847717285156,0
2022-05-26,109.5,109.5,109.5,109.5,88.29847717285156,0
2022-05-27,109.5,109.5,109.5,109.5,88.29847717285156,0
2022-05-31,109.5,109.5,109.5,109.5,88.29847717285156,0
2022-06-01,109.5,109.5,109.5,109.5,88.29847717285156,0
2022-06-02,109.5,109.5,109.5,109.5,88.29847717285156,0
2022-06-03,108.0,108.0,108.0,108.0,87.08889770507812,100
2022-06-06,108.0,108.0,108.0,108.0,87.08889770507812,0
2022-06-07,108.0,108.0,108.0,108.0,87.08889770507812,0
2022-06-08,108.0,108.0,108.0,108.0,87.08889770507812,0
2022-06-09,108.0,108.0,108.0,108.0,87.08889770507812,0
2022-06-10,108.0,108.0,108.0,108.0,87.08889770507812,0
2022-06-13,107.30000305175781,107.30000305175781,106.0,106.0,85.47614288330078,300
2022-06-14,106.0,106.0,106.0,106.0,85.47614288330078,0
2022-06-15,106.0,106.0,106.0,106.0,85.47614288330078,0
2022-06-16,106.0,106.0,106.0,106.0,86.70307159423828,0
2022-06-17,106.0,106.0,106.0,106.0,86.70307159423828,0
2022-06-21,107.5,107.5,107.5,107.5,87.92998504638672,100
2022-06-22,108.0,108.0,107.5,107.5,87.92998504638672,300
2022-06-23,107.5,107.5,107.5,107.5,87.92998504638672,0
2022-06-24,107.5,107.5,107.5,107.5,87.92998504638672,0
2022-06-27,107.5,107.5,107.5,107.5,87.92998504638672,0
2022-06-28,107.5,107.5,107.5,107.5,87.92998504638672,0
2022-06-29,107.5,107.5,107.5,107.5,87.92998504638672,0
2022-06-30,107.5,107.5,107.5,107.5,87.92998504638672,0
2022-07-01,108.0,108.0,108.0,108.0,88.3389663696289,100
2022-07-05,100.01000213623047,100.01000213623047,100.01000213623047,100.01000213623047,81.80352783203125,100
2022-07-06,100.01000213623047,100.01000213623047,100.01000213623047,100.01000213623047,81.80352783203125,0
2022-07-07,100.01000213623047,100.01000213623047,100.01000213623047,100.01000213623047,81.80352783203125,0
2022-07-08,109.0999984741211,109.0999984741211,109.0999984741211,109.0999984741211,89.23871612548828,100
2022-07-11,109.0999984741211,109.0999984741211,109.0999984741211,109.0999984741211,89.23871612548828,0
2022-07-12,110.0,110.0,110.0,110.0,89.9748764038086,100
2022-07-13,110.0,110.0,110.0,110.0,89.9748764038086,0
2022-07-14,110.0,110.0,110.0,110.0,89.9748764038086,0
2022-07-15,110.0,110.0,110.0,110.0,89.9748764038086,0
2022-07-18,106.25,106.25,106.25,106.25,86.90754699707031,100
2022-07-19,106.25,106.25,106.25,106.25,86.90754699707031,0
2022-07-20,106.25,106.25,106.25,106.25,86.90754699707031,0
2022-07-21,106.25,106.25,106.25,106.25,86.90754699707031,0
2022-07-22,106.25,106.25,106.25,106.25,86.90754699707031,0
2022-07-25,106.25,106.25,106.25,106.25,86.90754699707031,0
2022-07-26,106.25,106.25,106.25,106.25,86.90754699707031,0
2022-07-27,106.25,106.25,106.25,106.25,86.90754699707031,0
2022-07-28,106.25,106.25,106.25,106.25,86.90754699707031,0
2022-07-29,106.25,106.25,106.25,106.25,86.90754699707031,0
2022-08-01,106.25,106.25,106.25,106.25,86.90754699707031,0
2022-08-02,106.25,106.25,106.25,106.25,86.90754699707031,0
2022-08-03,124.69999694824219,124.69999694824219,124.69999694824219,124.69999694824219,101.99878692626953,100
2022-08-04,124.69999694824219,124.69999694824219,124.69999694824219,124.69999694824219,101.99878692626953,0
2022-08-05,117.0,117.0,117.0,117.0,95.7005615234375,100
2022-08-08,117.0,117.0,117.0,117.0,95.7005615234375,0
2022-08-09,117.0,117.0,117.0,117.0,95.7005615234375,0
2022-08-10,116.0,116.0,116.0,116.0,94.88259887695312,100
2022-08-11,116.0,116.0,116.0,116.0,94.88259887695312,100
2022-08-12,110.25,110.25,110.25,110.25,90.17935943603516,100
2022-08-15,110.25,110.25,110.25,110.25,90.17935943603516,0
2022-08-16,110.25,110.25,110.25,110.25,90.17935943603516,0
2022-08-17,110.25,110.25,110.25,110.25,90.17935943603516,0
2022-08-18,110.25,110.25,110.25,110.25,90.17935943603516,0
2022-08-19,110.25,110.25,110.25,110.25,90.17935943603516,0
2022-08-22,110.25,110.25,110.25,110.25,90.17935943603516,100
2022-08-23,110.25,110.25,110.25,110.25,90.17935943603516,0
2022-08-24,110.25,110.25,110.25,110.25,90.17935943603516,0
2022-08-25,110.25,110.25,110.25,110.25,90.17935943603516,0
2022-08-26,112.62999725341797,115.0,112.62999725341797,115.0,94.06465911865234,100
2022-08-29,110.0,110.0,110.0,110.0,89.9748764038086,100
2022-08-30,110.0,110.0,110.0,110.0,89.9748764038086,0
2022-08-31,110.0,110.0,110.0,110.0,89.9748764038086,0
2022-09-01,112.5,112.5,112.5,112.5,92.019775390625,200
2022-09-02,112.5,112.5,112.5,112.5,92.019775390625,0
2022-09-06,112.5,112.5,112.5,112.5,92.019775390625,0
2022-09-07,112.5,112.5,112.5,112.5,92.019775390625,0
2022-09-08,112.5,112.5,112.5,112.5,92.019775390625,0
2022-09-09,106.25,106.25,106.25,106.25,86.90754699707031,100
2022-09-12,106.25,106.25,106.25,106.25,86.90754699707031,0
2022-09-13,106.25,106.25,106.25,106.25,86.90754699707031,0
2022-09-14,106.25,106.25,106.25,106.25,86.90754699707031,0
2022-09-15,106.25,106.25,106.25,106.25,86.90754699707031,0
2022-09-16,106.25,106.25,106.25,106.25,88.15204620361328,0
2022-09-19,106.25,106.25,106.25,106.25,88.15204620361328,0
2022-09-20,106.25,106.25,106.25,106.25,88.15204620361328,0
2022-09-21,104.79000091552734,104.79000091552734,104.79000091552734,104.79000091552734,86.94074249267578,100
2022-09-22,104.79000091552734,104.79000091552734,104.79000091552734,104.79000091552734,86.94074249267578,0
2022-09-23,104.79000091552734,104.79000091552734,104.79000091552734,104.79000091552734,86.94074249267578,0
2022-09-26,104.79000091552734,104.79000091552734,104.79000091552734,104.79000091552734,86.94074249267578,0
2022-09-27,104.79000091552734,104.79000091552734,104.79000091552734,104.79000091552734,86.94074249267578,0
2022-09-28,104.79000091552734,104.79000091552734,104.79000091552734,104.79000091552734,86.94074249267578,0
2022-09-29,104.79000091552734,104.79000091552734,104.79000091552734,104.79000091552734,86.94074249267578,0
2022-09-30,104.79000091552734,104.79000091552734,104.79000091552734,104.79000091552734,86.94074249267578,0
2022-10-03,104.79000091552734,104.79000091552734,104.79000091552734,104.79000091552734,86.94074249267578,0
2022-10-04,111.0,111.0,111.0,111.0,92.09297180175781,100
2022-10-05,111.0,111.0,111.0,111.0,92.09297180175781,0
2022-10-06,111.0,111.0,111.0,111.0,92.09297180175781,0
2022-10-07,111.0,111.0,111.0,111.0,92.09297180175781,0
2022-10-10,111.0,111.0,111.0,111.0,92.09297180175781,100
2022-10-11,111.0,111.0,111.0,111.0,92.09297180175781,0
2022-10-12,111.0,111.0,111.0,111.0,92.09297180175781,0
2022-10-13,111.0,111.0,111.0,111.0,92.09297180175781,0
2022-10-14,111.0,111.0,111.0,111.0,92.09297180175781,0
2022-10-17,111.0,111.0,111.0,111.0,92.09297180175781,0
2022-10-18,111.0,111.0,111.0,111.0,92.09297180175781,0
2022-10-19,108.0,108.0,108.0,108.0,89.60396575927734,100
2022-10-20,108.0,108.0,108.0,108.0,89.60396575927734,0
2022-10-21,108.0,108.0,108.0,108.0,89.60396575927734,0
2022-10-24,108.0,108.0,108.0,108.0,89.60396575927734,0
2022-10-25,108.0,108.0,108.0,108.0,89.60396575927734,0
2022-10-26,108.0,108.0,108.0,108.0,89.60396575927734,0
2022-10-27,108.0,108.0,108.0,108.0,89.60396575927734,0
2022-10-28,108.0,108.0,108.0,108.0,89.60396575927734,0
2022-10-31,108.0,108.0,108.0,108.0,89.60396575927734,0
2022-11-01,108.0,108.0,108.0,108.0,89.60396575927734,0
2022-11-02,108.0,108.0,108.0,108.0,89.60396575927734,0
2022-11-03,108.0,108.0,108.0,108.0,89.60396575927734,0
2022-11-04,108.0,108.0,108.0,108.0,89.60396575927734,0
2022-11-07,108.0,108.0,108.0,108.0,89.60396575927734,0
2022-11-08,108.0,108.0,108.0,108.0,89.60396575927734,0
2022-11-09,108.0,108.0,108.0,108.0,89.60396575927734,0
2022-11-10,108.0,108.0,108.0,108.0,89.60396575927734,0
2022-11-11,108.0,108.0,108.0,108.0,89.60396575927734,0
2022-11-14,108.0,108.0,108.0,108.0,89.60396575927734,0
2022-11-15,108.0,108.0,108.0,108.0,89.60396575927734,0
2022-11-16,108.0,108.0,108.0,108.0,89.60396575927734,0
2022-11-17,108.0,108.0,108.0,108.0,89.60396575927734,0
2022-11-18,108.05000305175781,108.05000305175781,108.05000305175781,108.05000305175781,89.64545440673828,100
2022-11-21,108.05000305175781,108.05000305175781,108.05000305175781,108.05000305175781,89.64545440673828,0
2022-11-22,108.05000305175781,108.05000305175781,108.05000305175781,108.05000305175781,89.64545440673828,0
2022-11-23,108.05000305175781,108.05000305175781,108.05000305175781,108.05000305175781,89.64545440673828,0
2022-11-25,108.05000305175781,108.05000305175781,108.05000305175781,108.05000305175781,89.64545440673828,0
2022-11-28,108.05000305175781,108.05000305175781,108.05000305175781,108.05000305175781,89.64545440673828,0
2022-11-29,108.05000305175781,108.05000305175781,108.05000305175781,108.05000305175781,89.64545440673828,0
2022-11-30,108.05000305175781,108.05000305175781,108.05000305175781,108.05000305175781,89.64545440673828,0
2022-12-01,108.05000305175781,108.05000305175781,108.05000305175781,108.05000305175781,89.64545440673828,0
2022-12-02,108.05000305175781,108.05000305175781,108.05000305175781,108.05000305175781,89.64545440673828,0
2022-12-05,108.05000305175781,108.05000305175781,108.05000305175781,108.05000305175781,89.64545440673828,0
2022-12-06,108.05000305175781,108.05000305175781,108.05000305175781,108.05000305175781,89.64545440673828,0
2022-12-07,108.05000305175781,108.05000305175781,108.05000305175781,108.05000305175781,89.64545440673828,0
2022-12-08,108.05000305175781,108.05000305175781,108.05000305175781,108.05000305175781,89.64545440673828,0
2022-12-09,108.05000305175781,108.05000305175781,108.05000305175781,108.05000305175781,89.64545440673828,0
2022-12-12,108.05000305175781,108.05000305175781,108.05000305175781,108.05000305175781,89.64545440673828,0
2022-12-13,108.05000305175781,108.05000305175781,108.05000305175781,108.05000305175781,89.64545440673828,0
2022-12-14,108.05000305175781,108.05000305175781,108.05000305175781,108.05000305175781,89.64545440673828,0
2022-12-15,108.05000305175781,108.05000305175781,108.05000305175781,108.05000305175781,89.64545440673828,0
2022-12-16,100.0,100.0,100.0,100.0,84.13462829589844,300
2022-12-19,100.0,100.0,100.0,100.0,84.13462829589844,0
2022-12-20,100.0,100.0,100.0,100.0,84.13462829589844,0
2022-12-21,100.0,100.0,100.0,100.0,84.13462829589844,0
2022-12-22,100.0,100.0,100.0,100.0,84.13462829589844,0
2022-12-23,104.98999786376953,108.0,104.98999786376953,108.0,90.86540222167969,200
2022-12-27,108.0,108.0,108.0,108.0,90.86540222167969,0
2022-12-28,108.0,108.0,108.0,108.0,90.86540222167969,0
2022-12-29,106.0,106.0,106.0,106.0,89.1827163696289,100
2022-12-30,106.0,106.0,106.0,106.0,89.1827163696289,0
2023-01-03,100.0999984741211,100.0999984741211,100.0999984741211,100.0999984741211,84.21878051757812,100
2023-01-04,100.0999984741211,100.0999984741211,100.0999984741211,100.0999984741211,84.21878051757812,0
2023-01-05,100.0999984741211,100.0999984741211,100.0999984741211,100.0999984741211,84.21878051757812,0
2023-01-06,100.0999984741211,100.0999984741211,100.0999984741211,100.0999984741211,84.21878051757812,0
2023-01-09,100.0999984741211,100.0999984741211,100.0999984741211,100.0999984741211,84.21878051757812,0
2023-01-10,100.0999984741211,100.0999984741211,100.0999984741211,100.0999984741211,84.21878051757812,0
2023-01-11,100.0999984741211,100.0999984741211,100.0999984741211,100.0999984741211,84.21878051757812,0
2023-01-12,100.0999984741211,100.0999984741211,100.0999984741211,100.0999984741211,84.21878051757812,0
2023-01-13,100.0999984741211,100.0999984741211,100.0999984741211,100.0999984741211,84.21878051757812,0
2023-01-17,100.0999984741211,100.0999984741211,100.0999984741211,100.0999984741211,84.21878051757812,0
2023-01-18,100.0999984741211,100.0999984741211,100.0999984741211,100.0999984741211,84.21878051757812,0
2023-01-19,100.0999984741211,100.0999984741211,100.0999984741211,100.0999984741211,84.21878051757812,0
2023-01-20,100.0999984741211,100.0999984741211,100.0999984741211,100.0999984741211,84.21878051757812,0
2023-01-23,100.0999984741211,100.0999984741211,100.0999984741211,100.0999984741211,84.21878051757812,0
2023-01-24,100.0999984741211,100.0999984741211,100.0999984741211,100.0999984741211,84.21878051757812,0
2023-01-25,100.0999984741211,100.0999984741211,100.0999984741211,100.0999984741211,84.21878051757812,0
2023-01-26,100.0999984741211,100.0999984741211,100.0999984741211,100.0999984741211,84.21878051757812,0
2023-01-27,110.12999725341797,110.12999725341797,110.12999725341797,110.12999725341797,92.65746307373047,100
2023-01-30,110.12999725341797,110.12999725341797,110.12999725341797,110.12999725341797,92.65746307373047,0
2023-01-31,110.12999725341797,110.12999725341797,110.12999725341797,110.12999725341797,92.65746307373047,0
2023-02-01,110.12999725341797,110.12999725341797,110.12999725341797,110.12999725341797,92.65746307373047,0
2023-02-02,110.12999725341797,110.12999725341797,110.12999725341797,110.12999725341797,92.65746307373047,0
2023-02-03,110.12999725341797,110.12999725341797,110.12999725341797,110.12999725341797,92.65746307373047,0
2023-02-06,110.12999725341797,110.12999725341797,110.12999725341797,110.12999725341797,92.65746307373047,0
2023-02-07,111.0,111.0,111.0,111.0,93.38945007324219,100
2023-02-08,111.0,111.0,111.0,111.0,93.38945007324219,0
2023-02-09,111.0,111.0,111.0,111.0,93.38945007324219,0
2023-02-10,111.0,111.0,111.0,111.0,93.38945007324219,0
2023-02-13,111.0,111.0,111.0,111.0,93.38945007324219,0
2023-02-14,111.0,111.0,111.0,111.0,93.38945007324219,0
2023-02-15,111.0,111.0,111.0,111.0,93.38945007324219,0
2023-02-16,111.0,111.0,111.0,111.0,93.38945007324219,0
2023-02-17,111.0,111.0,111.0,111.0,93.38945007324219,0
2023-02-21,111.0,111.0,111.0,111.0,93.38945007324219,0
2023-02-22,111.0,111.0,111.0,111.0,93.38945007324219,0
2023-02-23,111.25,111.25,111.25,111.25,93.59977722167969,100
2023-02-24,111.25,111.25,111.25,111.25,93.59977722167969,0
2023-02-27,111.25,111.25,111.25,111.25,93.59977722167969,0
2023-02-28,111.25,111.25,111.25,111.25,93.59977722167969,0
2023-03-01,111.25,111.25,111.25,111.25,93.59977722167969,0
2023-03-02,111.25,111.25,111.25,111.25,93.59977722167969,0
2023-03-03,111.25,111.25,111.25,111.25,93.59977722167969,0
2023-03-06,111.25,111.25,111.25,111.25,93.59977722167969,0
2023-03-07,111.25,111.25,111.25,111.25,93.59977722167969,0
2023-03-08,111.25,111.25,111.25,111.25,93.59977722167969,0
2023-03-09,111.25,111.25,111.25,111.25,93.59977722167969,0
2023-03-10,111.25,111.25,111.25,111.25,93.59977722167969,0
2023-03-13,111.25,111.25,111.25,111.25,93.59977722167969,0
2023-03-14,111.25,111.25,111.25,111.25,93.59977722167969,100
2023-03-15,111.25,111.25,111.25,111.25,93.59977722167969,0
2023-03-16,111.25,111.25,111.25,111.25,93.59977722167969,0
2023-03-17,111.25,111.25,111.25,111.25,94.87904357910156,0
2023-03-20,111.25,111.25,111.25,111.25,94.87904357910156,0
2023-03-21,111.25,111.25,111.25,111.25,94.87904357910156,0
2023-03-22,119.80000305175781,120.0,119.80000305175781,120.0,102.3414535522461,100
2023-03-23,120.0,120.0,120.0,120.0,102.3414535522461,0
2023-03-24,104.75,104.75,104.75,104.75,89.3355484008789,100
2023-03-27,111.0,111.0,111.0,111.0,94.66584014892578,100
2023-03-28,111.0,111.0,111.0,111.0,94.66584014892578,0
2023-03-29,111.0,111.0,111.0,111.0,94.66584014892578,0
2023-03-30,111.0,111.0,111.0,111.0,94.66584014892578,0
2023-03-31,101.0,101.0,101.0,101.0,86.13738250732422,100
2023-04-03,101.0,101.0,101.0,101.0,86.13738250732422,0
2023-04-04,101.0,101.0,101.0,101.0,86.13738250732422,0
2023-04-05,101.0,101.0,101.0,101.0,86.13738250732422,0
2023-04-06,101.0,101.0,101.0,101.0,86.13738250732422,0
2023-04-10,101.0,101.0,101.0,101.0,86.13738250732422,0
2023-04-11,101.0,101.0,101.0,101.0,86.13738250732422,0
2023-04-12,101.0,101.0,101.0,101.0,86.13738250732422,0
2023-04-13,101.0,101.0,101.0,101.0,86.13738250732422,0
2023-04-14,101.0,101.0,101.0,101.0,86.13738250732422,0
2023-04-17,101.0,101.0,101.0,101.0,86.13738250732422,0
2023-04-18,101.0,101.0,101.0,101.0,86.13738250732422,0
2023-04-19,101.0,101.0,101.0,101.0,86.13738250732422,0
2023-04-20,101.0,101.0,101.0,101.0,86.13738250732422,0
2023-04-21,101.0,101.0,101.0,101.0,86.13738250732422,0
2023-04-24,101.0,101.0,101.0,101.0,86.13738250732422,0
2023-04-25,101.0,101.0,101.0,101.0,86.13738250732422,0
2023-04-26,101.0,101.0,101.0,101.0,86.13738250732422,0
2023-04-27,101.0,101.0,101.0,101.0,86.13738250732422,0
2023-04-28,108.01000213623047,108.01000213623047,108.01000213623047,108.01000213623047,92.1158218383789,100
2023-05-01,108.01000213623047,108.01000213623047,108.01000213623047,108.01000213623047,92.1158218383789,0
2023-05-02,108.01000213623047,108.01000213623047,108.01000213623047,108.01000213623047,92.1158218383789,0
2023-05-03,108.01000213623047,108.01000213623047,108.01000213623047,108.01000213623047,92.1158218383789,0
2023-05-04,108.0,108.0,108.0,108.0,92.1072998046875,100
2023-05-05,108.0,108.0,108.0,108.0,92.1072998046875,0
2023-05-08,108.0,108.0,108.0,108.0,92.1072998046875,100
2023-05-09,108.0,108.0,108.0,108.0,92.1072998046875,0
2023-05-10,108.0,108.0,108.0,108.0,92.1072998046875,0
2023-05-11,108.0,108.0,108.0,108.0,92.1072998046875,0
2023-05-12,108.0,108.0,108.0,108.0,92.1072998046875,0
2023-05-15,108.0,108.0,108.0,108.0,92.1072998046875,0
2023-05-16,108.0,108.0,108.0,108.0,92.1072998046875,0
2023-05-17,108.0,108.0,108.0,108.0,92.1072998046875,0
2023-05-18,108.0,108.0,108.0,108.0,92.1072998046875,0
2023-05-19,111.0,111.0,111.0,111.0,94.66584014892578,100
2023-05-22,111.0,111.0,111.0,111.0,94.66584014892578,0
2023-05-23,111.0,111.0,111.0,111.0,94.66584014892578,0
2023-05-24,103.55000305175781,103.55000305175781,103.55000305175781,103.55000305175781,88.31214904785156,100
2023-05-25,103.55000305175781,103.55000305175781,103.55000305175781,103.55000305175781,88.31214904785156,0
2023-05-26,105.75,105.75,105.75,105.75,90.18839263916016,100
2023-05-30,105.75,105.75,105.75,105.75,90.18839263916016,0
2023-05-31,102.76000213623047,110.0,102.76000213623047,110.0,93.81299591064453,100
2023-06-01,110.0,110.0,110.0,110.0,93.81299591064453,0
2023-06-02,110.0,110.0,110.0,110.0,93.81299591064453,0
2023-06-05,110.0,110.0,110.0,110.0,93.81299591064453,0
2023-06-06,110.0,110.0,110.0,110.0,93.81299591064453,0
2023-06-07,110.0,110.0,110.0,110.0,93.81299591064453,0
2023-06-08,110.0,110.0,110.0,110.0,93.81299591064453,0
2023-06-09,110.0,110.0,110.0,110.0,93.81299591064453,0
2023-06-12,110.0,110.0,110.0,110.0,93.81299591064453,0
2023-06-13,110.0,110.0,110.0,110.0,93.81299591064453,0
2023-06-14,110.0,110.0,110.0,110.0,93.81299591064453,0
2023-06-15,110.0,110.0,110.0,110.0,93.81299591064453,0
2023-06-16,110.0,110.0,110.0,110.0,95.10995483398438,0
2023-06-20,110.0,110.0,110.0,110.0,95.10995483398438,0
2023-06-21,110.0,110.0,110.0,110.0,95.10995483398438,0
2023-06-22,110.0,110.0,110.0,110.0,95.10995483398438,0
2023-06-23,110.0,110.0,110.0,110.0,95.10995483398438,0
2023-06-26,110.0,110.0,110.0,110.0,95.10995483398438,0
2023-06-27,110.0,110.0,110.0,110.0,95.10995483398438,0
2023-06-28,110.0,110.0,110.0,110.0,95.10995483398438,0
2023-06-29,110.0,110.0,110.0,110.0,95.10995483398438,0
2023-06-30,110.0,110.0,110.0,110.0,95.10995483398438,0
2023-07-03,110.0,110.0,110.0,110.0,95.10995483398438,0
2023-07-05,110.0,110.0,110.0,110.0,95.10995483398438,0
2023-07-06,110.0,110.0,110.0,110.0,95.10995483398438,0
2023-07-07,110.0,110.0,110.0,110.0,95.10995483398438,0
2023-07-10,110.0,110.0,110.0,110.0,95.10995483398438,0
2023-07-11,110.0,110.0,110.0,110.0,95.10995483398438,100
2023-07-12,110.0,110.0,110.0,110.0,95.10995483398438,0
2023-07-13,110.0,110.0,110.0,110.0,95.10995483398438,0
2023-07-14,110.0,110.0,110.0,110.0,95.10995483398438,0
2023-07-17,110.0,110.0,110.0,110.0,95.10995483398438,0
2023-07-18,110.0,110.0,110.0,110.0,95.10995483398438,0
2023-07-19,110.0,110.0,110.0,110.0,95.10995483398438,0
2023-07-20,110.0,110.0,110.0,110.0,95.10995483398438,0
2023-07-21,110.0,110.0,110.0,110.0,95.10995483398438,0
2023-07-24,110.0,110.0,110.0,110.0,95.10995483398438,0
2023-07-25,110.0,110.0,110.0,110.0,95.10995483398438,0
2023-07-26,110.0,110.0,110.0,110.0,95.10995483398438,0
2023-07-27,102.0,102.0,102.0,102.0,88.19285583496094,100
2023-07-28,102.0,102.0,102.0,102.0,88.19285583496094,0
2023-07-31,102.0,102.0,102.0,102.0,88.19285583496094,0
2023-08-01,102.0,102.0,102.0,102.0,88.19285583496094,0
2023-08-02,102.0,102.0,102.0,102.0,88.19285583496094,0
2023-08-03,102.0,102.0,102.0,102.0,88.19285583496094,0
2023-08-04,102.0,102.0,102.0,102.0,88.19285583496094,0
2023-08-07,102.0,102.0,102.0,102.0,88.19285583496094,0
2023-08-08,102.0,102.0,102.0,102.0,88.19285583496094,0
2023-08-09,102.0,102.0,102.0,102.0,88.19285583496094,0
2023-08-10,102.0,102.0,102.0,102.0,88.19285583496094,0
2023-08-11,99.0,99.0,99.0,99.0,85.59896087646484,100
2023-08-14,99.0,99.0,99.0,99.0,85.59896087646484,0
2023-08-15,99.0,99.0,99.0,99.0,85.59896087646484,0
2023-08-16,99.0,99.0,99.0,99.0,85.59896087646484,0
2023-08-17,99.0,99.0,99.0,99.0,85.59896087646484,0
2023-08-18,99.0,99.0,99.0,99.0,85.59896087646484,0
2023-08-21,99.0,99.0,99.0,99.0,85.59896087646484,0
2023-08-22,99.0,99.0,99.0,99.0,85.59896087646484,0
2023-08-23,99.0,99.0,99.0,99.0,85.59896087646484,0
2023-08-24,99.0,99.0,99.0,99.0,85.59896087646484,0
2023-08-25,99.0,99.0,99.0,99.0,85.59896087646484,0
2023-08-28,99.0,99.0,99.0,99.0,85.59896087646484,0
2023-08-29,99.0,99.0,99.0,99.0,85.59896087646484,0
2023-08-30,99.0,99.0,99.0,99.0,85.59896087646484,0
2023-08-31,99.0,99.0,99.0,99.0,85.59896087646484,0
2023-09-01,104.0,104.0,104.0,104.0,89.92212677001953,100
2023-09-05,104.0,104.0,104.0,104.0,89.92212677001953,0
2023-09-06,104.0,104.0,104.0,104.0,89.92212677001953,0
2023-09-07,104.0,104.0,104.0,104.0,89.92212677001953,0
2023-09-08,104.0,104.0,104.0,104.0,89.92212677001953,0
2023-09-11,104.0,104.0,104.0,104.0,89.92212677001953,0
2023-09-12,104.0,104.0,104.0,104.0,89.92212677001953,0
2023-09-13,112.5,112.5,110.26000213623047,110.26000213623047,95.33475494384766,100
2023-09-14,110.26000213623047,110.26000213623047,110.26000213623047,110.26000213623047,95.33475494384766,0
2023-09-15,110.26000213623047,110.26000213623047,110.26000213623047,110.26000213623047,96.64959716796875,0
2023-09-18,110.26000213623047,110.26000213623047,110.26000213623047,110.26000213623047,96.64959716796875,0
2023-09-19,101.75,106.20999908447266,101.75,106.20999908447266,93.09952545166016,100
2023-09-20,101.75,101.75,101.75,101.75,89.19005584716797,100
2023-09-21,101.75,101.75,101.75,101.75,89.19005584716797,100
2023-09-22,101.75,101.75,101.75,101.75,89.19005584716797,0
2023-09-25,100.0,100.0,100.0,100.0,87.65608215332031,100
2023-09-26,100.0,100.0,100.0,100.0,87.65608215332031,0
2023-09-27,100.0,100.0,100.0,100.0,87.65608215332031,0
2023-09-28,100.0,100.0,100.0,100.0,87.65608215332031,0
2023-09-29,100.0,100.0,100.0,100.0,87.65608215332031,0
2023-10-02,100.0,100.0,100.0,100.0,87.65608215332031,0
2023-10-03,100.0,100.0,100.0,100.0,87.65608215332031,0
2023-10-04,100.0,100.0,100.0,100.0,87.65608215332031,0
2023-10-05,100.0,100.0,100.0,100.0,87.65608215332031,0
2023-10-06,100.0,100.0,100.0,100.0,87.65608215332031,0
2023-10-09,100.0,100.0,100.0,100.0,87.65608215332031,0
2023-10-10,100.0,100.0,100.0,100.0,87.65608215332031,0
2023-10-11,100.0,100.0,100.0,100.0,87.65608215332031,0
2023-10-12,100.0,100.0,100.0,100.0,87.65608215332031,0
2023-10-13,100.0,100.0,100.0,100.0,87.65608215332031,0
2023-10-16,100.0,100.0,100.0,100.0,87.65608215332031,0
2023-10-17,100.0,100.0,100.0,100.0,87.65608215332031,0
2023-10-18,99.9000015258789,99.9000015258789,95.5,95.5,83.7115478515625,100
2023-10-19,95.5,95.5,95.5,95.5,83.7115478515625,100
2023-10-20,95.5,95.5,95.5,95.5,83.7115478515625,0
2023-10-23,95.5,95.5,95.5,95.5,83.7115478515625,0
2023-10-24,95.55000305175781,95.55000305175781,95.55000305175781,95.55000305175781,83.75538635253906,100
2023-10-25,95.55000305175781,95.55000305175781,95.55000305175781,95.55000305175781,83.75538635253906,0
2023-10-26,95.55000305175781,95.55000305175781,95.55000305175781,95.55000305175781,83.75538635253906,0
2023-10-27,95.55000305175781,95.55000305175781,95.55000305175781,95.55000305175781,83.75538635253906,0
2023-10-30,95.55000305175781,95.55000305175781,95.55000305175781,95.55000305175781,83.75538635253906,0
2023-10-31,95.55000305175781,95.55000305175781,95.55000305175781,95.55000305175781,83.75538635253906,0
2023-11-01,95.55000305175781,95.55000305175781,95.55000305175781,95.55000305175781,83.75538635253906,0
2023-11-02,95.55000305175781,95.55000305175781,95.55000305175781,95.55000305175781,83.75538635253906,0
2023-11-03,95.51000213623047,95.51000213623047,95.5,95.5,83.7115478515625,500
2023-11-06,95.5,95.5,95.5,95.5,83.7115478515625,0
2023-11-07,95.5,95.5,95.5,95.5,83.7115478515625,0
2023-11-08,95.5,95.5,95.5,95.5,83.7115478515625,0
2023-11-09,95.5,95.5,95.5,95.5,83.7115478515625,0
2023-11-10,95.5,95.5,95.5,95.5,83.7115478515625,0
2023-11-13,98.0,98.0,98.0,98.0,85.90296936035156,100
2023-11-14,98.0,98.0,98.0,98.0,85.90296936035156,0
2023-11-15,102.0,102.0,102.0,102.0,89.4092025756836,100
2023-11-16,102.0,102.0,102.0,102.0,89.4092025756836,0
2023-11-17,102.0,102.0,102.0,102.0,89.4092025756836,0
2023-11-20,102.0,102.0,102.0,102.0,89.4092025756836,0
2023-11-21,102.0,102.0,102.0,102.0,89.4092025756836,0
2023-11-22,102.0,102.0,102.0,102.0,89.4092025756836,0
2023-11-24,102.0,102.0,102.0,102.0,89.4092025756836,0
2023-11-27,102.0,102.0,102.0,102.0,89.4092025756836,0
2023-11-28,102.0,102.0,102.0,102.0,89.4092025756836,0
2023-11-29,102.0,102.0,102.0,102.0,89.4092025756836,0
2023-11-30,102.0,102.0,102.0,102.0,89.4092025756836,0
2023-12-01,102.0,102.0,102.0,102.0,89.4092025756836,0
2023-12-04,102.0,102.0,102.0,102.0,89.4092025756836,0
2023-12-05,102.0,102.0,102.0,102.0,89.4092025756836,0
2023-12-06,102.0,102.0,102.0,102.0,89.4092025756836,100
2023-12-07,102.0,102.0,102.0,102.0,89.4092025756836,0
2023-12-08,102.0,102.0,102.0,102.0,89.4092025756836,0
2023-12-11,102.0,102.0,102.0,102.0,89.4092025756836,0
2023-12-12,102.0,102.0,102.0,102.0,89.4092025756836,0
2023-12-13,102.0,102.0,102.0,102.0,89.4092025756836,0
2023-12-14,102.0,102.0,102.0,102.0,89.4092025756836,0
2023-12-15,102.0,102.0,102.0,102.0,89.4092025756836,0
2023-12-18,102.0,102.0,102.0,102.0,90.7436752319336,0
2023-12-19,102.0,102.0,102.0,102.0,90.7436752319336,0
2023-12-20,102.0,102.0,102.0,102.0,90.7436752319336,0
2023-12-21,95.0999984741211,95.0999984741211,95.0999984741211,95.0999984741211,84.60513305664062,100
2023-12-22,95.0999984741211,95.0999984741211,95.0999984741211,95.0999984741211,84.60513305664062,0
2023-12-26,95.0999984741211,95.0999984741211,95.0999984741211,95.0999984741211,84.60513305664062,0
2023-12-27,95.0999984741211,95.0999984741211,95.0999984741211,95.0999984741211,84.60513305664062,0
2023-12-28,95.0999984741211,95.0999984741211,95.0999984741211,95.0999984741211,84.60513305664062,0
2023-12-29,95.0999984741211,95.0999984741211,95.0999984741211,95.0999984741211,84.60513305664062,0
2024-01-02,95.0999984741211,95.0999984741211,95.0999984741211,95.0999984741211,84.60513305664062,0
2024-01-03,95.0999984741211,95.0999984741211,95.0999984741211,95.0999984741211,84.60513305664062,0
2024-01-04,98.75,98.75,98.75,98.75,87.85233306884766,100
2024-01-05,101.0,101.0,101.0,101.0,89.85401916503906,100
2024-01-08,96.01000213623047,101.0,96.01000213623047,101.0,89.85401916503906,200
2024-01-09,101.0,101.0,101.0,101.0,89.85401916503906,0
2024-01-10,101.0,101.0,101.0,101.0,89.85401916503906,100
2024-01-11,101.0,101.0,101.0,101.0,89.85401916503906,0
2024-01-12,101.0,101.0,101.0,101.0,89.85401916503906,0
2024-01-16,101.0,101.0,101.0,101.0,89.85401916503906,0
2024-01-17,101.0,101.0,101.0,101.0,89.85401916503906,0
2024-01-18,101.0,101.0,101.0,101.0,89.85401916503906,0
2024-01-19,101.0,101.0,101.0,101.0,89.85401916503906,100
2024-01-22,101.0,101.0,101.0,101.0,89.85401916503906,0
2024-01-23,101.0,101.0,101.0,101.0,89.85401916503906,0
2024-01-24,99.75,99.75,99.75,99.75,88.74197387695312,100
2024-01-25,101.0,101.0,101.0,101.0,89.85401916503906,100
2024-01-26,101.0,101.0,101.0,101.0,89.85401916503906,0
2024-01-29,101.0,101.0,101.0,101.0,89.85401916503906,0
2024-01-30,101.0,101.0,101.0,101.0,89.85401916503906,100
2024-01-31,101.0,101.0,101.0,101.0,89.85401916503906,0
2024-02-01,101.0,101.0,101.0,101.0,89.85401916503906,0
2024-02-02,101.0,101.0,101.0,101.0,89.85401916503906,100
2024-02-05,99.75,99.75,99.75,99.75,88.74197387695312,100
2024-02-06,99.75,99.75,99.75,99.75,88.74197387695312,0
2024-02-07,101.0,101.0,101.0,101.0,89.85401916503906,200
2024-02-08,101.0,101.0,101.0,101.0,89.85401916503906,0
2024-02-09,101.0,101.0,101.0,101.0,89.85401916503906,0
2024-02-12,101.0,115.0,101.0,115.0,102.30904388427734,100
2024-02-13,115.0,115.0,115.0,115.0,102.30904388427734,0
2024-02-14,115.0,115.0,115.0,115.0,102.30904388427734,0
2024-02-15,115.0,115.0,115.0,115.0,102.30904388427734,0
2024-02-16,115.0,115.0,115.0,115.0,102.30904388427734,0
2024-02-20,115.0,115.0,115.0,115.0,102.30904388427734,0
2024-02-21,115.0,115.0,115.0,115.0,102.30904388427734,0
2024-02-22,115.0,115.0,115.0,115.0,102.30904388427734,0
2024-02-23,115.0,115.0,115.0,115.0,102.30904388427734,0
2024-02-26,115.0,115.0,115.0,115.0,102.30904388427734,0
2024-02-27,115.0,115.0,115.0,115.0,102.30904388427734,0
2024-02-28,99.80000305175781,99.80000305175781,99.80000305175781,99.80000305175781,88.78646087646484,100
2024-02-29,99.80000305175781,99.80000305175781,99.80000305175781,99.80000305175781,88.78646087646484,0
2024-03-01,99.80000305175781,99.80000305175781,99.80000305175781,99.80000305175781,88.78646087646484,0
2024-03-04,99.80000305175781,99.80000305175781,99.80000305175781,99.80000305175781,88.78646087646484,0
2024-03-05,99.80000305175781,99.80000305175781,99.80000305175781,99.80000305175781,88.78646087646484,0
2024-03-06,99.80000305175781,99.80000305175781,99.80000305175781,99.80000305175781,88.78646087646484,0
2024-03-07,99.80000305175781,99.80000305175781,99.80000305175781,99.80000305175781,88.78646087646484,0
2024-03-08,99.76000213623047,99.76000213623047,99.76000213623047,99.76000213623047,88.75086975097656,100
2024-03-11,99.76000213623047,99.76000213623047,99.76000213623047,99.76000213623047,88.75086975097656,0
2024-03-12,99.76000213623047,99.76000213623047,99.76000213623047,99.76000213623047,88.75086975097656,0
2024-03-13,99.76000213623047,99.76000213623047,99.76000213623047,99.76000213623047,88.75086975097656,0
2024-03-14,99.76000213623047,99.76000213623047,99.76000213623047,99.76000213623047,88.75086975097656,0
2024-03-15,99.76000213623047,99.76000213623047,99.76000213623047,99.76000213623047,90.10570526123047,0
2024-03-18,99.76000213623047,99.76000213623047,99.76000213623047,99.76000213623047,90.10570526123047,0
2024-03-19,99.76000213623047,99.76000213623047,99.76000213623047,99.76000213623047,90.10570526123047,0
2024-03-20,99.76000213623047,99.76000213623047,99.76000213623047,99.76000213623047,90.10570526123047,0
2024-03-21,99.76000213623047,99.76000213623047,99.76000213623047,99.76000213623047,90.10570526123047,0
2024-03-22,99.76000213623047,99.76000213623047,99.76000213623047,99.76000213623047,90.10570526123047,0
2024-03-25,99.76000213623047,99.76000213623047,99.76000213623047,99.76000213623047,90.10570526123047,0
2024-03-26,100.0,100.0,100.0,100.0,90.32247161865234,100
2024-03-27,100.0,100.0,100.0,100.0,90.32247161865234,0
2024-03-28,100.0,100.0,100.0,100.0,90.32247161865234,0
2024-04-01,100.0,100.0,100.0,100.0,90.32247161865234,0
2024-04-02,100.0,100.0,100.0,100.0,90.32247161865234,0
2024-04-03,100.0,100.0,100.0,100.0,90.32247161865234,100
2024-04-04,100.0,100.0,100.0,100.0,90.32247161865234,0
2024-04-05,100.0,100.0,100.0,100.0,90.32247161865234,0
2024-04-08,100.0,100.0,100.0,100.0,90.32247161865234,0
2024-04-09,100.0,100.0,100.0,100.0,90.32247161865234,0
2024-04-10,100.0,105.0,100.0,105.0,94.83860778808594,200
2024-04-11,105.0,105.0,105.0,105.0,94.83860778808594,0
2024-04-12,105.0,105.0,105.0,105.0,94.83860778808594,0
2024-04-15,105.0,105.0,105.0,105.0,94.83860778808594,0
2024-04-16,105.0,105.0,105.0,105.0,94.83860778808594,0
2024-04-17,105.0,105.0,105.0,105.0,94.83860778808594,0
2024-04-18,105.0,105.0,105.0,105.0,94.83860778808594,0
2024-04-19,102.0,102.0,102.0,102.0,92.1289291381836,100
2024-04-22,102.0,102.0,102.0,102.0,92.1289291381836,0
2024-04-23,102.0,102.0,102.0,102.0,92.1289291381836,0
2024-04-24,102.0,102.0,102.0,102.0,92.1289291381836,0
2024-04-25,102.0,102.0,102.0,102.0,92.1289291381836,0
2024-04-26,102.0,102.0,102.0,102.0,92.1289291381836,0
2024-04-29,102.0,102.0,102.0,102.0,92.1289291381836,0
2024-04-30,102.0,102.0,102.0,102.0,92.1289291381836,0
2024-05-01,99.05000305175781,100.0,99.05000305175781,100.0,90.32247161865234,100
2024-05-02,100.0,100.0,100.0,100.0,90.32247161865234,0
2024-05-03,100.0,100.0,100.0,100.0,90.32247161865234,0
2024-05-06,100.0,100.0,100.0,100.0,90.32247161865234,0
2024-05-07,100.0,100.0,100.0,100.0,90.32247161865234,0
2024-05-08,100.0,100.0,100.0,100.0,90.32247161865234,0
2024-05-09,100.0,100.0,100.0,100.0,90.32247161865234,0
2024-05-10,100.0,100.0,100.0,100.0,90.32247161865234,0
2024-05-13,100.0,100.0,100.0,100.0,90.32247161865234,0
2024-05-14,100.0,100.0,100.0,100.0,90.32247161865234,0
2024-05-15,100.0,100.0,100.0,100.0,90.32247161865234,0
2024-05-16,100.0,100.0,100.0,100.0,90.32247161865234,0
2024-05-17,100.0,100.0,100.0,100.0,90.32247161865234,0
2024-05-20,100.0,100.0,100.0,100.0,90.32247161865234,0
2024-05-21,100.0,100.0,100.0,100.0,90.32247161865234,0
2024-05-22,100.0,100.0,100.0,100.0,90.32247161865234,0
2024-05-23,100.0,100.0,100.0,100.0,90.32247161865234,0
2024-05-24,100.0,100.0,100.0,100.0,90.32247161865234,0
2024-05-28,99.0,99.0,99.0,99.0,89.41925811767578,100
2024-05-29,99.0,99.0,99.0,99.0,89.41925811767578,0
2024-05-30,99.0,99.0,99.0,99.0,89.41925811767578,0
2024-05-31,99.0,99.0,99.0,99.0,89.41925811767578,0
2024-06-03,99.0,99.0,99.0,99.0,89.41925811767578,0
2024-06-04,99.0,99.0,99.0,99.0,89.41925811767578,0
2024-06-05,99.0,99.0,99.0,99.0,89.41925811767578,0
2024-06-06,99.0,99.0,99.0,99.0,89.41925811767578,0
2024-06-07,102.25,102.25,102.25,102.25,92.35474395751953,100
2024-06-10,102.25,102.25,102.25,102.25,92.35474395751953,0
2024-06-11,102.25,102.25,102.25,102.25,92.35474395751953,0
2024-06-12,102.25,102.25,102.25,102.25,92.35474395751953,0
2024-06-13,102.25,102.25,102.25,102.25,92.35474395751953,0
2024-06-14,102.25,102.25,102.25,102.25,92.35474395751953,0
2024-06-17,94.0,94.0,94.0,94.0,86.16720581054688,100
2024-06-18,95.0,95.0,95.0,95.0,87.08387756347656,100
2024-06-20,100.5,105.0,100.5,105.0,96.25059509277344,100
2024-06-21,105.0,105.0,105.0,105.0,96.25059509277344,0
2024-06-24,105.0,105.0,105.0,105.0,96.25059509277344,0
2024-06-25,105.0,105.0,105.0,105.0,96.25059509277344,0
2024-06-26,105.0,105.0,105.0,105.0,96.25059509277344,0
2024-06-27,105.0,105.0,105.0,105.0,96.25059509277344,0
2024-06-28,105.0,105.0,105.0,105.0,96.25059509277344,0
2024-07-01,105.0,105.0,105.0,105.0,96.25059509277344,0
2024-07-02,105.0,105.0,105.0,105.0,96.25059509277344,0
2024-07-03,105.0,105.0,105.0,105.0,96.25059509277344,0
2024-07-05,105.0,105.0,105.0,105.0,96.25059509277344,0
2024-07-08,105.0,105.0,105.0,105.0,96.25059509277344,0
2024-07-09,105.0,105.0,105.0,105.0,96.25059509277344,0
2024-07-10,105.0,105.0,105.0,105.0,96.25059509277344,0
2024-07-11,105.0,105.0,105.0,105.0,96.25059509277344,0
2024-07-12,105.0,105.0,105.0,105.0,96.25059509277344,0
2024-07-15,105.0,105.0,105.0,105.0,96.25059509277344,0
2024-07-16,105.0,105.0,105.0,105.0,96.25059509277344,0
2024-07-17,103.0,103.0,103.0,103.0,94.4172592163086,100
2024-07-18,103.0,103.0,103.0,103.0,94.4172592163086,0
2024-07-19,103.0,103.0,103.0,103.0,94.4172592163086,0
2024-07-22,103.0,103.0,103.0,103.0,94.4172592163086,0
2024-07-23,103.0,103.0,103.0,103.0,94.4172592163086,0
2024-07-24,103.0,103.0,103.0,103.0,94.4172592163086,0
2024-07-25,103.0,103.0,103.0,103.0,94.4172592163086,0
2024-07-26,103.0,103.0,103.0,103.0,94.4172592163086,0
2024-07-29,103.0,103.0,103.0,103.0,94.4172592163086,0
2024-07-30,103.0,103.0,103.0,103.0,94.4172592163086,0
2024-07-31,103.0,103.0,103.0,103.0,94.4172592163086,0
2024-08-01,103.0,103.0,103.0,103.0,94.4172592163086,0
2024-08-02,103.0,103.0,103.0,103.0,94.4172592163086,0
2024-08-05,103.0,103.0,103.0,103.0,94.4172592163086,0
2024-08-06,103.0,103.0,103.0,103.0,94.4172592163086,0
2024-08-07,96.0199966430664,96.0199966430664,96.0199966430664,96.0199966430664,88.01887512207031,100
2024-08-08,96.0199966430664,96.0199966430664,96.0199966430664,96.0199966430664,88.01887512207031,0
2024-08-09,96.0199966430664,96.0199966430664,96.0199966430664,96.0199966430664,88.01887512207031,0
2024-08-12,96.0199966430664,96.0199966430664,96.0199966430664,96.0199966430664,88.01887512207031,0
2024-08-13,97.0,97.0,97.0,97.0,88.91722869873047,100
2024-08-14,97.0,97.0,97.0,97.0,88.91722869873047,0
2024-08-15,97.0,97.0,97.0,97.0,88.91722869873047,0
2024-08-16,97.0,97.0,97.0,97.0,88.91722869873047,0
2024-08-19,97.0,97.0,97.0,97.0,88.91722869873047,0
2024-08-20,97.0,97.0,97.0,97.0,88.91722869873047,0
2024-08-21,97.0,97.0,97.0,97.0,88.91722869873047,0
2024-08-22,97.0,97.0,97.0,97.0,88.91722869873047,0
2024-08-23,97.0,97.0,97.0,97.0,88.91722869873047,0
2024-08-26,97.0,97.0,97.0,97.0,88.91722869873047,0
2024-08-27,97.0,97.0,97.0,97.0,88.91722869873047,0
2024-08-28,97.0,97.0,97.0,97.0,88.91722869873047,0
2024-08-29,97.0,97.0,97.0,97.0,88.91722869873047,0
2024-08-30,97.0,97.0,97.0,97.0,88.91722869873047,0
2024-09-03,97.0,97.0,97.0,97.0,88.91722869873047,0
2024-09-04,97.0,97.0,97.0,97.0,88.91722869873047,0
2024-09-05,107.25,107.25,107.25,107.25,98.31310272216797,100
2024-09-06,107.25,107.25,107.25,107.25,98.31310272216797,0
2024-09-09,107.25,107.25,107.25,107.25,98.31310272216797,0
2024-09-10,107.25,107.25,107.25,107.25,98.31310272216797,0
2024-09-11,107.25,107.25,107.25,107.25,98.31310272216797,0
2024-09-12,107.25,107.25,107.25,107.25,98.31310272216797,100
2024-09-13,107.25,107.25,107.25,107.25,98.31310272216797,0
2024-09-16,107.25,107.25,107.25,107.25,98.31310272216797,100
2024-09-17,107.25,107.25,107.25,107.25,99.7076187133789,0
2024-09-18,107.25,107.25,107.25,107.25,99.7076187133789,0
2024-09-19,107.0,107.0,107.0,107.0,99.4751968383789,100
2024-09-20,107.0,107.0,107.0,107.0,99.4751968383789,0
2024-09-23,107.0,107.0,107.0,107.0,99.4751968383789,0
2024-09-24,107.0,107.0,107.0,107.0,99.4751968383789,0
2024-09-25,107.0,107.0,107.0,107.0,99.4751968383789,0
2024-09-26,107.0,107.0,107.0,107.0,99.4751968383789,0
2024-09-27,107.0,107.0,107.0,107.0,99.4751968383789,0
2024-09-30,107.0,107.0,107.0,107.0,99.4751968383789,0
2024-10-01,107.0,107.0,107.0,107.0,99.4751968383789,0
2024-10-02,107.0,107.0,107.0,107.0,99.4751968383789,0
2024-10-03,107.0,107.0,107.0,107.0,99.4751968383789,100
2024-10-04,107.0,107.0,107.0,107.0,99.4751968383789,0
2024-10-07,107.0,107.0,107.0,107.0,99.4751968383789,0
2024-10-08,107.0,107.0,107.0,107.0,99.4751968383789,0
2024-10-09,107.0,107.0,107.0,107.0,99.4751968383789,0
2024-10-10,107.0,107.0,107.0,107.0,99.4751968383789,0
2024-10-11,106.0,107.0,106.0,107.0,99.4751968383789,100
2024-10-14,107.0,107.0,107.0,107.0,99.4751968383789,0
2024-10-15,107.0,107.0,107.0,107.0,99.4751968383789,0
2024-10-16,124.06999969482422,124.70999908447266,115.0,124.70999908447266,115.93974304199219,500
2024-10-17,124.70999908447266,124.70999908447266,124.70999908447266,124.70999908447266,115.93974304199219,0
2024-10-18,124.70999908447266,124.70999908447266,124.70999908447266,124.70999908447266,115.93974304199219,0
2024-10-21,124.56999969482422,124.56999969482422,124.56999969482422,124.56999969482422,115.8095932006836,100
2024-10-22,124.56999969482422,124.56999969482422,124.56999969482422,124.56999969482422,115.8095932006836,0
2024-10-23,100.01000213623047,129.9499969482422,100.01000213623047,100.01000213623047,92.97677612304688,200
2024-10-24,100.01000213623047,100.01000213623047,100.01000213623047,100.01000213623047,92.97677612304688,0
2024-10-25,100.01000213623047,100.01000213623047,100.01000213623047,100.01000213623047,92.97677612304688,0
2024-10-28,100.01000213623047,100.01000213623047,100.01000213623047,100.01000213623047,92.97677612304688,0
2024-10-29,100.01000213623047,100.01000213623047,100.01000213623047,100.01000213623047,92.97677612304688,0
2024-10-30,100.31999969482422,100.31999969482422,100.31999969482422,100.31999969482422,93.26498413085938,100
2024-10-31,100.31999969482422,100.31999969482422,100.31999969482422,100.31999969482422,93.26498413085938,0
2024-11-01,100.31999969482422,100.31999969482422,100.31999969482422,100.31999969482422,93.26498413085938,0
2024-11-04,100.31999969482422,100.31999969482422,100.31999969482422,100.31999969482422,93.26498413085938,0
2024-11-05,100.31999969482422,100.31999969482422,100.31999969482422,100.31999969482422,93.26498413085938,0
2024-11-06,100.31999969482422,100.31999969482422,100.31999969482422,100.31999969482422,93.26498413085938,0
2024-11-07,100.31999969482422,100.31999969482422,100.31999969482422,100.31999969482422,93.26498413085938,0
2024-11-08,100.31999969482422,100.31999969482422,100.31999969482422,100.31999969482422,93.26498413085938,0
2024-11-11,100.31999969482422,100.31999969482422,100.31999969482422,100.31999969482422,93.26498413085938,0
2024-11-12,100.31999969482422,100.31999969482422,100.31999969482422,100.31999969482422,93.26498413085938,0
2024-11-13,104.98999786376953,104.98999786376953,100.29000091552734,100.29000091552734,93.23709106445312,100
2024-11-14,100.29000091552734,100.29000091552734,100.29000091552734,100.29000091552734,93.23709106445312,0
2024-11-15,100.29000091552734,100.29000091552734,100.29000091552734,100.29000091552734,93.23709106445312,0
2024-11-18,100.29000091552734,100.29000091552734,100.29000091552734,100.29000091552734,93.23709106445312,0
2024-11-19,100.29000091552734,100.29000091552734,100.29000091552734,100.29000091552734,93.23709106445312,0
2024-11-20,100.29000091552734,100.29000091552734,100.29000091552734,100.29000091552734,93.23709106445312,0
2024-11-21,100.29000091552734,100.29000091552734,100.29000091552734,100.29000091552734,93.23709106445312,0
2024-11-22,100.29000091552734,100.29000091552734,100.29000091552734,100.29000091552734,93.23709106445312,0
2024-11-25,100.29000091552734,100.29000091552734,100.29000091552734,100.29000091552734,93.23709106445312,0
2024-11-26,100.29000091552734,100.29000091552734,100.29000091552734,100.29000091552734,93.23709106445312,100
2024-11-27,100.29000091552734,100.29000091552734,100.29000091552734,100.29000091552734,93.23709106445312,0
2024-11-29,100.29000091552734,100.29000091552734,100.29000091552734,100.29000091552734,93.23709106445312,0
2024-12-02,100.29000091552734,100.29000091552734,100.29000091552734,100.29000091552734,93.23709106445312,0
2024-12-03,100.29000091552734,100.29000091552734,100.29000091552734,100.29000091552734,93.23709106445312,0
2024-12-04,100.29000091552734,100.29000091552734,100.29000091552734,100.29000091552734,93.23709106445312,0
2024-12-05,100.29000091552734,100.29000091552734,100.29000091552734,100.29000091552734,93.23709106445312,0
2024-12-06,100.29000091552734,100.29000091552734,100.29000091552734,100.29000091552734,93.23709106445312,0
2024-12-09,100.29000091552734,100.29000091552734,100.29000091552734,100.29000091552734,93.23709106445312,0
2024-12-10,100.29000091552734,100.29000091552734,100.29000091552734,100.29000091552734,93.23709106445312,0
2024-12-11,100.29000091552734,100.29000091552734,100.29000091552734,100.29000091552734,93.23709106445312,0
2024-12-12,100.29000091552734,100.29000091552734,100.29000091552734,100.29000091552734,93.23709106445312,0
2024-12-13,100.29000091552734,100.29000091552734,100.29000091552734,100.29000091552734,93.23709106445312,0
2024-12-16,124.56999969482422,124.56999969482422,100.29000091552734,100.29000091552734,93.23709106445312,100
2024-12-17,100.29000091552734,100.29000091552734,100.29000091552734,100.29000091552734,93.23709106445312,0
2024-12-18,100.12000274658203,100.12000274658203,100.12000274658203,100.12000274658203,93.07904815673828,100
2024-12-19,100.12000274658203,100.12000274658203,100.12000274658203,100.12000274658203,94.49476623535156,0
2024-12-20,97.0,97.0,97.0,97.0,91.55006408691406,100
2024-12-23,97.0,97.0,97.0,97.0,91.55006408691406,0
2024-12-24,97.0,97.0,97.0,97.0,91.55006408691406,0
2024-12-26,97.0,97.0,97.0,97.0,91.55006408691406,0
2024-12-27,97.0,97.0,97.0,97.0,91.55006408691406,0
2024-12-30,97.0,97.0,97.0,97.0,91.55006408691406,0
2024-12-31,97.0,97.0,97.0,97.0,91.55006408691406,0
2025-01-02,97.0,97.0,97.0,97.0,91.55006408691406,0
2025-01-03,97.0,97.0,97.0,97.0,91.55006408691406,0
2025-01-06,97.0,97.0,97.0,97.0,91.55006408691406,0
2025-01-07,97.0,97.0,97.0,97.0,91.55006408691406,0
2025-01-08,97.0,97.0,97.0,97.0,91.55006408691406,0
2025-01-10,96.3499984741211,96.3499984741211,96.3499984741211,96.3499984741211,90.93657684326172,100
2025-01-13,96.3499984741211,96.3499984741211,96.3499984741211,96.3499984741211,90.93657684326172,0
2025-01-14,96.3499984741211,96.3499984741211,96.3499984741211,96.3499984741211,90.93657684326172,0
2025-01-15,96.3499984741211,96.3499984741211,96.3499984741211,96.3499984741211,90.93657684326172,0
2025-01-16,96.3499984741211,96.3499984741211,96.3499984741211,96.3499984741211,90.93657684326172,0
2025-01-17,96.3499984741211,96.3499984741211,96.3499984741211,96.3499984741211,90.93657684326172,0
2025-01-21,96.3499984741211,96.3499984741211,96.3499984741211,96.3499984741211,90.93657684326172,0
2025-01-22,96.3499984741211,96.3499984741211,96.3499984741211,96.3499984741211,90.93657684326172,0
2025-01-23,96.3499984741211,96.3499984741211,96.3499984741211,96.3499984741211,90.93657684326172,0
2025-01-24,96.55000305175781,96.55000305175781,96.55000305175781,96.55000305175781,91.12535095214844,100
2025-01-27,96.55000305175781,96.55000305175781,96.55000305175781,96.55000305175781,91.12535095214844,0
2025-01-28,96.55000305175781,96.55000305175781,96.55000305175781,96.55000305175781,91.12535095214844,0
2025-01-29,96.55000305175781,96.55000305175781,96.55000305175781,96.55000305175781,91.12535095214844,0
2025-01-30,96.55000305175781,96.55000305175781,96.55000305175781,96.55000305175781,91.12535095214844,0
2025-01-31,119.9000015258789,119.9000015258789,119.9000015258789,119.9000015258789,113.1634292602539,100
2025-02-03,119.9000015258789,119.9000015258789,119.9000015258789,119.9000015258789,113.1634292602539,0
2025-02-04,119.9000015258789,119.9000015258789,119.9000015258789,119.9000015258789,113.1634292602539,0
2025-02-05,119.9000015258789,119.9000015258789,119.9000015258789,119.9000015258789,113.1634292602539,0
2025-02-06,119.9000015258789,119.9000015258789,119.9000015258789,119.9000015258789,113.1634292602539,0
2025-02-07,119.9000015258789,119.9000015258789,119.9000015258789,119.9000015258789,113.1634292602539,0
2025-02-10,119.9000015258789,119.9000015258789,119.9000015258789,119.9000015258789,113.1634292602539,0
2025-02-11,119.9000015258789,119.9000015258789,119.9000015258789,119.9000015258789,113.1634292602539,0
2025-02-12,119.9000015258789,119.9000015258789,119.9000015258789,119.9000015258789,113.1634292602539,0
2025-02-13,119.9000015258789,119.9000015258789,119.9000015258789,119.9000015258789,113.1634292602539,0
2025-02-14,119.9000015258789,119.9000015258789,119.9000015258789,119.9000015258789,113.1634292602539,0
2025-02-18,119.9000015258789,119.9000015258789,119.9000015258789,119.9000015258789,113.1634292602539,0
2025-02-19,119.9000015258789,119.9000015258789,119.9000015258789,119.9000015258789,113.1634292602539,0
2025-02-20,119.9000015258789,119.9000015258789,119.9000015258789,119.9000015258789,113.1634292602539,0
2025-02-21,119.9000015258789,119.9000015258789,119.9000015258789,119.9000015258789,113.1634292602539,0
2025-02-24,119.9000015258789,119.9000015258789,119.9000015258789,119.9000015258789,113.1634292602539,0
2025-02-25,116.69999694824219,116.69999694824219,116.69999694824219,116.69999694824219,110.1432113647461,100
2025-02-26,116.69999694824219,116.69999694824219,116.69999694824219,116.69999694824219,110.1432113647461,0
2025-02-27,116.69999694824219,116.69999694824219,116.69999694824219,116.69999694824219,110.1432113647461,0
2025-02-28,97.75,97.75,97.75,97.75,92.25791931152344,100
2025-03-03,97.75,97.75,97.75,97.75,92.25791931152344,0
2025-03-04,97.75,97.75,97.75,97.75,92.25791931152344,0
2025-03-05,97.75,97.75,97.75,97.75,92.25791931152344,0
2025-03-06,97.75,97.75,97.75,97.75,92.25791931152344,0
2025-03-07,97.75,97.75,97.75,97.75,92.25791931152344,0
2025-03-10,97.75,97.75,97.75,97.75,92.25791931152344,0
2025-03-11,97.75,97.75,97.75,97.75,92.25791931152344,0
2025-03-12,97.75,97.75,97.75,97.75,92.25791931152344,0
2025-03-13,97.75,97.75,97.75,97.75,92.25791931152344,0
2025-03-14,97.75,97.75,97.75,97.75,92.25791931152344,0
2025-03-17,120.0,120.0,97.0,97.36000061035156,91.88983154296875,200
2025-03-18,110.0,110.0,110.0,110.0,105.44420623779297,100
2025-03-19,110.0,110.0,110.0,110.0,105.44420623779297,0
2025-03-20,110.0,126.5,110.0,126.44999694824219,121.21290588378906,400
2025-03-21,126.44999694824219,126.44999694824219,126.44999694824219,126.44999694824219,121.21290588378906,0
2025-03-24,126.44999694824219,126.44999694824219,126.44999694824219,126.44999694824219,121.21290588378906,0
2025-03-25,126.44999694824219,126.44999694824219,126.44999694824219,126.44999694824219,121.21290588378906,0
2025-03-26,126.44999694824219,126.44999694824219,126.44999694824219,126.44999694824219,121.21290588378906,0
2025-03-27,126.44999694824219,126.44999694824219,126.44999694824219,126.44999694824219,121.21290588378906,0
2025-03-28,126.44999694824219,126.44999694824219,126.44999694824219,126.44999694824219,121.21290588378906,0
2025-03-31,126.44999694824219,126.44999694824219,126.44999694824219,126.44999694824219,121.21290588378906,0
2025-04-01,126.44999694824219,126.44999694824219,126.44999694824219,126.44999694824219,121.21290588378906,0
2025-04-02,126.44999694824219,126.44999694824219,126.44999694824219,126.44999694824219,121.21290588378906,0
2025-04-03,126.44999694824219,126.44999694824219,126.44999694824219,126.44999694824219,121.21290588378906,0
2025-04-04,126.44999694824219,126.44999694824219,126.44999694824219,126.44999694824219,121.21290588378906,0
2025-04-07,98.55000305175781,98.55000305175781,98.55000305175781,98.55000305175781,94.46842956542969,100
2025-04-08,98.55000305175781,98.55000305175781,98.55000305175781,98.55000305175781,94.46842956542969,0
2025-04-09,98.55000305175781,98.55000305175781,98.55000305175781,98.55000305175781,94.46842956542969,0
2025-04-10,98.55000305175781,98.55000305175781,98.55000305175781,98.55000305175781,94.46842956542969,0
2025-04-11,98.55000305175781,98.55000305175781,98.55000305175781,98.55000305175781,94.46842956542969,0
2025-04-14,98.55000305175781,98.55000305175781,98.55000305175781,98.55000305175781,94.46842956542969,0
2025-04-15,98.55000305175781,98.55000305175781,98.55000305175781,98.55000305175781,94.46842956542969,0
2025-04-16,98.55000305175781,98.55000305175781,98.55000305175781,98.55000305175781,94.46842956542969,0
2025-04-17,98.55000305175781,98.55000305175781,98.55000305175781,98.55000305175781,94.46842956542969,0
2025-04-21,98.55000305175781,98.55000305175781,98.55000305175781,98.55000305175781,94.46842956542969,0
2025-04-22,98.55000305175781,98.55000305175781,98.55000305175781,98.55000305175781,94.46842956542969,0
2025-04-23,98.55000305175781,98.55000305175781,98.55000305175781,98.55000305175781,94.46842956542969,0
2025-04-24,126.69000244140625,126.69999694824219,126.5,126.69999694824219,121.45255279541016,300
2025-04-25,126.69999694824219,126.69999694824219,126.69999694824219,126.69999694824219,121.45255279541016,0
2025-04-28,126.69999694824219,126.69999694824219,126.69999694824219,126.69999694824219,121.45255279541016,0
2025-04-29,126.69999694824219,126.69999694824219,126.69999694824219,126.69999694824219,121.45255279541016,0
2025-04-30,126.69999694824219,126.69999694824219,126.69999694824219,126.69999694824219,121.45255279541016,0
2025-05-01,126.69999694824219,126.69999694824219,126.69999694824219,126.69999694824219,121.45255279541016,0
2025-05-02,126.69999694824219,126.69999694824219,126.69999694824219,126.69999694824219,121.45255279541016,0
2025-05-05,126.69999694824219,126.69999694824219,126.69999694824219,126.69999694824219,121.45255279541016,0
2025-05-06,126.69999694824219,126.69999694824219,126.69999694824219,126.69999694824219,121.45255279541016,0
2025-05-07,126.69999694824219,126.69999694824219,126.69999694824219,126.69999694824219,121.45255279541016,0
2025-05-08,126.69999694824219,126.69999694824219,126.69999694824219,126.69999694824219,121.45255279541016,0
2025-05-09,126.69999694824219,126.69999694824219,126.69999694824219,126.69999694824219,121.45255279541016,0
2025-05-12,126.69999694824219,126.69999694824219,126.69999694824219,126.69999694824219,121.45255279541016,0
2025-05-13,126.69999694824219,126.69999694824219,126.69999694824219,126.69999694824219,121.45255279541016,0
2025-05-14,126.69999694824219,126.69999694824219,126.69999694824219,126.69999694824219,121.45255279541016,0
2025-05-15,126.69999694824219,126.69999694824219,126.69999694824219,126.69999694824219,121.45255279541016,0
2025-05-16,126.69999694824219,126.69999694824219,126.69999694824219,126.69999694824219,121.45255279541016,0
2025-05-19,126.69999694824219,126.69999694824219,126.69999694824219,126.69999694824219,121.45255279541016,0
2025-05-20,126.69999694824219,126.69999694824219,126.69999694824219,126.69999694824219,121.45255279541016,0
2025-05-21,126.69999694824219,126.69999694824219,126.69999694824219,126.69999694824219,121.45255279541016,0
2025-05-22,126.69999694824219,126.69999694824219,126.69999694824219,126.69999694824219,121.45255279541016,0
2025-05-23,126.69999694824219,126.69999694824219,126.69999694824219,126.69999694824219,121.45255279541016,0
2025-05-27,126.69999694824219,126.69999694824219,126.69999694824219,126.69999694824219,121.45255279541016,0
2025-05-28,126.69999694824219,126.69999694824219,126.69999694824219,126.69999694824219,121.45255279541016,0
2025-05-29,126.69999694824219,126.69999694824219,126.69999694824219,126.69999694824219,121.45255279541016,0
2025-05-30,126.69999694824219,126.69999694824219,126.69999694824219,126.69999694824219,121.45255279541016,0
2025-06-02,126.69999694824219,126.69999694824219,126.69999694824219,126.69999694824219,121.45255279541016,0
2025-06-03,126.69999694824219,126.69999694824219,126.69999694824219,126.69999694824219,121.45255279541016,0
2025-06-04,126.69999694824219,126.69999694824219,126.69999694824219,126.69999694824219,121.45255279541016,0
2025-06-05,126.69999694824219,126.69999694824219,126.69999694824219,126.69999694824219,121.45255279541016,0
2025-06-06,126.69999694824219,126.69999694824219,126.69999694824219,126.69999694824219,121.45255279541016,0
2025-06-09,126.69999694824219,126.69999694824219,126.69999694824219,126.69999694824219,121.45255279541016,0
2025-06-10,126.69999694824219,126.69999694824219,126.69999694824219,126.69999694824219,121.45255279541016,0
2025-06-11,126.69999694824219,126.69999694824219,126.69999694824219,126.69999694824219,121.45255279541016,0
2025-06-12,126.69999694824219,126.69999694824219,126.69999694824219,126.69999694824219,121.45255279541016,0
2025-06-13,126.69999694824219,126.69999694824219,126.69999694824219,126.69999694824219,121.45255279541016,0
2025-06-16,126.69999694824219,126.69999694824219,126.69999694824219,126.69999694824219,121.45255279541016,0
2025-06-17,126.69999694824219,126.69999694824219,126.69999694824219,126.69999694824219,122.90764617919922,0
2025-06-18,126.69999694824219,126.69999694824219,126.69999694824219,126.69999694824219,122.90764617919922,0
2025-06-20,126.69999694824219,126.69999694824219,126.69999694824219,126.69999694824219,122.90764617919922,0
2025-06-23,96.02999877929688,96.02999877929688,96.02999877929688,96.02999877929688,93.1556625366211,100
2025-06-24,96.02999877929688,96.02999877929688,96.02999877929688,96.02999877929688,93.1556625366211,0
2025-06-25,96.02999877929688,96.02999877929688,96.02999877929688,96.02999877929688,93.1556625366211,100
2025-06-26,96.02999877929688,96.02999877929688,96.02999877929688,96.02999877929688,93.1556625366211,0
2025-06-27,96.02999877929688,96.02999877929688,96.02999877929688,96.02999877929688,93.1556625366211,0
2025-06-30,96.02999877929688,96.02999877929688,96.02999877929688,96.02999877929688,93.1556625366211,0
2025-07-01,96.02999877929688,96.02999877929688,96.02999877929688,96.02999877929688,93.1556625366211,0
2025-07-02,96.02999877929688,96.02999877929688,96.02999877929688,96.02999877929688,93.1556625366211,0
2025-07-03,96.02999877929688,96.02999877929688,96.02999877929688,96.02999877929688,93.1556625366211,0
2025-07-07,96.02999877929688,96.02999877929688,96.02999877929688,96.02999877929688,93.1556625366211,0
2025-07-08,96.02999877929688,96.02999877929688,96.02999877929688,96.02999877929688,93.1556625366211,0
2025-07-09,96.02999877929688,96.02999877929688,96.02999877929688,96.02999877929688,93.1556625366211,0
2025-07-10,96.02999877929688,96.02999877929688,96.02999877929688,96.02999877929688,93.1556625366211,0
2025-07-11,96.02999877929688,96.02999877929688,96.02999877929688,96.02999877929688,93.1556625366211,0
2025-07-14,96.02999877929688,96.02999877929688,96.02999877929688,96.02999877929688,93.1556625366211,0
2025-07-15,97.05000305175781,97.05000305175781,97.05000305175781,97.05000305175781,94.14513397216797,100
2025-07-16,97.05000305175781,97.05000305175781,97.05000305175781,97.05000305175781,94.14513397216797,0
2025-07-17,97.05000305175781,97.05000305175781,97.05000305175781,97.05000305175781,94.14513397216797,0
2025-07-18,97.05000305175781,97.05000305175781,97.05000305175781,97.05000305175781,94.14513397216797,0
2025-07-21,97.05000305175781,97.05000305175781,97.05000305175781,97.05000305175781,94.14513397216797,0
2025-07-22,97.05000305175781,97.05000305175781,97.05000305175781,97.05000305175781,94.14513397216797,0
2025-07-23,97.05000305175781,97.05000305175781,97.05000305175781,97.05000305175781,94.14513397216797,0
2025-07-24,97.05000305175781,97.05000305175781,97.05000305175781,97.05000305175781,94.14513397216797,0
2025-07-25,97.05000305175781,97.05000305175781,97.05000305175781,97.05000305175781,94.14513397216797,0
2025-07-28,98.58999633789062,98.58999633789062,98.58999633789062,98.58999633789062,95.63903045654297,100
2025-07-29,98.5,98.5,98.5,98.5,95.55172729492188,100
2025-07-30,98.5,98.5,98.5,98.5,95.55172729492188,0
2025-07-31,98.5,98.5,98.5,98.5,95.55172729492188,0
2025-08-01,98.5,98.5,98.5,98.5,95.55172729492188,0
2025-08-04,98.5,98.5,98.5,98.5,95.55172729492188,0
2025-08-05,98.5,98.5,98.5,98.5,95.55172729492188,0
2025-08-06,97.0,97.0,97.0,97.0,94.09662628173828,100
2025-08-07,97.05000305175781,100.0,97.05000305175781,100.0,97.00682830810547,300
2025-08-08,100.0,100.0,100.0,100.0,97.00682830810547,0
2025-08-11,100.0,100.0,100.0,100.0,97.00682830810547,0
2025-08-12,97.05999755859375,97.05999755859375,97.05999755859375,97.05999755859375,94.15483093261719,100
2025-08-13,97.05000305175781,97.05000305175781,97.05000305175781,97.05000305175781,94.14513397216797,100
2025-08-14,97.05000305175781,97.05000305175781,97.05000305175781,97.05000305175781,94.14513397216797,0
2025-08-15,97.05000305175781,97.05000305175781,97.05000305175781,97.05000305175781,94.14513397216797,0
2025-08-18,97.05000305175781,97.05000305175781,97.05000305175781,97.05000305175781,94.14513397216797,0
2025-08-19,97.05000305175781,97.05000305175781,97.05000305175781,97.05000305175781,94.14513397216797,0
2025-08-20,97.05000305175781,97.05000305175781,97.05000305175781,97.05000305175781,94.14513397216797,0
2025-08-21,97.05000305175781,97.05000305175781,97.05000305175781,97.05000305175781,94.14513397216797,0
2025-08-22,97.05000305175781,97.05000305175781,97.05000305175781,97.05000305175781,94.14513397216797,0
2025-08-25,97.05000305175781,97.05000305175781,97.05000305175781,97.05000305175781,94.14513397216797,0
2025-08-26,97.05000305175781,97.05000305175781,97.05000305175781,97.05000305175781,94.14513397216797,0
2025-08-27,97.05000305175781,97.05000305175781,97.05000305175781,97.05000305175781,94.14513397216797,0
2025-08-28,97.05000305175781,97.05000305175781,97.05000305175781,97.05000305175781,94.14513397216797,0
2025-08-29,97.05000305175781,97.05000305175781,97.05000305175781,97.05000305175781,94.14513397216797,0
2025-09-02,97.05000305175781,97.05000305175781,97.05000305175781,97.05000305175781,94.14513397216797,0
2025-09-03,97.05000305175781,97.05000305175781,97.05000305175781,97.05000305175781,94.14513397216797,0
2025-09-04,97.05000305175781,97.05000305175781,97.05000305175781,97.05000305175781,94.14513397216797,0
2025-09-05,97.05000305175781,97.05000305175781,97.05000305175781,97.05000305175781,94.14513397216797,0
2025-09-08,97.05000305175781,97.05000305175781,97.05000305175781,97.05000305175781,94.14513397216797,0
2025-09-09,97.05000305175781,97.05000305175781,97.05000305175781,97.05000305175781,94.14513397216797,0
2025-09-10,97.05000305175781,97.05000305175781,97.05000305175781,97.05000305175781,94.14513397216797,0
2025-09-11,97.05000305175781,97.05000305175781,97.05000305175781,97.05000305175781,94.14513397216797,0
2025-09-12,97.05000305175781,97.05000305175781,97.05000305175781,97.05000305175781,94.14513397216797,0
2025-09-15,97.05000305175781,97.05000305175781,97.05000305175781,97.05000305175781,94.14513397216797,0
2025-09-16,97.05000305175781,97.05000305175781,97.05000305175781,97.05000305175781,94.14513397216797,0
2025-09-17,97.05000305175781,97.05000305175781,97.05000305175781,97.05000305175781,95.62307739257812,0
2025-09-18,97.05000305175781,97.05000305175781,97.05000305175781,97.05000305175781,95.62307739257812,0
2025-09-19,119.0,119.0,119.0,119.0,117.2503433227539,100
2025-09-22,119.0,119.0,119.0,119.0,117.2503433227539,0
2025-09-23,119.0,119.0,119.0,119.0,117.2503433227539,0
2025-09-24,119.0,119.0,119.0,119.0,117.2503433227539,0
2025-09-25,119.0,119.0,119.0,119.0,117.2503433227539,0
2025-09-26,119.0,119.0,119.0,119.0,117.2503433227539,0
2025-09-29,119.0,119.0,119.0,119.0,117.2503433227539,0
2025-09-30,119.0,119.0,119.0,119.0,117.2503433227539,0
2025-10-01,119.0,119.0,119.0,119.0,117.2503433227539,0
2025-10-02,119.0,119.0,119.0,119.0,117.2503433227539,0
2025-10-03,119.0,119.0,119.0,119.0,117.2503433227539,0
2025-10-06,119.0,119.0,119.0,119.0,117.2503433227539,0
2025-10-07,119.0,119.0,119.0,119.0,117.2503433227539,0
2025-10-08,119.0,119.0,119.0,119.0,117.2503433227539,0
2025-10-09,119.0,119.0,119.0,119.0,117.2503433227539,0
2025-10-10,119.0,119.0,119.0,119.0,117.2503433227539,0
2025-10-13,119.0,119.0,119.0,119.0,117.2503433227539,0
2025-10-14,119.0,119.0,119.0,119.0,117.2503433227539,0
2025-10-15,119.0,119.0,119.0,119.0,117.2503433227539,0
2025-10-16,119.0,119.0,119.0,119.0,117.2503433227539,0
2025-10-17,119.0,119.0,119.0,119.0,117.2503433227539,0
2025-10-20,119.0,119.0,119.0,119.0,117.2503433227539,0
2025-10-21,119.0,119.0,119.0,119.0,117.2503433227539,0
2025-10-22,119.0,119.0,119.0,119.0,117.2503433227539,0
2025-10-23,119.0,119.0,119.0,119.0,117.2503433227539,0
2025-10-24,119.0,119.0,119.0,119.0,117.2503433227539,0
2025-10-27,124.97000122070312,124.97000122070312,124.97000122070312,124.97000122070312,123.132568359375,100
2025-10-28,124.97000122070312,124.97000122070312,124.97000122070312,124.97000122070312,123.132568359375,0
2025-10-29,124.97000122070312,124.97000122070312,124.97000122070312,124.97000122070312,123.132568359375,0
2025-10-30,124.97000122070312,124.97000122070312,124.97000122070312,124.97000122070312,123.132568359375,0
2025-10-31,124.97000122070312,124.97000122070312,124.97000122070312,124.97000122070312,123.132568359375,0
2025-11-03,124.97000122070312,124.97000122070312,124.97000122070312,124.97000122070312,123.132568359375,0
2025-11-04,124.97000122070312,124.97000122070312,124.97000122070312,124.97000122070312,123.132568359375,0
2025-11-05,124.97000122070312,124.97000122070312,124.97000122070312,124.97000122070312,123.132568359375,0
2025-11-06,124.97000122070312,124.97000122070312,124.97000122070312,124.97000122070312,123.132568359375,0
2025-11-07,124.97000122070312,124.97000122070312,124.97000122070312,124.97000122070312,123.132568359375,0
2025-11-10,124.97000122070312,124.97000122070312,124.97000122070312,124.97000122070312,123.132568359375,0
2025-11-11,124.97000122070312,124.97000122070312,124.97000122070312,124.97000122070312,123.132568359375,0
2025-11-12,100.04000091552734,100.04000091552734,100.04000091552734,100.04000091552734,98.5691146850586,100
2025-11-13,100.04000091552734,100.04000091552734,100.04000091552734,100.04000091552734,98.5691146850586,0
2025-11-14,100.04000091552734,100.04000091552734,100.04000091552734,100.04000091552734,98.5691146850586,0
2025-11-17,100.04000091552734,100.04000091552734,100.04000091552734,100.04000091552734,98.5691146850586,0
2025-11-18,100.04000091552734,100.04000091552734,100.04000091552734,100.04000091552734,98.5691146850586,0
2025-11-19,100.04000091552734,100.04000091552734,100.04000091552734,100.04000091552734,98.5691146850586,0
2025-11-20,100.04000091552734,100.04000091552734,100.04000091552734,100.04000091552734,98.5691146850586,0
2025-11-21,100.04000091552734,100.04000091552734,100.04000091552734,100.04000091552734,98.5691146850586,0
2025-11-24,100.04000091552734,100.04000091552734,100.04000091552734,100.04000091552734,98.5691146850586,0
2025-11-25,100.12999725341797,100.12999725341797,100.12999725341797,100.12999725341797,98.65779113769531,100
2025-11-26,100.12999725341797,100.12999725341797,100.12999725341797,100.12999725341797,98.65779113769531,0
2025-11-28,100.12999725341797,100.12999725341797,100.12999725341797,100.12999725341797,98.65779113769531,0
2025-12-01,100.12999725341797,100.12999725341797,100.12999725341797,100.12999725341797,98.65779113769531,0
2025-12-02,100.12999725341797,100.12999725341797,100.12999725341797,100.12999725341797,98.65779113769531,0
2025-12-03,100.12999725341797,100.12999725341797,100.12999725341797,100.12999725341797,98.65779113769531,0
2025-12-04,100.12999725341797,100.12999725341797,100.12999725341797,100.12999725341797,98.65779113769531,0
2025-12-05,100.12999725341797,100.12999725341797,100.12999725341797,100.12999725341797,98.65779113769531,0
2025-12-08,100.12999725341797,100.12999725341797,100.12999725341797,100.12999725341797,98.65779113769531,0
2025-12-09,100.12999725341797,100.12999725341797,100.12999725341797,100.12999725341797,98.65779113769531,0
2025-12-10,100.12999725341797,100.12999725341797,100.12999725341797,100.12999725341797,98.65779113769531,0
2025-12-11,102.0,102.0,102.0,102.0,100.50029754638672,100
2025-12-12,102.0,102.0,102.0,102.0,100.50029754638672,0
2025-12-15,102.0,102.0,102.0,102.0,100.50029754638672,0
2025-12-16,102.0199966430664,102.0199966430664,102.0199966430664,102.0199966430664,100.5199966430664,100
2025-12-17,102.0199966430664,102.0199966430664,102.0199966430664,102.0199966430664,100.5199966430664,0
2025-12-18,102.0199966430664,102.0199966430664,102.0199966430664,102.0199966430664,100.5199966430664,100
2025-12-19,102.0199966430664,102.0199966430664,102.0199966430664,102.0199966430664,102.0199966430664,0
2025-12-22,102.0199966430664,102.0199966430664,102.0199966430664,102.0199966430664,102.0199966430664,0
2025-12-23,102.0199966430664,102.0199966430664,102.0199966430664,102.0199966430664,102.0199966430664,0
2025-12-24,102.0199966430664,102.0199966430664,102.0199966430664,102.0199966430664,102.0199966430664,0
2025-12-26,100.05000305175781,100.05000305175781,100.05000305175781,100.05000305175781,100.05000305175781,100
2025-12-29,100.05000305175781,100.05000305175781,100.05000305175781,100.05000305175781,100.05000305175781,0
2025-12-30,100.05000305175781,100.05000305175781,100.05000305175781,100.05000305175781,100.05000305175781,0
