date,open,high,low,close,adj_close,volume
,NG,NG,NG,NG,NG,NG
2020-01-02,9.0,9.050000190734863,8.75,8.84000015258789,8.84000015258789,2309700
2020-01-03,9.020000457763672,9.0600004196167,8.5600004196167,8.59000015258789,8.59000015258789,2499800
2020-01-06,8.739999771118164,8.989999771118164,8.59000015258789,8.670000076293945,8.670000076293945,2666000
2020-01-07,8.8100004196167,9.119999885559082,8.59000015258789,9.09000015258789,9.09000015258789,2372400
2020-01-08,9.100000381469727,9.119999885559082,8.479999542236328,8.5,8.5,2613400
2020-01-09,8.40999984741211,8.5,8.1899995803833,8.239999771118164,8.239999771118164,2576100
2020-01-10,8.199999809265137,8.960000038146973,8.1899995803833,8.760000228881836,8.760000228881836,4268200
2020-01-13,8.710000038146973,8.770000457763672,8.170000076293945,8.34000015258789,8.34000015258789,3528300
2020-01-14,8.260000228881836,8.4399995803833,8.180000305175781,8.369999885559082,8.369999885559082,1449300
2020-01-15,8.5,8.8100004196167,8.329999923706055,8.789999961853027,8.789999961853027,2228200
2020-01-16,8.739999771118164,8.920000076293945,8.670000076293945,8.880000114440918,8.880000114440918,1799900
2020-01-17,8.979999542236328,8.979999542236328,8.649999618530273,8.739999771118164,8.739999771118164,1747100
2020-01-21,8.680000305175781,8.899999618530273,8.649999618530273,8.859999656677246,8.859999656677246,1814500
2020-01-22,8.720000267028809,8.880000114440918,8.720000267028809,8.859999656677246,8.859999656677246,2036000
2020-01-23,8.699999809265137,9.479999542236328,8.699999809265137,9.229999542236328,9.229999542236328,3424200
2020-01-24,9.210000038146973,9.300000190734863,9.100000381469727,9.239999771118164,9.239999771118164,2745100
2020-01-27,9.430000305175781,9.460000038146973,8.899999618530273,9.0600004196167,9.0600004196167,2589600
2020-01-28,9.010000228881836,9.0600004196167,8.770000457763672,8.90999984741211,8.90999984741211,1985600
2020-01-29,8.949999809265137,9.210000038146973,8.890000343322754,9.1899995803833,9.1899995803833,1884900
2020-01-30,9.220000267028809,9.270000457763672,9.050000190734863,9.130000114440918,9.130000114440918,415700
2020-01-31,9.199999809265137,9.220000267028809,9.039999961853027,9.119999885559082,9.119999885559082,2010300
2020-02-03,9.069999694824219,9.130000114440918,8.930000305175781,9.100000381469727,9.100000381469727,1474100
2020-02-04,8.819999694824219,9.119999885559082,8.770000457763672,9.100000381469727,9.100000381469727,2127200
2020-02-05,9.069999694824219,9.079999923706055,8.8100004196167,8.850000381469727,8.850000381469727,2958100
2020-02-06,8.829999923706055,9.15999984741211,8.800000190734863,9.0600004196167,9.0600004196167,2559100
2020-02-07,9.109999656677246,9.199999809265137,8.720000267028809,8.75,8.75,1860800
2020-02-10,8.829999923706055,9.069999694824219,8.680000305175781,9.010000228881836,9.010000228881836,1198700
2020-02-11,8.970000267028809,9.130000114440918,8.859999656677246,8.949999809265137,8.949999809265137,4386000
2020-02-12,8.859999656677246,9.010000228881836,8.699999809265137,8.859999656677246,8.859999656677246,1704400
2020-02-13,8.970000267028809,9.229999542236328,8.880000114440918,9.149999618530273,9.149999618530273,1902200
2020-02-14,9.1899995803833,9.270000457763672,8.979999542236328,9.020000457763672,9.020000457763672,1383300
2020-02-18,9.100000381469727,9.430000305175781,9.069999694824219,9.390000343322754,9.390000343322754,2142900
2020-02-19,9.5,9.510000228881836,9.199999809265137,9.479999542236328,9.479999542236328,1744100
2020-02-20,9.399999618530273,9.609999656677246,9.140000343322754,9.289999961853027,9.289999961853027,2293900
2020-02-21,9.569999694824219,9.619999885559082,9.40999984741211,9.40999984741211,9.40999984741211,1985700
2020-02-24,9.800000190734863,9.800000190734863,9.399999618530273,9.510000228881836,9.510000228881836,3349600
2020-02-25,9.390000343322754,9.649999618530273,9.149999618530273,9.15999984741211,9.15999984741211,2745300
2020-02-26,9.069999694824219,9.399999618530273,9.010000228881836,9.34000015258789,9.34000015258789,2106700
2020-02-27,9.420000076293945,9.420000076293945,8.680000305175781,8.699999809265137,8.699999809265137,3256400
2020-02-28,8.010000228881836,8.390000343322754,7.599999904632568,7.980000019073486,7.980000019073486,5116800
2020-03-02,8.220000267028809,8.649999618530273,8.100000381469727,8.59000015258789,8.59000015258789,2419900
2020-03-03,8.699999809265137,9.270000457763672,8.369999885559082,8.609999656677246,8.609999656677246,5643400
2020-03-04,8.84000015258789,8.84000015258789,8.359999656677246,8.630000114440918,8.630000114440918,2443100
2020-03-05,8.8100004196167,8.9399995803833,8.579999923706055,8.829999923706055,8.829999923706055,2055300
2020-03-06,8.779999732971191,9.050000190734863,8.1899995803833,8.680000305175781,8.680000305175781,3076200
2020-03-09,8.260000228881836,8.5,7.909999847412109,8.050000190734863,8.050000190734863,2678300
2020-03-10,8.1899995803833,8.34000015258789,7.590000152587891,8.270000457763672,8.270000457763672,3731600
2020-03-11,7.940000057220459,8.170000076293945,7.300000190734863,7.519999980926514,7.519999980926514,3361200
2020-03-12,6.320000171661377,7.630000114440918,6.090000152587891,6.639999866485596,6.639999866485596,4013500
2020-03-13,7.0,7.0,5.789999961853027,5.869999885559082,5.869999885559082,5294500
2020-03-16,4.949999809265137,7.059999942779541,4.650000095367432,6.860000133514404,6.860000133514404,6549900
2020-03-17,6.650000095367432,8.779999732971191,6.639999866485596,8.760000228881836,8.760000228881836,8116700
2020-03-18,8.210000038146973,8.760000228881836,7.420000076293945,7.940000057220459,7.940000057220459,4520900
2020-03-19,7.710000038146973,8.350000381469727,6.78000020980835,7.489999771118164,7.489999771118164,4172300
2020-03-20,7.889999866485596,7.889999866485596,6.630000114440918,6.739999771118164,6.739999771118164,6387000
2020-03-23,7.099999904632568,7.519999980926514,6.349999904632568,7.190000057220459,7.190000057220459,3907600
2020-03-24,8.149999618530273,8.25,7.710000038146973,8.130000114440918,8.130000114440918,4273300
2020-03-25,8.020000457763672,8.729999542236328,7.940000057220459,8.279999732971191,8.279999732971191,4048300
2020-03-26,8.329999923706055,9.079999923706055,8.130000114440918,8.539999961853027,8.539999961853027,2987300
2020-03-27,8.369999885559082,8.640000343322754,7.679999828338623,7.760000228881836,7.760000228881836,2655200
2020-03-30,7.769999980926514,8.300000190734863,7.380000114440918,7.699999809265137,7.699999809265137,2538700
2020-03-31,7.510000228881836,7.949999809265137,7.300000190734863,7.380000114440918,7.380000114440918,3220400
2020-04-01,7.449999809265137,7.869999885559082,7.269999980926514,7.679999828338623,7.679999828338623,3313800
2020-04-02,7.699999809265137,8.329999923706055,7.510000228881836,8.199999809265137,8.199999809265137,3327600
2020-04-03,8.199999809265137,8.949999809265137,8.0,8.649999618530273,8.649999618530273,3556800
2020-04-06,8.899999618530273,9.0,8.579999923706055,8.829999923706055,8.829999923706055,4078300
2020-04-07,8.800000190734863,9.100000381469727,8.6899995803833,8.90999984741211,8.90999984741211,3629000
2020-04-08,8.979999542236328,9.4399995803833,8.850000381469727,9.3100004196167,9.3100004196167,2694700
2020-04-09,9.5600004196167,10.239999771118164,9.520000457763672,9.989999771118164,9.989999771118164,4824700
2020-04-13,10.15999984741211,10.829999923706055,9.569999694824219,10.729999542236328,10.729999542236328,3767200
2020-04-14,10.869999885559082,11.899999618530273,10.789999961853027,11.579999923706055,11.579999923706055,7516800
2020-04-15,11.140000343322754,11.949999809265137,10.899999618530273,11.869999885559082,11.869999885559082,3797000
2020-04-16,11.899999618530273,12.520000457763672,11.520000457763672,11.880000114440918,11.880000114440918,4281100
2020-04-17,11.25,11.569999694824219,11.0600004196167,11.270000457763672,11.270000457763672,3638800
2020-04-20,11.199999809265137,11.859999656677246,11.149999618530273,11.539999961853027,11.539999961853027,2576000
2020-04-21,11.050000190734863,11.729999542236328,11.029999732971191,11.4399995803833,11.4399995803833,3086800
2020-04-22,11.850000381469727,12.350000381469727,11.800000190734863,12.140000343322754,12.140000343322754,3363500
2020-04-23,12.350000381469727,12.850000381469727,11.760000228881836,12.020000457763672,12.020000457763672,3886000
2020-04-24,12.239999771118164,12.329999923706055,11.569999694824219,12.079999923706055,12.079999923706055,2235700
2020-04-27,12.170000076293945,12.210000038146973,11.65999984741211,11.960000038146973,11.960000038146973,1780400
2020-04-28,11.9399995803833,12.0,11.619999885559082,11.8100004196167,11.8100004196167,2390300
2020-04-29,11.75,12.149999618530273,11.569999694824219,12.119999885559082,12.119999885559082,3236200
2020-04-30,12.109999656677246,12.109999656677246,11.1899995803833,11.1899995803833,11.1899995803833,3283100
2020-05-01,10.90999984741211,11.489999771118164,10.859999656677246,11.399999618530273,11.399999618530273,4044500
2020-05-04,11.710000038146973,11.890000343322754,11.390000343322754,11.510000228881836,11.510000228881836,2374000
2020-05-05,11.569999694824219,11.869999885559082,11.170000076293945,11.729999542236328,11.729999542236328,2676700
2020-05-06,11.600000381469727,11.600000381469727,11.180000305175781,11.1899995803833,11.1899995803833,2160400
2020-05-07,11.399999618530273,11.960000038146973,11.09000015258789,11.800000190734863,11.800000190734863,3014900
2020-05-08,11.800000190734863,12.0,11.270000457763672,11.470000267028809,11.470000267028809,2989400
2020-05-11,11.460000038146973,11.539999961853027,10.819999694824219,10.850000381469727,10.850000381469727,2882800
2020-05-12,10.850000381469727,11.270000457763672,10.789999961853027,10.850000381469727,10.850000381469727,3283400
2020-05-13,11.199999809265137,11.229999542236328,10.699999809265137,11.09000015258789,11.09000015258789,2383400
2020-05-14,11.010000228881836,11.630000114440918,10.920000076293945,11.449999809265137,11.449999809265137,2784400
2020-05-15,11.670000076293945,11.9399995803833,11.40999984741211,11.699999809265137,11.699999809265137,3189900
2020-05-18,11.800000190734863,11.869999885559082,11.15999984741211,11.399999618530273,11.399999618530273,2714000
2020-05-19,11.630000114440918,12.0600004196167,11.529999732971191,11.949999809265137,11.949999809265137,3547800
2020-05-20,12.0600004196167,12.149999618530273,11.539999961853027,11.649999618530273,11.649999618530273,3473400
2020-05-21,11.579999923706055,11.59000015258789,10.979999542236328,11.3100004196167,11.3100004196167,2765700
2020-05-22,11.529999732971191,11.829999923706055,11.390000343322754,11.569999694824219,11.569999694824219,2087700
2020-05-26,11.550000190734863,11.65999984741211,10.350000381469727,10.40999984741211,10.40999984741211,5506600
2020-05-27,10.100000381469727,10.649999618530273,9.670000076293945,10.649999618530273,10.649999618530273,4047300
2020-05-28,10.100000381469727,10.65999984741211,9.420000076293945,9.710000038146973,9.710000038146973,10613700
2020-05-29,9.899999618530273,10.069999694824219,9.34000015258789,9.5600004196167,9.5600004196167,5733800
2020-06-01,9.5600004196167,9.800000190734863,8.920000076293945,9.029999732971191,9.029999732971191,7544500
2020-06-02,9.0,9.010000228881836,8.649999618530273,8.8100004196167,8.8100004196167,5542200
2020-06-03,8.539999961853027,8.819999694824219,8.359999656677246,8.649999618530273,8.649999618530273,4125200
2020-06-04,8.649999618530273,9.289999961853027,8.649999618530273,9.229999542236328,9.229999542236328,5916800
2020-06-05,8.720000267028809,9.079999923706055,8.5,9.050000190734863,9.050000190734863,3670700
2020-06-08,9.180000305175781,9.220000267028809,7.889999866485596,8.0600004196167,8.0600004196167,7125400
2020-06-09,8.329999923706055,8.59000015258789,8.0,8.430000305175781,8.430000305175781,3340600
2020-06-10,8.640000343322754,9.119999885559082,8.319999694824219,9.069999694824219,9.069999694824219,5010800
2020-06-11,9.069999694824219,9.220000267028809,8.149999618530273,8.270000457763672,8.270000457763672,4451300
2020-06-12,8.550000190734863,8.75,8.170000076293945,8.430000305175781,8.430000305175781,2587200
2020-06-15,8.199999809265137,8.539999961853027,7.929999828338623,8.529999732971191,8.529999732971191,2728700
2020-06-16,8.539999961853027,8.550000190734863,7.929999828338623,8.010000228881836,8.010000228881836,3266100
2020-06-17,8.09000015258789,8.170000076293945,7.929999828338623,8.149999618530273,8.149999618530273,1808900
2020-06-18,8.039999961853027,8.34000015258789,7.949999809265137,7.989999771118164,7.989999771118164,2019700
2020-06-19,8.0,8.59000015258789,8.0,8.369999885559082,8.369999885559082,5461100
2020-06-22,8.649999618530273,8.989999771118164,8.600000381469727,8.770000457763672,8.770000457763672,2892300
2020-06-23,8.979999542236328,8.989999771118164,8.699999809265137,8.770000457763672,8.770000457763672,2214200
2020-06-24,8.720000267028809,9.029999732971191,8.5,8.710000038146973,8.710000038146973,4106200
2020-06-25,8.390000343322754,8.59000015258789,8.1899995803833,8.59000015258789,8.59000015258789,2019800
2020-06-26,8.59000015258789,8.739999771118164,8.239999771118164,8.609999656677246,8.609999656677246,5016100
2020-06-29,8.710000038146973,8.819999694824219,8.550000190734863,8.8100004196167,8.8100004196167,1703000
2020-06-30,8.75,9.220000267028809,8.609999656677246,9.180000305175781,9.180000305175781,2558200
2020-07-01,9.3100004196167,9.350000381469727,8.890000343322754,9.3100004196167,9.3100004196167,2099900
2020-07-02,9.229999542236328,9.550000190734863,9.149999618530273,9.229999542236328,9.229999542236328,1890600
2020-07-06,9.319999694824219,9.489999771118164,9.100000381469727,9.180000305175781,9.180000305175781,2854400
2020-07-07,9.079999923706055,9.770000457763672,9.079999923706055,9.710000038146973,9.710000038146973,2210900
2020-07-08,9.819999694824219,10.010000228881836,9.050000190734863,9.15999984741211,9.15999984741211,4887400
2020-07-09,9.0,9.100000381469727,8.350000381469727,8.649999618530273,8.649999618530273,5588400
2020-07-10,8.720000267028809,8.880000114440918,8.520000457763672,8.819999694824219,8.819999694824219,1997000
2020-07-13,8.75,8.949999809265137,8.140000343322754,8.15999984741211,8.15999984741211,3123800
2020-07-14,8.15999984741211,8.449999809265137,7.960000038146973,8.420000076293945,8.420000076293945,1673600
2020-07-15,8.359999656677246,8.470000267028809,8.130000114440918,8.380000114440918,8.380000114440918,2293300
2020-07-16,8.350000381469727,8.470000267028809,8.050000190734863,8.220000267028809,8.220000267028809,1378000
2020-07-17,8.239999771118164,8.489999771118164,8.180000305175781,8.420000076293945,8.420000076293945,1406200
2020-07-20,8.420000076293945,8.680000305175781,8.420000076293945,8.479999542236328,8.479999542236328,1966000
2020-07-21,8.6899995803833,8.960000038146973,8.649999618530273,8.8100004196167,8.8100004196167,2406300
2020-07-22,8.880000114440918,8.9399995803833,8.65999984741211,8.739999771118164,8.739999771118164,2368300
2020-07-23,8.619999885559082,8.970000267028809,8.4399995803833,8.569999694824219,8.569999694824219,2076900
2020-07-24,8.619999885559082,8.920000076293945,8.600000381469727,8.789999961853027,8.789999961853027,1630800
2020-07-27,9.100000381469727,9.489999771118164,9.0600004196167,9.289999961853027,9.289999961853027,2132000
2020-07-28,9.270000457763672,9.369999885559082,9.100000381469727,9.170000076293945,9.170000076293945,1306600
2020-07-29,9.1899995803833,9.34000015258789,8.880000114440918,9.210000038146973,9.210000038146973,2013200
2020-07-30,9.010000228881836,9.170000076293945,8.710000038146973,8.800000190734863,8.800000190734863,1771400
2020-07-31,8.90999984741211,9.140000343322754,8.829999923706055,9.119999885559082,9.119999885559082,1817400
2020-08-03,9.140000343322754,9.180000305175781,8.800000190734863,8.979999542236328,8.979999542236328,1342100
2020-08-04,8.9399995803833,9.579999923706055,8.899999618530273,9.5600004196167,9.5600004196167,2186800
2020-08-05,9.75,9.859999656677246,9.369999885559082,9.5600004196167,9.5600004196167,2601500
2020-08-06,9.65999984741211,9.65999984741211,9.149999618530273,9.279999732971191,9.279999732971191,1497500
2020-08-07,9.170000076293945,9.260000228881836,8.949999809265137,9.09000015258789,9.09000015258789,1903600
2020-08-10,9.100000381469727,9.369999885559082,8.989999771118164,9.020000457763672,9.020000457763672,1410200
2020-08-11,8.699999809265137,8.699999809265137,8.149999618530273,8.180000305175781,8.180000305175781,2995900
2020-08-12,8.300000190734863,8.489999771118164,8.199999809265137,8.460000038146973,8.460000038146973,2746800
2020-08-13,8.640000343322754,8.84000015258789,8.460000038146973,8.729999542236328,8.729999542236328,1216300
2020-08-14,8.729999542236328,8.729999542236328,8.449999809265137,8.59000015258789,8.59000015258789,932200
2020-08-17,8.84000015258789,9.390000343322754,8.819999694824219,9.369999885559082,9.369999885559082,2036800
2020-08-18,9.5,9.640000343322754,9.210000038146973,9.4399995803833,9.4399995803833,2184500
2020-08-19,9.350000381469727,9.539999961853027,9.119999885559082,9.220000267028809,9.220000267028809,1568000
2020-08-20,9.15999984741211,9.520000457763672,9.119999885559082,9.399999618530273,9.399999618530273,956600
2020-08-21,9.1899995803833,9.329999923706055,9.039999961853027,9.170000076293945,9.170000076293945,1281100
2020-08-24,9.289999961853027,9.399999618530273,9.069999694824219,9.199999809265137,9.199999809265137,1557500
2020-08-25,9.239999771118164,9.300000190734863,9.029999732971191,9.289999961853027,9.289999961853027,1329200
2020-08-26,9.199999809265137,9.75,9.170000076293945,9.729999542236328,9.729999542236328,1146700
2020-08-27,9.800000190734863,9.890000343322754,9.239999771118164,9.520000457763672,9.520000457763672,1344100
2020-08-28,9.729999542236328,9.850000381469727,9.59000015258789,9.779999732971191,9.779999732971191,1358800
2020-08-31,9.899999618530273,10.75,9.859999656677246,10.59000015258789,10.59000015258789,3976200
2020-09-01,10.770000457763672,10.800000190734863,10.140000343322754,10.579999923706055,10.579999923706055,2907700
2020-09-02,10.5,10.579999923706055,10.119999885559082,10.579999923706055,10.579999923706055,1997300
2020-09-03,10.449999809265137,10.5600004196167,10.109999656677246,10.479999542236328,10.479999542236328,2162400
2020-09-04,10.5,10.739999771118164,9.949999809265137,10.680000305175781,10.680000305175781,1919200
2020-09-08,10.25,10.930000305175781,10.180000305175781,10.649999618530273,10.649999618530273,1993800
2020-09-09,10.829999923706055,11.25,10.760000228881836,11.199999809265137,11.199999809265137,1856900
2020-09-10,11.380000114440918,11.449999809265137,11.140000343322754,11.40999984741211,11.40999984741211,2247500
2020-09-11,11.380000114440918,11.5,10.539999961853027,10.550000190734863,10.550000190734863,2665600
2020-09-14,10.619999885559082,11.40999984741211,10.619999885559082,11.399999618530273,11.399999618530273,2140300
2020-09-15,11.489999771118164,11.699999809265137,11.359999656677246,11.569999694824219,11.569999694824219,1616800
2020-09-16,11.729999542236328,11.880000114440918,11.529999732971191,11.779999732971191,11.779999732971191,1766100
2020-09-17,11.460000038146973,11.800000190734863,11.460000038146973,11.75,11.75,1668900
2020-09-18,11.949999809265137,12.069999694824219,11.619999885559082,11.619999885559082,11.619999885559082,3691700
2020-09-21,11.350000381469727,11.65999984741211,10.920000076293945,11.25,11.25,4072100
2020-09-22,11.069999694824219,11.399999618530273,10.970000267028809,11.34000015258789,11.34000015258789,1775800
2020-09-23,11.109999656677246,11.170000076293945,10.550000190734863,10.600000381469727,10.600000381469727,3860500
2020-09-24,10.539999961853027,11.279999732971191,10.430000305175781,11.220000267028809,11.220000267028809,2304600
2020-09-25,11.100000381469727,11.4399995803833,10.989999771118164,11.34000015258789,11.34000015258789,1379300
2020-09-28,11.449999809265137,11.739999771118164,11.359999656677246,11.649999618530273,11.649999618530273,2128600
2020-09-29,11.789999961853027,12.100000381469727,11.670000076293945,11.8100004196167,11.8100004196167,3027200
2020-09-30,11.770000457763672,12.050000190734863,11.699999809265137,11.890000343322754,11.890000343322754,2426600
2020-10-01,11.699999809265137,11.920000076293945,11.25,11.5,11.5,3216400
2020-10-02,11.319999694824219,11.59000015258789,11.050000190734863,11.100000381469727,11.100000381469727,2503200
2020-10-05,11.100000381469727,11.369999885559082,11.039999961853027,11.140000343322754,11.140000343322754,1416600
2020-10-06,11.180000305175781,11.380000114440918,10.920000076293945,10.970000267028809,10.970000267028809,1996500
2020-10-07,11.199999809265137,11.199999809265137,10.930000305175781,10.960000038146973,10.960000038146973,1852000
2020-10-08,11.149999618530273,11.420000076293945,10.930000305175781,11.020000457763672,11.020000457763672,2427200
2020-10-09,11.300000190734863,11.460000038146973,11.119999885559082,11.399999618530273,11.399999618530273,1753900
2020-10-12,11.34000015258789,11.430000305175781,11.210000038146973,11.40999984741211,11.40999984741211,1012800
2020-10-13,11.260000228881836,11.260000228881836,10.970000267028809,11.020000457763672,11.020000457763672,1143600
2020-10-14,11.119999885559082,11.329999923706055,11.069999694824219,11.069999694824219,11.069999694824219,907800
2020-10-15,11.020000457763672,11.149999618530273,10.890000343322754,11.020000457763672,11.020000457763672,844900
2020-10-16,10.920000076293945,11.130000114440918,10.920000076293945,11.0,11.0,845200
2020-10-19,11.180000305175781,11.239999771118164,10.899999618530273,10.979999542236328,10.979999542236328,1172500
2020-10-20,11.010000228881836,11.140000343322754,10.8100004196167,10.880000114440918,10.880000114440918,1108600
2020-10-21,10.9399995803833,11.119999885559082,10.869999885559082,10.890000343322754,10.890000343322754,627000
2020-10-22,10.84000015258789,10.949999809265137,10.619999885559082,10.619999885559082,10.619999885559082,949300
2020-10-23,10.630000114440918,10.829999923706055,10.520000457763672,10.760000228881836,10.760000228881836,847500
2020-10-26,10.75,10.960000038146973,10.649999618530273,10.670000076293945,10.670000076293945,695100
2020-10-27,10.760000228881836,11.100000381469727,10.680000305175781,11.100000381469727,11.100000381469727,1019700
2020-10-28,10.859999656677246,10.869999885559082,10.170000076293945,10.220000267028809,10.220000267028809,1982600
2020-10-29,10.039999961853027,10.350000381469727,10.020000457763672,10.15999984741211,10.15999984741211,1063700
2020-10-30,10.239999771118164,10.420000076293945,10.050000190734863,10.359999656677246,10.359999656677246,1282900
2020-11-02,10.489999771118164,10.670000076293945,10.170000076293945,10.65999984741211,10.65999984741211,1157500
2020-11-03,10.84000015258789,11.109999656677246,10.720000267028809,10.949999809265137,10.949999809265137,1431400
2020-11-04,10.949999809265137,10.979999542236328,10.539999961853027,10.619999885559082,10.619999885559082,793500
2020-11-05,10.899999618530273,11.420000076293945,10.899999618530273,11.399999618530273,11.399999618530273,2094600
2020-11-06,11.470000267028809,11.5,11.130000114440918,11.449999809265137,11.449999809265137,1140900
2020-11-09,10.829999923706055,11.260000228881836,10.819999694824219,11.119999885559082,11.119999885559082,2040800
2020-11-10,11.199999809265137,11.289999961853027,10.609999656677246,10.619999885559082,10.619999885559082,1200700
2020-11-11,10.4399995803833,10.649999618530273,10.319999694824219,10.649999618530273,10.649999618530273,1219700
2020-11-12,10.75,11.130000114440918,10.720000267028809,10.829999923706055,10.829999923706055,859700
2020-11-13,11.039999961853027,11.069999694824219,10.800000190734863,10.84000015258789,10.84000015258789,830600
2020-11-16,10.829999923706055,11.020000457763672,10.680000305175781,11.010000228881836,11.010000228881836,1161700
2020-11-17,11.010000228881836,11.109999656677246,10.829999923706055,10.9399995803833,10.9399995803833,1799400
2020-11-18,10.890000343322754,10.920000076293945,10.4399995803833,10.4399995803833,10.4399995803833,1460900
2020-11-19,10.350000381469727,10.609999656677246,10.350000381469727,10.479999542236328,10.479999542236328,1324900
2020-11-20,10.449999809265137,10.729999542236328,10.40999984741211,10.550000190734863,10.550000190734863,1687100
2020-11-23,10.449999809265137,10.479999542236328,10.050000190734863,10.050000190734863,10.050000190734863,1427100
2020-11-24,10.0,10.079999923706055,9.75,9.880000114440918,9.880000114440918,2061500
2020-11-25,10.09000015258789,10.119999885559082,9.8100004196167,9.9399995803833,9.9399995803833,1479400
2020-11-27,9.850000381469727,10.069999694824219,9.720000267028809,10.050000190734863,10.050000190734863,919000
2020-11-30,9.8100004196167,10.039999961853027,9.800000190734863,9.960000038146973,9.960000038146973,1695300
2020-12-01,10.229999542236328,10.380000114440918,9.960000038146973,10.170000076293945,10.170000076293945,1892900
2020-12-02,10.210000038146973,10.359999656677246,10.0600004196167,10.3100004196167,10.3100004196167,1029500
2020-12-03,10.350000381469727,10.430000305175781,10.069999694824219,10.130000114440918,10.130000114440918,934500
2020-12-04,10.09000015258789,10.199999809265137,9.989999771118164,10.140000343322754,10.140000343322754,1039700
2020-12-07,10.050000190734863,10.640000343322754,10.050000190734863,10.470000267028809,10.470000267028809,1263900
2020-12-08,10.520000457763672,10.59000015258789,10.3100004196167,10.5,10.5,1054200
2020-12-09,10.359999656677246,10.449999809265137,9.930000305175781,9.949999809265137,9.949999809265137,1355300
2020-12-10,10.0,10.239999771118164,9.920000076293945,10.0,10.0,926100
2020-12-11,9.979999542236328,10.069999694824219,9.850000381469727,9.949999809265137,9.949999809265137,952600
2020-12-14,9.989999771118164,10.199999809265137,9.819999694824219,9.819999694824219,9.819999694824219,1400000
2020-12-15,9.9399995803833,10.270000457763672,9.9399995803833,10.220000267028809,10.220000267028809,1259400
2020-12-16,10.239999771118164,10.510000228881836,10.15999984741211,10.479999542236328,10.479999542236328,1142800
2020-12-17,10.699999809265137,11.029999732971191,10.680000305175781,10.9399995803833,10.9399995803833,1769500
2020-12-18,10.899999618530273,10.920000076293945,10.420000076293945,10.420000076293945,10.420000076293945,2952300
2020-12-21,10.510000228881836,10.680000305175781,10.399999618530273,10.460000038146973,10.460000038146973,1339900
2020-12-22,10.460000038146973,10.479999542236328,9.979999542236328,10.010000228881836,10.010000228881836,1011500
2020-12-23,10.100000381469727,10.220000267028809,9.960000038146973,9.989999771118164,9.989999771118164,1217500
2020-12-24,10.0,10.119999885559082,9.880000114440918,10.0,10.0,671400
2020-12-28,10.180000305175781,10.270000457763672,9.789999961853027,9.789999961853027,9.789999961853027,1067000
2020-12-29,9.850000381469727,9.949999809265137,9.680000305175781,9.699999809265137,9.699999809265137,1181200
2020-12-30,9.6899995803833,10.020000457763672,9.6899995803833,9.970000267028809,9.970000267028809,737100
2020-12-31,9.960000038146973,10.020000457763672,9.65999984741211,9.670000076293945,9.670000076293945,908300
2021-01-04,9.989999771118164,10.399999618530273,9.90999984741211,10.350000381469727,10.350000381469727,1656300
2021-01-05,10.4399995803833,10.4399995803833,10.069999694824219,10.170000076293945,10.170000076293945,1087200
2021-01-06,10.170000076293945,10.369999885559082,9.949999809265137,10.350000381469727,10.350000381469727,1351800
2021-01-07,10.300000190734863,10.300000190734863,10.100000381469727,10.239999771118164,10.239999771118164,876100
2021-01-08,10.029999732971191,10.100000381469727,9.569999694824219,9.760000228881836,9.760000228881836,2047800
2021-01-11,9.65999984741211,9.8100004196167,9.510000228881836,9.670000076293945,9.670000076293945,879500
2021-01-12,9.729999542236328,9.770000457763672,9.520000457763672,9.760000228881836,9.760000228881836,941200
2021-01-13,9.75,9.8100004196167,9.539999961853027,9.600000381469727,9.600000381469727,863400
2021-01-14,9.600000381469727,9.8100004196167,9.569999694824219,9.600000381469727,9.600000381469727,872100
2021-01-15,9.510000228881836,9.520000457763672,8.899999618530273,8.899999618530273,8.899999618530273,2230500
2021-01-19,9.069999694824219,9.069999694824219,8.779999732971191,8.859999656677246,8.859999656677246,1281800
2021-01-20,8.899999618530273,9.319999694824219,8.899999618530273,9.220000267028809,9.220000267028809,1220700
2021-01-21,9.229999542236328,9.239999771118164,8.930000305175781,9.0,9.0,808900
2021-01-22,8.8100004196167,9.140000343322754,8.680000305175781,9.100000381469727,9.100000381469727,1162400
2021-01-25,9.100000381469727,9.149999618530273,8.869999885559082,8.970000267028809,8.970000267028809,852400
2021-01-26,8.989999771118164,9.140000343322754,8.9399995803833,8.970000267028809,8.970000267028809,713100
2021-01-27,8.90999984741211,8.920000076293945,8.520000457763672,8.630000114440918,8.630000114440918,1768900
2021-01-28,8.930000305175781,9.479999542236328,8.630000114440918,9.470000267028809,9.470000267028809,3245200
2021-01-29,9.550000190734863,9.819999694824219,9.09000015258789,9.119999885559082,9.119999885559082,2169400
2021-02-01,9.479999542236328,9.619999885559082,9.130000114440918,9.579999923706055,9.579999923706055,2159900
2021-02-02,9.319999694824219,9.630000114440918,9.09000015258789,9.430000305175781,9.430000305175781,1184500
2021-02-03,9.34000015258789,9.470000267028809,9.130000114440918,9.199999809265137,9.199999809265137,812200
2021-02-04,9.0,9.180000305175781,8.819999694824219,9.170000076293945,9.170000076293945,812900
2021-02-05,9.220000267028809,9.239999771118164,9.010000228881836,9.170000076293945,9.170000076293945,794100
2021-02-08,9.399999618530273,9.720000267028809,9.3100004196167,9.6899995803833,9.6899995803833,1200200
2021-02-09,9.779999732971191,9.850000381469727,9.5,9.619999885559082,9.619999885559082,779000
2021-02-10,9.710000038146973,9.720000267028809,9.420000076293945,9.479999542236328,9.479999542236328,879200
2021-02-11,9.5,9.600000381469727,9.09000015258789,9.170000076293945,9.170000076293945,768300
2021-02-12,9.109999656677246,9.489999771118164,8.9399995803833,9.369999885559082,9.369999885559082,1052300
2021-02-16,9.289999961853027,9.319999694824219,9.020000457763672,9.020000457763672,9.020000457763672,838600
2021-02-17,8.829999923706055,9.109999656677246,8.710000038146973,9.100000381469727,9.100000381469727,1407600
2021-02-18,9.100000381469727,9.1899995803833,8.949999809265137,9.0,9.0,1260700
2021-02-19,8.960000038146973,9.220000267028809,8.890000343322754,9.010000228881836,9.010000228881836,1372100
2021-02-22,9.09000015258789,9.40999984741211,9.029999732971191,9.319999694824219,9.319999694824219,1442400
2021-02-23,9.239999771118164,9.239999771118164,8.949999809265137,9.020000457763672,9.020000457763672,1533500
2021-02-24,9.0,9.199999809265137,8.880000114440918,9.15999984741211,9.15999984741211,942600
2021-02-25,9.020000457763672,9.119999885559082,8.880000114440918,8.960000038146973,8.960000038146973,1822600
2021-02-26,8.920000076293945,8.960000038146973,8.3100004196167,8.350000381469727,8.350000381469727,2801800
2021-03-01,8.359999656677246,8.510000228881836,8.1899995803833,8.34000015258789,8.34000015258789,2366800
2021-03-02,8.390000343322754,8.720000267028809,8.210000038146973,8.649999618530273,8.649999618530273,2021200
2021-03-03,8.520000457763672,8.579999923706055,8.260000228881836,8.399999618530273,8.399999618530273,1346300
2021-03-04,8.420000076293945,8.609999656677246,8.09000015258789,8.180000305175781,8.180000305175781,1725800
2021-03-05,8.130000114440918,8.300000190734863,8.010000228881836,8.270000457763672,8.270000457763672,2021800
2021-03-08,8.380000114440918,8.380000114440918,8.149999618530273,8.149999618530273,8.149999618530273,1359500
2021-03-09,8.380000114440918,8.5600004196167,8.210000038146973,8.34000015258789,8.34000015258789,1201300
2021-03-10,8.430000305175781,8.430000305175781,8.220000267028809,8.350000381469727,8.350000381469727,848400
2021-03-11,8.449999809265137,8.489999771118164,8.25,8.460000038146973,8.460000038146973,1362000
2021-03-12,8.279999732971191,8.720000267028809,8.270000457763672,8.609999656677246,8.609999656677246,1032500
2021-03-15,8.65999984741211,8.989999771118164,8.65999984741211,8.989999771118164,8.989999771118164,1358200
2021-03-16,9.0,9.09000015258789,8.850000381469727,9.020000457763672,9.020000457763672,927300
2021-03-17,9.029999732971191,9.380000114440918,8.899999618530273,9.369999885559082,9.369999885559082,1274700
2021-03-18,9.210000038146973,9.399999618530273,9.130000114440918,9.199999809265137,9.199999809265137,943200
2021-03-19,9.380000114440918,9.670000076293945,9.210000038146973,9.670000076293945,9.670000076293945,3794700
2021-03-22,9.569999694824219,9.619999885559082,9.220000267028809,9.220000267028809,9.220000267028809,1093900
2021-03-23,9.109999656677246,9.229999542236328,8.989999771118164,9.039999961853027,9.039999961853027,924700
2021-03-24,9.010000228881836,9.199999809265137,8.9399995803833,8.970000267028809,8.970000267028809,927800
2021-03-25,8.930000305175781,9.039999961853027,8.6899995803833,8.819999694824219,8.819999694824219,804200
2021-03-26,8.899999618530273,9.0600004196167,8.760000228881836,9.050000190734863,9.050000190734863,683300
2021-03-29,8.960000038146973,9.180000305175781,8.890000343322754,9.130000114440918,9.130000114440918,907100
2021-03-30,8.899999618530273,8.960000038146973,8.539999961853027,8.550000190734863,8.550000190734863,1090700
2021-03-31,8.550000190734863,8.779999732971191,8.5,8.760000228881836,8.760000228881836,1673300
2021-04-01,8.859999656677246,9.3100004196167,8.8100004196167,9.3100004196167,9.3100004196167,1219700
2021-04-05,9.359999656677246,9.390000343322754,9.149999618530273,9.199999809265137,9.199999809265137,694100
2021-04-06,9.34000015258789,9.430000305175781,9.199999809265137,9.270000457763672,9.270000457763672,819600
2021-04-07,9.220000267028809,9.239999771118164,8.989999771118164,9.0,9.0,714800
2021-04-08,9.199999809265137,9.600000381469727,9.180000305175781,9.600000381469727,9.600000381469727,1153100
2021-04-09,9.479999542236328,9.640000343322754,9.319999694824219,9.40999984741211,9.40999984741211,1054800
2021-04-12,9.350000381469727,9.350000381469727,9.09000015258789,9.100000381469727,9.100000381469727,444700
2021-04-13,9.199999809265137,9.470000267028809,9.149999618530273,9.4399995803833,9.4399995803833,725000
2021-04-14,9.390000343322754,9.489999771118164,9.3100004196167,9.380000114440918,9.380000114440918,723600
2021-04-15,9.5,9.779999732971191,9.5,9.729999542236328,9.729999542236328,1144600
2021-04-16,9.899999618530273,9.90999984741211,9.569999694824219,9.630000114440918,9.630000114440918,686700
2021-04-19,9.529999732971191,9.5600004196167,9.350000381469727,9.460000038146973,9.460000038146973,635600
2021-04-20,9.380000114440918,9.640000343322754,9.319999694824219,9.630000114440918,9.630000114440918,709100
2021-04-21,9.670000076293945,9.859999656677246,9.569999694824219,9.850000381469727,9.850000381469727,803300
2021-04-22,9.84000015258789,9.9399995803833,9.65999984741211,9.789999961853027,9.789999961853027,941900
2021-04-23,9.800000190734863,9.850000381469727,9.520000457763672,9.619999885559082,9.619999885559082,659000
2021-04-26,9.609999656677246,9.609999656677246,9.369999885559082,9.399999618530273,9.399999618530273,505300
2021-04-27,9.390000343322754,9.449999809265137,9.210000038146973,9.220000267028809,9.220000267028809,633900
2021-04-28,9.149999618530273,9.489999771118164,9.0600004196167,9.4399995803833,9.4399995803833,746600
2021-04-29,9.369999885559082,9.390000343322754,9.0600004196167,9.170000076293945,9.170000076293945,653900
2021-04-30,9.260000228881836,9.260000228881836,8.930000305175781,8.989999771118164,8.989999771118164,1118300
2021-05-03,9.079999923706055,9.4399995803833,9.0600004196167,9.420000076293945,9.420000076293945,920600
2021-05-04,9.369999885559082,9.579999923706055,9.119999885559082,9.130000114440918,9.130000114440918,621200
2021-05-05,9.140000343322754,9.239999771118164,9.079999923706055,9.210000038146973,9.210000038146973,308200
2021-05-06,9.289999961853027,9.630000114440918,9.289999961853027,9.510000228881836,9.510000228881836,1056600
2021-05-07,9.649999618530273,9.699999809265137,9.479999542236328,9.619999885559082,9.619999885559082,798700
2021-05-10,9.720000267028809,9.869999885559082,9.319999694824219,9.319999694824219,9.319999694824219,884100
2021-05-11,9.1899995803833,9.739999771118164,9.149999618530273,9.729999542236328,9.729999542236328,839300
2021-05-12,9.6899995803833,9.8100004196167,9.34000015258789,9.34000015258789,9.34000015258789,760800
2021-05-13,9.399999618530273,9.430000305175781,9.180000305175781,9.420000076293945,9.420000076293945,423200
2021-05-14,9.600000381469727,9.880000114440918,9.510000228881836,9.819999694824219,9.819999694824219,889700
2021-05-17,9.819999694824219,10.289999961853027,9.800000190734863,10.279999732971191,10.279999732971191,1242900
2021-05-18,10.369999885559082,10.390000343322754,10.069999694824219,10.149999618530273,10.149999618530273,1325600
2021-05-19,10.029999732971191,10.270000457763672,9.729999542236328,9.829999923706055,9.829999923706055,1062800
2021-05-20,9.800000190734863,10.1899995803833,9.779999732971191,10.069999694824219,10.069999694824219,629200
2021-05-21,10.229999542236328,10.289999961853027,10.039999961853027,10.229999542236328,10.229999542236328,809800
2021-05-24,10.319999694824219,10.319999694824219,10.15999984741211,10.229999542236328,10.229999542236328,437300
2021-05-25,10.229999542236328,10.239999771118164,10.050000190734863,10.170000076293945,10.170000076293945,596600
2021-05-26,10.25,10.34000015258789,10.15999984741211,10.260000228881836,10.260000228881836,448100
2021-05-27,10.220000267028809,10.3100004196167,10.109999656677246,10.199999809265137,10.199999809265137,696900
2021-05-28,10.170000076293945,10.279999732971191,10.15999984741211,10.260000228881836,10.260000228881836,667700
2021-06-01,10.390000343322754,10.449999809265137,10.199999809265137,10.34000015258789,10.34000015258789,741200
2021-06-02,10.229999542236328,10.4399995803833,10.229999542236328,10.300000190734863,10.300000190734863,642400
2021-06-03,10.039999961853027,10.220000267028809,9.890000343322754,10.15999984741211,10.15999984741211,1115200
2021-06-04,10.229999542236328,10.34000015258789,10.199999809265137,10.220000267028809,10.220000267028809,558700
2021-06-07,10.149999618530273,10.170000076293945,9.960000038146973,9.989999771118164,9.989999771118164,798000
2021-06-08,9.920000076293945,9.9399995803833,9.8100004196167,9.859999656677246,9.859999656677246,618400
2021-06-09,9.829999923706055,9.890000343322754,9.529999732971191,9.569999694824219,9.569999694824219,816200
2021-06-10,9.609999656677246,9.829999923706055,9.510000228881836,9.829999923706055,9.829999923706055,655500
2021-06-11,9.720000267028809,9.829999923706055,9.680000305175781,9.720000267028809,9.720000267028809,610200
2021-06-14,9.579999923706055,9.640000343322754,9.289999961853027,9.319999694824219,9.319999694824219,1167700
2021-06-15,9.300000190734863,9.319999694824219,9.119999885559082,9.270000457763672,9.270000457763672,882500
2021-06-16,9.229999542236328,9.350000381469727,9.020000457763672,9.050000190734863,9.050000190734863,1271200
2021-06-17,8.8100004196167,8.859999656677246,8.479999542236328,8.520000457763672,8.520000457763672,1729800
2021-06-18,8.449999809265137,8.550000190734863,8.149999618530273,8.15999984741211,8.15999984741211,3599400
2021-06-21,8.270000457763672,8.350000381469727,8.130000114440918,8.319999694824219,8.319999694824219,1012000
2021-06-22,8.279999732971191,8.359999656677246,8.210000038146973,8.350000381469727,8.350000381469727,1005500
2021-06-23,8.399999618530273,8.479999542236328,8.260000228881836,8.289999961853027,8.289999961853027,1070100
2021-06-24,8.3100004196167,8.369999885559082,8.1899995803833,8.25,8.25,701600
2021-06-25,8.300000190734863,8.319999694824219,8.010000228881836,8.010000228881836,8.010000228881836,3371800
2021-06-28,8.0600004196167,8.220000267028809,7.980000019073486,8.069999694824219,8.069999694824219,1303600
2021-06-29,8.010000228881836,8.100000381469727,7.920000076293945,7.989999771118164,7.989999771118164,1333700
2021-06-30,7.920000076293945,8.109999656677246,7.849999904632568,8.010000228881836,8.010000228881836,1257300
2021-07-01,8.15999984741211,8.220000267028809,8.010000228881836,8.020000457763672,8.020000457763672,1035900
2021-07-02,8.180000305175781,8.630000114440918,8.119999885559082,8.550000190734863,8.550000190734863,1677200
2021-07-06,8.760000228881836,8.84000015258789,8.279999732971191,8.40999984741211,8.40999984741211,784100
2021-07-07,8.430000305175781,8.5,8.319999694824219,8.470000267028809,8.470000267028809,789800
2021-07-08,8.380000114440918,8.430000305175781,8.09000015258789,8.130000114440918,8.130000114440918,833200
2021-07-09,8.210000038146973,8.449999809265137,8.1899995803833,8.369999885559082,8.369999885559082,538100
2021-07-12,8.329999923706055,8.40999984741211,8.1899995803833,8.210000038146973,8.210000038146973,613300
2021-07-13,8.170000076293945,8.420000076293945,8.170000076293945,8.220000267028809,8.220000267028809,918600
2021-07-14,8.40999984741211,8.489999771118164,8.1899995803833,8.199999809265137,8.199999809265137,832100
2021-07-15,8.199999809265137,8.289999961853027,8.100000381469727,8.210000038146973,8.210000038146973,798600
2021-07-16,8.210000038146973,8.25,7.949999809265137,7.960000038146973,7.960000038146973,819000
2021-07-19,7.75,7.880000114440918,7.53000020980835,7.639999866485596,7.639999866485596,1095500
2021-07-20,7.650000095367432,7.789999961853027,7.579999923706055,7.599999904632568,7.599999904632568,782000
2021-07-21,7.550000190734863,7.880000114440918,7.550000190734863,7.849999904632568,7.849999904632568,629600
2021-07-22,7.739999771118164,7.829999923706055,7.590000152587891,7.710000038146973,7.710000038146973,499300
2021-07-23,7.690000057220459,7.690000057220459,7.559999942779541,7.659999847412109,7.659999847412109,335500
2021-07-26,7.679999828338623,7.860000133514404,7.679999828338623,7.800000190734863,7.800000190734863,630400
2021-07-27,7.789999961853027,7.820000171661377,7.650000095367432,7.760000228881836,7.760000228881836,494000
2021-07-28,7.75,7.900000095367432,7.690000057220459,7.869999885559082,7.869999885559082,818800
2021-07-29,7.980000019073486,8.180000305175781,7.980000019073486,8.020000457763672,8.020000457763672,849000
2021-07-30,7.940000057220459,8.079999923706055,7.760000228881836,7.820000171661377,7.820000171661377,651600
2021-08-02,7.849999904632568,7.869999885559082,7.679999828338623,7.71999979019165,7.71999979019165,955300
2021-08-03,7.690000057220459,7.800000190734863,7.630000114440918,7.789999961853027,7.789999961853027,777300
2021-08-04,7.849999904632568,7.960000038146973,7.610000133514404,7.610000133514404,7.610000133514404,686800
2021-08-05,7.599999904632568,7.679999828338623,7.46999979019165,7.579999923706055,7.579999923706055,471400
2021-08-06,7.389999866485596,7.53000020980835,7.269999980926514,7.46999979019165,7.46999979019165,634900
2021-08-09,7.369999885559082,7.489999771118164,7.300000190734863,7.300000190734863,7.300000190734863,543100
2021-08-10,7.269999980926514,7.409999847412109,7.239999771118164,7.28000020980835,7.28000020980835,590300
2021-08-11,7.400000095367432,7.5,7.340000152587891,7.480000019073486,7.480000019073486,538100
2021-08-12,7.400000095367432,7.46999979019165,7.190000057220459,7.230000019073486,7.230000019073486,758000
2021-08-13,7.340000152587891,7.539999961853027,7.320000171661377,7.400000095367432,7.400000095367432,655800
2021-08-16,7.380000114440918,7.409999847412109,7.289999961853027,7.329999923706055,7.329999923706055,320900
2021-08-17,7.28000020980835,7.400000095367432,7.150000095367432,7.230000019073486,7.230000019073486,487000
2021-08-18,7.159999847412109,7.21999979019165,6.909999847412109,6.989999771118164,6.989999771118164,707600
2021-08-19,6.989999771118164,6.989999771118164,6.739999771118164,6.829999923706055,6.829999923706055,876800
2021-08-20,6.75,6.980000019073486,6.710000038146973,6.889999866485596,6.889999866485596,629000
2021-08-23,6.949999809265137,7.159999847412109,6.940000057220459,7.159999847412109,7.159999847412109,881600
2021-08-24,7.179999828338623,7.269999980926514,7.119999885559082,7.159999847412109,7.159999847412109,446100
2021-08-25,7.090000152587891,7.099999904632568,6.909999847412109,7.0,7.0,439900
2021-08-26,6.940000057220459,7.010000228881836,6.849999904632568,6.949999809265137,6.949999809265137,658700
2021-08-27,6.960000038146973,7.300000190734863,6.929999828338623,7.269999980926514,7.269999980926514,868700
2021-08-30,7.289999961853027,7.289999961853027,7.019999980926514,7.079999923706055,7.079999923706055,779000
2021-08-31,7.130000114440918,7.239999771118164,7.050000190734863,7.230000019073486,7.230000019073486,557700
2021-09-01,7.210000038146973,7.25,6.980000019073486,7.070000171661377,7.070000171661377,923500
2021-09-02,7.070000171661377,7.170000076293945,7.019999980926514,7.070000171661377,7.070000171661377,417400
2021-09-03,7.150000095367432,7.409999847412109,7.150000095367432,7.320000171661377,7.320000171661377,720900
2021-09-07,7.190000057220459,7.269999980926514,7.050000190734863,7.070000171661377,7.070000171661377,625400
2021-09-08,7.090000152587891,7.230000019073486,7.0,7.139999866485596,7.139999866485596,547900
2021-09-09,7.199999809265137,7.210000038146973,7.090000152587891,7.090000152587891,7.090000152587891,846800
2021-09-10,7.130000114440918,7.150000095367432,6.949999809265137,6.949999809265137,6.949999809265137,533300
2021-09-13,6.929999828338623,7.239999771118164,6.889999866485596,7.139999866485596,7.139999866485596,692700
2021-09-14,7.199999809265137,7.230000019073486,7.070000171661377,7.130000114440918,7.130000114440918,664700
2021-09-15,7.099999904632568,7.190000057220459,7.059999942779541,7.170000076293945,7.170000076293945,622900
2021-09-16,6.989999771118164,7.010000228881836,6.840000152587891,6.96999979019165,6.96999979019165,1335700
2021-09-17,6.949999809265137,6.949999809265137,6.760000228881836,6.829999923706055,6.829999923706055,3302700
2021-09-20,6.75,6.78000020980835,6.579999923706055,6.730000019073486,6.730000019073486,863500
2021-09-21,6.800000190734863,6.860000133514404,6.699999809265137,6.710000038146973,6.710000038146973,647700
2021-09-22,6.730000019073486,6.980000019073486,6.730000019073486,6.800000190734863,6.800000190734863,621400
2021-09-23,6.760000228881836,6.800000190734863,6.670000076293945,6.710000038146973,6.710000038146973,687200
2021-09-24,6.53000020980835,6.789999961853027,6.53000020980835,6.670000076293945,6.670000076293945,635800
2021-09-27,6.599999904632568,6.860000133514404,6.519999980926514,6.610000133514404,6.610000133514404,772300
2021-09-28,6.539999961853027,6.730000019073486,6.480000019073486,6.71999979019165,6.71999979019165,1102800
2021-09-29,6.699999809265137,6.760000228881836,6.550000190734863,6.619999885559082,6.619999885559082,1251600
2021-09-30,6.619999885559082,6.980000019073486,6.610000133514404,6.880000114440918,6.880000114440918,1194700
2021-10-01,6.920000076293945,7.039999961853027,6.820000171661377,6.840000152587891,6.840000152587891,892100
2021-10-04,6.829999923706055,7.130000114440918,6.829999923706055,7.099999904632568,7.099999904632568,987100
2021-10-05,7.099999904632568,7.260000228881836,6.949999809265137,7.239999771118164,7.239999771118164,1176400
2021-10-06,7.230000019073486,7.510000228881836,7.210000038146973,7.489999771118164,7.489999771118164,822400
2021-10-07,7.480000019073486,7.599999904632568,7.369999885559082,7.420000076293945,7.420000076293945,873800
2021-10-08,7.599999904632568,7.599999904632568,7.289999961853027,7.309999942779541,7.309999942779541,504800
2021-10-11,7.360000133514404,7.449999809265137,7.21999979019165,7.230000019073486,7.230000019073486,440400
2021-10-12,7.289999961853027,7.420000076293945,7.139999866485596,7.420000076293945,7.420000076293945,691200
2021-10-13,7.480000019073486,7.739999771118164,7.460000038146973,7.739999771118164,7.739999771118164,946000
2021-10-14,7.820000171661377,7.849999904632568,7.650000095367432,7.730000019073486,7.730000019073486,1060500
2021-10-15,7.840000152587891,7.840000152587891,7.559999942779541,7.630000114440918,7.630000114440918,1060100
2021-10-18,7.630000114440918,7.650000095367432,7.369999885559082,7.400000095367432,7.400000095367432,997800
2021-10-19,7.610000133514404,7.650000095367432,7.349999904632568,7.5,7.5,852800
2021-10-20,7.550000190734863,7.75,7.460000038146973,7.639999866485596,7.639999866485596,654200
2021-10-21,7.610000133514404,7.78000020980835,7.539999961853027,7.679999828338623,7.679999828338623,704300
2021-10-22,7.75,8.010000228881836,7.599999904632568,7.639999866485596,7.639999866485596,968400
2021-10-25,7.659999847412109,7.840000152587891,7.599999904632568,7.809999942779541,7.809999942779541,781500
2021-10-26,7.760000228881836,7.829999923706055,7.659999847412109,7.760000228881836,7.760000228881836,780800
2021-10-27,7.710000038146973,7.869999885559082,7.599999904632568,7.789999961853027,7.789999961853027,754000
2021-10-28,7.789999961853027,7.880000114440918,7.619999885559082,7.650000095367432,7.650000095367432,753200
2021-10-29,7.550000190734863,7.590000152587891,7.289999961853027,7.309999942779541,7.309999942779541,1012300
2021-11-01,7.309999942779541,7.460000038146973,7.159999847412109,7.269999980926514,7.269999980926514,788200
2021-11-02,7.25,7.320000171661377,7.130000114440918,7.25,7.25,508800
2021-11-03,7.130000114440918,7.5,7.099999904632568,7.460000038146973,7.460000038146973,972500
2021-11-04,7.579999923706055,7.71999979019165,7.360000133514404,7.409999847412109,7.409999847412109,609900
2021-11-05,7.489999771118164,7.75,7.429999828338623,7.75,7.75,871500
2021-11-08,7.880000114440918,7.880000114440918,7.679999828338623,7.75,7.75,675500
2021-11-09,7.78000020980835,7.980000019073486,7.690000057220459,7.940000057220459,7.940000057220459,634400
2021-11-10,8.020000457763672,8.119999885559082,7.880000114440918,7.920000076293945,7.920000076293945,911300
2021-11-11,8.100000381469727,8.199999809265137,8.069999694824219,8.199999809265137,8.199999809265137,710700
2021-11-12,8.130000114440918,8.350000381469727,8.079999923706055,8.1899995803833,8.1899995803833,1036000
2021-11-15,8.15999984741211,8.220000267028809,8.0,8.0600004196167,8.0600004196167,1520000
2021-11-16,8.050000190734863,8.109999656677246,7.840000152587891,7.889999866485596,7.889999866485596,763400
2021-11-17,7.960000038146973,8.0600004196167,7.829999923706055,7.900000095367432,7.900000095367432,703500
2021-11-18,7.920000076293945,7.96999979019165,7.75,7.760000228881836,7.760000228881836,796400
2021-11-19,7.75,7.849999904632568,7.599999904632568,7.630000114440918,7.630000114440918,561800
2021-11-22,7.480000019073486,7.639999866485596,7.309999942779541,7.53000020980835,7.53000020980835,729300
2021-11-23,7.400000095367432,7.480000019073486,7.269999980926514,7.320000171661377,7.320000171661377,892000
2021-11-24,7.260000228881836,7.409999847412109,7.230000019073486,7.389999866485596,7.389999866485596,432400
2021-11-26,7.400000095367432,7.429999828338623,6.96999979019165,7.03000020980835,7.03000020980835,785100
2021-11-29,7.019999980926514,7.070000171661377,6.900000095367432,6.960000038146973,6.960000038146973,905600
2021-11-30,6.96999979019165,7.170000076293945,6.739999771118164,6.75,6.75,1451700
2021-12-01,6.920000076293945,7.110000133514404,6.550000190734863,6.550000190734863,6.550000190734863,1191000
2021-12-02,6.610000133514404,6.690000057220459,6.489999771118164,6.619999885559082,6.619999885559082,1272100
2021-12-03,6.610000133514404,6.730000019073486,6.53000020980835,6.599999904632568,6.599999904632568,1414800
2021-12-06,6.599999904632568,6.920000076293945,6.559999942779541,6.900000095367432,6.900000095367432,1021000
2021-12-07,6.900000095367432,7.039999961853027,6.869999885559082,6.96999979019165,6.96999979019165,1075500
2021-12-08,6.96999979019165,7.070000171661377,6.920000076293945,7.039999961853027,7.039999961853027,525500
2021-12-09,6.909999847412109,6.989999771118164,6.789999961853027,6.889999866485596,6.889999866485596,988400
2021-12-10,6.900000095367432,6.989999771118164,6.840000152587891,6.880000114440918,6.880000114440918,787500
2021-12-13,6.849999904632568,7.150000095367432,6.849999904632568,7.130000114440918,7.130000114440918,1114200
2021-12-14,7.050000190734863,7.159999847412109,6.849999904632568,6.869999885559082,6.869999885559082,1016900
2021-12-15,6.820000171661377,6.829999923706055,6.400000095367432,6.610000133514404,6.610000133514404,2339200
2021-12-16,6.670000076293945,6.96999979019165,6.659999847412109,6.880000114440918,6.880000114440918,1302300
2021-12-17,6.909999847412109,7.050000190734863,6.829999923706055,6.869999885559082,6.869999885559082,2453400
2021-12-20,6.800000190734863,6.829999923706055,6.599999904632568,6.71999979019165,6.71999979019165,943300
2021-12-21,6.809999942779541,6.909999847412109,6.730000019073486,6.860000133514404,6.860000133514404,799500
2021-12-22,6.849999904632568,6.949999809265137,6.730000019073486,6.949999809265137,6.949999809265137,798300
2021-12-23,6.920000076293945,7.010000228881836,6.840000152587891,6.929999828338623,6.929999828338623,659600
2021-12-27,6.900000095367432,6.929999828338623,6.809999942779541,6.909999847412109,6.909999847412109,613300
2021-12-28,6.909999847412109,6.980000019073486,6.820000171661377,6.849999904632568,6.849999904632568,831600
2021-12-29,6.800000190734863,6.880000114440918,6.679999828338623,6.75,6.75,758400
2021-12-30,6.699999809265137,6.840000152587891,6.659999847412109,6.710000038146973,6.710000038146973,1343800
2021-12-31,6.730000019073486,6.880000114440918,6.730000019073486,6.860000133514404,6.860000133514404,660300
2022-01-03,6.739999771118164,6.760000228881836,6.599999904632568,6.670000076293945,6.670000076293945,922300
2022-01-04,6.710000038146973,6.869999885559082,6.650000095367432,6.789999961853027,6.789999961853027,795500
2022-01-05,6.909999847412109,7.019999980926514,6.599999904632568,6.639999866485596,6.639999866485596,1122700
2022-01-06,6.53000020980835,6.630000114440918,6.340000152587891,6.369999885559082,6.369999885559082,1084700
2022-01-07,6.389999866485596,6.449999809265137,6.289999961853027,6.369999885559082,6.369999885559082,664800
2022-01-10,6.309999942779541,6.429999828338623,6.190000057220459,6.420000076293945,6.420000076293945,736000
2022-01-11,6.46999979019165,6.510000228881836,6.260000228881836,6.489999771118164,6.489999771118164,795900
2022-01-12,6.53000020980835,6.679999828338623,6.460000038146973,6.630000114440918,6.630000114440918,1206900
2022-01-13,6.630000114440918,6.710000038146973,6.570000171661377,6.650000095367432,6.650000095367432,1077500
2022-01-14,6.639999866485596,6.650000095367432,6.480000019073486,6.570000171661377,6.570000171661377,1189500
2022-01-18,6.550000190734863,6.739999771118164,6.440000057220459,6.679999828338623,6.679999828338623,1895900
2022-01-19,6.730000019073486,7.300000190734863,6.699999809265137,7.21999979019165,7.21999979019165,1688800
2022-01-20,7.239999771118164,7.309999942779541,7.050000190734863,7.059999942779541,7.059999942779541,1271400
2022-01-21,7.019999980926514,7.079999923706055,6.820000171661377,6.840000152587891,6.840000152587891,1494400
2022-01-24,6.769999980926514,6.800000190734863,6.400000095367432,6.670000076293945,6.670000076293945,1541300
2022-01-25,6.599999904632568,6.889999866485596,6.510000228881836,6.820000171661377,6.820000171661377,1371400
2022-01-26,6.75,6.900000095367432,6.440000057220459,6.480000019073486,6.480000019073486,1687800
2022-01-27,6.309999942779541,6.550000190734863,6.079999923706055,6.150000095367432,6.150000095367432,1671500
2022-01-28,6.079999923706055,6.170000076293945,5.96999979019165,6.150000095367432,6.150000095367432,2561500
2022-01-31,6.170000076293945,6.639999866485596,6.150000095367432,6.599999904632568,6.599999904632568,2232600
2022-02-01,6.679999828338623,6.860000133514404,6.550000190734863,6.639999866485596,6.639999866485596,1878500
2022-02-02,6.639999866485596,6.699999809265137,6.369999885559082,6.380000114440918,6.380000114440918,1453600
2022-02-03,6.329999923706055,6.409999847412109,6.179999828338623,6.269999980926514,6.269999980926514,1427100
2022-02-04,6.199999809265137,6.320000171661377,6.170000076293945,6.21999979019165,6.21999979019165,1071800
2022-02-07,6.300000190734863,6.510000228881836,6.25,6.46999979019165,6.46999979019165,1119300
2022-02-08,6.5,6.659999847412109,6.409999847412109,6.639999866485596,6.639999866485596,1171400
2022-02-09,6.659999847412109,6.71999979019165,6.559999942779541,6.619999885559082,6.619999885559082,1268800
2022-02-10,6.460000038146973,6.710000038146973,6.349999904632568,6.380000114440918,6.380000114440918,1623900
2022-02-11,6.409999847412109,6.789999961853027,6.360000133514404,6.699999809265137,6.699999809265137,2424200
2022-02-14,6.860000133514404,6.900000095367432,6.670000076293945,6.800000190734863,6.800000190734863,1378700
2022-02-15,6.690000057220459,6.829999923706055,6.579999923706055,6.75,6.75,980000
2022-02-16,6.769999980926514,6.980000019073486,6.769999980926514,6.960000038146973,6.960000038146973,1146600
2022-02-17,7.099999904632568,7.289999961853027,7.050000190734863,7.230000019073486,7.230000019073486,1611500
2022-02-18,7.159999847412109,7.239999771118164,6.980000019073486,7.050000190734863,7.050000190734863,1447300
2022-02-22,7.059999942779541,7.099999904632568,6.900000095367432,6.929999828338623,6.929999828338623,1250800
2022-02-23,6.96999979019165,7.230000019073486,6.940000057220459,7.139999866485596,7.139999866485596,1830100
2022-02-24,7.420000076293945,7.449999809265137,6.760000228881836,6.929999828338623,6.929999828338623,2562700
2022-02-25,6.889999866485596,7.079999923706055,6.820000171661377,7.059999942779541,7.059999942779541,1024900
2022-02-28,7.099999904632568,7.139999866485596,6.909999847412109,6.980000019073486,6.980000019073486,1521100
2022-03-01,7.050000190734863,7.309999942779541,7.050000190734863,7.25,7.25,1606000
2022-03-02,7.159999847412109,7.320000171661377,7.070000171661377,7.289999961853027,7.289999961853027,1633400
2022-03-03,7.289999961853027,7.309999942779541,6.96999979019165,7.190000057220459,7.190000057220459,1536300
2022-03-04,7.210000038146973,7.480000019073486,7.170000076293945,7.460000038146973,7.460000038146973,1360600
2022-03-07,7.519999980926514,7.75,7.360000133514404,7.519999980926514,7.519999980926514,2251100
2022-03-08,7.619999885559082,7.889999866485596,7.400000095367432,7.690000057220459,7.690000057220459,3458100
2022-03-09,7.409999847412109,7.710000038146973,7.320000171661377,7.659999847412109,7.659999847412109,1808300
2022-03-10,7.650000095367432,7.869999885559082,7.630000114440918,7.789999961853027,7.789999961853027,1431200
2022-03-11,7.599999904632568,7.75,7.539999961853027,7.690000057220459,7.690000057220459,1710300
2022-03-14,7.53000020980835,7.619999885559082,7.449999809265137,7.550000190734863,7.550000190734863,2567600
2022-03-15,7.369999885559082,8.130000114440918,7.340000152587891,7.900000095367432,7.900000095367432,3368800
2022-03-16,7.71999979019165,8.0,7.539999961853027,7.699999809265137,7.699999809265137,2189500
2022-03-17,7.739999771118164,8.039999961853027,7.739999771118164,7.900000095367432,7.900000095367432,1754700
2022-03-18,7.909999847412109,7.960000038146973,7.760000228881836,7.840000152587891,7.840000152587891,2602800
2022-03-21,7.900000095367432,8.069999694824219,7.769999980926514,7.869999885559082,7.869999885559082,1571900
2022-03-22,7.929999828338623,7.929999828338623,7.619999885559082,7.75,7.75,1741000
2022-03-23,7.769999980926514,7.829999923706055,7.610000133514404,7.75,7.75,1311100
2022-03-24,7.820000171661377,7.920000076293945,7.699999809265137,7.739999771118164,7.739999771118164,1043500
2022-03-25,7.730000019073486,7.739999771118164,7.610000133514404,7.71999979019165,7.71999979019165,1080800
2022-03-28,7.619999885559082,7.650000095367432,7.5,7.610000133514404,7.610000133514404,1731300
2022-03-29,7.5,7.659999847412109,7.420000076293945,7.630000114440918,7.630000114440918,1600800
2022-03-30,7.639999866485596,7.880000114440918,7.579999923706055,7.679999828338623,7.679999828338623,1268900
2022-03-31,7.739999771118164,7.900000095367432,7.670000076293945,7.730000019073486,7.730000019073486,1707100
2022-04-01,7.650000095367432,7.989999771118164,7.650000095367432,7.96999979019165,7.96999979019165,1155400
2022-04-04,8.0,8.0600004196167,7.820000171661377,8.0,8.0,1231900
2022-04-05,8.0,8.180000305175781,7.699999809265137,7.760000228881836,7.760000228881836,1204500
2022-04-06,7.789999961853027,7.840000152587891,7.619999885559082,7.71999979019165,7.71999979019165,1294700
2022-04-07,7.760000228881836,7.869999885559082,7.679999828338623,7.75,7.75,1638600
2022-04-08,7.820000171661377,8.020000457763672,7.769999980926514,7.909999847412109,7.909999847412109,1063300
2022-04-11,7.989999771118164,8.020000457763672,7.670000076293945,7.769999980926514,7.769999980926514,1331900
2022-04-12,8.0,8.050000190734863,7.78000020980835,7.869999885559082,7.869999885559082,1645300
2022-04-13,7.909999847412109,8.170000076293945,7.860000133514404,8.15999984741211,8.15999984741211,1483200
2022-04-14,8.149999618530273,8.239999771118164,8.029999732971191,8.199999809265137,8.199999809265137,1312400
2022-04-18,8.229999542236328,8.359999656677246,7.849999904632568,7.849999904632568,7.849999904632568,1418900
2022-04-19,7.760000228881836,7.849999904632568,7.610000133514404,7.659999847412109,7.659999847412109,1372100
2022-04-20,7.670000076293945,7.769999980926514,7.599999904632568,7.710000038146973,7.710000038146973,976000
2022-04-21,7.650000095367432,7.699999809265137,7.449999809265137,7.579999923706055,7.579999923706055,2485600
2022-04-22,7.5,7.610000133514404,7.320000171661377,7.460000038146973,7.460000038146973,2686800
2022-04-25,7.170000076293945,7.320000171661377,6.960000038146973,7.079999923706055,7.079999923706055,1619900
2022-04-26,7.090000152587891,7.139999866485596,6.71999979019165,6.730000019073486,6.730000019073486,2094600
2022-04-27,6.730000019073486,6.760000228881836,6.329999923706055,6.349999904632568,6.349999904632568,2180300
2022-04-28,6.429999828338623,6.53000020980835,6.230000019073486,6.489999771118164,6.489999771118164,1786800
2022-04-29,6.619999885559082,6.659999847412109,6.21999979019165,6.21999979019165,6.21999979019165,1597700
2022-05-02,6.090000152587891,6.119999885559082,5.920000076293945,6.090000152587891,6.090000152587891,1803100
2022-05-03,6.139999866485596,6.309999942779541,6.070000171661377,6.269999980926514,6.269999980926514,1362100
2022-05-04,6.28000020980835,6.400000095367432,6.119999885559082,6.380000114440918,6.380000114440918,1507600
2022-05-05,6.440000057220459,6.440000057220459,5.840000152587891,5.920000076293945,5.920000076293945,1744200
2022-05-06,5.960000038146973,5.960000038146973,5.75,5.769999980926514,5.769999980926514,1606200
2022-05-09,5.670000076293945,5.670000076293945,5.420000076293945,5.429999828338623,5.429999828338623,2368300
2022-05-10,5.460000038146973,5.559999942779541,5.289999961853027,5.460000038146973,5.460000038146973,2661000
2022-05-11,5.53000020980835,5.769999980926514,5.480000019073486,5.5,5.5,2219600
2022-05-12,5.409999847412109,5.5,5.21999979019165,5.400000095367432,5.400000095367432,3518100
2022-05-13,5.409999847412109,5.679999828338623,5.349999904632568,5.510000228881836,5.510000228881836,1971800
2022-05-16,5.510000228881836,5.559999942779541,5.420000076293945,5.5,5.5,1287700
2022-05-17,5.550000190734863,5.639999866485596,5.440000057220459,5.53000020980835,5.53000020980835,1434900
2022-05-18,5.510000228881836,5.559999942779541,5.400000095367432,5.449999809265137,5.449999809265137,1747100
2022-05-19,5.519999980926514,5.789999961853027,5.519999980926514,5.71999979019165,5.71999979019165,1637300
2022-05-20,5.760000228881836,5.789999961853027,5.559999942779541,5.679999828338623,5.679999828338623,1448700
2022-05-23,5.800000190734863,5.820000171661377,5.599999904632568,5.679999828338623,5.679999828338623,1077800
2022-05-24,5.690000057220459,5.840000152587891,5.630000114440918,5.829999923706055,5.829999923706055,3332400
2022-05-25,5.78000020980835,5.809999942779541,5.559999942779541,5.710000038146973,5.710000038146973,1430300
2022-05-26,5.670000076293945,5.849999904632568,5.670000076293945,5.71999979019165,5.71999979019165,1305100
2022-05-27,5.789999961853027,5.849999904632568,5.670000076293945,5.760000228881836,5.760000228881836,1577600
2022-05-31,5.820000171661377,5.889999866485596,5.510000228881836,5.590000152587891,5.590000152587891,1620400
2022-06-01,5.630000114440918,5.71999979019165,5.559999942779541,5.659999847412109,5.659999847412109,1789800
2022-06-02,5.730000019073486,6.199999809265137,5.730000019073486,6.130000114440918,6.130000114440918,2042200
2022-06-03,6.019999980926514,6.119999885559082,5.949999809265137,5.960000038146973,5.960000038146973,1040800
2022-06-06,6.039999961853027,6.059999942779541,5.78000020980835,5.829999923706055,5.829999923706055,1293200
2022-06-07,5.809999942779541,5.900000095367432,5.75,5.840000152587891,5.840000152587891,1111800
2022-06-08,5.849999904632568,5.909999847412109,5.739999771118164,5.820000171661377,5.820000171661377,931100
2022-06-09,5.760000228881836,5.760000228881836,5.559999942779541,5.579999923706055,5.579999923706055,1056400
2022-06-10,5.510000228881836,5.96999979019165,5.429999828338623,5.900000095367432,5.900000095367432,1903700
2022-06-13,5.710000038146973,5.710000038146973,5.369999885559082,5.400000095367432,5.400000095367432,2655000
2022-06-14,5.409999847412109,5.440000057220459,5.25,5.300000190734863,5.300000190734863,1726500
2022-06-15,5.380000114440918,5.519999980926514,5.25,5.409999847412109,5.409999847412109,2218500
2022-06-16,5.300000190734863,5.559999942779541,5.239999771118164,5.519999980926514,5.519999980926514,2013200
2022-06-17,5.519999980926514,5.519999980926514,5.309999942779541,5.400000095367432,5.400000095367432,3992800
2022-06-21,5.380000114440918,5.619999885559082,5.380000114440918,5.559999942779541,5.559999942779541,1458200
2022-06-22,5.559999942779541,5.710000038146973,5.480000019073486,5.510000228881836,5.510000228881836,1502600
2022-06-23,5.449999809265137,5.570000171661377,5.400000095367432,5.449999809265137,5.449999809265137,2570600
2022-06-24,5.480000019073486,5.860000133514404,5.380000114440918,5.800000190734863,5.800000190734863,3813200
2022-06-27,5.789999961853027,5.809999942779541,5.53000020980835,5.639999866485596,5.639999866485596,1650400
2022-06-28,5.670000076293945,5.710000038146973,5.429999828338623,5.429999828338623,5.429999828338623,1407700
2022-06-29,5.5,5.519999980926514,5.309999942779541,5.369999885559082,5.369999885559082,1184100
2022-06-30,5.320000171661377,5.369999885559082,4.78000020980835,4.809999942779541,4.809999942779541,1875600
2022-07-01,4.679999828338623,4.940000057220459,4.650000095367432,4.889999866485596,4.889999866485596,1077900
2022-07-05,4.78000020980835,4.829999923706055,4.420000076293945,4.619999885559082,4.619999885559082,3227100
2022-07-06,4.420000076293945,4.610000133514404,4.21999979019165,4.429999828338623,4.429999828338623,2627300
2022-07-07,4.480000019073486,4.630000114440918,4.480000019073486,4.519999980926514,4.519999980926514,1764300
2022-07-08,4.559999942779541,4.590000152587891,4.389999866485596,4.46999979019165,4.46999979019165,1090100
2022-07-11,4.400000095367432,4.579999923706055,4.369999885559082,4.440000057220459,4.440000057220459,1268300
2022-07-12,4.440000057220459,4.590000152587891,4.389999866485596,4.440000057220459,4.440000057220459,1382700
2022-07-13,4.389999866485596,4.690000057220459,4.389999866485596,4.610000133514404,4.610000133514404,1636500
2022-07-14,4.429999828338623,4.510000228881836,4.320000171661377,4.449999809265137,4.449999809265137,1687100
2022-07-15,4.579999923706055,4.579999923706055,4.340000152587891,4.489999771118164,4.489999771118164,1306400
2022-07-18,4.590000152587891,4.670000076293945,4.489999771118164,4.510000228881836,4.510000228881836,914800
2022-07-19,4.590000152587891,4.659999847412109,4.5,4.53000020980835,4.53000020980835,872200
2022-07-20,4.590000152587891,4.659999847412109,4.440000057220459,4.449999809265137,4.449999809265137,1167600
2022-07-21,4.440000057220459,4.610000133514404,4.429999828338623,4.539999961853027,4.539999961853027,1349900
2022-07-22,4.53000020980835,4.690000057220459,4.460000038146973,4.5,4.5,1427700
2022-07-25,4.5,4.570000171661377,4.420000076293945,4.559999942779541,4.559999942779541,1351100
2022-07-26,4.559999942779541,4.650000095367432,4.5,4.570000171661377,4.570000171661377,746700
2022-07-27,4.610000133514404,4.710000038146973,4.480000019073486,4.690000057220459,4.690000057220459,1024200
2022-07-28,4.800000190734863,4.860000133514404,4.690000057220459,4.800000190734863,4.800000190734863,1273200
2022-07-29,4.809999942779541,4.940000057220459,4.71999979019165,4.880000114440918,4.880000114440918,1121600
2022-08-01,4.880000114440918,4.949999809265137,4.71999979019165,4.800000190734863,4.800000190734863,1195300
2022-08-02,4.829999923706055,4.900000095367432,4.699999809265137,4.710000038146973,4.710000038146973,989300
2022-08-03,4.739999771118164,4.739999771118164,4.510000228881836,4.630000114440918,4.630000114440918,1335800
2022-08-04,4.659999847412109,4.829999923706055,4.639999866485596,4.800000190734863,4.800000190734863,982300
2022-08-05,4.670000076293945,4.760000228881836,4.570000171661377,4.760000228881836,4.760000228881836,1081100
2022-08-08,4.829999923706055,4.929999828338623,4.829999923706055,4.889999866485596,4.889999866485596,950000
2022-08-09,4.920000076293945,4.920000076293945,4.769999980926514,4.889999866485596,4.889999866485596,612600
2022-08-10,4.949999809265137,5.03000020980835,4.869999885559082,4.940000057220459,4.940000057220459,741800
2022-08-11,4.960000038146973,4.989999771118164,4.820000171661377,4.840000152587891,4.840000152587891,696600
2022-08-12,4.860000133514404,5.010000228881836,4.829999923706055,5.0,5.0,712300
2022-08-15,4.849999904632568,4.929999828338623,4.829999923706055,4.909999847412109,4.909999847412109,562600
2022-08-16,4.860000133514404,4.960000038146973,4.829999923706055,4.949999809265137,4.949999809265137,610500
2022-08-17,4.940000057220459,4.949999809265137,4.800000190734863,4.880000114440918,4.880000114440918,1559000
2022-08-18,4.840000152587891,5.0,4.829999923706055,4.920000076293945,4.920000076293945,924100
2022-08-19,4.929999828338623,4.949999809265137,4.849999904632568,4.889999866485596,4.889999866485596,1852700
2022-08-22,4.800000190734863,4.869999885559082,4.769999980926514,4.849999904632568,4.849999904632568,1038700
2022-08-23,4.900000095367432,5.110000133514404,4.840000152587891,5.010000228881836,5.010000228881836,1250300
2022-08-24,5.0,5.21999979019165,4.929999828338623,5.210000038146973,5.210000038146973,952400
2022-08-25,5.230000019073486,5.239999771118164,5.119999885559082,5.239999771118164,5.239999771118164,837900
2022-08-26,5.230000019073486,5.230000019073486,4.75,4.78000020980835,4.78000020980835,1146400
2022-08-29,4.75,4.789999961853027,4.639999866485596,4.670000076293945,4.670000076293945,728600
2022-08-30,4.639999866485596,4.650000095367432,4.460000038146973,4.5,4.5,961300
2022-08-31,4.46999979019165,4.590000152587891,4.429999828338623,4.429999828338623,4.429999828338623,910900
2022-09-01,4.409999847412109,4.409999847412109,4.059999942779541,4.090000152587891,4.090000152587891,1854400
2022-09-02,4.25,4.409999847412109,4.110000133514404,4.28000020980835,4.28000020980835,1607400
2022-09-06,4.300000190734863,4.449999809265137,4.239999771118164,4.300000190734863,4.300000190734863,1152100
2022-09-07,4.309999942779541,4.5,4.21999979019165,4.489999771118164,4.489999771118164,1231200
2022-09-08,4.420000076293945,4.53000020980835,4.389999866485596,4.519999980926514,4.519999980926514,824900
2022-09-09,4.590000152587891,4.639999866485596,4.510000228881836,4.579999923706055,4.579999923706055,932500
2022-09-12,4.650000095367432,4.769999980926514,4.599999904632568,4.739999771118164,4.739999771118164,1245800
2022-09-13,4.559999942779541,4.670000076293945,4.480000019073486,4.5,4.5,871200
2022-09-14,4.519999980926514,4.579999923706055,4.449999809265137,4.449999809265137,4.449999809265137,788200
2022-09-15,4.400000095367432,4.539999961853027,4.369999885559082,4.389999866485596,4.389999866485596,1981600
2022-09-16,4.340000152587891,4.559999942779541,4.289999961853027,4.449999809265137,4.449999809265137,3216700
2022-09-19,4.380000114440918,4.610000133514404,4.369999885559082,4.610000133514404,4.610000133514404,1366600
2022-09-20,4.519999980926514,4.590000152587891,4.360000133514404,4.420000076293945,4.420000076293945,1403900
2022-09-21,4.429999828338623,4.599999904632568,4.340000152587891,4.429999828338623,4.429999828338623,1896600
2022-09-22,4.429999828338623,4.550000190734863,4.369999885559082,4.440000057220459,4.440000057220459,1646600
2022-09-23,4.380000114440918,4.420000076293945,4.21999979019165,4.309999942779541,4.309999942779541,1643300
2022-09-26,4.300000190734863,4.510000228881836,4.230000019073486,4.260000228881836,4.260000228881836,3223200
2022-09-27,4.349999904632568,4.409999847412109,4.260000228881836,4.300000190734863,4.300000190734863,1673900
2022-09-28,4.309999942779541,4.559999942779541,4.309999942779541,4.539999961853027,4.539999961853027,2070900
2022-09-29,4.53000020980835,4.670000076293945,4.480000019073486,4.659999847412109,4.659999847412109,1194800
2022-09-30,4.650000095367432,4.860000133514404,4.599999904632568,4.690000057220459,4.690000057220459,1389200
2022-10-03,4.789999961853027,4.949999809265137,4.760000228881836,4.929999828338623,4.929999828338623,2168000
2022-10-04,5.090000152587891,5.130000114440918,5.0,5.059999942779541,5.059999942779541,1179500
2022-10-05,4.889999866485596,4.909999847412109,4.659999847412109,4.75,4.75,1153400
2022-10-06,4.710000038146973,4.800000190734863,4.659999847412109,4.75,4.75,1171800
2022-10-07,4.659999847412109,4.710000038146973,4.489999771118164,4.559999942779541,4.559999942779541,2124200
2022-10-10,4.5,4.599999904632568,4.420000076293945,4.519999980926514,4.519999980926514,880700
2022-10-11,4.510000228881836,4.670000076293945,4.460000038146973,4.519999980926514,4.519999980926514,1682300
2022-10-12,4.550000190734863,4.639999866485596,4.460000038146973,4.630000114440918,4.630000114440918,1164200
2022-10-13,4.409999847412109,4.630000114440918,4.389999866485596,4.590000152587891,4.590000152587891,1885200
2022-10-14,4.539999961853027,4.559999942779541,4.429999828338623,4.449999809265137,4.449999809265137,1355500
2022-10-17,4.559999942779541,4.659999847412109,4.559999942779541,4.610000133514404,4.610000133514404,916900
2022-10-18,4.670000076293945,4.739999771118164,4.610000133514404,4.679999828338623,4.679999828338623,943200
2022-10-19,4.599999904632568,4.599999904632568,4.460000038146973,4.53000020980835,4.53000020980835,1451900
2022-10-20,4.539999961853027,4.690000057220459,4.5,4.570000171661377,4.570000171661377,1219400
2022-10-21,4.630000114440918,4.889999866485596,4.550000190734863,4.880000114440918,4.880000114440918,1446700
2022-10-24,4.880000114440918,4.880000114440918,4.71999979019165,4.829999923706055,4.829999923706055,1581500
2022-10-25,4.800000190734863,4.820000171661377,4.659999847412109,4.710000038146973,4.710000038146973,2015400
2022-10-26,4.769999980926514,4.949999809265137,4.760000228881836,4.889999866485596,4.889999866485596,2352800
2022-10-27,4.889999866485596,4.909999847412109,4.630000114440918,4.670000076293945,4.670000076293945,1913700
2022-10-28,4.650000095367432,4.650000095367432,4.489999771118164,4.619999885559082,4.619999885559082,1371300
2022-10-31,4.550000190734863,4.670000076293945,4.510000228881836,4.630000114440918,4.630000114440918,897900
2022-11-01,4.670000076293945,4.849999904632568,4.670000076293945,4.789999961853027,4.789999961853027,1031300
2022-11-02,4.840000152587891,4.869999885559082,4.449999809265137,4.449999809265137,4.449999809265137,1373500
2022-11-03,4.380000114440918,4.46999979019165,4.289999961853027,4.400000095367432,4.400000095367432,1201400
2022-11-04,4.590000152587891,4.869999885559082,4.539999961853027,4.869999885559082,4.869999885559082,2046600
2022-11-07,4.840000152587891,4.989999771118164,4.829999923706055,4.980000019073486,4.980000019073486,1363300
2022-11-08,4.949999809265137,5.300000190734863,4.929999828338623,5.239999771118164,5.239999771118164,1702900
2022-11-09,5.179999828338623,5.329999923706055,5.119999885559082,5.159999847412109,5.159999847412109,1329300
2022-11-10,5.460000038146973,5.690000057220459,5.340000152587891,5.670000076293945,5.670000076293945,2205100
2022-11-11,5.699999809265137,5.699999809265137,5.559999942779541,5.590000152587891,5.590000152587891,1678700
2022-11-14,5.539999961853027,5.630000114440918,5.519999980926514,5.559999942779541,5.559999942779541,1578600
2022-11-15,5.570000171661377,5.619999885559082,5.420000076293945,5.440000057220459,5.440000057220459,1426800
2022-11-16,5.420000076293945,5.440000057220459,5.329999923706055,5.380000114440918,5.380000114440918,1118200
2022-11-17,5.309999942779541,5.349999904632568,5.230000019073486,5.329999923706055,5.329999923706055,967900
2022-11-18,5.449999809265137,5.449999809265137,5.300000190734863,5.440000057220459,5.440000057220459,1002100
2022-11-21,5.380000114440918,5.440000057220459,5.239999771118164,5.400000095367432,5.400000095367432,1134000
2022-11-22,5.510000228881836,5.659999847412109,5.5,5.610000133514404,5.610000133514404,1712900
2022-11-23,5.599999904632568,5.829999923706055,5.570000171661377,5.829999923706055,5.829999923706055,1556000
2022-11-25,5.840000152587891,5.849999904632568,5.710000038146973,5.71999979019165,5.71999979019165,517800
2022-11-28,5.670000076293945,5.730000019073486,5.400000095367432,5.449999809265137,5.449999809265137,2267400
2022-11-29,5.449999809265137,5.670000076293945,5.449999809265137,5.639999866485596,5.639999866485596,1067500
2022-11-30,5.619999885559082,5.849999904632568,5.619999885559082,5.769999980926514,5.769999980926514,1816800
2022-12-01,5.820000171661377,6.110000133514404,5.820000171661377,6.03000020980835,6.03000020980835,1434400
2022-12-02,5.909999847412109,6.139999866485596,5.869999885559082,6.110000133514404,6.110000133514404,999000
2022-12-05,6.050000190734863,6.070000171661377,5.900000095367432,5.949999809265137,5.949999809265137,919000
2022-12-06,5.980000019073486,6.050000190734863,5.820000171661377,5.829999923706055,5.829999923706055,912100
2022-12-07,5.869999885559082,6.03000020980835,5.869999885559082,5.960000038146973,5.960000038146973,1072500
2022-12-08,5.980000019073486,6.090000152587891,5.920000076293945,5.949999809265137,5.949999809265137,1091600
2022-12-09,5.989999771118164,6.150000095367432,5.929999828338623,5.960000038146973,5.960000038146973,993100
2022-12-12,5.889999866485596,5.940000057220459,5.820000171661377,5.889999866485596,5.889999866485596,815200
2022-12-13,6.079999923706055,6.190000057220459,5.960000038146973,6.03000020980835,6.03000020980835,1416400
2022-12-14,6.039999961853027,6.039999961853027,5.809999942779541,5.920000076293945,5.920000076293945,1123600
2022-12-15,5.78000020980835,5.789999961853027,5.619999885559082,5.639999866485596,5.639999866485596,1204500
2022-12-16,5.579999923706055,5.820000171661377,5.570000171661377,5.730000019073486,5.730000019073486,2227900
2022-12-19,5.710000038146973,5.760000228881836,5.619999885559082,5.730000019073486,5.730000019073486,1024400
2022-12-20,5.800000190734863,6.199999809265137,5.800000190734863,6.090000152587891,6.090000152587891,1772000
2022-12-21,6.150000095367432,6.21999979019165,6.070000171661377,6.150000095367432,6.150000095367432,1083500
2022-12-22,6.119999885559082,6.119999885559082,5.940000057220459,6.090000152587891,6.090000152587891,1146800
2022-12-23,6.139999866485596,6.239999771118164,5.96999979019165,6.159999847412109,6.159999847412109,1013800
2022-12-27,6.210000038146973,6.409999847412109,6.170000076293945,6.309999942779541,6.309999942779541,808700
2022-12-28,6.289999961853027,6.289999961853027,6.0,6.039999961853027,6.039999961853027,805100
2022-12-29,6.150000095367432,6.150000095367432,6.0,6.039999961853027,6.039999961853027,797100
2022-12-30,6.03000020980835,6.059999942779541,5.920000076293945,5.980000019073486,5.980000019073486,737100
2023-01-03,6.039999961853027,6.25,6.010000228881836,6.050000190734863,6.050000190734863,949300
2023-01-04,6.110000133514404,6.579999923706055,6.110000133514404,6.550000190734863,6.550000190734863,1305100
2023-01-05,6.449999809265137,6.739999771118164,6.389999866485596,6.71999979019165,6.71999979019165,1267400
2023-01-06,6.849999904632568,6.860000133514404,6.679999828338623,6.760000228881836,6.760000228881836,1581000
2023-01-09,6.880000114440918,6.880000114440918,6.630000114440918,6.659999847412109,6.659999847412109,1034500
2023-01-10,6.679999828338623,6.829999923706055,6.639999866485596,6.829999923706055,6.829999923706055,628000
2023-01-11,6.840000152587891,6.849999904632568,6.659999847412109,6.760000228881836,6.760000228881836,1042800
2023-01-12,6.760000228881836,6.949999809265137,6.760000228881836,6.789999961853027,6.789999961853027,1234600
2023-01-13,6.800000190734863,6.940000057220459,6.78000020980835,6.800000190734863,6.800000190734863,1532300
2023-01-17,6.699999809265137,6.769999980926514,6.460000038146973,6.46999979019165,6.46999979019165,1513200
2023-01-18,6.590000152587891,6.690000057220459,6.489999771118164,6.489999771118164,6.489999771118164,1382700
2023-01-19,6.519999980926514,6.710000038146973,6.5,6.590000152587891,6.590000152587891,1529600
2023-01-20,6.639999866485596,6.789999961853027,6.480000019073486,6.789999961853027,6.789999961853027,1164500
2023-01-23,6.739999771118164,6.800000190734863,6.610000133514404,6.800000190734863,6.800000190734863,834000
2023-01-24,6.75,6.96999979019165,6.679999828338623,6.940000057220459,6.940000057220459,969800
2023-01-25,6.849999904632568,6.96999979019165,6.800000190734863,6.949999809265137,6.949999809265137,906800
2023-01-26,6.980000019073486,6.980000019073486,6.429999828338623,6.5,6.5,1481700
2023-01-27,6.460000038146973,6.46999979019165,6.28000020980835,6.320000171661377,6.320000171661377,936200
2023-01-30,6.329999923706055,6.369999885559082,6.230000019073486,6.230000019073486,6.230000019073486,868400
2023-01-31,6.199999809265137,6.360000133514404,6.150000095367432,6.309999942779541,6.309999942779541,1834200
2023-02-01,6.269999980926514,6.539999961853027,6.230000019073486,6.420000076293945,6.420000076293945,1475000
2023-02-02,6.440000057220459,6.5,6.25,6.389999866485596,6.389999866485596,1591400
2023-02-03,6.320000171661377,6.320000171661377,6.130000114440918,6.199999809265137,6.199999809265137,1047600
2023-02-06,6.159999847412109,6.210000038146973,6.070000171661377,6.159999847412109,6.159999847412109,1176500
2023-02-07,6.150000095367432,6.28000020980835,6.079999923706055,6.190000057220459,6.190000057220459,1034400
2023-02-08,6.179999828338623,6.260000228881836,6.090000152587891,6.099999904632568,6.099999904632568,750200
2023-02-09,6.179999828338623,6.25,6.050000190734863,6.079999923706055,6.079999923706055,1174900
2023-02-10,6.119999885559082,6.150000095367432,6.019999980926514,6.050000190734863,6.050000190734863,667300
2023-02-13,6.079999923706055,6.079999923706055,6.0,6.03000020980835,6.03000020980835,588400
2023-02-14,6.0,6.139999866485596,5.929999828338623,6.039999961853027,6.039999961853027,840100
2023-02-15,5.920000076293945,5.940000057220459,5.760000228881836,5.869999885559082,5.869999885559082,927800
2023-02-16,5.78000020980835,5.909999847412109,5.670000076293945,5.840000152587891,5.840000152587891,1285300
2023-02-17,5.840000152587891,5.880000114440918,5.690000057220459,5.829999923706055,5.829999923706055,712000
2023-02-21,5.789999961853027,5.900000095367432,5.639999866485596,5.690000057220459,5.690000057220459,797500
2023-02-22,5.690000057220459,5.690000057220459,5.570000171661377,5.599999904632568,5.599999904632568,606700
2023-02-23,5.599999904632568,5.650000095367432,5.510000228881836,5.539999961853027,5.539999961853027,551400
2023-02-24,5.5,5.510000228881836,5.400000095367432,5.5,5.5,805000
2023-02-27,5.550000190734863,5.630000114440918,5.510000228881836,5.539999961853027,5.539999961853027,595900
2023-02-28,5.539999961853027,5.650000095367432,5.480000019073486,5.590000152587891,5.590000152587891,960600
2023-03-01,5.619999885559082,5.789999961853027,5.599999904632568,5.75,5.75,706300
2023-03-02,5.690000057220459,5.75,5.659999847412109,5.710000038146973,5.710000038146973,365600
2023-03-03,5.769999980926514,5.820000171661377,5.699999809265137,5.800000190734863,5.800000190734863,507900
2023-03-06,5.800000190734863,5.800000190734863,5.610000133514404,5.659999847412109,5.659999847412109,674500
2023-03-07,5.610000133514404,5.610000133514404,5.440000057220459,5.449999809265137,5.449999809265137,786100
2023-03-08,5.449999809265137,5.489999771118164,5.320000171661377,5.400000095367432,5.400000095367432,747500
2023-03-09,5.449999809265137,5.510000228881836,5.320000171661377,5.320000171661377,5.320000171661377,743500
2023-03-10,5.369999885559082,5.559999942779541,5.309999942779541,5.320000171661377,5.320000171661377,793400
2023-03-13,5.480000019073486,5.730000019073486,5.460000038146973,5.630000114440918,5.630000114440918,1138600
2023-03-14,5.699999809265137,5.71999979019165,5.590000152587891,5.670000076293945,5.670000076293945,1604300
2023-03-15,5.730000019073486,5.730000019073486,5.5,5.599999904632568,5.599999904632568,1237800
2023-03-16,5.579999923706055,5.619999885559082,5.489999771118164,5.599999904632568,5.599999904632568,815700
2023-03-17,5.690000057220459,5.920000076293945,5.639999866485596,5.769999980926514,5.769999980926514,4438800
2023-03-20,5.809999942779541,5.940000057220459,5.730000019073486,5.909999847412109,5.909999847412109,1295300
2023-03-21,5.840000152587891,5.869999885559082,5.590000152587891,5.659999847412109,5.659999847412109,732500
2023-03-22,5.699999809265137,5.860000133514404,5.630000114440918,5.690000057220459,5.690000057220459,1045300
2023-03-23,5.730000019073486,5.909999847412109,5.730000019073486,5.820000171661377,5.820000171661377,930700
2023-03-24,5.849999904632568,6.03000020980835,5.840000152587891,5.989999771118164,5.989999771118164,962500
2023-03-27,5.909999847412109,5.949999809265137,5.800000190734863,5.940000057220459,5.940000057220459,831600
2023-03-28,5.949999809265137,6.119999885559082,5.900000095367432,6.110000133514404,6.110000133514404,641000
2023-03-29,6.110000133514404,6.179999828338623,6.039999961853027,6.110000133514404,6.110000133514404,969100
2023-03-30,6.170000076293945,6.260000228881836,6.119999885559082,6.260000228881836,6.260000228881836,1070000
2023-03-31,6.25,6.289999961853027,6.099999904632568,6.21999979019165,6.21999979019165,1232900
2023-04-03,6.230000019073486,6.400000095367432,6.179999828338623,6.349999904632568,6.349999904632568,1249700
2023-04-04,6.329999923706055,6.679999828338623,6.269999980926514,6.550000190734863,6.550000190734863,2000700
2023-04-05,6.53000020980835,6.619999885559082,5.829999923706055,6.03000020980835,6.03000020980835,2451800
2023-04-06,6.0,6.039999961853027,5.849999904632568,6.039999961853027,6.039999961853027,1005700
2023-04-10,5.96999979019165,6.039999961853027,5.849999904632568,5.940000057220459,5.940000057220459,1525600
2023-04-11,6.099999904632568,6.210000038146973,5.96999979019165,6.110000133514404,6.110000133514404,1505600
2023-04-12,6.230000019073486,6.260000228881836,6.139999866485596,6.210000038146973,6.210000038146973,1026000
2023-04-13,6.360000133514404,6.510000228881836,6.349999904632568,6.409999847412109,6.409999847412109,1267600
2023-04-14,6.380000114440918,6.389999866485596,6.139999866485596,6.21999979019165,6.21999979019165,1084400
2023-04-17,6.130000114440918,6.139999866485596,5.860000133514404,5.860000133514404,5.860000133514404,944200
2023-04-18,5.900000095367432,5.980000019073486,5.75,5.880000114440918,5.880000114440918,1068300
2023-04-19,5.75,5.800000190734863,5.619999885559082,5.650000095367432,5.650000095367432,1282200
2023-04-20,5.650000095367432,5.739999771118164,5.619999885559082,5.670000076293945,5.670000076293945,741800
2023-04-21,5.599999904632568,5.650000095367432,5.5,5.559999942779541,5.559999942779541,825000
2023-04-24,5.53000020980835,5.570000171661377,5.480000019073486,5.570000171661377,5.570000171661377,660400
2023-04-25,5.53000020980835,5.539999961853027,5.420000076293945,5.539999961853027,5.539999961853027,729400
2023-04-26,5.570000171661377,5.599999904632568,5.389999866485596,5.420000076293945,5.420000076293945,998400
2023-04-27,5.320000171661377,5.46999979019165,5.320000171661377,5.46999979019165,5.46999979019165,656900
2023-04-28,5.389999866485596,5.489999771118164,5.389999866485596,5.440000057220459,5.440000057220459,861200
2023-05-01,5.519999980926514,5.590000152587891,5.409999847412109,5.429999828338623,5.429999828338623,625700
2023-05-02,5.429999828338623,5.559999942779541,5.349999904632568,5.510000228881836,5.510000228881836,1094400
2023-05-03,5.510000228881836,5.630000114440918,5.46999979019165,5.539999961853027,5.539999961853027,1082700
2023-05-04,5.619999885559082,5.75,5.599999904632568,5.679999828338623,5.679999828338623,1229200
2023-05-05,5.599999904632568,5.659999847412109,5.489999771118164,5.619999885559082,5.619999885559082,1056500
2023-05-08,5.679999828338623,5.679999828338623,5.480000019073486,5.510000228881836,5.510000228881836,671700
2023-05-09,5.539999961853027,5.579999923706055,5.460000038146973,5.570000171661377,5.570000171661377,612100
2023-05-10,5.599999904632568,5.599999904632568,5.409999847412109,5.53000020980835,5.53000020980835,652800
2023-05-11,5.449999809265137,5.46999979019165,5.300000190734863,5.300000190734863,5.300000190734863,1029400
2023-05-12,5.28000020980835,5.389999866485596,5.25,5.380000114440918,5.380000114440918,878700
2023-05-15,5.389999866485596,5.5,5.389999866485596,5.489999771118164,5.489999771118164,683100
2023-05-16,5.460000038146973,5.480000019073486,5.349999904632568,5.420000076293945,5.420000076293945,1199400
2023-05-17,5.409999847412109,5.429999828338623,5.300000190734863,5.420000076293945,5.420000076293945,1163100
2023-05-18,5.360000133514404,5.380000114440918,5.269999980926514,5.340000152587891,5.340000152587891,928700
2023-05-19,5.420000076293945,5.420000076293945,5.300000190734863,5.360000133514404,5.360000133514404,947400
2023-05-22,5.340000152587891,5.449999809265137,5.340000152587891,5.440000057220459,5.440000057220459,746300
2023-05-23,5.380000114440918,5.519999980926514,5.309999942779541,5.519999980926514,5.519999980926514,1075100
2023-05-24,5.559999942779541,5.559999942779541,5.360000133514404,5.369999885559082,5.369999885559082,1659700
2023-05-25,5.309999942779541,5.400000095367432,5.210000038146973,5.260000228881836,5.260000228881836,2092500
2023-05-26,5.28000020980835,5.340000152587891,5.199999809265137,5.239999771118164,5.239999771118164,1775400
2023-05-30,5.199999809265137,5.239999771118164,4.96999979019165,5.010000228881836,5.010000228881836,1599300
2023-05-31,5.03000020980835,5.190000057220459,5.0,5.150000095367432,5.150000095367432,1264700
2023-06-01,5.179999828338623,5.340000152587891,5.130000114440918,5.28000020980835,5.28000020980835,1014200
2023-06-02,5.289999961853027,5.329999923706055,5.139999866485596,5.210000038146973,5.210000038146973,1164300
2023-06-05,5.170000076293945,5.309999942779541,5.159999847412109,5.260000228881836,5.260000228881836,576700
2023-06-06,5.239999771118164,5.369999885559082,5.210000038146973,5.349999904632568,5.349999904632568,864600
2023-06-07,5.360000133514404,5.510000228881836,5.300000190734863,5.329999923706055,5.329999923706055,1358400
2023-06-08,5.429999828338623,5.519999980926514,5.289999961853027,5.329999923706055,5.329999923706055,822800
2023-06-09,5.300000190734863,5.300000190734863,5.170000076293945,5.21999979019165,5.21999979019165,1007100
2023-06-12,5.179999828338623,5.179999828338623,5.019999980926514,5.099999904632568,5.099999904632568,1333000
2023-06-13,5.159999847412109,5.239999771118164,5.110000133514404,5.119999885559082,5.119999885559082,1155700
2023-06-14,5.110000133514404,5.190000057220459,5.059999942779541,5.090000152587891,5.090000152587891,1231200
2023-06-15,5.079999923706055,5.090000152587891,4.980000019073486,5.0,5.0,1295100
2023-06-16,5.03000020980835,5.159999847412109,4.960000038146973,5.079999923706055,5.079999923706055,2760000
2023-06-20,5.0,5.070000171661377,4.829999923706055,4.849999904632568,4.849999904632568,1314800
2023-06-21,4.820000171661377,4.860000133514404,4.760000228881836,4.78000020980835,4.78000020980835,1107900
2023-06-22,4.75,4.75,4.650000095367432,4.699999809265137,4.699999809265137,1201800
2023-06-23,4.699999809265137,4.739999771118164,4.570000171661377,4.579999923706055,4.579999923706055,2586200
2023-06-26,4.659999847412109,4.670000076293945,4.579999923706055,4.610000133514404,4.610000133514404,1034100
2023-06-27,4.670000076293945,4.690000057220459,4.510000228881836,4.570000171661377,4.570000171661377,1212200
2023-06-28,4.5,4.510000228881836,3.8499999046325684,3.9600000381469727,3.9600000381469727,4823200
2023-06-29,3.9200000762939453,3.930000066757202,3.8399999141693115,3.890000104904175,3.890000104904175,2081000
2023-06-30,3.880000114440918,3.990000009536743,3.8499999046325684,3.990000009536743,3.990000009536743,2405000
2023-07-03,3.990000009536743,4.079999923706055,3.990000009536743,4.070000171661377,4.070000171661377,675800
2023-07-05,4.050000190734863,4.059999942779541,3.9200000762939453,3.940000057220459,3.940000057220459,2878800
2023-07-06,3.9200000762939453,4.059999942779541,3.9000000953674316,3.930000066757202,3.930000066757202,2011600
2023-07-07,3.930000066757202,3.9800000190734863,3.9200000762939453,3.940000057220459,3.940000057220459,1048700
2023-07-10,3.9000000953674316,4.150000095367432,3.9000000953674316,4.110000133514404,4.110000133514404,1426200
2023-07-11,4.099999904632568,4.300000190734863,4.090000152587891,4.239999771118164,4.239999771118164,916200
2023-07-12,4.320000171661377,4.449999809265137,4.28000020980835,4.380000114440918,4.380000114440918,1895100
2023-07-13,4.449999809265137,4.449999809265137,4.289999961853027,4.440000057220459,4.440000057220459,1817400
2023-07-14,4.440000057220459,4.489999771118164,4.309999942779541,4.309999942779541,4.309999942779541,951200
2023-07-17,4.300000190734863,4.449999809265137,4.25,4.440000057220459,4.440000057220459,1292000
2023-07-18,4.46999979019165,4.670000076293945,4.429999828338623,4.599999904632568,4.599999904632568,1220400
2023-07-19,4.619999885559082,4.630000114440918,4.559999942779541,4.610000133514404,4.610000133514404,771300
2023-07-20,4.570000171661377,4.570000171661377,4.449999809265137,4.489999771118164,4.489999771118164,767300
2023-07-21,4.489999771118164,4.489999771118164,4.349999904632568,4.420000076293945,4.420000076293945,901100
2023-07-24,4.429999828338623,4.46999979019165,4.360000133514404,4.449999809265137,4.449999809265137,659000
2023-07-25,4.420000076293945,4.510000228881836,4.420000076293945,4.46999979019165,4.46999979019165,653400
2023-07-26,4.449999809265137,4.519999980926514,4.429999828338623,4.460000038146973,4.460000038146973,662200
2023-07-27,4.409999847412109,4.420000076293945,4.260000228881836,4.269999980926514,4.269999980926514,1169000
2023-07-28,4.28000020980835,4.409999847412109,4.28000020980835,4.360000133514404,4.360000133514404,912300
2023-07-31,4.329999923706055,4.559999942779541,4.309999942779541,4.510000228881836,4.510000228881836,859200
2023-08-01,4.429999828338623,4.440000057220459,4.360000133514404,4.380000114440918,4.380000114440918,776700
2023-08-02,4.360000133514404,4.369999885559082,4.210000038146973,4.309999942779541,4.309999942779541,795400
2023-08-03,4.309999942779541,4.369999885559082,4.269999980926514,4.28000020980835,4.28000020980835,871500
2023-08-04,4.320000171661377,4.420000076293945,4.320000171661377,4.349999904632568,4.349999904632568,557500
2023-08-07,4.320000171661377,4.389999866485596,4.25,4.360000133514404,4.360000133514404,445400
2023-08-08,4.300000190734863,4.300000190734863,4.139999866485596,4.25,4.25,1106600
2023-08-09,4.239999771118164,4.300000190734863,4.199999809265137,4.239999771118164,4.239999771118164,624800
2023-08-10,4.289999961853027,4.349999904632568,4.25,4.289999961853027,4.289999961853027,645200
2023-08-11,4.28000020980835,4.369999885559082,4.21999979019165,4.360000133514404,4.360000133514404,597800
2023-08-14,4.340000152587891,4.340000152587891,4.070000171661377,4.21999979019165,4.21999979019165,906500
2023-08-15,4.210000038146973,4.260000228881836,4.110000133514404,4.130000114440918,4.130000114440918,686500
2023-08-16,4.090000152587891,4.139999866485596,4.050000190734863,4.059999942779541,4.059999942779541,891400
2023-08-17,4.059999942779541,4.159999847412109,4.059999942779541,4.130000114440918,4.130000114440918,786400
2023-08-18,4.099999904632568,4.110000133514404,4.050000190734863,4.079999923706055,4.079999923706055,874500
2023-08-21,4.099999904632568,4.110000133514404,3.930000066757202,4.050000190734863,4.050000190734863,1446100
2023-08-22,4.059999942779541,4.059999942779541,3.940000057220459,4.010000228881836,4.010000228881836,668100
2023-08-23,4.050000190734863,4.210000038146973,4.050000190734863,4.159999847412109,4.159999847412109,859500
2023-08-24,4.110000133514404,4.179999828338623,4.010000228881836,4.119999885559082,4.119999885559082,1053900
2023-08-25,4.139999866485596,4.139999866485596,3.950000047683716,3.990000009536743,3.990000009536743,1006800
2023-08-28,3.9700000286102295,4.28000020980835,3.9700000286102295,4.25,4.25,1062600
2023-08-29,4.199999809265137,4.349999904632568,4.179999828338623,4.28000020980835,4.28000020980835,876400
2023-08-30,4.320000171661377,4.409999847412109,4.239999771118164,4.289999961853027,4.289999961853027,976500
2023-08-31,4.28000020980835,4.320000171661377,4.119999885559082,4.119999885559082,4.119999885559082,1244700
2023-09-01,4.190000057220459,4.269999980926514,4.170000076293945,4.179999828338623,4.179999828338623,812500
2023-09-05,4.099999904632568,4.159999847412109,3.9700000286102295,4.010000228881836,4.010000228881836,982200
2023-09-06,4.0,4.010000228881836,3.9000000953674316,3.930000066757202,3.930000066757202,1336100
2023-09-07,3.930000066757202,3.950000047683716,3.859999895095825,3.9000000953674316,3.9000000953674316,1529400
2023-09-08,3.930000066757202,4.039999961853027,3.859999895095825,3.950000047683716,3.950000047683716,1671400
2023-09-11,4.019999980926514,4.090000152587891,3.9200000762939453,3.940000057220459,3.940000057220459,1241700
2023-09-12,3.880000114440918,3.990000009536743,3.880000114440918,3.9700000286102295,3.9700000286102295,1096000
2023-09-13,3.9600000381469727,3.9700000286102295,3.9100000858306885,3.9600000381469727,3.9600000381469727,1141600
2023-09-14,4.019999980926514,4.03000020980835,3.9600000381469727,4.010000228881836,4.010000228881836,1456700
2023-09-15,4.010000228881836,4.130000114440918,4.010000228881836,4.090000152587891,4.090000152587891,3393700
2023-09-18,4.090000152587891,4.139999866485596,4.03000020980835,4.110000133514404,4.110000133514404,1334000
2023-09-19,4.099999904632568,4.139999866485596,4.070000171661377,4.110000133514404,4.110000133514404,1525700
2023-09-20,4.159999847412109,4.550000190734863,4.119999885559082,4.389999866485596,4.389999866485596,2037900
2023-09-21,4.28000020980835,4.429999828338623,4.230000019073486,4.360000133514404,4.360000133514404,1472800
2023-09-22,4.409999847412109,4.460000038146973,4.349999904632568,4.349999904632568,4.349999904632568,1107700
2023-09-25,4.329999923706055,4.340000152587891,4.150000095367432,4.269999980926514,4.269999980926514,1295600
2023-09-26,4.230000019073486,4.28000020980835,4.150000095367432,4.150000095367432,4.150000095367432,827000
2023-09-27,4.099999904632568,4.199999809265137,3.9800000190734863,4.010000228881836,4.010000228881836,1380400
2023-09-28,4.039999961853027,4.039999961853027,3.8399999141693115,3.950000047683716,3.950000047683716,1682100
2023-09-29,4.0,4.03000020980835,3.7799999713897705,3.8399999141693115,3.8399999141693115,1650600
2023-10-02,3.819999933242798,3.819999933242798,3.4600000381469727,3.549999952316284,3.549999952316284,2169500
2023-10-03,3.5399999618530273,3.5899999141693115,3.450000047683716,3.5199999809265137,3.5199999809265137,1607400
2023-10-04,3.450000047683716,3.5799999237060547,3.4100000858306885,3.440000057220459,3.440000057220459,1376000
2023-10-05,3.430000066757202,3.450000047683716,3.2899999618530273,3.4100000858306885,3.4100000858306885,1609400
2023-10-06,3.390000104904175,3.559999942779541,3.3399999141693115,3.5199999809265137,3.5199999809265137,1400800
2023-10-09,3.619999885559082,3.7100000381469727,3.609999895095825,3.6500000953674316,3.6500000953674316,1012700
2023-10-10,3.6500000953674316,3.7100000381469727,3.630000114440918,3.690000057220459,3.690000057220459,920200
2023-10-11,3.740000009536743,3.8399999141693115,3.7300000190734863,3.7799999713897705,3.7799999713897705,931500
2023-10-12,3.799999952316284,3.819999933242798,3.5299999713897705,3.5399999618530273,3.5399999618530273,1936900
2023-10-13,3.7300000190734863,3.869999885559082,3.6500000953674316,3.7799999713897705,3.7799999713897705,2098200
2023-10-16,3.869999885559082,3.9200000762939453,3.759999990463257,3.809999942779541,3.809999942779541,1437300
2023-10-17,3.809999942779541,3.880000114440918,3.7799999713897705,3.8399999141693115,3.8399999141693115,1313800
2023-10-18,3.9600000381469727,3.9800000190734863,3.809999942779541,3.859999895095825,3.859999895095825,1446900
2023-10-19,3.8499999046325684,3.8499999046325684,3.680000066757202,3.740000009536743,3.740000009536743,1974600
2023-10-20,3.7699999809265137,4.03000020980835,3.759999990463257,3.819999933242798,3.819999933242798,2206500
2023-10-23,3.809999942779541,3.809999942779541,3.640000104904175,3.690000057220459,3.690000057220459,1466800
2023-10-24,3.6600000858306885,3.759999990463257,3.640000104904175,3.7100000381469727,3.7100000381469727,1133800
2023-10-25,3.6700000762939453,3.759999990463257,3.559999942779541,3.5799999237060547,3.5799999237060547,1332500
2023-10-26,3.5799999237060547,3.6600000858306885,3.549999952316284,3.619999885559082,3.619999885559082,1257100
2023-10-27,3.6500000953674316,3.700000047683716,3.509999990463257,3.6700000762939453,3.6700000762939453,1109200
2023-10-30,3.680000066757202,3.75,3.609999895095825,3.640000104904175,3.640000104904175,1184400
2023-10-31,3.609999895095825,3.630000114440918,3.4600000381469727,3.5199999809265137,3.5199999809265137,1779800
2023-11-01,3.509999990463257,3.5299999713897705,3.4100000858306885,3.4700000286102295,3.4700000286102295,1232800
2023-11-02,3.5299999713897705,3.5899999141693115,3.4600000381469727,3.569999933242798,3.569999933242798,1246900
2023-11-03,3.5999999046325684,3.859999895095825,3.5899999141693115,3.8299999237060547,3.8299999237060547,1354500
2023-11-06,3.7899999618530273,3.8399999141693115,3.7200000286102295,3.740000009536743,3.740000009536743,867100
2023-11-07,3.6500000953674316,3.700000047683716,3.559999942779541,3.630000114440918,3.630000114440918,900600
2023-11-08,3.5899999141693115,3.630000114440918,3.559999942779541,3.5999999046325684,3.5999999046325684,1014000
2023-11-09,3.609999895095825,3.680000066757202,3.559999942779541,3.569999933242798,3.569999933242798,624800
2023-11-10,3.549999952316284,3.609999895095825,3.5199999809265137,3.5799999237060547,3.5799999237060547,926900
2023-11-13,3.5999999046325684,3.7300000190734863,3.5799999237060547,3.6500000953674316,3.6500000953674316,1195300
2023-11-14,3.799999952316284,4.0,3.75,3.9700000286102295,3.9700000286102295,1364300
2023-11-15,3.9700000286102295,3.990000009536743,3.859999895095825,3.859999895095825,3.859999895095825,989900
2023-11-16,3.8499999046325684,4.050000190734863,3.8499999046325684,3.9200000762939453,3.9200000762939453,1355700
2023-11-17,3.950000047683716,4.019999980926514,3.9000000953674316,3.9800000190734863,3.9800000190734863,1100900
2023-11-20,3.9000000953674316,3.9800000190734863,3.7799999713897705,3.8299999237060547,3.8299999237060547,1417600
2023-11-21,3.890000104904175,4.0,3.880000114440918,3.890000104904175,3.890000104904175,1097000
2023-11-22,3.880000114440918,3.930000066757202,3.8499999046325684,3.9100000858306885,3.9100000858306885,861900
2023-11-24,3.880000114440918,3.950000047683716,3.8399999141693115,3.9200000762939453,3.9200000762939453,914800
2023-11-27,3.940000057220459,4.059999942779541,3.890000104904175,4.010000228881836,4.010000228881836,2794700
2023-11-28,4.050000190734863,4.25,4.050000190734863,4.21999979019165,4.21999979019165,1330000
2023-11-29,4.239999771118164,4.309999942779541,4.139999866485596,4.25,4.25,1109300
2023-11-30,4.190000057220459,4.21999979019165,4.110000133514404,4.199999809265137,4.199999809265137,1308500
2023-12-01,4.150000095367432,4.349999904632568,4.139999866485596,4.329999923706055,4.329999923706055,1684300
2023-12-04,4.28000020980835,4.289999961853027,4.159999847412109,4.199999809265137,4.199999809265137,2435000
2023-12-05,4.159999847412109,4.190000057220459,4.070000171661377,4.090000152587891,4.090000152587891,1481400
2023-12-06,4.070000171661377,4.139999866485596,4.039999961853027,4.070000171661377,4.070000171661377,1385900
2023-12-07,4.070000171661377,4.110000133514404,4.010000228881836,4.050000190734863,4.050000190734863,1395000
2023-12-08,4.0,4.079999923706055,3.930000066757202,4.0,4.0,1288700
2023-12-11,3.930000066757202,3.940000057220459,3.609999895095825,3.6500000953674316,3.6500000953674316,2400500
2023-12-12,3.6500000953674316,3.6500000953674316,3.25,3.309999942779541,3.309999942779541,2429600
2023-12-13,3.2899999618530273,3.6700000762939453,3.25,3.6500000953674316,3.6500000953674316,2309800
2023-12-14,3.7300000190734863,3.8399999141693115,3.640000104904175,3.690000057220459,3.690000057220459,2678200
2023-12-15,3.700000047683716,3.700000047683716,3.4100000858306885,3.440000057220459,3.440000057220459,4301300
2023-12-18,3.4700000286102295,3.5199999809265137,3.4200000762939453,3.4600000381469727,3.4600000381469727,2984200
2023-12-19,3.509999990463257,3.640000104904175,3.4800000190734863,3.630000114440918,3.630000114440918,2377800
2023-12-20,3.630000114440918,3.6600000858306885,3.5,3.509999990463257,3.509999990463257,1965800
2023-12-21,3.559999942779541,3.6600000858306885,3.559999942779541,3.5799999237060547,3.5799999237060547,1585100
2023-12-22,3.700000047683716,3.8499999046325684,3.680000066757202,3.690000057220459,3.690000057220459,1495600
2023-12-26,3.7200000286102295,3.7799999713897705,3.640000104904175,3.7200000286102295,3.7200000286102295,845800
2023-12-27,3.7300000190734863,3.859999895095825,3.7200000286102295,3.8499999046325684,3.8499999046325684,2238800
2023-12-28,3.819999933242798,3.869999885559082,3.759999990463257,3.7699999809265137,3.7699999809265137,1665200
2023-12-29,3.7699999809265137,3.7699999809265137,3.680000066757202,3.740000009536743,3.740000009536743,1411900
2024-01-02,3.75,3.890000104904175,3.7300000190734863,3.799999952316284,3.799999952316284,1906700
2024-01-03,3.7200000286102295,3.759999990463257,3.5899999141693115,3.680000066757202,3.680000066757202,1756900
2024-01-04,3.7100000381469727,3.75,3.609999895095825,3.6700000762939453,3.6700000762939453,1963400
2024-01-05,3.6600000858306885,3.809999942779541,3.619999885559082,3.6600000858306885,3.6600000858306885,1821000
2024-01-08,3.619999885559082,3.7100000381469727,3.5799999237060547,3.680000066757202,3.680000066757202,1595500
2024-01-09,3.6700000762939453,3.6700000762939453,3.559999942779541,3.569999933242798,3.569999933242798,3371000
2024-01-10,3.569999933242798,3.619999885559082,3.4200000762939453,3.569999933242798,3.569999933242798,2196700
2024-01-11,3.559999942779541,3.5999999046325684,3.4700000286102295,3.5299999713897705,3.5299999713897705,2736200
2024-01-12,3.630000114440918,3.680000066757202,3.5299999713897705,3.549999952316284,3.549999952316284,1846100
2024-01-16,3.5399999618530273,3.5799999237060547,3.4600000381469727,3.5399999618530273,3.5399999618530273,3169300
2024-01-17,3.4800000190734863,3.549999952316284,3.4600000381469727,3.5199999809265137,3.5199999809265137,2394100
2024-01-18,3.5299999713897705,3.569999933242798,3.490000009536743,3.5199999809265137,3.5199999809265137,2753500
2024-01-19,3.569999933242798,3.5999999046325684,3.490000009536743,3.5799999237060547,3.5799999237060547,2976700
2024-01-22,3.559999942779541,3.5799999237060547,3.440000057220459,3.5,3.5,4163900
2024-01-23,3.509999990463257,3.5399999618530273,3.380000114440918,3.4700000286102295,3.4700000286102295,3124900
2024-01-24,3.5199999809265137,3.5199999809265137,3.049999952316284,3.1700000762939453,3.1700000762939453,4998000
2024-01-25,3.25,3.299999952316284,2.9600000381469727,2.9700000286102295,2.9700000286102295,3023900
2024-01-26,2.930000066757202,2.990000009536743,2.809999942779541,2.8299999237060547,2.8299999237060547,2821200
2024-01-29,2.880000114440918,2.9000000953674316,2.7100000381469727,2.799999952316284,2.799999952316284,3824100
2024-01-30,2.799999952316284,2.8299999237060547,2.5999999046325684,2.640000104904175,2.640000104904175,3001800
2024-01-31,2.6500000953674316,2.700000047683716,2.5399999618530273,2.559999942779541,2.559999942779541,2789500
2024-02-01,2.5799999237060547,2.6700000762939453,2.559999942779541,2.5999999046325684,2.5999999046325684,2162800
2024-02-02,2.509999990463257,2.5299999713897705,2.4200000762939453,2.5,2.5,2523500
2024-02-05,2.430000066757202,2.450000047683716,2.2899999618530273,2.390000104904175,2.390000104904175,2901400
2024-02-06,2.390000104904175,2.440000057220459,2.359999895095825,2.4100000858306885,2.4100000858306885,910700
2024-02-07,2.4000000953674316,2.4000000953674316,2.240000009536743,2.2799999713897705,2.2799999713897705,1912700
2024-02-08,2.259999990463257,2.4100000858306885,2.2300000190734863,2.369999885559082,2.369999885559082,1789300
2024-02-09,2.369999885559082,2.490000009536743,2.3499999046325684,2.450000047683716,2.450000047683716,2957600
2024-02-12,2.4600000381469727,2.569999933242798,2.4600000381469727,2.509999990463257,2.509999990463257,2464500
2024-02-13,2.4100000858306885,2.450000047683716,2.319999933242798,2.3499999046325684,2.3499999046325684,2160700
2024-02-14,2.380000114440918,2.430000066757202,2.309999942779541,2.430000066757202,2.430000066757202,2103900
2024-02-15,2.4700000286102295,2.5799999237060547,2.440000057220459,2.5299999713897705,2.5299999713897705,2816600
2024-02-16,2.5199999809265137,2.5199999809265137,2.359999895095825,2.369999885559082,2.369999885559082,3119100
2024-02-20,2.380000114440918,2.4200000762939453,2.2799999713897705,2.390000104904175,2.390000104904175,2400300
2024-02-21,2.369999885559082,2.4700000286102295,2.3499999046325684,2.390000104904175,2.390000104904175,1849100
2024-02-22,2.369999885559082,2.4800000190734863,2.3299999237060547,2.369999885559082,2.369999885559082,3655300
2024-02-23,2.390000104904175,2.430000066757202,2.299999952316284,2.4000000953674316,2.4000000953674316,2058700
2024-02-26,2.380000114440918,2.380000114440918,2.309999942779541,2.359999895095825,2.359999895095825,1883200
2024-02-27,2.390000104904175,2.440000057220459,2.359999895095825,2.369999885559082,2.369999885559082,1457000
2024-02-28,2.369999885559082,2.4200000762939453,2.319999933242798,2.3299999237060547,2.3299999237060547,1311500
2024-02-29,2.4100000858306885,2.509999990463257,2.390000104904175,2.4800000190734863,2.4800000190734863,2060600
2024-03-01,2.490000009536743,2.549999952316284,2.4100000858306885,2.490000009536743,2.490000009536743,2829900
2024-03-04,2.5199999809265137,2.5399999618530273,2.4700000286102295,2.490000009536743,2.490000009536743,2126800
2024-03-05,2.5199999809265137,2.609999895095825,2.4700000286102295,2.5199999809265137,2.5199999809265137,3739700
2024-03-06,2.549999952316284,2.569999933242798,2.4700000286102295,2.4800000190734863,2.4800000190734863,2643100
2024-03-07,2.5299999713897705,2.690000057220459,2.4700000286102295,2.609999895095825,2.609999895095825,3661800
2024-03-08,2.6700000762939453,2.6700000762939453,2.549999952316284,2.549999952316284,2.549999952316284,1662700
2024-03-11,2.619999885559082,2.6500000953674316,2.549999952316284,2.6500000953674316,2.6500000953674316,1791800
2024-03-12,2.609999895095825,2.630000114440918,2.450000047683716,2.4800000190734863,2.4800000190734863,2176500
2024-03-13,2.490000009536743,2.5899999141693115,2.4600000381469727,2.5899999141693115,2.5899999141693115,2853700
2024-03-14,2.559999942779541,2.640000104904175,2.5199999809265137,2.5899999141693115,2.5899999141693115,2382300
2024-03-15,2.5799999237060547,2.7899999618530273,2.5799999237060547,2.75,2.75,5015500
2024-03-18,2.7799999713897705,2.7899999618530273,2.609999895095825,2.630000114440918,2.630000114440918,1346500
2024-03-19,2.630000114440918,2.680000066757202,2.559999942779541,2.619999885559082,2.619999885559082,1183700
2024-03-20,2.640000104904175,2.799999952316284,2.5799999237060547,2.799999952316284,2.799999952316284,1801900
2024-03-21,2.869999885559082,2.869999885559082,2.680000066757202,2.700000047683716,2.700000047683716,2090700
2024-03-22,2.7200000286102295,2.75,2.6700000762939453,2.690000057220459,2.690000057220459,1554500
2024-03-25,2.690000057220459,2.759999990463257,2.559999942779541,2.569999933242798,2.569999933242798,1307700
2024-03-26,2.700000047683716,2.7899999618530273,2.6500000953674316,2.7100000381469727,2.7100000381469727,1599700
2024-03-27,2.759999990463257,2.799999952316284,2.7100000381469727,2.759999990463257,2.759999990463257,2211500
2024-03-28,2.799999952316284,3.0,2.799999952316284,3.0,3.0,2736200
2024-04-01,3.140000104904175,3.200000047683716,3.0199999809265137,3.1600000858306885,3.1600000858306885,2953400
2024-04-02,3.25,3.299999952316284,3.130000114440918,3.2200000286102295,3.2200000286102295,2483900
2024-04-03,3.240000009536743,3.3399999141693115,3.1600000858306885,3.309999942779541,3.309999942779541,2603600
2024-04-04,3.190000057220459,3.2100000381469727,2.880000114440918,3.0399999618530273,3.0399999618530273,5048800
2024-04-05,3.049999952316284,3.200000047683716,3.0299999713897705,3.190000057220459,3.190000057220459,1902300
2024-04-08,3.240000009536743,3.3399999141693115,3.1600000858306885,3.200000047683716,3.200000047683716,1962300
2024-04-09,3.240000009536743,3.309999942779541,3.1500000953674316,3.2799999713897705,3.2799999713897705,2345300
2024-04-10,3.190000057220459,3.240000009536743,3.119999885559082,3.140000104904175,3.140000104904175,2264800
2024-04-11,3.200000047683716,3.2300000190734863,3.140000104904175,3.180000066757202,3.180000066757202,1812100
2024-04-12,3.259999990463257,3.369999885559082,3.109999895095825,3.1500000953674316,3.1500000953674316,3878900
2024-04-15,3.180000066757202,3.200000047683716,3.0999999046325684,3.140000104904175,3.140000104904175,1791100
2024-04-16,3.109999895095825,3.180000066757202,3.0799999237060547,3.119999885559082,3.119999885559082,2050900
2024-04-17,3.140000104904175,3.200000047683716,3.0799999237060547,3.130000114440918,3.130000114440918,1494800
2024-04-18,3.1600000858306885,3.180000066757202,3.059999942779541,3.069999933242798,3.069999933242798,1480400
2024-04-19,3.059999942779541,3.0999999046325684,3.0199999809265137,3.0999999046325684,3.0999999046325684,2006600
2024-04-22,2.9800000190734863,3.0199999809265137,2.7799999713897705,2.809999942779541,2.809999942779541,2553300
2024-04-23,2.759999990463257,2.990000009536743,2.75,2.930000066757202,2.930000066757202,1750300
2024-04-24,2.9000000953674316,2.950000047683716,2.8399999141693115,2.8499999046325684,2.8499999046325684,1243400
2024-04-25,2.8299999237060547,2.930000066757202,2.809999942779541,2.9000000953674316,2.9000000953674316,1136800
2024-04-26,2.9100000858306885,2.9800000190734863,2.859999895095825,2.940000057220459,2.940000057220459,1034900
2024-04-29,2.940000057220459,3.069999933242798,2.930000066757202,3.059999942779541,3.059999942779541,1159300
2024-04-30,2.9700000286102295,3.0,2.9000000953674316,2.9000000953674316,2.9000000953674316,842000
2024-05-01,2.930000066757202,3.1500000953674316,2.9100000858306885,3.0299999713897705,3.0299999713897705,1590500
2024-05-02,3.0399999618530273,3.059999942779541,2.9700000286102295,3.0,3.0,731700
2024-05-03,3.059999942779541,3.0899999141693115,2.990000009536743,3.0299999713897705,3.0299999713897705,890700
2024-05-06,3.0799999237060547,3.130000114440918,3.0299999713897705,3.059999942779541,3.059999942779541,667000
2024-05-07,3.049999952316284,3.069999933242798,2.9800000190734863,3.049999952316284,3.049999952316284,751000
2024-05-08,3.0199999809265137,3.0799999237060547,2.990000009536743,3.009999990463257,3.009999990463257,544700
2024-05-09,3.0199999809265137,3.0899999141693115,2.9200000762939453,2.930000066757202,2.930000066757202,1946300
2024-05-10,2.9600000381469727,2.990000009536743,2.8399999141693115,2.8399999141693115,2.8399999141693115,1571300
2024-05-13,2.8299999237060547,2.9200000762939453,2.8299999237060547,2.869999885559082,2.869999885559082,766000
2024-05-14,2.930000066757202,3.0799999237060547,2.9100000858306885,3.049999952316284,3.049999952316284,1289800
2024-05-15,3.0799999237060547,3.180000066757202,3.0399999618530273,3.1500000953674316,3.1500000953674316,1161000
2024-05-16,3.130000114440918,3.299999952316284,3.0999999046325684,3.2699999809265137,3.2699999809265137,1328800
2024-05-17,3.380000114440918,3.5399999618530273,3.359999895095825,3.490000009536743,3.490000009536743,1851900
2024-05-20,3.5299999713897705,3.609999895095825,3.4800000190734863,3.5399999618530273,3.5399999618530273,1430700
2024-05-21,3.5199999809265137,3.619999885559082,3.4600000381469727,3.569999933242798,3.569999933242798,1273900
2024-05-22,3.509999990463257,3.6500000953674316,3.5,3.5799999237060547,3.5799999237060547,2158600
2024-05-23,3.5799999237060547,3.5899999141693115,3.5,3.5299999713897705,3.5299999713897705,1851300
2024-05-24,3.559999942779541,3.6500000953674316,3.549999952316284,3.5999999046325684,3.5999999046325684,761000
2024-05-28,3.6500000953674316,3.869999885559082,3.6500000953674316,3.8299999237060547,3.8299999237060547,1816200
2024-05-29,3.740000009536743,3.819999933242798,3.7100000381469727,3.7899999618530273,3.7899999618530273,1923800
2024-05-30,3.7699999809265137,4.119999885559082,3.7699999809265137,4.070000171661377,4.070000171661377,2394300
2024-05-31,4.199999809265137,4.199999809265137,3.9100000858306885,3.930000066757202,3.930000066757202,2851400
2024-06-03,3.9700000286102295,4.010000228881836,3.869999885559082,3.990000009536743,3.990000009536743,891400
2024-06-04,3.930000066757202,3.940000057220459,3.75,3.819999933242798,3.819999933242798,995500
2024-06-05,3.8499999046325684,3.940000057220459,3.7799999713897705,3.9100000858306885,3.9100000858306885,1203900
2024-06-06,3.9000000953674316,4.059999942779541,3.880000114440918,4.039999961853027,4.039999961853027,899300
2024-06-07,3.859999895095825,3.940000057220459,3.6700000762939453,3.7200000286102295,3.7200000286102295,1685600
2024-06-10,3.680000066757202,3.7300000190734863,3.619999885559082,3.7100000381469727,3.7100000381469727,1174000
2024-06-11,3.6500000953674316,3.6700000762939453,3.5299999713897705,3.619999885559082,3.619999885559082,1288200
2024-06-12,3.740000009536743,3.799999952316284,3.569999933242798,3.5899999141693115,3.5899999141693115,1017800
2024-06-13,3.5399999618530273,3.5899999141693115,3.4200000762939453,3.440000057220459,3.440000057220459,1108800
2024-06-14,3.4600000381469727,3.5299999713897705,3.430000066757202,3.5,3.5,953500
2024-06-17,3.450000047683716,3.4800000190734863,3.200000047683716,3.2100000381469727,3.2100000381469727,1789900
2024-06-18,3.2100000381469727,3.25,3.119999885559082,3.240000009536743,3.240000009536743,1453300
2024-06-20,3.25,3.319999933242798,3.180000066757202,3.319999933242798,3.319999933242798,1938300
2024-06-21,3.3299999237060547,3.4100000858306885,3.2699999809265137,3.3499999046325684,3.3499999046325684,5124900
2024-06-24,3.4200000762939453,3.6500000953674316,3.4000000953674316,3.490000009536743,3.490000009536743,1997800
2024-06-25,3.4600000381469727,3.5899999141693115,3.4600000381469727,3.5399999618530273,3.5399999618530273,966000
2024-06-26,3.5,3.5299999713897705,3.380000114440918,3.390000104904175,3.390000104904175,1253000
2024-06-27,3.390000104904175,3.7300000190734863,3.3499999046325684,3.630000114440918,3.630000114440918,1744200
2024-06-28,3.6600000858306885,3.6700000762939453,3.4600000381469727,3.4600000381469727,3.4600000381469727,10557900
2024-07-01,3.509999990463257,3.5899999141693115,3.4000000953674316,3.4000000953674316,3.4000000953674316,1483000
2024-07-02,3.4000000953674316,3.509999990463257,3.259999990463257,3.3299999237060547,3.3299999237060547,1176400
2024-07-03,3.4100000858306885,3.4800000190734863,3.4000000953674316,3.4600000381469727,3.4600000381469727,610100
2024-07-05,3.5299999713897705,3.609999895095825,3.490000009536743,3.5999999046325684,3.5999999046325684,935700
2024-07-08,3.549999952316284,3.75,3.5399999618530273,3.75,3.75,1240900
2024-07-09,3.7799999713897705,3.8399999141693115,3.700000047683716,3.7300000190734863,3.7300000190734863,1039000
2024-07-10,3.7799999713897705,3.799999952316284,3.630000114440918,3.7100000381469727,3.7100000381469727,1408700
2024-07-11,3.809999942779541,4.130000114440918,3.759999990463257,4.070000171661377,4.070000171661377,1759300
2024-07-12,4.050000190734863,4.090000152587891,3.930000066757202,4.070000171661377,4.070000171661377,1112200
2024-07-15,4.070000171661377,4.28000020980835,4.019999980926514,4.25,4.25,1417100
2024-07-16,4.309999942779541,4.539999961853027,4.260000228881836,4.519999980926514,4.519999980926514,1916200
2024-07-17,4.53000020980835,4.599999904632568,4.389999866485596,4.53000020980835,4.53000020980835,1544500
2024-07-18,4.510000228881836,4.519999980926514,4.309999942779541,4.340000152587891,4.340000152587891,1270300
2024-07-19,4.230000019073486,4.420000076293945,4.019999980926514,4.360000133514404,4.360000133514404,1798700
2024-07-22,4.409999847412109,4.5,4.329999923706055,4.480000019073486,4.480000019073486,1378100
2024-07-23,4.449999809265137,4.590000152587891,4.400000095367432,4.590000152587891,4.590000152587891,1246500
2024-07-24,4.619999885559082,4.880000114440918,4.599999904632568,4.650000095367432,4.650000095367432,2878200
2024-07-25,4.429999828338623,4.579999923706055,4.380000114440918,4.550000190734863,4.550000190734863,2197800
2024-07-26,4.650000095367432,4.789999961853027,4.570000171661377,4.75,4.75,1397000
2024-07-29,4.75,4.760000228881836,4.639999866485596,4.730000019073486,4.730000019073486,1270500
2024-07-30,4.739999771118164,4.769999980926514,4.659999847412109,4.71999979019165,4.71999979019165,1091400
2024-07-31,4.769999980926514,4.849999904632568,4.71999979019165,4.78000020980835,4.78000020980835,1798600
2024-08-01,4.78000020980835,4.800000190734863,4.650000095367432,4.730000019073486,4.730000019073486,1384900
2024-08-02,4.739999771118164,4.800000190734863,4.449999809265137,4.5,4.5,2159700
2024-08-05,4.139999866485596,4.340000152587891,4.090000152587891,4.210000038146973,4.210000038146973,1969300
2024-08-06,4.179999828338623,4.449999809265137,4.179999828338623,4.420000076293945,4.420000076293945,1330500
2024-08-07,4.550000190734863,4.570000171661377,4.110000133514404,4.130000114440918,4.130000114440918,2217800
2024-08-08,4.190000057220459,4.21999979019165,4.119999885559082,4.150000095367432,4.150000095367432,899800
2024-08-09,4.199999809265137,4.199999809265137,4.090000152587891,4.159999847412109,4.159999847412109,863400
2024-08-12,4.179999828338623,4.449999809265137,4.170000076293945,4.409999847412109,4.409999847412109,1151300
2024-08-13,4.429999828338623,4.53000020980835,4.389999866485596,4.480000019073486,4.480000019073486,795800
2024-08-14,4.440000057220459,4.440000057220459,4.28000020980835,4.400000095367432,4.400000095367432,740800
2024-08-15,4.380000114440918,4.539999961853027,4.369999885559082,4.5,4.5,881700
2024-08-16,4.539999961853027,4.590000152587891,4.46999979019165,4.579999923706055,4.579999923706055,853500
2024-08-19,4.599999904632568,4.739999771118164,4.579999923706055,4.71999979019165,4.71999979019165,877000
2024-08-20,4.769999980926514,4.78000020980835,4.599999904632568,4.619999885559082,4.619999885559082,996600
2024-08-21,4.619999885559082,4.639999866485596,4.489999771118164,4.590000152587891,4.590000152587891,1466600
2024-08-22,4.539999961853027,4.550000190734863,4.309999942779541,4.340000152587891,4.340000152587891,1976200
2024-08-23,4.349999904632568,4.5,4.340000152587891,4.429999828338623,4.429999828338623,1823100
2024-08-26,4.510000228881836,4.539999961853027,4.360000133514404,4.400000095367432,4.400000095367432,1045600
2024-08-27,4.309999942779541,4.329999923706055,4.21999979019165,4.28000020980835,4.28000020980835,817900
2024-08-28,4.199999809265137,4.28000020980835,4.130000114440918,4.150000095367432,4.150000095367432,949100
2024-08-29,4.199999809265137,4.329999923706055,4.159999847412109,4.269999980926514,4.269999980926514,1364100
2024-08-30,4.260000228881836,4.300000190734863,4.210000038146973,4.25,4.25,922800
2024-09-03,4.230000019073486,4.230000019073486,3.950000047683716,3.9700000286102295,3.9700000286102295,1174600
2024-09-04,3.9000000953674316,4.070000171661377,3.890000104904175,3.9000000953674316,3.9000000953674316,928500
2024-09-05,4.010000228881836,4.010000228881836,3.8299999237060547,3.8299999237060547,3.8299999237060547,1198300
2024-09-06,3.8299999237060547,3.8399999141693115,3.640000104904175,3.690000057220459,3.690000057220459,1248700
2024-09-09,3.7699999809265137,3.7899999618530273,3.6700000762939453,3.7200000286102295,3.7200000286102295,787500
2024-09-10,3.740000009536743,3.859999895095825,3.6700000762939453,3.8499999046325684,3.8499999046325684,1038000
2024-09-11,3.809999942779541,4.0,3.799999952316284,3.9700000286102295,3.9700000286102295,773600
2024-09-12,4.090000152587891,4.449999809265137,4.090000152587891,4.389999866485596,4.389999866485596,1340900
2024-09-13,4.510000228881836,4.570000171661377,4.429999828338623,4.519999980926514,4.519999980926514,1499600
2024-09-16,4.510000228881836,4.510000228881836,4.289999961853027,4.300000190734863,4.300000190734863,953800
2024-09-17,4.289999961853027,4.369999885559082,4.21999979019165,4.269999980926514,4.269999980926514,895800
2024-09-18,4.25,4.449999809265137,4.150000095367432,4.170000076293945,4.170000076293945,1030600
2024-09-19,4.329999923706055,4.329999923706055,4.179999828338623,4.230000019073486,4.230000019073486,768800
2024-09-20,4.25,4.400000095367432,4.21999979019165,4.239999771118164,4.239999771118164,3128600
2024-09-23,4.28000020980835,4.340000152587891,4.199999809265137,4.199999809265137,4.199999809265137,711500
2024-09-24,4.21999979019165,4.400000095367432,4.159999847412109,4.360000133514404,4.360000133514404,901300
2024-09-25,4.369999885559082,4.389999866485596,4.309999942779541,4.349999904632568,4.349999904632568,773900
2024-09-26,4.380000114440918,4.46999979019165,4.329999923706055,4.360000133514404,4.360000133514404,1189100
2024-09-27,4.389999866485596,4.429999828338623,4.179999828338623,4.230000019073486,4.230000019073486,873800
2024-09-30,4.159999847412109,4.170000076293945,4.0,4.099999904632568,4.099999904632568,1086100
2024-10-01,4.190000057220459,4.199999809265137,4.099999904632568,4.150000095367432,4.150000095367432,925000
2024-10-02,4.119999885559082,4.21999979019165,4.079999923706055,4.199999809265137,4.199999809265137,1290200
2024-10-03,4.019999980926514,4.039999961853027,3.619999885559082,3.640000104904175,3.640000104904175,1964300
2024-10-04,3.640000104904175,3.6700000762939453,3.4200000762939453,3.440000057220459,3.440000057220459,1582600
2024-10-07,3.4600000381469727,3.490000009536743,3.299999952316284,3.3499999046325684,3.3499999046325684,1417700
2024-10-08,3.309999942779541,3.390000104904175,3.2799999713897705,3.369999885559082,3.369999885559082,774700
2024-10-09,3.319999933242798,3.4000000953674316,3.2799999713897705,3.380000114440918,3.380000114440918,883700
2024-10-10,3.380000114440918,3.490000009536743,3.3499999046325684,3.4600000381469727,3.4600000381469727,1107200
2024-10-11,3.5,3.640000104904175,3.490000009536743,3.509999990463257,3.509999990463257,983900
2024-10-14,3.5,3.569999933242798,3.4700000286102295,3.569999933242798,3.569999933242798,836800
2024-10-15,3.569999933242798,3.5999999046325684,3.490000009536743,3.5799999237060547,3.5799999237060547,1013200
2024-10-16,3.630000114440918,3.680000066757202,3.569999933242798,3.5799999237060547,3.5799999237060547,840300
2024-10-17,3.569999933242798,3.6500000953674316,3.5299999713897705,3.609999895095825,3.609999895095825,642900
2024-10-18,3.630000114440918,3.8399999141693115,3.630000114440918,3.7799999713897705,3.7799999713897705,855900
2024-10-21,3.859999895095825,3.890000104904175,3.7200000286102295,3.8399999141693115,3.8399999141693115,1014100
2024-10-22,3.859999895095825,3.940000057220459,3.8499999046325684,3.930000066757202,3.930000066757202,643200
2024-10-23,3.8499999046325684,3.880000114440918,3.7300000190734863,3.7799999713897705,3.7799999713897705,865400
2024-10-24,3.75,3.809999942779541,3.559999942779541,3.700000047683716,3.700000047683716,937800
2024-10-25,3.6600000858306885,3.7300000190734863,3.5999999046325684,3.5999999046325684,3.5999999046325684,652100
2024-10-28,3.5799999237060547,3.6600000858306885,3.5799999237060547,3.630000114440918,3.630000114440918,595400
2024-10-29,3.6500000953674316,3.809999942779541,3.640000104904175,3.75,3.75,1107600
2024-10-30,3.759999990463257,3.7699999809265137,3.6500000953674316,3.700000047683716,3.700000047683716,602600
2024-10-31,3.630000114440918,3.6500000953674316,3.440000057220459,3.4600000381469727,3.4600000381469727,1320900
2024-11-01,3.5199999809265137,3.5199999809265137,3.4200000762939453,3.450000047683716,3.450000047683716,826700
2024-11-04,3.4700000286102295,3.5199999809265137,3.4200000762939453,3.5199999809265137,3.5199999809265137,665200
2024-11-05,3.569999933242798,3.5899999141693115,3.450000047683716,3.509999990463257,3.509999990463257,863700
2024-11-06,3.3499999046325684,3.440000057220459,3.240000009536743,3.4100000858306885,3.4100000858306885,3080600
2024-11-07,3.450000047683716,3.5,3.359999895095825,3.450000047683716,3.450000047683716,1924600
2024-11-08,3.440000057220459,3.450000047683716,3.3299999237060547,3.440000057220459,3.440000057220459,1473900
2024-11-11,3.309999942779541,3.380000114440918,3.2699999809265137,3.369999885559082,3.369999885559082,1523000
2024-11-12,3.309999942779541,3.4100000858306885,3.25,3.299999952316284,3.299999952316284,1549600
2024-11-13,3.369999885559082,3.380000114440918,3.299999952316284,3.309999942779541,3.309999942779541,1213200
2024-11-14,3.259999990463257,3.5999999046325684,3.259999990463257,3.5,3.5,2806700
2024-11-15,3.5999999046325684,3.609999895095825,3.309999942779541,3.390000104904175,3.390000104904175,2104000
2024-11-18,3.5,3.6600000858306885,3.4800000190734863,3.509999990463257,3.509999990463257,1222200
2024-11-19,3.559999942779541,3.6600000858306885,3.450000047683716,3.6600000858306885,3.6600000858306885,1203100
2024-11-20,3.619999885559082,3.6600000858306885,3.549999952316284,3.5799999237060547,3.5799999237060547,1030500
2024-11-21,3.640000104904175,3.6600000858306885,3.5,3.5999999046325684,3.5999999046325684,1245700
2024-11-22,3.6500000953674316,3.690000057220459,3.5899999141693115,3.6500000953674316,3.6500000953674316,1074300
2024-11-25,3.5299999713897705,3.609999895095825,3.5,3.559999942779541,3.559999942779541,1184300
2024-11-26,3.5399999618530273,3.5899999141693115,3.5,3.569999933242798,3.569999933242798,865400
2024-11-27,3.619999885559082,3.680000066757202,3.569999933242798,3.5799999237060547,3.5799999237060547,767300
2024-11-29,3.609999895095825,3.7300000190734863,3.609999895095825,3.6600000858306885,3.6600000858306885,687900
2024-12-02,3.609999895095825,3.6500000953674316,3.5399999618530273,3.549999952316284,3.549999952316284,817800
2024-12-03,3.5899999141693115,3.7899999618530273,3.569999933242798,3.740000009536743,3.740000009536743,1465800
2024-12-04,3.7300000190734863,3.7699999809265137,3.559999942779541,3.5899999141693115,3.5899999141693115,1088200
2024-12-05,3.5999999046325684,3.6700000762939453,3.4800000190734863,3.490000009536743,3.490000009536743,896200
2024-12-06,3.5,3.5199999809265137,3.390000104904175,3.4200000762939453,3.4200000762939453,1378000
2024-12-09,3.5199999809265137,3.6700000762939453,3.440000057220459,3.4600000381469727,3.4600000381469727,1623500
2024-12-10,3.490000009536743,3.559999942779541,3.4700000286102295,3.509999990463257,3.509999990463257,827800
2024-12-11,3.549999952316284,3.890000104904175,3.509999990463257,3.8299999237060547,3.8299999237060547,2207000
2024-12-12,3.740000009536743,3.75,3.559999942779541,3.569999933242798,3.569999933242798,1235600
2024-12-13,3.5199999809265137,3.5399999618530273,3.390000104904175,3.4000000953674316,3.4000000953674316,1281600
2024-12-16,3.430000066757202,3.4700000286102295,3.3499999046325684,3.4200000762939453,3.4200000762939453,1101700
2024-12-17,3.369999885559082,3.490000009536743,3.359999895095825,3.369999885559082,3.369999885559082,1645000
2024-12-18,3.359999895095825,3.4100000858306885,3.2699999809265137,3.309999942779541,3.309999942779541,2315500
2024-12-19,3.319999933242798,3.4000000953674316,3.2899999618530273,3.2899999618530273,3.2899999618530273,1339900
2024-12-20,3.2799999713897705,3.380000114440918,3.259999990463257,3.3499999046325684,3.3499999046325684,3593800
2024-12-23,3.299999952316284,3.3499999046325684,3.240000009536743,3.2699999809265137,3.2699999809265137,1277200
2024-12-24,3.2899999618530273,3.319999933242798,3.259999990463257,3.299999952316284,3.299999952316284,493700
2024-12-26,3.2799999713897705,3.3499999046325684,3.259999990463257,3.3299999237060547,3.3299999237060547,651400
2024-12-27,3.309999942779541,3.3499999046325684,3.25,3.319999933242798,3.319999933242798,1045500
2024-12-30,3.2699999809265137,3.299999952316284,3.1700000762939453,3.2699999809265137,3.2699999809265137,1574300
2024-12-31,3.2699999809265137,3.359999895095825,3.2200000286102295,3.3299999237060547,3.3299999237060547,1281100
2025-01-02,3.359999895095825,3.5199999809265137,3.3399999141693115,3.430000066757202,3.430000066757202,1323900
2025-01-03,3.4200000762939453,3.450000047683716,3.369999885559082,3.4100000858306885,3.4100000858306885,1074900
2025-01-06,3.380000114440918,3.450000047683716,3.2899999618530273,3.299999952316284,3.299999952316284,1422500
2025-01-07,3.3499999046325684,3.4600000381469727,3.319999933242798,3.3399999141693115,3.3399999141693115,1464500
2025-01-08,3.359999895095825,3.4000000953674316,3.3299999237060547,3.369999885559082,3.369999885559082,1139100
2025-01-10,3.4000000953674316,3.549999952316284,3.3399999141693115,3.4700000286102295,3.4700000286102295,2806600
2025-01-13,3.4000000953674316,3.430000066757202,3.240000009536743,3.259999990463257,3.259999990463257,2062000
2025-01-14,3.2699999809265137,3.319999933242798,3.190000057220459,3.299999952316284,3.299999952316284,1430800
2025-01-15,3.380000114440918,3.390000104904175,3.299999952316284,3.309999942779541,3.309999942779541,1660200
2025-01-16,3.3299999237060547,3.3499999046325684,3.240000009536743,3.299999952316284,3.299999952316284,2067200
2025-01-17,3.2899999618530273,3.319999933242798,3.25,3.2799999713897705,3.2799999713897705,1411500
2025-01-21,3.3299999237060547,3.3499999046325684,3.2699999809265137,3.299999952316284,3.299999952316284,1433000
2025-01-22,3.309999942779541,3.3399999141693115,3.200000047683716,3.2200000286102295,3.2200000286102295,2638400
2025-01-23,3.1700000762939453,3.3299999237060547,3.0999999046325684,3.1500000953674316,3.1500000953674316,3635100
2025-01-24,3.1500000953674316,3.25,2.9000000953674316,3.0,3.0,3742500
2025-01-27,2.9700000286102295,3.0199999809265137,2.869999885559082,3.009999990463257,3.009999990463257,2313600
2025-01-28,2.9800000190734863,3.0999999046325684,2.9800000190734863,3.059999942779541,3.059999942779541,1749000
2025-01-29,3.0299999713897705,3.140000104904175,3.0199999809265137,3.0799999237060547,3.0799999237060547,1487600
2025-01-30,3.130000114440918,3.25,3.0999999046325684,3.130000114440918,3.130000114440918,1628800
2025-01-31,3.140000104904175,3.2300000190734863,3.0999999046325684,3.130000114440918,3.130000114440918,1831300
2025-02-03,3.130000114440918,3.259999990463257,3.069999933242798,3.200000047683716,3.200000047683716,2223800
2025-02-04,3.2200000286102295,3.25,3.140000104904175,3.2200000286102295,3.2200000286102295,1351500
2025-02-05,3.2699999809265137,3.319999933242798,3.180000066757202,3.200000047683716,3.200000047683716,3965600
2025-02-06,3.200000047683716,3.390000104904175,3.1500000953674316,3.3299999237060547,3.3299999237060547,3322800
2025-02-07,3.3299999237060547,3.3499999046325684,3.140000104904175,3.1700000762939453,3.1700000762939453,2623800
2025-02-10,3.2200000286102295,3.2699999809265137,3.140000104904175,3.259999990463257,3.259999990463257,2138500
2025-02-11,3.2100000381469727,3.2799999713897705,3.140000104904175,3.1600000858306885,3.1600000858306885,2040300
2025-02-12,3.1500000953674316,3.2799999713897705,3.119999885559082,3.2699999809265137,3.2699999809265137,1795900
2025-02-13,3.2799999713897705,3.359999895095825,3.2200000286102295,3.3499999046325684,3.3499999046325684,1431100
2025-02-14,3.359999895095825,3.4000000953674316,3.1500000953674316,3.1500000953674316,3.1500000953674316,1639600
2025-02-18,3.2100000381469727,3.240000009536743,3.1500000953674316,3.2200000286102295,3.2200000286102295,1635000
2025-02-19,3.200000047683716,3.2300000190734863,3.119999885559082,3.180000066757202,3.180000066757202,2138100
2025-02-20,3.190000057220459,3.2799999713897705,3.1600000858306885,3.240000009536743,3.240000009536743,1592700
2025-02-21,3.25,3.25,3.009999990463257,3.0399999618530273,3.0399999618530273,2207100
2025-02-24,3.069999933242798,3.0799999237060547,2.880000114440918,2.990000009536743,2.990000009536743,3222600
2025-02-25,2.940000057220459,3.009999990463257,2.9200000762939453,2.9700000286102295,2.9700000286102295,2066100
2025-02-26,2.950000047683716,3.059999942779541,2.940000057220459,3.0299999713897705,3.0299999713897705,1368300
2025-02-27,3.009999990463257,3.0199999809265137,2.940000057220459,2.950000047683716,2.950000047683716,1257600
2025-02-28,2.930000066757202,3.009999990463257,2.9100000858306885,3.0,3.0,1531600
2025-03-03,3.069999933242798,3.130000114440918,3.0299999713897705,3.0399999618530273,3.0399999618530273,1763600
2025-03-04,3.0899999141693115,3.140000104904175,3.0299999713897705,3.0999999046325684,3.0999999046325684,1745900
2025-03-05,3.0899999141693115,3.3499999046325684,3.0899999141693115,3.299999952316284,3.299999952316284,3311300
2025-03-06,3.2799999713897705,3.380000114440918,3.2699999809265137,3.3399999141693115,3.3399999141693115,2970600
2025-03-07,3.3499999046325684,3.5999999046325684,3.3299999237060547,3.569999933242798,3.569999933242798,3428100
2025-03-10,3.5399999618530273,3.5399999618530273,3.240000009536743,3.2799999713897705,3.2799999713897705,2692500
2025-03-11,3.3499999046325684,3.4100000858306885,3.25,3.2799999713897705,3.2799999713897705,2708700
2025-03-12,3.259999990463257,3.309999942779541,3.1500000953674316,3.259999990463257,3.259999990463257,2473500
2025-03-13,3.2899999618530273,3.5,3.2799999713897705,3.450000047683716,3.450000047683716,2591000
2025-03-14,3.509999990463257,3.5399999618530273,3.3299999237060547,3.369999885559082,3.369999885559082,2329700
2025-03-17,3.359999895095825,3.4000000953674316,3.299999952316284,3.369999885559082,3.369999885559082,2129300
2025-03-18,3.4100000858306885,3.4700000286102295,3.240000009536743,3.2799999713897705,3.2799999713897705,3171500
2025-03-19,3.299999952316284,3.4200000762939453,3.259999990463257,3.4200000762939453,3.4200000762939453,1746800
2025-03-20,3.390000104904175,3.5,3.319999933242798,3.4200000762939453,3.4200000762939453,1677200
2025-03-21,3.4000000953674316,3.430000066757202,3.319999933242798,3.390000104904175,3.390000104904175,4160200
2025-03-24,3.380000114440918,3.450000047683716,3.240000009536743,3.259999990463257,3.259999990463257,1883700
2025-03-25,3.299999952316284,3.3499999046325684,3.0899999141693115,3.109999895095825,3.109999895095825,2881900
2025-03-26,3.140000104904175,3.190000057220459,3.0399999618530273,3.059999942779541,3.059999942779541,1854000
2025-03-27,3.0999999046325684,3.1500000953674316,3.0399999618530273,3.0999999046325684,3.0999999046325684,1561200
2025-03-28,3.0999999046325684,3.130000114440918,2.869999885559082,2.950000047683716,2.950000047683716,2903000
2025-03-31,2.990000009536743,2.990000009536743,2.799999952316284,2.9200000762939453,2.9200000762939453,2528400
2025-04-01,2.9800000190734863,3.119999885559082,2.8499999046325684,2.9800000190734863,2.9800000190734863,2154100
2025-04-02,2.930000066757202,2.9700000286102295,2.8499999046325684,2.9200000762939453,2.9200000762939453,1971300
2025-04-03,2.8499999046325684,2.940000057220459,2.819999933242798,2.8399999141693115,2.8399999141693115,2502800
2025-04-04,2.819999933242798,2.8299999237060547,2.549999952316284,2.609999895095825,2.609999895095825,2921100
2025-04-07,2.5999999046325684,2.759999990463257,2.4800000190734863,2.5799999237060547,2.5799999237060547,2298700
2025-04-08,2.6700000762939453,2.690000057220459,2.259999990463257,2.2799999713897705,2.2799999713897705,5877500
2025-04-09,2.4100000858306885,2.5399999618530273,2.259999990463257,2.509999990463257,2.509999990463257,6371500
2025-04-10,2.4800000190734863,2.609999895095825,2.4700000286102295,2.509999990463257,2.509999990463257,5284400
2025-04-11,2.619999885559082,2.9000000953674316,2.5999999046325684,2.809999942779541,2.809999942779541,7764500
2025-04-14,2.759999990463257,3.0,2.75,2.8399999141693115,2.8399999141693115,2794900
2025-04-15,2.890000104904175,2.950000047683716,2.8399999141693115,2.880000114440918,2.880000114440918,1480100
2025-04-16,3.0299999713897705,3.0999999046325684,2.9200000762939453,3.009999990463257,3.009999990463257,3312500
2025-04-17,2.9600000381469727,3.049999952316284,2.890000104904175,2.9800000190734863,2.9800000190734863,2264800
2025-04-21,3.059999942779541,3.140000104904175,3.009999990463257,3.109999895095825,3.109999895095825,2817600
2025-04-22,3.4000000953674316,4.570000171661377,3.299999952316284,4.349999904632568,4.349999904632568,25070400
2025-04-23,4.210000038146973,5.059999942779541,4.150000095367432,4.670000076293945,4.670000076293945,10595400
2025-04-24,4.789999961853027,5.059999942779541,4.610000133514404,4.980000019073486,4.980000019073486,6446500
2025-04-25,4.900000095367432,4.909999847412109,4.349999904632568,4.440000057220459,4.440000057220459,6533600
2025-04-28,4.489999771118164,4.489999771118164,4.179999828338623,4.349999904632568,4.349999904632568,4374800
2025-04-29,4.260000228881836,4.380000114440918,4.190000057220459,4.329999923706055,4.329999923706055,4062800
2025-04-30,4.289999961853027,4.420000076293945,4.079999923706055,4.230000019073486,4.230000019073486,4500500
2025-05-01,4.099999904632568,4.300000190734863,4.090000152587891,4.179999828338623,4.179999828338623,4094900
2025-05-02,4.239999771118164,4.269999980926514,4.099999904632568,4.110000133514404,4.110000133514404,2942400
2025-05-05,4.210000038146973,4.349999904632568,4.119999885559082,4.119999885559082,4.119999885559082,3289500
2025-05-06,4.230000019073486,4.269999980926514,4.099999904632568,4.210000038146973,4.210000038146973,3162000
2025-05-07,4.099999904632568,4.289999961853027,3.819999933242798,3.9100000858306885,3.9100000858306885,10239100
2025-05-08,4.0,4.050000190734863,3.7200000286102295,3.759999990463257,3.759999990463257,18871400
2025-05-09,3.799999952316284,3.890000104904175,3.75,3.7799999713897705,3.7799999713897705,6188000
2025-05-12,3.6700000762939453,3.7799999713897705,3.369999885559082,3.4600000381469727,3.4600000381469727,11641400
2025-05-13,3.4800000190734863,3.5999999046325684,3.4800000190734863,3.5,3.5,3678400
2025-05-14,3.4600000381469727,3.549999952316284,3.369999885559082,3.5,3.5,5408600
2025-05-15,3.569999933242798,3.609999895095825,3.4000000953674316,3.549999952316284,3.549999952316284,4592200
2025-05-16,3.450000047683716,3.630000114440918,3.450000047683716,3.5999999046325684,3.5999999046325684,5919500
2025-05-19,3.640000104904175,3.700000047683716,3.5399999618530273,3.640000104904175,3.640000104904175,2462400
2025-05-20,3.6600000858306885,3.759999990463257,3.640000104904175,3.700000047683716,3.700000047683716,3006100
2025-05-21,3.680000066757202,3.75,3.509999990463257,3.5899999141693115,3.5899999141693115,6704800
2025-05-22,3.5299999713897705,3.700000047683716,3.5299999713897705,3.5999999046325684,3.5999999046325684,3824800
2025-05-23,3.640000104904175,3.6700000762939453,3.5299999713897705,3.5799999237060547,3.5799999237060547,4006700
2025-05-27,3.549999952316284,3.569999933242798,3.4200000762939453,3.5299999713897705,3.5299999713897705,4934200
2025-05-28,3.509999990463257,3.640000104904175,3.509999990463257,3.5799999237060547,3.5799999237060547,3526500
2025-05-29,3.630000114440918,3.6600000858306885,3.5299999713897705,3.549999952316284,3.549999952316284,3048000
2025-05-30,3.509999990463257,3.640000104904175,3.490000009536743,3.5799999237060547,3.5799999237060547,4288400
2025-06-02,3.6600000858306885,3.799999952316284,3.6600000858306885,3.75,3.75,5928600
2025-06-03,3.690000057220459,3.880000114440918,3.640000104904175,3.7699999809265137,3.7699999809265137,5501900
2025-06-04,4.079999923706055,4.769999980926514,3.9600000381469727,4.690000057220459,4.690000057220459,16316800
2025-06-05,4.659999847412109,4.849999904632568,4.349999904632568,4.409999847412109,4.409999847412109,6772500
2025-06-06,4.389999866485596,4.460000038146973,4.139999866485596,4.210000038146973,4.210000038146973,5390700
2025-06-09,4.21999979019165,4.440000057220459,4.199999809265137,4.380000114440918,4.380000114440918,4425200
2025-06-10,4.400000095367432,4.559999942779541,4.309999942779541,4.320000171661377,4.320000171661377,3787300
2025-06-11,4.320000171661377,4.449999809265137,4.269999980926514,4.309999942779541,4.309999942779541,3033500
2025-06-12,4.389999866485596,4.429999828338623,4.300000190734863,4.340000152587891,4.340000152587891,2798000
2025-06-13,4.519999980926514,4.579999923706055,4.329999923706055,4.429999828338623,4.429999828338623,3886300
2025-06-16,4.519999980926514,4.519999980926514,4.320000171661377,4.349999904632568,4.349999904632568,2921000
2025-06-17,4.360000133514404,4.449999809265137,4.360000133514404,4.389999866485596,4.389999866485596,3185900
2025-06-18,4.409999847412109,4.460000038146973,4.309999942779541,4.360000133514404,4.360000133514404,2528900
2025-06-20,4.349999904632568,4.420000076293945,4.119999885559082,4.139999866485596,4.139999866485596,3743300
2025-06-23,4.110000133514404,4.230000019073486,4.050000190734863,4.079999923706055,4.079999923706055,3386400
2025-06-24,3.9600000381469727,3.990000009536743,3.859999895095825,3.9000000953674316,3.9000000953674316,3567800
2025-06-25,3.9000000953674316,3.940000057220459,3.609999895095825,3.700000047683716,3.700000047683716,5504100
2025-06-26,3.7100000381469727,4.170000076293945,3.7100000381469727,4.150000095367432,4.150000095367432,6616300
2025-06-27,3.950000047683716,4.110000133514404,3.950000047683716,4.079999923706055,4.079999923706055,10145300
2025-06-30,4.070000171661377,4.179999828338623,4.050000190734863,4.090000152587891,4.090000152587891,3149100
2025-07-01,4.130000114440918,4.25,4.070000171661377,4.150000095367432,4.150000095367432,3865300
2025-07-02,4.159999847412109,4.559999942779541,4.150000095367432,4.480000019073486,4.480000019073486,7164700
2025-07-03,4.5,4.710000038146973,4.400000095367432,4.519999980926514,4.519999980926514,3770100
2025-07-07,4.449999809265137,4.610000133514404,4.440000057220459,4.550000190734863,4.550000190734863,4354300
2025-07-08,4.559999942779541,4.590000152587891,4.340000152587891,4.440000057220459,4.440000057220459,3350800
2025-07-09,4.480000019073486,4.630000114440918,4.369999885559082,4.590000152587891,4.590000152587891,3354900
2025-07-10,4.630000114440918,4.739999771118164,4.590000152587891,4.71999979019165,4.71999979019165,2106800
2025-07-11,4.800000190734863,4.849999904632568,4.679999828338623,4.800000190734863,4.800000190734863,2270000
2025-07-14,4.849999904632568,5.010000228881836,4.800000190734863,4.909999847412109,4.909999847412109,2768200
2025-07-15,4.960000038146973,5.010000228881836,4.840000152587891,4.949999809265137,4.949999809265137,2021700
2025-07-16,5.03000020980835,5.269999980926514,4.989999771118164,5.230000019073486,5.230000019073486,3139300
2025-07-17,5.179999828338623,5.489999771118164,5.119999885559082,5.46999979019165,5.46999979019165,2455100
2025-07-18,5.53000020980835,5.590000152587891,5.300000190734863,5.389999866485596,5.389999866485596,3585200
2025-07-21,5.5,5.909999847412109,5.429999828338623,5.849999904632568,5.849999904632568,4299100
2025-07-22,5.880000114440918,6.159999847412109,5.820000171661377,6.110000133514404,6.110000133514404,5146400
2025-07-23,6.090000152587891,6.159999847412109,5.760000228881836,5.78000020980835,5.78000020980835,3462100
2025-07-24,5.789999961853027,5.789999961853027,5.559999942779541,5.599999904632568,5.599999904632568,2693200
2025-07-25,5.599999904632568,5.599999904632568,5.289999961853027,5.360000133514404,5.360000133514404,3376000
2025-07-28,5.309999942779541,5.309999942779541,5.150000095367432,5.230000019073486,5.230000019073486,1649800
2025-07-29,5.269999980926514,5.380000114440918,5.170000076293945,5.25,5.25,2827300
2025-07-30,5.239999771118164,5.400000095367432,5.070000171661377,5.119999885559082,5.119999885559082,2378700
2025-07-31,5.150000095367432,5.25,5.099999904632568,5.190000057220459,5.190000057220459,1951300
2025-08-01,5.300000190734863,5.389999866485596,5.139999866485596,5.269999980926514,5.269999980926514,2916100
2025-08-04,5.409999847412109,5.590000152587891,5.389999866485596,5.480000019073486,5.480000019073486,1649900
2025-08-05,5.389999866485596,5.809999942779541,5.349999904632568,5.760000228881836,5.760000228881836,3059100
2025-08-06,5.679999828338623,5.800000190734863,5.639999866485596,5.75,5.75,3449900
2025-08-07,5.820000171661377,5.829999923706055,5.639999866485596,5.710000038146973,5.710000038146973,2408300
2025-08-08,5.739999771118164,5.840000152587891,5.599999904632568,5.659999847412109,5.659999847412109,4626200
2025-08-11,5.610000133514404,5.889999866485596,5.53000020980835,5.78000020980835,5.78000020980835,3139900
2025-08-12,5.809999942779541,5.920000076293945,5.760000228881836,5.889999866485596,5.889999866485596,2746400
2025-08-13,5.909999847412109,6.0,5.820000171661377,5.920000076293945,5.920000076293945,3047300
2025-08-14,5.880000114440918,6.050000190734863,5.840000152587891,5.96999979019165,5.96999979019165,3131100
2025-08-15,5.989999771118164,6.059999942779541,5.889999866485596,6.010000228881836,6.010000228881836,2455400
2025-08-18,6.019999980926514,6.119999885559082,5.949999809265137,6.050000190734863,6.050000190734863,2417500
2025-08-19,6.059999942779541,6.079999923706055,5.849999904632568,5.909999847412109,5.909999847412109,2909100
2025-08-20,5.980000019073486,6.0,5.889999866485596,5.920000076293945,5.920000076293945,2599800
2025-08-21,5.840000152587891,6.019999980926514,5.809999942779541,5.949999809265137,5.949999809265137,4272900
2025-08-22,5.900000095367432,6.150000095367432,5.860000133514404,6.090000152587891,6.090000152587891,5721600
2025-08-25,6.139999866485596,6.559999942779541,6.079999923706055,6.400000095367432,6.400000095367432,3008600
2025-08-26,6.449999809265137,6.630000114440918,6.400000095367432,6.559999942779541,6.559999942779541,2684400
2025-08-27,6.539999961853027,6.599999904632568,6.409999847412109,6.590000152587891,6.590000152587891,1868400
2025-08-28,6.599999904632568,6.679999828338623,6.440000057220459,6.460000038146973,6.460000038146973,2120200
2025-08-29,6.590000152587891,6.940000057220459,6.46999979019165,6.840000152587891,6.840000152587891,3796000
2025-09-02,6.900000095367432,6.949999809265137,6.550000190734863,6.690000057220459,6.690000057220459,4487600
2025-09-03,6.789999961853027,6.849999904632568,6.590000152587891,6.699999809265137,6.699999809265137,3062200
2025-09-04,6.670000076293945,6.78000020980835,6.559999942779541,6.75,6.75,2508100
2025-09-05,6.849999904632568,6.869999885559082,6.670000076293945,6.760000228881836,6.760000228881836,4043800
2025-09-08,6.829999923706055,6.889999866485596,6.670000076293945,6.730000019073486,6.730000019073486,3130500
2025-09-09,6.760000228881836,6.860000133514404,6.639999866485596,6.739999771118164,6.739999771118164,3432700
2025-09-10,6.760000228881836,6.980000019073486,6.590000152587891,6.610000133514404,6.610000133514404,3949800
2025-09-11,6.699999809265137,7.050000190734863,6.590000152587891,6.980000019073486,6.980000019073486,3405000
2025-09-12,7.050000190734863,7.050000190734863,6.829999923706055,6.920000076293945,6.920000076293945,3090300
2025-09-15,6.960000038146973,7.329999923706055,6.920000076293945,7.300000190734863,7.300000190734863,3274800
2025-09-16,7.28000020980835,7.309999942779541,7.110000133514404,7.139999866485596,7.139999866485596,4534200
2025-09-17,7.0,7.360000133514404,6.949999809265137,7.039999961853027,7.039999961853027,3274800
2025-09-18,7.050000190734863,7.269999980926514,6.900000095367432,7.25,7.25,2944200
2025-09-19,7.260000228881836,7.550000190734863,7.260000228881836,7.53000020980835,7.53000020980835,12692700
2025-09-22,7.599999904632568,7.809999942779541,7.510000228881836,7.639999866485596,7.639999866485596,3671000
2025-09-23,7.699999809265137,8.0600004196167,7.670000076293945,7.730000019073486,7.730000019073486,4759800
2025-09-24,7.75,7.860000133514404,7.599999904632568,7.679999828338623,7.679999828338623,3082000
2025-09-25,7.730000019073486,7.96999979019165,7.610000133514404,7.940000057220459,7.940000057220459,4100300
2025-09-26,7.989999771118164,8.329999923706055,7.96999979019165,8.300000190734863,8.300000190734863,3006900
2025-09-29,8.579999923706055,8.579999923706055,8.34000015258789,8.479999542236328,8.479999542236328,3259000
2025-09-30,8.489999771118164,9.0600004196167,8.470000267028809,8.800000190734863,8.800000190734863,5489800
2025-10-01,8.670000076293945,10.15999984741211,8.270000457763672,10.119999885559082,10.119999885559082,9146700
2025-10-02,10.220000267028809,10.4399995803833,9.319999694824219,9.649999618530273,9.649999618530273,7572000
2025-10-03,9.829999923706055,10.390000343322754,9.829999923706055,9.989999771118164,9.989999771118164,6662000
2025-10-06,10.199999809265137,10.34000015258789,9.630000114440918,9.65999984741211,9.65999984741211,4593900
2025-10-07,9.720000267028809,10.15999984741211,9.59000015258789,10.069999694824219,10.069999694824219,4671200
2025-10-08,10.319999694824219,10.4399995803833,10.069999694824219,10.3100004196167,10.3100004196167,4483700
2025-10-09,10.359999656677246,10.359999656677246,9.670000076293945,9.75,9.75,3673500
2025-10-10,9.770000457763672,10.0,9.619999885559082,9.699999809265137,9.699999809265137,3615400
2025-10-13,10.0,10.1899995803833,9.899999618530273,10.010000228881836,10.010000228881836,3673900
2025-10-14,9.829999923706055,10.140000343322754,9.539999961853027,9.880000114440918,9.880000114440918,7709900
2025-10-15,10.050000190734863,10.899999618530273,9.970000267028809,10.510000228881836,10.510000228881836,8555800
2025-10-16,10.710000038146973,10.739999771118164,10.329999923706055,10.399999618530273,10.399999618530273,3986200
2025-10-17,10.109999656677246,10.25,9.359999656677246,9.550000190734863,9.550000190734863,3808600
2025-10-20,9.739999771118164,10.109999656677246,9.59000015258789,10.109999656677246,10.109999656677246,3275200
2025-10-21,9.15999984741211,9.420000076293945,8.720000267028809,8.770000457763672,8.770000457763672,3899000
2025-10-22,8.350000381469727,8.779999732971191,8.3100004196167,8.699999809265137,8.699999809265137,4263400
2025-10-23,8.84000015258789,8.90999984741211,8.479999542236328,8.529999732971191,8.529999732971191,2348500
2025-10-24,8.369999885559082,8.579999923706055,8.319999694824219,8.529999732971191,8.529999732971191,3098100
2025-10-27,8.180000305175781,8.3100004196167,7.869999885559082,8.130000114440918,8.130000114440918,2522800
2025-10-28,7.670000076293945,8.25,7.670000076293945,8.130000114440918,8.130000114440918,2259400
2025-10-29,8.4399995803833,8.449999809265137,7.929999828338623,8.100000381469727,8.100000381469727,3802600
2025-10-30,8.029999732971191,8.329999923706055,7.960000038146973,8.289999961853027,8.289999961853027,2525100
2025-10-31,8.229999542236328,8.329999923706055,7.829999923706055,8.289999961853027,8.289999961853027,2974000
2025-11-03,8.289999961853027,8.369999885559082,8.0,8.109999656677246,8.109999656677246,2082800
2025-11-04,7.949999809265137,8.0600004196167,7.679999828338623,7.710000038146973,7.710000038146973,3434200
2025-11-05,7.929999828338623,7.949999809265137,7.71999979019165,7.880000114440918,7.880000114440918,2671200
2025-11-06,8.010000228881836,8.270000457763672,7.829999923706055,7.840000152587891,7.840000152587891,2277900
2025-11-07,7.820000171661377,8.289999961853027,7.78000020980835,8.1899995803833,8.1899995803833,3145700
2025-11-10,8.529999732971191,8.729999542236328,8.460000038146973,8.59000015258789,8.59000015258789,2738200
2025-11-11,8.720000267028809,8.720000267028809,8.350000381469727,8.40999984741211,8.40999984741211,2207200
2025-11-12,8.460000038146973,8.930000305175781,8.329999923706055,8.729999542236328,8.729999542236328,2990400
2025-11-13,8.770000457763672,8.8100004196167,8.479999542236328,8.649999618530273,8.649999618530273,2917600
2025-11-14,8.199999809265137,8.739999771118164,8.109999656677246,8.619999885559082,8.619999885559082,2226100
2025-11-17,8.680000305175781,8.859999656677246,8.390000343322754,8.529999732971191,8.529999732971191,2353500
2025-11-18,8.649999618530273,8.859999656677246,8.460000038146973,8.729999542236328,8.729999542236328,2475200
2025-11-19,8.899999618530273,9.300000190734863,8.739999771118164,8.930000305175781,8.930000305175781,3813600
2025-11-20,9.09000015258789,9.09000015258789,8.239999771118164,8.270000457763672,8.270000457763672,2841400
2025-11-21,8.109999656677246,8.40999984741211,8.020000457763672,8.210000038146973,8.210000038146973,3841300
2025-11-24,8.34000015258789,8.720000267028809,8.25,8.699999809265137,8.699999809265137,2716700
2025-11-25,9.170000076293945,9.319999694824219,8.65999984741211,9.239999771118164,9.239999771118164,4119400
2025-11-26,9.40999984741211,9.609999656677246,9.239999771118164,9.609999656677246,9.609999656677246,1910500
2025-11-28,9.84000015258789,10.229999542236328,9.729999542236328,10.1899995803833,10.1899995803833,1695200
2025-12-01,10.34000015258789,10.470000267028809,10.149999618530273,10.180000305175781,10.180000305175781,2669300
2025-12-02,10.010000228881836,10.3100004196167,9.829999923706055,9.920000076293945,9.920000076293945,2721000
2025-12-03,10.079999923706055,10.109999656677246,9.770000457763672,9.930000305175781,9.930000305175781,1942200
2025-12-04,9.819999694824219,10.020000457763672,9.800000190734863,9.949999809265137,9.949999809265137,1504600
2025-12-05,10.109999656677246,10.239999771118164,9.739999771118164,9.84000015258789,9.84000015258789,1812600
2025-12-08,9.850000381469727,9.880000114440918,9.470000267028809,9.510000228881836,9.510000228881836,2019700
2025-12-09,9.59000015258789,9.65999984741211,9.380000114440918,9.460000038146973,9.460000038146973,2250700
2025-12-10,9.489999771118164,9.619999885559082,9.130000114440918,9.529999732971191,9.529999732971191,3242300
2025-12-11,9.5,10.020000457763672,9.4399995803833,9.699999809265137,9.699999809265137,3251500
2025-12-12,9.930000305175781,9.989999771118164,9.430000305175781,9.710000038146973,9.710000038146973,3788500
2025-12-15,9.829999923706055,10.0,9.710000038146973,9.84000015258789,9.84000015258789,4008200
2025-12-16,9.84000015258789,10.010000228881836,9.5600004196167,9.6899995803833,9.6899995803833,2043700
2025-12-17,9.800000190734863,9.9399995803833,9.640000343322754,9.829999923706055,9.829999923706055,2154100
2025-12-18,9.75,9.979999542236328,9.579999923706055,9.619999885559082,9.619999885559082,1888300
2025-12-19,9.59000015258789,10.109999656677246,9.5,9.9399995803833,9.9399995803833,4339400
2025-12-22,10.180000305175781,10.279999732971191,9.90999984741211,10.079999923706055,10.079999923706055,3188000
2025-12-23,10.09000015258789,10.1899995803833,9.949999809265137,10.09000015258789,10.09000015258789,1480300
2025-12-24,10.0,10.079999923706055,9.779999732971191,9.9399995803833,9.9399995803833,1033500
2025-12-26,10.130000114440918,10.390000343322754,9.920000076293945,10.180000305175781,10.180000305175781,1991100
2025-12-29,9.800000190734863,9.800000190734863,9.34000015258789,9.489999771118164,9.489999771118164,3285000
2025-12-30,9.649999618530273,9.65999984741211,9.390000343322754,9.430000305175781,9.430000305175781,1763300
