date,open,high,low,close,adj_close,volume
,PSA-PR,PSA-PR,PSA-PR,PSA-PR,PSA-PR,PSA-PR
2021-11-10,24.899999618530273,24.950000762939453,24.780000686645508,24.850000381469727,19.695201873779297,7203048
2021-11-11,24.899999618530273,24.899999618530273,24.81999969482422,24.860000610351562,19.7031307220459,312766
2021-11-12,24.860000610351562,24.860000610351562,24.709999084472656,24.829999923706055,19.679349899291992,619747
2021-11-15,25.0,25.0,24.780000686645508,24.790000915527344,19.64764404296875,513934
2021-11-16,24.899999618530273,24.899999618530273,24.700000762939453,24.81999969482422,19.671422958374023,108334
2021-11-17,24.799999237060547,24.8700008392334,24.799999237060547,24.850000381469727,19.695201873779297,305381
2021-11-18,24.8700008392334,24.899999618530273,24.829999923706055,24.889999389648438,19.726905822753906,343333
2021-11-19,24.809999465942383,24.899999618530273,24.709999084472656,24.850000381469727,19.695201873779297,176979
2021-11-22,24.889999389648438,24.899999618530273,24.5,24.8799991607666,19.718978881835938,163492
2021-11-23,24.850000381469727,24.854999542236328,24.3700008392334,24.59000015258789,19.4891357421875,240694
2021-11-24,24.649999618530273,24.75,24.600000381469727,24.700000762939453,19.576318740844727,523226
2021-11-26,24.670000076293945,24.809999465942383,24.600000381469727,24.719999313354492,19.5921688079834,374374
2021-11-29,24.719999313354492,24.860000610351562,24.670000076293945,24.829999923706055,19.679349899291992,443200
2021-11-30,24.729999542236328,24.979999542236328,24.65999984741211,24.979999542236328,19.79823112487793,2350829
2021-12-01,25.0,25.0,24.8799991607666,24.90999984741211,19.742759704589844,146974
2021-12-02,24.90999984741211,25.0,24.899999618530273,25.0,19.814085006713867,491787
2021-12-03,24.950000762939453,25.030000686645508,24.950000762939453,24.989999771118164,19.80615997314453,209436
2021-12-06,25.0,25.040000915527344,24.959999084472656,25.0,19.814085006713867,285011
2021-12-07,25.0,25.09000015258789,25.0,25.049999237060547,19.85371208190918,313676
2021-12-08,25.059999465942383,25.100000381469727,24.950000762939453,24.950000762939453,19.774459838867188,63300
2021-12-09,24.90999984741211,24.989999771118164,24.90999984741211,24.920000076293945,19.75067901611328,36841
2021-12-10,24.950000762939453,24.950000762939453,24.8700008392334,24.920000076293945,19.75067901611328,47189
2021-12-13,24.959999084472656,24.989999771118164,24.889999389648438,24.920000076293945,19.75067901611328,20358
2021-12-14,24.8799991607666,24.969999313354492,24.799999237060547,24.915000915527344,19.74671745300293,56002
2021-12-15,24.860000610351562,24.950000762939453,24.81999969482422,24.93939971923828,19.766054153442383,42753
2021-12-16,24.940000534057617,25.030000686645508,24.8700008392334,24.93000030517578,19.75860595703125,84860
2021-12-17,24.979999542236328,25.020000457763672,24.8700008392334,24.885000228881836,19.722938537597656,23919
2021-12-20,24.799999237060547,24.940000534057617,24.75,24.850000381469727,19.695201873779297,20522
2021-12-21,24.950000762939453,24.959999084472656,24.719999313354492,24.81999969482422,19.671422958374023,65865
2021-12-22,24.920000076293945,24.979999542236328,24.858999252319336,24.969999313354492,19.790306091308594,55596
2021-12-23,24.989999771118164,25.0,24.899999618530273,24.940000534057617,19.76653289794922,43749
2021-12-27,25.0,25.0,24.899999618530273,24.93000030517578,19.75860595703125,55957
2021-12-28,24.969999313354492,25.0,24.920000076293945,25.0,19.814085006713867,43370
2021-12-29,24.940000534057617,25.100000381469727,24.940000534057617,25.030000686645508,19.837862014770508,66115
2021-12-30,25.0,25.100000381469727,25.0,25.010000228881836,19.822010040283203,69684
2021-12-31,25.010000228881836,25.063400268554688,24.950000762939453,25.030000686645508,19.837862014770508,49391
2022-01-03,25.059999465942383,25.059999465942383,24.937999725341797,24.999900817871094,19.814006805419922,50412
2022-01-04,24.889999389648438,24.889999389648438,24.700000762939453,24.719999313354492,19.5921688079834,97411
2022-01-05,24.760000228881836,24.790000915527344,24.225000381469727,24.25,19.21966552734375,129010
2022-01-06,24.43000030517578,24.520000457763672,24.18000030517578,24.46500015258789,19.390066146850586,108737
2022-01-07,24.399999618530273,24.729999542236328,24.299999237060547,24.6200008392334,19.51291275024414,94026
2022-01-10,24.549999237060547,24.68000030517578,24.510000228881836,24.649999618530273,19.536685943603516,61882
2022-01-11,24.610000610351562,24.809999465942383,24.432600021362305,24.709999084472656,19.584243774414062,39701
2022-01-12,24.729999542236328,24.850000381469727,24.68000030517578,24.739999771118164,19.608020782470703,42865
2022-01-13,24.690000534057617,24.760000228881836,24.63010025024414,24.729999542236328,19.600093841552734,82786
2022-01-14,24.639999389648438,24.70829963684082,24.5,24.530000686645508,19.44158363342285,56302
2022-01-18,24.43000030517578,24.48870086669922,24.280000686645508,24.399999618530273,19.33854866027832,63969
2022-01-19,24.440000534057617,24.469999313354492,24.350000381469727,24.440000534057617,19.37025260925293,30810
2022-01-20,24.459999084472656,24.56999969482422,24.399999618530273,24.459999084472656,19.386098861694336,64776
2022-01-21,24.440000534057617,24.559999465942383,24.360000610351562,24.5,19.417802810668945,82236
2022-01-24,24.420000076293945,24.440000534057617,24.270000457763672,24.350000381469727,19.298919677734375,62208
2022-01-25,24.299999237060547,24.329999923706055,24.100000381469727,24.270000457763672,19.23551368713379,29141
2022-01-26,24.25,24.350000381469727,23.90999984741211,23.90999984741211,18.950193405151367,24686
2022-01-27,23.90999984741211,24.100000381469727,23.350000381469727,23.350000381469727,18.506359100341797,57915
2022-01-28,23.299999237060547,23.299999237060547,22.5,22.950000762939453,18.189334869384766,194263
2022-01-31,22.979999542236328,23.450000762939453,22.901599884033203,23.450000762939453,18.585613250732422,87524
2022-02-01,23.459999084472656,23.55500030517578,23.350000381469727,23.510000228881836,18.633163452148438,80384
2022-02-02,23.530000686645508,23.569900512695312,23.280000686645508,23.329999923706055,18.49050521850586,44076
2022-02-03,23.139999389648438,23.15999984741211,22.6299991607666,23.040000915527344,18.26066017150879,49697
2022-02-04,22.940000534057617,22.940000534057617,22.40999984741211,22.40999984741211,17.761348724365234,80857
2022-02-07,22.350000381469727,22.43000030517578,22.18090057373047,22.25,17.63453483581543,61698
2022-02-08,22.149999618530273,22.149999618530273,21.81999969482422,21.84000015258789,17.309585571289062,90891
2022-02-09,22.06999969482422,22.06999969482422,21.690000534057617,21.799999237060547,17.27787971496582,154577
2022-02-10,21.549999237060547,21.649999618530273,21.149999618530273,21.350000381469727,16.921234130859375,104497
2022-02-11,21.31999969482422,21.479999542236328,21.220199584960938,21.440000534057617,16.99256134033203,112685
2022-02-14,21.440000534057617,21.440000534057617,20.610000610351562,21.09000015258789,16.715164184570312,94026
2022-02-15,21.170000076293945,21.610000610351562,21.020099639892578,21.459999084472656,17.008413314819336,187717
2022-02-16,21.3799991607666,21.46500015258789,21.239999771118164,21.450000762939453,17.000486373901367,54056
2022-02-17,21.3799991607666,21.67490005493164,21.145000457763672,21.239999771118164,16.83405113220215,41182
2022-02-18,21.260099411010742,21.399999618530273,21.200000762939453,21.350000381469727,16.921234130859375,36706
2022-02-22,21.209999084472656,21.280000686645508,21.0,21.110000610351562,16.731016159057617,40927
2022-02-23,21.200000762939453,21.3700008392334,20.890100479125977,20.920000076293945,16.580427169799805,35652
2022-02-24,20.719999313354492,20.790000915527344,20.49410057067871,20.790000915527344,16.47739601135254,147725
2022-02-25,20.829999923706055,21.079999923706055,20.739999771118164,21.0,16.64383316040039,87834
2022-02-28,20.8700008392334,21.61549949645996,20.8700008392334,20.959999084472656,16.61212921142578,90043
2022-03-01,21.010000228881836,21.25,21.010000228881836,21.190000534057617,16.79442024230957,48072
2022-03-02,21.200000762939453,21.204999923706055,21.040000915527344,21.139999389648438,16.754789352416992,28999
2022-03-03,21.170000076293945,21.239999771118164,21.069000244140625,21.1299991607666,16.74686622619629,59615
2022-03-04,21.059999465942383,21.099899291992188,20.93000030517578,21.0,16.64383316040039,20075
2022-03-07,20.959999084472656,20.959999084472656,20.670000076293945,20.704999923706055,16.410022735595703,22143
2022-03-08,20.65999984741211,20.809900283813477,20.520000457763672,20.59000015258789,16.318880081176758,55319
2022-03-09,20.65999984741211,20.847999572753906,20.657899856567383,20.729999542236328,16.429840087890625,35263
2022-03-10,20.639999389648438,20.670000076293945,20.540000915527344,20.579999923706055,16.310958862304688,25100
2022-03-11,20.56999969482422,20.719999313354492,20.424800872802734,20.469999313354492,16.223773956298828,32799
2022-03-14,20.47570037841797,20.47570037841797,19.770000457763672,19.886999130249023,15.76170539855957,52769
2022-03-15,19.700000762939453,19.850000381469727,19.485000610351562,19.799999237060547,15.987552642822266,83124
2022-03-16,19.889999389648438,20.18000030517578,19.829999923706055,20.03499984741211,16.17730140686035,132856
2022-03-17,19.940000534057617,20.512399673461914,19.940000534057617,20.30500030517578,16.39531707763672,26292
2022-03-18,20.309999465942383,20.639999389648438,20.309999465942383,20.450000762939453,16.512399673461914,27144
2022-03-21,20.399999618530273,20.399999618530273,20.020000457763672,20.1200008392334,16.245935440063477,47136
2022-03-22,20.020000457763672,20.15999984741211,19.93000030517578,20.084999084472656,16.217674255371094,51604
2022-03-23,20.139999389648438,20.190000534057617,19.989999771118164,20.049999237060547,16.18941879272461,54858
2022-03-24,20.049999237060547,20.129899978637695,20.010000228881836,20.059999465942383,16.197486877441406,47711
2022-03-25,20.0,20.030000686645508,19.63170051574707,19.899999618530273,16.06829833984375,45156
2022-03-28,19.93000030517578,19.989999771118164,19.700199127197266,19.989999771118164,16.140968322753906,32899
2022-03-29,20.260000228881836,20.260000228881836,19.940000534057617,20.229999542236328,16.334758758544922,55086
2022-03-30,20.239999771118164,20.469999313354492,20.239999771118164,20.450000762939453,16.512399673461914,37287
2022-03-31,20.59000015258789,20.739999771118164,20.406999588012695,20.6299991607666,16.657733917236328,332020
2022-04-01,20.59000015258789,20.604999542236328,20.226200103759766,20.520000457763672,16.568920135498047,44603
2022-04-04,20.40999984741211,20.649999618530273,20.40999984741211,20.5,16.552770614624023,54824
2022-04-05,20.440000534057617,20.450000762939453,20.100000381469727,20.110000610351562,16.237863540649414,63128
2022-04-06,19.969999313354492,20.110000610351562,19.8700008392334,19.8799991607666,16.052146911621094,144636
2022-04-07,19.829999923706055,20.139999389648438,19.829999923706055,20.0,16.1490421295166,110101
2022-04-08,19.889999389648438,20.020000457763672,19.729999542236328,19.729999542236328,15.931031227111816,42932
2022-04-11,19.549999237060547,19.708499908447266,19.40130043029785,19.43000030517578,15.688796997070312,37398
2022-04-12,19.579999923706055,19.610000610351562,19.31999969482422,19.389999389648438,15.656497955322266,27529
2022-04-13,19.31999969482422,19.499900817871094,19.31999969482422,19.31999969482422,15.599976539611816,19692
2022-04-14,19.299999237060547,19.40839958190918,19.149999618530273,19.31999969482422,15.599976539611816,73004
2022-04-18,19.190000534057617,19.329999923706055,19.190000534057617,19.25,15.543457984924316,26164
2022-04-19,19.25,19.25,19.09000015258789,19.170000076293945,15.47885799407959,42317
2022-04-20,19.219999313354492,19.329999923706055,19.188199996948242,19.219999313354492,15.519229888916016,38852
2022-04-21,19.350000381469727,19.350000381469727,18.940000534057617,18.979999542236328,15.325441360473633,36913
2022-04-22,18.889999389648438,19.0,18.750200271606445,18.81920051574707,15.19560432434082,18732
2022-04-25,18.790000915527344,19.030000686645508,18.790000915527344,19.020000457763672,15.35774040222168,12297
2022-04-26,18.990299224853516,19.0,18.860000610351562,18.889999389648438,15.252772331237793,21964
2022-04-27,18.93000030517578,18.950000762939453,18.639999389648438,18.749300003051758,15.139163970947266,51552
2022-04-28,18.6299991607666,18.969999313354492,18.510000228881836,18.93000030517578,15.28507137298584,77582
2022-04-29,18.65999984741211,18.8799991607666,18.649999618530273,18.8799991607666,15.244696617126465,83044
2022-05-02,18.809999465942383,18.809999465942383,18.295400619506836,18.360000610351562,14.824824333190918,46956
2022-05-03,18.479999542236328,18.479999542236328,18.059999465942383,18.23240089416504,14.721792221069336,83544
2022-05-04,18.187000274658203,18.649999618530273,18.149999618530273,18.639999389648438,15.050910949707031,78794
2022-05-05,18.420000076293945,18.420000076293945,18.059999465942383,18.229999542236328,14.719852447509766,52122
2022-05-06,18.049999237060547,18.15999984741211,17.81999969482422,17.860000610351562,14.421095848083496,64872
2022-05-09,17.639999389648438,17.739099502563477,17.530000686645508,17.530000686645508,14.154638290405273,54301
2022-05-10,17.6299991607666,17.805999755859375,17.613800048828125,17.700000762939453,14.291906356811523,84312
2022-05-11,17.59000015258789,17.95009994506836,17.59000015258789,17.719999313354492,14.308053970336914,37177
2022-05-12,17.68000030517578,17.920000076293945,17.575000762939453,17.920000076293945,14.469544410705566,50549
2022-05-13,18.020000457763672,18.030000686645508,17.890100479125977,17.96339988708496,14.504586219787598,35275
2022-05-16,17.93000030517578,18.260000228881836,17.850000381469727,18.110000610351562,14.622960090637207,47463
2022-05-17,18.25,18.290000915527344,17.952299118041992,18.010000228881836,14.54221248626709,68277
2022-05-18,18.010000228881836,18.010000228881836,17.690000534057617,17.780000686645508,14.356501579284668,87144
2022-05-19,17.93000030517578,18.020000457763672,17.75,17.850000381469727,14.413022994995117,52041
2022-05-20,17.979999542236328,18.06999969482422,17.81999969482422,17.94849967956543,14.492558479309082,46867
2022-05-23,18.06999969482422,18.06999969482422,17.809999465942383,17.809999465942383,14.380721092224121,29763
2022-05-24,17.899999618530273,18.049999237060547,17.760000228881836,18.040000915527344,14.566436767578125,49943
2022-05-25,18.040000915527344,18.5,17.981300354003906,18.5,14.9378662109375,47684
2022-05-26,18.5,18.975000381469727,18.459999084472656,18.770000457763672,15.155877113342285,43007
2022-05-27,18.850000381469727,19.309999465942383,18.850000381469727,19.200000762939453,15.503083229064941,58718
2022-05-31,19.200000762939453,19.270000457763672,18.450000762939453,19.270000457763672,15.559606552124023,131273
2022-06-01,19.31999969482422,19.350000381469727,19.110000610351562,19.270000457763672,15.559606552124023,32286
2022-06-02,19.15999984741211,19.350000381469727,19.110000610351562,19.25,15.543457984924316,21444
2022-06-03,19.049999237060547,19.299999237060547,19.049999237060547,19.25,15.543457984924316,23665
2022-06-06,19.34000015258789,19.350000381469727,19.170000076293945,19.260000228881836,15.55152702331543,196976
2022-06-07,19.149999618530273,19.420000076293945,19.149999618530273,19.389999389648438,15.656497955322266,36339
2022-06-08,19.359600067138672,19.359600067138672,19.25,19.25,15.543457984924316,17074
2022-06-09,19.25,19.25,19.084999084472656,19.15999984741211,15.470785140991211,48194
2022-06-10,18.969999313354492,18.969999313354492,18.5,18.6200008392334,15.034760475158691,33958
2022-06-13,18.139999389648438,18.20680046081543,17.84000015258789,17.84000015258789,14.404945373535156,40606
2022-06-14,17.719999313354492,17.899999618530273,17.3799991607666,17.625,14.433609962463379,59963
2022-06-15,17.74340057373047,18.309999465942383,17.709999084472656,17.959999084472656,14.707950592041016,28808
2022-06-16,17.729999542236328,17.979999542236328,17.690000534057617,17.90999984741211,14.66700267791748,49981
2022-06-17,18.010000228881836,18.190000534057617,17.92970085144043,17.950000762939453,14.699764251708984,33553
2022-06-21,18.260000228881836,18.309999465942383,17.969999313354492,18.149999618530273,14.863548278808594,21291
2022-06-22,18.06999969482422,18.260000228881836,18.06999969482422,18.135000228881836,14.851262092590332,44806
2022-06-23,18.295000076293945,18.344999313354492,18.020000457763672,18.239999771118164,14.937251091003418,71417
2022-06-24,18.31999969482422,18.3799991607666,18.200000762939453,18.3700008392334,15.043712615966797,14487
2022-06-27,18.420000076293945,18.479999542236328,18.25,18.34000015258789,15.019143104553223,28845
2022-06-28,18.459999084472656,18.459999084472656,18.25,18.329999923706055,15.010954856872559,247638
2022-06-29,18.219999313354492,18.34000015258789,18.110000610351562,18.334999084472656,15.01504898071289,213891
2022-06-30,18.350000381469727,18.389999389648438,18.110000610351562,18.110000610351562,14.830792427062988,75921
2022-07-01,18.200000762939453,18.43000030517578,18.1299991607666,18.420000076293945,15.084660530090332,27001
2022-07-05,18.459999084472656,18.520000457763672,18.350000381469727,18.519899368286133,15.166470527648926,35766
2022-07-06,18.469999313354492,18.549999237060547,18.309999465942383,18.350000381469727,15.027334213256836,19868
2022-07-07,18.360000610351562,18.491500854492188,18.360000610351562,18.40999984741211,15.076471328735352,11035
2022-07-08,18.389999389648438,18.579999923706055,18.31999969482422,18.479999542236328,15.133794784545898,15650
2022-07-11,18.459999084472656,18.488399505615234,18.34000015258789,18.454999923706055,15.113320350646973,6658
2022-07-12,18.530000686645508,18.700000762939453,18.5,18.510000228881836,15.158361434936523,13449
2022-07-13,18.3700008392334,18.56999969482422,18.3700008392334,18.440000534057617,15.10103702545166,20596
2022-07-14,18.389999389648438,18.559999465942383,18.342500686645508,18.549999237060547,15.191119194030762,23465
2022-07-15,18.649999618530273,18.88990020751953,18.530000686645508,18.530000686645508,15.174741744995117,21538
2022-07-18,18.530000686645508,18.725000381469727,18.530000686645508,18.719999313354492,15.330337524414062,28921
2022-07-19,18.719999313354492,18.84000015258789,18.649999618530273,18.81999969482422,15.412229537963867,26458
2022-07-20,18.760000228881836,19.06999969482422,18.760000228881836,19.06999969482422,15.616959571838379,31741
2022-07-21,18.940000534057617,19.139999389648438,18.940000534057617,19.139999389648438,15.674285888671875,8512
2022-07-22,19.270000457763672,19.389999389648438,19.207000732421875,19.3700008392334,15.862640380859375,11630
2022-07-25,19.360000610351562,19.37299919128418,19.239999771118164,19.25,15.76436996459961,32807
2022-07-26,19.200000762939453,19.440000534057617,19.200000762939453,19.334999084472656,15.833974838256836,11415
2022-07-27,19.280000686645508,19.399999618530273,19.260000228881836,19.350000381469727,15.846263885498047,21120
2022-07-28,19.280000686645508,19.5,19.260400772094727,19.43720054626465,15.917673110961914,38451
2022-07-29,19.389999389648438,19.90999984741211,19.354999542236328,19.8700008392334,16.27210235595703,86290
2022-08-01,19.81999969482422,20.5,19.677499771118164,20.190000534057617,16.534162521362305,116157
2022-08-02,20.00550079345703,21.170000076293945,19.799999237060547,20.989999771118164,17.189302444458008,61499
2022-08-03,20.989999771118164,21.030000686645508,20.861900329589844,20.989999771118164,17.189302444458008,37772
2022-08-04,21.030000686645508,21.100000381469727,20.709999084472656,20.780000686645508,17.017333984375,45843
2022-08-05,20.6299991607666,20.742599487304688,20.1200008392334,20.3700008392334,16.68156623840332,34449
2022-08-08,20.3700008392334,20.6200008392334,20.149999618530273,20.280000686645508,16.607864379882812,56654
2022-08-09,20.18000030517578,20.246700286865234,19.920000076293945,20.01930046081543,16.394372940063477,23821
2022-08-10,20.190000534057617,20.29199981689453,20.040000915527344,20.1200008392334,16.476837158203125,43245
2022-08-11,20.149999618530273,20.239999771118164,20.059999465942383,20.079999923706055,16.44407844543457,32919
2022-08-12,20.15999984741211,20.190000534057617,20.100000381469727,20.142099380493164,16.49493408203125,17782
2022-08-15,20.190000534057617,20.280000686645508,20.059999465942383,20.059999465942383,16.42770004272461,25776
2022-08-16,20.059999465942383,20.09000015258789,19.93670082092285,20.0,16.378564834594727,63890
2022-08-17,19.850000381469727,19.8799991607666,19.719999313354492,19.719999313354492,16.149263381958008,38996
2022-08-18,19.84269905090332,19.84269905090332,19.700000762939453,19.829999923706055,16.239347457885742,18848
2022-08-19,19.6299991607666,19.6299991607666,19.43000030517578,19.43000030517578,15.911776542663574,35623
2022-08-22,19.219999313354492,19.274999618530273,19.139999389648438,19.139999389648438,15.674285888671875,25223
2022-08-23,19.290000915527344,19.40999984741211,18.1299991607666,18.690000534057617,15.305770874023438,61846
2022-08-24,18.90999984741211,19.0,18.584999084472656,18.795000076293945,15.391753196716309,25213
2022-08-25,18.809999465942383,19.110000610351562,18.809999465942383,19.011999130249023,15.56946086883545,22847
2022-08-26,19.110000610351562,19.15999984741211,18.90999984741211,18.950000762939453,15.518689155578613,34616
2022-08-29,18.899999618530273,18.981000900268555,18.700000762939453,18.75,15.354903221130371,32133
2022-08-30,18.84000015258789,18.844999313354492,18.584999084472656,18.719999313354492,15.330337524414062,10544
2022-08-31,18.600000381469727,18.66510009765625,18.459999084472656,18.559999465942383,15.19930648803711,42544
2022-09-01,18.399999618530273,18.440000534057617,18.118600845336914,18.16010093688965,14.871819496154785,24219
2022-09-02,18.34000015258789,18.3799991607666,18.22010040283203,18.239999771118164,14.937251091003418,6814
2022-09-06,18.36479949951172,18.36479949951172,17.934099197387695,18.0,14.740705490112305,20941
2022-09-07,18.158199310302734,18.25,18.020000457763672,18.059999465942383,14.78984546661377,19122
2022-09-08,18.059999465942383,18.299999237060547,17.850000381469727,17.860000610351562,14.626059532165527,28879
2022-09-09,17.850000381469727,18.149999618530273,17.850000381469727,18.100000381469727,14.822603225708008,10348
2022-09-12,18.1299991607666,18.350000381469727,18.120100021362305,18.190000534057617,14.896303176879883,16068
2022-09-13,17.469999313354492,17.868099212646484,17.399999618530273,17.739999771118164,14.73023509979248,33847
2022-09-14,17.709999084472656,17.86210060119629,17.709999084472656,17.860000610351562,14.829877853393555,9978
2022-09-15,17.729999542236328,17.899999618530273,17.690000534057617,17.75,14.738540649414062,16475
2022-09-16,17.690000534057617,17.690000534057617,17.5,17.600000381469727,14.613986015319824,24420
2022-09-19,17.530000686645508,17.579999923706055,17.399999618530273,17.399999618530273,14.447920799255371,26637
2022-09-20,17.389999389648438,17.389999389648438,17.1299991607666,17.25,14.323369026184082,190108
2022-09-21,17.305299758911133,17.389999389648438,17.270000457763672,17.34000015258789,14.398101806640625,27973
2022-09-22,17.229999542236328,17.25,17.059999465942383,17.114999771118164,14.211275100708008,27709
2022-09-23,17.010000228881836,17.040000915527344,16.780000686645508,16.940000534057617,14.065964698791504,82045
2022-09-26,16.84000015258789,16.940000534057617,16.719999313354492,16.799999237060547,13.949715614318848,104148
2022-09-27,16.940000534057617,16.950000762939453,16.6299991607666,16.780000686645508,13.933107376098633,82086
2022-09-28,16.8799991607666,17.149999618530273,16.799999237060547,17.030000686645508,14.14069652557373,30424
2022-09-29,17.030000686645508,17.030000686645508,16.620100021362305,16.81999969482422,13.966320991516113,47719
2022-09-30,16.885000228881836,17.009899139404297,16.779600143432617,16.959999084472656,14.08257007598877,147708
2022-10-03,16.899999618530273,17.209999084472656,16.899999618530273,17.040000915527344,14.14900016784668,22617
2022-10-04,17.1200008392334,17.270000457763672,16.850000381469727,16.979999542236328,14.099176406860352,98237
2022-10-05,16.829999923706055,16.91200065612793,16.5,16.760000228881836,13.916502952575684,209494
2022-10-06,16.75,16.84000015258789,16.579999923706055,16.719999313354492,13.883288383483887,122880
2022-10-07,16.670000076293945,16.950000762939453,16.43000030517578,16.8700008392334,14.00783920288086,383530
2022-10-10,16.8700008392334,16.959999084472656,16.6200008392334,16.649999618530273,13.825165748596191,32390
2022-10-11,16.649999618530273,16.729999542236328,16.610000610351562,16.68000030517578,13.850075721740723,22676
2022-10-12,16.540000915527344,16.6200008392334,16.5,16.56999969482422,13.758740425109863,33585
2022-10-13,16.3799991607666,16.6200008392334,16.229999542236328,16.549999237060547,13.742131233215332,46075
2022-10-14,16.549999237060547,16.600000381469727,16.390100479125977,16.440000534057617,13.650795936584473,12007
2022-10-17,16.579999923706055,16.68000030517578,16.440099716186523,16.520000457763672,13.717222213745117,37515
2022-10-18,16.58049964904785,16.75,16.469999313354492,16.559999465942383,13.750434875488281,85092
2022-10-19,16.520000457763672,16.520000457763672,16.149999618530273,16.270000457763672,13.509637832641602,66636
2022-10-20,16.219999313354492,16.31999969482422,15.930000305175781,16.0,13.285442352294922,114722
2022-10-21,15.9399995803833,15.949299812316895,15.668299674987793,15.75,13.077858924865723,52028
2022-10-24,15.699999809265137,15.75,15.5600004196167,15.670000076293945,13.011431694030762,48076
2022-10-25,15.75,15.859999656677246,15.75,15.850000381469727,13.160894393920898,47377
2022-10-26,15.850000381469727,16.09000015258789,15.8100004196167,15.930000305175781,13.227320671081543,43970
2022-10-27,15.9399995803833,16.030000686645508,15.930100440979004,15.960000038146973,13.252230644226074,29720
2022-10-28,15.880000114440918,16.079999923706055,15.859999656677246,16.0,13.285442352294922,139008
2022-10-31,15.979999542236328,16.170000076293945,15.899999618530273,16.09000015258789,13.360175132751465,72525
2022-11-01,16.190000534057617,16.216800689697266,16.010000228881836,16.059999465942383,13.335265159606934,24029
2022-11-02,16.010000228881836,16.270000457763672,16.0,16.079999923706055,13.351872444152832,26527
2022-11-03,15.710000038146973,15.9399995803833,15.699999809265137,15.899999618530273,13.202409744262695,63060
2022-11-04,15.859999656677246,16.0,15.729999542236328,15.800000190734863,13.119375228881836,47076
2022-11-07,15.859999656677246,15.899999618530273,15.789999961853027,15.8100004196167,13.127678871154785,37925
2022-11-08,15.899999618530273,16.149999618530273,15.850000381469727,16.149999618530273,13.409996032714844,46834
2022-11-09,16.1299991607666,16.200000762939453,15.979999542236328,16.149999618530273,13.409996032714844,38191
2022-11-10,16.440000534057617,17.030000686645508,16.350000381469727,16.920000076293945,14.049356460571289,102061
2022-11-11,17.0,17.296300888061523,17.0,17.200000762939453,14.281853675842285,25121
2022-11-14,17.239999771118164,17.239999771118164,16.979999542236328,17.149999618530273,14.240336418151855,44207
2022-11-15,17.290000915527344,17.6299991607666,17.141700744628906,17.6299991607666,14.638895988464355,161445
2022-11-16,17.549999237060547,17.899999618530273,17.549999237060547,17.700000762939453,14.697027206420898,111056
2022-11-17,17.6299991607666,17.6299991607666,17.469999313354492,17.530000686645508,14.555866241455078,39899
2022-11-18,17.540000915527344,17.610000610351562,17.459999084472656,17.510000228881836,14.53925895690918,13163
2022-11-21,17.579999923706055,17.579999923706055,17.43000030517578,17.450000762939453,14.489439010620117,23132
2022-11-22,17.579999923706055,17.610000610351562,17.450000762939453,17.56999969482422,14.589078903198242,66998
2022-11-23,17.549999237060547,17.692800521850586,17.530000686645508,17.584999084472656,14.601531982421875,37707
2022-11-25,17.649999618530273,17.649999618530273,17.450000762939453,17.59000015258789,14.605687141418457,15090
2022-11-28,17.59000015258789,17.59000015258789,17.34000015258789,17.3799991607666,14.431312561035156,33819
2022-11-29,17.3799991607666,17.3799991607666,17.010000228881836,17.010000228881836,14.124088287353516,30859
2022-11-30,17.1299991607666,17.510000228881836,16.969999313354492,17.510000228881836,14.53925895690918,194690
2022-12-01,17.610000610351562,17.8435001373291,17.579999923706055,17.79560089111328,14.77640151977539,73621
2022-12-02,17.75,18.030000686645508,17.68000030517578,17.950000762939453,14.904609680175781,70877
2022-12-05,17.950000762939453,17.950000762939453,17.6200008392334,17.649999618530273,14.65550708770752,53734
2022-12-06,17.790000915527344,17.790000915527344,17.270000457763672,17.34000015258789,14.398101806640625,63244
2022-12-07,17.290000915527344,17.489999771118164,17.229999542236328,17.420000076293945,14.464529991149902,258167
2022-12-08,17.440000534057617,17.545000076293945,17.209999084472656,17.389999389648438,14.439616203308105,135175
2022-12-09,17.389999389648438,17.399999618530273,17.049999237060547,17.049999237060547,14.157299041748047,152025
2022-12-12,17.1299991607666,17.280000686645508,16.960899353027344,17.100000381469727,14.198819160461426,97575
2022-12-13,17.139999389648438,17.15999984741211,16.940000534057617,17.101900100708008,14.41108512878418,148132
2022-12-14,17.1299991607666,17.229999542236328,17.000999450683594,17.06999969482422,14.38420295715332,185323
2022-12-15,17.079999923706055,17.110000610351562,16.969999313354492,17.083200454711914,14.395326614379883,45469
2022-12-16,16.989999771118164,17.209999084472656,16.90220069885254,17.18000030517578,14.476897239685059,43182
2022-12-19,17.020000457763672,17.129899978637695,16.920000076293945,16.989999771118164,14.316792488098145,48940
2022-12-20,16.920000076293945,16.979999542236328,16.809999465942383,16.860000610351562,14.207244873046875,23799
2022-12-21,16.93000030517578,16.979999542236328,16.799999237060547,16.799999237060547,14.156685829162598,53577
2022-12-22,16.780000686645508,16.81999969482422,16.598499298095703,16.75,14.114551544189453,57913
2022-12-23,16.75,16.799999237060547,16.610000610351562,16.639999389648438,14.021860122680664,34684
2022-12-27,16.6299991607666,16.660999298095703,16.34000015258789,16.450000762939453,13.861757278442383,41279
2022-12-28,16.489999771118164,16.540000915527344,16.260099411010742,16.329999923706055,13.760635375976562,67366
2022-12-29,16.43000030517578,16.52989959716797,16.360000610351562,16.399999618530273,13.819621086120605,58074
2022-12-30,16.469999313354492,17.100000381469727,16.309999465942383,16.700000762939453,14.072421073913574,256559
2023-01-03,16.93000030517578,16.998899459838867,16.797199249267578,16.799999237060547,14.156685829162598,34044
2023-01-04,16.920000076293945,17.219900131225586,16.890100479125977,17.200000762939453,14.493748664855957,25764
2023-01-05,17.200000762939453,17.459999084472656,16.990100860595703,17.389999389648438,14.653854370117188,37804
2023-01-06,17.760000228881836,17.77989959716797,17.462900161743164,17.579999923706055,14.813959121704102,41159
2023-01-09,17.700000762939453,17.829999923706055,17.489999771118164,17.530000686645508,14.771827697753906,39633
2023-01-10,17.59000015258789,17.700000762939453,17.5,17.678499221801758,14.89696216583252,30299
2023-01-11,17.770000457763672,17.799999237060547,17.71500015258789,17.760799407958984,14.96631145477295,27997
2023-01-12,17.860000610351562,17.989999771118164,17.825000762939453,17.92060089111328,15.100972175598145,28721
2023-01-13,17.8700008392334,18.079999923706055,17.8700008392334,18.040000915527344,15.201583862304688,35739
2023-01-17,17.969999313354492,18.290000915527344,17.969999313354492,18.209999084472656,15.344837188720703,34369
2023-01-18,18.40999984741211,18.610000610351562,18.31999969482422,18.329999923706055,15.445955276489258,54955
2023-01-19,18.329999923706055,18.469999313354492,18.190000534057617,18.420000076293945,15.521797180175781,26472
2023-01-20,18.34000015258789,18.56999969482422,18.3164005279541,18.530000686645508,15.614486694335938,55602
2023-01-23,18.43000030517578,18.670000076293945,18.43000030517578,18.520000457763672,15.606060981750488,47368
2023-01-24,18.579999923706055,18.68000030517578,18.489999771118164,18.524999618530273,15.610272407531738,16381
2023-01-25,18.459999084472656,18.6299991607666,18.440000534057617,18.6299991607666,15.698753356933594,23460
2023-01-26,18.65999984741211,18.700000762939453,18.600000381469727,18.600000381469727,15.673473358154297,40074
2023-01-27,18.649999618530273,18.71500015258789,18.610000610351562,18.6299991607666,15.698753356933594,18520
2023-01-30,18.639999389648438,18.809999465942383,18.52400016784668,18.809999465942383,15.850434303283691,51463
2023-01-31,18.84000015258789,18.889999389648438,18.760000228881836,18.850000381469727,15.884140968322754,44043
2023-02-01,18.920000076293945,19.059999465942383,18.860000610351562,18.979999542236328,15.993684768676758,33175
2023-02-02,19.149999618530273,19.260000228881836,19.079999923706055,19.200000762939453,16.179075241088867,48772
2023-02-03,19.1299991607666,19.1299991607666,18.729999542236328,18.729999542236328,15.783015251159668,20540
2023-02-06,18.600000381469727,18.600000381469727,18.399999618530273,18.5,15.58920955657959,28780
2023-02-07,18.530000686645508,18.530000686645508,18.25,18.309999465942383,15.42910385131836,35613
2023-02-08,18.360000610351562,18.384300231933594,18.21150016784668,18.307899475097656,15.427330017089844,15037
2023-02-09,18.459999084472656,18.459999084472656,18.270000457763672,18.270000457763672,15.395397186279297,17930
2023-02-10,18.309999465942383,18.309999465942383,18.010000228881836,18.18000030517578,15.319557189941406,29360
2023-02-13,18.200000762939453,18.290000915527344,18.1299991607666,18.290000915527344,15.412249565124512,22074
2023-02-14,18.280000686645508,18.40999984741211,18.1200008392334,18.309999465942383,15.42910385131836,26064
2023-02-15,18.3700008392334,18.3700008392334,18.260000228881836,18.350000381469727,15.462808609008789,58712
2023-02-16,18.260000228881836,18.260000228881836,18.110000610351562,18.139999389648438,15.285850524902344,29305
2023-02-17,18.139999389648438,18.139999389648438,18.020000457763672,18.079999923706055,15.235292434692383,17212
2023-02-21,17.969999313354492,18.0,17.65999984741211,17.65999984741211,14.88137149810791,20521
2023-02-22,17.6200008392334,17.81999969482422,17.6200008392334,17.770000457763672,14.974065780639648,30722
2023-02-23,17.889999389648438,18.020000457763672,17.809999465942383,18.0,15.167876243591309,20746
2023-02-24,17.81999969482422,17.989999771118164,17.81999969482422,17.989999771118164,15.159451484680176,21093
2023-02-27,18.1200008392334,18.1200008392334,17.989999771118164,18.0,15.167876243591309,13431
2023-02-28,18.09000015258789,18.110000610351562,17.889999389648438,18.049999237060547,15.210010528564453,47716
2023-03-01,18.049999237060547,18.110000610351562,17.953399658203125,18.059999465942383,15.218437194824219,41467
2023-03-02,17.959999084472656,18.0,17.729999542236328,17.809999465942383,15.007771492004395,43383
2023-03-03,17.940000534057617,18.0,17.8799991607666,18.0,15.167876243591309,19468
2023-03-06,18.0,18.072500228881836,17.93000030517578,18.010000228881836,15.176304817199707,24389
2023-03-07,18.059999465942383,18.079999923706055,17.920000076293945,17.950000762939453,15.125747680664062,46299
2023-03-08,17.989999771118164,18.069900512695312,17.881000518798828,17.93000030517578,15.108892440795898,30417
2023-03-09,17.959999084472656,17.959999084472656,17.461999893188477,17.485000610351562,14.733909606933594,20298
2023-03-10,17.600000381469727,17.649999618530273,17.213499069213867,17.290000915527344,14.56959056854248,19662
2023-03-13,15.800000190734863,17.239999771118164,15.800000190734863,17.239999771118164,14.52745532989502,78866
2023-03-14,17.239999771118164,17.469999313354492,17.239999771118164,17.280000686645508,14.775423049926758,28222
2023-03-15,17.200000762939453,17.25,16.870100021362305,17.25,14.749771118164062,57445
2023-03-16,17.34000015258789,18.139999389648438,17.25,18.010099411010742,15.399700164794922,67706
2023-03-17,18.1200008392334,18.1200008392334,17.829999923706055,17.950000762939453,15.348312377929688,12975
2023-03-20,17.950000762939453,18.200000762939453,17.790000915527344,17.8700008392334,15.2799072265625,26963
2023-03-21,17.8700008392334,18.149900436401367,17.8700008392334,18.049999237060547,15.433819770812988,21635
2023-03-22,18.18000030517578,18.260000228881836,18.030000686645508,18.184999465942383,15.549250602722168,18794
2023-03-23,18.299999237060547,18.325000762939453,18.030000686645508,18.049999237060547,15.433819770812988,27520
2023-03-24,18.049999237060547,18.049999237060547,17.68000030517578,18.0,15.391064643859863,96346
2023-03-27,18.100000381469727,18.34000015258789,17.8700008392334,17.979999542236328,15.3739652633667,16695
2023-03-28,18.09000015258789,18.190000534057617,18.049999237060547,18.15999984741211,15.527873992919922,11555
2023-03-29,18.290000915527344,18.399999618530273,17.829999923706055,17.969999313354492,15.365411758422852,100981
2023-03-30,18.100000381469727,18.18000030517578,17.899999618530273,18.18000030517578,15.544978141784668,24989
2023-03-31,18.290000915527344,18.559999465942383,18.229999542236328,18.5,15.81859302520752,84785
2023-04-03,18.559999465942383,18.68000030517578,18.374799728393555,18.68000030517578,15.972508430480957,23500
2023-04-04,18.719999313354492,18.719999313354492,18.469999313354492,18.700000762939453,15.989607810974121,18420
2023-04-05,18.700000762939453,18.75,18.638999938964844,18.639999389648438,15.93830680847168,22019
2023-04-06,18.690000534057617,18.850000381469727,18.65999984741211,18.704999923706055,15.993880271911621,8213
2023-04-10,18.760000228881836,18.854999542236328,18.68000030517578,18.68000030517578,15.972508430480957,13022
2023-04-11,18.75,18.81999969482422,18.69499969482422,18.719999313354492,16.0067081451416,15022
2023-04-12,18.739999771118164,18.739999771118164,18.579999923706055,18.59000015258789,15.895548820495605,42964
2023-04-13,18.690000534057617,18.700000762939453,18.600000381469727,18.6299991607666,15.9297513961792,18670
2023-04-14,18.6299991607666,18.68000030517578,18.469999313354492,18.530000686645508,15.844245910644531,19007
2023-04-17,18.649999618530273,18.68000030517578,18.489999771118164,18.489999771118164,15.810047149658203,52124
2023-04-18,18.59000015258789,18.610000610351562,18.427499771118164,18.579999923706055,15.886999130249023,23017
2023-04-19,18.559999465942383,18.670000076293945,18.450000762939453,18.635000228881836,15.934026718139648,23864
2023-04-20,18.6299991607666,18.68000030517578,18.584999084472656,18.600000381469727,15.904098510742188,14997
2023-04-21,18.68000030517578,18.833799362182617,18.59000015258789,18.59000015258789,15.895548820495605,77702
2023-04-24,18.719999313354492,18.760000228881836,18.600000381469727,18.600000381469727,15.904098510742188,12791
2023-04-25,18.68000030517578,18.68000030517578,18.56999969482422,18.579999923706055,15.886999130249023,12283
2023-04-26,18.649999618530273,18.729999542236328,18.559999465942383,18.59000015258789,15.895548820495605,24786
2023-04-27,18.719999313354492,18.780000686645508,18.634899139404297,18.739999771118164,16.0238094329834,27564
2023-04-28,18.729999542236328,18.850000381469727,18.670000076293945,18.700000762939453,15.989607810974121,61986
2023-05-01,18.780000686645508,18.81909942626953,18.420000076293945,18.579999923706055,15.886999130249023,27569
2023-05-02,18.579999923706055,18.579999923706055,18.31999969482422,18.329999923706055,15.673233985900879,22443
2023-05-03,18.389999389648438,18.469999313354492,18.209999084472656,18.229999542236328,15.58773136138916,33456
2023-05-04,18.170000076293945,18.299999237060547,17.959999084472656,18.219999313354492,15.579179763793945,44689
2023-05-05,18.399999618530273,18.639999389648438,18.360000610351562,18.520000457763672,15.83569622039795,20176
2023-05-08,18.420000076293945,18.610000610351562,18.139999389648438,18.559999465942383,15.86989688873291,10715
2023-05-09,18.579999923706055,18.600000381469727,18.420000076293945,18.469999313354492,15.792941093444824,18491
2023-05-10,18.469999313354492,18.809999465942383,18.469999313354492,18.530000686645508,15.844245910644531,14290
2023-05-11,18.530000686645508,18.75,18.5,18.5,15.81859302520752,13331
2023-05-12,18.670000076293945,18.799999237060547,18.530000686645508,18.649999618530273,15.946852684020996,21959
2023-05-15,18.739999771118164,18.739999771118164,18.479999542236328,18.600000381469727,15.904098510742188,69072
2023-05-16,18.549999237060547,18.600000381469727,18.3799991607666,18.3799991607666,15.71599006652832,15331
2023-05-17,18.549999237060547,18.719999313354492,18.469999313354492,18.559999465942383,15.86989688873291,16658
2023-05-18,18.559999465942383,18.56999969482422,18.280000686645508,18.329999923706055,15.673233985900879,23324
2023-05-19,18.3799991607666,18.3799991607666,18.1299991607666,18.25,15.604830741882324,20116
2023-05-22,18.34000015258789,18.34000015258789,18.190000534057617,18.229999542236328,15.58773136138916,17025
2023-05-23,18.25,18.399999618530273,18.209999084472656,18.219999313354492,15.579179763793945,15873
2023-05-24,18.200000762939453,18.290000915527344,18.110000610351562,18.170000076293945,15.53642749786377,22958
2023-05-25,18.290000915527344,18.290000915527344,18.09000015258789,18.170000076293945,15.53642749786377,7578
2023-05-26,18.219999313354492,18.219999313354492,18.010000228881836,18.18000030517578,15.544978141784668,14756
2023-05-30,18.280000686645508,18.290000915527344,18.09000015258789,18.09000015258789,15.468021392822266,11496
2023-05-31,18.309999465942383,18.510000228881836,18.030099868774414,18.5,15.81859302520752,84898
2023-06-01,18.5,18.68000030517578,18.479999542236328,18.559999465942383,15.86989688873291,48867
2023-06-02,18.690000534057617,19.190000534057617,18.677000045776367,18.989999771118164,16.23757553100586,28303
2023-06-05,19.049999237060547,19.200000762939453,18.700000762939453,18.989999771118164,16.23757553100586,14537
2023-06-06,19.1299991607666,19.1299991607666,18.950000762939453,18.959999084472656,16.2119197845459,63622
2023-06-07,19.09000015258789,19.09000015258789,18.801000595092773,18.829999923706055,16.100765228271484,23892
2023-06-08,18.920000076293945,18.950000762939453,18.729999542236328,18.729999542236328,16.0152587890625,18092
2023-06-09,18.899999618530273,18.899999618530273,18.760000228881836,18.760000228881836,16.040908813476562,10292
2023-06-12,18.799999237060547,18.899999618530273,18.6200008392334,18.649999618530273,15.946852684020996,7096
2023-06-13,18.59000015258789,18.639999389648438,18.417600631713867,18.549999237060547,16.07685661315918,12770
2023-06-14,18.639999389648438,18.639999389648438,18.31999969482422,18.450000762939453,15.990187644958496,17898
2023-06-15,18.540000915527344,18.59000015258789,18.420000076293945,18.59000015258789,16.111522674560547,10038
2023-06-16,18.65999984741211,18.65999984741211,18.360000610351562,18.360000610351562,15.912188529968262,15182
2023-06-20,18.479999542236328,18.479999542236328,18.200000762939453,18.299999237060547,15.860188484191895,34932
2023-06-21,18.34000015258789,18.43000030517578,18.237499237060547,18.399999618530273,15.946852684020996,19290
2023-06-22,18.420000076293945,18.479999542236328,18.329999923706055,18.469999313354492,16.007518768310547,16210
2023-06-23,18.479999542236328,18.56999969482422,18.3700008392334,18.520000457763672,16.050853729248047,12140
2023-06-26,18.520000457763672,18.7593994140625,18.520000457763672,18.6200008392334,16.13752555847168,19576
2023-06-27,18.700000762939453,18.78499984741211,18.469999313354492,18.469999313354492,16.007518768310547,20804
2023-06-28,18.670000076293945,18.729999542236328,18.399999618530273,18.530000686645508,16.05952262878418,20005
2023-06-29,18.6299991607666,18.639999389648438,18.434999465942383,18.530000686645508,16.05952262878418,49486
2023-06-30,18.68000030517578,18.969999313354492,18.600000381469727,18.950000762939453,16.42353057861328,79943
2023-07-03,18.920000076293945,18.969999313354492,18.8799991607666,18.90999984741211,16.388856887817383,33213
2023-07-05,18.889999389648438,18.944000244140625,18.760000228881836,18.790000915527344,16.28485679626465,24595
2023-07-06,18.59000015258789,18.600000381469727,18.149999618530273,18.350000381469727,15.903520584106445,38917
2023-07-07,18.420000076293945,18.558799743652344,18.34000015258789,18.34000015258789,15.894856452941895,11557
2023-07-10,18.489999771118164,18.489999771118164,18.12929916381836,18.209999084472656,15.782185554504395,66349
2023-07-11,18.350000381469727,18.350000381469727,18.1200008392334,18.149999618530273,15.730186462402344,15702
2023-07-12,18.290000915527344,18.34000015258789,18.190000534057617,18.24220085144043,15.810090065002441,35337
2023-07-13,18.360000610351562,18.360000610351562,18.200000762939453,18.299999237060547,15.860188484191895,28115
2023-07-14,18.34000015258789,18.389999389648438,18.18000030517578,18.25,15.816851615905762,63047
2023-07-17,18.290000915527344,18.290000915527344,18.03499984741211,18.100000381469727,15.686851501464844,49094
2023-07-18,18.190000534057617,18.25,18.139999389648438,18.18000030517578,15.756187438964844,36267
2023-07-19,18.299999237060547,18.325199127197266,18.190000534057617,18.190000534057617,15.764852523803711,59905
2023-07-20,18.190000534057617,18.280000686645508,18.175899505615234,18.270000457763672,15.834184646606445,18708
2023-07-21,18.350000381469727,18.365699768066406,18.260000228881836,18.309999465942383,15.868851661682129,30301
2023-07-24,18.3700008392334,18.402299880981445,18.299999237060547,18.360000610351562,15.912188529968262,7463
2023-07-25,18.420000076293945,18.420000076293945,18.31999969482422,18.360000610351562,15.912188529968262,11032
2023-07-26,18.420000076293945,18.655000686645508,18.399999618530273,18.56999969482422,16.094188690185547,22696
2023-07-27,18.600000381469727,18.649999618530273,18.350000381469727,18.399999618530273,15.946852684020996,19066
2023-07-28,18.520000457763672,18.739999771118164,18.36009979248047,18.369300842285156,15.920247077941895,41483
2023-07-31,18.479999542236328,18.65999984741211,18.469999313354492,18.549999237060547,16.07685661315918,46062
2023-08-01,18.420000076293945,18.510000228881836,18.25,18.280000686645508,15.842856407165527,33518
2023-08-02,18.25,18.25,18.030000686645508,18.049999237060547,15.64351749420166,41921
2023-08-03,17.93000030517578,17.989999771118164,17.790000915527344,17.81999969482422,15.444180488586426,28665
2023-08-04,17.979999542236328,18.149999618530273,17.881999969482422,18.0,15.600183486938477,19333
2023-08-07,18.0,18.110000610351562,17.979999542236328,18.010000228881836,15.608851432800293,16229
2023-08-08,18.010000228881836,18.079999923706055,17.860000610351562,17.959999084472656,15.56551456451416,20784
2023-08-09,18.0,18.049999237060547,17.905500411987305,17.93000030517578,15.539518356323242,20231
2023-08-10,18.040000915527344,18.040000915527344,17.799999237060547,17.799999237060547,15.426846504211426,26950
2023-08-11,17.729999542236328,17.91990089416504,17.729999542236328,17.770000457763672,15.400850296020508,9536
2023-08-14,17.850000381469727,17.850000381469727,17.697599411010742,17.790000915527344,15.418183326721191,87716
2023-08-15,17.770000457763672,17.780000686645508,17.6200008392334,17.65999984741211,15.305512428283691,17457
2023-08-16,17.649999618530273,17.690000534057617,17.260000228881836,17.260000228881836,14.958842277526855,28309
2023-08-17,17.360000610351562,17.454999923706055,17.149999618530273,17.239999771118164,14.941508293151855,31653
2023-08-18,17.25,17.31999969482422,17.20009994506836,17.219999313354492,14.924178123474121,14698
2023-08-21,17.190000534057617,17.260000228881836,17.100000381469727,17.170000076293945,14.880841255187988,22593
2023-08-22,17.280000686645508,17.389999389648438,17.15999984741211,17.229999542236328,14.932842254638672,32177
2023-08-23,17.389999389648438,17.43000030517578,17.280099868774414,17.420000076293945,15.097513198852539,22052
2023-08-24,17.450000762939453,17.450000762939453,17.209999084472656,17.209999084472656,14.915507316589355,13229
2023-08-25,17.299999237060547,17.31999969482422,17.170000076293945,17.25,14.950175285339355,11706
2023-08-28,17.34000015258789,17.43000030517578,17.25,17.25,14.950175285339355,15943
2023-08-29,17.31999969482422,17.5,17.239999771118164,17.329999923706055,15.019508361816406,28670
2023-08-30,17.389999389648438,17.459999084472656,17.329999923706055,17.34000015258789,15.028175354003906,16404
2023-08-31,17.40999984741211,17.8799991607666,17.350000381469727,17.829999923706055,15.452849388122559,111726
2023-09-01,17.770000457763672,17.770000457763672,17.670000076293945,17.709999084472656,15.348843574523926,26476
2023-09-05,17.729999542236328,17.729999542236328,17.56999969482422,17.56999969482422,15.227513313293457,27109
2023-09-06,17.649999618530273,17.649999618530273,17.520000457763672,17.56999969482422,15.227513313293457,19835
2023-09-07,17.56999969482422,17.649999618530273,17.549999237060547,17.549999237060547,15.210180282592773,13760
2023-09-08,17.6299991607666,17.68000030517578,17.540000915527344,17.54010009765625,15.20159912109375,12911
2023-09-11,17.639999389648438,17.690000534057617,17.520000457763672,17.520000457763672,15.184179306030273,8953
2023-09-12,17.389999389648438,17.389999389648438,17.1200008392334,17.170000076293945,15.096257209777832,25439
2023-09-13,17.280000686645508,17.280000686645508,17.170000076293945,17.170000076293945,15.096257209777832,20937
2023-09-14,17.309999465942383,17.34000015258789,17.270000457763672,17.299999237060547,15.210556983947754,12652
2023-09-15,17.299999237060547,17.299999237060547,17.18000030517578,17.270000457763672,15.184179306030273,32240
2023-09-18,17.280000686645508,17.423799514770508,17.260000228881836,17.326400756835938,15.233768463134766,11075
2023-09-19,17.420000076293945,17.450000762939453,17.200000762939453,17.43000030517578,15.324856758117676,12529
2023-09-20,17.520000457763672,17.56999969482422,17.329999923706055,17.329999923706055,15.236930847167969,12486
2023-09-21,17.18000030517578,17.18000030517578,16.899999618530273,16.93000030517578,14.885244369506836,28030
2023-09-22,17.09000015258789,17.100000381469727,16.989999771118164,17.065000534057617,15.003941535949707,10994
2023-09-25,16.8799991607666,17.040000915527344,16.860000610351562,16.989999771118164,14.937997817993164,16046
2023-09-26,17.0,17.06999969482422,16.8700008392334,16.969999313354492,14.920412063598633,40479
2023-09-27,17.09000015258789,17.139999389648438,16.931800842285156,17.100000381469727,15.034712791442871,89762
2023-09-28,17.040000915527344,17.260000228881836,17.030000686645508,17.229999542236328,15.14901065826416,79530
2023-09-29,17.389999389648438,17.479999542236328,17.139999389648438,17.18000030517578,15.105048179626465,90084
2023-10-02,17.100000381469727,17.100000381469727,16.729999542236328,16.969999313354492,14.920412063598633,33928
2023-10-03,16.780000686645508,16.81999969482422,16.290000915527344,16.399999618530273,14.419255256652832,38663
2023-10-04,16.479999542236328,16.59000015258789,16.260000228881836,16.260000228881836,14.296165466308594,41222
2023-10-05,16.329999923706055,16.350000381469727,16.139999389648438,16.170000076293945,14.217034339904785,18286
2023-10-06,15.920000076293945,16.16990089416504,15.920000076293945,16.059999465942383,14.120319366455078,14570
2023-10-09,16.270000457763672,16.322999954223633,16.149999618530273,16.260000228881836,14.296165466308594,12362
2023-10-10,16.200000762939453,16.3700008392334,16.1299991607666,16.260000228881836,14.296165466308594,31712
2023-10-11,16.489999771118164,16.489999771118164,16.34000015258789,16.399999618530273,14.419255256652832,18919
2023-10-12,16.450000762939453,16.450000762939453,16.200000762939453,16.209999084472656,14.252202033996582,23618
2023-10-13,16.399999618530273,16.423599243164062,16.059999465942383,16.170000076293945,14.217034339904785,16295
2023-10-16,16.25,16.25,16.0,16.049999237060547,14.111526489257812,44132
2023-10-17,15.949999809265137,16.149999618530273,15.90999984741211,16.010000228881836,14.0763578414917,61336
2023-10-18,15.949999809265137,15.949999809265137,15.720000267028809,15.720000267028809,13.82138442993164,18701
2023-10-19,15.829999923706055,15.829999923706055,15.59000015258789,15.59000015258789,13.707084655761719,18019
2023-10-20,15.720000267028809,15.739999771118164,15.479999542236328,15.739999771118164,13.838967323303223,27626
2023-10-23,15.6899995803833,15.729999542236328,15.5600004196167,15.729999542236328,13.83017635345459,17030
2023-10-24,15.729999542236328,15.890000343322754,15.609999656677246,15.890000343322754,13.970850944519043,76952
2023-10-25,15.800000190734863,15.8100004196167,15.65999984741211,15.65999984741211,13.768630027770996,19794
2023-10-26,15.770000457763672,15.849900245666504,15.612299919128418,15.770000457763672,13.865345001220703,30354
2023-10-27,15.850000381469727,15.869999885559082,15.569999694824219,15.579999923706055,13.698291778564453,21927
2023-10-30,15.579999923706055,15.724900245666504,15.380000114440918,15.5,13.627954483032227,28320
2023-10-31,15.630000114440918,15.779999732971191,15.600000381469727,15.770000457763672,13.865345001220703,32925
2023-11-01,15.859999656677246,16.200000762939453,15.765999794006348,16.174999237060547,14.221429824829102,36135
2023-11-02,16.219999313354492,17.06999969482422,16.219999313354492,16.969999313354492,14.920412063598633,34069
2023-11-03,17.40999984741211,17.40999984741211,17.059999465942383,17.149999618530273,15.0786714553833,30994
2023-11-06,17.09000015258789,17.149999618530273,17.0,17.100000381469727,15.034712791442871,14490
2023-11-07,17.229999542236328,17.229999542236328,16.83880043029785,16.850000381469727,14.81490421295166,8544
2023-11-08,17.010000228881836,17.010000228881836,16.81719970703125,16.8700008392334,14.832490921020508,21944
2023-11-09,16.950000762939453,16.950000762939453,16.5,16.5,14.507179260253906,24865
2023-11-10,16.670000076293945,16.699899673461914,16.540000915527344,16.579999923706055,14.5775146484375,11104
2023-11-13,16.6299991607666,16.795000076293945,16.579999923706055,16.649999618530273,14.639059066772461,21893
2023-11-14,17.299999237060547,17.309999465942383,16.959999084472656,17.100000381469727,15.034712791442871,20744
2023-11-15,17.100000381469727,17.1200008392334,17.030000686645508,17.09000015258789,15.025919914245605,21886
2023-11-16,17.139999389648438,17.549999237060547,17.010900497436523,17.389999389648438,15.28968620300293,117027
2023-11-17,17.5,17.770000457763672,17.434999465942383,17.690000534057617,15.553454399108887,192858
2023-11-20,17.719999313354492,17.860000610351562,17.639999389648438,17.700000762939453,15.562246322631836,61146
2023-11-21,17.770000457763672,17.860000610351562,17.709999084472656,17.799999237060547,15.650163650512695,101211
2023-11-22,17.889999389648438,17.899999618530273,17.530099868774414,17.68000030517578,15.544658660888672,46777
2023-11-24,17.6200008392334,17.780000686645508,17.6200008392334,17.709999084472656,15.571036338806152,9431
2023-11-27,17.780000686645508,17.950000762939453,17.75,17.920000076293945,15.755674362182617,17975
2023-11-28,17.940000534057617,18.040000915527344,17.899999618530273,17.979999542236328,15.80842399597168,28987
2023-11-29,18.020000457763672,18.270000457763672,18.020000457763672,18.1299991607666,15.940309524536133,26480
2023-11-30,18.25,18.329999923706055,17.990100860595703,18.329999923706055,16.116153717041016,131938
2023-12-01,18.329999923706055,18.549999237060547,18.18000030517578,18.399999618530273,16.177698135375977,41000
2023-12-04,18.3799991607666,18.450000762939453,18.1299991607666,18.1299991607666,15.940309524536133,91967
2023-12-05,18.299999237060547,18.329999923706055,17.989999771118164,17.989999771118164,15.817218780517578,58885
2023-12-06,18.15999984741211,18.280000686645508,18.1299991607666,18.139999389648438,15.949100494384766,55018
2023-12-07,18.270000457763672,18.399999618530273,18.180099487304688,18.280000686645508,16.072195053100586,27588
2023-12-08,18.25,18.269399642944336,18.100000381469727,18.110000610351562,15.922728538513184,36129
2023-12-11,18.200000762939453,18.239999771118164,17.920000076293945,18.030000686645508,15.85239028930664,47848
2023-12-12,17.8799991607666,17.969999313354492,17.670000076293945,17.670000076293945,15.754311561584473,72513
2023-12-13,17.700000762939453,18.1299991607666,17.649999618530273,17.799999237060547,15.870222091674805,62744
2023-12-14,18.450000762939453,18.450000762939453,18.055299758911133,18.200000762939453,16.226852416992188,36878
2023-12-15,18.15999984741211,18.215499877929688,17.899999618530273,18.09000015258789,16.128782272338867,39698
2023-12-18,18.1299991607666,18.1299991607666,17.829999923706055,17.84000015258789,15.905879974365234,21488
2023-12-19,17.979999542236328,18.09000015258789,17.8700008392334,17.989999771118164,16.03961944580078,24520
2023-12-20,18.15999984741211,18.200000762939453,17.967599868774414,18.139999389648438,16.173357009887695,32192
2023-12-21,18.239999771118164,18.299999237060547,17.993000030517578,18.200000762939453,16.226852416992188,30096
2023-12-22,18.329999923706055,18.399999618530273,18.252300262451172,18.3799991607666,16.387340545654297,29092
2023-12-26,18.43000030517578,18.479999542236328,18.190000534057617,18.190000534057617,16.217937469482422,35464
2023-12-27,18.3700008392334,18.43000030517578,18.25,18.260000228881836,16.280351638793945,22668
2023-12-28,18.450000762939453,18.48699951171875,18.270000457763672,18.270000457763672,16.28926658630371,21923
2023-12-29,18.389999389648438,18.389999389648438,18.110000610351562,18.149999618530273,16.182275772094727,33653
2024-01-02,18.149999618530273,18.280000686645508,18.079999923706055,18.1299991607666,16.16444206237793,15133
2024-01-03,18.1200008392334,18.219900131225586,17.976600646972656,18.079999923706055,16.119863510131836,21626
2024-01-04,18.15999984741211,18.200000762939453,18.011499404907227,18.1200008392334,16.155529022216797,21218
2024-01-05,18.149999618530273,18.259899139404297,18.0,18.0,16.048538208007812,15847
2024-01-08,18.18000030517578,18.229999542236328,18.100000381469727,18.189899444580078,16.21784782409668,18373
2024-01-09,18.239999771118164,18.329999923706055,18.173999786376953,18.25,16.271432876586914,15248
2024-01-10,18.290000915527344,18.391399383544922,18.280000686645508,18.31329917907715,16.327871322631836,7882
2024-01-11,18.299999237060547,18.406700134277344,18.25,18.3799991607666,16.387340545654297,19867
2024-01-12,18.479999542236328,18.510000228881836,18.389999389648438,18.436500549316406,16.43771743774414,13617
2024-01-16,18.43000030517578,18.489900588989258,18.270099639892578,18.280000686645508,16.298181533813477,17612
2024-01-17,18.299999237060547,18.440000534057617,18.21190071105957,18.270000457763672,16.28926658630371,21638
2024-01-18,18.3799991607666,18.450000762939453,18.190000534057617,18.25,16.271432876586914,23321
2024-01-19,18.31999969482422,18.411800384521484,18.26460075378418,18.360000610351562,16.369510650634766,20262
2024-01-22,18.489999771118164,18.649999618530273,18.450000762939453,18.6299991607666,16.61023712158203,32874
2024-01-23,18.6299991607666,18.649999618530273,18.5,18.559999465942383,16.54782485961914,12335
2024-01-24,18.729999542236328,18.780000686645508,18.645999908447266,18.670000076293945,16.645898818969727,13908
2024-01-25,18.719999313354492,18.969999313354492,18.68000030517578,18.84600067138672,16.80281639099121,23409
2024-01-26,18.899999618530273,19.0,18.815000534057617,18.989999771118164,16.931203842163086,20371
2024-01-29,18.989999771118164,19.06999969482422,18.940000534057617,19.030000686645508,16.966869354248047,27167
2024-01-30,19.06999969482422,19.170000076293945,19.030000686645508,19.100000381469727,17.029281616210938,16072
2024-01-31,19.0,19.08989906311035,18.899999618530273,18.899999618530273,16.850967407226562,66040
2024-02-01,19.09000015258789,19.149999618530273,18.899999618530273,19.010000228881836,16.94903564453125,35410
2024-02-02,19.040000915527344,19.1200008392334,18.90999984741211,18.950000762939453,16.895540237426758,29776
2024-02-05,18.920000076293945,19.0,18.65999984741211,18.780000686645508,16.743974685668945,25615
2024-02-06,18.780000686645508,18.850000381469727,18.639999389648438,18.850000381469727,16.806386947631836,9137
2024-02-07,18.8799991607666,18.8799991607666,18.770000457763672,18.806100845336914,16.76724624633789,20571
2024-02-08,18.889999389648438,18.889999389648438,18.65999984741211,18.790000915527344,16.75288963317871,17658
2024-02-09,18.860000610351562,19.100000381469727,18.801599502563477,19.100000381469727,17.029281616210938,11863
2024-02-12,19.1200008392334,19.299999237060547,19.100000381469727,19.299999237060547,17.207595825195312,21986
2024-02-13,19.1299991607666,19.1299991607666,18.760000228881836,18.8700008392334,16.824220657348633,53567
2024-02-14,18.84000015258789,18.999900817871094,18.670000076293945,18.68000030517578,16.654813766479492,56082
2024-02-15,18.790000915527344,18.8799991607666,18.709999084472656,18.84000015258789,16.797470092773438,22806
2024-02-16,18.84000015258789,18.853599548339844,18.719999313354492,18.790000915527344,16.75288963317871,11975
2024-02-20,18.860000610351562,18.899999618530273,18.65999984741211,18.770000457763672,16.735057830810547,12095
2024-02-21,18.889999389648438,18.979999542236328,18.68000030517578,18.68000030517578,16.654813766479492,23951
2024-02-22,18.8700008392334,18.985000610351562,18.728099822998047,18.80500030517578,16.76626205444336,14398
2024-02-23,18.8700008392334,19.1200008392334,18.739999771118164,19.1200008392334,17.047115325927734,20179
2024-02-26,19.15999984741211,19.179899215698242,18.948699951171875,19.049999237060547,16.98470115661621,13064
2024-02-27,19.1200008392334,19.1200008392334,18.94179916381836,19.020000457763672,16.957956314086914,10966
2024-02-28,19.040000915527344,19.049999237060547,18.95009994506836,19.0,16.940120697021484,8786
2024-02-29,19.1200008392334,19.360000610351562,18.993900299072266,19.34000015258789,17.243261337280273,66833
2024-03-01,19.309999465942383,19.33989906311035,19.139999389648438,19.200000762939453,17.118440628051758,47067
2024-03-04,19.200000762939453,19.239999771118164,19.100000381469727,19.110000610351562,17.038196563720703,19724
2024-03-05,19.18000030517578,19.18000030517578,19.029800415039062,19.149999618530273,17.07386016845703,82262
2024-03-06,19.209999084472656,19.219999313354492,19.100000381469727,19.100000381469727,17.029281616210938,11882
2024-03-07,19.18000030517578,19.360000610351562,19.18000030517578,19.270000457763672,17.180849075317383,14664
2024-03-08,19.270000457763672,19.469900131225586,19.270000457763672,19.449499130249023,17.34088706970215,12274
2024-03-11,19.469999313354492,19.479999542236328,19.345699310302734,19.395000457763672,17.292299270629883,10609
2024-03-12,19.170000076293945,19.292499542236328,19.1200008392334,19.260000228881836,17.396169662475586,17414
2024-03-13,19.25,19.389999389648438,19.190000534057617,19.389999389648438,17.51358985900879,15001
2024-03-14,19.360000610351562,19.360000610351562,19.059999465942383,19.06999969482422,17.22455596923828,21835
2024-03-15,19.06999969482422,19.204999923706055,18.989999771118164,19.030000686645508,17.188426971435547,26960
2024-03-18,19.139999389648438,19.139999389648438,18.920000076293945,18.979999542236328,17.143264770507812,14859
2024-03-19,19.059999465942383,19.145000457763672,18.920000076293945,19.06999969482422,17.22455596923828,21563
2024-03-20,19.200000762939453,19.200000762939453,19.049999237060547,19.059999465942383,17.21552276611328,26474
2024-03-21,19.219999313354492,19.270000457763672,19.070100784301758,19.070100784301758,17.224647521972656,37618
2024-03-22,19.290000915527344,19.3799991607666,19.09000015258789,19.165000915527344,17.310365676879883,20477
2024-03-25,19.209999084472656,19.209999084472656,18.81999969482422,18.81999969482422,16.998748779296875,7561
2024-03-26,18.8799991607666,18.940000534057617,18.670000076293945,18.690000534057617,16.881330490112305,24035
2024-03-27,18.799999237060547,18.856800079345703,18.520000457763672,18.799999237060547,16.980682373046875,29682
2024-03-28,18.8799991607666,19.0,18.459999084472656,18.479999542236328,16.691652297973633,89403
2024-04-01,18.56999969482422,18.719999313354492,18.360000610351562,18.719999313354492,16.90842628479004,28927
2024-04-02,18.6200008392334,18.6200008392334,18.327699661254883,18.479999542236328,16.691652297973633,31297
2024-04-03,18.469999313354492,18.6200008392334,18.399999618530273,18.610000610351562,16.80907440185547,88115
2024-04-04,18.68000030517578,18.739900588989258,18.579999923706055,18.690000534057617,16.881330490112305,27741
2024-04-05,18.649999618530273,18.729999542236328,18.559999465942383,18.559999465942383,16.7639102935791,23243
2024-04-08,18.649999618530273,18.649999618530273,18.479999542236328,18.5,16.709712982177734,9789
2024-04-09,18.549999237060547,18.65999984741211,18.450000762939453,18.59000015258789,16.79100799560547,8760
2024-04-10,18.450000762939453,18.450000762939453,17.959999084472656,18.06999969482422,16.321331024169922,40041
2024-04-11,18.200000762939453,18.200000762939453,17.65999984741211,17.75,16.032297134399414,55065
2024-04-12,17.809999465942383,17.809999465942383,17.5,17.5,15.806489944458008,69667
2024-04-15,17.59000015258789,17.59000015258789,17.049999237060547,17.200000762939453,15.5355224609375,46537
2024-04-16,17.139999389648438,17.270000457763672,17.09000015258789,17.239999771118164,15.571648597717285,39362
2024-04-17,17.34000015258789,17.367000579833984,17.090900421142578,17.149999618530273,15.490357398986816,34356
2024-04-18,17.239999771118164,17.280000686645508,17.170000076293945,17.280000686645508,15.607778549194336,204702
2024-04-19,17.299999237060547,17.450000762939453,17.290000915527344,17.309999465942383,15.634873390197754,38271
2024-04-22,17.350000381469727,17.53860092163086,17.350000381469727,17.440000534057617,15.752294540405273,14900
2024-04-23,17.56999969482422,17.959999084472656,17.56999969482422,17.959999084472656,16.22197151184082,13711
2024-04-24,17.920000076293945,18.010000228881836,17.690000534057617,17.959999084472656,16.22197151184082,14085
2024-04-25,17.770000457763672,17.799999237060547,17.56999969482422,17.65999984741211,15.951005935668945,9914
2024-04-26,17.790000915527344,17.844999313354492,17.56999969482422,17.59000015258789,15.887778282165527,17960
2024-04-29,17.84000015258789,17.899999618530273,17.616899490356445,17.809999465942383,16.086488723754883,11207
2024-04-30,17.780000686645508,17.81999969482422,17.55419921875,17.729999542236328,16.014230728149414,16655
2024-05-01,17.770000457763672,17.799999237060547,17.510000228881836,17.68000030517578,15.969071388244629,17019
2024-05-02,17.719999313354492,17.799999237060547,17.68000030517578,17.774999618530273,16.05487632751465,20530
2024-05-03,17.989999771118164,18.040000915527344,17.81999969482422,17.895000457763672,16.16326332092285,8123
2024-05-06,17.950000762939453,17.969900131225586,17.84000015258789,17.920000076293945,16.18584632873535,18132
2024-05-07,18.049999237060547,18.059999465942383,17.8700008392334,17.915000915527344,16.181331634521484,7266
2024-05-08,17.940000534057617,17.971399307250977,17.610000610351562,17.68000030517578,15.969071388244629,14245
2024-05-09,17.75,17.75,17.549999237060547,17.56999969482422,15.869710922241211,15587
2024-05-10,17.68000030517578,17.729999542236328,17.5,17.68000030517578,15.969071388244629,7356
2024-05-13,17.790000915527344,17.850000381469727,17.672100067138672,17.790000915527344,16.06842613220215,9783
2024-05-14,17.84000015258789,17.84000015258789,17.540000915527344,17.549999237060547,15.851648330688477,17114
2024-05-15,17.799999237060547,17.84000015258789,17.64310073852539,17.780000686645508,16.05939483642578,19157
2024-05-16,17.84000015258789,17.84000015258789,17.68000030517578,17.790000915527344,16.06842613220215,10878
2024-05-17,17.790000915527344,17.790000915527344,17.649999618530273,17.709999084472656,15.996164321899414,9450
2024-05-20,17.760000228881836,17.775999069213867,17.65999984741211,17.760000228881836,16.041330337524414,11921
2024-05-21,17.799999237060547,17.889999389648438,17.579999923706055,17.59000015258789,15.887778282165527,18958
2024-05-22,17.649999618530273,17.959999084472656,17.549999237060547,17.959999084472656,16.22197151184082,147155
2024-05-23,18.020000457763672,18.020000457763672,17.81999969482422,17.8700008392334,16.140684127807617,95449
2024-05-24,17.969999313354492,18.071800231933594,17.8799991607666,17.950000762939453,16.21294403076172,15456
2024-05-28,18.06999969482422,18.102399826049805,17.81999969482422,17.84000015258789,16.113582611083984,20694
2024-05-29,17.81999969482422,17.899999618530273,17.56999969482422,17.56999969482422,15.869710922241211,11032
2024-05-30,17.670000076293945,17.769899368286133,17.6200008392334,17.709999084472656,15.996164321899414,17480
2024-05-31,17.809999465942383,18.25,17.730100631713867,18.219999313354492,16.45681381225586,57194
2024-06-03,18.270000457763672,18.360000610351562,18.120100021362305,18.31999969482422,16.547136306762695,14979
2024-06-04,18.389999389648438,18.520000457763672,18.291799545288086,18.5,16.709712982177734,30267
2024-06-05,18.549999237060547,18.599899291992188,18.260000228881836,18.440000534057617,16.6555233001709,18308
2024-06-06,18.450000762939453,18.6299991607666,18.450000762939453,18.614999771118164,16.813589096069336,19764
2024-06-07,18.549999237060547,18.6200008392334,18.434999465942383,18.610000610351562,16.80907440185547,18119
2024-06-10,18.610000610351562,18.610000610351562,18.420000076293945,18.549999237060547,16.7548770904541,16444
2024-06-11,18.59000015258789,18.59000015258789,18.020000457763672,18.049999237060547,16.303264617919922,107479
2024-06-12,18.0,18.11090087890625,17.829999923706055,17.899999618530273,16.394853591918945,47642
2024-06-13,17.969999313354492,18.059999465942383,17.649999618530273,17.704999923706055,16.21625328063965,26940
2024-06-14,17.610000610351562,17.709999084472656,17.440000534057617,17.5,16.02849006652832,25464
2024-06-17,17.559999465942383,17.6299991607666,17.3799991607666,17.520000457763672,16.046810150146484,17855
2024-06-18,17.540000915527344,17.690000534057617,17.459999084472656,17.649999618530273,16.165878295898438,27279
2024-06-20,17.649999618530273,17.649999618530273,17.475900650024414,17.5,16.02849006652832,19899
2024-06-21,17.59000015258789,17.700000762939453,17.559999465942383,17.663400650024414,16.178150177001953,13264
2024-06-24,17.670000076293945,17.760000228881836,17.670000076293945,17.75,16.257465362548828,23237
2024-06-25,17.75,17.850000381469727,17.65999984741211,17.850000381469727,16.349061965942383,15004
2024-06-26,17.8700008392334,17.959999084472656,17.660600662231445,17.90999984741211,16.404014587402344,12460
2024-06-27,17.969999313354492,18.06999969482422,17.8799991607666,18.06999969482422,16.55055809020996,20065
2024-06-28,18.09000015258789,18.229999542236328,18.0,18.219999313354492,16.68794822692871,43575
2024-07-01,18.100000381469727,18.17620086669922,17.920000076293945,18.06999969482422,16.55055809020996,34788
2024-07-02,18.219999313354492,18.229999542236328,18.049999237060547,18.10059928894043,16.578588485717773,17831
2024-07-03,18.229999542236328,18.3799991607666,18.162500381469727,18.3799991607666,16.834491729736328,17663
2024-07-05,18.3799991607666,18.3799991607666,18.229999542236328,18.229999542236328,16.697105407714844,14882
2024-07-08,18.34000015258789,18.379899978637695,18.149999618530273,18.149999618530273,16.62383460998535,18576
2024-07-09,18.25,18.25,17.860000610351562,17.889999389648438,16.38569450378418,42724
2024-07-10,17.889999389648438,17.969999313354492,17.86050033569336,17.969999313354492,16.458969116210938,21784
2024-07-11,18.040000915527344,18.149999618530273,18.010000228881836,18.020000457763672,16.504764556884766,22880
2024-07-12,18.100000381469727,18.225099563598633,18.010000228881836,18.010000228881836,16.495607376098633,27918
2024-07-15,18.100000381469727,18.100000381469727,17.981000900268555,18.040000915527344,16.52308464050293,11958
2024-07-16,18.139999389648438,18.139999389648438,17.989999771118164,17.989999771118164,16.477285385131836,10576
2024-07-17,18.049999237060547,18.108299255371094,17.979999542236328,17.985000610351562,16.472707748413086,14935
2024-07-18,18.030000686645508,18.145000457763672,17.90999984741211,17.940000534057617,16.431495666503906,43420
2024-07-19,18.020000457763672,18.069900512695312,17.90999984741211,17.90999984741211,16.404014587402344,12902
2024-07-22,18.049999237060547,18.14889907836914,17.899999618530273,17.899999618530273,16.394853591918945,15228
2024-07-23,18.010000228881836,18.079999923706055,17.829999923706055,17.889999389648438,16.38569450378418,18431
2024-07-24,17.940000534057617,17.946199417114258,17.649999618530273,17.75,16.257465362548828,14689
2024-07-25,17.75,17.849899291992188,17.66119956970215,17.799999237060547,16.303264617919922,21889
2024-07-26,17.93000030517578,17.93000030517578,17.760000228881836,17.809999465942383,16.312421798706055,10176
2024-07-29,17.90999984741211,17.954999923706055,17.76580047607422,17.774999618530273,16.280366897583008,14095
2024-07-30,17.860000610351562,17.860000610351562,17.79170036315918,17.81999969482422,16.321584701538086,12202
2024-07-31,17.93000030517578,17.93000030517578,17.360000610351562,17.440000534057617,15.973535537719727,133015
2024-08-01,17.600000381469727,17.829999923706055,17.559999465942383,17.829999923706055,16.33074188232422,63530
2024-08-02,17.790000915527344,18.100000381469727,17.707599639892578,18.100000381469727,16.578039169311523,24811
2024-08-05,17.940000534057617,18.08099937438965,17.350000381469727,18.0,16.486446380615234,21528
2024-08-06,18.09000015258789,18.25,17.950000762939453,18.149999618530273,16.62383460998535,27002
2024-08-07,18.31999969482422,18.329999923706055,18.18090057373047,18.219999313354492,16.68794822692871,18474
2024-08-08,18.34000015258789,18.389999389648438,18.219999313354492,18.389999389648438,16.84365463256836,15970
2024-08-09,18.469999313354492,18.469999313354492,18.219999313354492,18.290000915527344,16.75206184387207,12499
2024-08-12,18.360000610351562,18.3700008392334,18.170000076293945,18.170000076293945,16.64215087890625,14916
2024-08-13,18.270000457763672,18.3700008392334,18.22260093688965,18.3700008392334,16.825334548950195,13250
2024-08-14,18.420000076293945,18.540000915527344,18.344999313354492,18.510000228881836,16.953563690185547,11323
2024-08-15,18.540000915527344,18.540000915527344,18.372499465942383,18.459999084472656,16.907766342163086,15124
2024-08-16,18.459999084472656,18.610000610351562,18.459999084472656,18.610000610351562,17.045154571533203,73720
2024-08-19,18.649999618530273,18.729999542236328,18.575000762939453,18.684999465942383,17.113847732543945,15543
2024-08-20,18.68000030517578,18.774700164794922,18.530000686645508,18.6299991607666,17.0634708404541,31650
2024-08-21,18.65999984741211,18.68079948425293,18.59000015258789,18.600000381469727,17.03599739074707,44004
2024-08-22,18.68000030517578,18.829999923706055,18.5,18.610000610351562,17.045154571533203,30283
2024-08-23,18.690000534057617,18.770000457763672,18.520000457763672,18.649999618530273,17.081789016723633,79681
2024-08-26,18.670000076293945,18.739999771118164,18.649999618530273,18.672100067138672,17.102033615112305,27870
2024-08-27,18.700000762939453,18.760000228881836,18.640199661254883,18.700000762939453,17.127586364746094,16896
2024-08-28,18.829999923706055,18.834999084472656,18.702299118041992,18.81999969482422,17.23749542236328,29221
2024-08-29,18.850000381469727,18.949899673461914,18.79010009765625,18.83989906311035,17.255722045898438,11997
2024-08-30,18.920000076293945,18.920000076293945,18.540000915527344,18.639999389648438,17.0726318359375,23081
2024-09-03,18.549999237060547,18.86989974975586,18.549999237060547,18.704999923706055,17.132165908813477,20887
2024-09-04,18.75,18.950000762939453,18.739999771118164,18.950000762939453,17.356563568115234,16665
2024-09-05,19.0,19.06999969482422,18.95009994506836,19.040000915527344,17.438995361328125,19989
2024-09-06,19.06999969482422,19.149999618530273,18.860000610351562,18.959999084472656,17.365724563598633,16082
2024-09-09,19.06999969482422,19.209999084472656,19.014999389648438,19.200000762939453,17.585546493530273,14768
2024-09-10,19.260000228881836,19.299999237060547,19.1299991607666,19.295000076293945,17.67255401611328,19534
2024-09-11,19.389999389648438,19.389999389648438,19.260000228881836,19.3799991607666,17.750408172607422,19999
2024-09-12,19.389999389648438,19.639999389648438,19.282499313354492,19.59000015258789,17.9427490234375,37956
2024-09-13,19.399999618530273,19.469999313354492,19.260000228881836,19.469999313354492,18.0633544921875,21527
2024-09-16,19.520000457763672,19.6200008392334,19.43000030517578,19.610000610351562,18.1932430267334,16835
2024-09-17,19.75,19.790000915527344,19.6299991607666,19.68000030517578,18.2581844329834,22558
2024-09-18,19.75,19.920000076293945,19.692899703979492,19.719999313354492,18.2952938079834,27106
2024-09-19,19.959999084472656,19.989999771118164,19.763599395751953,19.989999771118164,18.545787811279297,19990
2024-09-20,19.950000762939453,20.040000915527344,19.8700008392334,20.02079963684082,18.574363708496094,19936
2024-09-23,20.020000457763672,20.093399047851562,19.936399459838867,20.049999237060547,18.601451873779297,13727
2024-09-24,20.040000915527344,20.06999969482422,19.864700317382812,20.06999969482422,18.62000846862793,14020
2024-09-25,20.100000381469727,20.1200008392334,19.90999984741211,19.989999771118164,18.545787811279297,36162
2024-09-26,20.139999389648438,20.15999984741211,19.899999618530273,20.008499145507812,18.562952041625977,21288
2024-09-27,20.1200008392334,20.1200008392334,19.780000686645508,19.780000686645508,18.35095977783203,28861
2024-09-30,19.8700008392334,19.88990020751953,19.489999771118164,19.530000686645508,18.119022369384766,63037
2024-10-01,19.65999984741211,19.719999313354492,19.58009910583496,19.68000030517578,18.2581844329834,32576
2024-10-02,19.690000534057617,19.700000762939453,19.60919952392578,19.649999618530273,18.230350494384766,15816
2024-10-03,19.719999313354492,19.81999969482422,19.640100479125977,19.640100479125977,18.221168518066406,19986
2024-10-04,19.709999084472656,19.7101993560791,19.473899841308594,19.572900772094727,18.158824920654297,20597
2024-10-07,19.549999237060547,19.549999237060547,19.364999771118164,19.3700008392334,17.9705810546875,17937
2024-10-08,19.43000030517578,19.610000610351562,19.3700008392334,19.54439926147461,18.132381439208984,18028
2024-10-09,19.600000381469727,19.649999618530273,19.510000228881836,19.600000381469727,18.183963775634766,11033
2024-10-10,19.56999969482422,19.579999923706055,19.399999618530273,19.540000915527344,18.128297805786133,11198
2024-10-11,19.479999542236328,19.68000030517578,19.454999923706055,19.68000030517578,18.2581844329834,16439
2024-10-14,19.65999984741211,19.759300231933594,19.570100784301758,19.739999771118164,18.3138484954834,16884
2024-10-15,19.889999389648438,19.93000030517578,19.809999465942383,19.850000381469727,18.415904998779297,38248
2024-10-16,19.950000762939453,19.989999771118164,19.809999465942383,19.940000534057617,18.49940299987793,12247
2024-10-17,19.93000030517578,19.979900360107422,19.70009994506836,19.760000228881836,18.332408905029297,22939
2024-10-18,19.8700008392334,19.950000762939453,19.65999984741211,19.65999984741211,18.2396297454834,23669
2024-10-21,19.700000762939453,19.860000610351562,19.360000610351562,19.360000610351562,17.9613037109375,18709
2024-10-22,19.469999313354492,19.549999237060547,19.274200439453125,19.540000915527344,18.128297805786133,11622
2024-10-23,19.43000030517578,19.509899139404297,19.250099182128906,19.270000457763672,17.877805709838867,18469
2024-10-24,19.43000030517578,19.520000457763672,19.270000457763672,19.270000457763672,17.877805709838867,17411
2024-10-25,19.40999984741211,19.520000457763672,19.260000228881836,19.280000686645508,17.887083053588867,23556
2024-10-28,19.43000030517578,19.43000030517578,19.049999237060547,19.190000534057617,17.803585052490234,37746
2024-10-29,19.15999984741211,19.173999786376953,18.93000030517578,19.110000610351562,17.7293643951416,17219
2024-10-30,19.190000534057617,19.260000228881836,19.1200008392334,19.149999618530273,17.7664737701416,20748
2024-10-31,19.219999313354492,19.219999313354492,18.670000076293945,18.860000610351562,17.49742889404297,85928
2024-11-01,19.049999237060547,19.050800323486328,18.6200008392334,18.6299991607666,17.284042358398438,15168
2024-11-04,18.770000457763672,18.959999084472656,18.750099182128906,18.829999923706055,17.469593048095703,9442
2024-11-05,18.950000762939453,19.110000610351562,18.899999618530273,19.110000610351562,17.7293643951416,18656
2024-11-06,18.959999084472656,18.989999771118164,18.690000534057617,18.729999542236328,17.376819610595703,31727
2024-11-07,18.90999984741211,18.90999984741211,18.809999465942383,18.860000610351562,17.49742889404297,11983
2024-11-08,19.020000457763672,19.20989990234375,19.020000457763672,19.03499984741211,17.6597843170166,18950
2024-11-11,19.079999923706055,19.153099060058594,18.709999084472656,18.719999313354492,17.367542266845703,25225
2024-11-12,18.700000762939453,18.949899673461914,18.450000762939453,18.450000762939453,17.117048263549805,40536
2024-11-13,18.549999237060547,18.62179946899414,18.43000030517578,18.530000686645508,17.191268920898438,54870
2024-11-14,18.600000381469727,18.600000381469727,18.329999923706055,18.440000534057617,17.107770919799805,39725
2024-11-15,18.40999984741211,18.40999984741211,18.239999771118164,18.280000686645508,16.95932960510254,34143
2024-11-18,18.360000610351562,18.440000534057617,18.15999984741211,18.15999984741211,16.84800148010254,31021
2024-11-19,18.190000534057617,18.34510040283203,17.979999542236328,18.010000228881836,16.708837509155273,17466
2024-11-20,18.059999465942383,18.06999969482422,17.850000381469727,17.850000381469727,16.56039810180664,19548
2024-11-21,17.959999084472656,18.065399169921875,17.850000381469727,17.959999084472656,16.66244888305664,38653
2024-11-22,18.110000610351562,18.13170051574707,18.018999099731445,18.049999237060547,16.74594497680664,34549
2024-11-25,18.3799991607666,18.47920036315918,18.110000610351562,18.149999618530273,16.838722229003906,40327
2024-11-26,18.280000686645508,18.280000686645508,17.950000762939453,18.0,16.69955825805664,72263
2024-11-27,18.110000610351562,18.18000030517578,17.950000762939453,17.950000762939453,16.653173446655273,21588
2024-11-29,18.104999542236328,18.350000381469727,17.940000534057617,18.040000915527344,16.736671447753906,199917
2024-12-02,18.149999618530273,18.27989959716797,17.959999084472656,18.049999237060547,16.74594497680664,49514
2024-12-03,18.049999237060547,18.13909912109375,17.796499252319336,17.8700008392334,16.57895278930664,26224
2024-12-04,17.780000686645508,18.0,17.75,17.989999771118164,16.69028091430664,43556
2024-12-05,17.950000762939453,18.010000228881836,17.899999618530273,18.0,16.69955825805664,40134
2024-12-06,18.09000015258789,18.09000015258789,17.780000686645508,17.780000686645508,16.495452880859375,68701
2024-12-09,17.790000915527344,18.019899368286133,17.6200008392334,17.760000228881836,16.47690200805664,19813
2024-12-10,17.760000228881836,17.780000686645508,17.559999465942383,17.780000686645508,16.495452880859375,48904
2024-12-11,17.809999465942383,17.864999771118164,17.719999313354492,17.75,16.467618942260742,83742
2024-12-12,17.690000534057617,17.770000457763672,17.5,17.709999084472656,16.430509567260742,40062
2024-12-13,17.510000228881836,17.510000228881836,17.1200008392334,17.299999237060547,16.279945373535156,97134
2024-12-16,17.350000381469727,17.350000381469727,16.93000030517578,17.100000381469727,16.091737747192383,64056
2024-12-17,17.100000381469727,17.249900817871094,17.020000457763672,17.170000076293945,16.157609939575195,81012
2024-12-18,17.1299991607666,17.209999084472656,16.84000015258789,17.0,15.997635841369629,65917
2024-12-19,16.959999084472656,16.959999084472656,16.579999923706055,16.8700008392334,15.875301361083984,60954
2024-12-20,16.940000534057617,17.109899520874023,16.760000228881836,16.950000762939453,15.950582504272461,25942
2024-12-23,16.8700008392334,17.099899291992188,16.770000457763672,16.940000534057617,15.941171646118164,41215
2024-12-24,16.770000457763672,16.950000762939453,16.700000762939453,16.8700008392334,15.875301361083984,43506
2024-12-26,16.729999542236328,16.8799991607666,16.645000457763672,16.84000015258789,15.847068786621094,96983
2024-12-27,16.84000015258789,16.84000015258789,16.612499237060547,16.739999771118164,15.752963066101074,179793
2024-12-30,16.75,16.829999923706055,16.69499969482422,16.829999923706055,15.837657928466797,51495
2024-12-31,16.790000915527344,16.969900131225586,16.75779914855957,16.84000015258789,15.847068786621094,180396
2025-01-02,16.969999313354492,17.270000457763672,16.959999084472656,17.270000457763672,16.2517147064209,25667
2025-01-03,17.3799991607666,17.450000762939453,17.229999542236328,17.450000762939453,16.42110252380371,28070
2025-01-06,17.469999313354492,17.495100021362305,17.270000457763672,17.34000015258789,16.317584991455078,23135
2025-01-07,17.3799991607666,17.3799991607666,16.959999084472656,17.040000915527344,16.035276412963867,20739
2025-01-08,17.0,17.0,16.790000915527344,16.93000030517578,15.931761741638184,41817
2025-01-10,16.739999771118164,16.901199340820312,16.510000228881836,16.6299991607666,15.649450302124023,76319
2025-01-13,16.649999618530273,16.649999618530273,16.3700008392334,16.459999084472656,15.489473342895508,76849
2025-01-14,16.549999237060547,16.610000610351562,16.420299530029297,16.549999237060547,15.574165344238281,47882
2025-01-15,16.799999237060547,17.0,16.750999450683594,16.989999771118164,15.988224983215332,43991
2025-01-16,16.979999542236328,17.199899673461914,16.860000610351562,17.040000915527344,16.035276412963867,54789
2025-01-17,17.1200008392334,17.189899444580078,16.959999084472656,17.010000228881836,16.00704574584961,37595
2025-01-21,17.15999984741211,17.290800094604492,17.020000457763672,17.229999542236328,16.214073181152344,47791
2025-01-22,17.280000686645508,17.280000686645508,17.110000610351562,17.15999984741211,16.1481990814209,26118
2025-01-23,17.100000381469727,17.149999618530273,17.0,17.100000381469727,16.091737747192383,61056
2025-01-24,17.139999389648438,17.309999465942383,17.099199295043945,17.18000030517578,16.167020797729492,38976
2025-01-27,17.185300827026367,17.49959945678711,17.18000030517578,17.399999618530273,16.37405014038086,89151
2025-01-28,17.399999618530273,17.399999618530273,17.190000534057617,17.260000228881836,16.242305755615234,25588
2025-01-29,17.299999237060547,17.350000381469727,17.045000076293945,17.110000610351562,16.101150512695312,19779
2025-01-30,17.200000762939453,17.309999465942383,17.090099334716797,17.170000076293945,16.157609939575195,29344
2025-01-31,17.260000228881836,17.30820083618164,16.850000381469727,16.850000381469727,15.856478691101074,56644
2025-02-03,16.850000381469727,17.069900512695312,16.791099548339844,16.850000381469727,15.856478691101074,26127
2025-02-04,16.8799991607666,16.950000762939453,16.81559944152832,16.8700008392334,15.875301361083984,20690
2025-02-05,16.950000762939453,17.129899978637695,16.860000610351562,17.06999969482422,16.063505172729492,21892
2025-02-06,17.09000015258789,17.170000076293945,16.9950008392334,17.040000915527344,16.035276412963867,15217
2025-02-07,16.959999084472656,17.200000762939453,16.920000076293945,17.010000228881836,16.00704574584961,20535
2025-02-10,17.079999923706055,17.1200008392334,16.959999084472656,17.059999465942383,16.054096221923828,11823
2025-02-11,17.040000915527344,17.079999923706055,16.960100173950195,17.030000686645508,16.02586555480957,14671
2025-02-12,16.799999237060547,16.95359992980957,16.75,16.84000015258789,15.847068786621094,18789
2025-02-13,17.030000686645508,17.06999969482422,16.850000381469727,17.010000228881836,16.00704574584961,25001
2025-02-14,17.1299991607666,17.239900588989258,17.100000381469727,17.149999618530273,16.138790130615234,20392
2025-02-18,17.139999389648438,17.15999984741211,17.059999465942383,17.100000381469727,16.091737747192383,11793
2025-02-19,17.059999465942383,17.124099731445312,16.8700008392334,16.989999771118164,15.988224983215332,30254
2025-02-20,17.0,17.020000457763672,16.8799991607666,16.969999313354492,15.969401359558105,25868
2025-02-21,17.030000686645508,17.06999969482422,16.90999984741211,17.040000915527344,16.035276412963867,32237
2025-02-24,17.049999237060547,17.078399658203125,16.968900680541992,16.989999771118164,15.988224983215332,27819
2025-02-25,17.149999618530273,17.229999542236328,17.06999969482422,17.15999984741211,16.1481990814209,39567
2025-02-26,17.190000534057617,17.248699188232422,17.079999923706055,17.149999618530273,16.138790130615234,67844
2025-02-27,17.190000534057617,17.24329948425293,17.100000381469727,17.170000076293945,16.157609939575195,36306
2025-02-28,17.25,17.280000686645508,17.15999984741211,17.170000076293945,16.157609939575195,39293
2025-03-03,17.209999084472656,17.299999237060547,17.200000762939453,17.239999771118164,16.223482131958008,27852
2025-03-04,17.18000030517578,17.18000030517578,16.969999313354492,17.1200008392334,16.110559463500977,20217
2025-03-05,17.110000610351562,17.149999618530273,17.029199600219727,17.040000915527344,16.035276412963867,15204
2025-03-06,17.040000915527344,17.04990005493164,16.93000030517578,16.940000534057617,15.941171646118164,19998
2025-03-07,17.010000228881836,17.047199249267578,16.78580093383789,16.899999618530273,15.90353012084961,21033
2025-03-10,16.799999237060547,16.939899444580078,16.78660011291504,16.920000076293945,15.922350883483887,48858
2025-03-11,16.920000076293945,16.979999542236328,16.850000381469727,16.8799991607666,15.884709358215332,43577
2025-03-12,16.93000030517578,16.969999313354492,16.81999969482422,16.950000762939453,15.950582504272461,15387
2025-03-13,16.709999084472656,16.790000915527344,16.700000762939453,16.770000457763672,16.017440795898438,18786
2025-03-14,16.739999771118164,16.8700008392334,16.729999542236328,16.809999465942383,16.055646896362305,52840
2025-03-17,16.899999618530273,16.950000762939453,16.804800033569336,16.899999618530273,16.1416072845459,18949
2025-03-18,16.889999389648438,16.889999389648438,16.760000228881836,16.81999969482422,16.065196990966797,19600
2025-03-19,16.850000381469727,16.899999618530273,16.77429962158203,16.899999618530273,16.1416072845459,20005
2025-03-20,16.920000076293945,16.929899215698242,16.719999313354492,16.860000610351562,16.103403091430664,25160
2025-03-21,16.860000610351562,16.899999618530273,16.770000457763672,16.860000610351562,16.103403091430664,39991
2025-03-24,16.84000015258789,16.881900787353516,16.764999389648438,16.809999465942383,16.055646896362305,17035
2025-03-25,16.84000015258789,16.852399826049805,16.739999771118164,16.81999969482422,16.065196990966797,20335
2025-03-26,16.770000457763672,16.809900283813477,16.59000015258789,16.649999618530273,15.902825355529785,24498
2025-03-27,16.56999969482422,16.68000030517578,16.450000762939453,16.600000381469727,15.855071067810059,43000
2025-03-28,16.719999313354492,16.719999313354492,16.468299865722656,16.489999771118164,15.750006675720215,27069
2025-03-31,16.459999084472656,16.539899826049805,16.260000228881836,16.260000228881836,15.530327796936035,187253
2025-04-01,16.34000015258789,16.389999389648438,16.219999313354492,16.350000381469727,15.616289138793945,69156
2025-04-02,16.3700008392334,16.440000534057617,16.299999237060547,16.440000534057617,15.702250480651855,31253
2025-04-03,16.190000534057617,16.350000381469727,16.085800170898438,16.309999465942383,15.578083992004395,47666
2025-04-04,16.350000381469727,16.350000381469727,15.970000267028809,16.309999465942383,15.578083992004395,40243
2025-04-07,16.100000381469727,16.547500610351562,15.90999984741211,16.040000915527344,15.320201873779297,39792
2025-04-08,16.18000030517578,16.209999084472656,15.989999771118164,16.020000457763672,15.301097869873047,50369
2025-04-09,15.930000305175781,16.350000381469727,15.70009994506836,16.329999923706055,15.597187995910645,46432
2025-04-10,16.280000686645508,16.32990074157715,15.960000038146973,15.979999542236328,15.262892723083496,28396
2025-04-11,15.880000114440918,15.989999771118164,15.680000305175781,15.796299934387207,15.08743667602539,55556
2025-04-14,15.949999809265137,16.030000686645508,15.78499984741211,15.890000343322754,15.176932334899902,42918
2025-04-15,15.989999771118164,15.989999771118164,15.86139965057373,15.899999618530273,15.186482429504395,39925
2025-04-16,15.90999984741211,16.010000228881836,15.801799774169922,15.960000038146973,15.243790626525879,15850
2025-04-17,16.059999465942383,16.139999389648438,15.989999771118164,16.010000228881836,15.291547775268555,26087
2025-04-21,15.960000038146973,16.06999969482422,15.864299774169922,15.970000267028809,15.253341674804688,53755
2025-04-22,16.020000457763672,16.17919921875,15.904800415039062,16.059999465942383,15.339303016662598,17138
2025-04-23,16.229999542236328,16.40999984741211,16.19099998474121,16.209999084472656,15.48257064819336,30665
2025-04-24,16.25,16.350299835205078,16.25,16.31999969482422,15.587634086608887,10005
2025-04-25,16.399999618530273,16.420000076293945,16.280000686645508,16.420000076293945,15.683148384094238,22173
2025-04-28,16.420000076293945,16.468399047851562,16.329999923706055,16.350000381469727,15.616289138793945,17545
2025-04-29,16.3799991607666,16.429899215698242,16.34149932861328,16.350000381469727,15.616289138793945,11810
2025-04-30,16.260000228881836,16.299999237060547,16.138200759887695,16.170000076293945,15.444366455078125,20523
2025-05-01,16.170000076293945,16.18000030517578,16.0,16.010000228881836,15.291547775268555,29137
2025-05-02,16.110000610351562,16.1200008392334,16.010000228881836,16.020000457763672,15.301097869873047,39518
2025-05-05,16.100000381469727,16.166099548339844,15.920000076293945,15.979999542236328,15.262892723083496,30071
2025-05-06,15.989999771118164,16.1200008392334,15.916799545288086,16.1200008392334,15.396611213684082,28255
2025-05-07,16.15999984741211,16.200000762939453,16.030000686645508,16.170000076293945,15.444366455078125,24081
2025-05-08,16.280000686645508,16.309900283813477,16.149999618530273,16.149999618530273,15.425263404846191,23125
2025-05-09,16.219999313354492,16.225000381469727,16.100000381469727,16.139999389648438,15.415712356567383,17752
2025-05-12,16.260000228881836,16.316999435424805,16.100000381469727,16.1200008392334,15.396611213684082,18158
2025-05-13,16.1200008392334,16.21380043029785,16.1200008392334,16.15239906311035,15.427556037902832,13126
2025-05-14,16.200000762939453,16.239999771118164,16.03499984741211,16.03499984741211,15.315424919128418,16640
2025-05-15,16.100000381469727,16.200000762939453,15.9399995803833,16.100000381469727,15.377508163452148,86727
2025-05-16,16.1200008392334,16.129899978637695,16.0,16.100000381469727,15.377508163452148,38545
2025-05-19,15.930000305175781,16.149999618530273,15.930000305175781,16.12150001525879,15.398043632507324,40624
2025-05-20,16.110000610351562,16.239999771118164,16.05500030517578,16.084999084472656,15.363181114196777,49171
2025-05-21,16.0,16.040000915527344,15.800000190734863,15.800000190734863,15.090970993041992,63178
2025-05-22,15.829999923706055,15.989999771118164,15.800000190734863,15.869999885559082,15.157829284667969,28824
2025-05-23,15.890000343322754,15.918999671936035,15.800000190734863,15.865500450134277,15.153532028198242,23097
2025-05-27,16.139999389648438,16.139999389648438,15.914999961853027,15.989999771118164,15.272443771362305,17048
2025-05-28,15.949999809265137,15.977100372314453,15.899999618530273,15.911700248718262,15.19765853881836,18802
2025-05-29,15.9399995803833,16.019899368286133,15.850000381469727,15.880000114440918,15.167380332946777,51620
2025-05-30,15.920000076293945,15.97659969329834,15.859999656677246,15.9399995803833,15.224687576293945,97445
2025-06-02,15.970000267028809,15.970000267028809,15.84000015258789,15.880000114440918,15.167380332946777,34900
2025-06-03,15.970000267028809,16.040000915527344,15.850000381469727,15.929900169372559,15.215041160583496,37103
2025-06-04,15.960000038146973,16.009899139404297,15.890000343322754,15.890000343322754,15.176932334899902,265020
2025-06-05,15.949999809265137,15.984399795532227,15.899999618530273,15.949999809265137,15.23423957824707,38330
2025-06-06,15.989999771118164,15.989999771118164,15.850000381469727,15.880000114440918,15.167380332946777,31469
2025-06-09,15.885000228881836,16.030000686645508,15.880000114440918,15.970000267028809,15.253341674804688,27169
2025-06-10,16.030000686645508,16.030000686645508,15.949999809265137,16.0,15.281994819641113,23864
2025-06-11,16.049999237060547,16.18000030517578,16.0,16.049999237060547,15.329750061035156,130049
2025-06-12,15.829999923706055,15.859999656677246,15.6899995803833,15.75,15.28123950958252,45860
2025-06-13,15.6899995803833,15.746700286865234,15.569999694824219,15.6899995803833,15.22302532196045,28122
2025-06-16,15.729999542236328,15.760000228881836,15.449999809265137,15.600000381469727,15.13570499420166,79945
2025-06-17,15.600000381469727,15.749600410461426,15.529999732971191,15.579999923706055,15.116299629211426,37339
2025-06-18,15.619999885559082,15.680000305175781,15.567899703979492,15.630000114440918,15.164811134338379,31296
2025-06-20,15.65999984741211,15.720000267028809,15.579999923706055,15.6899995803833,15.22302532196045,25244
2025-06-23,15.699999809265137,15.76990032196045,15.600000381469727,15.6899995803833,15.22302532196045,16115
2025-06-24,15.699999809265137,15.880000114440918,15.670000076293945,15.880000114440918,15.407370567321777,72732
2025-06-25,15.890000343322754,15.890000343322754,15.75,15.850000381469727,15.378263473510742,45998
2025-06-26,15.899999618530273,15.989999771118164,15.859999656677246,15.989999771118164,15.5140962600708,23217
2025-06-27,16.010000228881836,16.010000228881836,15.850000381469727,15.850000381469727,15.378263473510742,21750
2025-06-30,16.020000457763672,16.020000457763672,15.720000267028809,15.729999542236328,15.261834144592285,133623
2025-07-01,15.75,15.979999542236328,15.75,15.800000190734863,15.329751014709473,29240
2025-07-02,15.850000381469727,16.040000915527344,15.770000457763672,16.020000457763672,15.543204307556152,52724
2025-07-03,16.020000457763672,16.097000122070312,15.994999885559082,16.049999237060547,15.572309494018555,33998
2025-07-07,16.06999969482422,16.06999969482422,15.899999618530273,15.960000038146973,15.484989166259766,39277
2025-07-08,16.0,16.010000228881836,15.869999885559082,15.979999542236328,15.504393577575684,24802
2025-07-09,16.06999969482422,16.209999084472656,15.97130012512207,16.059999465942383,15.582012176513672,36421
2025-07-10,16.1200008392334,16.190000534057617,16.059999465942383,16.190000534057617,15.708145141601562,20723
2025-07-11,16.18000030517578,16.190000534057617,16.010000228881836,16.1299991607666,15.649928092956543,28830
2025-07-14,16.139999389648438,16.139999389648438,15.960000038146973,16.06999969482422,15.591714859008789,44612
2025-07-15,16.030000686645508,16.079999923706055,15.75,15.829999923706055,15.358858108520508,66589
2025-07-16,15.829999923706055,15.949999809265137,15.706999778747559,15.760000228881836,15.290942192077637,44304
2025-07-17,15.770000457763672,16.010000228881836,15.720000267028809,16.0,15.523798942565918,50824
2025-07-18,16.010000228881836,16.02829933166504,15.865400314331055,15.960000038146973,15.484989166259766,27586
2025-07-21,15.960000038146973,16.09000015258789,15.859999656677246,15.970000267028809,15.494691848754883,40495
2025-07-22,15.90999984741211,15.961299896240234,15.800000190734863,15.949999809265137,15.475287437438965,28369
2025-07-23,15.869999885559082,15.936699867248535,15.710000038146973,15.8100004196167,15.33945369720459,38390
2025-07-24,15.84000015258789,15.920000076293945,15.762100219726562,15.850000381469727,15.378263473510742,26236
2025-07-25,15.899999618530273,15.899999618530273,15.8100004196167,15.890000343322754,15.417073249816895,45542
2025-07-28,15.90999984741211,15.90999984741211,15.819999694824219,15.880000114440918,15.407370567321777,17087
2025-07-29,15.890000343322754,16.0,15.890000343322754,15.970000267028809,15.494691848754883,18547
2025-07-30,15.970000267028809,16.09000015258789,15.882200241088867,16.0,15.523798942565918,15311
2025-07-31,16.079999923706055,16.360000610351562,16.07550048828125,16.31999969482422,15.834274291992188,172448
2025-08-01,16.299999237060547,16.299999237060547,16.100000381469727,16.25,15.766358375549316,48621
2025-08-04,16.34000015258789,16.46940040588379,16.139999389648438,16.350000381469727,15.863382339477539,14529
2025-08-05,16.389999389648438,16.45359992980957,16.228500366210938,16.290000915527344,15.805168151855469,12039
2025-08-06,16.280000686645508,16.36989974975586,16.149999618530273,16.209999084472656,15.727548599243164,31250
2025-08-07,16.15999984741211,16.31999969482422,16.1299991607666,16.139999389648438,15.65963077545166,27528
2025-08-08,16.270000457763672,16.329999923706055,16.13010025024414,16.239999771118164,15.7566556930542,22698
2025-08-11,16.299999237060547,16.329999923706055,16.190099716186523,16.260000228881836,15.776060104370117,20637
2025-08-12,16.329999923706055,16.3700008392334,16.239200592041016,16.360000610351562,15.873085021972656,36672
2025-08-13,16.420000076293945,16.439899444580078,16.299999237060547,16.34000015258789,15.853679656982422,25032
2025-08-14,16.290000915527344,16.329999923706055,16.200000762939453,16.296899795532227,15.811861991882324,34323
2025-08-15,16.360000610351562,16.360000610351562,16.270000457763672,16.289899826049805,15.805069923400879,14902
2025-08-18,16.34000015258789,16.3700008392334,16.280000686645508,16.360000610351562,15.873085021972656,17592
2025-08-19,16.360000610351562,16.459999084472656,16.290000915527344,16.440000534057617,15.950702667236328,33420
2025-08-20,16.469999313354492,16.469999313354492,16.350000381469727,16.399999618530273,15.911893844604492,10872
2025-08-21,16.43000030517578,16.459999084472656,16.280000686645508,16.280000686645508,15.795465469360352,22359
2025-08-22,16.31999969482422,16.530000686645508,16.31999969482422,16.450000762939453,15.960406303405762,27884
2025-08-25,16.549999237060547,16.559999465942383,16.3700008392334,16.399999618530273,15.911893844604492,14325
2025-08-26,16.360000610351562,16.450000762939453,16.260000228881836,16.43000030517578,15.940999984741211,44329
2025-08-27,16.43000030517578,16.43000030517578,16.300800323486328,16.329999923706055,15.843976974487305,24924
2025-08-28,16.329999923706055,16.3799991607666,16.18000030517578,16.219999313354492,15.737250328063965,84173
2025-08-29,16.309999465942383,16.31999969482422,16.100000381469727,16.1299991607666,15.649928092956543,115408
2025-09-02,16.1200008392334,16.25,16.079999923706055,16.149999618530273,15.669334411621094,28416
2025-09-03,16.229999542236328,16.27989959716797,16.19499969482422,16.219999313354492,15.737250328063965,14947
2025-09-04,16.280000686645508,16.34000015258789,16.252700805664062,16.329999923706055,15.843976974487305,23734
2025-09-05,16.440000534057617,16.6200008392334,16.399999618530273,16.610000610351562,16.115644454956055,35996
2025-09-08,16.68000030517578,16.790000915527344,16.65999984741211,16.780000686645508,16.28058433532715,41231
2025-09-09,16.789899826049805,16.790000915527344,16.610000610351562,16.769899368286133,16.270784378051758,24799
2025-09-10,16.850000381469727,17.010000228881836,16.680099487304688,16.8700008392334,16.36790657043457,102283
2025-09-11,16.959999084472656,17.100000381469727,16.959999084472656,17.079999923706055,16.5716552734375,13825
2025-09-12,17.09000015258789,17.209999084472656,17.0,17.209999084472656,16.697786331176758,24197
2025-09-15,17.030000686645508,17.06999969482422,16.90169906616211,16.989999771118164,16.72732162475586,26809
2025-09-16,17.020000457763672,17.040700912475586,16.90999984741211,17.030000686645508,16.766704559326172,28649
2025-09-17,17.0,17.10540008544922,16.93000030517578,17.100000381469727,16.835622787475586,22700
2025-09-18,17.09000015258789,17.09000015258789,16.850099563598633,17.03499984741211,16.771625518798828,9812
2025-09-19,17.059999465942383,17.059999465942383,16.920000076293945,17.035900115966797,16.772512435913086,15627
2025-09-22,17.040000915527344,17.040000915527344,16.889999389648438,17.030000686645508,16.766704559326172,12884
2025-09-23,16.979999542236328,17.020000457763672,16.93000030517578,16.979999542236328,16.71747589111328,12688
2025-09-24,17.020000457763672,17.020000457763672,16.889999389648438,16.920000076293945,16.658405303955078,10018
2025-09-25,16.969999313354492,17.0,16.809999465942383,16.969999313354492,16.707630157470703,70929
2025-09-26,17.0,17.1200008392334,16.979999542236328,17.059999465942383,16.796239852905273,45385
2025-09-29,17.079999923706055,17.209999084472656,17.065000534057617,17.209999084472656,16.943920135498047,37442
2025-09-30,17.209999084472656,17.31999969482422,17.06999969482422,17.06999969482422,16.80608558654785,161681
2025-10-01,17.1299991607666,17.3799991607666,17.100000381469727,17.3799991607666,17.111291885375977,24723
2025-10-02,17.3799991607666,17.43000030517578,17.230100631713867,17.350000381469727,17.081756591796875,14150
2025-10-03,17.3799991607666,17.409900665283203,17.25,17.3700008392334,17.10144805908203,8723
2025-10-06,17.329999923706055,17.3700008392334,17.239999771118164,17.299999237060547,17.032527923583984,27088
2025-10-07,17.31999969482422,17.350000381469727,17.18000030517578,17.18000030517578,16.914384841918945,24439
2025-10-08,17.219999313354492,17.256999969482422,17.100000381469727,17.170000076293945,16.904539108276367,26152
2025-10-09,17.170000076293945,17.170000076293945,17.040000915527344,17.06999969482422,16.80608558654785,7769
2025-10-10,17.079999923706055,17.129899978637695,16.690000534057617,16.729999542236328,16.471342086791992,22681
2025-10-13,16.8700008392334,16.8700008392334,16.718599319458008,16.860000610351562,16.599332809448242,6842
2025-10-14,16.899999618530273,16.939899444580078,16.81999969482422,16.8799991607666,16.619022369384766,11293
2025-10-15,17.0,17.059999465942383,16.8799991607666,16.950000762939453,16.68794059753418,21763
2025-10-16,17.020000457763672,17.079999923706055,16.950000762939453,16.950000762939453,16.68794059753418,13675
2025-10-17,16.93000030517578,17.06999969482422,16.88010025024414,16.899999618530273,16.638713836669922,13769
2025-10-20,17.010000228881836,17.1883602142334,16.989999771118164,17.030000686645508,16.766704559326172,19303
2025-10-21,17.100000381469727,17.260000228881836,17.059999465942383,17.200000762939453,16.9340763092041,91597
2025-10-22,17.18000030517578,17.260000228881836,17.1299991607666,17.20009994506836,16.934173583984375,71212
2025-10-23,17.149999618530273,17.29990005493164,17.149999618530273,17.170000076293945,16.904539108276367,17701
2025-10-24,17.1299991607666,17.299999237060547,17.1299991607666,17.18000030517578,16.914384841918945,14983
2025-10-27,17.309999465942383,17.3700008392334,17.200000762939453,17.200000762939453,16.9340763092041,19496
2025-10-28,17.239999771118164,17.3700008392334,17.200000762939453,17.200000762939453,16.9340763092041,19428
2025-10-29,17.239999771118164,17.25,17.100000381469727,17.1299991607666,16.865156173706055,16019
2025-10-30,17.149999618530273,17.149999618530273,16.834999084472656,16.8700008392334,16.60917854309082,30162
2025-10-31,16.989999771118164,16.989999771118164,16.638500213623047,16.709999084472656,16.451650619506836,72891
2025-11-03,16.770000457763672,16.799999237060547,16.559999465942383,16.610000610351562,16.35319709777832,33618
2025-11-04,16.5,16.68160057067871,16.469999313354492,16.600000381469727,16.343351364135742,40373
2025-11-05,16.600000381469727,16.729999542236328,16.489999771118164,16.549999237060547,16.294124603271484,42240
2025-11-06,16.549999237060547,16.811800003051758,16.469999313354492,16.5,16.244897842407227,31282
2025-11-07,16.549999237060547,16.579999923706055,16.399999618530273,16.530000686645508,16.27443504333496,41208
2025-11-10,16.670000076293945,16.690000534057617,16.469999313354492,16.68000030517578,16.422115325927734,30039
2025-11-11,16.719999313354492,16.739999771118164,16.510000228881836,16.6200008392334,16.3630428314209,31845
2025-11-12,16.719999313354492,16.749900817871094,16.40999984741211,16.530000686645508,16.27443504333496,34824
2025-11-13,16.540000915527344,16.549999237060547,16.309999465942383,16.31999969482422,16.06768035888672,19269
2025-11-14,16.329999923706055,16.450000762939453,16.257999420166016,16.43000030517578,16.175979614257812,29230
2025-11-17,16.450000762939453,16.450000762939453,16.079999923706055,16.149999618530273,15.900308609008789,25961
2025-11-18,16.1200008392334,16.322999954223633,16.1200008392334,16.1299991607666,15.880617141723633,25175
2025-11-19,16.09000015258789,16.219900131225586,16.059999465942383,16.149999618530273,15.900308609008789,58538
2025-11-20,16.170000076293945,16.27989959716797,16.110000610351562,16.170000076293945,15.920000076293945,55305
2025-11-21,16.110000610351562,16.2549991607666,16.110000610351562,16.219999313354492,15.969225883483887,19939
2025-11-24,16.280000686645508,16.280000686645508,16.11669921875,16.15999984741211,15.910154342651367,22817
2025-11-25,16.149999618530273,16.250999450683594,16.149999618530273,16.229999542236328,15.979071617126465,16207
2025-11-26,16.270000457763672,16.350000381469727,16.170000076293945,16.280000686645508,16.02829933166504,26041
2025-11-28,16.30500030517578,16.368799209594727,16.190000534057617,16.209999084472656,15.959381103515625,53142
2025-12-01,16.25,16.299999237060547,16.200000762939453,16.200000762939453,15.94953727722168,48302
2025-12-02,16.25,16.31999969482422,16.25,16.295000076293945,16.043067932128906,52831
2025-12-03,16.25,16.33930015563965,16.25,16.299999237060547,16.047988891601562,37537
2025-12-04,16.229999542236328,16.34510040283203,16.229999542236328,16.25,15.998763084411621,37291
2025-12-05,16.25,16.29159927368164,16.1200008392334,16.1299991607666,15.880617141723633,49472
2025-12-08,16.1299991607666,16.229999542236328,16.010000228881836,16.079999923706055,15.831391334533691,54453
2025-12-09,16.059999465942383,16.200000762939453,16.040000915527344,16.040199279785156,15.792205810546875,35391
2025-12-10,16.059999465942383,16.2096004486084,16.059999465942383,16.15999984741211,15.910154342651367,36231
2025-12-11,16.139999389648438,16.309999465942383,16.139999389648438,16.309999465942383,16.05783462524414,54104
2025-12-12,16.219999313354492,16.309999465942383,16.15999984741211,16.170000076293945,15.920000076293945,31390
2025-12-15,16.09000015258789,16.09000015258789,15.90999984741211,15.930000305175781,15.930000305175781,44216
2025-12-16,15.930000305175781,16.0,15.930000305175781,16.0,16.0,32900
2025-12-17,15.979999542236328,16.006399154663086,15.930000305175781,15.930000305175781,15.930000305175781,50026
2025-12-18,15.989999771118164,16.059999465942383,15.9399995803833,16.049999237060547,16.049999237060547,55634
2025-12-19,16.049999237060547,16.06999969482422,15.960000038146973,16.059999465942383,16.059999465942383,110820
2025-12-22,16.100000381469727,16.100000381469727,15.930000305175781,16.06130027770996,16.06130027770996,34538
2025-12-23,16.040000915527344,16.04990005493164,15.9399995803833,15.989999771118164,15.989999771118164,113500
2025-12-24,16.049999237060547,16.079999923706055,15.994000434875488,16.079999923706055,16.079999923706055,33539
2025-12-26,16.040000915527344,16.09000015258789,15.979999542236328,16.059999465942383,16.059999465942383,46211
2025-12-29,16.059999465942383,16.059999465942383,15.970100402832031,16.040000915527344,16.040000915527344,67100
2025-12-30,15.989999771118164,16.040000915527344,15.9399995803833,15.960000038146973,15.960000038146973,39524
