date,open,high,low,close,adj_close,volume
,RMESF,RMESF,RMESF,RMESF,RMESF,RMESF
2020-01-02,0.13500000536441803,0.13500000536441803,0.13500000536441803,0.13500000536441803,0.13500000536441803,19999
2020-01-03,0.13500000536441803,0.13500000536441803,0.13500000536441803,0.13500000536441803,0.13500000536441803,0
2020-01-06,0.11999999731779099,0.11999999731779099,0.11999999731779099,0.11999999731779099,0.11999999731779099,119
2020-01-07,0.11999999731779099,0.11999999731779099,0.11999999731779099,0.11999999731779099,0.11999999731779099,0
2020-01-08,0.11999999731779099,0.11999999731779099,0.11999999731779099,0.11999999731779099,0.11999999731779099,0
2020-01-09,0.1274999976158142,0.30000001192092896,0.1274999976158142,0.30000001192092896,0.30000001192092896,7667
2020-01-10,0.30000001192092896,0.30000001192092896,0.19499999284744263,0.19499999284744263,0.19499999284744263,19870
2020-01-13,0.19499999284744263,0.19499999284744263,0.19499999284744263,0.19499999284744263,0.19499999284744263,5332
2020-01-14,0.19499999284744263,0.19499999284744263,0.19499999284744263,0.19499999284744263,0.19499999284744263,0
2020-01-15,0.19499999284744263,0.19499999284744263,0.19499999284744263,0.19499999284744263,0.19499999284744263,0
2020-01-16,0.19499999284744263,0.19499999284744263,0.19499999284744263,0.19499999284744263,0.19499999284744263,0
2020-01-17,0.19499999284744263,0.19499999284744263,0.19499999284744263,0.19499999284744263,0.19499999284744263,0
2020-01-21,0.18000000715255737,0.18000000715255737,0.15000000596046448,0.15000000596046448,0.15000000596046448,26759
2020-01-22,0.15000000596046448,0.15000000596046448,0.15000000596046448,0.15000000596046448,0.15000000596046448,0
2020-01-23,0.15000000596046448,0.15000000596046448,0.15000000596046448,0.15000000596046448,0.15000000596046448,0
2020-01-24,0.15000000596046448,0.15000000596046448,0.15000000596046448,0.15000000596046448,0.15000000596046448,0
2020-01-27,0.15000000596046448,0.15000000596046448,0.15000000596046448,0.15000000596046448,0.15000000596046448,0
2020-01-28,0.15000000596046448,0.15000000596046448,0.15000000596046448,0.15000000596046448,0.15000000596046448,0
2020-01-29,0.13500000536441803,0.13500000536441803,0.13500000536441803,0.13500000536441803,0.13500000536441803,3666
2020-01-30,0.14970000088214874,0.15000000596046448,0.14970000088214874,0.15000000596046448,0.15000000596046448,17499
2020-01-31,0.14249999821186066,0.14249999821186066,0.13500000536441803,0.13500000536441803,0.13500000536441803,1666
2020-02-03,0.13500000536441803,0.13500000536441803,0.13500000536441803,0.13500000536441803,0.13500000536441803,0
2020-02-04,0.13500000536441803,0.13500000536441803,0.13500000536441803,0.13500000536441803,0.13500000536441803,0
2020-02-05,0.25200000405311584,0.25200000405311584,0.25200000405311584,0.25200000405311584,0.25200000405311584,3356
2020-02-06,0.25440001487731934,0.30000001192092896,0.15299999713897705,0.15299999713897705,0.15299999713897705,8850
2020-02-07,0.30000001192092896,0.30000001192092896,0.296999990940094,0.296999990940094,0.296999990940094,133
2020-02-10,0.296999990940094,0.296999990940094,0.296999990940094,0.296999990940094,0.296999990940094,0
2020-02-11,0.296999990940094,0.296999990940094,0.296999990940094,0.296999990940094,0.296999990940094,0
2020-02-12,0.296999990940094,0.296999990940094,0.296999990940094,0.296999990940094,0.296999990940094,0
2020-02-13,0.296999990940094,0.296999990940094,0.296999990940094,0.296999990940094,0.296999990940094,0
2020-02-14,0.296999990940094,0.296999990940094,0.296999990940094,0.296999990940094,0.296999990940094,0
2020-02-18,0.296999990940094,0.296999990940094,0.296999990940094,0.296999990940094,0.296999990940094,0
2020-02-19,0.15000000596046448,0.296999990940094,0.15000000596046448,0.296999990940094,0.296999990940094,1700
2020-02-20,0.296999990940094,0.296999990940094,0.296999990940094,0.296999990940094,0.296999990940094,0
2020-02-21,0.296999990940094,0.296999990940094,0.296999990940094,0.296999990940094,0.296999990940094,0
2020-02-24,0.296999990940094,0.296999990940094,0.296999990940094,0.296999990940094,0.296999990940094,0
2020-02-25,0.296999990940094,0.296999990940094,0.296999990940094,0.296999990940094,0.296999990940094,0
2020-02-26,0.296999990940094,0.296999990940094,0.296999990940094,0.296999990940094,0.296999990940094,0
2020-02-27,0.296999990940094,0.296999990940094,0.296999990940094,0.296999990940094,0.296999990940094,0
2020-02-28,0.296999990940094,0.296999990940094,0.296999990940094,0.296999990940094,0.296999990940094,0
2020-03-02,0.296999990940094,0.296999990940094,0.2856000065803528,0.2856000065803528,0.2856000065803528,406
2020-03-03,0.30000001192092896,0.30000001192092896,0.30000001192092896,0.30000001192092896,0.30000001192092896,33
2020-03-04,0.30000001192092896,0.30000001192092896,0.30000001192092896,0.30000001192092896,0.30000001192092896,0
2020-03-05,0.30000001192092896,0.30000001192092896,0.30000001192092896,0.30000001192092896,0.30000001192092896,0
2020-03-06,0.30000001192092896,0.30000001192092896,0.30000001192092896,0.30000001192092896,0.30000001192092896,0
2020-03-09,0.30000001192092896,0.30000001192092896,0.30000001192092896,0.30000001192092896,0.30000001192092896,0
2020-03-10,0.30000001192092896,0.30000001192092896,0.30000001192092896,0.30000001192092896,0.30000001192092896,0
2020-03-11,0.30000001192092896,0.30000001192092896,0.30000001192092896,0.30000001192092896,0.30000001192092896,0
2020-03-12,0.1949699968099594,0.1949699968099594,0.18330000340938568,0.18330000340938568,0.18330000340938568,2800
2020-03-13,0.18330000340938568,0.18330000340938568,0.18330000340938568,0.18330000340938568,0.18330000340938568,0
2020-03-16,0.18330000340938568,0.18330000340938568,0.18330000340938568,0.18330000340938568,0.18330000340938568,0
2020-03-17,0.18330000340938568,0.18330000340938568,0.18330000340938568,0.18330000340938568,0.18330000340938568,0
2020-03-18,0.18330000340938568,0.18330000340938568,0.18330000340938568,0.18330000340938568,0.18330000340938568,0
2020-03-19,0.18330000340938568,0.18330000340938568,0.18330000340938568,0.18330000340938568,0.18330000340938568,0
2020-03-20,0.18330000340938568,0.18330000340938568,0.18330000340938568,0.18330000340938568,0.18330000340938568,0
2020-03-23,0.18330000340938568,0.18330000340938568,0.18330000340938568,0.18330000340938568,0.18330000340938568,0
2020-03-24,0.18330000340938568,0.18330000340938568,0.18330000340938568,0.18330000340938568,0.18330000340938568,0
2020-03-25,0.18330000340938568,0.18330000340938568,0.18330000340938568,0.18330000340938568,0.18330000340938568,0
2020-03-26,0.18330000340938568,0.18330000340938568,0.18330000340938568,0.18330000340938568,0.18330000340938568,0
2020-03-27,0.15299999713897705,0.15299999713897705,0.15299999713897705,0.15299999713897705,0.15299999713897705,1666
2020-03-30,0.15299999713897705,0.15299999713897705,0.15299999713897705,0.15299999713897705,0.15299999713897705,0
2020-03-31,0.15299999713897705,0.15299999713897705,0.15299999713897705,0.15299999713897705,0.15299999713897705,0
2020-04-01,0.15299999713897705,0.15299999713897705,0.15299999713897705,0.15299999713897705,0.15299999713897705,0
2020-04-02,0.15299999713897705,0.15299999713897705,0.15299999713897705,0.15299999713897705,0.15299999713897705,0
2020-04-03,0.15299999713897705,0.15299999713897705,0.15299999713897705,0.15299999713897705,0.15299999713897705,0
2020-04-06,0.15299999713897705,0.15299999713897705,0.15299999713897705,0.15299999713897705,0.15299999713897705,0
2020-04-07,0.15299999713897705,0.15299999713897705,0.15299999713897705,0.15299999713897705,0.15299999713897705,0
2020-04-08,0.15299999713897705,0.15299999713897705,0.15299999713897705,0.15299999713897705,0.15299999713897705,0
2020-04-09,0.15299999713897705,0.15299999713897705,0.15299999713897705,0.15299999713897705,0.15299999713897705,0
2020-04-13,0.15299999713897705,0.15299999713897705,0.15299999713897705,0.15299999713897705,0.15299999713897705,0
2020-04-14,0.15299999713897705,0.15299999713897705,0.15299999713897705,0.15299999713897705,0.15299999713897705,0
2020-04-15,0.15299999713897705,0.15299999713897705,0.15299999713897705,0.15299999713897705,0.15299999713897705,0
2020-04-16,0.15299999713897705,0.15299999713897705,0.15299999713897705,0.15299999713897705,0.15299999713897705,0
2020-04-17,0.15299999713897705,0.15299999713897705,0.15299999713897705,0.15299999713897705,0.15299999713897705,0
2020-04-20,0.15299999713897705,0.15299999713897705,0.15299999713897705,0.15299999713897705,0.15299999713897705,0
2020-04-21,0.15299999713897705,0.15299999713897705,0.15299999713897705,0.15299999713897705,0.15299999713897705,0
2020-04-22,0.15299999713897705,0.15299999713897705,0.15299999713897705,0.15299999713897705,0.15299999713897705,0
2020-04-23,0.15299999713897705,0.15299999713897705,0.15299999713897705,0.15299999713897705,0.15299999713897705,0
2020-04-24,0.15299999713897705,0.15299999713897705,0.15299999713897705,0.15299999713897705,0.15299999713897705,0
2020-04-27,0.15299999713897705,0.15299999713897705,0.15299999713897705,0.15299999713897705,0.15299999713897705,0
2020-04-28,0.15299999713897705,0.15299999713897705,0.15299999713897705,0.15299999713897705,0.15299999713897705,0
2020-04-29,0.15299999713897705,0.15299999713897705,0.15299999713897705,0.15299999713897705,0.15299999713897705,0
2020-04-30,0.15299999713897705,0.15299999713897705,0.15299999713897705,0.15299999713897705,0.15299999713897705,0
2020-05-01,0.15299999713897705,0.15299999713897705,0.15299999713897705,0.15299999713897705,0.15299999713897705,0
2020-05-04,0.15299999713897705,0.15299999713897705,0.15299999713897705,0.15299999713897705,0.15299999713897705,0
2020-05-05,0.15299999713897705,0.15299999713897705,0.15299999713897705,0.15299999713897705,0.15299999713897705,0
2020-05-06,0.15299999713897705,0.15299999713897705,0.15299999713897705,0.15299999713897705,0.15299999713897705,0
2020-05-07,0.15299999713897705,0.15299999713897705,0.15299999713897705,0.15299999713897705,0.15299999713897705,0
2020-05-08,0.15299999713897705,0.15299999713897705,0.15299999713897705,0.15299999713897705,0.15299999713897705,0
2020-05-11,0.15299999713897705,0.15299999713897705,0.15299999713897705,0.15299999713897705,0.15299999713897705,0
2020-05-12,0.12300000339746475,0.12300000339746475,0.12300000339746475,0.12300000339746475,0.12300000339746475,119
2020-05-13,0.12300000339746475,0.12300000339746475,0.12300000339746475,0.12300000339746475,0.12300000339746475,0
2020-05-14,0.12300000339746475,0.12300000339746475,0.12300000339746475,0.12300000339746475,0.12300000339746475,0
2020-05-15,0.12300000339746475,0.12300000339746475,0.12300000339746475,0.12300000339746475,0.12300000339746475,3333
2020-05-18,0.12300000339746475,0.12300000339746475,0.12300000339746475,0.12300000339746475,0.12300000339746475,0
2020-05-19,0.12300000339746475,0.12300000339746475,0.12300000339746475,0.12300000339746475,0.12300000339746475,0
2020-05-20,0.12300000339746475,0.12300000339746475,0.12300000339746475,0.12300000339746475,0.12300000339746475,1666
2020-05-21,0.12300000339746475,0.12300000339746475,0.12300000339746475,0.12300000339746475,0.12300000339746475,0
2020-05-22,0.12300000339746475,0.12300000339746475,0.12300000339746475,0.12300000339746475,0.12300000339746475,0
2020-05-26,0.12300000339746475,0.12300000339746475,0.12300000339746475,0.12300000339746475,0.12300000339746475,0
2020-05-27,0.12300000339746475,0.12300000339746475,0.12300000339746475,0.12300000339746475,0.12300000339746475,0
2020-05-28,0.12300000339746475,0.12300000339746475,0.12300000339746475,0.12300000339746475,0.12300000339746475,0
2020-05-29,0.12300000339746475,0.12300000339746475,0.12300000339746475,0.12300000339746475,0.12300000339746475,0
2020-06-01,0.09300000220537186,0.09300000220537186,0.06300000101327896,0.06300000101327896,0.06300000101327896,1714
2020-06-02,0.06300000101327896,0.06300000101327896,0.06300000101327896,0.06300000101327896,0.06300000101327896,0
2020-06-03,0.11999999731779099,0.11999999731779099,0.11999999731779099,0.11999999731779099,0.11999999731779099,1666
2020-06-04,0.11999999731779099,0.11999999731779099,0.11999999731779099,0.11999999731779099,0.11999999731779099,0
2020-06-05,0.11999999731779099,0.11999999731779099,0.11999999731779099,0.11999999731779099,0.11999999731779099,0
2020-06-08,0.11999999731779099,0.11999999731779099,0.11999999731779099,0.11999999731779099,0.11999999731779099,0
2020-06-09,0.11999999731779099,0.11999999731779099,0.11999999731779099,0.11999999731779099,0.11999999731779099,0
2020-06-10,0.11999999731779099,0.11999999731779099,0.11999999731779099,0.11999999731779099,0.11999999731779099,0
2020-06-11,0.11999999731779099,0.11999999731779099,0.11999999731779099,0.11999999731779099,0.11999999731779099,0
2020-06-12,0.11999999731779099,0.11999999731779099,0.11999999731779099,0.11999999731779099,0.11999999731779099,0
2020-06-15,0.11999999731779099,0.11999999731779099,0.11999999731779099,0.11999999731779099,0.11999999731779099,0
2020-06-16,0.11999999731779099,0.11999999731779099,0.11999999731779099,0.11999999731779099,0.11999999731779099,0
2020-06-17,0.11999999731779099,0.11999999731779099,0.11999999731779099,0.11999999731779099,0.11999999731779099,0
2020-06-18,0.11999999731779099,0.11999999731779099,0.11999999731779099,0.11999999731779099,0.11999999731779099,0
2020-06-19,0.11999999731779099,0.11999999731779099,0.11999999731779099,0.11999999731779099,0.11999999731779099,0
2020-06-22,0.11999999731779099,0.11999999731779099,0.11999999731779099,0.11999999731779099,0.11999999731779099,0
2020-06-23,0.11999999731779099,0.11999999731779099,0.11999999731779099,0.11999999731779099,0.11999999731779099,0
2020-06-24,0.11999999731779099,0.11999999731779099,0.11999999731779099,0.11999999731779099,0.11999999731779099,0
2020-06-25,0.11999999731779099,0.11999999731779099,0.11999999731779099,0.11999999731779099,0.11999999731779099,0
2020-06-26,0.11999999731779099,0.11999999731779099,0.11999999731779099,0.11999999731779099,0.11999999731779099,0
2020-06-29,0.11999999731779099,0.11999999731779099,0.11999999731779099,0.11999999731779099,0.11999999731779099,0
2020-06-30,0.11999999731779099,0.11999999731779099,0.11999999731779099,0.11999999731779099,0.11999999731779099,0
2020-07-01,0.11999999731779099,0.11999999731779099,0.11999999731779099,0.11999999731779099,0.11999999731779099,0
2020-07-02,0.11999999731779099,0.11999999731779099,0.11999999731779099,0.11999999731779099,0.11999999731779099,0
2020-07-06,0.11999999731779099,0.11999999731779099,0.11999999731779099,0.11999999731779099,0.11999999731779099,1666
2020-07-07,0.11999999731779099,0.11999999731779099,0.11999999731779099,0.11999999731779099,0.11999999731779099,0
2020-07-08,0.148499995470047,0.148499995470047,0.148499995470047,0.148499995470047,0.148499995470047,35
2020-07-09,0.11999999731779099,0.11999999731779099,0.11999999731779099,0.11999999731779099,0.11999999731779099,1666
2020-07-10,0.11999999731779099,0.11999999731779099,0.11999999731779099,0.11999999731779099,0.11999999731779099,666
2020-07-13,0.11999999731779099,0.11999999731779099,0.11999999731779099,0.11999999731779099,0.11999999731779099,0
2020-07-14,0.11999999731779099,0.11999999731779099,0.11999999731779099,0.11999999731779099,0.11999999731779099,0
2020-07-15,0.11999999731779099,0.11999999731779099,0.11999999731779099,0.11999999731779099,0.11999999731779099,333
2020-07-16,0.11999999731779099,0.11999999731779099,0.11999999731779099,0.11999999731779099,0.11999999731779099,1666
2020-07-17,0.17100000381469727,0.17100000381469727,0.14399999380111694,0.14399999380111694,0.14399999380111694,1166
2020-07-20,0.14399999380111694,0.14399999380111694,0.14399999380111694,0.14399999380111694,0.14399999380111694,0
2020-07-21,0.14406000077724457,0.14406000077724457,0.14399999380111694,0.14399999380111694,0.14399999380111694,8333
2020-07-22,0.14399999380111694,0.14399999380111694,0.14399999380111694,0.14399999380111694,0.14399999380111694,0
2020-07-23,0.15000000596046448,0.17100000381469727,0.14550000429153442,0.17100000381469727,0.17100000381469727,7833
2020-07-24,0.17100000381469727,0.17100000381469727,0.17100000381469727,0.17100000381469727,0.17100000381469727,0
2020-07-27,0.17100000381469727,0.17100000381469727,0.17100000381469727,0.17100000381469727,0.17100000381469727,0
2020-07-28,0.17970000207424164,0.17970000207424164,0.148499995470047,0.148499995470047,0.148499995470047,333
2020-07-29,0.148499995470047,0.148499995470047,0.148499995470047,0.148499995470047,0.148499995470047,0
2020-07-30,0.148499995470047,0.148499995470047,0.148499995470047,0.148499995470047,0.148499995470047,0
2020-07-31,0.11999999731779099,0.11999999731779099,0.09300000220537186,0.09300000220537186,0.09300000220537186,3333
2020-08-03,0.09300000220537186,0.09300000220537186,0.09300000220537186,0.09300000220537186,0.09300000220537186,0
2020-08-04,0.17100000381469727,0.17100000381469727,0.17100000381469727,0.17100000381469727,0.17100000381469727,840
2020-08-05,0.17100000381469727,0.17100000381469727,0.17100000381469727,0.17100000381469727,0.17100000381469727,0
2020-08-06,0.1770000010728836,0.1770000010728836,0.1770000010728836,0.1770000010728836,0.1770000010728836,833
2020-08-07,0.1770000010728836,0.1770000010728836,0.1770000010728836,0.1770000010728836,0.1770000010728836,0
2020-08-10,0.1770000010728836,0.1770000010728836,0.1770000010728836,0.1770000010728836,0.1770000010728836,0
2020-08-11,0.1770000010728836,0.1770000010728836,0.1770000010728836,0.1770000010728836,0.1770000010728836,0
2020-08-12,0.1770000010728836,0.1770000010728836,0.1770000010728836,0.1770000010728836,0.1770000010728836,0
2020-08-13,0.1770000010728836,0.1770000010728836,0.1770000010728836,0.1770000010728836,0.1770000010728836,0
2020-08-14,0.1770000010728836,0.1770000010728836,0.1770000010728836,0.1770000010728836,0.1770000010728836,0
2020-08-17,0.1770000010728836,0.1770000010728836,0.1770000010728836,0.1770000010728836,0.1770000010728836,0
2020-08-18,0.1770000010728836,0.1770000010728836,0.1770000010728836,0.1770000010728836,0.1770000010728836,0
2020-08-19,0.1770000010728836,0.1770000010728836,0.1770000010728836,0.1770000010728836,0.1770000010728836,0
2020-08-20,0.11999999731779099,0.11999999731779099,0.09300000220537186,0.09300000220537186,0.09300000220537186,2000
2020-08-21,0.09300000220537186,0.09300000220537186,0.09300000220537186,0.09300000220537186,0.09300000220537186,0
2020-08-24,0.09300000220537186,0.09300000220537186,0.09300000220537186,0.09300000220537186,0.09300000220537186,0
2020-08-25,0.09300000220537186,0.09300000220537186,0.09300000220537186,0.09300000220537186,0.09300000220537186,0
2020-08-26,0.13500000536441803,0.13500000536441803,0.13500000536441803,0.13500000536441803,0.13500000536441803,119
2020-08-27,0.13500000536441803,0.13500000536441803,0.13500000536441803,0.13500000536441803,0.13500000536441803,0
2020-08-28,0.15000000596046448,0.15000000596046448,0.15000000596046448,0.15000000596046448,0.15000000596046448,1666
2020-08-31,0.16500000655651093,0.30000001192092896,0.15000000596046448,0.30000001192092896,0.30000001192092896,13887
2020-09-01,0.30000001192092896,0.30000001192092896,0.16500000655651093,0.296999990940094,0.296999990940094,6665
2020-09-02,0.296999990940094,0.296999990940094,0.296999990940094,0.296999990940094,0.296999990940094,0
2020-09-03,0.296999990940094,0.296999990940094,0.296999990940094,0.296999990940094,0.296999990940094,0
2020-09-04,0.296999990940094,0.296999990940094,0.296999990940094,0.296999990940094,0.296999990940094,0
2020-09-08,0.296999990940094,0.296999990940094,0.296999990940094,0.296999990940094,0.296999990940094,0
2020-09-09,0.13500000536441803,0.13500000536441803,0.13500000536441803,0.13500000536441803,0.13500000536441803,360
2020-09-10,0.13500000536441803,0.13500000536441803,0.13500000536441803,0.13500000536441803,0.13500000536441803,0
2020-09-11,0.13500000536441803,0.13500000536441803,0.13500000536441803,0.13500000536441803,0.13500000536441803,0
2020-09-14,0.13500000536441803,0.13500000536441803,0.13500000536441803,0.13500000536441803,0.13500000536441803,0
2020-09-15,0.13500000536441803,0.13500000536441803,0.13500000536441803,0.13500000536441803,0.13500000536441803,0
2020-09-16,0.13500000536441803,0.13500000536441803,0.13500000536441803,0.13500000536441803,0.13500000536441803,0
2020-09-17,0.13500000536441803,0.13500000536441803,0.13500000536441803,0.13500000536441803,0.13500000536441803,0
2020-09-18,0.13500000536441803,0.13500000536441803,0.13500000536441803,0.13500000536441803,0.13500000536441803,0
2020-09-21,0.13500000536441803,0.13500000536441803,0.13500000536441803,0.13500000536441803,0.13500000536441803,0
2020-09-22,0.13500000536441803,0.13500000536441803,0.13500000536441803,0.13500000536441803,0.13500000536441803,0
2020-09-23,0.22499999403953552,0.22499999403953552,0.22499999403953552,0.22499999403953552,0.22499999403953552,1666
2020-09-24,0.22499999403953552,0.22499999403953552,0.22499999403953552,0.22499999403953552,0.22499999403953552,0
2020-09-25,0.22499999403953552,0.22499999403953552,0.22499999403953552,0.22499999403953552,0.22499999403953552,0
2020-09-28,0.22499999403953552,0.22499999403953552,0.22499999403953552,0.22499999403953552,0.22499999403953552,0
2020-09-29,0.15000000596046448,0.15000000596046448,0.15000000596046448,0.15000000596046448,0.15000000596046448,1666
2020-09-30,0.15000000596046448,0.15000000596046448,0.15000000596046448,0.15000000596046448,0.15000000596046448,0
2020-10-01,0.15000000596046448,0.15000000596046448,0.15000000596046448,0.15000000596046448,0.15000000596046448,0
2020-10-02,0.15000000596046448,0.15000000596046448,0.15000000596046448,0.15000000596046448,0.15000000596046448,0
2020-10-05,0.15000000596046448,0.15000000596046448,0.15000000596046448,0.15000000596046448,0.15000000596046448,0
2020-10-06,0.15000000596046448,0.15000000596046448,0.15000000596046448,0.15000000596046448,0.15000000596046448,0
2020-10-07,0.15000000596046448,0.15000000596046448,0.15000000596046448,0.15000000596046448,0.15000000596046448,0
2020-10-08,0.15000000596046448,0.15000000596046448,0.15000000596046448,0.15000000596046448,0.15000000596046448,0
2020-10-09,0.15000000596046448,0.15000000596046448,0.15000000596046448,0.15000000596046448,0.15000000596046448,0
2020-10-12,0.15000000596046448,0.15000000596046448,0.15000000596046448,0.15000000596046448,0.15000000596046448,0
2020-10-13,0.15000000596046448,0.15000000596046448,0.15000000596046448,0.15000000596046448,0.15000000596046448,0
2020-10-14,0.15000000596046448,0.15000000596046448,0.15000000596046448,0.15000000596046448,0.15000000596046448,0
2020-10-15,0.15000000596046448,0.15000000596046448,0.15000000596046448,0.15000000596046448,0.15000000596046448,0
2020-10-16,0.15000000596046448,0.15000000596046448,0.15000000596046448,0.15000000596046448,0.15000000596046448,0
2020-10-19,0.15000000596046448,0.15000000596046448,0.15000000596046448,0.15000000596046448,0.15000000596046448,0
2020-10-20,0.15000000596046448,0.15000000596046448,0.15000000596046448,0.15000000596046448,0.15000000596046448,0
2020-10-21,0.15000000596046448,0.15000000596046448,0.15000000596046448,0.15000000596046448,0.15000000596046448,0
2020-10-22,0.15000000596046448,0.15000000596046448,0.15000000596046448,0.15000000596046448,0.15000000596046448,0
2020-10-23,0.15000000596046448,0.15000000596046448,0.15000000596046448,0.15000000596046448,0.15000000596046448,666
2020-10-26,0.15000000596046448,0.15000000596046448,0.15000000596046448,0.15000000596046448,0.15000000596046448,0
2020-10-27,0.15000000596046448,0.15029999613761902,0.15000000596046448,0.15029999613761902,0.15029999613761902,3333
2020-10-28,0.15029999613761902,0.15029999613761902,0.15029999613761902,0.15029999613761902,0.15029999613761902,0
2020-10-29,0.15029999613761902,0.15029999613761902,0.15029999613761902,0.15029999613761902,0.15029999613761902,0
2020-10-30,0.15029999613761902,0.15029999613761902,0.15029999613761902,0.15029999613761902,0.15029999613761902,0
2020-11-02,0.15029999613761902,0.15029999613761902,0.15029999613761902,0.15029999613761902,0.15029999613761902,0
2020-11-03,0.15029999613761902,0.15029999613761902,0.15029999613761902,0.15029999613761902,0.15029999613761902,0
2020-11-04,0.15029999613761902,0.15029999613761902,0.15029999613761902,0.15029999613761902,0.15029999613761902,0
2020-11-05,0.15029999613761902,0.15029999613761902,0.15029999613761902,0.15029999613761902,0.15029999613761902,0
2020-11-06,0.15029999613761902,0.15029999613761902,0.15029999613761902,0.15029999613761902,0.15029999613761902,0
2020-11-09,0.15029999613761902,0.15029999613761902,0.15029999613761902,0.15029999613761902,0.15029999613761902,0
2020-11-10,0.15029999613761902,0.15029999613761902,0.15029999613761902,0.15029999613761902,0.15029999613761902,0
2020-11-11,0.15029999613761902,0.15029999613761902,0.15029999613761902,0.15029999613761902,0.15029999613761902,0
2020-11-12,0.15029999613761902,0.15029999613761902,0.15029999613761902,0.15029999613761902,0.15029999613761902,0
2020-11-13,0.19499999284744263,0.9300000071525574,0.19499999284744263,0.29249998927116394,0.29249998927116394,250415
2020-11-16,0.33000001311302185,0.33000001311302185,0.16500000655651093,0.21899999678134918,0.21899999678134918,36373
2020-11-17,0.30000001192092896,0.33000001311302185,0.20999999344348907,0.23999999463558197,0.23999999463558197,37893
2020-11-18,0.4634999930858612,0.4634999930858612,0.18299999833106995,0.19499999284744263,0.19499999284744263,7705
2020-11-19,0.3269999921321869,0.3269999921321869,0.20399999618530273,0.25200000405311584,0.25200000405311584,6278
2020-11-20,0.23999999463558197,0.2849999964237213,0.20399999618530273,0.20399999618530273,0.20399999618530273,13400
2020-11-23,0.45855000615119934,0.45855000615119934,0.2070000022649765,0.2459699958562851,0.2459699958562851,15661
2020-11-24,0.4496999979019165,0.4496999979019165,0.18000000715255737,0.19499999284744263,0.19499999284744263,3005
2020-11-25,0.19499999284744263,0.3930000066757202,0.19499999284744263,0.2849999964237213,0.2849999964237213,19742
2020-11-27,0.2775000035762787,0.3240000009536743,0.20999999344348907,0.3240000009536743,0.3240000009536743,12475
2020-11-30,0.44850000739097595,0.44850000739097595,0.23999999463558197,0.24330000579357147,0.24330000579357147,16411
2020-12-01,0.22050000727176666,0.44999998807907104,0.22050000727176666,0.30000001192092896,0.30000001192092896,27530
2020-12-02,0.44999998807907104,0.44999998807907104,0.27300000190734863,0.4377000033855438,0.4377000033855438,1544
2020-12-03,0.30000001192092896,0.41999998688697815,0.30000001192092896,0.3149999976158142,0.3149999976158142,2850
2020-12-04,0.30000001192092896,0.3149999976158142,0.30000001192092896,0.30000001192092896,0.30000001192092896,841
2020-12-07,0.4350000023841858,0.4350000023841858,0.30000001192092896,0.36000001430511475,0.36000001430511475,6879
2020-12-08,0.3824999928474426,0.3824999928474426,0.30000001192092896,0.33000001311302185,0.33000001311302185,8433
2020-12-09,0.3569999933242798,0.375,0.33000001311302185,0.36000001430511475,0.36000001430511475,22720
2020-12-10,0.3449999988079071,0.36000001430511475,0.27000001072883606,0.30000001192092896,0.30000001192092896,3144
2020-12-11,0.2703000009059906,0.35370001196861267,0.27000001072883606,0.35370001196861267,0.35370001196861267,3418
2020-12-14,0.30000001192092896,0.30000001192092896,0.30000001192092896,0.30000001192092896,0.30000001192092896,666
2020-12-15,0.36000001430511475,0.36000001430511475,0.36000001430511475,0.36000001430511475,0.36000001430511475,167
2020-12-16,0.27000001072883606,0.375,0.27000001072883606,0.36000001430511475,0.36000001430511475,27389
2020-12-17,0.37950000166893005,0.3824999928474426,0.36000001430511475,0.36000001430511475,0.36000001430511475,9717
2020-12-18,0.37950000166893005,0.38999998569488525,0.37950000166893005,0.38999998569488525,0.38999998569488525,2333
2020-12-21,0.4050000011920929,0.44999998807907104,0.4050000011920929,0.44999998807907104,0.44999998807907104,6668
2020-12-22,0.47999998927116394,0.47999998927116394,0.4282500147819519,0.4282500147819519,0.4282500147819519,6168
2020-12-23,0.36000001430511475,0.41999998688697815,0.30000001192092896,0.35997000336647034,0.35997000336647034,14333
2020-12-24,0.35997000336647034,0.35997000336647034,0.35997000336647034,0.35997000336647034,0.35997000336647034,0
2020-12-28,0.33000001311302185,0.4650000035762787,0.33000001311302185,0.4650000035762787,0.4650000035762787,412
2020-12-29,0.2639999985694885,0.35997000336647034,0.2639999985694885,0.33000001311302185,0.33000001311302185,3866
2020-12-30,0.4387499988079071,0.5400000214576721,0.4387499988079071,0.5099999904632568,0.5099999904632568,4215
2020-12-31,0.5099999904632568,0.5370000004768372,0.36000001430511475,0.5084999799728394,0.5084999799728394,1116
2021-01-04,0.5088000297546387,0.5228999853134155,0.47999998927116394,0.47999998927116394,0.47999998927116394,5049
2021-01-05,0.47999998927116394,0.47999998927116394,0.47999998927116394,0.47999998927116394,0.47999998927116394,666
2021-01-06,0.5099999904632568,0.5235000252723694,0.47099998593330383,0.5099999904632568,0.5099999904632568,1632
2021-01-07,0.5099999904632568,0.7739999890327454,0.5099999904632568,0.7200000286102295,0.7200000286102295,10033
2021-01-08,0.746999979019165,0.746999979019165,0.7200000286102295,0.7200000286102295,0.7200000286102295,833
2021-01-11,0.7200000286102295,0.7200000286102295,0.6150000095367432,0.6150000095367432,0.6150000095367432,396
2021-01-12,0.6524999737739563,0.6899999976158142,0.5825999975204468,0.5825999975204468,0.5825999975204468,5199
2021-01-13,0.5699999928474426,0.5699999928474426,0.42899999022483826,0.42899999022483826,0.42899999022483826,15205
2021-01-14,0.44999998807907104,0.44999998807907104,0.44999998807907104,0.44999998807907104,0.44999998807907104,5709
2021-01-15,0.44999998807907104,0.44999998807907104,0.33000001311302185,0.44999998807907104,0.44999998807907104,235
2021-01-19,0.4943999946117401,0.5996999740600586,0.4943999946117401,0.5282099843025208,0.5282099843025208,4558
2021-01-20,1.5299999713897705,1.8300000429153442,0.5099999904632568,0.6000000238418579,0.6000000238418579,10092
2021-01-21,0.6000000238418579,0.6000000238418579,0.6000000238418579,0.6000000238418579,0.6000000238418579,0
2021-01-22,0.6299999952316284,0.6299999952316284,0.6299999952316284,0.6299999952316284,0.6299999952316284,666
2021-01-25,0.6000000238418579,0.6222000122070312,0.4943999946117401,0.4943999946117401,0.4943999946117401,1509
2021-01-26,0.4952999949455261,0.4952999949455261,0.4952999949455261,0.4952999949455261,0.4952999949455261,101
2021-01-27,0.6225000023841858,0.6225000023841858,0.6225000023841858,0.6225000023841858,0.6225000023841858,333
2021-01-28,0.6225000023841858,0.6225000023841858,0.6225000023841858,0.6225000023841858,0.6225000023841858,0
2021-01-29,0.4964999854564667,0.49799999594688416,0.4950000047683716,0.4950000047683716,0.4950000047683716,7966
2021-02-01,0.4950000047683716,0.4950000047683716,0.4950000047683716,0.4950000047683716,0.4950000047683716,2152
2021-02-02,0.4950000047683716,0.4950000047683716,0.4950000047683716,0.4950000047683716,0.4950000047683716,0
2021-02-03,0.5400000214576721,0.6554999947547913,0.5400000214576721,0.5400000214576721,0.5400000214576721,3821
2021-02-04,0.5400000214576721,0.5400000214576721,0.5400000214576721,0.5400000214576721,0.5400000214576721,33
2021-02-05,0.5400000214576721,0.5400000214576721,0.4950000047683716,0.4950000047683716,0.4950000047683716,1252
2021-02-08,0.4943999946117401,0.4943999946117401,0.4943999946117401,0.4943999946117401,0.4943999946117401,1373
2021-02-09,0.4950000047683716,0.4950000047683716,0.4950000047683716,0.4950000047683716,0.4950000047683716,3333
2021-02-10,0.4943999946117401,0.5130000114440918,0.4943999946117401,0.4982999861240387,0.4982999861240387,1477
2021-02-11,0.4982999861240387,0.4982999861240387,0.4982999861240387,0.4982999861240387,0.4982999861240387,0
2021-02-12,0.4943999946117401,0.5400000214576721,0.4943999946117401,0.5099999904632568,0.5099999904632568,5745
2021-02-16,0.5400000214576721,0.609000027179718,0.5099999904632568,0.5400000214576721,0.5400000214576721,2139
2021-02-17,0.5400000214576721,0.5400000214576721,0.5400000214576721,0.5400000214576721,0.5400000214576721,0
2021-02-18,0.5400000214576721,0.5400000214576721,0.5400000214576721,0.5400000214576721,0.5400000214576721,0
2021-02-19,0.5249999761581421,0.5339999794960022,0.5249999761581421,0.5339999794960022,0.5339999794960022,1800
2021-02-22,0.5099999904632568,0.5699999928474426,0.5099999904632568,0.5099999904632568,0.5099999904632568,7546
2021-02-23,0.6000000238418579,0.6000000238418579,0.5099999904632568,0.5099999904632568,0.5099999904632568,186
2021-02-24,0.5192400217056274,0.5192400217056274,0.5099999904632568,0.5099999904632568,0.5099999904632568,6800
2021-02-25,0.592199981212616,0.592199981212616,0.5395500063896179,0.5395500063896179,0.5395500063896179,366
2021-02-26,0.49470001459121704,0.49470001459121704,0.3659999966621399,0.3659999966621399,0.3659999966621399,1829
2021-03-01,0.3675000071525574,0.6000000238418579,0.3675000071525574,0.6000000238418579,0.6000000238418579,1214
2021-03-02,0.44999998807907104,0.5550000071525574,0.44999998807907104,0.5550000071525574,0.5550000071525574,3200
2021-03-03,0.5550000071525574,0.5550000071525574,0.5550000071525574,0.5550000071525574,0.5550000071525574,16934
2021-03-04,0.5550000071525574,0.5550000071525574,0.5550000071525574,0.5550000071525574,0.5550000071525574,0
2021-03-05,0.5996999740600586,0.5996999740600586,0.49470001459121704,0.49470001459121704,0.49470001459121704,4321
2021-03-08,0.49470001459121704,0.49470001459121704,0.49470001459121704,0.49470001459121704,0.49470001459121704,0
2021-03-09,0.49470001459121704,0.49470001459121704,0.49470001459121704,0.49470001459121704,0.49470001459121704,0
2021-03-10,0.49470001459121704,0.49470001459121704,0.49470001459121704,0.49470001459121704,0.49470001459121704,0
2021-03-11,0.4950000047683716,0.4950000047683716,0.4950000047683716,0.4950000047683716,0.4950000047683716,366
2021-03-12,0.4620000123977661,0.4620000123977661,0.4620000123977661,0.4620000123977661,0.4620000123977661,1000
2021-03-15,0.4620000123977661,0.4620000123977661,0.4620000123977661,0.4620000123977661,0.4620000123977661,125
2021-03-16,0.6899999976158142,0.6899999976158142,0.4620000123977661,0.5699999928474426,0.5699999928474426,27010
2021-03-17,0.6150000095367432,0.6150000095367432,0.5325000286102295,0.6000000238418579,0.6000000238418579,1724
2021-03-18,0.5070000290870667,0.6000000238418579,0.5070000290870667,0.6000000238418579,0.6000000238418579,1882
2021-03-19,0.7200000286102295,0.7200000286102295,0.6000000238418579,0.6315000057220459,0.6315000057220459,5461
2021-03-22,0.7049999833106995,0.7049999833106995,0.6317999958992004,0.632099986076355,0.632099986076355,2005
2021-03-23,0.5259000062942505,0.5562000274658203,0.5249999761581421,0.5249999761581421,0.5249999761581421,17713
2021-03-24,0.5249999761581421,0.5249999761581421,0.5249999761581421,0.5249999761581421,0.5249999761581421,0
2021-03-25,0.5249999761581421,0.5249999761581421,0.5249999761581421,0.5249999761581421,0.5249999761581421,0
2021-03-26,0.5249999761581421,0.5249999761581421,0.5249999761581421,0.5249999761581421,0.5249999761581421,3166
2021-03-29,0.5249999761581421,0.5249999761581421,0.5249999761581421,0.5249999761581421,0.5249999761581421,3492
2021-03-30,0.5249999761581421,0.5249999761581421,0.5249999761581421,0.5249999761581421,0.5249999761581421,0
2021-03-31,0.5249999761581421,0.5249999761581421,0.5249999761581421,0.5249999761581421,0.5249999761581421,0
2021-04-01,0.6690000295639038,0.6690000295639038,0.5699999928474426,0.5849999785423279,0.5849999785423279,4366
2021-04-05,0.4650000035762787,0.544409990310669,0.44999998807907104,0.44999998807907104,0.44999998807907104,22885
2021-04-06,0.44999998807907104,0.44999998807907104,0.44999998807907104,0.44999998807907104,0.44999998807907104,0
2021-04-07,0.6028500199317932,0.6044999957084656,0.5843999981880188,0.6044999957084656,0.6044999957084656,500
2021-04-08,0.592199981212616,0.592199981212616,0.47999998927116394,0.47999998927116394,0.47999998927116394,4176
2021-04-09,0.47999998927116394,0.5699999928474426,0.47999998927116394,0.5699999928474426,0.5699999928474426,2700
2021-04-12,0.4650000035762787,0.4650000035762787,0.4650000035762787,0.4650000035762787,0.4650000035762787,3333
2021-04-13,0.6444000005722046,0.6444000005722046,0.6118199825286865,0.6118199825286865,0.6118199825286865,666
2021-04-14,0.5699999928474426,0.6000000238418579,0.5699999928474426,0.6000000238418579,0.6000000238418579,8700
2021-04-15,0.5849999785423279,0.9300000071525574,0.5849999785423279,0.9300000071525574,0.9300000071525574,8452
2021-04-16,0.9150000214576721,0.9300000071525574,0.75,0.75,0.75,15434
2021-04-19,0.6480000019073486,0.6480000019073486,0.5699999928474426,0.5699999928474426,0.5699999928474426,7539
2021-04-20,0.5849999785423279,0.75,0.5849999785423279,0.7200000286102295,0.7200000286102295,7215
2021-04-21,0.7200000286102295,0.7200000286102295,0.6075000166893005,0.7170000076293945,0.7170000076293945,4198
2021-04-22,0.7170000076293945,0.7200000286102295,0.5836499929428101,0.7200000286102295,0.7200000286102295,5788
2021-04-23,0.7200000286102295,0.7799999713897705,0.7200000286102295,0.75,0.75,8633
2021-04-26,0.8700000047683716,1.350000023841858,0.8700000047683716,1.2000000476837158,1.2000000476837158,78642
2021-04-27,1.2899999618530273,1.2899999618530273,0.9452999830245972,1.2000000476837158,1.2000000476837158,7186
2021-04-28,1.1699999570846558,1.2000000476837158,0.906000018119812,1.2000000476837158,1.2000000476837158,14169
2021-04-29,1.080299973487854,1.1699999570846558,0.9599999785423279,1.1399999856948853,1.1399999856948853,8823
2021-04-30,1.1024999618530273,1.1547000408172607,1.0499999523162842,1.0499999523162842,1.0499999523162842,3507
2021-05-03,1.0499999523162842,1.184999942779541,1.0499999523162842,1.1699999570846558,1.1699999570846558,12834
2021-05-04,1.0499999523162842,1.0499999523162842,1.0499999523162842,1.0499999523162842,1.0499999523162842,1366
2021-05-05,1.1100000143051147,1.1699999570846558,1.0800000429153442,1.0800000429153442,1.0800000429153442,6403
2021-05-06,1.0950000286102295,1.2000000476837158,1.0950000286102295,1.169100046157837,1.169100046157837,25841
2021-05-07,1.2000000476837158,1.2000000476837158,1.0800000429153442,1.1100000143051147,1.1100000143051147,38797
2021-05-10,1.1549999713897705,1.1699999570846558,1.1317800283432007,1.1317800283432007,1.1317800283432007,16099
2021-05-11,1.184999942779541,1.184999942779541,1.1399999856948853,1.1699999570846558,1.1699999570846558,8066
2021-05-12,1.184999942779541,1.184999942779541,1.0950000286102295,1.1399999856948853,1.1399999856948853,13041
2021-05-13,1.1399999856948853,1.1699999570846558,1.065000057220459,1.065000057220459,1.065000057220459,9056
2021-05-14,1.0800000429153442,1.0800000429153442,0.9900000095367432,1.0199999809265137,1.0199999809265137,10809
2021-05-17,1.093500018119812,1.093500018119812,1.0199999809265137,1.0199999809265137,1.0199999809265137,5621
2021-05-18,1.0199999809265137,1.0499999523162842,1.0199999809265137,1.0499999523162842,1.0499999523162842,2244
2021-05-19,1.0199999809265137,1.0499999523162842,0.9900000095367432,0.9900000095367432,0.9900000095367432,8479
2021-05-20,0.9900000095367432,0.9900000095367432,0.8999999761581421,0.9299700260162354,0.9299700260162354,4030
2021-05-21,0.9150000214576721,0.9894000291824341,0.8999999761581421,0.9300000071525574,0.9300000071525574,20915
2021-05-24,1.0499999523162842,1.0800000429153442,0.9764999747276306,1.015529990196228,1.015529990196228,4838
2021-05-25,0.9617099761962891,1.0199999809265137,0.9617099761962891,0.9900000095367432,0.9900000095367432,4748
2021-05-26,0.9346500039100647,1.0199999809265137,0.8414999842643738,1.0199999809265137,1.0199999809265137,8927
2021-05-27,0.9617099761962891,1.034999966621399,0.9617099761962891,1.034999966621399,1.034999966621399,7629
2021-05-28,1.0499999523162842,1.1699999570846558,0.9146999716758728,1.1699999570846558,1.1699999570846558,47081
2021-06-01,1.1100000143051147,1.1699999570846558,1.1100000143051147,1.1699999570846558,1.1699999570846558,9026
2021-06-02,1.1699999570846558,1.1699999570846558,1.0679700374603271,1.070970058441162,1.070970058441162,5782
2021-06-03,1.1699999570846558,1.1699999570846558,1.1699999570846558,1.1699999570846558,1.1699999570846558,945
2021-06-04,1.0836299657821655,1.1699999570846558,1.0434000492095947,1.0499999523162842,1.0499999523162842,10023
2021-06-07,1.1030999422073364,1.1699999570846558,1.0563000440597534,1.1100000143051147,1.1100000143051147,11913
2021-06-08,1.169700026512146,1.2000000476837158,1.095900058746338,1.1266499757766724,1.1266499757766724,12623
2021-06-09,1.1790000200271606,1.2300000190734863,1.1403000354766846,1.1403000354766846,1.1403000354766846,1881
2021-06-10,1.1403000354766846,1.2300000190734863,1.1399999856948853,1.2300000190734863,1.2300000190734863,13221
2021-06-11,1.2000000476837158,1.2000000476837158,1.1699999570846558,1.1805000305175781,1.1805000305175781,1527
2021-06-14,1.2300000190734863,1.2599999904632568,1.0800000429153442,1.1759999990463257,1.1759999990463257,19531
2021-06-15,1.0529999732971191,1.1759999990463257,1.0529999732971191,1.1699999570846558,1.1699999570846558,3380
2021-06-16,1.0800000429153442,1.1339999437332153,1.0368000268936157,1.0800000429153442,1.0800000429153442,5616
2021-06-17,1.1003999710083008,1.1003999710083008,1.0499999523162842,1.0997999906539917,1.0997999906539917,2079
2021-06-18,1.0997999906539917,1.0997999906539917,1.0997999906539917,1.0997999906539917,1.0997999906539917,2066
2021-06-21,1.0529999732971191,1.1128499507904053,0.7806000113487244,1.1094000339508057,1.1094000339508057,13149
2021-06-22,1.0499999523162842,1.0499999523162842,1.0368000268936157,1.0368000268936157,1.0368000268936157,1733
2021-06-23,1.0199999809265137,1.1706000566482544,1.0199999809265137,1.0950000286102295,1.0950000286102295,1516
2021-06-24,1.1699999570846558,1.1699999570846558,1.0950000286102295,1.1699999570846558,1.1699999570846558,892
2021-06-25,1.0199999809265137,1.2599999904632568,1.0199999809265137,1.2599999904632568,1.2599999904632568,10466
2021-06-28,1.2899999618530273,1.2899999618530273,1.192770004272461,1.192770004272461,1.192770004272461,1580
2021-06-29,1.222499966621399,1.2300000190734863,1.215000033378601,1.215000033378601,1.215000033378601,6504
2021-06-30,1.1852999925613403,1.1852999925613403,1.065000057220459,1.065000057220459,1.065000057220459,821
2021-07-01,1.065000057220459,1.065000057220459,1.0499999523162842,1.0499999523162842,1.0499999523162842,1666
2021-07-02,1.0499999523162842,1.0499999523162842,1.0499999523162842,1.0499999523162842,1.0499999523162842,36
2021-07-06,1.0514999628067017,1.17330002784729,0.9900000095367432,1.17330002784729,1.17330002784729,18237
2021-07-07,1.0514999628067017,1.1399999856948853,1.0514999628067017,1.1399999856948853,1.1399999856948853,3670
2021-07-08,0.9660000205039978,1.1394000053405762,0.9599999785423279,1.0770000219345093,1.0770000219345093,8449
2021-07-09,0.9153000116348267,1.0499999523162842,0.8999999761581421,0.8999999761581421,0.8999999761581421,9666
2021-07-12,0.9210000038146973,0.9210000038146973,0.9210000038146973,0.9210000038146973,0.9210000038146973,666
2021-07-13,0.9300000071525574,1.083299994468689,0.9210000038146973,1.083299994468689,1.083299994468689,3509
2021-07-14,0.902999997138977,1.0829999446868896,0.8999999761581421,0.8999999761581421,0.8999999761581421,5166
2021-07-15,1.0770000219345093,1.0770000219345093,0.8999999761581421,0.9570000171661377,0.9570000171661377,9749
2021-07-16,0.9810000061988831,1.0616999864578247,0.8999999761581421,0.935699999332428,0.935699999332428,17139
2021-07-19,0.7878000140190125,0.9300000071525574,0.5699999928474426,0.5699999928474426,0.5699999928474426,23877
2021-07-20,0.8535000085830688,0.8535000085830688,0.675000011920929,0.6963000297546387,0.6963000297546387,34229
2021-07-21,0.7793999910354614,0.8970000147819519,0.5130000114440918,0.5699999928474426,0.5699999928474426,78714
2021-07-22,0.6000000238418579,0.6000000238418579,0.5400000214576721,0.5550000071525574,0.5550000071525574,4033
2021-07-23,0.532800018787384,0.6299999952316284,0.532800018787384,0.5408999919891357,0.5408999919891357,9800
2021-07-26,0.6299999952316284,0.6299999952316284,0.5099999904632568,0.5099999904632568,0.5099999904632568,10641
2021-07-27,0.5550000071525574,0.5550000071525574,0.5400000214576721,0.5550000071525574,0.5550000071525574,94466
2021-07-28,0.6000000238418579,0.6660000085830688,0.6000000238418579,0.6660000085830688,0.6660000085830688,4183
2021-07-29,0.9148499965667725,0.9148499965667725,0.6000000238418579,0.6000000238418579,0.6000000238418579,3033
2021-07-30,0.7200000286102295,0.7200000286102295,0.5663999915122986,0.5663999915122986,0.5663999915122986,48324
2021-08-02,0.9330000281333923,0.9330000281333923,0.5831999778747559,0.5831999778747559,0.5831999778747559,517
2021-08-03,0.5429999828338623,0.6554999947547913,0.5099999904632568,0.6554999947547913,0.6554999947547913,34179
2021-08-04,0.7000499963760376,0.7000499963760376,0.5400000214576721,0.5773500204086304,0.5773500204086304,12199
2021-08-05,0.6000000238418579,0.6000000238418579,0.453000009059906,0.453000009059906,0.453000009059906,11666
2021-08-06,0.48660001158714294,0.5697000026702881,0.4652999937534332,0.5697000026702881,0.5697000026702881,5674
2021-08-09,0.46560001373291016,0.6000000238418579,0.4560000002384186,0.5769000053405762,0.5769000053405762,12961
2021-08-10,0.5766000151634216,0.5769000053405762,0.5249999761581421,0.5769000053405762,0.5769000053405762,10496
2021-08-11,0.5769000053405762,0.5769000053405762,0.5769000053405762,0.5769000053405762,0.5769000053405762,0
2021-08-12,0.5954999923706055,0.5954999923706055,0.3959999978542328,0.44999998807907104,0.44999998807907104,22519
2021-08-13,0.47999998927116394,0.5769000053405762,0.47999998927116394,0.5400000214576721,0.5400000214576721,13944
2021-08-16,0.5400000214576721,0.5400000214576721,0.5400000214576721,0.5400000214576721,0.5400000214576721,0
2021-08-17,0.48089998960494995,0.48089998960494995,0.375,0.4724999964237213,0.4724999964237213,14016
2021-08-18,0.41100001335144043,0.4650000035762787,0.38999998569488525,0.42899999022483826,0.42899999022483826,4798
2021-08-19,0.38999998569488525,0.3930000066757202,0.33390000462532043,0.3930000066757202,0.3930000066757202,10768
2021-08-20,0.44999998807907104,0.44999998807907104,0.33899998664855957,0.36000001430511475,0.36000001430511475,458
2021-08-23,0.33390000462532043,0.44999998807907104,0.33390000462532043,0.4050000011920929,0.4050000011920929,5847
2021-08-24,0.4050000011920929,0.4050000011920929,0.4050000011920929,0.4050000011920929,0.4050000011920929,0
2021-08-25,0.4050000011920929,0.41999998688697815,0.4050000011920929,0.41999998688697815,0.41999998688697815,6666
2021-08-26,0.44999998807907104,0.44999998807907104,0.44999998807907104,0.44999998807907104,0.44999998807907104,1893
2021-08-27,0.4203000068664551,0.44999998807907104,0.4203000068664551,0.44999998807907104,0.44999998807907104,1733
2021-08-30,0.5400000214576721,0.5805000066757202,0.44999998807907104,0.506850004196167,0.506850004196167,22433
2021-08-31,0.5637000203132629,0.5821499824523926,0.4034999907016754,0.5115000009536743,0.5115000009536743,11968
2021-09-01,0.5996999740600586,0.5996999740600586,0.5996999740600586,0.5996999740600586,0.5996999740600586,33
2021-09-02,0.5996999740600586,0.5996999740600586,0.5550000071525574,0.5960999727249146,0.5960999727249146,3788
2021-09-03,0.48030000925064087,0.5996999740600586,0.48030000925064087,0.5996999740600586,0.5996999740600586,10990
2021-09-07,0.6000000238418579,0.6000000238418579,0.5404499769210815,0.5404499769210815,0.5404499769210815,433
2021-09-08,0.5404499769210815,0.5404499769210815,0.5404499769210815,0.5404499769210815,0.5404499769210815,0
2021-09-09,0.48135000467300415,0.5253000259399414,0.48135000467300415,0.5253000259399414,0.5253000259399414,853
2021-09-10,0.5253000259399414,0.5253000259399414,0.5253000259399414,0.5253000259399414,0.5253000259399414,0
2021-09-13,0.5253000259399414,0.6000000238418579,0.4505999982357025,0.6000000238418579,0.6000000238418579,2833
2021-09-14,0.5400000214576721,0.6000000238418579,0.450300008058548,0.5267999768257141,0.5267999768257141,7948
2021-09-15,0.5400000214576721,0.5400000214576721,0.47099998593330383,0.47130000591278076,0.47130000591278076,2546
2021-09-16,0.47099998593330383,0.47099998593330383,0.47099998593330383,0.47099998593330383,0.47099998593330383,866
2021-09-17,0.5699999928474426,0.5699999928474426,0.5400000214576721,0.5400000214576721,0.5400000214576721,2096
2021-09-20,0.5400000214576721,0.5400000214576721,0.5400000214576721,0.5400000214576721,0.5400000214576721,0
2021-09-21,0.5400000214576721,0.5400000214576721,0.5400000214576721,0.5400000214576721,0.5400000214576721,0
2021-09-22,0.5400000214576721,0.5400000214576721,0.5400000214576721,0.5400000214576721,0.5400000214576721,0
2021-09-23,0.6000000238418579,0.6000000238418579,0.5354999899864197,0.5354999899864197,0.5354999899864197,1704
2021-09-24,0.599399983882904,0.6000000238418579,0.599399983882904,0.6000000238418579,0.6000000238418579,66
2021-09-27,0.599399983882904,0.599399983882904,0.4711500108242035,0.4711500108242035,0.4711500108242035,576
2021-09-28,0.4715999960899353,0.4715999960899353,0.47130000591278076,0.47130000591278076,0.47130000591278076,2500
2021-09-29,0.47130000591278076,0.4838699996471405,0.47099998593330383,0.4838699996471405,0.4838699996471405,6823
2021-09-30,0.4838699996471405,0.4838699996471405,0.4838699996471405,0.4838699996471405,0.4838699996471405,0
2021-10-01,0.4838699996471405,0.4838699996471405,0.4838699996471405,0.4838699996471405,0.4838699996471405,0
2021-10-04,0.46560001373291016,0.4659000039100647,0.46560001373291016,0.4659000039100647,0.4659000039100647,452
2021-10-05,0.44999998807907104,0.5249999761581421,0.4230000078678131,0.4230000078678131,0.4230000078678131,7795
2021-10-06,0.4230000078678131,0.4230000078678131,0.4230000078678131,0.4230000078678131,0.4230000078678131,0
2021-10-07,0.4230000078678131,0.4230000078678131,0.4230000078678131,0.4230000078678131,0.4230000078678131,0
2021-10-08,0.6000000238418579,0.6000000238418579,0.4369499981403351,0.5238000154495239,0.5238000154495239,5999
2021-10-11,0.5238000154495239,0.5238000154495239,0.5238000154495239,0.5238000154495239,0.5238000154495239,0
2021-10-12,0.5238000154495239,0.5238000154495239,0.5238000154495239,0.5238000154495239,0.5238000154495239,0
2021-10-13,0.4729500114917755,0.522599995136261,0.42329999804496765,0.522599995136261,0.522599995136261,2336
2021-10-14,0.5396999716758728,0.6000000238418579,0.5099999904632568,0.6000000238418579,0.6000000238418579,5866
2021-10-15,0.6000000238418579,0.6000000238418579,0.48899999260902405,0.48899999260902405,0.48899999260902405,17033
2021-10-18,0.5996999740600586,0.5996999740600586,0.515999972820282,0.515999972820282,0.515999972820282,723
2021-10-19,0.515999972820282,0.5580000281333923,0.515999972820282,0.5174999833106995,0.5174999833106995,11254
2021-10-20,0.43529999256134033,0.5699999928474426,0.3779999911785126,0.5697000026702881,0.5697000026702881,10813
2021-10-21,0.5396999716758728,0.5550000071525574,0.5396999716758728,0.5550000071525574,0.5550000071525574,66
2021-10-22,0.5550000071525574,0.5550000071525574,0.48750001192092896,0.5550000071525574,0.5550000071525574,3383
2021-10-25,0.5550000071525574,0.5550000071525574,0.5550000071525574,0.5550000071525574,0.5550000071525574,3367
2021-10-26,0.5550000071525574,0.5550000071525574,0.5550000071525574,0.5550000071525574,0.5550000071525574,5525
2021-10-27,0.5550000071525574,0.5550000071525574,0.5550000071525574,0.5550000071525574,0.5550000071525574,0
2021-10-28,0.5550000071525574,0.5550000071525574,0.5550000071525574,0.5550000071525574,0.5550000071525574,0
2021-10-29,0.5249999761581421,0.5550000071525574,0.5249999761581421,0.5550000071525574,0.5550000071525574,300
2021-11-01,0.5550000071525574,0.5550000071525574,0.5550000071525574,0.5550000071525574,0.5550000071525574,0
2021-11-02,0.47999998927116394,0.47999998927116394,0.47999998927116394,0.47999998927116394,0.47999998927116394,200
2021-11-03,0.5550000071525574,0.5550000071525574,0.47999998927116394,0.47999998927116394,0.47999998927116394,370
2021-11-04,0.43619999289512634,0.43619999289512634,0.43619999289512634,0.43619999289512634,0.43619999289512634,1226
2021-11-05,0.43619999289512634,0.43619999289512634,0.43619999289512634,0.43619999289512634,0.43619999289512634,0
2021-11-08,0.47999998927116394,0.5099999904632568,0.47999998927116394,0.5099999904632568,0.5099999904632568,300
2021-11-09,0.5099999904632568,0.5099999904632568,0.5099999904632568,0.5099999904632568,0.5099999904632568,33
2021-11-10,0.48750001192092896,0.48750001192092896,0.33000001311302185,0.33000001311302185,0.33000001311302185,23935
2021-11-11,0.33000001311302185,0.47999998927116394,0.33000001311302185,0.47999998927116394,0.47999998927116394,3266
2021-11-12,0.47999998927116394,0.47999998927116394,0.47999998927116394,0.47999998927116394,0.47999998927116394,0
2021-11-15,0.5511000156402588,0.5511000156402588,0.4724400043487549,0.5400000214576721,0.5400000214576721,2222
2021-11-16,0.41999998688697815,0.5156999826431274,0.41999998688697815,0.47999998927116394,0.47999998927116394,6683
2021-11-17,0.5393999814987183,0.5514000058174133,0.5393999814987183,0.5514000058174133,0.5514000058174133,3487
2021-11-18,0.521399974822998,0.521399974822998,0.521399974822998,0.521399974822998,0.521399974822998,906
2021-11-19,0.521399974822998,0.521399974822998,0.521399974822998,0.521399974822998,0.521399974822998,0
2021-11-22,0.5511000156402588,0.5511000156402588,0.515999972820282,0.5220000147819519,0.5220000147819519,1766
2021-11-23,0.515999972820282,0.5220000147819519,0.4805999994277954,0.4805999994277954,0.4805999994277954,3233
2021-11-24,0.5099999904632568,0.5393999814987183,0.4650000035762787,0.4650000035762787,0.4650000035762787,6264
2021-11-26,0.47999998927116394,0.6000000238418579,0.47999998927116394,0.6000000238418579,0.6000000238418579,15561
2021-11-29,0.5099999904632568,0.5099999904632568,0.4950000047683716,0.5099999904632568,0.5099999904632568,35820
2021-11-30,0.5099999904632568,0.5099999904632568,0.5099999904632568,0.5099999904632568,0.5099999904632568,0
2021-12-01,0.6000000238418579,0.6000000238418579,0.6000000238418579,0.6000000238418579,0.6000000238418579,6483
2021-12-02,0.6000000238418579,0.6000000238418579,0.6000000238418579,0.6000000238418579,0.6000000238418579,0
2021-12-03,0.7208999991416931,0.7208999991416931,0.7208999991416931,0.7208999991416931,0.7208999991416931,166
2021-12-06,0.7208999991416931,0.7208999991416931,0.7208999991416931,0.7208999991416931,0.7208999991416931,0
2021-12-07,0.7208999991416931,0.7208999991416931,0.7208999991416931,0.7208999991416931,0.7208999991416931,0
2021-12-08,0.7208999991416931,0.7208999991416931,0.7208999991416931,0.7208999991416931,0.7208999991416931,0
2021-12-09,0.5633999705314636,0.5633999705314636,0.5370000004768372,0.5511000156402588,0.5511000156402588,5879
2021-12-10,0.5099999904632568,0.713100016117096,0.5099999904632568,0.713100016117096,0.713100016117096,11357
2021-12-13,0.7196999788284302,1.649999976158142,0.5400000214576721,0.5400000214576721,0.5400000214576721,17565
2021-12-14,0.6299999952316284,0.7200000286102295,0.6299999952316284,0.7200000286102295,0.7200000286102295,2276
2021-12-15,0.5400000214576721,0.6000000238418579,0.5400000214576721,0.6000000238418579,0.6000000238418579,4772
2021-12-16,0.6000000238418579,0.6000000238418579,0.6000000238418579,0.6000000238418579,0.6000000238418579,0
2021-12-17,0.6000000238418579,0.6000000238418579,0.6000000238418579,0.6000000238418579,0.6000000238418579,0
2021-12-20,0.5099999904632568,0.5099999904632568,0.5099999904632568,0.5099999904632568,0.5099999904632568,185
2021-12-21,0.5099999904632568,0.5099999904632568,0.5099999904632568,0.5099999904632568,0.5099999904632568,428
2021-12-22,0.5996999740600586,0.6000000238418579,0.5699999928474426,0.5699999928474426,0.5699999928474426,490
2021-12-23,0.36570000648498535,0.5181000232696533,0.36570000648498535,0.47999998927116394,0.47999998927116394,666
2021-12-27,0.450300008058548,0.450300008058548,0.450300008058548,0.450300008058548,0.450300008058548,733
2021-12-28,0.450300008058548,0.450300008058548,0.450300008058548,0.450300008058548,0.450300008058548,0
2021-12-29,0.45750001072883606,0.45750001072883606,0.45750001072883606,0.45750001072883606,0.45750001072883606,500
2021-12-30,0.45750001072883606,0.45750001072883606,0.45750001072883606,0.45750001072883606,0.45750001072883606,350
2021-12-31,0.4620000123977661,0.4620000123977661,0.4350000023841858,0.45750001072883606,0.45750001072883606,32736
2022-01-03,0.4050000011920929,0.4050000011920929,0.4050000011920929,0.4050000011920929,0.4050000011920929,8633
2022-01-04,0.375,0.375,0.36000001430511475,0.36000001430511475,0.36000001430511475,8949
2022-01-05,0.3449999988079071,0.3659999966621399,0.3449999988079071,0.3644999861717224,0.3644999861717224,13959
2022-01-06,0.40290001034736633,0.6104999780654907,0.3149999976158142,0.6000000238418579,0.6000000238418579,43097
2022-01-07,0.6000000238418579,0.6000000238418579,0.6000000238418579,0.6000000238418579,0.6000000238418579,0
2022-01-10,0.5699999928474426,0.5910000205039978,0.5249999761581421,0.5249999761581421,0.5249999761581421,2163
2022-01-11,0.41999998688697815,0.41999998688697815,0.41999998688697815,0.41999998688697815,0.41999998688697815,1345
2022-01-12,0.44999998807907104,0.44999998807907104,0.44999998807907104,0.44999998807907104,0.44999998807907104,343
2022-01-13,0.5699999928474426,0.6000000238418579,0.4205999970436096,0.4205999970436096,0.4205999970436096,1350
2022-01-14,0.6000000238418579,0.6000000238418579,0.49230000376701355,0.5699999928474426,0.5699999928474426,1283
2022-01-18,0.5699999928474426,0.6000000238418579,0.5699999928474426,0.6000000238418579,0.6000000238418579,2633
2022-01-19,0.48750001192092896,0.6000000238418579,0.44999998807907104,0.47999998927116394,0.47999998927116394,2592
2022-01-20,0.5024999976158142,0.6000000238418579,0.5009999871253967,0.6000000238418579,0.6000000238418579,11686
2022-01-21,0.6000000238418579,0.6000000238418579,0.6000000238418579,0.6000000238418579,0.6000000238418579,0
2022-01-24,0.6000000238418579,0.6000000238418579,0.5336999893188477,0.5400000214576721,0.5400000214576721,6923
2022-01-25,0.5400000214576721,0.5400000214576721,0.44999998807907104,0.5249999761581421,0.5249999761581421,3333
2022-01-26,0.5249999761581421,0.5249999761581421,0.5099999904632568,0.5099999904632568,0.5099999904632568,2000
2022-01-27,0.5099999904632568,0.5099999904632568,0.5099999904632568,0.5099999904632568,0.5099999904632568,0
2022-01-28,0.44999998807907104,0.4650000035762787,0.44999998807907104,0.4650000035762787,0.4650000035762787,18260
2022-01-31,0.6000000238418579,0.6000000238418579,0.6000000238418579,0.6000000238418579,0.6000000238418579,66
2022-02-01,0.5400000214576721,0.6000000238418579,0.5040000081062317,0.5099999904632568,0.5099999904632568,21741
2022-02-02,0.6000000238418579,0.6000000238418579,0.4860000014305115,0.6000000238418579,0.6000000238418579,20077
2022-02-03,0.5699999928474426,0.5699999928474426,0.5699999928474426,0.5699999928474426,0.5699999928474426,3000
2022-02-04,0.5699999928474426,0.5699999928474426,0.5699999928474426,0.5699999928474426,0.5699999928474426,0
2022-02-07,0.44999998807907104,0.6000000238418579,0.44999998807907104,0.6000000238418579,0.6000000238418579,5193
2022-02-08,0.6000000238418579,0.6000000238418579,0.44999998807907104,0.6000000238418579,0.6000000238418579,3448
2022-02-09,0.6000000238418579,0.6000000238418579,0.5400000214576721,0.6000000238418579,0.6000000238418579,11966
2022-02-10,0.6000000238418579,0.6000000238418579,0.4650000035762787,0.4650000035762787,0.4650000035762787,3333
2022-02-11,0.6000000238418579,0.6000000238418579,0.5325000286102295,0.6000000238418579,0.6000000238418579,1933
2022-02-14,0.5766000151634216,0.6000000238418579,0.4659000039100647,0.4659000039100647,0.4659000039100647,450
2022-02-15,0.4659000039100647,0.4659000039100647,0.4659000039100647,0.4659000039100647,0.4659000039100647,0
2022-02-16,0.4650000035762787,0.4659000039100647,0.44999998807907104,0.44999998807907104,0.44999998807907104,6432
2022-02-17,0.5699999928474426,0.5996999740600586,0.450300008058548,0.5996999740600586,0.5996999740600586,4056
2022-02-18,0.5400000214576721,0.6000000238418579,0.5400000214576721,0.5924999713897705,0.5924999713897705,20844
2022-02-22,0.5699999928474426,0.5699999928474426,0.5699999928474426,0.5699999928474426,0.5699999928474426,685
2022-02-23,0.5699999928474426,0.5699999928474426,0.5400000214576721,0.5400000214576721,0.5400000214576721,4773
2022-02-24,0.5249999761581421,0.5249999761581421,0.5099999904632568,0.5099999904632568,0.5099999904632568,3833
2022-02-25,0.6000000238418579,0.6000000238418579,0.5048999786376953,0.5048999786376953,0.5048999786376953,1000
2022-02-28,0.5045999884605408,0.5400000214576721,0.4650000035762787,0.5115000009536743,0.5115000009536743,12953
2022-03-01,0.5249999761581421,0.5249999761581421,0.5249999761581421,0.5249999761581421,0.5249999761581421,1666
2022-03-02,0.5249999761581421,0.5249999761581421,0.5249999761581421,0.5249999761581421,0.5249999761581421,0
2022-03-03,0.6000000238418579,0.6000000238418579,0.44999998807907104,0.44999998807907104,0.44999998807907104,18389
2022-03-04,0.44999998807907104,0.5849999785423279,0.44999998807907104,0.44999998807907104,0.44999998807907104,36566
2022-03-07,0.44999998807907104,0.5699999928474426,0.4350000023841858,0.4350000023841858,0.4350000023841858,6995
2022-03-08,0.4350000023841858,0.4350000023841858,0.4350000023841858,0.4350000023841858,0.4350000023841858,0
2022-03-09,0.4350000023841858,0.5130000114440918,0.4350000023841858,0.5130000114440918,0.5130000114440918,3000
2022-03-10,0.5099999904632568,0.5462999939918518,0.4350000023841858,0.5462999939918518,0.5462999939918518,7948
2022-03-11,0.5580000281333923,0.5609999895095825,0.5076000094413757,0.5076000094413757,0.5076000094413757,9699
2022-03-14,0.49950000643730164,0.49950000643730164,0.4650000035762787,0.47745001316070557,0.47745001316070557,10961
2022-03-15,0.4431000053882599,0.44999998807907104,0.4350000023841858,0.44999998807907104,0.44999998807907104,9663
2022-03-16,0.41999998688697815,0.41999998688697815,0.41999998688697815,0.41999998688697815,0.41999998688697815,200
2022-03-17,0.48135000467300415,0.48135000467300415,0.47999998927116394,0.47999998927116394,0.47999998927116394,2296
2022-03-18,0.46334999799728394,0.46334999799728394,0.44999998807907104,0.44999998807907104,0.44999998807907104,930
2022-03-21,0.45509999990463257,0.5529000163078308,0.41999998688697815,0.5529000163078308,0.5529000163078308,22454
2022-03-22,0.5315999984741211,0.5396999716758728,0.5315999984741211,0.5396999716758728,0.5396999716758728,1733
2022-03-23,0.4350000023841858,0.5099999904632568,0.4350000023841858,0.4722000062465668,0.4722000062465668,11746
2022-03-24,0.49845001101493835,0.49845001101493835,0.4830000102519989,0.4830000102519989,0.4830000102519989,2233
2022-03-25,0.5084999799728394,0.5084999799728394,0.5084999799728394,0.5084999799728394,0.5084999799728394,50
2022-03-28,0.5084999799728394,0.5084999799728394,0.5084999799728394,0.5084999799728394,0.5084999799728394,0
2022-03-29,0.44999998807907104,0.44999998807907104,0.44999998807907104,0.44999998807907104,0.44999998807907104,3000
2022-03-30,0.44999998807907104,0.44999998807907104,0.44999998807907104,0.44999998807907104,0.44999998807907104,0
2022-03-31,0.4650000035762787,0.4650000035762787,0.4650000035762787,0.4650000035762787,0.4650000035762787,1333
2022-04-01,0.44999998807907104,0.5400000214576721,0.41999998688697815,0.4650000035762787,0.4650000035762787,21255
2022-04-04,0.5547000169754028,0.5547000169754028,0.47999998927116394,0.47999998927116394,0.47999998927116394,18329
2022-04-05,0.5115000009536743,0.5396999716758728,0.47999998927116394,0.47999998927116394,0.47999998927116394,20184
2022-04-06,0.44999998807907104,0.44999998807907104,0.44999998807907104,0.44999998807907104,0.44999998807907104,333
2022-04-07,0.4650000035762787,0.4650000035762787,0.41999998688697815,0.41999998688697815,0.41999998688697815,4011
2022-04-08,0.41999998688697815,0.41999998688697815,0.41999998688697815,0.41999998688697815,0.41999998688697815,0
2022-04-11,0.5400000214576721,0.5400000214576721,0.44999998807907104,0.47999998927116394,0.47999998927116394,8766
2022-04-12,0.47999998927116394,0.47999998927116394,0.47999998927116394,0.47999998927116394,0.47999998927116394,0
2022-04-13,0.43799999356269836,0.5099999904632568,0.41999998688697815,0.47040000557899475,0.47040000557899475,12299
2022-04-14,0.41999998688697815,0.4259999990463257,0.41999998688697815,0.4259999990463257,0.4259999990463257,6533
2022-04-18,0.41999998688697815,0.46650001406669617,0.41999998688697815,0.4350000023841858,0.4350000023841858,9999
2022-04-19,0.5084999799728394,0.5099999904632568,0.44999998807907104,0.5099999904632568,0.5099999904632568,22204
2022-04-20,0.41999998688697815,0.4424999952316284,0.41999998688697815,0.43560001254081726,0.43560001254081726,4666
2022-04-21,0.4424999952316284,0.4424999952316284,0.41999998688697815,0.41999998688697815,0.41999998688697815,12999
2022-04-22,0.5249999761581421,0.5249999761581421,0.47189998626708984,0.5099999904632568,0.5099999904632568,1866
2022-04-25,0.41999998688697815,0.41999998688697815,0.4124999940395355,0.41999998688697815,0.41999998688697815,7766
2022-04-26,0.4050000011920929,0.4050000011920929,0.38999998569488525,0.4050000011920929,0.4050000011920929,4666
2022-04-27,0.38999998569488525,0.41999998688697815,0.0333000011742115,0.41999998688697815,0.41999998688697815,22799
2022-04-28,0.36059999465942383,0.36059999465942383,0.36000001430511475,0.36000001430511475,0.36000001430511475,1666
2022-04-29,0.3630000054836273,0.3630000054836273,0.3630000054836273,0.3630000054836273,0.3630000054836273,3333
2022-05-02,0.3630000054836273,0.3630000054836273,0.3630000054836273,0.3630000054836273,0.3630000054836273,0
2022-05-03,0.38999998569488525,0.39351001381874084,0.38999998569488525,0.39351001381874084,0.39351001381874084,991
2022-05-04,0.33869999647140503,0.40139999985694885,0.33869999647140503,0.35954999923706055,0.35954999923706055,8238
2022-05-05,0.3610199987888336,0.3610199987888336,0.36000001430511475,0.36000001430511475,0.36000001430511475,9099
2022-05-06,0.35778000950813293,0.44940000772476196,0.35778000950813293,0.44940000772476196,0.44940000772476196,13266
2022-05-09,0.3944399952888489,0.41999998688697815,0.3057299852371216,0.41909998655319214,0.41909998655319214,27130
2022-05-10,0.36000001430511475,0.3682200014591217,0.36000001430511475,0.3650699853897095,0.3650699853897095,3666
2022-05-11,0.38999998569488525,0.38999998569488525,0.38999998569488525,0.38999998569488525,0.38999998569488525,1666
2022-05-12,0.3398999869823456,0.44940000772476196,0.3398999869823456,0.44909998774528503,0.44909998774528503,6018
2022-05-13,0.36000001430511475,0.36000001430511475,0.350849986076355,0.36000001430511475,0.36000001430511475,5631
2022-05-16,0.3539699912071228,0.41999998688697815,0.3539699912071228,0.41999998688697815,0.41999998688697815,17133
2022-05-17,0.41999998688697815,0.41999998688697815,0.41999998688697815,0.41999998688697815,0.41999998688697815,0
2022-05-18,0.34731000661849976,0.3659999966621399,0.34731000661849976,0.36000001430511475,0.36000001430511475,7666
2022-05-19,0.3596999943256378,0.36000001430511475,0.35249999165534973,0.35249999165534973,0.35249999165534973,11666
2022-05-20,0.3690299987792969,0.3690299987792969,0.3690299987792969,0.3690299987792969,0.3690299987792969,7633
2022-05-23,0.41999998688697815,0.41999998688697815,0.41999998688697815,0.41999998688697815,0.41999998688697815,1066
2022-05-24,0.41999998688697815,0.41999998688697815,0.41999998688697815,0.41999998688697815,0.41999998688697815,1666
2022-05-25,0.36000001430511475,0.36000001430511475,0.15000000596046448,0.3122999966144562,0.3122999966144562,16498
2022-05-26,0.33000001311302185,0.3630000054836273,0.33000001311302185,0.3598499894142151,0.3598499894142151,16333
2022-05-27,0.4050000011920929,0.44999998807907104,0.4050000011920929,0.41999998688697815,0.41999998688697815,41516
2022-05-31,0.39965999126434326,0.39965999126434326,0.39965999126434326,0.39965999126434326,0.39965999126434326,666
2022-06-01,0.38429999351501465,0.38429999351501465,0.38429999351501465,0.38429999351501465,0.38429999351501465,1683
2022-06-02,0.44999998807907104,0.44999998807907104,0.2738400101661682,0.41999998688697815,0.41999998688697815,41415
2022-06-03,0.41999998688697815,0.41999998688697815,0.41999998688697815,0.41999998688697815,0.41999998688697815,1000
2022-06-06,0.33059999346733093,0.414000004529953,0.33059999346733093,0.38999998569488525,0.38999998569488525,3250
2022-06-07,0.38999998569488525,0.38999998569488525,0.38999998569488525,0.38999998569488525,0.38999998569488525,0
2022-06-08,0.40799999237060547,0.40799999237060547,0.38999998569488525,0.38999998569488525,0.38999998569488525,3666
2022-06-09,0.3716999888420105,0.38999998569488525,0.3716999888420105,0.3869999945163727,0.3869999945163727,4666
2022-06-10,0.10530000180006027,0.38999998569488525,0.10530000180006027,0.38999998569488525,0.38999998569488525,37778
2022-06-13,0.3596999943256378,0.3596999943256378,0.3596999943256378,0.3596999943256378,0.3596999943256378,1000
2022-06-14,0.38999998569488525,0.38999998569488525,0.27300000190734863,0.30000001192092896,0.30000001192092896,21237
2022-06-15,0.3675000071525574,0.3675000071525574,0.36000001430511475,0.36000001430511475,0.36000001430511475,5166
2022-06-16,0.31007999181747437,0.42750000953674316,0.30000001192092896,0.30000001192092896,0.30000001192092896,28546
2022-06-17,0.30000001192092896,0.33000001311302185,0.27000001072883606,0.27000001072883606,0.27000001072883606,7999
2022-06-21,0.2549999952316284,0.33000001311302185,0.2549999952316284,0.33000001311302185,0.33000001311302185,10590
2022-06-22,0.3123300075531006,0.3123300075531006,0.30941998958587646,0.30941998958587646,0.30941998958587646,3500
2022-06-23,0.30000001192092896,0.3149999976158142,0.29159998893737793,0.30000001192092896,0.30000001192092896,11933
2022-06-24,0.30000001192092896,0.33000001311302185,0.30000001192092896,0.33000001311302185,0.33000001311302185,8446
2022-06-27,0.33000001311302185,0.33000001311302185,0.33000001311302185,0.33000001311302185,0.33000001311302185,0
2022-06-28,0.30000001192092896,0.30000001192092896,0.23999999463558197,0.23999999463558197,0.23999999463558197,14553
2022-06-29,0.23999999463558197,0.23999999463558197,0.23999999463558197,0.23999999463558197,0.23999999463558197,0
2022-06-30,0.23999999463558197,0.30000001192092896,0.19709999859333038,0.30000001192092896,0.30000001192092896,17306
2022-07-01,0.16500000655651093,0.16500000655651093,0.16500000655651093,0.16500000655651093,0.16500000655651093,14999
2022-07-05,0.30000001192092896,0.4796999990940094,0.19499999284744263,0.20999999344348907,0.20999999344348907,17324
2022-07-06,0.20999999344348907,0.20999999344348907,0.20999999344348907,0.20999999344348907,0.20999999344348907,0
2022-07-07,0.299699991941452,0.299699991941452,0.22290000319480896,0.22290000319480896,0.22290000319480896,6833
2022-07-08,0.21653999388217926,0.21653999388217926,0.21653999388217926,0.21653999388217926,0.21653999388217926,3333
2022-07-11,0.23999999463558197,0.23999999463558197,0.13529999554157257,0.2198999971151352,0.2198999971151352,3670
2022-07-12,0.20186999440193176,0.20186999440193176,0.1875,0.1875,0.1875,4833
2022-07-13,0.18000000715255737,0.18000000715255737,0.18000000715255737,0.18000000715255737,0.18000000715255737,1366
2022-07-14,0.18000000715255737,0.18000000715255737,0.17100000381469727,0.17100000381469727,0.17100000381469727,6999
2022-07-15,0.18000000715255737,0.18000000715255737,0.17970000207424164,0.17970000207424164,0.17970000207424164,1016
2022-07-18,0.1728000044822693,0.1728000044822693,0.1728000044822693,0.1728000044822693,0.1728000044822693,33
2022-07-19,0.1656000018119812,0.18000000715255737,0.13500000536441803,0.18000000715255737,0.18000000715255737,5000
2022-07-20,0.13529999554157257,0.1793999969959259,0.13529999554157257,0.1793999969959259,0.1793999969959259,500
2022-07-21,0.18000000715255737,0.20999999344348907,0.18000000715255737,0.20999999344348907,0.20999999344348907,12249
2022-07-22,0.18000000715255737,0.22499999403953552,0.18000000715255737,0.22499999403953552,0.22499999403953552,19335
2022-07-25,0.20970000326633453,0.3882000148296356,0.20970000326633453,0.2849999964237213,0.2849999964237213,6262
2022-07-26,0.20909999310970306,0.20999999344348907,0.1851000040769577,0.19499999284744263,0.19499999284744263,16899
2022-07-27,0.18060000240802765,0.18060000240802765,0.18060000240802765,0.18060000240802765,0.18060000240802765,1023
2022-07-28,0.21150000393390656,0.21150000393390656,0.19499999284744263,0.19499999284744263,0.19499999284744263,1668
2022-07-29,0.30000001192092896,0.30000001192092896,0.19499999284744263,0.2746500074863434,0.2746500074863434,4000
2022-08-01,0.44999998807907104,0.44999998807907104,0.29100000858306885,0.4350000023841858,0.4350000023841858,12099
2022-08-02,0.44999998807907104,0.44999998807907104,0.27000001072883606,0.29249998927116394,0.29249998927116394,22218
2022-08-03,0.38999998569488525,0.38999998569488525,0.29249998927116394,0.29249998927116394,0.29249998927116394,9033
2022-08-04,0.31755000352859497,0.4796999990940094,0.31755000352859497,0.33000001311302185,0.33000001311302185,19197
2022-08-05,0.33000001311302185,0.33000001311302185,0.33000001311302185,0.33000001311302185,0.33000001311302185,218
2022-08-08,0.3822000026702881,0.3822000026702881,0.29249998927116394,0.29249998927116394,0.29249998927116394,6711
2022-08-09,0.29249998927116394,0.29249998927116394,0.29249998927116394,0.29249998927116394,0.29249998927116394,0
2022-08-10,0.38429999351501465,0.41999998688697815,0.38429999351501465,0.38429999351501465,0.38429999351501465,16434
2022-08-11,0.3909899890422821,0.4177500009536743,0.3909899890422821,0.39149999618530273,0.39149999618530273,993
2022-08-12,0.38999998569488525,0.38999998569488525,0.36000001430511475,0.36000001430511475,0.36000001430511475,7208
2022-08-15,0.4178999960422516,0.4178999960422516,0.4178999960422516,0.4178999960422516,0.4178999960422516,613
2022-08-16,0.3603900074958801,0.3603900074958801,0.36000001430511475,0.36000001430511475,0.36000001430511475,5166
2022-08-17,0.3630000054836273,0.3630000054836273,0.36000001430511475,0.36000001430511475,0.36000001430511475,3066
2022-08-18,0.38670000433921814,0.4796999990940094,0.35844001173973083,0.376800000667572,0.376800000667572,27684
2022-08-19,0.37290000915527344,0.37487998604774475,0.37290000915527344,0.37487998604774475,0.37487998604774475,75
2022-08-22,0.19499999284744263,0.36000001430511475,0.19499999284744263,0.36000001430511475,0.36000001430511475,27579
2022-08-23,0.33000001311302185,0.38999998569488525,0.33000001311302185,0.3630000054836273,0.3630000054836273,13802
2022-08-24,0.3720000088214874,0.3720000088214874,0.3691500127315521,0.3720000088214874,0.3720000088214874,4886
2022-08-25,0.3596999943256378,0.3649500012397766,0.33059999346733093,0.34529998898506165,0.34529998898506165,816
2022-08-26,0.34529998898506165,0.3594000041484833,0.2651999890804291,0.2651999890804291,0.2651999890804291,8095
2022-08-29,0.2442599982023239,0.33000001311302185,0.23276999592781067,0.285180002450943,0.285180002450943,9369
2022-08-30,0.28529998660087585,0.30000001192092896,0.2732999920845032,0.2732999920845032,0.2732999920845032,4866
2022-08-31,0.2732999920845032,0.2732999920845032,0.2732999920845032,0.2732999920845032,0.2732999920845032,0
2022-09-01,0.24330000579357147,0.30000001192092896,0.24330000579357147,0.30000001192092896,0.30000001192092896,5333
2022-09-02,0.37490999698638916,0.4796999990940094,0.2345999926328659,0.30000001192092896,0.30000001192092896,11499
2022-09-06,0.3492000102996826,0.3492000102996826,0.243599995970726,0.243599995970726,0.243599995970726,7149
2022-09-07,0.2102999985218048,0.3131999969482422,0.2102999985218048,0.3131999969482422,0.3131999969482422,6999
2022-09-08,0.3131999969482422,0.3131999969482422,0.3131999969482422,0.3131999969482422,0.3131999969482422,0
2022-09-09,0.31709998846054077,0.36000001430511475,0.226500004529953,0.36000001430511475,0.36000001430511475,2953
2022-09-12,0.35850000381469727,0.38999998569488525,0.241799995303154,0.241799995303154,0.241799995303154,6499
2022-09-13,0.241799995303154,0.241799995303154,0.241799995303154,0.241799995303154,0.241799995303154,0
2022-09-14,0.34755000472068787,0.34769999980926514,0.20999999344348907,0.3449999988079071,0.3449999988079071,12006
2022-09-15,0.34709998965263367,0.35280001163482666,0.34709998965263367,0.35280001163482666,0.35280001163482666,1000
2022-09-16,0.35280001163482666,0.35280001163482666,0.35280001163482666,0.35280001163482666,0.35280001163482666,0
2022-09-19,0.3492000102996826,0.3492000102996826,0.3492000102996826,0.3492000102996826,0.3492000102996826,667
2022-09-20,0.3492000102996826,0.3492000102996826,0.3492000102996826,0.3492000102996826,0.3492000102996826,0
2022-09-21,0.3416999876499176,0.3416999876499176,0.3149999976158142,0.3149999976158142,0.3149999976158142,1336
2022-09-22,0.3149999976158142,0.3149999976158142,0.19949999451637268,0.3149999976158142,0.3149999976158142,8666
2022-09-23,0.3149999976158142,0.3149999976158142,0.3149999976158142,0.3149999976158142,0.3149999976158142,0
2022-09-26,0.3149999976158142,0.3149999976158142,0.3149999976158142,0.3149999976158142,0.3149999976158142,5000
2022-09-27,0.3149999976158142,0.3149999976158142,0.3149999976158142,0.3149999976158142,0.3149999976158142,0
2022-09-28,0.19529999792575836,0.23010000586509705,0.18000000715255737,0.18000000715255737,0.18000000715255737,12433
2022-09-29,0.20999999344348907,0.20999999344348907,0.20999999344348907,0.20999999344348907,0.20999999344348907,2873
2022-09-30,0.20999999344348907,0.5849999785423279,0.20999999344348907,0.5849999785423279,0.5849999785423279,483
2022-10-03,0.20999999344348907,0.20999999344348907,0.18000000715255737,0.18000000715255737,0.18000000715255737,2488
2022-10-04,0.18000000715255737,0.18000000715255737,0.18000000715255737,0.18000000715255737,0.18000000715255737,0
2022-10-05,0.18000000715255737,0.18000000715255737,0.18000000715255737,0.18000000715255737,0.18000000715255737,330
2022-10-06,0.19499999284744263,0.19499999284744263,0.1860000044107437,0.1860000044107437,0.1860000044107437,2500
2022-10-07,0.1860000044107437,0.1860000044107437,0.1860000044107437,0.1860000044107437,0.1860000044107437,0
2022-10-10,0.1889999955892563,0.19499999284744263,0.18060000240802765,0.19499999284744263,0.19499999284744263,3416
2022-10-11,0.19499999284744263,0.19499999284744263,0.19499999284744263,0.19499999284744263,0.19499999284744263,0
2022-10-12,0.19499999284744263,0.19499999284744263,0.19499999284744263,0.19499999284744263,0.19499999284744263,0
2022-10-13,0.19499999284744263,0.19499999284744263,0.19499999284744263,0.19499999284744263,0.19499999284744263,0
2022-10-14,0.19499999284744263,0.19499999284744263,0.19499999284744263,0.19499999284744263,0.19499999284744263,0
2022-10-17,0.19499999284744263,0.19499999284744263,0.19499999284744263,0.19499999284744263,0.19499999284744263,0
2022-10-18,0.19499999284744263,0.19499999284744263,0.19499999284744263,0.19499999284744263,0.19499999284744263,0
2022-10-19,0.19499999284744263,0.19499999284744263,0.19499999284744263,0.19499999284744263,0.19499999284744263,0
2022-10-20,0.30000001192092896,0.3384000062942505,0.30000001192092896,0.3384000062942505,0.3384000062942505,6916
2022-10-21,0.36000001430511475,0.36000001430511475,0.33000001311302185,0.33000001311302185,0.33000001311302185,8983
2022-10-24,0.33000001311302185,0.33000001311302185,0.33000001311302185,0.33000001311302185,0.33000001311302185,400
2022-10-25,0.33000001311302185,0.33000001311302185,0.33000001311302185,0.33000001311302185,0.33000001311302185,0
2022-10-26,0.23280000686645508,0.23639999330043793,0.23280000686645508,0.23639999330043793,0.23639999330043793,5039
2022-10-27,0.23639999330043793,0.23639999330043793,0.23639999330043793,0.23639999330043793,0.23639999330043793,0
2022-10-28,0.23639999330043793,0.23639999330043793,0.23639999330043793,0.23639999330043793,0.23639999330043793,0
2022-10-31,0.23639999330043793,0.23639999330043793,0.23639999330043793,0.23639999330043793,0.23639999330043793,0
2022-11-01,0.23639999330043793,0.23639999330043793,0.23639999330043793,0.23639999330043793,0.23639999330043793,0
2022-11-02,0.23639999330043793,0.23639999330043793,0.23639999330043793,0.23639999330043793,0.23639999330043793,0
2022-11-03,0.23639999330043793,0.23639999330043793,0.23639999330043793,0.23639999330043793,0.23639999330043793,0
2022-11-04,0.23759999871253967,0.30000001192092896,0.23759999871253967,0.30000001192092896,0.30000001192092896,166
2022-11-07,0.1875,0.27000001072883606,0.1875,0.23729999363422394,0.23729999363422394,3783
2022-11-08,0.23729999363422394,0.23729999363422394,0.23729999363422394,0.23729999363422394,0.23729999363422394,0
2022-11-09,0.23729999363422394,0.23729999363422394,0.23729999363422394,0.23729999363422394,0.23729999363422394,0
2022-11-10,0.5699999928474426,0.5699999928474426,0.20250000059604645,0.23909999430179596,0.23909999430179596,9313
2022-11-11,0.23909999430179596,0.23909999430179596,0.23909999430179596,0.23909999430179596,0.23909999430179596,0
2022-11-14,0.23909999430179596,0.23909999430179596,0.23909999430179596,0.23909999430179596,0.23909999430179596,0
2022-11-15,0.23909999430179596,0.23909999430179596,0.23909999430179596,0.23909999430179596,0.23909999430179596,0
2022-11-16,0.23909999430179596,0.23909999430179596,0.23909999430179596,0.23909999430179596,0.23909999430179596,0
2022-11-17,0.23909999430179596,0.23909999430179596,0.23909999430179596,0.23909999430179596,0.23909999430179596,0
2022-11-18,0.23909999430179596,0.23909999430179596,0.23909999430179596,0.23909999430179596,0.23909999430179596,0
2022-11-21,0.20999999344348907,0.20999999344348907,0.11999999731779099,0.11999999731779099,0.11999999731779099,22611
2022-11-22,0.11999999731779099,0.11999999731779099,0.11999999731779099,0.11999999731779099,0.11999999731779099,0
2022-11-23,0.12555000185966492,0.14970000088214874,0.11999999731779099,0.11999999731779099,0.11999999731779099,13111
2022-11-25,0.13830000162124634,0.23999999463558197,0.13079999387264252,0.13079999387264252,0.13079999387264252,5999
2022-11-28,0.13079999387264252,0.13079999387264252,0.13079999387264252,0.13079999387264252,0.13079999387264252,0
2022-11-29,0.08460000157356262,0.23999999463558197,0.08460000157356262,0.20999999344348907,0.20999999344348907,10294
2022-11-30,0.20999999344348907,0.20999999344348907,0.20999999344348907,0.20999999344348907,0.20999999344348907,0
2022-12-01,0.20999999344348907,0.20999999344348907,0.20999999344348907,0.20999999344348907,0.20999999344348907,33
2022-12-02,0.20999999344348907,0.20999999344348907,0.20999999344348907,0.20999999344348907,0.20999999344348907,0
2022-12-05,0.1080000028014183,0.18000000715255737,0.1080000028014183,0.18000000715255737,0.18000000715255737,8018
2022-12-06,0.30000001192092896,0.33000001311302185,0.30000001192092896,0.33000001311302185,0.33000001311302185,6799
2022-12-07,0.33000001311302185,0.33000001311302185,0.33000001311302185,0.33000001311302185,0.33000001311302185,0
2022-12-08,0.23999999463558197,0.33000001311302185,0.23999999463558197,0.33000001311302185,0.33000001311302185,3333
2022-12-09,0.33000001311302185,0.33000001311302185,0.33000001311302185,0.33000001311302185,0.33000001311302185,0
2022-12-12,0.33000001311302185,0.33000001311302185,0.33000001311302185,0.33000001311302185,0.33000001311302185,0
2022-12-13,0.33000001311302185,0.33000001311302185,0.33000001311302185,0.33000001311302185,0.33000001311302185,0
2022-12-14,0.12929999828338623,0.12929999828338623,0.12929999828338623,0.12929999828338623,0.12929999828338623,366
2022-12-15,0.16500000655651093,0.20999999344348907,0.1437000036239624,0.20999999344348907,0.20999999344348907,13783
2022-12-16,0.20999999344348907,0.20999999344348907,0.20999999344348907,0.20999999344348907,0.20999999344348907,0
2022-12-19,0.20999999344348907,0.20999999344348907,0.20999999344348907,0.20999999344348907,0.20999999344348907,0
2022-12-20,0.20999999344348907,0.20999999344348907,0.20999999344348907,0.20999999344348907,0.20999999344348907,0
2022-12-21,0.17249999940395355,0.18000000715255737,0.07500000298023224,0.07500000298023224,0.07500000298023224,9683
2022-12-22,0.12300000339746475,0.15000000596046448,0.12150000035762787,0.15000000596046448,0.15000000596046448,17366
2022-12-23,0.15299999713897705,0.15839999914169312,0.15000000596046448,0.15839999914169312,0.15839999914169312,420
2022-12-27,0.11999999731779099,0.11999999731779099,0.11999999731779099,0.11999999731779099,0.11999999731779099,916
2022-12-28,0.11999999731779099,0.11999999731779099,0.11999999731779099,0.11999999731779099,0.11999999731779099,0
2022-12-29,0.11999999731779099,0.11999999731779099,0.11999999731779099,0.11999999731779099,0.11999999731779099,0
2022-12-30,0.11999999731779099,0.11999999731779099,0.11999999731779099,0.11999999731779099,0.11999999731779099,0
2023-01-03,0.22499999403953552,0.22499999403953552,0.22499999403953552,0.22499999403953552,0.22499999403953552,3333
2023-01-04,0.22499999403953552,0.22499999403953552,0.22499999403953552,0.22499999403953552,0.22499999403953552,0
2023-01-05,0.16500000655651093,0.16500000655651093,0.16500000655651093,0.16500000655651093,0.16500000655651093,6666
2023-01-06,0.11969999969005585,0.14790000021457672,0.11969999969005585,0.13500000536441803,0.13500000536441803,1839
2023-01-09,0.14100000262260437,0.14100000262260437,0.14100000262260437,0.14100000262260437,0.14100000262260437,3333
2023-01-10,0.2549999952316284,0.2549999952316284,0.13500000536441803,0.13500000536441803,0.13500000536441803,1289
2023-01-11,0.15000000596046448,0.15000000596046448,0.15000000596046448,0.15000000596046448,0.15000000596046448,2022
2023-01-12,0.15000000596046448,0.15000000596046448,0.15000000596046448,0.15000000596046448,0.15000000596046448,0
2023-01-13,0.16830000281333923,0.18000000715255737,0.13500000536441803,0.13500000536441803,0.13500000536441803,8296
2023-01-17,0.13500000536441803,0.13500000536441803,0.13500000536441803,0.13500000536441803,0.13500000536441803,0
2023-01-18,0.13500000536441803,0.13500000536441803,0.13500000536441803,0.13500000536441803,0.13500000536441803,0
2023-01-19,0.13500000536441803,0.16439999639987946,0.13500000536441803,0.1589999943971634,0.1589999943971634,5313
2023-01-20,0.17069999873638153,0.17069999873638153,0.15060000121593475,0.15060000121593475,0.15060000121593475,5913
2023-01-23,0.15060000121593475,0.15060000121593475,0.15060000121593475,0.15060000121593475,0.15060000121593475,0
2023-01-24,0.15060000121593475,0.15060000121593475,0.15060000121593475,0.15060000121593475,0.15060000121593475,0
2023-01-25,0.15060000121593475,0.15060000121593475,0.15060000121593475,0.15060000121593475,0.15060000121593475,0
2023-01-26,0.16500000655651093,0.16949999332427979,0.16500000655651093,0.16949999332427979,0.16949999332427979,5000
2023-01-27,0.14640000462532043,0.18000000715255737,0.13500000536441803,0.13590000569820404,0.13590000569820404,27016
2023-01-30,0.13590000569820404,0.13590000569820404,0.13590000569820404,0.13590000569820404,0.13590000569820404,0
2023-01-31,0.18000000715255737,0.18000000715255737,0.12330000102519989,0.12330000102519989,0.12330000102519989,2572
2023-02-01,0.12389999628067017,0.16500000655651093,0.12389999628067017,0.16500000655651093,0.16500000655651093,3400
2023-02-02,0.16500000655651093,0.16500000655651093,0.16500000655651093,0.16500000655651093,0.16500000655651093,0
2023-02-03,0.12030000239610672,0.12030000239610672,0.11999999731779099,0.11999999731779099,0.11999999731779099,2000
2023-02-06,0.15000000596046448,0.16500000655651093,0.15000000596046448,0.16500000655651093,0.16500000655651093,5666
2023-02-07,0.14399999380111694,0.14399999380111694,0.14399999380111694,0.14399999380111694,0.14399999380111694,5333
2023-02-08,0.14399999380111694,0.14399999380111694,0.14399999380111694,0.14399999380111694,0.14399999380111694,0
2023-02-09,0.12060000002384186,0.12060000002384186,0.12060000002384186,0.12060000002384186,0.12060000002384186,45
2023-02-10,0.15000000596046448,0.16500000655651093,0.14970000088214874,0.14970000088214874,0.14970000088214874,3800
2023-02-13,0.14970000088214874,0.14970000088214874,0.14970000088214874,0.14970000088214874,0.14970000088214874,0
2023-02-14,0.16500000655651093,0.16500000655651093,0.16500000655651093,0.16500000655651093,0.16500000655651093,2666
2023-02-15,0.14444999396800995,0.14444999396800995,0.14444999396800995,0.14444999396800995,0.14444999396800995,1300
2023-02-16,0.14249999821186066,0.15600000321865082,0.11999999731779099,0.15000000596046448,0.15000000596046448,11771
2023-02-17,0.15000000596046448,0.15000000596046448,0.15000000596046448,0.15000000596046448,0.15000000596046448,0
2023-02-21,0.16500000655651093,0.16500000655651093,0.16500000655651093,0.16500000655651093,0.16500000655651093,2000
2023-02-22,0.13500000536441803,0.13500000536441803,0.11999999731779099,0.12300000339746475,0.12300000339746475,9073
2023-02-23,0.12300000339746475,0.12300000339746475,0.12300000339746475,0.12300000339746475,0.12300000339746475,0
2023-02-24,0.11999999731779099,0.11999999731779099,0.11999999731779099,0.11999999731779099,0.11999999731779099,100
2023-02-27,0.11999999731779099,0.11999999731779099,0.11999999731779099,0.11999999731779099,0.11999999731779099,23333
2023-02-28,0.11999999731779099,0.11999999731779099,0.11999999731779099,0.11999999731779099,0.11999999731779099,3433
2023-03-01,0.11999999731779099,0.11999999731779099,0.11999999731779099,0.11999999731779099,0.11999999731779099,0
2023-03-02,0.11999999731779099,0.11999999731779099,0.11999999731779099,0.11999999731779099,0.11999999731779099,0
2023-03-03,0.11999999731779099,0.11999999731779099,0.11999999731779099,0.11999999731779099,0.11999999731779099,0
2023-03-06,0.16500000655651093,0.16500000655651093,0.12060000002384186,0.12060000002384186,0.12060000002384186,9066
2023-03-07,0.12060000002384186,0.12060000002384186,0.12060000002384186,0.12060000002384186,0.12060000002384186,0
2023-03-08,0.12060000002384186,0.12060000002384186,0.12060000002384186,0.12060000002384186,0.12060000002384186,0
2023-03-09,0.12060000002384186,0.12060000002384186,0.12060000002384186,0.12060000002384186,0.12060000002384186,5016
2023-03-10,0.12060000002384186,0.12060000002384186,0.12060000002384186,0.12060000002384186,0.12060000002384186,0
2023-03-13,0.09000000357627869,0.09000000357627869,0.09000000357627869,0.09000000357627869,0.09000000357627869,7977
2023-03-14,0.07500000298023224,0.09000000357627869,0.07500000298023224,0.09000000357627869,0.09000000357627869,8169
2023-03-15,0.09000000357627869,0.09000000357627869,0.08100000023841858,0.08100000023841858,0.08100000023841858,921
2023-03-16,0.09000000357627869,0.09000000357627869,0.08399999886751175,0.08399999886751175,0.08399999886751175,7307
2023-03-17,0.08399999886751175,0.08399999886751175,0.08399999886751175,0.08399999886751175,0.08399999886751175,0
2023-03-20,0.08399999886751175,0.08399999886751175,0.08399999886751175,0.08399999886751175,0.08399999886751175,0
2023-03-21,0.07500000298023224,0.11219999939203262,0.07500000298023224,0.11219999939203262,0.11219999939203262,3333
2023-03-22,0.11219999939203262,0.11219999939203262,0.11219999939203262,0.11219999939203262,0.11219999939203262,0
2023-03-23,0.11219999939203262,0.11219999939203262,0.11219999939203262,0.11219999939203262,0.11219999939203262,0
2023-03-24,0.11219999939203262,0.11219999939203262,0.11219999939203262,0.11219999939203262,0.11219999939203262,0
2023-03-27,0.11219999939203262,0.11219999939203262,0.11219999939203262,0.11219999939203262,0.11219999939203262,0
2023-03-28,0.07500000298023224,0.07500000298023224,0.07500000298023224,0.07500000298023224,0.07500000298023224,1666
2023-03-29,0.07500000298023224,0.07500000298023224,0.07500000298023224,0.07500000298023224,0.07500000298023224,0
2023-03-30,0.03750000149011612,0.03750000149011612,0.03750000149011612,0.03750000149011612,0.03750000149011612,2433
2023-03-31,0.03750000149011612,0.03750000149011612,0.03750000149011612,0.03750000149011612,0.03750000149011612,0
2023-04-03,0.16500000655651093,0.16500000655651093,0.032999999821186066,0.032999999821186066,0.032999999821186066,1033
2023-04-04,0.032999999821186066,0.032999999821186066,0.032999999821186066,0.032999999821186066,0.032999999821186066,0
2023-04-05,0.032999999821186066,0.12630000710487366,0.032999999821186066,0.051899999380111694,0.051899999380111694,1066
2023-04-06,0.051899999380111694,0.051899999380111694,0.051899999380111694,0.051899999380111694,0.051899999380111694,0
2023-04-10,0.051899999380111694,0.051899999380111694,0.051899999380111694,0.051899999380111694,0.051899999380111694,0
2023-04-11,0.051899999380111694,0.051899999380111694,0.051899999380111694,0.051899999380111694,0.051899999380111694,333
2023-04-12,0.032999999821186066,0.032999999821186066,0.032999999821186066,0.032999999821186066,0.032999999821186066,166
2023-04-13,0.032999999821186066,0.032999999821186066,0.032999999821186066,0.032999999821186066,0.032999999821186066,0
2023-04-14,0.032999999821186066,0.032999999821186066,0.032999999821186066,0.032999999821186066,0.032999999821186066,0
2023-04-17,0.032999999821186066,0.032999999821186066,0.032999999821186066,0.032999999821186066,0.032999999821186066,0
2023-04-18,0.05999999865889549,0.05999999865889549,0.05999999865889549,0.05999999865889549,0.05999999865889549,490
2023-04-19,0.05999999865889549,0.05999999865889549,0.05999999865889549,0.05999999865889549,0.05999999865889549,0
2023-04-20,0.05999999865889549,0.05999999865889549,0.05999999865889549,0.05999999865889549,0.05999999865889549,0
2023-04-21,0.13500000536441803,0.13500000536441803,0.13500000536441803,0.13500000536441803,0.13500000536441803,544
2023-04-24,0.13500000536441803,0.13500000536441803,0.13500000536441803,0.13500000536441803,0.13500000536441803,0
2023-04-25,0.13500000536441803,0.13500000536441803,0.13500000536441803,0.13500000536441803,0.13500000536441803,0
2023-04-26,0.13500000536441803,0.13500000536441803,0.13500000536441803,0.13500000536441803,0.13500000536441803,0
2023-04-27,0.13500000536441803,0.13500000536441803,0.13500000536441803,0.13500000536441803,0.13500000536441803,0
2023-04-28,0.13500000536441803,0.13500000536441803,0.13500000536441803,0.13500000536441803,0.13500000536441803,0
2023-05-01,0.13500000536441803,0.13500000536441803,0.13500000536441803,0.13500000536441803,0.13500000536441803,0
2023-05-02,0.13500000536441803,0.13500000536441803,0.13500000536441803,0.13500000536441803,0.13500000536441803,0
2023-05-03,0.13500000536441803,0.13500000536441803,0.13500000536441803,0.13500000536441803,0.13500000536441803,0
2023-05-04,0.13500000536441803,0.13500000536441803,0.13500000536441803,0.13500000536441803,0.13500000536441803,0
2023-05-05,0.13500000536441803,0.13500000536441803,0.13500000536441803,0.13500000536441803,0.13500000536441803,0
2023-05-08,0.13500000536441803,0.13500000536441803,0.13500000536441803,0.13500000536441803,0.13500000536441803,0
2023-05-09,0.13500000536441803,0.13500000536441803,0.13500000536441803,0.13500000536441803,0.13500000536441803,0
2023-05-10,0.13500000536441803,0.13500000536441803,0.13500000536441803,0.13500000536441803,0.13500000536441803,0
2023-05-11,0.13500000536441803,0.13500000536441803,0.13500000536441803,0.13500000536441803,0.13500000536441803,0
2023-05-12,0.13500000536441803,0.13500000536441803,0.13500000536441803,0.13500000536441803,0.13500000536441803,0
2023-05-15,0.13500000536441803,0.13500000536441803,0.13500000536441803,0.13500000536441803,0.13500000536441803,0
2023-05-16,0.13500000536441803,0.13500000536441803,0.13500000536441803,0.13500000536441803,0.13500000536441803,0
2023-05-17,0.13500000536441803,0.13500000536441803,0.13500000536441803,0.13500000536441803,0.13500000536441803,0
2023-05-18,0.13500000536441803,0.13500000536441803,0.13500000536441803,0.13500000536441803,0.13500000536441803,0
2023-05-19,0.13500000536441803,0.13500000536441803,0.13500000536441803,0.13500000536441803,0.13500000536441803,0
2023-05-22,0.13500000536441803,0.13500000536441803,0.13500000536441803,0.13500000536441803,0.13500000536441803,0
2023-05-23,0.13500000536441803,0.13500000536441803,0.13500000536441803,0.13500000536441803,0.13500000536441803,0
2023-05-24,0.13500000536441803,0.13500000536441803,0.13500000536441803,0.13500000536441803,0.13500000536441803,0
2023-05-25,0.13500000536441803,0.13500000536441803,0.13500000536441803,0.13500000536441803,0.13500000536441803,0
2023-05-26,0.13500000536441803,0.13500000536441803,0.13500000536441803,0.13500000536441803,0.13500000536441803,0
2023-05-30,0.05999999865889549,0.05999999865889549,0.05999999865889549,0.05999999865889549,0.05999999865889549,8666
2023-05-31,0.05999999865889549,0.05999999865889549,0.05999999865889549,0.05999999865889549,0.05999999865889549,0
2023-06-01,0.05999999865889549,0.05999999865889549,0.05999999865889549,0.05999999865889549,0.05999999865889549,0
2023-06-02,0.04019999876618385,0.051899999380111694,0.04019999876618385,0.051899999380111694,0.051899999380111694,3333
2023-06-05,0.051899999380111694,0.051899999380111694,0.051899999380111694,0.051899999380111694,0.051899999380111694,0
2023-06-06,0.051899999380111694,0.051899999380111694,0.051899999380111694,0.051899999380111694,0.051899999380111694,0
2023-06-07,0.051899999380111694,0.051899999380111694,0.051899999380111694,0.051899999380111694,0.051899999380111694,0
2023-06-08,0.04500000178813934,0.04500000178813934,0.04500000178813934,0.04500000178813934,0.04500000178813934,1266
2023-06-09,0.05999999865889549,0.1103999987244606,0.035999998450279236,0.035999998450279236,0.035999998450279236,6749
2023-06-12,0.035999998450279236,0.035999998450279236,0.035999998450279236,0.035999998450279236,0.035999998450279236,0
2023-06-13,0.035999998450279236,0.035999998450279236,0.035999998450279236,0.035999998450279236,0.035999998450279236,0
2023-06-14,0.035999998450279236,0.035999998450279236,0.035999998450279236,0.035999998450279236,0.035999998450279236,0
2023-06-15,0.035999998450279236,0.035999998450279236,0.035999998450279236,0.035999998450279236,0.035999998450279236,0
2023-06-16,0.035999998450279236,0.035999998450279236,0.035999998450279236,0.035999998450279236,0.035999998450279236,0
2023-06-20,0.11010000109672546,0.11010000109672546,0.11010000109672546,0.11010000109672546,0.11010000109672546,200
2023-06-21,0.1347000002861023,0.1347000002861023,0.1347000002861023,0.1347000002861023,0.1347000002861023,275
2023-06-22,0.1347000002861023,0.1347000002861023,0.1347000002861023,0.1347000002861023,0.1347000002861023,0
2023-06-23,0.035999998450279236,0.035999998450279236,0.035999998450279236,0.035999998450279236,0.035999998450279236,1066
2023-06-26,0.035999998450279236,0.035999998450279236,0.035999998450279236,0.035999998450279236,0.035999998450279236,0
2023-06-27,0.035999998450279236,0.035999998450279236,0.035999998450279236,0.035999998450279236,0.035999998450279236,0
2023-06-28,0.035999998450279236,0.035999998450279236,0.035999998450279236,0.035999998450279236,0.035999998450279236,0
2023-06-29,0.035999998450279236,0.035999998450279236,0.035999998450279236,0.035999998450279236,0.035999998450279236,0
2023-06-30,0.035999998450279236,0.035999998450279236,0.035999998450279236,0.035999998450279236,0.035999998450279236,0
2023-07-03,0.035999998450279236,0.035999998450279236,0.035999998450279236,0.035999998450279236,0.035999998450279236,0
2023-07-05,0.04500000178813934,0.04500000178813934,0.04500000178813934,0.04500000178813934,0.04500000178813934,1000
2023-07-06,0.04500000178813934,0.04500000178813934,0.04500000178813934,0.04500000178813934,0.04500000178813934,0
2023-07-07,0.04500000178813934,0.04500000178813934,0.04500000178813934,0.04500000178813934,0.04500000178813934,0
2023-07-10,0.04500000178813934,0.04500000178813934,0.04500000178813934,0.04500000178813934,0.04500000178813934,0
2023-07-11,0.04500000178813934,0.04500000178813934,0.04500000178813934,0.04500000178813934,0.04500000178813934,2000
2023-07-12,0.04500000178813934,0.04500000178813934,0.04500000178813934,0.04500000178813934,0.04500000178813934,0
2023-07-13,0.04500000178813934,0.04500000178813934,0.04500000178813934,0.04500000178813934,0.04500000178813934,0
2023-07-14,0.04500000178813934,0.04500000178813934,0.04500000178813934,0.04500000178813934,0.04500000178813934,0
2023-07-17,0.04500000178813934,0.04500000178813934,0.04500000178813934,0.04500000178813934,0.04500000178813934,178
2023-07-18,0.04500000178813934,0.04500000178813934,0.04500000178813934,0.04500000178813934,0.04500000178813934,0
2023-07-19,0.04500000178813934,0.04500000178813934,0.04500000178813934,0.04500000178813934,0.04500000178813934,866
2023-07-20,0.04500000178813934,0.04500000178813934,0.04500000178813934,0.04500000178813934,0.04500000178813934,0
2023-07-21,0.04500000178813934,0.04500000178813934,0.04500000178813934,0.04500000178813934,0.04500000178813934,0
2023-07-24,0.04500000178813934,0.04500000178813934,0.04500000178813934,0.04500000178813934,0.04500000178813934,0
2023-07-25,0.04500000178813934,0.04500000178813934,0.04500000178813934,0.04500000178813934,0.04500000178813934,0
2023-07-26,0.04500000178813934,0.04500000178813934,0.04500000178813934,0.04500000178813934,0.04500000178813934,0
2023-07-27,0.04500000178813934,0.04500000178813934,0.04500000178813934,0.04500000178813934,0.04500000178813934,0
2023-07-28,0.04500000178813934,0.04500000178813934,0.04500000178813934,0.04500000178813934,0.04500000178813934,0
2023-07-31,0.04500000178813934,0.04500000178813934,0.04500000178813934,0.04500000178813934,0.04500000178813934,466
2023-08-01,0.04500000178813934,0.04500000178813934,0.04500000178813934,0.04500000178813934,0.04500000178813934,0
2023-08-02,0.04500000178813934,0.04500000178813934,0.04500000178813934,0.04500000178813934,0.04500000178813934,0
2023-08-03,0.04500000178813934,0.04500000178813934,0.04500000178813934,0.04500000178813934,0.04500000178813934,0
2023-08-04,0.04500000178813934,0.04500000178813934,0.04500000178813934,0.04500000178813934,0.04500000178813934,3333
2023-08-07,0.04500000178813934,0.04500000178813934,0.04500000178813934,0.04500000178813934,0.04500000178813934,1333
2023-08-08,0.04500000178813934,0.04500000178813934,0.04500000178813934,0.04500000178813934,0.04500000178813934,0
2023-08-09,0.04500000178813934,0.04500000178813934,0.04500000178813934,0.04500000178813934,0.04500000178813934,0
2023-08-10,0.04500000178813934,0.04500000178813934,0.04500000178813934,0.04500000178813934,0.04500000178813934,0
2023-08-11,0.04500000178813934,0.04500000178813934,0.04500000178813934,0.04500000178813934,0.04500000178813934,0
2023-08-14,0.04500000178813934,0.04500000178813934,0.04500000178813934,0.04500000178813934,0.04500000178813934,0
2023-08-15,0.04500000178813934,0.04500000178813934,0.04500000178813934,0.04500000178813934,0.04500000178813934,0
2023-08-16,0.09000000357627869,0.09000000357627869,0.09000000357627869,0.09000000357627869,0.09000000357627869,32333
2023-08-17,0.09000000357627869,0.09000000357627869,0.09000000357627869,0.09000000357627869,0.09000000357627869,0
2023-08-18,0.09000000357627869,0.09000000357627869,0.09000000357627869,0.09000000357627869,0.09000000357627869,0
2023-08-21,0.04500000178813934,0.04500000178813934,0.04500000178813934,0.04500000178813934,0.04500000178813934,3181
2023-08-22,0.04500000178813934,0.04500000178813934,0.04500000178813934,0.04500000178813934,0.04500000178813934,0
2023-08-23,0.04500000178813934,0.04500000178813934,0.04500000178813934,0.04500000178813934,0.04500000178813934,0
2023-08-24,0.04500000178813934,0.04500000178813934,0.04500000178813934,0.04500000178813934,0.04500000178813934,0
2023-08-25,0.04500000178813934,0.04500000178813934,0.04500000178813934,0.04500000178813934,0.04500000178813934,108
2023-08-28,0.04500000178813934,0.04500000178813934,0.04500000178813934,0.04500000178813934,0.04500000178813934,0
2023-08-29,0.04500000178813934,0.04500000178813934,0.04500000178813934,0.04500000178813934,0.04500000178813934,0
2023-08-30,0.04500000178813934,0.04500000178813934,0.04500000178813934,0.04500000178813934,0.04500000178813934,0
2023-08-31,0.04500000178813934,0.04500000178813934,0.04500000178813934,0.04500000178813934,0.04500000178813934,0
2023-09-01,0.04500000178813934,0.04500000178813934,0.04500000178813934,0.04500000178813934,0.04500000178813934,0
2023-09-05,0.04500000178813934,0.04500000178813934,0.04500000178813934,0.04500000178813934,0.04500000178813934,0
2023-09-06,0.04500000178813934,0.04500000178813934,0.04500000178813934,0.04500000178813934,0.04500000178813934,0
2023-09-07,0.04500000178813934,0.04500000178813934,0.04500000178813934,0.04500000178813934,0.04500000178813934,0
2023-09-08,0.04500000178813934,0.04500000178813934,0.04500000178813934,0.04500000178813934,0.04500000178813934,0
2023-09-11,0.04500000178813934,0.04500000178813934,0.04500000178813934,0.04500000178813934,0.04500000178813934,0
2023-09-12,0.04500000178813934,0.04500000178813934,0.04500000178813934,0.04500000178813934,0.04500000178813934,0
2023-09-13,0.04500000178813934,0.04500000178813934,0.04500000178813934,0.04500000178813934,0.04500000178813934,0
2023-09-14,0.04500000178813934,0.04500000178813934,0.04500000178813934,0.04500000178813934,0.04500000178813934,0
2023-09-15,0.04500000178813934,0.04500000178813934,0.04500000178813934,0.04500000178813934,0.04500000178813934,0
2023-09-18,0.04500000178813934,0.04500000178813934,0.04500000178813934,0.04500000178813934,0.04500000178813934,0
2023-09-19,0.04500000178813934,0.04500000178813934,0.04500000178813934,0.04500000178813934,0.04500000178813934,0
2023-09-20,0.04500000178813934,0.04500000178813934,0.04500000178813934,0.04500000178813934,0.04500000178813934,0
2023-09-21,0.04500000178813934,0.04500000178813934,0.04500000178813934,0.04500000178813934,0.04500000178813934,0
2023-09-22,0.04500000178813934,0.04500000178813934,0.04500000178813934,0.04500000178813934,0.04500000178813934,0
2023-09-25,0.04500000178813934,0.04500000178813934,0.011099999770522118,0.020999999716877937,0.020999999716877937,52691
2023-09-26,0.020999999716877937,0.020999999716877937,0.020999999716877937,0.020999999716877937,0.020999999716877937,0
2023-09-27,0.041999999433755875,0.041999999433755875,0.041999999433755875,0.041999999433755875,0.041999999433755875,3333
2023-09-28,0.041999999433755875,0.041999999433755875,0.041999999433755875,0.041999999433755875,0.041999999433755875,0
2023-09-29,0.041999999433755875,0.041999999433755875,0.041999999433755875,0.041999999433755875,0.041999999433755875,0
2023-10-02,0.011099999770522118,0.011099999770522118,0.011099999770522118,0.011099999770522118,0.011099999770522118,1833
2023-10-03,0.011099999770522118,0.011099999770522118,0.011099999770522118,0.011099999770522118,0.011099999770522118,0
2023-10-04,0.011099999770522118,0.011099999770522118,0.011099999770522118,0.011099999770522118,0.011099999770522118,0
2023-10-05,0.011099999770522118,0.011099999770522118,0.011099999770522118,0.011099999770522118,0.011099999770522118,0
2023-10-06,0.011099999770522118,0.011099999770522118,0.011099999770522118,0.011099999770522118,0.011099999770522118,0
2023-10-09,0.012000000104308128,0.012000000104308128,0.012000000104308128,0.012000000104308128,0.012000000104308128,5000
2023-10-10,0.06840000301599503,0.07199999690055847,0.06840000301599503,0.07199999690055847,0.07199999690055847,2033
2023-10-11,0.07199999690055847,0.07199999690055847,0.07199999690055847,0.07199999690055847,0.07199999690055847,0
2023-10-12,0.07199999690055847,0.07199999690055847,0.07199999690055847,0.07199999690055847,0.07199999690055847,0
2023-10-13,0.07199999690055847,0.07199999690055847,0.07199999690055847,0.07199999690055847,0.07199999690055847,0
2023-10-16,0.07199999690055847,0.07199999690055847,0.07199999690055847,0.07199999690055847,0.07199999690055847,0
2023-10-17,0.07199999690055847,0.07199999690055847,0.07199999690055847,0.07199999690055847,0.07199999690055847,0
2023-10-18,0.07199999690055847,0.07199999690055847,0.07199999690055847,0.07199999690055847,0.07199999690055847,0
2023-10-19,0.07199999690055847,0.07199999690055847,0.07199999690055847,0.07199999690055847,0.07199999690055847,0
2023-10-20,0.07199999690055847,0.07199999690055847,0.07199999690055847,0.07199999690055847,0.07199999690055847,0
2023-10-23,0.07199999690055847,0.07199999690055847,0.07199999690055847,0.07199999690055847,0.07199999690055847,0
2023-10-24,0.09000000357627869,0.09000000357627869,0.09000000357627869,0.09000000357627869,0.09000000357627869,8323
2023-10-25,0.09000000357627869,0.09000000357627869,0.09000000357627869,0.09000000357627869,0.09000000357627869,0
2023-10-26,0.09000000357627869,0.09000000357627869,0.09000000357627869,0.09000000357627869,0.09000000357627869,0
2023-10-27,0.09000000357627869,0.09000000357627869,0.09000000357627869,0.09000000357627869,0.09000000357627869,0
2023-10-30,0.09000000357627869,0.09000000357627869,0.09000000357627869,0.09000000357627869,0.09000000357627869,0
2023-10-31,0.09000000357627869,0.09000000357627869,0.09000000357627869,0.09000000357627869,0.09000000357627869,0
2023-11-01,0.09000000357627869,0.09000000357627869,0.09000000357627869,0.09000000357627869,0.09000000357627869,0
2023-11-02,0.09000000357627869,0.09000000357627869,0.09000000357627869,0.09000000357627869,0.09000000357627869,0
2023-11-03,0.09000000357627869,0.09000000357627869,0.09000000357627869,0.09000000357627869,0.09000000357627869,0
2023-11-06,0.09000000357627869,0.09000000357627869,0.09000000357627869,0.09000000357627869,0.09000000357627869,0
2023-11-07,0.09000000357627869,0.09000000357627869,0.09000000357627869,0.09000000357627869,0.09000000357627869,0
2023-11-08,0.09000000357627869,0.09000000357627869,0.09000000357627869,0.09000000357627869,0.09000000357627869,0
2023-11-09,0.09000000357627869,0.09000000357627869,0.09000000357627869,0.09000000357627869,0.09000000357627869,0
2023-11-10,0.09000000357627869,0.09000000357627869,0.09000000357627869,0.09000000357627869,0.09000000357627869,0
2023-11-13,0.09000000357627869,0.09000000357627869,0.09000000357627869,0.09000000357627869,0.09000000357627869,0
2023-11-14,0.09000000357627869,0.09000000357627869,0.09000000357627869,0.09000000357627869,0.09000000357627869,0
2023-11-15,0.020999999716877937,0.020999999716877937,0.020999999716877937,0.020999999716877937,0.020999999716877937,6666
2023-11-16,0.020999999716877937,0.020999999716877937,0.020999999716877937,0.020999999716877937,0.020999999716877937,4072
2023-11-17,0.020999999716877937,0.020999999716877937,0.020999999716877937,0.020999999716877937,0.020999999716877937,0
2023-11-20,0.020999999716877937,0.020999999716877937,0.020999999716877937,0.020999999716877937,0.020999999716877937,0
2023-11-21,0.029999999329447746,0.029999999329447746,0.029999999329447746,0.029999999329447746,0.029999999329447746,48072
2023-11-22,0.014999999664723873,0.014999999664723873,0.014999999664723873,0.014999999664723873,0.014999999664723873,166
2023-11-24,0.014999999664723873,0.016499999910593033,0.014999999664723873,0.016499999910593033,0.016499999910593033,2440
2023-11-27,0.016499999910593033,0.016499999910593033,0.016499999910593033,0.016499999910593033,0.016499999910593033,0
2023-11-28,0.016499999910593033,0.016499999910593033,0.016499999910593033,0.016499999910593033,0.016499999910593033,0
2023-11-29,0.016499999910593033,0.016499999910593033,0.016499999910593033,0.016499999910593033,0.016499999910593033,0
2023-11-30,0.016499999910593033,0.016499999910593033,0.016499999910593033,0.016499999910593033,0.016499999910593033,0
2023-12-01,0.016499999910593033,0.016499999910593033,0.016499999910593033,0.016499999910593033,0.016499999910593033,0
2023-12-04,0.016499999910593033,0.016499999910593033,0.016499999910593033,0.016499999910593033,0.016499999910593033,0
2023-12-05,0.016499999910593033,0.016499999910593033,0.016499999910593033,0.016499999910593033,0.016499999910593033,0
2023-12-06,0.016499999910593033,0.016499999910593033,0.016499999910593033,0.016499999910593033,0.016499999910593033,0
2023-12-07,0.016499999910593033,0.016499999910593033,0.016499999910593033,0.016499999910593033,0.016499999910593033,1975
2023-12-08,0.016499999910593033,0.016499999910593033,0.016499999910593033,0.016499999910593033,0.016499999910593033,0
2023-12-11,0.016499999910593033,0.016499999910593033,0.016499999910593033,0.016499999910593033,0.016499999910593033,0
2023-12-12,0.016499999910593033,0.016499999910593033,0.016499999910593033,0.016499999910593033,0.016499999910593033,0
2023-12-13,0.014999999664723873,0.014999999664723873,0.014999999664723873,0.014999999664723873,0.014999999664723873,906
2023-12-14,0.014999999664723873,0.014999999664723873,0.014999999664723873,0.014999999664723873,0.014999999664723873,0
2023-12-15,0.014999999664723873,0.014999999664723873,0.014999999664723873,0.014999999664723873,0.014999999664723873,0
2023-12-18,0.014999999664723873,0.014999999664723873,0.014999999664723873,0.014999999664723873,0.014999999664723873,0
2023-12-19,0.014999999664723873,0.014999999664723873,0.014999999664723873,0.014999999664723873,0.014999999664723873,0
2023-12-20,0.014999999664723873,0.014999999664723873,0.014999999664723873,0.014999999664723873,0.014999999664723873,133
2023-12-21,0.014999999664723873,0.014999999664723873,0.014999999664723873,0.014999999664723873,0.014999999664723873,333
2023-12-22,0.014999999664723873,0.014999999664723873,0.014999999664723873,0.014999999664723873,0.014999999664723873,3899
2023-12-26,0.014999999664723873,0.014999999664723873,0.014999999664723873,0.014999999664723873,0.014999999664723873,0
2023-12-27,0.014999999664723873,0.014999999664723873,0.014999999664723873,0.014999999664723873,0.014999999664723873,10705
2023-12-28,0.003000000026077032,0.003000000026077032,0.003000000026077032,0.003000000026077032,0.003000000026077032,333
2023-12-29,0.014999999664723873,0.014999999664723873,0.014999999664723873,0.014999999664723873,0.014999999664723873,666
2024-01-02,0.014999999664723873,0.014999999664723873,0.014999999664723873,0.014999999664723873,0.014999999664723873,0
2024-01-03,0.014999999664723873,0.014999999664723873,0.014999999664723873,0.014999999664723873,0.014999999664723873,0
2024-01-04,0.0032999999821186066,0.0032999999821186066,0.0032999999821186066,0.0032999999821186066,0.0032999999821186066,6666
2024-01-05,0.0032999999821186066,0.0032999999821186066,0.0032999999821186066,0.0032999999821186066,0.0032999999821186066,0
2024-01-08,0.0032999999821186066,0.0032999999821186066,0.0032999999821186066,0.0032999999821186066,0.0032999999821186066,0
2024-01-09,0.0032999999821186066,0.0032999999821186066,0.0032999999821186066,0.0032999999821186066,0.0032999999821186066,0
2024-01-10,0.013500000350177288,0.013500000350177288,0.013500000350177288,0.013500000350177288,0.013500000350177288,398
2024-01-11,0.013500000350177288,0.013500000350177288,0.013500000350177288,0.013500000350177288,0.013500000350177288,333
2024-01-12,0.013500000350177288,0.013500000350177288,0.013500000350177288,0.013500000350177288,0.013500000350177288,0
2024-01-16,0.013500000350177288,0.013500000350177288,0.013500000350177288,0.013500000350177288,0.013500000350177288,0
2024-01-17,0.013500000350177288,0.013500000350177288,0.013500000350177288,0.013500000350177288,0.013500000350177288,0
2024-01-18,0.013500000350177288,0.013500000350177288,0.013500000350177288,0.013500000350177288,0.013500000350177288,1110
2024-01-19,0.013500000350177288,0.013500000350177288,0.013500000350177288,0.013500000350177288,0.013500000350177288,0
2024-01-22,0.013500000350177288,0.013500000350177288,0.013500000350177288,0.013500000350177288,0.013500000350177288,0
2024-01-23,0.013500000350177288,0.013500000350177288,0.013500000350177288,0.013500000350177288,0.013500000350177288,0
2024-01-24,0.013500000350177288,0.013500000350177288,0.013500000350177288,0.013500000350177288,0.013500000350177288,0
2024-01-25,0.013500000350177288,0.013500000350177288,0.013500000350177288,0.013500000350177288,0.013500000350177288,0
2024-01-26,0.013500000350177288,0.013500000350177288,0.013500000350177288,0.013500000350177288,0.013500000350177288,0
2024-01-29,0.013500000350177288,0.013500000350177288,0.013500000350177288,0.013500000350177288,0.013500000350177288,0
2024-01-30,0.013500000350177288,0.013500000350177288,0.013500000350177288,0.013500000350177288,0.013500000350177288,0
2024-01-31,0.013500000350177288,0.013500000350177288,0.013500000350177288,0.013500000350177288,0.013500000350177288,0
2024-02-01,0.013500000350177288,0.013500000350177288,0.013500000350177288,0.013500000350177288,0.013500000350177288,881
2024-02-02,0.013500000350177288,0.013500000350177288,0.013500000350177288,0.013500000350177288,0.013500000350177288,1666
2024-02-05,0.013500000350177288,0.013500000350177288,0.013500000350177288,0.013500000350177288,0.013500000350177288,0
2024-02-06,0.008910000324249268,0.008910000324249268,0.008910000324249268,0.008910000324249268,0.008910000324249268,333
2024-02-07,0.008910000324249268,0.008910000324249268,0.008910000324249268,0.008910000324249268,0.008910000324249268,0
2024-02-08,0.008910000324249268,0.008910000324249268,0.008910000324249268,0.008910000324249268,0.008910000324249268,0
2024-02-09,0.008910000324249268,0.008910000324249268,0.008910000324249268,0.008910000324249268,0.008910000324249268,0
2024-02-12,0.008910000324249268,0.008910000324249268,0.008910000324249268,0.008910000324249268,0.008910000324249268,0
2024-02-13,0.008910000324249268,0.008910000324249268,0.008910000324249268,0.008910000324249268,0.008910000324249268,0
2024-02-14,0.008910000324249268,0.008910000324249268,0.008910000324249268,0.008910000324249268,0.008910000324249268,0
2024-02-15,0.008910000324249268,0.008910000324249268,0.008910000324249268,0.008910000324249268,0.008910000324249268,0
2024-02-16,0.007499999832361937,0.007499999832361937,0.007499999832361937,0.007499999832361937,0.007499999832361937,33
2024-02-20,0.007499999832361937,0.007499999832361937,0.007499999832361937,0.007499999832361937,0.007499999832361937,0
2024-02-21,0.007499999832361937,0.007499999832361937,0.007499999832361937,0.007499999832361937,0.007499999832361937,0
2024-02-22,0.00887999963015318,0.00887999963015318,0.00887999963015318,0.00887999963015318,0.00887999963015318,33
2024-02-23,0.00887999963015318,0.00887999963015318,0.00887999963015318,0.00887999963015318,0.00887999963015318,0
2024-02-26,0.00887999963015318,0.00887999963015318,0.00887999963015318,0.00887999963015318,0.00887999963015318,0
2024-02-27,0.00887999963015318,0.00887999963015318,0.00887999963015318,0.00887999963015318,0.00887999963015318,0
2024-02-28,0.00887999963015318,0.00887999963015318,0.00887999963015318,0.00887999963015318,0.00887999963015318,0
2024-02-29,0.00887999963015318,0.00887999963015318,0.00887999963015318,0.00887999963015318,0.00887999963015318,0
2024-03-01,0.00887999963015318,0.00887999963015318,0.00887999963015318,0.00887999963015318,0.00887999963015318,0
2024-03-04,0.00887999963015318,0.00887999963015318,0.00887999963015318,0.00887999963015318,0.00887999963015318,0
2024-03-05,0.00887999963015318,0.00887999963015318,0.00887999963015318,0.00887999963015318,0.00887999963015318,0
2024-03-06,0.00887999963015318,0.00887999963015318,0.00887999963015318,0.00887999963015318,0.00887999963015318,0
2024-03-07,0.007499999832361937,0.013799999840557575,0.007499999832361937,0.013799999840557575,0.013799999840557575,954
2024-03-08,0.013799999840557575,0.013799999840557575,0.013799999840557575,0.013799999840557575,0.013799999840557575,0
2024-03-11,0.013799999840557575,0.013799999840557575,0.013799999840557575,0.013799999840557575,0.013799999840557575,0
2024-03-12,0.013799999840557575,0.013799999840557575,0.013799999840557575,0.013799999840557575,0.013799999840557575,0
2024-03-13,0.013799999840557575,0.013799999840557575,0.013799999840557575,0.013799999840557575,0.013799999840557575,0
2024-03-14,0.013799999840557575,0.013799999840557575,0.013799999840557575,0.013799999840557575,0.013799999840557575,5002
2024-03-15,0.013799999840557575,0.013799999840557575,0.013799999840557575,0.013799999840557575,0.013799999840557575,0
2024-03-18,0.013799999840557575,0.013799999840557575,0.013799999840557575,0.013799999840557575,0.013799999840557575,0
2024-03-19,0.013799999840557575,0.013799999840557575,0.013799999840557575,0.013799999840557575,0.013799999840557575,0
2024-03-20,0.013799999840557575,0.013799999840557575,0.013799999840557575,0.013799999840557575,0.013799999840557575,0
2024-03-21,0.013799999840557575,0.013799999840557575,0.013799999840557575,0.013799999840557575,0.013799999840557575,0
2024-03-22,0.007499999832361937,0.007499999832361937,0.007499999832361937,0.007499999832361937,0.007499999832361937,6119
2024-03-25,0.007499999832361937,0.007499999832361937,0.007499999832361937,0.007499999832361937,0.007499999832361937,0
2024-03-26,0.007499999832361937,0.007499999832361937,0.007499999832361937,0.007499999832361937,0.007499999832361937,0
2024-03-27,0.007499999832361937,0.007499999832361937,0.007499999832361937,0.007499999832361937,0.007499999832361937,0
2024-03-28,0.007499999832361937,0.007499999832361937,0.007499999832361937,0.007499999832361937,0.007499999832361937,0
2024-04-01,0.007499999832361937,0.007499999832361937,0.007499999832361937,0.007499999832361937,0.007499999832361937,0
2024-04-02,0.007499999832361937,0.007499999832361937,0.007499999832361937,0.007499999832361937,0.007499999832361937,0
2024-04-03,0.007499999832361937,0.007499999832361937,0.007499999832361937,0.007499999832361937,0.007499999832361937,0
2024-04-04,0.04500000178813934,0.15000000596046448,0.04500000178813934,0.14399999380111694,0.14399999380111694,51504
2024-04-05,0.15000000596046448,0.23999999463558197,0.15000000596046448,0.23999999463558197,0.23999999463558197,17909
2024-04-08,0.23970000445842743,0.23970000445842743,0.23970000445842743,0.23970000445842743,0.23970000445842743,66
2024-04-09,0.014999999664723873,0.014999999664723873,0.014999999664723873,0.014999999664723873,0.014999999664723873,100
2024-04-10,0.014999999664723873,0.014999999664723873,0.014999999664723873,0.014999999664723873,0.014999999664723873,0
2024-04-11,0.014999999664723873,0.014999999664723873,0.014999999664723873,0.014999999664723873,0.014999999664723873,0
2024-04-12,0.014999999664723873,0.014999999664723873,0.014999999664723873,0.014999999664723873,0.014999999664723873,0
2024-04-15,0.014999999664723873,0.014999999664723873,0.014999999664723873,0.014999999664723873,0.014999999664723873,0
2024-04-16,0.014999999664723873,0.014999999664723873,0.014999999664723873,0.014999999664723873,0.014999999664723873,0
2024-04-17,0.014999999664723873,0.014999999664723873,0.014999999664723873,0.014999999664723873,0.014999999664723873,0
2024-04-18,0.014999999664723873,0.014999999664723873,0.014999999664723873,0.014999999664723873,0.014999999664723873,0
2024-04-19,0.014999999664723873,0.014999999664723873,0.014999999664723873,0.014999999664723873,0.014999999664723873,0
2024-04-22,0.014999999664723873,0.014999999664723873,0.014999999664723873,0.014999999664723873,0.014999999664723873,0
2024-04-23,0.014999999664723873,0.014999999664723873,0.014999999664723873,0.014999999664723873,0.014999999664723873,0
2024-04-24,0.014999999664723873,0.014999999664723873,0.014999999664723873,0.014999999664723873,0.014999999664723873,0
2024-04-25,0.014999999664723873,0.014999999664723873,0.014999999664723873,0.014999999664723873,0.014999999664723873,0
2024-04-26,0.014999999664723873,0.014999999664723873,0.014999999664723873,0.014999999664723873,0.014999999664723873,0
2024-04-29,0.02879999950528145,0.02879999950528145,0.02879999950528145,0.02879999950528145,0.02879999950528145,266
2024-04-30,0.02879999950528145,0.02879999950528145,0.02879999950528145,0.02879999950528145,0.02879999950528145,0
2024-05-01,0.02879999950528145,0.02879999950528145,0.02879999950528145,0.02879999950528145,0.02879999950528145,0
2024-05-02,0.02879999950528145,0.02879999950528145,0.02879999950528145,0.02879999950528145,0.02879999950528145,0
2024-05-03,0.02879999950528145,0.02879999950528145,0.02879999950528145,0.02879999950528145,0.02879999950528145,0
2024-05-06,0.02879999950528145,0.02879999950528145,0.02879999950528145,0.02879999950528145,0.02879999950528145,0
2024-05-07,0.02879999950528145,0.02879999950528145,0.02879999950528145,0.02879999950528145,0.02879999950528145,0
2024-05-08,0.02879999950528145,0.02879999950528145,0.02879999950528145,0.02879999950528145,0.02879999950528145,0
2024-05-09,0.02879999950528145,0.02879999950528145,0.02879999950528145,0.02879999950528145,0.02879999950528145,0
2024-05-10,0.02879999950528145,0.02879999950528145,0.02879999950528145,0.02879999950528145,0.02879999950528145,0
2024-05-13,0.02879999950528145,0.02879999950528145,0.02879999950528145,0.02879999950528145,0.02879999950528145,0
2024-05-14,0.02879999950528145,0.02879999950528145,0.02879999950528145,0.02879999950528145,0.02879999950528145,0
2024-05-15,0.02879999950528145,0.02879999950528145,0.02879999950528145,0.02879999950528145,0.02879999950528145,0
2024-05-16,0.02160000056028366,0.02160000056028366,0.02160000056028366,0.02160000056028366,0.02160000056028366,166
2024-05-17,0.02160000056028366,0.02160000056028366,0.02160000056028366,0.02160000056028366,0.02160000056028366,0
2024-05-20,0.02160000056028366,0.02160000056028366,0.02160000056028366,0.02160000056028366,0.02160000056028366,0
2024-05-21,0.02160000056028366,0.02160000056028366,0.02160000056028366,0.02160000056028366,0.02160000056028366,0
2024-05-22,0.20970000326633453,0.20970000326633453,0.02160000056028366,0.02160000056028366,0.02160000056028366,335
2024-05-23,0.007300000172108412,0.007300000172108412,0.007300000172108412,0.007300000172108412,0.007300000172108412,199
2024-05-24,0.007300000172108412,0.007300000172108412,0.007300000172108412,0.007300000172108412,0.007300000172108412,0
2024-05-28,0.007300000172108412,0.007300000172108412,0.007300000172108412,0.007300000172108412,0.007300000172108412,0
2024-05-29,0.007300000172108412,0.007300000172108412,0.007300000172108412,0.007300000172108412,0.007300000172108412,0
2024-05-30,0.007300000172108412,0.007300000172108412,0.007300000172108412,0.007300000172108412,0.007300000172108412,0
2024-05-31,0.007300000172108412,0.007300000172108412,0.007300000172108412,0.007300000172108412,0.007300000172108412,0
2024-06-03,0.007300000172108412,0.007300000172108412,0.007300000172108412,0.007300000172108412,0.007300000172108412,0
2024-06-04,0.008500000461935997,0.008500000461935997,0.008500000461935997,0.008500000461935997,0.008500000461935997,1000
2024-06-05,0.008500000461935997,0.008500000461935997,0.008500000461935997,0.008500000461935997,0.008500000461935997,0
2024-06-06,0.008500000461935997,0.008500000461935997,0.008500000461935997,0.008500000461935997,0.008500000461935997,0
2024-06-07,0.008500000461935997,0.008500000461935997,0.008500000461935997,0.008500000461935997,0.008500000461935997,0
2024-06-10,0.008500000461935997,0.008500000461935997,0.008500000461935997,0.008500000461935997,0.008500000461935997,0
2024-06-11,0.008500000461935997,0.008500000461935997,0.008500000461935997,0.008500000461935997,0.008500000461935997,0
2024-06-12,0.008500000461935997,0.008500000461935997,0.008500000461935997,0.008500000461935997,0.008500000461935997,0
2024-06-13,0.008500000461935997,0.008500000461935997,0.008500000461935997,0.008500000461935997,0.008500000461935997,0
2024-06-14,0.008500000461935997,0.008500000461935997,0.008500000461935997,0.008500000461935997,0.008500000461935997,0
2024-06-17,0.008500000461935997,0.008500000461935997,0.008500000461935997,0.008500000461935997,0.008500000461935997,0
2024-06-18,0.05000000074505806,0.05000000074505806,0.05000000074505806,0.05000000074505806,0.05000000074505806,10000
2024-06-20,0.05000000074505806,0.05000000074505806,0.05000000074505806,0.05000000074505806,0.05000000074505806,0
2024-06-21,0.05000000074505806,0.05000000074505806,0.05000000074505806,0.05000000074505806,0.05000000074505806,0
2024-06-24,0.012000000104308128,0.012000000104308128,0.012000000104308128,0.012000000104308128,0.012000000104308128,9143
2024-06-25,0.012000000104308128,0.012000000104308128,0.012000000104308128,0.012000000104308128,0.012000000104308128,0
2024-06-26,0.012000000104308128,0.012000000104308128,0.012000000104308128,0.012000000104308128,0.012000000104308128,0
2024-06-27,0.012000000104308128,0.012000000104308128,0.012000000104308128,0.012000000104308128,0.012000000104308128,0
2024-06-28,0.012000000104308128,0.012000000104308128,0.012000000104308128,0.012000000104308128,0.012000000104308128,0
2024-07-01,0.012000000104308128,0.012000000104308128,0.012000000104308128,0.012000000104308128,0.012000000104308128,0
2024-07-02,0.012000000104308128,0.012000000104308128,0.012000000104308128,0.012000000104308128,0.012000000104308128,0
2024-07-03,0.012000000104308128,0.012000000104308128,0.012000000104308128,0.012000000104308128,0.012000000104308128,0
2024-07-05,0.012000000104308128,0.012000000104308128,0.012000000104308128,0.012000000104308128,0.012000000104308128,0
2024-07-08,0.012000000104308128,0.012000000104308128,0.012000000104308128,0.012000000104308128,0.012000000104308128,0
2024-07-09,0.013000000268220901,0.013000000268220901,0.013000000268220901,0.013000000268220901,0.013000000268220901,6666
2024-07-10,0.013000000268220901,0.013000000268220901,0.013000000268220901,0.013000000268220901,0.013000000268220901,0
2024-07-11,0.013000000268220901,0.013000000268220901,0.013000000268220901,0.013000000268220901,0.013000000268220901,0
2024-07-12,0.013100000098347664,0.013100000098347664,0.013100000098347664,0.013100000098347664,0.013100000098347664,699
2024-07-15,0.013100000098347664,0.013100000098347664,0.013100000098347664,0.013100000098347664,0.013100000098347664,0
2024-07-16,0.013100000098347664,0.013100000098347664,0.013100000098347664,0.013100000098347664,0.013100000098347664,0
2024-07-17,0.02500000037252903,0.02500000037252903,0.02500000037252903,0.02500000037252903,0.02500000037252903,186
2024-07-18,0.02500000037252903,0.02500000037252903,0.02500000037252903,0.02500000037252903,0.02500000037252903,0
2024-07-19,0.02500000037252903,0.02500000037252903,0.02500000037252903,0.02500000037252903,0.02500000037252903,0
2024-07-22,0.02500000037252903,0.02500000037252903,0.02500000037252903,0.02500000037252903,0.02500000037252903,0
2024-07-23,0.02500000037252903,0.02500000037252903,0.02500000037252903,0.02500000037252903,0.02500000037252903,0
2024-07-24,0.02500000037252903,0.02500000037252903,0.02500000037252903,0.02500000037252903,0.02500000037252903,0
2024-07-25,0.02500000037252903,0.02500000037252903,0.02500000037252903,0.02500000037252903,0.02500000037252903,0
2024-07-26,0.02500000037252903,0.02500000037252903,0.02500000037252903,0.02500000037252903,0.02500000037252903,0
2024-07-29,0.045499999076128006,0.045499999076128006,0.045499999076128006,0.045499999076128006,0.045499999076128006,3033
2024-07-30,0.045499999076128006,0.045499999076128006,0.045499999076128006,0.045499999076128006,0.045499999076128006,0
2024-07-31,0.045499999076128006,0.045499999076128006,0.045499999076128006,0.045499999076128006,0.045499999076128006,0
2024-08-01,0.045499999076128006,0.045499999076128006,0.045499999076128006,0.045499999076128006,0.045499999076128006,0
2024-08-02,0.045499999076128006,0.045499999076128006,0.045499999076128006,0.045499999076128006,0.045499999076128006,0
2024-08-05,0.045499999076128006,0.045499999076128006,0.045499999076128006,0.045499999076128006,0.045499999076128006,0
2024-08-06,0.045499999076128006,0.045499999076128006,0.045499999076128006,0.045499999076128006,0.045499999076128006,0
2024-08-07,0.045499999076128006,0.045499999076128006,0.045499999076128006,0.045499999076128006,0.045499999076128006,0
2024-08-08,0.045499999076128006,0.045499999076128006,0.045499999076128006,0.045499999076128006,0.045499999076128006,0
2024-08-09,0.045499999076128006,0.045499999076128006,0.045499999076128006,0.045499999076128006,0.045499999076128006,0
2024-08-12,0.045499999076128006,0.045499999076128006,0.045499999076128006,0.045499999076128006,0.045499999076128006,0
2024-08-13,0.045499999076128006,0.045499999076128006,0.045499999076128006,0.045499999076128006,0.045499999076128006,0
2024-08-14,0.045499999076128006,0.045499999076128006,0.045499999076128006,0.045499999076128006,0.045499999076128006,0
2024-08-15,0.045499999076128006,0.045499999076128006,0.045499999076128006,0.045499999076128006,0.045499999076128006,0
2024-08-16,0.045499999076128006,0.045499999076128006,0.045499999076128006,0.045499999076128006,0.045499999076128006,0
2024-08-19,0.045499999076128006,0.045499999076128006,0.045499999076128006,0.045499999076128006,0.045499999076128006,0
2024-08-20,0.045499999076128006,0.045499999076128006,0.045499999076128006,0.045499999076128006,0.045499999076128006,0
2024-08-21,0.045499999076128006,0.045499999076128006,0.045499999076128006,0.045499999076128006,0.045499999076128006,0
2024-08-22,0.045499999076128006,0.045499999076128006,0.045499999076128006,0.045499999076128006,0.045499999076128006,0
2024-08-23,0.018799999728798866,0.018799999728798866,0.018799999728798866,0.018799999728798866,0.018799999728798866,166
2024-08-26,0.018799999728798866,0.018799999728798866,0.018799999728798866,0.018799999728798866,0.018799999728798866,47834
2024-08-27,0.018799999728798866,0.018799999728798866,0.018799999728798866,0.018799999728798866,0.018799999728798866,0
2024-08-28,0.018799999728798866,0.018799999728798866,0.018799999728798866,0.018799999728798866,0.018799999728798866,0
2024-08-29,0.018799999728798866,0.018799999728798866,0.018799999728798866,0.018799999728798866,0.018799999728798866,0
2024-08-30,0.018799999728798866,0.018799999728798866,0.018799999728798866,0.018799999728798866,0.018799999728798866,0
2024-09-03,0.018799999728798866,0.018799999728798866,0.018799999728798866,0.018799999728798866,0.018799999728798866,0
2024-09-04,0.020679999142885208,0.020679999142885208,0.020679999142885208,0.020679999142885208,0.020679999142885208,2166
2024-09-05,0.020679999142885208,0.020679999142885208,0.020679999142885208,0.020679999142885208,0.020679999142885208,5165
2024-09-06,0.020679999142885208,0.020679999142885208,0.020679999142885208,0.020679999142885208,0.020679999142885208,0
2024-09-09,0.020679999142885208,0.020679999142885208,0.020679999142885208,0.020679999142885208,0.020679999142885208,0
2024-09-10,0.020679999142885208,0.020679999142885208,0.020679999142885208,0.020679999142885208,0.020679999142885208,0
2024-09-11,0.020679999142885208,0.020679999142885208,0.020679999142885208,0.020679999142885208,0.020679999142885208,0
2024-09-12,0.020679999142885208,0.020679999142885208,0.020679999142885208,0.020679999142885208,0.020679999142885208,0
2024-09-13,0.020679999142885208,0.020679999142885208,0.020679999142885208,0.020679999142885208,0.020679999142885208,0
2024-09-16,0.020679999142885208,0.020679999142885208,0.020679999142885208,0.020679999142885208,0.020679999142885208,0
2024-09-17,0.020679999142885208,0.020679999142885208,0.020679999142885208,0.020679999142885208,0.020679999142885208,0
2024-09-18,0.020679999142885208,0.020679999142885208,0.020679999142885208,0.020679999142885208,0.020679999142885208,0
2024-09-19,0.020679999142885208,0.020679999142885208,0.020679999142885208,0.020679999142885208,0.020679999142885208,0
2024-09-20,0.020679999142885208,0.020679999142885208,0.020679999142885208,0.020679999142885208,0.020679999142885208,0
2024-09-23,0.020679999142885208,0.020679999142885208,0.020679999142885208,0.020679999142885208,0.020679999142885208,0
2024-09-24,0.020679999142885208,0.020679999142885208,0.020679999142885208,0.020679999142885208,0.020679999142885208,0
2024-09-25,0.020679999142885208,0.020679999142885208,0.020679999142885208,0.020679999142885208,0.020679999142885208,0
2024-09-26,0.020679999142885208,0.020679999142885208,0.020679999142885208,0.020679999142885208,0.020679999142885208,0
2024-09-27,0.020679999142885208,0.020679999142885208,0.020679999142885208,0.020679999142885208,0.020679999142885208,0
2024-09-30,0.020679999142885208,0.020679999142885208,0.020679999142885208,0.020679999142885208,0.020679999142885208,0
2024-10-01,0.020679999142885208,0.020679999142885208,0.020679999142885208,0.020679999142885208,0.020679999142885208,0
2024-10-02,0.020679999142885208,0.020679999142885208,0.020679999142885208,0.020679999142885208,0.020679999142885208,0
2024-10-03,0.020679999142885208,0.020679999142885208,0.020679999142885208,0.020679999142885208,0.020679999142885208,0
2024-10-04,0.020679999142885208,0.020679999142885208,0.020679999142885208,0.020679999142885208,0.020679999142885208,0
2024-10-07,0.020679999142885208,0.020679999142885208,0.020679999142885208,0.020679999142885208,0.020679999142885208,0
2024-10-08,0.020679999142885208,0.020679999142885208,0.020679999142885208,0.020679999142885208,0.020679999142885208,0
2024-10-09,0.020679999142885208,0.020679999142885208,0.020679999142885208,0.020679999142885208,0.020679999142885208,0
2024-10-10,0.020679999142885208,0.020679999142885208,0.020679999142885208,0.020679999142885208,0.020679999142885208,0
2024-10-11,0.020679999142885208,0.020679999142885208,0.020679999142885208,0.020679999142885208,0.020679999142885208,0
2024-10-14,0.020679999142885208,0.020679999142885208,0.020679999142885208,0.020679999142885208,0.020679999142885208,0
2024-10-15,0.05000000074505806,0.15000000596046448,0.014000000432133675,0.15000000596046448,0.15000000596046448,77204
2024-10-16,0.10999999940395355,0.10999999940395355,0.10999999940395355,0.10999999940395355,0.10999999940395355,19999
2024-10-17,0.10000000149011612,0.10000000149011612,0.07909999787807465,0.07909999787807465,0.07909999787807465,5900
2024-10-18,0.07909999787807465,0.07909999787807465,0.07909999787807465,0.07909999787807465,0.07909999787807465,0
2024-10-21,0.07909999787807465,0.07909999787807465,0.07909999787807465,0.07909999787807465,0.07909999787807465,0
2024-10-22,0.07909999787807465,0.07909999787807465,0.07909999787807465,0.07909999787807465,0.07909999787807465,0
2024-10-23,0.07909999787807465,0.07909999787807465,0.07909999787807465,0.07909999787807465,0.07909999787807465,0
2024-10-24,0.07909999787807465,0.07909999787807465,0.07909999787807465,0.07909999787807465,0.07909999787807465,0
2024-10-25,0.07909999787807465,0.07909999787807465,0.07909999787807465,0.07909999787807465,0.07909999787807465,0
2024-10-28,0.07909999787807465,0.07909999787807465,0.07909999787807465,0.07909999787807465,0.07909999787807465,0
2024-10-29,0.07909999787807465,0.07909999787807465,0.07909999787807465,0.07909999787807465,0.07909999787807465,0
2024-10-30,0.07909999787807465,0.07909999787807465,0.07909999787807465,0.07909999787807465,0.07909999787807465,0
2024-10-31,0.07909999787807465,0.07909999787807465,0.07909999787807465,0.07909999787807465,0.07909999787807465,0
2024-11-01,0.07909999787807465,0.07909999787807465,0.07909999787807465,0.07909999787807465,0.07909999787807465,0
2024-11-04,0.07909999787807465,0.07909999787807465,0.07909999787807465,0.07909999787807465,0.07909999787807465,0
2024-11-05,0.07909999787807465,0.07909999787807465,0.07909999787807465,0.07909999787807465,0.07909999787807465,0
2024-11-06,0.07909999787807465,0.07909999787807465,0.07909999787807465,0.07909999787807465,0.07909999787807465,0
2024-11-07,0.07909999787807465,0.07909999787807465,0.07909999787807465,0.07909999787807465,0.07909999787807465,0
2024-11-08,0.07909999787807465,0.07909999787807465,0.07909999787807465,0.07909999787807465,0.07909999787807465,0
2024-11-11,0.07909999787807465,0.07909999787807465,0.07909999787807465,0.07909999787807465,0.07909999787807465,0
2024-11-12,0.07909999787807465,0.07909999787807465,0.07909999787807465,0.07909999787807465,0.07909999787807465,0
2024-11-13,0.07909999787807465,0.07909999787807465,0.07909999787807465,0.07909999787807465,0.07909999787807465,0
2024-11-14,0.07909999787807465,0.07909999787807465,0.07909999787807465,0.07909999787807465,0.07909999787807465,0
2024-11-15,0.07909999787807465,0.07909999787807465,0.07909999787807465,0.07909999787807465,0.07909999787807465,0
2024-11-18,0.07909999787807465,0.07909999787807465,0.07909999787807465,0.07909999787807465,0.07909999787807465,0
2024-11-19,0.07909999787807465,0.07909999787807465,0.07909999787807465,0.07909999787807465,0.07909999787807465,0
2024-11-20,0.07909999787807465,0.07909999787807465,0.07909999787807465,0.07909999787807465,0.07909999787807465,0
2024-11-21,0.07909999787807465,0.07909999787807465,0.07909999787807465,0.07909999787807465,0.07909999787807465,0
2024-11-22,0.017999999225139618,0.017999999225139618,0.017999999225139618,0.017999999225139618,0.017999999225139618,666
2024-11-25,0.017999999225139618,0.017999999225139618,0.017999999225139618,0.017999999225139618,0.017999999225139618,0
2024-11-26,0.017999999225139618,0.017999999225139618,0.017999999225139618,0.017999999225139618,0.017999999225139618,0
2024-11-27,0.017999999225139618,0.017999999225139618,0.017999999225139618,0.017999999225139618,0.017999999225139618,0
2024-11-29,0.017999999225139618,0.017999999225139618,0.017999999225139618,0.017999999225139618,0.017999999225139618,0
2024-12-02,0.017999999225139618,0.017999999225139618,0.017999999225139618,0.017999999225139618,0.017999999225139618,0
2024-12-03,0.017999999225139618,0.017999999225139618,0.017999999225139618,0.017999999225139618,0.017999999225139618,0
2024-12-04,0.017999999225139618,0.017999999225139618,0.017999999225139618,0.017999999225139618,0.017999999225139618,0
2024-12-05,0.017999999225139618,0.017999999225139618,0.017999999225139618,0.017999999225139618,0.017999999225139618,0
2024-12-06,0.04089999943971634,0.04089999943971634,0.04089999943971634,0.04089999943971634,0.04089999943971634,1666
2024-12-09,0.04089999943971634,0.04089999943971634,0.04089999943971634,0.04089999943971634,0.04089999943971634,0
2024-12-10,0.04089999943971634,0.04089999943971634,0.04089999943971634,0.04089999943971634,0.04089999943971634,0
2024-12-11,0.04089999943971634,0.04089999943971634,0.04089999943971634,0.04089999943971634,0.04089999943971634,0
2024-12-12,0.04100000113248825,0.04100000113248825,0.04100000113248825,0.04100000113248825,0.04100000113248825,333
2024-12-13,0.04100000113248825,0.04100000113248825,0.04100000113248825,0.04100000113248825,0.04100000113248825,0
2024-12-16,0.04100000113248825,0.04100000113248825,0.04100000113248825,0.04100000113248825,0.04100000113248825,0
2024-12-17,0.04100000113248825,0.04100000113248825,0.04100000113248825,0.04100000113248825,0.04100000113248825,0
2024-12-18,0.04100000113248825,0.04100000113248825,0.04100000113248825,0.04100000113248825,0.04100000113248825,0
2024-12-19,0.04100000113248825,0.04100000113248825,0.04100000113248825,0.04100000113248825,0.04100000113248825,0
2024-12-20,0.04100000113248825,0.04100000113248825,0.04100000113248825,0.04100000113248825,0.04100000113248825,0
2024-12-23,0.04100000113248825,0.04100000113248825,0.04100000113248825,0.04100000113248825,0.04100000113248825,3333
2024-12-24,0.04100000113248825,0.04100000113248825,0.04100000113248825,0.04100000113248825,0.04100000113248825,0
2024-12-26,0.04100000113248825,0.04100000113248825,0.04100000113248825,0.04100000113248825,0.04100000113248825,0
2024-12-27,0.04100000113248825,0.04100000113248825,0.04100000113248825,0.04100000113248825,0.04100000113248825,0
2024-12-30,0.04100000113248825,0.04100000113248825,0.04100000113248825,0.04100000113248825,0.04100000113248825,1666
2024-12-31,0.04100000113248825,0.04100000113248825,0.04100000113248825,0.04100000113248825,0.04100000113248825,0
2025-01-02,0.04100000113248825,0.04100000113248825,0.04100000113248825,0.04100000113248825,0.04100000113248825,0
2025-01-03,0.04100000113248825,0.04100000113248825,0.04100000113248825,0.04100000113248825,0.04100000113248825,0
2025-01-06,0.04100000113248825,0.04100000113248825,0.04100000113248825,0.04100000113248825,0.04100000113248825,0
2025-01-07,0.04100000113248825,0.04100000113248825,0.04100000113248825,0.04100000113248825,0.04100000113248825,0
2025-01-08,0.04100000113248825,0.04100000113248825,0.04100000113248825,0.04100000113248825,0.04100000113248825,0
2025-01-10,0.04100000113248825,0.04100000113248825,0.04100000113248825,0.04100000113248825,0.04100000113248825,0
2025-01-13,0.04100000113248825,0.04100000113248825,0.04100000113248825,0.04100000113248825,0.04100000113248825,0
2025-01-14,0.04100000113248825,0.04100000113248825,0.04100000113248825,0.04100000113248825,0.04100000113248825,333
2025-01-15,0.04100000113248825,0.04100000113248825,0.04100000113248825,0.04100000113248825,0.04100000113248825,0
2025-01-16,0.04100000113248825,0.04100000113248825,0.04100000113248825,0.04100000113248825,0.04100000113248825,0
2025-01-17,0.04100000113248825,0.04100000113248825,0.04100000113248825,0.04100000113248825,0.04100000113248825,0
2025-01-21,0.04100000113248825,0.04100000113248825,0.04100000113248825,0.04100000113248825,0.04100000113248825,0
2025-01-22,0.04100000113248825,0.04100000113248825,0.04100000113248825,0.04100000113248825,0.04100000113248825,0
2025-01-23,0.041099999099969864,0.041099999099969864,0.04100000113248825,0.04100000113248825,0.04100000113248825,16732
2025-01-24,0.04100000113248825,0.04100000113248825,0.04100000113248825,0.04100000113248825,0.04100000113248825,0
2025-01-27,0.04100000113248825,0.04100000113248825,0.04100000113248825,0.04100000113248825,0.04100000113248825,0
2025-01-28,0.04100000113248825,0.04100000113248825,0.04100000113248825,0.04100000113248825,0.04100000113248825,0
2025-01-29,0.04100000113248825,0.04100000113248825,0.04100000113248825,0.04100000113248825,0.04100000113248825,0
2025-01-30,0.04100000113248825,0.04100000113248825,0.04100000113248825,0.04100000113248825,0.04100000113248825,0
2025-01-31,0.014999999664723873,0.014999999664723873,0.014999999664723873,0.014999999664723873,0.014999999664723873,12232
2025-02-03,0.014999999664723873,0.014999999664723873,0.014999999664723873,0.014999999664723873,0.014999999664723873,0
2025-02-04,0.14000000059604645,0.14000000059604645,0.14000000059604645,0.14000000059604645,0.14000000059604645,5000
2025-02-05,0.14000000059604645,0.14000000059604645,0.14000000059604645,0.14000000059604645,0.14000000059604645,0
2025-02-06,0.14000000059604645,0.14000000059604645,0.14000000059604645,0.14000000059604645,0.14000000059604645,0
2025-02-07,0.14000000059604645,0.14000000059604645,0.14000000059604645,0.14000000059604645,0.14000000059604645,0
2025-02-10,0.14000000059604645,0.14000000059604645,0.14000000059604645,0.14000000059604645,0.14000000059604645,0
2025-02-11,0.14000000059604645,0.14000000059604645,0.14000000059604645,0.14000000059604645,0.14000000059604645,0
2025-02-12,0.14000000059604645,0.14000000059604645,0.14000000059604645,0.14000000059604645,0.14000000059604645,0
2025-02-13,0.14000000059604645,0.14000000059604645,0.14000000059604645,0.14000000059604645,0.14000000059604645,0
2025-02-14,0.14000000059604645,0.14000000059604645,0.14000000059604645,0.14000000059604645,0.14000000059604645,0
2025-02-18,0.14000000059604645,0.14000000059604645,0.14000000059604645,0.14000000059604645,0.14000000059604645,0
2025-02-19,0.14000000059604645,0.14000000059604645,0.14000000059604645,0.14000000059604645,0.14000000059604645,0
2025-02-20,0.05139999836683273,0.07000000029802322,0.05139999836683273,0.07000000029802322,0.07000000029802322,16667
2025-02-21,0.07000000029802322,0.07000000029802322,0.07000000029802322,0.07000000029802322,0.07000000029802322,0
2025-02-24,0.050700001418590546,0.050700001418590546,0.050700001418590546,0.050700001418590546,0.050700001418590546,750
2025-02-25,0.04699999839067459,0.04699999839067459,0.04699999839067459,0.04699999839067459,0.04699999839067459,1296
2025-02-26,0.04699999839067459,0.04699999839067459,0.04699999839067459,0.04699999839067459,0.04699999839067459,0
2025-02-27,0.04699999839067459,0.04699999839067459,0.04699999839067459,0.04699999839067459,0.04699999839067459,0
2025-02-28,0.04699999839067459,0.04699999839067459,0.04699999839067459,0.04699999839067459,0.04699999839067459,0
2025-03-03,0.039400000125169754,0.039400000125169754,0.039400000125169754,0.039400000125169754,0.039400000125169754,300
2025-03-04,0.039400000125169754,0.039400000125169754,0.039400000125169754,0.039400000125169754,0.039400000125169754,0
2025-03-05,0.041999999433755875,0.041999999433755875,0.041999999433755875,0.041999999433755875,0.041999999433755875,200
2025-03-06,0.041999999433755875,0.041999999433755875,0.041999999433755875,0.041999999433755875,0.041999999433755875,0
2025-03-07,0.041999999433755875,0.041999999433755875,0.041999999433755875,0.041999999433755875,0.041999999433755875,0
2025-03-10,0.041999999433755875,0.041999999433755875,0.041999999433755875,0.041999999433755875,0.041999999433755875,0
2025-03-11,0.041999999433755875,0.041999999433755875,0.041999999433755875,0.041999999433755875,0.041999999433755875,0
2025-03-12,0.041999999433755875,0.041999999433755875,0.041999999433755875,0.041999999433755875,0.041999999433755875,0
2025-03-13,0.03999999910593033,0.03999999910593033,0.03620000183582306,0.03620000183582306,0.03620000183582306,25140
2025-03-14,0.03620000183582306,0.03620000183582306,0.03620000183582306,0.03620000183582306,0.03620000183582306,0
2025-03-17,0.03999999910593033,0.03999999910593033,0.03999999910593033,0.03999999910593033,0.03999999910593033,500
2025-03-18,0.03999999910593033,0.03999999910593033,0.03999999910593033,0.03999999910593033,0.03999999910593033,0
2025-03-19,0.03999999910593033,0.03999999910593033,0.03999999910593033,0.03999999910593033,0.03999999910593033,0
2025-03-20,0.03999999910593033,0.03999999910593033,0.03999999910593033,0.03999999910593033,0.03999999910593033,0
2025-03-21,0.03999999910593033,0.03999999910593033,0.03999999910593033,0.03999999910593033,0.03999999910593033,0
2025-03-24,0.03999999910593033,0.03999999910593033,0.03999999910593033,0.03999999910593033,0.03999999910593033,0
2025-03-25,0.03999999910593033,0.03999999910593033,0.03999999910593033,0.03999999910593033,0.03999999910593033,0
2025-03-26,0.03999999910593033,0.03999999910593033,0.03999999910593033,0.03999999910593033,0.03999999910593033,0
2025-03-27,0.03500000014901161,0.03500000014901161,0.03500000014901161,0.03500000014901161,0.03500000014901161,1500
2025-03-28,0.03500000014901161,0.03500000014901161,0.03500000014901161,0.03500000014901161,0.03500000014901161,0
2025-03-31,0.03500000014901161,0.03500000014901161,0.03500000014901161,0.03500000014901161,0.03500000014901161,0
2025-04-01,0.03500000014901161,0.03500000014901161,0.03500000014901161,0.03500000014901161,0.03500000014901161,0
2025-04-02,0.03500000014901161,0.03500000014901161,0.03500000014901161,0.03500000014901161,0.03500000014901161,0
2025-04-03,0.03500000014901161,0.03500000014901161,0.03500000014901161,0.03500000014901161,0.03500000014901161,0
2025-04-04,0.03500000014901161,0.03500000014901161,0.03500000014901161,0.03500000014901161,0.03500000014901161,0
2025-04-07,0.016100000590085983,0.016100000590085983,0.016100000590085983,0.016100000590085983,0.016100000590085983,11666
2025-04-08,0.016100000590085983,0.016100000590085983,0.016100000590085983,0.016100000590085983,0.016100000590085983,0
2025-04-09,0.016100000590085983,0.016100000590085983,0.016100000590085983,0.016100000590085983,0.016100000590085983,0
2025-04-10,0.016100000590085983,0.016100000590085983,0.016100000590085983,0.016100000590085983,0.016100000590085983,0
2025-04-11,0.016100000590085983,0.016100000590085983,0.016100000590085983,0.016100000590085983,0.016100000590085983,0
2025-04-14,0.016100000590085983,0.016100000590085983,0.016100000590085983,0.016100000590085983,0.016100000590085983,0
2025-04-15,0.016100000590085983,0.016100000590085983,0.016100000590085983,0.016100000590085983,0.016100000590085983,0
2025-04-16,0.016100000590085983,0.016100000590085983,0.016100000590085983,0.016100000590085983,0.016100000590085983,0
2025-04-17,0.016100000590085983,0.016100000590085983,0.016100000590085983,0.016100000590085983,0.016100000590085983,0
2025-04-21,0.016100000590085983,0.016100000590085983,0.016100000590085983,0.016100000590085983,0.016100000590085983,0
2025-04-22,0.016100000590085983,0.016100000590085983,0.016100000590085983,0.016100000590085983,0.016100000590085983,0
2025-04-23,0.016100000590085983,0.016100000590085983,0.016100000590085983,0.016100000590085983,0.016100000590085983,0
2025-04-24,0.016100000590085983,0.016100000590085983,0.016100000590085983,0.016100000590085983,0.016100000590085983,0
2025-04-25,0.016100000590085983,0.016100000590085983,0.016100000590085983,0.016100000590085983,0.016100000590085983,0
2025-04-28,0.016100000590085983,0.016100000590085983,0.016100000590085983,0.016100000590085983,0.016100000590085983,0
2025-04-29,0.016100000590085983,0.016100000590085983,0.016100000590085983,0.016100000590085983,0.016100000590085983,0
2025-04-30,0.016100000590085983,0.016100000590085983,0.016100000590085983,0.016100000590085983,0.016100000590085983,0
2025-05-01,0.016100000590085983,0.016100000590085983,0.016100000590085983,0.016100000590085983,0.016100000590085983,0
2025-05-02,0.016100000590085983,0.016100000590085983,0.016100000590085983,0.016100000590085983,0.016100000590085983,0
2025-05-05,0.016100000590085983,0.016100000590085983,0.016100000590085983,0.016100000590085983,0.016100000590085983,0
2025-05-06,0.016100000590085983,0.016100000590085983,0.016100000590085983,0.016100000590085983,0.016100000590085983,0
2025-05-07,0.016100000590085983,0.016100000590085983,0.016100000590085983,0.016100000590085983,0.016100000590085983,0
2025-05-08,0.016100000590085983,0.016100000590085983,0.016100000590085983,0.016100000590085983,0.016100000590085983,0
2025-05-09,0.016100000590085983,0.016100000590085983,0.016100000590085983,0.016100000590085983,0.016100000590085983,0
2025-05-12,0.016100000590085983,0.016100000590085983,0.016100000590085983,0.016100000590085983,0.016100000590085983,0
2025-05-13,0.016100000590085983,0.016100000590085983,0.016100000590085983,0.016100000590085983,0.016100000590085983,0
2025-05-14,0.016100000590085983,0.016100000590085983,0.016100000590085983,0.016100000590085983,0.016100000590085983,0
2025-05-15,0.016100000590085983,0.016100000590085983,0.016100000590085983,0.016100000590085983,0.016100000590085983,0
2025-05-16,0.016100000590085983,0.016100000590085983,0.016100000590085983,0.016100000590085983,0.016100000590085983,0
2025-05-19,0.016100000590085983,0.016100000590085983,0.016100000590085983,0.016100000590085983,0.016100000590085983,0
2025-05-20,0.016100000590085983,0.016100000590085983,0.016100000590085983,0.016100000590085983,0.016100000590085983,0
2025-05-21,0.016100000590085983,0.016100000590085983,0.016100000590085983,0.016100000590085983,0.016100000590085983,0
2025-05-22,0.016100000590085983,0.016100000590085983,0.016100000590085983,0.016100000590085983,0.016100000590085983,0
2025-05-23,0.07970000058412552,0.07999999821186066,0.07970000058412552,0.07999999821186066,0.07999999821186066,350
2025-05-27,0.07999999821186066,0.07999999821186066,0.07999999821186066,0.07999999821186066,0.07999999821186066,0
2025-05-28,0.07999999821186066,0.07999999821186066,0.07999999821186066,0.07999999821186066,0.07999999821186066,0
2025-05-29,0.07999999821186066,0.07999999821186066,0.07999999821186066,0.07999999821186066,0.07999999821186066,0
2025-05-30,0.010599999688565731,0.010599999688565731,0.010599999688565731,0.010599999688565731,0.010599999688565731,1333
2025-06-02,0.010599999688565731,0.010599999688565731,0.010599999688565731,0.010599999688565731,0.010599999688565731,0
2025-06-03,0.010599999688565731,0.010599999688565731,0.010599999688565731,0.010599999688565731,0.010599999688565731,0
2025-06-04,0.010599999688565731,0.010599999688565731,0.010599999688565731,0.010599999688565731,0.010599999688565731,0
2025-06-05,0.010599999688565731,0.010599999688565731,0.010599999688565731,0.010599999688565731,0.010599999688565731,0
2025-06-06,0.010599999688565731,0.010599999688565731,0.010599999688565731,0.010599999688565731,0.010599999688565731,0
2025-06-09,0.010999999940395355,0.010999999940395355,0.010999999940395355,0.010999999940395355,0.010999999940395355,1097
2025-06-10,0.010999999940395355,0.010999999940395355,0.010999999940395355,0.010999999940395355,0.010999999940395355,0
2025-06-11,0.010999999940395355,0.010999999940395355,0.010999999940395355,0.010999999940395355,0.010999999940395355,0
2025-06-12,0.013000000268220901,0.013000000268220901,0.009999999776482582,0.009999999776482582,0.009999999776482582,117425
2025-06-13,0.009999999776482582,0.009999999776482582,0.009999999776482582,0.009999999776482582,0.009999999776482582,0
2025-06-16,0.010499999858438969,0.010499999858438969,0.010499999858438969,0.010499999858438969,0.010499999858438969,366
2025-06-17,0.010499999858438969,0.010499999858438969,0.010499999858438969,0.010499999858438969,0.010499999858438969,0
2025-06-18,0.010499999858438969,0.010499999858438969,0.010499999858438969,0.010499999858438969,0.010499999858438969,0
2025-06-20,0.010499999858438969,0.010499999858438969,0.010499999858438969,0.010499999858438969,0.010499999858438969,0
2025-06-23,0.010499999858438969,0.010499999858438969,0.010499999858438969,0.010499999858438969,0.010499999858438969,0
2025-06-24,0.010499999858438969,0.010499999858438969,0.010499999858438969,0.010499999858438969,0.010499999858438969,0
2025-06-25,0.010499999858438969,0.010499999858438969,0.010499999858438969,0.010499999858438969,0.010499999858438969,0
2025-06-26,0.010499999858438969,0.010499999858438969,0.010499999858438969,0.010499999858438969,0.010499999858438969,0
2025-06-27,0.010499999858438969,0.010499999858438969,0.010499999858438969,0.010499999858438969,0.010499999858438969,0
2025-06-30,0.010499999858438969,0.010499999858438969,0.010499999858438969,0.010499999858438969,0.010499999858438969,0
2025-07-01,0.010499999858438969,0.010499999858438969,0.010499999858438969,0.010499999858438969,0.010499999858438969,0
2025-07-02,0.010499999858438969,0.010499999858438969,0.010499999858438969,0.010499999858438969,0.010499999858438969,0
2025-07-03,0.010499999858438969,0.010499999858438969,0.010499999858438969,0.010499999858438969,0.010499999858438969,0
2025-07-07,0.010499999858438969,0.010499999858438969,0.010499999858438969,0.010499999858438969,0.010499999858438969,0
2025-07-08,0.010499999858438969,0.010499999858438969,0.010499999858438969,0.010499999858438969,0.010499999858438969,0
2025-07-09,0.010499999858438969,0.010499999858438969,0.010499999858438969,0.010499999858438969,0.010499999858438969,0
2025-07-10,0.010499999858438969,0.010499999858438969,0.010499999858438969,0.010499999858438969,0.010499999858438969,0
2025-07-11,0.010499999858438969,0.010499999858438969,0.010499999858438969,0.010499999858438969,0.010499999858438969,0
2025-07-14,0.010499999858438969,0.010499999858438969,0.010499999858438969,0.010499999858438969,0.010499999858438969,0
2025-07-15,0.010499999858438969,0.010499999858438969,0.010499999858438969,0.010499999858438969,0.010499999858438969,0
2025-07-16,0.010499999858438969,0.010499999858438969,0.010499999858438969,0.010499999858438969,0.010499999858438969,0
2025-07-17,0.010499999858438969,0.010499999858438969,0.010499999858438969,0.010499999858438969,0.010499999858438969,0
2025-07-18,0.010499999858438969,0.010499999858438969,0.010499999858438969,0.010499999858438969,0.010499999858438969,0
2025-07-21,0.010499999858438969,0.010499999858438969,0.010499999858438969,0.010499999858438969,0.010499999858438969,0
2025-07-22,0.010499999858438969,0.010499999858438969,0.010499999858438969,0.010499999858438969,0.010499999858438969,0
2025-07-23,0.010499999858438969,0.010499999858438969,0.010499999858438969,0.010499999858438969,0.010499999858438969,0
2025-07-24,0.010499999858438969,0.010499999858438969,0.010499999858438969,0.010499999858438969,0.010499999858438969,0
2025-07-25,0.010499999858438969,0.010499999858438969,0.010499999858438969,0.010499999858438969,0.010499999858438969,0
2025-07-28,0.009999999776482582,0.009999999776482582,0.009999999776482582,0.009999999776482582,0.009999999776482582,666
2025-07-29,0.009999999776482582,0.009999999776482582,0.009999999776482582,0.009999999776482582,0.009999999776482582,0
2025-07-30,0.009999999776482582,0.009999999776482582,0.009999999776482582,0.009999999776482582,0.009999999776482582,0
2025-07-31,0.009999999776482582,0.009999999776482582,0.009999999776482582,0.009999999776482582,0.009999999776482582,333
2025-08-01,0.009999999776482582,0.009999999776482582,0.009999999776482582,0.009999999776482582,0.009999999776482582,0
2025-08-04,0.009999999776482582,0.009999999776482582,0.009999999776482582,0.009999999776482582,0.009999999776482582,166
2025-08-05,0.009999999776482582,0.009999999776482582,0.009999999776482582,0.009999999776482582,0.009999999776482582,0
2025-08-06,0.009999999776482582,0.009999999776482582,0.009999999776482582,0.009999999776482582,0.009999999776482582,0
2025-08-07,0.009999999776482582,0.009999999776482582,0.009999999776482582,0.009999999776482582,0.009999999776482582,0
2025-08-08,0.009999999776482582,0.009999999776482582,0.009999999776482582,0.009999999776482582,0.009999999776482582,1000
2025-08-11,0.009999999776482582,0.009999999776482582,0.009999999776482582,0.009999999776482582,0.009999999776482582,0
2025-08-12,0.009999999776482582,0.009999999776482582,0.009999999776482582,0.009999999776482582,0.009999999776482582,0
2025-08-13,0.009999999776482582,0.009999999776482582,0.009999999776482582,0.009999999776482582,0.009999999776482582,0
2025-08-14,0.009999999776482582,0.009999999776482582,0.009999999776482582,0.009999999776482582,0.009999999776482582,0
2025-08-15,0.009999999776482582,0.009999999776482582,0.009999999776482582,0.009999999776482582,0.009999999776482582,0
2025-08-18,0.009999999776482582,0.009999999776482582,0.009999999776482582,0.009999999776482582,0.009999999776482582,0
2025-08-19,0.009999999776482582,0.009999999776482582,0.009999999776482582,0.009999999776482582,0.009999999776482582,0
2025-08-20,0.009999999776482582,0.009999999776482582,0.009999999776482582,0.009999999776482582,0.009999999776482582,0
2025-08-21,0.009999999776482582,0.009999999776482582,0.009999999776482582,0.009999999776482582,0.009999999776482582,0
2025-08-22,0.019999999552965164,0.029999999329447746,0.019999999552965164,0.029999999329447746,0.029999999329447746,31000
2025-08-25,0.029999999329447746,0.029999999329447746,0.029999999329447746,0.029999999329447746,0.029999999329447746,0
2025-08-26,0.029999999329447746,0.029999999329447746,0.029999999329447746,0.029999999329447746,0.029999999329447746,0
2025-08-27,0.029999999329447746,0.029999999329447746,0.029999999329447746,0.029999999329447746,0.029999999329447746,0
2025-08-28,0.029999999329447746,0.029999999329447746,0.029999999329447746,0.029999999329447746,0.029999999329447746,0
2025-08-29,0.029999999329447746,0.029999999329447746,0.029999999329447746,0.029999999329447746,0.029999999329447746,0
2025-09-02,0.029999999329447746,0.029999999329447746,0.029999999329447746,0.029999999329447746,0.029999999329447746,0
2025-09-03,0.029999999329447746,0.029999999329447746,0.029999999329447746,0.029999999329447746,0.029999999329447746,0
2025-09-04,0.029999999329447746,0.029999999329447746,0.029999999329447746,0.029999999329447746,0.029999999329447746,0
2025-09-05,0.029999999329447746,0.029999999329447746,0.029999999329447746,0.029999999329447746,0.029999999329447746,0
2025-09-08,0.029999999329447746,0.029999999329447746,0.029999999329447746,0.029999999329447746,0.029999999329447746,0
2025-09-09,0.029999999329447746,0.029999999329447746,0.029999999329447746,0.029999999329447746,0.029999999329447746,0
2025-09-10,0.029999999329447746,0.029999999329447746,0.029999999329447746,0.029999999329447746,0.029999999329447746,0
2025-09-11,0.029999999329447746,0.029999999329447746,0.029999999329447746,0.029999999329447746,0.029999999329447746,0
2025-09-12,0.005799999926239252,0.005799999926239252,0.005799999926239252,0.005799999926239252,0.005799999926239252,1000
2025-09-15,0.005799999926239252,0.005799999926239252,0.005799999926239252,0.005799999926239252,0.005799999926239252,0
2025-09-16,0.005799999926239252,0.005799999926239252,0.005799999926239252,0.005799999926239252,0.005799999926239252,0
2025-09-17,0.005799999926239252,0.005799999926239252,0.005799999926239252,0.005799999926239252,0.005799999926239252,0
2025-09-18,0.005799999926239252,0.005799999926239252,0.005799999926239252,0.005799999926239252,0.005799999926239252,0
2025-09-19,0.009999999776482582,0.009999999776482582,0.009999999776482582,0.009999999776482582,0.009999999776482582,3378
2025-09-22,0.019999999552965164,0.019999999552965164,0.019999999552965164,0.019999999552965164,0.019999999552965164,205
2025-09-23,0.019999999552965164,0.019999999552965164,0.019999999552965164,0.019999999552965164,0.019999999552965164,0
2025-09-24,0.019999999552965164,0.019999999552965164,0.019999999552965164,0.019999999552965164,0.019999999552965164,750
2025-09-25,0.019999999552965164,0.02500000037252903,0.01940000057220459,0.01940000057220459,0.01940000057220459,15000
2025-09-26,0.01940000057220459,0.01940000057220459,0.01940000057220459,0.01940000057220459,0.01940000057220459,0
2025-09-29,0.01940000057220459,0.01940000057220459,0.01940000057220459,0.01940000057220459,0.01940000057220459,0
2025-09-30,0.01940000057220459,0.01940000057220459,0.01940000057220459,0.01940000057220459,0.01940000057220459,0
2025-10-01,0.01940000057220459,0.01940000057220459,0.01940000057220459,0.01940000057220459,0.01940000057220459,0
2025-10-02,0.010599999688565731,0.010599999688565731,0.010599999688565731,0.010599999688565731,0.010599999688565731,1000
2025-10-03,0.010599999688565731,0.010599999688565731,0.010599999688565731,0.010599999688565731,0.010599999688565731,0
2025-10-06,0.010599999688565731,0.010599999688565731,0.010599999688565731,0.010599999688565731,0.010599999688565731,0
2025-10-07,0.010599999688565731,0.010599999688565731,0.010599999688565731,0.010599999688565731,0.010599999688565731,0
2025-10-08,0.010599999688565731,0.010599999688565731,0.010599999688565731,0.010599999688565731,0.010599999688565731,0
2025-10-09,0.010599999688565731,0.010599999688565731,0.010599999688565731,0.010599999688565731,0.010599999688565731,0
2025-10-10,0.010599999688565731,0.010599999688565731,0.010599999688565731,0.010599999688565731,0.010599999688565731,0
2025-10-13,0.010599999688565731,0.010599999688565731,0.010599999688565731,0.010599999688565731,0.010599999688565731,0
2025-10-14,0.010599999688565731,0.010599999688565731,0.010599999688565731,0.010599999688565731,0.010599999688565731,0
2025-10-15,0.010599999688565731,0.010599999688565731,0.010599999688565731,0.010599999688565731,0.010599999688565731,0
2025-10-16,0.010599999688565731,0.010599999688565731,0.010599999688565731,0.010599999688565731,0.010599999688565731,0
2025-10-17,0.010599999688565731,0.010599999688565731,0.010599999688565731,0.010599999688565731,0.010599999688565731,0
2025-10-20,0.010599999688565731,0.010599999688565731,0.010599999688565731,0.010599999688565731,0.010599999688565731,0
2025-10-21,0.010599999688565731,0.010599999688565731,0.010599999688565731,0.010599999688565731,0.010599999688565731,0
2025-10-22,0.010599999688565731,0.010599999688565731,0.010599999688565731,0.010599999688565731,0.010599999688565731,0
2025-10-23,0.010599999688565731,0.010599999688565731,0.010599999688565731,0.010599999688565731,0.010599999688565731,0
2025-10-24,0.010599999688565731,0.010599999688565731,0.010599999688565731,0.010599999688565731,0.010599999688565731,0
2025-10-27,0.010599999688565731,0.010599999688565731,0.010599999688565731,0.010599999688565731,0.010599999688565731,0
2025-10-28,0.010599999688565731,0.010599999688565731,0.010599999688565731,0.010599999688565731,0.010599999688565731,0
2025-10-29,0.010599999688565731,0.010599999688565731,0.010599999688565731,0.010599999688565731,0.010599999688565731,0
2025-10-30,0.010999999940395355,0.010999999940395355,0.010999999940395355,0.010999999940395355,0.010999999940395355,466
2025-10-31,0.010999999940395355,0.010999999940395355,0.010999999940395355,0.010999999940395355,0.010999999940395355,0
2025-11-03,0.010999999940395355,0.010999999940395355,0.010999999940395355,0.010999999940395355,0.010999999940395355,0
2025-11-04,0.010999999940395355,0.010999999940395355,0.010999999940395355,0.010999999940395355,0.010999999940395355,0
2025-11-05,0.010999999940395355,0.010999999940395355,0.010999999940395355,0.010999999940395355,0.010999999940395355,0
2025-11-06,0.010999999940395355,0.010999999940395355,0.010999999940395355,0.010999999940395355,0.010999999940395355,967
2025-11-07,0.010999999940395355,0.010999999940395355,0.010999999940395355,0.010999999940395355,0.010999999940395355,0
2025-11-10,0.010999999940395355,0.010999999940395355,0.010999999940395355,0.010999999940395355,0.010999999940395355,0
2025-11-11,0.010999999940395355,0.010999999940395355,0.010999999940395355,0.010999999940395355,0.010999999940395355,0
2025-11-12,0.010999999940395355,0.010999999940395355,0.010999999940395355,0.010999999940395355,0.010999999940395355,0
2025-11-13,0.010999999940395355,0.010999999940395355,0.010999999940395355,0.010999999940395355,0.010999999940395355,0
2025-11-14,0.010999999940395355,0.010999999940395355,0.010999999940395355,0.010999999940395355,0.010999999940395355,0
2025-11-17,0.010999999940395355,0.010999999940395355,0.010999999940395355,0.010999999940395355,0.010999999940395355,0
2025-11-18,0.010999999940395355,0.010999999940395355,0.010999999940395355,0.010999999940395355,0.010999999940395355,0
2025-11-19,0.010999999940395355,0.010999999940395355,0.010999999940395355,0.010999999940395355,0.010999999940395355,0
2025-11-20,0.010999999940395355,0.010999999940395355,0.010999999940395355,0.010999999940395355,0.010999999940395355,0
2025-11-21,0.010999999940395355,0.010999999940395355,0.010999999940395355,0.010999999940395355,0.010999999940395355,0
2025-11-24,0.010999999940395355,0.010999999940395355,0.010999999940395355,0.010999999940395355,0.010999999940395355,0
2025-11-25,0.010999999940395355,0.010999999940395355,0.010999999940395355,0.010999999940395355,0.010999999940395355,0
2025-11-26,0.010999999940395355,0.010999999940395355,0.010999999940395355,0.010999999940395355,0.010999999940395355,0
2025-11-28,0.010999999940395355,0.010999999940395355,0.010999999940395355,0.010999999940395355,0.010999999940395355,0
2025-12-01,0.010999999940395355,0.010999999940395355,0.010999999940395355,0.010999999940395355,0.010999999940395355,0
2025-12-02,0.010999999940395355,0.010999999940395355,0.010999999940395355,0.010999999940395355,0.010999999940395355,0
2025-12-03,0.014399999752640724,0.014399999752640724,0.009999999776482582,0.009999999776482582,0.009999999776482582,6707
2025-12-04,0.009999999776482582,0.009999999776482582,0.009999999776482582,0.009999999776482582,0.009999999776482582,0
2025-12-05,0.009999999776482582,0.009999999776482582,0.009999999776482582,0.009999999776482582,0.009999999776482582,0
2025-12-08,0.009999999776482582,0.009999999776482582,0.009999999776482582,0.009999999776482582,0.009999999776482582,0
2025-12-09,0.009999999776482582,0.009999999776482582,0.009999999776482582,0.009999999776482582,0.009999999776482582,0
2025-12-10,0.009999999776482582,0.009999999776482582,0.009999999776482582,0.009999999776482582,0.009999999776482582,0
2025-12-11,0.004999999888241291,0.004999999888241291,0.004999999888241291,0.004999999888241291,0.004999999888241291,4000
2025-12-12,0.004999999888241291,0.004999999888241291,0.004999999888241291,0.004999999888241291,0.004999999888241291,0
2025-12-15,0.004999999888241291,0.004999999888241291,0.004999999888241291,0.004999999888241291,0.004999999888241291,0
2025-12-16,0.020400000736117363,0.020400000736117363,0.01140000019222498,0.01140000019222498,0.01140000019222498,3365
2025-12-17,0.024000000208616257,0.024000000208616257,0.024000000208616257,0.024000000208616257,0.024000000208616257,325
2025-12-18,0.019999999552965164,0.019999999552965164,0.004999999888241291,0.004999999888241291,0.004999999888241291,6666
2025-12-19,0.004999999888241291,0.004999999888241291,0.004999999888241291,0.004999999888241291,0.004999999888241291,3333
2025-12-22,0.004999999888241291,0.004999999888241291,0.004999999888241291,0.004999999888241291,0.004999999888241291,0
2025-12-23,0.004999999888241291,0.004999999888241291,0.004999999888241291,0.004999999888241291,0.004999999888241291,0
2025-12-24,0.004999999888241291,0.004999999888241291,0.004999999888241291,0.004999999888241291,0.004999999888241291,0
2025-12-26,0.011699999682605267,0.011699999682605267,0.011699999682605267,0.011699999682605267,0.011699999682605267,716
2025-12-29,0.028300000354647636,0.028300000354647636,0.028300000354647636,0.028300000354647636,0.028300000354647636,10000
2025-12-30,0.028300000354647636,0.028300000354647636,0.028300000354647636,0.028300000354647636,0.028300000354647636,0
