date,open,high,low,close,adj_close,volume
,SRE,SRE,SRE,SRE,SRE,SRE
2020-01-02,75.66500091552734,75.74500274658203,74.23999786376953,74.55999755859375,61.31147384643555,2524200
2020-01-03,74.3949966430664,74.71499633789062,73.83499908447266,73.87999725341797,60.75229263305664,2529800
2020-01-06,73.87000274658203,74.56999969482422,73.87000274658203,74.5,61.26213836669922,2214400
2020-01-07,74.17500305175781,74.66000366210938,73.80500030517578,74.44000244140625,61.21279525756836,2421200
2020-01-08,74.66500091552734,75.23999786376953,74.50499725341797,74.94999694824219,61.632179260253906,2510000
2020-01-09,74.87999725341797,75.11000061035156,74.2750015258789,74.41000366210938,61.188140869140625,2238800
2020-01-10,74.625,75.1500015258789,74.56500244140625,74.87999725341797,61.57463073730469,2288200
2020-01-13,74.9000015258789,75.9000015258789,74.875,75.58499908447266,62.15434265136719,1936600
2020-01-14,75.625,75.96499633789062,75.19499969482422,75.61000061035156,62.17491912841797,2682800
2020-01-15,75.88999938964844,77.23500061035156,75.88999938964844,77.06999969482422,63.37547302246094,2060600
2020-01-16,77.26000213623047,77.98999786376953,77.13999938964844,77.58999633789062,63.803062438964844,2856000
2020-01-17,77.73999786376953,78.6500015258789,77.56999969482422,78.5999984741211,64.63361358642578,2891400
2020-01-21,78.51000213623047,79.05999755859375,78.20999908447266,78.9800033569336,64.94610595703125,3016200
2020-01-22,79.08999633789062,79.40499877929688,78.54000091552734,78.7750015258789,64.77751922607422,1799400
2020-01-23,78.7249984741211,80.08999633789062,78.52999877929688,80.02999877929688,65.80953216552734,3067000
2020-01-24,79.8949966430664,80.25499725341797,79.50499725341797,79.87999725341797,65.6861572265625,1962200
2020-01-27,79.57499694824219,80.0999984741211,78.93000030517578,79.2699966430664,65.1845474243164,1898200
2020-01-28,79.4749984741211,79.9749984741211,79.2750015258789,79.91000366210938,65.71086120605469,2001400
2020-01-29,79.73500061035156,79.90499877929688,79.0999984741211,79.33999633789062,65.24211883544922,1924200
2020-01-30,79.38500213623047,80.69000244140625,79.18499755859375,80.56500244140625,66.24945831298828,1858000
2020-01-31,80.2750015258789,80.5999984741211,79.78500366210938,80.31999969482422,66.04798889160156,3834800
2020-02-03,80.6449966430664,80.93499755859375,80.2750015258789,80.52999877929688,66.22066497802734,1917000
2020-02-04,80.33999633789062,80.83000183105469,79.38999938964844,79.48500061035156,65.36135864257812,2844000
2020-02-05,79.47000122070312,80.16000366210938,79.26499938964844,79.5250015258789,65.39424133300781,1953600
2020-02-06,79.66999816894531,80.62000274658203,79.31500244140625,80.25,65.99043273925781,2688200
2020-02-07,80.33000183105469,80.54000091552734,79.18000030517578,79.29499816894531,65.20511627197266,2501400
2020-02-10,79.34500122070312,79.625,78.80000305175781,78.98999786376953,64.9543228149414,1770200
2020-02-11,79.26499938964844,79.79000091552734,79.05999755859375,79.27999877929688,65.19276428222656,1355800
2020-02-12,78.95500183105469,79.6500015258789,78.78500366210938,79.44499969482422,65.3284683227539,1651800
2020-02-13,79.3949966430664,79.8949966430664,78.88500213623047,79.5,65.37369537353516,2522200
2020-02-14,79.80999755859375,80.4800033569336,79.80999755859375,80.4800033569336,66.17955017089844,1548800
2020-02-18,80.75,80.87999725341797,80.2300033569336,80.44499969482422,66.1507797241211,2317000
2020-02-19,80.32499694824219,80.63999938964844,79.82499694824219,79.86499786376953,65.67384338378906,1580000
2020-02-20,79.66500091552734,80.13500213623047,79.41999816894531,79.94499969482422,65.73963928222656,2364400
2020-02-21,79.78500366210938,80.29499816894531,79.12000274658203,79.21499633789062,65.13933563232422,2571600
2020-02-24,78.91999816894531,79.11499786376953,77.05999755859375,77.08000183105469,63.38370132446289,4131800
2020-02-25,77.24500274658203,77.38500213623047,74.54499816894531,74.78500366210938,61.49651336669922,3489800
2020-02-26,74.9749984741211,75.47000122070312,73.2300033569336,73.43499755859375,60.386375427246094,4264200
2020-02-27,73.77999877929688,75.33499908447266,70.69000244140625,70.70999908447266,58.14558792114258,6428000
2020-02-28,69.05000305175781,70.41999816894531,67.32499694824219,69.88999938964844,57.471282958984375,8415400
2020-03-02,70.2300033569336,71.8499984741211,69.58499908447266,71.11499786376953,58.478614807128906,6647200
2020-03-03,71.32499694824219,73.13500213623047,69.97000122070312,70.51000213623047,57.98113250732422,5068200
2020-03-04,71.3499984741211,74.0,71.26000213623047,73.91999816894531,60.78520202636719,3129400
2020-03-05,72.45999908447266,72.69999694824219,70.3949966430664,70.87999725341797,58.285369873046875,6219000
2020-03-06,69.05500030517578,71.32499694824219,68.36000061035156,70.93499755859375,58.330596923828125,4949400
2020-03-09,67.05000305175781,68.06999969482422,62.55500030517578,63.880001068115234,52.52919387817383,7101400
2020-03-10,64.93000030517578,67.01000213623047,61.09000015258789,65.30000305175781,53.696876525878906,8460200
2020-03-11,63.6349983215332,63.89500045776367,58.869998931884766,61.474998474121094,50.55154800415039,7554200
2020-03-12,58.209999084472656,58.209999084472656,51.92499923706055,52.1349983215332,42.871158599853516,7989800
2020-03-13,54.88999938964844,54.9900016784668,49.08000183105469,53.459999084472656,43.960731506347656,7496000
2020-03-16,49.0,50.90999984741211,44.064998626708984,44.310001373291016,36.436580657958984,7457800
2020-03-17,44.64500045776367,50.275001525878906,44.150001525878906,49.189998626708984,40.449459075927734,10118000
2020-03-18,46.494998931884766,51.474998474121094,44.58000183105469,51.20000076293945,42.1023063659668,7765800
2020-03-19,50.72999954223633,50.779998779296875,48.220001220703125,50.0,41.5394401550293,4942800
2020-03-20,49.57500076293945,52.91999816894531,48.65999984741211,49.81999969482422,41.38990020751953,10473200
2020-03-23,50.154998779296875,50.154998779296875,44.0,46.709999084472656,38.8061408996582,6290600
2020-03-24,48.334999084472656,52.82500076293945,47.685001373291016,52.01499938964844,43.21348190307617,5652600
2020-03-25,52.08000183105469,59.810001373291016,50.564998626708984,57.0099983215332,47.36327362060547,6731000
2020-03-26,55.67499923706055,62.63999938964844,55.01499938964844,61.79999923706055,51.34274673461914,4034000
2020-03-27,59.474998474121094,62.64500045776367,58.005001068115234,60.564998626708984,50.31673049926758,3171800
2020-03-30,61.314998626708984,62.220001220703125,59.125,59.994998931884766,49.84317398071289,4696800
2020-03-31,59.17499923706055,59.709999084472656,56.06999969482422,56.494998931884766,46.93541717529297,7003600
2020-04-01,54.17499923706055,54.73500061035156,50.834999084472656,51.85499954223633,43.080562591552734,3620000
2020-04-02,51.09000015258789,53.81999969482422,50.59000015258789,53.130001068115234,44.13981246948242,3236200
2020-04-03,52.32500076293945,53.650001525878906,51.650001525878906,52.13999938964844,43.317317962646484,3284400
2020-04-06,54.474998474121094,58.04999923706055,54.220001220703125,57.02000045776367,47.37158966064453,4051800
2020-04-07,58.83000183105469,60.61000061035156,57.8849983215332,58.334999084472656,48.46407699584961,3936200
2020-04-08,58.82500076293945,61.51499938964844,58.04499816894531,61.025001525878906,50.698890686035156,3497200
2020-04-09,61.4900016784668,66.56999969482422,61.04499816894531,65.26499938964844,54.221431732177734,4323200
2020-04-13,64.88500213623047,65.2699966430664,62.564998626708984,63.4900016784668,52.74678039550781,3817800
2020-04-14,65.0199966430664,65.4000015258789,63.130001068115234,63.96500015258789,53.14140319824219,3467600
2020-04-15,62.03499984741211,62.20000076293945,60.48500061035156,60.755001068115234,50.474578857421875,3746600
2020-04-16,60.83000183105469,61.01499938964844,58.59000015258789,58.72999954223633,48.792240142822266,4854000
2020-04-17,60.1150016784668,62.470001220703125,59.94499969482422,62.220001220703125,51.691688537597656,3605600
2020-04-20,61.470001220703125,62.314998626708984,60.935001373291016,61.28499984741211,50.91490173339844,2617200
2020-04-21,60.08000183105469,60.970001220703125,58.75,59.6349983215332,49.54408645629883,2598800
2020-04-22,60.51499938964844,62.29499816894531,59.7400016784668,61.83000183105469,51.36768341064453,2972800
2020-04-23,62.11000061035156,63.349998474121094,61.68000030517578,62.75,52.13200378417969,3035200
2020-04-24,63.220001220703125,63.93000030517578,62.029998779296875,63.48500061035156,52.742637634277344,2476600
2020-04-27,64.04000091552734,64.91500091552734,63.625,64.4000015258789,53.50279998779297,2657000
2020-04-28,65.375,66.08000183105469,63.11000061035156,63.47999954223633,52.73847961425781,2904800
2020-04-29,65.0,65.78500366210938,63.525001525878906,64.79000091552734,53.826812744140625,2181400
2020-04-30,64.28500366210938,64.28500366210938,61.67499923706055,61.92499923706055,51.44658660888672,2541400
2020-05-01,61.025001525878906,61.025001525878906,59.505001068115234,59.96500015258789,49.81825256347656,3903800
2020-05-04,60.07500076293945,62.9900016784668,59.61000061035156,62.060001373291016,51.55876159667969,4067400
2020-05-05,61.45500183105469,62.91999816894531,61.125,62.11000061035156,51.60029602050781,2703400
2020-05-06,62.380001068115234,62.41999816894531,60.7400016784668,61.0099983215332,50.686424255371094,2481800
2020-05-07,61.900001525878906,62.68000030517578,61.599998474121094,61.8650016784668,51.396751403808594,3743000
2020-05-08,62.6150016784668,63.35499954223633,61.474998474121094,62.1150016784668,51.60445022583008,2430400
2020-05-11,61.60499954223633,62.505001068115234,61.19499969482422,62.400001525878906,51.841224670410156,2908400
2020-05-12,62.375,62.79499816894531,60.68000030517578,60.69499969482422,50.42473602294922,3043800
2020-05-13,60.55500030517578,60.970001220703125,58.099998474121094,59.125,49.12038803100586,3534800
2020-05-14,58.54999923706055,60.314998626708984,57.165000915527344,60.16999816894531,49.98856735229492,2721800
2020-05-15,59.94499969482422,60.4900016784668,58.459999084472656,59.599998474121094,49.515018463134766,5665200
2020-05-18,61.435001373291016,62.91999816894531,61.35499954223633,62.0,51.508914947509766,3994400
2020-05-19,61.900001525878906,63.71500015258789,61.099998474121094,63.04999923706055,52.381229400634766,3357600
2020-05-20,63.14500045776367,63.54499816894531,61.14500045776367,61.31999969482422,50.943973541259766,2605600
2020-05-21,61.224998474121094,61.89500045776367,60.47999954223633,60.540000915527344,50.295955657958984,2527600
2020-05-22,60.56999969482422,61.98500061035156,60.28499984741211,61.904998779296875,51.42997741699219,1713800
2020-05-26,62.86000061035156,63.689998626708984,62.165000915527344,62.6150016784668,52.01985549926758,2379200
2020-05-27,64.24500274658203,64.26000213623047,61.619998931884766,62.45000076293945,51.88276290893555,2406800
2020-05-28,63.665000915527344,63.88999938964844,62.84000015258789,63.69499969482422,52.91709899902344,2651000
2020-05-29,63.23500061035156,63.709999084472656,62.369998931884766,63.154998779296875,52.468475341796875,3588400
2020-06-01,63.150001525878906,65.0250015258789,63.07500076293945,64.53500366210938,53.614967346191406,2269800
2020-06-02,65.04499816894531,65.2249984741211,64.38999938964844,65.16000366210938,54.13420104980469,2324000
2020-06-03,65.68499755859375,66.3550033569336,65.44999694824219,65.80000305175781,54.665897369384766,2794400
2020-06-04,65.32499694824219,65.48500061035156,63.685001373291016,64.3949966430664,53.4986457824707,2733000
2020-06-05,65.3550033569336,68.04000091552734,64.91999816894531,66.8949966430664,55.575618743896484,3016200
2020-06-08,67.55500030517578,67.98500061035156,66.94499969482422,67.3949966430664,55.99101257324219,2711600
2020-06-09,66.55000305175781,66.63999938964844,64.88999938964844,65.15499877929688,54.13004684448242,3163000
2020-06-10,65.25,65.69999694824219,64.21499633789062,64.27999877929688,53.40311050415039,3235600
2020-06-11,62.584999084472656,62.80500030517578,61.32500076293945,61.7400016784668,51.29290008544922,4957200
2020-06-12,63.845001220703125,64.13500213623047,61.040000915527344,62.025001525878906,51.52968215942383,4721600
2020-06-15,61.02000045776367,62.95500183105469,60.189998626708984,62.625,52.02815246582031,7050600
2020-06-16,64.32499694824219,64.79499816894531,61.810001373291016,62.18000030517578,51.658451080322266,5864400
2020-06-17,62.4900016784668,62.755001068115234,60.904998779296875,62.084999084472656,51.57952117919922,3668400
2020-06-18,61.564998626708984,62.415000915527344,61.375,62.279998779296875,51.74152374267578,2906200
2020-06-19,62.97999954223633,63.09000015258789,58.625,58.625,48.704994201660156,12026000
2020-06-22,58.67499923706055,60.060001373291016,58.67499923706055,59.724998474121094,49.618865966796875,4749000
2020-06-23,60.45500183105469,60.994998931884766,59.3849983215332,59.7400016784668,49.63132858276367,3668600
2020-06-24,59.01499938964844,60.150001525878906,58.4900016784668,60.02000045776367,49.86395263671875,4126800
2020-06-25,59.154998779296875,59.22999954223633,57.959999084472656,58.65999984741211,49.162052154541016,3530800
2020-06-26,58.44499969482422,58.970001220703125,56.08000183105469,56.30500030517578,47.18836975097656,14151000
2020-06-29,57.1150016784668,59.08000183105469,56.724998474121094,59.060001373291016,49.49728775024414,3067800
2020-06-30,59.084999084472656,59.154998779296875,57.880001068115234,58.6150016784668,49.12434005737305,3558400
2020-07-01,59.665000915527344,60.83000183105469,58.97999954223633,60.67499923706055,50.850799560546875,3936000
2020-07-02,61.1349983215332,61.849998474121094,60.369998931884766,60.470001220703125,50.67898941040039,3050200
2020-07-06,60.98500061035156,61.185001373291016,59.814998626708984,60.224998474121094,50.473655700683594,3666400
2020-07-07,59.540000915527344,59.61000061035156,58.79499816894531,58.880001068115234,49.34644317626953,4230400
2020-07-08,58.61000061035156,59.189998626708984,58.31999969482422,58.625,49.13270950317383,3430400
2020-07-09,58.334999084472656,58.5,57.07500076293945,58.14500045776367,48.73044967651367,4486000
2020-07-10,58.060001373291016,59.755001068115234,58.060001373291016,59.584999084472656,49.93728256225586,2642600
2020-07-13,59.79999923706055,60.650001525878906,59.459999084472656,60.084999084472656,50.356319427490234,2865800
2020-07-14,60.18000030517578,61.255001068115234,60.17499923706055,60.91999816894531,51.05612564086914,4227200
2020-07-15,61.625,62.560001373291016,61.224998474121094,61.57500076293945,51.605072021484375,4554000
2020-07-16,61.400001525878906,61.76499938964844,60.78499984741211,61.314998626708984,51.38717269897461,2744200
2020-07-17,61.47999954223633,62.4900016784668,61.470001220703125,62.40999984741211,52.30487060546875,3872200
2020-07-20,62.005001068115234,62.36000061035156,61.095001220703125,61.310001373291016,51.38298034667969,2457200
2020-07-21,61.654998779296875,62.98500061035156,61.654998779296875,62.63999938964844,52.49763107299805,3517800
2020-07-22,62.72999954223633,64.09500122070312,62.349998474121094,63.939998626708984,53.5871467590332,5327800
2020-07-23,63.73500061035156,64.58999633789062,63.46500015258789,63.66999816894531,53.36084747314453,2920200
2020-07-24,63.904998779296875,64.43000030517578,62.57500076293945,62.810001373291016,52.640106201171875,2862400
2020-07-27,62.64500045776367,62.709999084472656,61.39500045776367,61.4900016784668,51.53383255004883,2657800
2020-07-28,61.095001220703125,62.970001220703125,61.08000183105469,62.32500076293945,52.23362350463867,2644400
2020-07-29,62.16999816894531,62.685001373291016,62.1150016784668,62.505001068115234,52.38449478149414,2162400
2020-07-30,61.755001068115234,61.97999954223633,61.349998474121094,61.875,51.85649108886719,2867600
2020-07-31,61.709999084472656,62.3849983215332,61.23500061035156,62.22999954223633,52.154014587402344,2492600
2020-08-03,62.04999923706055,62.400001525878906,61.48500061035156,62.02000045776367,51.97800827026367,2435000
2020-08-04,61.720001220703125,62.755001068115234,61.720001220703125,62.5099983215332,52.38868713378906,3008200
2020-08-05,62.7400016784668,64.88500213623047,62.599998474121094,63.51499938964844,53.23094940185547,4208800
2020-08-06,63.89500045776367,64.70999908447266,63.70000076293945,64.0999984741211,53.72123336791992,2996800
2020-08-07,64.13999938964844,65.2699966430664,64.0199966430664,64.94999694824219,54.433597564697266,2447000
2020-08-10,65.18499755859375,66.94499969482422,64.81500244140625,66.78500366210938,55.97148895263672,3568800
2020-08-11,67.5,67.5,65.30999755859375,65.55500030517578,54.940643310546875,2887800
2020-08-12,66.12000274658203,67.33499908447266,65.7750015258789,67.09500122070312,56.23129653930664,2992200
2020-08-13,66.71499633789062,67.55999755859375,66.51000213623047,67.33000183105469,56.42824935913086,2147600
2020-08-14,66.83499908447266,67.0199966430664,65.59500122070312,65.94499969482422,55.26750183105469,2598400
2020-08-17,65.29000091552734,65.6449966430664,64.44000244140625,64.83999633789062,54.34141159057617,3395000
2020-08-18,64.76000213623047,65.25,64.40499877929688,64.68000030517578,54.207313537597656,1776200
2020-08-19,65.08499908447266,65.15499877929688,63.875,64.11000061035156,53.7296142578125,2989600
2020-08-20,63.650001525878906,64.03500366210938,62.97999954223633,63.11000061035156,52.89152908325195,2320000
2020-08-21,63.26499938964844,63.275001525878906,62.42499923706055,62.7400016784668,52.58143997192383,2257600
2020-08-24,62.86000061035156,63.709999084472656,62.439998626708984,63.685001373291016,53.37342834472656,1639400
2020-08-25,64.04499816894531,64.05000305175781,62.54999923706055,62.755001068115234,52.59401321411133,2016600
2020-08-26,62.400001525878906,62.54999923706055,61.1150016784668,61.16999816894531,51.26564025878906,2555800
2020-08-27,61.560001373291016,62.54999923706055,61.525001525878906,61.79499816894531,51.78944778442383,2155200
2020-08-28,61.56999969482422,61.939998626708984,60.9900016784668,61.15999984741211,51.25725555419922,2130000
2020-08-31,61.2599983215332,61.95500183105469,61.11000061035156,61.82500076293945,51.81459045410156,2189200
2020-09-01,61.52000045776367,61.744998931884766,60.7599983215332,61.125,51.227935791015625,2098000
2020-09-02,61.125,62.595001220703125,60.85499954223633,62.275001525878906,52.19173049926758,2451600
2020-09-03,62.5,62.95000076293945,60.775001525878906,61.36000061035156,51.42488479614258,2220000
2020-09-04,61.619998931884766,61.84000015258789,59.400001525878906,60.44499969482422,50.65803146362305,2342200
2020-09-08,60.310001373291016,60.5,58.6349983215332,59.54499816894531,49.903751373291016,2929600
2020-09-09,60.20500183105469,61.1349983215332,59.790000915527344,60.474998474121094,50.68317413330078,2741600
2020-09-10,60.345001220703125,60.345001220703125,58.97999954223633,59.060001373291016,49.49728775024414,2116000
2020-09-11,58.880001068115234,59.08000183105469,58.31999969482422,58.900001525878906,49.363189697265625,2656200
2020-09-14,59.255001068115234,59.77000045776367,58.790000915527344,59.57500076293945,49.92890167236328,3398200
2020-09-15,59.90999984741211,60.59000015258789,58.525001525878906,58.814998626708984,49.29195022583008,2131400
2020-09-16,58.970001220703125,60.709999084472656,58.60499954223633,60.41999816894531,50.6370735168457,3040600
2020-09-17,59.79999923706055,60.560001373291016,59.34000015258789,60.51499938964844,50.71670913696289,3602000
2020-09-18,60.33000183105469,60.66999816894531,59.3650016784668,59.9900016784668,50.276695251464844,7896200
2020-09-21,59.125,59.494998931884766,58.25,58.33000183105469,48.88547897338867,3460800
2020-09-22,58.57500076293945,59.880001068115234,58.435001373291016,59.525001525878906,49.886993408203125,3150200
2020-09-23,59.540000915527344,59.625,57.20500183105469,57.25,47.9803466796875,3465400
2020-09-24,56.650001525878906,58.45000076293945,56.165000915527344,57.869998931884766,48.94668197631836,2879400
2020-09-25,57.45500183105469,58.900001525878906,57.39500045776367,58.80500030517578,49.73751449584961,2204400
2020-09-28,58.95000076293945,59.36000061035156,58.290000915527344,58.35499954223633,49.35690689086914,2597800
2020-09-29,58.4900016784668,58.994998931884766,57.82500076293945,58.09000015258789,49.13276290893555,1902600
2020-09-30,58.47999954223633,59.42499923706055,58.334999084472656,59.18000030517578,50.054683685302734,3255800
2020-10-01,59.689998626708984,60.125,59.13999938964844,59.564998626708984,50.38031768798828,2670200
2020-10-02,59.029998779296875,60.66999816894531,58.849998474121094,60.25,50.95969772338867,2496400
2020-10-05,60.709999084472656,60.93000030517578,59.845001220703125,60.8849983215332,51.49678421020508,1899400
2020-10-06,61.04999923706055,62.43000030517578,60.625,61.1150016784668,51.69131851196289,2249200
2020-10-07,61.19499969482422,61.75,60.52000045776367,61.36000061035156,51.89854431152344,2149600
2020-10-08,61.744998931884766,63.60499954223633,61.59000015258789,63.35499954223633,53.58591842651367,2052200
2020-10-09,63.755001068115234,63.755001068115234,62.345001220703125,63.005001068115234,53.289894104003906,1794000
2020-10-12,62.834999084472656,63.78499984741211,62.4900016784668,63.38999938964844,53.61552810668945,1614800
2020-10-13,62.939998626708984,63.6349983215332,62.85499954223633,63.275001525878906,53.51825714111328,2422200
2020-10-14,63.595001220703125,64.01499938964844,63.03499984741211,63.54499816894531,53.74662399291992,1950400
2020-10-15,62.869998931884766,64.69499969482422,62.779998779296875,64.2699966430664,54.35982894897461,2893400
2020-10-16,64.33000183105469,64.94000244140625,63.77000045776367,64.05500030517578,54.1779899597168,2688000
2020-10-19,64.33999633789062,64.92500305175781,63.40999984741211,63.98500061035156,54.11878204345703,3047400
2020-10-20,64.50499725341797,65.19999694824219,64.1449966430664,64.83999633789062,54.8419303894043,1977800
2020-10-21,64.88999938964844,65.25499725341797,64.4000015258789,64.6500015258789,54.68124008178711,2399600
2020-10-22,64.81500244140625,66.24500274658203,64.13500213623047,66.13999938964844,55.94149398803711,2268200
2020-10-23,66.55500030517578,67.00499725341797,65.83499908447266,66.93000030517578,56.60966873168945,2332400
2020-10-26,66.42500305175781,66.42500305175781,65.13999938964844,65.66000366210938,55.53550720214844,2413200
2020-10-27,65.55000305175781,66.2300033569336,65.125,65.13500213623047,55.091453552246094,2706200
2020-10-28,64.1500015258789,65.07499694824219,62.86000061035156,63.04999923706055,53.32794952392578,3352200
2020-10-29,62.775001525878906,64.61000061035156,62.34000015258789,63.61000061035156,53.801612854003906,2497200
2020-10-30,63.185001373291016,63.78499984741211,61.9900016784668,62.68000030517578,53.01499938964844,3069600
2020-11-02,63.5,64.0199966430664,62.915000915527344,63.810001373291016,53.97075271606445,2694000
2020-11-03,64.62000274658203,65.20500183105469,64.29499816894531,64.55000305175781,54.596656799316406,1870800
2020-11-04,64.4000015258789,65.94999694824219,64.02999877929688,64.21499633789062,54.31330490112305,1859600
2020-11-05,63.3849983215332,65.46499633789062,63.3849983215332,63.505001068115234,53.71279525756836,3145400
2020-11-06,63.685001373291016,64.1449966430664,62.31999969482422,62.415000915527344,52.79086685180664,3296800
2020-11-09,65.62000274658203,66.79000091552734,64.98999786376953,65.19499969482422,55.142208099365234,4296000
2020-11-10,65.25499725341797,68.40499877929688,65.21499633789062,67.9800033569336,57.49776077270508,5543000
2020-11-11,68.17500305175781,68.30999755859375,66.40499877929688,66.81999969482422,56.516632080078125,3997400
2020-11-12,66.41500091552734,66.68000030517578,65.16000366210938,66.1500015258789,55.949947357177734,3320200
2020-11-13,66.67500305175781,67.63500213623047,66.06999969482422,67.2750015258789,56.9014778137207,3070400
2020-11-16,68.47000122070312,68.73500061035156,67.16999816894531,67.72000122070312,57.27785110473633,2798400
2020-11-17,67.38500213623047,67.7249984741211,66.86499786376953,67.02999877929688,56.694244384765625,3271600
2020-11-18,67.6050033569336,68.18000030517578,66.51000213623047,66.5199966430664,56.26288986206055,3383400
2020-11-19,66.1449966430664,66.51499938964844,64.7300033569336,65.125,55.0829963684082,3423000
2020-11-20,65.17500305175781,65.95500183105469,65.05000305175781,65.20999908447266,55.154876708984375,2706200
2020-11-23,65.42500305175781,65.9749984741211,64.8949966430664,65.5199966430664,55.41708755493164,2732400
2020-11-24,66.16000366210938,66.61000061035156,65.83499908447266,66.15499877929688,55.95417022705078,2360400
2020-11-25,66.15499877929688,66.18000030517578,65.27999877929688,65.9800033569336,55.80615997314453,2563400
2020-11-27,65.88999938964844,65.98999786376953,65.01499938964844,65.2300033569336,55.171817779541016,964000
2020-11-30,64.9000015258789,65.2249984741211,63.630001068115234,63.7400016784668,53.91156005859375,4876800
2020-12-01,64.27999877929688,64.9749984741211,63.81999969482422,63.880001068115234,54.029964447021484,2739400
2020-12-02,64.31500244140625,65.79499816894531,63.83000183105469,65.71499633789062,55.58201217651367,4898600
2020-12-03,65.42500305175781,66.38500213623047,65.03500366210938,66.00499725341797,55.82729721069336,3544200
2020-12-04,65.75499725341797,66.20999908447266,63.689998626708984,64.08499908447266,54.2033576965332,4988000
2020-12-07,63.82500076293945,64.5,63.599998474121094,64.11499786376953,54.22872543334961,3153400
2020-12-08,63.78499984741211,65.0250015258789,63.78499984741211,64.6500015258789,54.68124008178711,3138400
2020-12-09,64.73999786376953,64.80500030517578,64.17500305175781,64.4800033569336,54.537452697753906,2719600
2020-12-10,64.58999633789062,64.75,64.05000305175781,64.36499786376953,54.440185546875,2624400
2020-12-11,63.80500030517578,64.4800033569336,63.6150016784668,64.0,54.13146209716797,3361200
2020-12-14,64.50499725341797,65.01000213623047,64.0,64.0199966430664,54.148380279541016,2797600
2020-12-15,64.4749984741211,65.75,64.05000305175781,65.4749984741211,55.37902069091797,3331600
2020-12-16,65.79499816894531,65.98999786376953,64.55000305175781,64.55999755859375,54.60511016845703,3438600
2020-12-17,64.4749984741211,66.3499984741211,64.30999755859375,65.87000274658203,56.16769790649414,5965800
2020-12-18,66.16500091552734,66.38999938964844,64.99500274658203,65.3499984741211,55.72427749633789,7468400
2020-12-21,64.44499969482422,64.66000366210938,63.25,63.35499954223633,54.023136138916016,4649200
2020-12-22,63.279998779296875,63.70000076293945,62.82500076293945,63.1349983215332,53.835548400878906,1926600
2020-12-23,63.57500076293945,63.939998626708984,62.94499969482422,62.974998474121094,53.6991081237793,1486200
2020-12-24,62.98500061035156,63.09000015258789,62.36000061035156,62.95000076293945,53.67779541015625,739600
2020-12-28,63.16999816894531,63.94499969482422,63.060001373291016,63.244998931884766,53.92934799194336,1598400
2020-12-29,63.55500030517578,63.70500183105469,63.05500030517578,63.19499969482422,53.8867073059082,1613800
2020-12-30,63.09000015258789,63.54499816894531,62.630001068115234,62.90999984741211,53.6436882019043,2625800
2020-12-31,62.95500183105469,63.78499984741211,62.505001068115234,63.70500183105469,54.32159423828125,1896200
2021-01-04,63.619998931884766,63.73500061035156,61.630001068115234,61.900001525878906,52.78245544433594,4044000
2021-01-05,62.0,62.165000915527344,60.8849983215332,61.70500183105469,52.61617660522461,4780200
2021-01-06,61.86000061035156,62.46500015258789,61.25,61.904998779296875,52.78671646118164,3805800
2021-01-07,62.0099983215332,62.31999969482422,59.72999954223633,59.95000076293945,51.11967849731445,5234400
2021-01-08,60.19499969482422,60.26499938964844,59.69499969482422,59.88999938964844,51.068511962890625,5687200
2021-01-11,59.85499954223633,60.11000061035156,58.630001068115234,59.20500183105469,50.484413146972656,5660400
2021-01-12,58.98500061035156,59.099998474121094,57.41999816894531,59.0,50.30960464477539,5135800
2021-01-13,59.04999923706055,60.814998626708984,58.834999084472656,60.57500076293945,51.65262222290039,4414600
2021-01-14,61.0,62.415000915527344,60.83000183105469,61.26499938964844,52.24098587036133,5735400
2021-01-15,61.16999816894531,62.17499923706055,60.775001525878906,61.08000183105469,52.08324432373047,3200200
2021-01-19,61.20000076293945,61.375,60.525001525878906,60.7400016784668,51.79331970214844,3175000
2021-01-20,60.54499816894531,61.564998626708984,60.28499984741211,61.435001373291016,52.385955810546875,3360600
2021-01-21,61.040000915527344,61.689998626708984,61.005001068115234,61.185001373291016,52.17277908325195,2912000
2021-01-22,61.04999923706055,61.35499954223633,60.29499816894531,60.724998474121094,51.7805290222168,2550600
2021-01-25,60.5,63.084999084472656,60.25,62.98500061035156,53.70764923095703,5062200
2021-01-26,63.15999984741211,63.435001373291016,62.290000915527344,62.29499816894531,53.1192741394043,2824800
2021-01-27,61.939998626708984,62.11000061035156,59.45500183105469,59.974998474121094,51.1409912109375,4111200
2021-01-28,60.470001220703125,62.6349983215332,60.130001068115234,62.345001220703125,53.16191864013672,4671400
2021-01-29,62.0,63.279998779296875,61.540000915527344,61.880001068115234,52.765403747558594,5570400
2021-02-01,61.900001525878906,62.75,61.18000030517578,62.470001220703125,53.26849365234375,3098800
2021-02-02,62.90999984741211,63.71500015258789,62.099998474121094,62.290000915527344,53.115013122558594,3144000
2021-02-03,62.08000183105469,62.55500030517578,61.439998626708984,61.665000915527344,52.582069396972656,2388200
2021-02-04,61.505001068115234,63.130001068115234,61.345001220703125,63.03499984741211,53.75027847290039,2249400
2021-02-05,63.3849983215332,63.540000915527344,62.7400016784668,63.119998931884766,53.822757720947266,1834200
2021-02-08,63.04999923706055,63.31999969482422,62.290000915527344,62.42499923706055,53.23012161254883,2157400
2021-02-09,62.584999084472656,62.939998626708984,61.95000076293945,62.66999816894531,53.43904113769531,1444200
2021-02-10,63.09000015258789,63.80500030517578,62.81999969482422,63.42499923706055,54.08283615112305,2238400
2021-02-11,63.005001068115234,63.34000015258789,62.720001220703125,62.900001525878906,53.635154724121094,2326600
2021-02-12,62.69499969482422,62.97999954223633,61.66999816894531,62.25,53.080902099609375,2251400
2021-02-16,62.25,62.75,61.79999923706055,62.34000015258789,53.157649993896484,2035600
2021-02-17,62.5,62.57500076293945,61.630001068115234,62.30500030517578,53.1277961730957,1541000
2021-02-18,62.130001068115234,62.45000076293945,61.77000045776367,62.1349983215332,52.98284149169922,2484800
2021-02-19,62.404998779296875,62.80500030517578,62.0,62.28499984741211,53.11075210571289,2404600
2021-02-22,62.5,62.5,60.334999084472656,61.33000183105469,52.296417236328125,2679200
2021-02-23,61.90999984741211,62.2400016784668,61.255001068115234,61.779998779296875,52.68013381958008,3025800
2021-02-24,61.40999984741211,61.974998474121094,60.849998474121094,61.28499984741211,52.25803756713867,3503800
2021-02-25,61.279998779296875,61.869998931884766,59.29999923706055,59.540000915527344,50.770084381103516,3499600
2021-02-26,59.755001068115234,59.755001068115234,57.98500061035156,57.9900016784668,49.44838333129883,4276200
2021-03-01,58.32500076293945,59.92499923706055,58.32500076293945,58.95000076293945,50.2669792175293,2174000
2021-03-02,58.96500015258789,59.099998474121094,58.38999938964844,58.564998626708984,49.93868637084961,4291000
2021-03-03,58.189998626708984,58.72999954223633,57.33000183105469,58.48500061035156,49.87046813964844,2789600
2021-03-04,58.8650016784668,60.0,58.28499984741211,58.494998931884766,49.878990173339844,2994400
2021-03-05,59.05500030517578,59.95000076293945,58.3650016784668,59.584999084472656,50.80844497680664,2677800
2021-03-08,59.744998931884766,61.89500045776367,59.630001068115234,61.45500183105469,52.40300750732422,3384400
2021-03-09,61.474998474121094,62.369998931884766,61.28499984741211,61.71500015258789,52.62471389770508,2563800
2021-03-10,61.85499954223633,63.48500061035156,61.75,63.244998931884766,53.92934799194336,4829800
2021-03-11,62.61000061035156,64.31999969482422,62.61000061035156,63.45500183105469,54.10841369628906,3868600
2021-03-12,63.79499816894531,64.48999786376953,63.31999969482422,64.375,54.89289855957031,2974000
2021-03-15,64.55000305175781,66.25,64.42500305175781,66.0,56.27854919433594,4490000
2021-03-16,65.5199966430664,66.11499786376953,65.08999633789062,65.61499786376953,55.95026397705078,3270800
2021-03-17,65.66000366210938,65.74500274658203,64.2699966430664,64.74500274658203,55.208404541015625,3353200
2021-03-18,64.5,65.06999969482422,64.2699966430664,64.80500030517578,55.25956344604492,3389800
2021-03-19,65.01000213623047,65.28500366210938,64.05500030517578,64.30999755859375,54.83747863769531,12162600
2021-03-22,64.0,64.33499908447266,63.459999084472656,64.05000305175781,54.61576843261719,2706400
2021-03-23,64.0,65.0250015258789,63.83000183105469,64.76000213623047,55.22119903564453,2889200
2021-03-24,63.73500061035156,64.96499633789062,63.73500061035156,64.48500061035156,55.45769119262695,2344800
2021-03-25,64.87999725341797,65.71499633789062,64.2300033569336,65.48999786376953,56.32200241088867,2745000
2021-03-26,65.70999908447266,66.19999694824219,65.125,66.06999969482422,56.8208122253418,2643000
2021-03-29,66.04499816894531,66.6500015258789,65.68499755859375,66.09500122070312,56.84231948852539,2875800
2021-03-30,65.53500366210938,66.0199966430664,65.26000213623047,65.78500366210938,56.575706481933594,1658400
2021-03-31,65.76499938964844,66.45999908447266,65.48500061035156,66.29000091552734,57.010013580322266,2760200
2021-04-01,66.20500183105469,66.49500274658203,65.40499877929688,65.9000015258789,56.67461395263672,1867000
2021-04-05,66.25499725341797,67.625,66.25499725341797,66.91999816894531,57.55181121826172,2588000
2021-04-06,66.55500030517578,67.36499786376953,66.38999938964844,67.12000274658203,57.723819732666016,2239800
2021-04-07,67.08999633789062,67.33000183105469,66.30500030517578,66.76000213623047,57.41422653198242,2604800
2021-04-08,66.94000244140625,67.5999984741211,66.54499816894531,66.57499694824219,57.25510787963867,2706800
2021-04-09,66.63999938964844,67.32499694824219,66.63999938964844,67.13999938964844,57.741024017333984,2014200
2021-04-12,67.37000274658203,67.9000015258789,66.3499984741211,66.6449966430664,57.315311431884766,2885200
2021-04-13,66.3499984741211,67.65499877929688,65.80500030517578,67.5199966430664,58.06782531738281,2855800
2021-04-14,67.4000015258789,67.875,67.22000122070312,67.72000122070312,58.23981857299805,2109400
2021-04-15,67.7249984741211,68.8949966430664,67.72000122070312,68.81500244140625,59.18153381347656,2755600
2021-04-16,68.94000244140625,69.41000366210938,68.79000091552734,69.06999969482422,59.40082931518555,2756200
2021-04-19,69.58999633789062,69.78500366210938,68.79499816894531,69.12000274658203,59.443843841552734,2776000
2021-04-20,69.07499694824219,70.05500030517578,68.94999694824219,69.93000030517578,60.14044952392578,2414600
2021-04-21,69.91999816894531,70.1500015258789,68.94000244140625,69.30000305175781,59.59864044189453,2580200
2021-04-22,69.30000305175781,69.44999694824219,68.62000274658203,68.7249984741211,59.1041259765625,1855000
2021-04-23,68.75499725341797,68.7750015258789,68.11499786376953,68.53500366210938,58.940738677978516,1604200
2021-04-26,68.54499816894531,68.54499816894531,67.7249984741211,68.24500274658203,58.69132995605469,2181600
2021-04-27,68.32499694824219,68.32499694824219,67.23500061035156,67.46499633789062,58.020530700683594,2413400
2021-04-28,67.67500305175781,67.78500366210938,66.96499633789062,67.45999908447266,58.01621627807617,2079200
2021-04-29,67.61499786376953,68.11000061035156,67.45999908447266,68.05999755859375,58.532230377197266,4028800
2021-04-30,68.21499633789062,68.80999755859375,67.70999908447266,68.78500366210938,59.15574645996094,2415800
2021-05-03,68.90499877929688,69.68000030517578,68.48500061035156,69.02999877929688,59.366455078125,1876400
2021-05-04,69.09500122070312,69.29000091552734,68.6500015258789,68.98999786376953,59.33203887939453,2478200
2021-05-05,69.31500244140625,69.37000274658203,67.0999984741211,67.73999786376953,58.25702667236328,2525400
2021-05-06,67.90499877929688,68.37999725341797,67.43000030517578,68.30500030517578,58.742942810058594,2224400
2021-05-07,68.0,69.41500091552734,67.84500122070312,68.91000366210938,59.263248443603516,1809000
2021-05-10,69.2300033569336,70.2300033569336,69.05500030517578,69.51000213623047,59.77925491333008,1631000
2021-05-11,69.51499938964844,69.58999633789062,68.53500366210938,69.2699966430664,59.57283020019531,2617800
2021-05-12,69.20999908447266,69.29000091552734,67.45999908447266,67.6050033569336,58.140926361083984,2932200
2021-05-13,67.54000091552734,69.24500274658203,67.24500274658203,68.86499786376953,59.22452926635742,1796200
2021-05-14,69.1449966430664,69.73999786376953,68.75,69.05500030517578,59.38793182373047,1892200
2021-05-17,69.08499908447266,69.29499816894531,68.36000061035156,68.7699966430664,59.1428337097168,2772600
2021-05-18,68.72000122070312,68.9000015258789,68.40499877929688,68.67500305175781,59.06113815307617,3633000
2021-05-19,68.48999786376953,68.59500122070312,67.2699966430664,67.9749984741211,58.45912551879883,3504600
2021-05-20,68.07499694824219,68.34500122070312,67.625,67.87000274658203,58.36883544921875,7501200
2021-05-21,67.99500274658203,68.67500305175781,67.99500274658203,68.48500061035156,58.897743225097656,3352000
2021-05-24,68.83499908447266,69.3949966430664,68.82499694824219,68.87999725341797,59.23743438720703,1921000
2021-05-25,68.86000061035156,68.98500061035156,67.55999755859375,67.7249984741211,58.2441291809082,2413800
2021-05-26,67.91000366210938,68.91999816894531,67.61000061035156,68.51499938964844,58.92353057861328,4214800
2021-05-27,68.66999816894531,68.7699966430664,67.45999908447266,67.6500015258789,58.17963790893555,11332800
2021-05-28,67.9749984741211,68.44000244140625,67.36000061035156,67.74500274658203,58.26133728027344,4115200
2021-06-01,68.05000305175781,68.2300033569336,67.6449966430664,67.96499633789062,58.450531005859375,4812800
2021-06-02,68.04000091552734,68.2249984741211,67.45999908447266,67.91999816894531,58.41183090209961,5493000
2021-06-03,67.42500305175781,68.69999694824219,67.42500305175781,68.50499725341797,58.91493225097656,3373800
2021-06-04,68.68000030517578,68.88500213623047,67.94499969482422,68.20999908447266,58.661231994628906,3572200
2021-06-07,68.37999725341797,68.5199966430664,67.98500061035156,68.05000305175781,58.52362823486328,2966200
2021-06-08,68.30500030517578,68.30500030517578,67.24500274658203,67.72000122070312,58.23981857299805,3749800
2021-06-09,68.19999694824219,69.98500061035156,67.90499877929688,69.72000122070312,59.959842681884766,4222400
2021-06-10,69.72000122070312,70.37000274658203,69.4749984741211,69.84500122070312,60.06735610961914,2978400
2021-06-11,70.0199966430664,71.29000091552734,69.7249984741211,71.12000274658203,61.16386032104492,5048400
2021-06-14,71.46499633789062,71.83000183105469,70.83499908447266,71.625,61.5981559753418,5340000
2021-06-15,71.65499877929688,72.46499633789062,71.41999816894531,72.02999877929688,61.94645690917969,2812000
2021-06-16,72.15499877929688,72.375,70.44000244140625,70.58000183105469,60.699440002441406,3367000
2021-06-17,70.58499908447266,71.04000091552734,70.12000274658203,70.29000091552734,60.45003890991211,2622000
2021-06-18,69.66500091552734,69.88500213623047,68.86000061035156,68.88500213623047,59.241729736328125,6455400
2021-06-21,69.23500061035156,69.87999725341797,68.5,69.2300033569336,59.53844451904297,3483400
2021-06-22,68.97000122070312,69.1449966430664,68.38999938964844,68.4749984741211,58.889129638671875,2969800
2021-06-23,68.375,68.375,67.3499984741211,67.77999877929688,58.29141616821289,2351400
2021-06-24,67.84500122070312,68.23500061035156,67.56500244140625,67.7750015258789,58.287132263183594,2117000
2021-06-25,67.62000274658203,68.78500366210938,67.6050033569336,68.73500061035156,59.11273193359375,3090600
2021-06-28,69.00499725341797,69.1050033569336,68.3550033569336,68.63999938964844,59.031036376953125,2414600
2021-06-29,68.33000183105469,68.33000183105469,66.36000061035156,66.86000061035156,57.500213623046875,4943400
2021-06-30,66.32499694824219,66.84500122070312,65.48999786376953,66.23999786376953,56.967002868652344,5431400
2021-07-01,66.25499725341797,67.33499908447266,65.84500122070312,67.04499816894531,57.65932083129883,4369000
2021-07-02,67.1050033569336,67.5,66.45999908447266,67.3949966430664,57.9603157043457,3132600
2021-07-06,66.61000061035156,66.87000274658203,65.62999725341797,66.68499755859375,57.821590423583984,2540600
2021-07-07,66.59500122070312,66.82499694824219,66.19499969482422,66.7249984741211,57.85626983642578,2035000
2021-07-08,66.18000030517578,66.6500015258789,65.83999633789062,65.96499633789062,57.19728469848633,2640000
2021-07-09,66.13999938964844,66.57499694824219,65.65499877929688,66.43000030517578,57.60048294067383,3072600
2021-07-12,66.25499725341797,66.82499694824219,65.98500061035156,66.72000122070312,57.85193634033203,1893400
2021-07-13,66.66999816894531,66.83999633789062,65.73999786376953,66.05999755859375,57.27964782714844,1695200
2021-07-14,66.20999908447266,66.53500366210938,65.82499694824219,66.08499908447266,57.30133819580078,3171000
2021-07-15,65.7300033569336,66.30999755859375,65.6050033569336,66.27999877929688,57.47042465209961,3270000
2021-07-16,66.43499755859375,67.38500213623047,66.16500091552734,67.0999984741211,58.18142318725586,3445600
2021-07-19,66.76499938964844,67.04000091552734,64.22000122070312,64.91000366210938,56.28251266479492,3934800
2021-07-20,64.91000366210938,66.1050033569336,64.91000366210938,65.95999908447266,57.19294738769531,2782200
2021-07-21,66.19499969482422,66.66000366210938,65.04499816894531,65.1500015258789,56.49061584472656,2128800
2021-07-22,65.0999984741211,65.375,64.51499938964844,64.55999755859375,55.979026794433594,1645200
2021-07-23,64.7249984741211,65.48999786376953,64.66999816894531,65.36000061035156,56.67269515991211,1372200
2021-07-26,65.3550033569336,65.6500015258789,65.06500244140625,65.3499984741211,56.66401672363281,1604000
2021-07-27,65.3499984741211,66.41999816894531,64.88500213623047,66.31500244140625,57.50077438354492,2447000
2021-07-28,66.3499984741211,66.55000305175781,65.4800033569336,66.38999938964844,57.565799713134766,2063600
2021-07-29,66.71499633789062,66.71499633789062,65.91500091552734,66.21499633789062,57.4140625,1564200
2021-07-30,66.05500030517578,66.61499786376953,65.08499908447266,65.32499694824219,56.64235305786133,2268000
2021-08-02,65.5250015258789,66.3499984741211,65.3550033569336,65.625,56.90248489379883,1667400
2021-08-03,65.875,66.21499633789062,65.5250015258789,65.98999786376953,57.218971252441406,1478600
2021-08-04,65.46499633789062,65.5250015258789,64.55000305175781,65.43000030517578,56.7333869934082,1996200
2021-08-05,65.25499725341797,66.48999786376953,65.20500183105469,66.47000122070312,57.635169982910156,1902000
2021-08-06,66.61000061035156,66.75,66.07499694824219,66.16500091552734,57.37070083618164,1422200
2021-08-09,66.1449966430664,66.27999877929688,65.19499969482422,65.62999725341797,56.90681457519531,1651600
2021-08-10,65.54499816894531,66.08000183105469,65.375,65.875,57.11924743652344,1297200
2021-08-11,66.0,66.30500030517578,65.7699966430664,66.0,57.227630615234375,2002400
2021-08-12,65.875,66.41000366210938,65.76000213623047,66.20999908447266,57.40972137451172,1214400
2021-08-13,66.41000366210938,66.92500305175781,66.125,66.88500213623047,57.9950065612793,1416600
2021-08-16,67.0199966430664,67.7750015258789,66.61499786376953,66.78500366210938,57.908294677734375,2261800
2021-08-17,66.41999816894531,67.01499938964844,66.11499786376953,66.94499969482422,58.047027587890625,1472400
2021-08-18,66.91500091552734,66.91500091552734,66.04000091552734,66.29499816894531,57.48341369628906,1546400
2021-08-19,66.28500366210938,67.08499908447266,65.9000015258789,65.98500061035156,57.21463394165039,2050800
2021-08-20,65.78500366210938,66.82499694824219,65.37000274658203,66.68000030517578,57.8172492980957,4974000
2021-08-23,66.98999786376953,66.98999786376953,65.83000183105469,65.94499969482422,57.17994689941406,2415200
2021-08-24,66.02999877929688,66.1050033569336,65.2300033569336,65.48500061035156,56.781089782714844,3256000
2021-08-25,65.42500305175781,65.91500091552734,65.16500091552734,65.79499816894531,57.04988479614258,1727600
2021-08-26,65.66000366210938,66.24500274658203,65.5,65.8949966430664,57.1365852355957,2096800
2021-08-27,66.02999877929688,66.2750015258789,65.72000122070312,65.93000030517578,57.166934967041016,2097800
2021-08-30,66.20999908447266,66.25,65.83999633789062,65.90499877929688,57.145259857177734,1195200
2021-08-31,65.96499633789062,66.5999984741211,65.68000030517578,66.18000030517578,57.38371658325195,3472000
2021-09-01,66.4749984741211,67.16000366210938,66.26000213623047,66.80000305175781,57.921295166015625,2399600
2021-09-02,66.94999694824219,67.54000091552734,66.90499877929688,67.32499694824219,58.37651824951172,2766200
2021-09-03,67.23500061035156,67.23500061035156,66.66999816894531,66.70500183105469,57.838932037353516,1281600
2021-09-07,66.51000213623047,66.94999694824219,66.0999984741211,66.1050033569336,57.31867980957031,1982600
2021-09-08,66.125,67.48999786376953,66.0,67.0,58.0947151184082,1881200
2021-09-09,66.91999816894531,67.27999877929688,66.7699966430664,66.90499877929688,58.01234436035156,1780600
2021-09-10,66.88500213623047,66.91500091552734,66.21499633789062,66.24500274658203,57.44007110595703,2085000
2021-09-13,66.95999908447266,67.69499969482422,66.73500061035156,67.0,58.0947151184082,2490200
2021-09-14,67.25,67.55500030517578,66.63500213623047,66.91500091552734,58.02101135253906,2562000
2021-09-15,67.26499938964844,68.40499877929688,66.57499694824219,68.37999725341797,59.29129409790039,3930600
2021-09-16,68.33999633789062,68.80500030517578,67.2750015258789,67.55999755859375,58.580284118652344,2627600
2021-09-17,67.55999755859375,68.41000366210938,66.625,66.69000244140625,57.825927734375,6363600
2021-09-20,66.09500122070312,66.63999938964844,64.74500274658203,65.51499938964844,56.80710220336914,3241400
2021-09-21,65.8949966430664,66.26000213623047,65.21499633789062,65.23500061035156,56.5643196105957,2008000
2021-09-22,65.62000274658203,66.05999755859375,65.30999755859375,65.41999816894531,56.7247314453125,1842400
2021-09-23,64.87000274658203,65.4800033569336,64.38500213623047,64.51499938964844,56.414302825927734,2096600
2021-09-24,64.53500366210938,65.22000122070312,64.53500366210938,64.88500213623047,56.73784637451172,1714600
2021-09-27,65.01499938964844,65.83999633789062,64.29000091552734,64.43499755859375,56.3443489074707,2019600
2021-09-28,64.26000213623047,64.37000274658203,61.775001525878906,61.810001373291016,54.048954010009766,4786600
2021-09-29,61.93000030517578,64.05999755859375,61.79499816894531,63.72999954223633,55.727867126464844,4334600
2021-09-30,64.12999725341797,64.40499877929688,63.22999954223633,63.25,55.30813980102539,2997800
2021-10-01,63.790000915527344,64.09500122070312,62.68000030517578,62.790000915527344,54.9058952331543,2334400
2021-10-04,62.5,63.560001373291016,62.46500015258789,63.2599983215332,55.31687545776367,2469400
2021-10-05,63.314998626708984,63.7599983215332,63.04499816894531,63.31999969482422,55.36935806274414,2552400
2021-10-06,62.86000061035156,63.97999954223633,62.435001373291016,63.8849983215332,55.86341094970703,3695600
2021-10-07,64.19499969482422,64.4000015258789,62.5,62.79499816894531,54.9102668762207,4342200
2021-10-08,62.88999938964844,63.244998931884766,62.04499816894531,62.310001373291016,54.48617172241211,2392800
2021-10-11,62.28499984741211,62.439998626708984,61.54499816894531,61.564998626708984,53.83470153808594,2083600
2021-10-12,61.84000015258789,62.38999938964844,61.55500030517578,62.20500183105469,54.394351959228516,3887800
2021-10-13,61.4900016784668,63.529998779296875,61.380001068115234,63.42499923706055,55.46116256713867,3511400
2021-10-14,63.755001068115234,64.18000030517578,63.5,64.02999877929688,55.990196228027344,2629400
2021-10-15,64.17500305175781,64.87000274658203,63.904998779296875,64.20500183105469,56.14323043823242,2484000
2021-10-18,63.8650016784668,64.30999755859375,63.310001373291016,63.709999084472656,55.71037673950195,2787400
2021-10-19,64.18499755859375,64.83499908447266,64.0999984741211,64.72000122070312,56.593563079833984,1810600
2021-10-20,65.02999877929688,65.86499786376953,64.94499969482422,65.63999938964844,57.398040771484375,1970800
2021-10-21,65.6449966430664,65.80500030517578,65.07499694824219,65.12999725341797,56.952083587646484,1662800
2021-10-22,65.30999755859375,65.69499969482422,65.15499877929688,65.58499908447266,57.34994125366211,1112400
2021-10-25,65.6050033569336,65.80500030517578,65.0,65.18000030517578,56.99580383300781,1519600
2021-10-26,65.56500244140625,66.33499908447266,65.40499877929688,65.72000122070312,57.46799850463867,1491600
2021-10-27,65.75,66.06500244140625,64.84500122070312,64.93499755859375,56.78156661987305,1519800
2021-10-28,64.92500305175781,65.46499633789062,64.58999633789062,64.86000061035156,56.71597671508789,1934800
2021-10-29,64.78500366210938,64.9800033569336,63.44499969482422,63.814998626708984,55.80219650268555,3132200
2021-11-01,63.94499969482422,64.62000274658203,63.814998626708984,64.44499969482422,56.35307693481445,2034800
2021-11-02,64.62999725341797,64.62999725341797,63.529998779296875,64.01499938964844,55.977081298828125,3018800
2021-11-03,63.85499954223633,64.43499755859375,63.435001373291016,64.08999633789062,56.042659759521484,3198200
2021-11-04,64.08999633789062,64.28500366210938,63.20500183105469,63.67499923706055,55.67977523803711,4234600
2021-11-05,63.43000030517578,64.88500213623047,63.220001220703125,63.67499923706055,55.67977523803711,3763600
2021-11-08,63.93000030517578,63.95500183105469,62.525001525878906,62.790000915527344,54.9058952331543,2821000
2021-11-09,62.65999984741211,62.85499954223633,62.189998626708984,62.529998779296875,54.67854309082031,3098000
2021-11-10,62.68000030517578,63.11000061035156,62.03499984741211,62.30500030517578,54.4818000793457,2421600
2021-11-11,62.03499984741211,62.345001220703125,60.6349983215332,60.79999923706055,53.165767669677734,3082600
2021-11-12,60.79999923706055,61.095001220703125,60.70500183105469,61.04999923706055,53.384376525878906,1911200
2021-11-15,61.46500015258789,62.4900016784668,61.185001373291016,62.279998779296875,54.459938049316406,3092000
2021-11-16,62.46500015258789,64.18000030517578,62.279998779296875,63.0,55.08952331542969,6631200
2021-11-17,62.709999084472656,62.78499984741211,62.025001525878906,62.119998931884766,54.32002258300781,2640200
2021-11-18,62.119998931884766,62.619998931884766,61.29999923706055,61.369998931884766,53.66420364379883,2846800
2021-11-19,61.67499923706055,61.689998626708984,60.94499969482422,61.380001068115234,53.672943115234375,3648400
2021-11-22,61.35499954223633,62.779998779296875,61.314998626708984,62.474998474121094,54.63044738769531,3549000
2021-11-23,62.71500015258789,63.369998931884766,62.334999084472656,62.65999984741211,54.79221725463867,3455200
2021-11-24,62.57500076293945,63.244998931884766,62.47999954223633,62.76499938964844,54.88404083251953,2537200
2021-11-26,61.92499923706055,62.03499984741211,60.73500061035156,60.84000015258789,53.200748443603516,2265600
2021-11-29,61.55500030517578,62.654998779296875,61.224998474121094,62.099998474121094,54.30253219604492,4434600
2021-11-30,61.505001068115234,61.66999816894531,59.845001220703125,59.935001373291016,52.40938186645508,5752000
2021-12-01,60.53499984741211,61.78499984741211,59.779998779296875,59.83000183105469,52.317562103271484,3417400
2021-12-02,59.90999984741211,61.67499923706055,59.849998474121094,61.19499969482422,53.511173248291016,3246000
2021-12-03,61.64500045776367,61.935001373291016,60.79499816894531,61.875,54.10579299926758,3204800
2021-12-06,62.53499984741211,63.63999938964844,62.154998779296875,62.72999954223633,54.853431701660156,3083400
2021-12-07,62.91999816894531,63.75,62.505001068115234,63.45500183105469,55.487403869628906,3152600
2021-12-08,63.29499816894531,63.75,62.869998931884766,63.060001373291016,55.14198684692383,2822600
2021-12-09,63.11000061035156,63.625,62.290000915527344,63.099998474121094,55.17697525024414,3397600
2021-12-10,63.724998474121094,63.73500061035156,63.04999923706055,63.39500045776367,55.43492889404297,2614600
2021-12-13,63.1349983215332,63.54999923706055,62.869998931884766,63.14500045776367,55.21632766723633,3414000
2021-12-14,63.20000076293945,63.79999923706055,62.974998474121094,63.07500076293945,55.15510940551758,3625200
2021-12-15,63.11000061035156,63.974998474121094,62.82500076293945,63.845001220703125,55.82842254638672,2844600
2021-12-16,64.0,65.06500244140625,63.90999984741211,64.29499816894531,56.221927642822266,4772400
2021-12-17,64.01000213623047,64.31500244140625,63.1349983215332,63.435001373291016,55.469913482666016,6197800
2021-12-20,62.76499938964844,63.970001220703125,62.220001220703125,63.775001525878906,55.767215728759766,2772000
2021-12-21,64.29000091552734,65.07499694824219,64.16000366210938,64.25499725341797,56.18695068359375,3165800
2021-12-22,64.00499725341797,64.93499755859375,64.0,64.58000183105469,56.95867919921875,3268800
2021-12-23,64.44499969482422,65.16999816894531,64.33000183105469,64.70500183105469,57.068931579589844,2648200
2021-12-27,64.98999786376953,65.17500305175781,64.6050033569336,65.08000183105469,57.39968490600586,1468400
2021-12-28,65.11000061035156,65.55500030517578,64.99500274658203,65.3949966430664,57.67749786376953,1235000
2021-12-29,65.3499984741211,65.7750015258789,65.08000183105469,65.7249984741211,57.96855163574219,2889000
2021-12-30,65.80000305175781,66.1050033569336,65.5199966430664,65.88500213623047,58.10968017578125,1466600
2021-12-31,65.70500183105469,66.42500305175781,65.54499816894531,66.13999938964844,58.33458709716797,1461400
2022-01-03,66.25,66.25,65.46499633789062,65.99500274658203,58.20669937133789,2070600
2022-01-04,66.25,67.80000305175781,66.25,67.18499755859375,59.25625991821289,5013800
2022-01-05,67.31999969482422,68.44499969482422,67.29499816894531,67.59500122070312,59.61787796020508,4007600
2022-01-06,67.86499786376953,68.58499908447266,67.41500091552734,68.08000183105469,60.04563903808594,3353200
2022-01-07,68.08000183105469,69.71499633789062,67.44999694824219,69.1050033569336,60.94968032836914,3569200
2022-01-10,69.25,69.44999694824219,68.5,68.8499984741211,60.72477340698242,3206400
2022-01-11,68.68000030517578,68.94000244140625,67.4800033569336,67.91999816894531,59.90451431274414,2818400
2022-01-12,67.875,68.28500366210938,67.65499877929688,68.11000061035156,60.07209396362305,2253400
2022-01-13,67.9800033569336,68.58000183105469,67.9800033569336,68.44000244140625,60.363155364990234,3179000
2022-01-14,68.20999908447266,69.16000366210938,67.68499755859375,68.9800033569336,60.839439392089844,3054400
2022-01-18,68.53500366210938,68.94999694824219,67.63999938964844,67.86000061035156,59.851600646972656,4367400
2022-01-19,68.01000213623047,68.94999694824219,67.8499984741211,67.93499755859375,59.917747497558594,3066400
2022-01-20,67.9800033569336,68.55000305175781,67.33499908447266,67.44000244140625,59.481178283691406,2765600
2022-01-21,67.80500030517578,68.44999694824219,67.28500366210938,67.44999694824219,59.489990234375,3519400
2022-01-24,67.16000366210938,67.4000015258789,64.97000122070312,65.82499694824219,58.05675506591797,6652000
2022-01-25,65.47000122070312,67.37000274658203,64.84500122070312,66.95999908447266,59.05780792236328,3945200
2022-01-26,67.01000213623047,68.18499755859375,66.58999633789062,67.31999969482422,59.375328063964844,3691800
2022-01-27,68.18499755859375,68.72000122070312,67.43499755859375,67.9800033569336,59.95744705200195,3697000
2022-01-28,67.75,68.48999786376953,67.05999755859375,68.43000030517578,60.35433578491211,3558400
2022-01-31,67.87999725341797,69.1449966430664,67.74500274658203,69.08000183105469,60.9276237487793,8547800
2022-02-01,68.8949966430664,69.375,67.8949966430664,68.05999755859375,60.02799987792969,4408400
2022-02-02,68.11499786376953,69.30999755859375,67.87999725341797,69.0999984741211,60.945247650146484,3493000
2022-02-03,69.02999877929688,69.1449966430664,68.3949966430664,68.51000213623047,60.42488479614258,2315600
2022-02-04,68.0,68.93000030517578,67.83000183105469,68.13500213623047,60.09415817260742,3055400
2022-02-07,68.16999816894531,68.8550033569336,68.0250015258789,68.5,60.416080474853516,1837000
2022-02-08,68.9000015258789,69.2750015258789,68.6050033569336,68.95500183105469,60.81736755371094,2073800
2022-02-09,69.3499984741211,69.5,68.37999725341797,68.875,60.74681091308594,2367600
2022-02-10,68.44999694824219,69.08999633789062,67.58499908447266,67.77999877929688,59.78104019165039,2959600
2022-02-11,68.20999908447266,68.55500030517578,67.66000366210938,67.98999786376953,59.96624755859375,2209800
2022-02-14,68.22000122070312,68.30500030517578,66.83999633789062,67.56500244140625,59.591426849365234,2922600
2022-02-15,67.93000030517578,68.24500274658203,66.97000122070312,67.30000305175781,59.35768127441406,1778400
2022-02-16,67.41000366210938,67.94000244140625,67.15499877929688,67.61499786376953,59.63551712036133,1888000
2022-02-17,67.4800033569336,67.93000030517578,66.94000244140625,67.69499969482422,59.70607376098633,2066200
2022-02-18,67.4800033569336,68.1500015258789,67.25499725341797,67.75499725341797,59.75898742675781,2740400
2022-02-22,68.3499984741211,68.3499984741211,67.16000366210938,67.75499725341797,59.75898742675781,2464000
2022-02-23,67.93000030517578,68.2300033569336,66.79000091552734,66.81999969482422,58.934326171875,2570200
2022-02-24,66.44999694824219,67.33000183105469,65.50499725341797,67.11499786376953,59.194515228271484,4065000
2022-02-25,68.45500183105469,70.9749984741211,68.08499908447266,70.72000122070312,62.37407684326172,4331200
2022-02-28,71.20999908447266,72.8499984741211,70.41999816894531,72.11000061035156,63.60004806518555,6548600
2022-03-01,72.125,73.125,71.61499786376953,72.58499908447266,64.01899719238281,4549400
2022-03-02,72.7699966430664,74.62000274658203,72.58999633789062,74.18499755859375,65.43016815185547,5519000
2022-03-03,74.18499755859375,75.2300033569336,74.08499908447266,74.80500030517578,65.97699737548828,4623400
2022-03-04,74.54000091552734,75.99500274658203,74.375,75.95999908447266,66.99569702148438,3750600
2022-03-07,75.61499786376953,76.6449966430664,74.91999816894531,76.41999816894531,67.40139770507812,4574800
2022-03-08,77.05999755859375,77.61499786376953,76.03500366210938,76.69499969482422,67.64395141601562,3898200
2022-03-09,77.05500030517578,77.375,76.05500030517578,76.1500015258789,67.16326904296875,3227600
2022-03-10,76.37999725341797,77.68499755859375,75.8949966430664,77.63999938964844,68.47742462158203,3200200
2022-03-11,77.59500122070312,78.53500366210938,76.95999908447266,77.1050033569336,68.00556945800781,3354400
2022-03-14,77.96499633789062,77.9749984741211,75.9749984741211,76.98500061035156,67.89971160888672,4725400
2022-03-15,78.23500061035156,78.57499694824219,76.83999633789062,77.50499725341797,68.35836029052734,3616400
2022-03-16,77.5,77.73999786376953,76.29000091552734,77.18499755859375,68.07613372802734,3356000
2022-03-17,77.34500122070312,78.16500091552734,76.91000366210938,77.91500091552734,68.719970703125,4446000
2022-03-18,77.79499816894531,78.48999786376953,77.40499877929688,78.1449966430664,68.92283630371094,8650000
2022-03-21,78.48999786376953,79.75,78.38500213623047,79.625,70.22818756103516,4407800
2022-03-22,79.26499938964844,79.51499938964844,78.48500061035156,79.06500244140625,69.73426818847656,6813600
2022-03-23,78.91999816894531,80.1500015258789,78.57499694824219,79.70999908447266,70.30313873291016,5044800
2022-03-24,78.88500213623047,79.55500030517578,78.7300033569336,79.43000030517578,70.56298065185547,2620200
2022-03-25,79.47000122070312,81.28500366210938,79.43499755859375,81.2300033569336,72.16206359863281,2851800
2022-03-28,80.92500305175781,81.55999755859375,80.44000244140625,81.55999755859375,72.45521545410156,2952600
2022-03-29,81.58000183105469,82.48999786376953,80.95500183105469,82.47000122070312,73.26361083984375,3611800
2022-03-30,82.6050033569336,83.94999694824219,82.5,83.80999755859375,74.45402526855469,3128000
2022-03-31,83.5,84.7750015258789,83.2750015258789,84.05999755859375,74.67611694335938,3501800
2022-04-01,83.76000213623047,85.29499816894531,83.43499755859375,85.16999816894531,75.66221618652344,2098200
2022-04-04,84.80000305175781,84.80000305175781,82.65499877929688,83.37999725341797,74.07202911376953,3161200
2022-04-05,83.4800033569336,84.93000030517578,82.1050033569336,82.51499938964844,73.30359649658203,5232400
2022-04-06,82.94999694824219,84.28500366210938,82.55999755859375,84.16500091552734,74.76941680908203,4225200
2022-04-07,84.11499786376953,84.23500061035156,82.91999816894531,84.0250015258789,74.64503479003906,3385600
2022-04-08,84.2750015258789,85.38500213623047,84.11000061035156,84.8949966430664,75.41791534423828,2471200
2022-04-11,85.00499725341797,85.2699966430664,83.88999938964844,84.125,74.7338638305664,2410200
2022-04-12,83.83999633789062,85.0999984741211,83.71499633789062,84.81500244140625,75.34684753417969,2533000
2022-04-13,85.51499938964844,85.51499938964844,84.08499908447266,85.20999908447266,75.69776153564453,2346600
2022-04-14,85.625,86.19000244140625,85.375,85.625,76.06642150878906,2196800
2022-04-18,85.96499633789062,86.41999816894531,85.27999877929688,85.55999755859375,76.0086669921875,2375000
2022-04-19,85.84500122070312,86.11000061035156,85.05000305175781,85.13500213623047,75.6311264038086,3440600
2022-04-20,85.98500061035156,86.63999938964844,85.49500274658203,86.33499908447266,76.6971435546875,1918000
2022-04-21,86.12000274658203,86.58000183105469,85.16999816894531,85.21499633789062,75.70217895507812,2462800
2022-04-22,85.25,85.26499938964844,84.1050033569336,84.12000274658203,74.72942352294922,3278800
2022-04-25,84.28500366210938,84.28500366210938,81.75499725341797,82.69000244140625,73.45907592773438,6193400
2022-04-26,82.88500213623047,83.75499725341797,82.1449966430664,82.22000122070312,73.04154205322266,2591600
2022-04-27,82.30000305175781,82.86000061035156,81.18000030517578,81.84500122070312,72.70840454101562,2980800
2022-04-28,82.18499755859375,83.2300033569336,81.75,82.75,73.51235961914062,2790200
2022-04-29,82.38500213623047,82.38999938964844,80.5250015258789,80.68000030517578,71.67345428466797,3442400
2022-05-02,80.94999694824219,81.3949966430664,79.12999725341797,79.83000183105469,70.91834259033203,2912200
2022-05-03,80.4749984741211,81.46499633789062,79.8499984741211,80.34500122070312,71.37583923339844,3297000
2022-05-04,81.19999694824219,82.4000015258789,80.71499633789062,82.25499725341797,73.0726318359375,3010200
2022-05-05,80.625,82.05000305175781,79.97000122070312,80.55999755859375,71.56685638427734,3174800
2022-05-06,80.01499938964844,82.83499908447266,80.01499938964844,82.44999694824219,73.245849609375,3290600
2022-05-09,81.875,82.36000061035156,80.7249984741211,81.01499938964844,71.97103881835938,3016600
2022-05-10,81.33000183105469,82.08000183105469,78.48999786376953,79.2699966430664,70.42083740234375,2907400
2022-05-11,79.54499816894531,81.19999694824219,79.13999938964844,79.41000366210938,70.54521942138672,4267600
2022-05-12,79.4749984741211,79.82499694824219,77.86499786376953,78.9800033569336,70.1632308959961,3724000
2022-05-13,79.79000091552734,80.79499816894531,78.97000122070312,80.52999877929688,71.54019165039062,2483800
2022-05-16,80.91999816894531,81.19999694824219,80.01000213623047,80.75499725341797,71.74008178710938,2336400
2022-05-17,81.09500122070312,81.95500183105469,80.125,81.92500305175781,72.77945709228516,2425000
2022-05-18,82.17500305175781,82.6500015258789,81.16000366210938,81.38999938964844,72.30419158935547,2965000
2022-05-19,81.20999908447266,81.58000183105469,79.80000305175781,80.94499969482422,71.90888214111328,2242000
2022-05-20,81.37999725341797,81.43000030517578,79.53500366210938,80.05500030517578,71.11820983886719,3136600
2022-05-23,81.19499969482422,82.13500213623047,80.63500213623047,81.8949966430664,72.7528076171875,2366400
2022-05-24,81.91000366210938,83.36499786376953,81.48999786376953,83.05500030517578,73.78333282470703,3359400
2022-05-25,83.45999908447266,83.74500274658203,82.69999694824219,83.37000274658203,74.06315612792969,2660000
2022-05-26,83.7300033569336,84.02999877929688,82.2750015258789,82.42500305175781,73.2236557006836,2524800
2022-05-27,82.38999938964844,83.55500030517578,82.12999725341797,83.32499694824219,74.02318572998047,2855200
2022-05-31,82.91999816894531,82.91999816894531,81.7249984741211,81.93000030517578,72.78390502929688,5768200
2022-06-01,82.2699966430664,82.2699966430664,81.21499633789062,81.76000213623047,72.63288116455078,2481400
2022-06-02,82.08000183105469,82.08000183105469,79.95999908447266,81.45500183105469,72.3619384765625,2462200
2022-06-03,81.20999908447266,81.4000015258789,80.0,80.125,71.18040466308594,2547000
2022-06-06,80.38500213623047,81.05000305175781,80.19499969482422,80.58499908447266,71.58905792236328,1714400
2022-06-07,80.41500091552734,81.8949966430664,79.94000244140625,81.8499984741211,72.71283721923828,2638600
2022-06-08,81.48999786376953,81.48999786376953,79.44000244140625,79.7249984741211,70.82504272460938,2475200
2022-06-09,79.62999725341797,79.62999725341797,77.3550033569336,77.58000183105469,68.91951751708984,3615600
2022-06-10,76.92500305175781,78.01499938964844,76.51000213623047,77.33000183105469,68.6974105834961,3084400
2022-06-13,76.30999755859375,76.31500244140625,73.47000122070312,73.58000183105469,65.36604309082031,3838200
2022-06-14,74.2249984741211,74.2249984741211,71.1500015258789,72.41000366210938,64.32665252685547,3503600
2022-06-15,73.01499938964844,73.44499969482422,71.46499633789062,72.37000274658203,64.29112243652344,2810000
2022-06-16,71.2750015258789,71.3949966430664,70.11000061035156,70.9800033569336,63.0562858581543,3633600
2022-06-17,71.04499816894531,71.31500244140625,68.40499877929688,69.74500274658203,61.95916748046875,11800800
2022-06-21,70.63999938964844,71.90499877929688,70.29000091552734,71.41000366210938,63.43829345703125,2970800
2022-06-22,70.76000213623047,72.40499877929688,70.76000213623047,71.72000122070312,63.71367263793945,3182600
2022-06-23,72.08499908447266,73.20500183105469,71.80000305175781,73.17500305175781,65.00627136230469,3255600
2022-06-24,73.57499694824219,74.95999908447266,73.38999938964844,74.72000122070312,66.37876892089844,4457800
2022-06-27,74.63999938964844,75.66500091552734,74.29499816894531,75.33499908447266,66.92512512207031,2290400
2022-06-28,75.87999725341797,76.86000061035156,75.4749984741211,75.6050033569336,67.16499328613281,3157400
2022-06-29,75.8949966430664,76.08999633789062,74.5,75.15499877929688,66.76522064208984,2303200
2022-06-30,74.5250015258789,75.79000091552734,74.44499969482422,75.13500213623047,66.7474594116211,4120200
2022-07-01,75.5,77.00499725341797,74.95500183105469,76.77999877929688,68.20881652832031,3277200
2022-07-05,76.36499786376953,76.5199966430664,72.80999755859375,73.49500274658203,65.29052734375,3323800
2022-07-06,73.75,74.69499969482422,72.99500274658203,73.7300033569336,66.0135269165039,3164000
2022-07-07,74.1050033569336,74.58000183105469,73.66000366210938,73.83999633789062,66.11200714111328,1990600
2022-07-08,73.86499786376953,74.07499694824219,73.13999938964844,73.63500213623047,65.92845916748047,3111600
2022-07-11,73.5250015258789,74.38999938964844,73.11499786376953,74.26499938964844,66.49251556396484,1410600
2022-07-12,73.62000274658203,74.57499694824219,73.1449966430664,73.42500305175781,65.74043273925781,2398400
2022-07-13,72.68499755859375,74.2300033569336,72.26499938964844,73.36499786376953,65.68672943115234,2626600
2022-07-14,74.0,74.18499755859375,72.3499984741211,74.00499725341797,66.2597427368164,3484800
2022-07-15,74.51000213623047,75.81500244140625,73.36499786376953,75.62000274658203,67.70571899414062,5307400
2022-07-18,75.38500213623047,75.91000366210938,74.62000274658203,74.68000030517578,66.86409759521484,3367600
2022-07-19,75.09500122070312,76.0999984741211,74.8550033569336,75.79499816894531,67.86239624023438,2443600
2022-07-20,75.90499877929688,76.63500213623047,75.07499694824219,76.38500213623047,68.39066314697266,3849400
2022-07-21,76.25499725341797,76.8499984741211,75.52999877929688,76.74500274658203,68.71298217773438,2650200
2022-07-22,77.0250015258789,77.8499984741211,76.6050033569336,77.12000274658203,69.04872131347656,1705200
2022-07-25,76.94000244140625,79.24500274658203,76.78500366210938,79.13500213623047,70.85282897949219,2823000
2022-07-26,78.96499633789062,80.27999877929688,78.96499633789062,79.83999633789062,71.48406219482422,2572400
2022-07-27,79.58000183105469,80.26000213623047,78.80999755859375,79.9749984741211,71.60491943359375,2275800
2022-07-28,80.6449966430664,82.0,80.02999877929688,81.79000091552734,73.22997283935547,2038000
2022-07-29,81.58499908447266,83.1500015258789,81.48999786376953,82.9000015258789,74.22380065917969,5935200
2022-08-01,82.75,82.98999786376953,81.8550033569336,82.68499755859375,74.03131103515625,2300000
2022-08-02,82.94499969482422,83.3949966430664,81.74500274658203,81.8499984741211,73.28368377685547,2173200
2022-08-03,81.72000122070312,82.56500244140625,80.65499877929688,82.28500366210938,73.67316436767578,2970800
2022-08-04,81.5,82.48500061035156,80.4000015258789,80.72000122070312,72.27195739746094,3449600
2022-08-05,80.5,80.56500244140625,78.86499786376953,79.8949966430664,71.53329467773438,3714000
2022-08-08,80.45500183105469,81.00499725341797,79.93499755859375,80.4800033569336,72.05708312988281,2180200
2022-08-09,80.98500061035156,81.6449966430664,80.80999755859375,81.2750015258789,72.76888275146484,2466800
2022-08-10,81.84500122070312,82.11000061035156,81.16999816894531,81.73999786376953,73.1852035522461,2115000
2022-08-11,82.00499725341797,82.45999908447266,81.41000366210938,81.94499969482422,73.36874389648438,1616400
2022-08-12,82.29499816894531,83.2300033569336,82.05500030517578,83.18499755859375,74.47895050048828,1583200
2022-08-15,82.93000030517578,83.9800033569336,82.61000061035156,83.76000213623047,74.99378967285156,1466000
2022-08-16,83.73500061035156,84.57499694824219,83.61000061035156,84.5250015258789,75.67871856689453,2132000
2022-08-17,84.22000122070312,85.11000061035156,84.16999816894531,84.79499816894531,75.92047119140625,2004800
2022-08-18,85.0,85.83499908447266,84.98500061035156,85.22000122070312,76.30099487304688,1718600
2022-08-19,85.23999786376953,85.58000183105469,84.77999877929688,85.02999877929688,76.13087463378906,1888800
2022-08-22,84.4000015258789,84.69000244140625,83.80500030517578,84.08499908447266,75.28477478027344,1503400
2022-08-23,84.11499786376953,84.38999938964844,83.75,84.1500015258789,75.34297943115234,1929000
2022-08-24,84.1500015258789,84.67500305175781,83.76499938964844,84.21499633789062,75.40116119384766,2042600
2022-08-25,84.3550033569336,84.54000091552734,83.88500213623047,84.33499908447266,75.50862121582031,1787800
2022-08-26,84.58999633789062,84.7699966430664,83.12999725341797,83.2699966430664,74.55508422851562,1807000
2022-08-29,82.91500091552734,84.86000061035156,82.34500122070312,84.1449966430664,75.3385009765625,1733200
2022-08-30,84.02999877929688,84.51499938964844,82.80000305175781,83.02999877929688,74.3401870727539,2652400
2022-08-31,82.6500015258789,83.7249984741211,82.44499969482422,82.48500061035156,73.85223388671875,2818800
2022-09-01,82.42500305175781,84.02999877929688,81.91000366210938,84.00499725341797,75.2131576538086,1969400
2022-09-02,84.30000305175781,85.20999908447266,83.16999816894531,83.4000015258789,74.67147827148438,1562200
2022-09-06,83.5199966430664,85.0250015258789,83.5,83.91500091552734,75.132568359375,2775400
2022-09-07,84.18499755859375,86.8550033569336,84.18499755859375,86.74500274658203,77.66638946533203,2742600
2022-09-08,86.55000305175781,86.91500091552734,85.97000122070312,86.47000122070312,77.420166015625,1732800
2022-09-09,86.88999938964844,87.44000244140625,86.16999816894531,86.87999725341797,77.7872543334961,3191600
2022-09-12,87.06500244140625,88.23500061035156,86.58499908447266,87.82499694824219,78.63335418701172,2021600
2022-09-13,87.0250015258789,87.46499633789062,84.94999694824219,85.41500091552734,76.47557830810547,3184800
2022-09-14,85.5250015258789,87.68000030517578,85.5250015258789,86.8499984741211,77.7603988647461,2165400
2022-09-15,86.6449966430664,86.6449966430664,85.2249984741211,85.44000244140625,76.49797058105469,2606000
2022-09-16,85.08000183105469,85.31500244140625,84.08000183105469,84.22000122070312,75.4056396484375,5459200
2022-09-19,84.04499816894531,86.51499938964844,83.75,86.46499633789062,77.41567993164062,2558600
2022-09-20,85.73999786376953,86.19499969482422,84.08000183105469,84.43000030517578,75.59368133544922,2312000
2022-09-21,85.36000061035156,86.17500305175781,83.06500244140625,83.12999725341797,74.42973327636719,2576000
2022-09-22,82.66000366210938,82.82499694824219,81.55000305175781,82.09500122070312,74.01276397705078,2119200
2022-09-23,81.2699966430664,81.2699966430664,79.66999816894531,80.88999938964844,72.9263916015625,3107200
2022-09-26,80.56500244140625,80.66500091552734,77.83999633789062,78.61499786376953,70.8753662109375,3460400
2022-09-27,79.2699966430664,79.2699966430664,76.73999786376953,77.07499694824219,69.48697662353516,3747600
2022-09-28,77.98999786376953,78.8949966430664,77.18499755859375,78.48999786376953,70.76268768310547,2644200
2022-09-29,78.04499816894531,78.15499877929688,75.58499908447266,75.73999786376953,68.2834243774414,1941200
2022-09-30,76.15499877929688,76.2699966430664,74.42500305175781,74.97000122070312,67.5892105102539,4334000
2022-10-03,76.51000213623047,78.08000183105469,75.7750015258789,77.55999755859375,69.9242172241211,3196000
2022-10-04,77.98500061035156,79.3949966430664,77.55500030517578,78.81500244140625,71.0556869506836,2020800
2022-10-05,77.67500305175781,78.08499908447266,76.33999633789062,76.76499938964844,69.20750427246094,3034800
2022-10-06,76.29000091552734,76.5,74.33000183105469,74.45500183105469,67.12491607666016,3246600
2022-10-07,74.45999908447266,74.7249984741211,72.86499786376953,73.51499938964844,66.27745819091797,2723600
2022-10-10,73.79499816894531,74.63999938964844,73.44000244140625,73.7750015258789,66.5118637084961,2771400
2022-10-11,73.25,74.37999725341797,72.51499938964844,73.4800033569336,66.24591064453125,2940400
2022-10-12,73.22000122070312,73.3949966430664,70.29000091552734,70.3499984741211,63.42405319213867,3386000
2022-10-13,69.34500122070312,71.61499786376953,68.2699966430664,71.51499938964844,64.47435760498047,5405200
2022-10-14,72.49500274658203,73.20999908447266,70.55999755859375,70.75,63.78466796875,3582400
2022-10-17,72.00499725341797,73.12000274658203,71.7699966430664,72.43499755859375,65.30377960205078,2585800
2022-10-18,73.78500366210938,74.20999908447266,72.37000274658203,72.70500183105469,65.54720306396484,3407400
2022-10-19,71.55999755859375,72.33000183105469,71.22000122070312,71.87000274658203,64.79441833496094,1939800
2022-10-20,71.6050033569336,71.62000274658203,69.61499786376953,69.87000274658203,62.991310119628906,3173200
2022-10-21,70.33000183105469,71.7750015258789,69.7300033569336,71.13999938964844,64.13627624511719,2707200
2022-10-24,71.69499969482422,72.5250015258789,71.30999755859375,72.06999969482422,64.97472381591797,1756600
2022-10-25,71.94999694824219,73.31500244140625,71.80500030517578,73.11000061035156,65.91233825683594,2090200
2022-10-26,73.69999694824219,74.0999984741211,72.69000244140625,73.76499938964844,66.50283813476562,3756600
2022-10-27,74.50499725341797,75.66999816894531,74.36000061035156,75.0,67.61625671386719,2653400
2022-10-28,75.40499877929688,76.33499908447266,75.31999969482422,76.19499969482422,68.6936264038086,1909600
2022-10-31,76.01499938964844,76.4800033569336,75.31500244140625,75.47000122070312,68.04000091552734,2615000
2022-11-01,75.69999694824219,76.0,74.66000366210938,75.7249984741211,68.26988220214844,1865000
2022-11-02,75.58499908447266,77.02999877929688,75.09500122070312,75.2699966430664,67.85967254638672,3005000
2022-11-03,74.72000122070312,76.54000091552734,73.55000305175781,76.30500030517578,68.79278564453125,3761200
2022-11-04,77.2699966430664,77.5,76.16999816894531,77.41500091552734,69.79351043701172,3832000
2022-11-07,77.44999694824219,77.45500183105469,74.31999969482422,74.8550033569336,67.48554992675781,2186600
2022-11-08,75.30000305175781,76.3499984741211,74.94000244140625,75.86499786376953,68.39610290527344,2231800
2022-11-09,75.58499908447266,76.30500030517578,74.9000015258789,75.03500366210938,67.64781188964844,2412000
2022-11-10,77.11000061035156,78.00499725341797,76.06500244140625,77.91500091552734,70.24429321289062,2262000
2022-11-11,78.1050033569336,78.16000366210938,76.21499633789062,77.32499694824219,69.71235656738281,2383000
2022-11-14,77.40499877929688,78.8949966430664,77.21499633789062,77.80500030517578,70.14511108398438,2851200
2022-11-15,78.55999755859375,78.79499816894531,76.92500305175781,77.71499633789062,70.06396484375,2095200
2022-11-16,77.5,79.5,77.2750015258789,78.70500183105469,70.95649719238281,3145800
2022-11-17,77.79499816894531,78.03500366210938,76.11000061035156,77.04000091552734,69.4554214477539,2420200
2022-11-18,78.09500122070312,79.17500305175781,77.9800033569336,78.91999816894531,71.15034484863281,2899400
2022-11-21,78.84500122070312,79.63500213623047,78.84500122070312,79.38500213623047,71.56954956054688,1562800
2022-11-22,79.94999694824219,80.73500061035156,79.6500015258789,80.16500091552734,72.27276611328125,1535600
2022-11-23,79.83000183105469,81.61499786376953,79.83000183105469,81.5,73.4763412475586,2298600
2022-11-25,81.95999908447266,82.16999816894531,81.30000305175781,81.7300033569336,73.68370056152344,804000
2022-11-28,81.05500030517578,81.55500030517578,80.58000183105469,81.54000091552734,73.51239013671875,2363000
2022-11-29,81.19000244140625,81.2249984741211,80.44000244140625,80.66000366210938,72.71903991699219,1376600
2022-11-30,80.55999755859375,83.19499969482422,80.20999908447266,83.09500122070312,74.91429901123047,4509800
2022-12-01,83.5,84.12000274658203,83.01000213623047,83.61000061035156,75.37861633300781,2922200
2022-12-02,82.80000305175781,83.62999725341797,82.625,82.96499633789062,74.79710388183594,2172800
2022-12-05,82.18499755859375,83.06999969482422,81.67500305175781,81.84500122070312,73.7873764038086,1745000
2022-12-06,81.84500122070312,83.16000366210938,81.56500244140625,82.67500305175781,74.53565216064453,2499800
2022-12-07,82.4000015258789,82.76000213623047,81.06999969482422,81.20999908447266,73.21489715576172,2724200
2022-12-08,81.20999908447266,81.38999938964844,80.78500366210938,81.05000305175781,73.07064819335938,2833400
2022-12-09,80.6449966430664,81.62999725341797,80.45500183105469,80.57499694824219,72.64239501953125,1775800
2022-12-12,81.16999816894531,82.81999969482422,80.2699966430664,82.76499938964844,74.6167984008789,1602200
2022-12-13,83.99500274658203,84.125,81.33999633789062,82.33000183105469,74.22463989257812,2458800
2022-12-14,82.54499816894531,83.26499938964844,81.42500305175781,81.875,73.81441497802734,2132200
2022-12-15,81.45500183105469,81.66999816894531,80.23999786376953,80.95500183105469,72.9849853515625,1886200
2022-12-16,79.875,80.19499969482422,78.09500122070312,78.66000366210938,70.91594696044922,6178200
2022-12-19,78.86000061035156,79.36000061035156,77.83000183105469,78.63999938964844,70.89789581298828,1974800
2022-12-20,78.69000244140625,78.93000030517578,77.98999786376953,78.26499938964844,70.55982208251953,1943000
2022-12-21,78.0999984741211,78.56500244140625,77.74500274658203,78.37000274658203,71.17514038085938,1774200
2022-12-22,78.25,78.58999633789062,76.70999908447266,78.5199966430664,71.31134796142578,2337400
2022-12-23,78.29000091552734,79.04499816894531,78.08000183105469,78.875,71.6337661743164,1274600
2022-12-27,79.12000274658203,79.54000091552734,78.52999877929688,79.41999816894531,72.12873840332031,1042400
2022-12-28,79.45500183105469,79.63999938964844,77.875,78.16000366210938,70.9843978881836,1588200
2022-12-29,78.25,78.52999877929688,77.83499908447266,77.94000244140625,70.78462982177734,1871600
2022-12-30,77.875,78.18499755859375,76.58999633789062,77.2699966430664,70.17611694335938,2145200
2023-01-03,77.1500015258789,77.91000366210938,75.2699966430664,76.8550033569336,69.7991943359375,2655600
2023-01-04,77.02999877929688,78.19999694824219,76.78500366210938,77.5199966430664,70.40315246582031,1683200
2023-01-05,76.875,77.20999908447266,75.49500274658203,76.23999786376953,69.24067687988281,2009600
2023-01-06,77.16500091552734,78.18000030517578,77.07499694824219,77.2699966430664,70.17611694335938,2552000
2023-01-09,77.23999786376953,78.87000274658203,77.18499755859375,78.56500244140625,71.35222625732422,2347400
2023-01-10,78.51499938964844,78.87999725341797,77.43000030517578,78.75499725341797,71.52476501464844,1978000
2023-01-11,78.99500274658203,81.36499786376953,78.99500274658203,81.02999877929688,73.59092712402344,3111200
2023-01-12,81.20999908447266,81.3499984741211,80.09500122070312,80.46499633789062,73.07778930664062,2355600
2023-01-13,80.12000274658203,80.7249984741211,79.46499633789062,80.41500091552734,73.03237915039062,2257800
2023-01-17,80.6050033569336,81.81999969482422,80.5199966430664,80.88500213623047,73.45923614501953,2947200
2023-01-18,81.26499938964844,81.26499938964844,78.05500030517578,78.34500122070312,71.15242767333984,2322000
2023-01-19,78.24500274658203,78.56999969482422,76.90499877929688,77.88999938964844,70.73919677734375,3005800
2023-01-20,78.23999786376953,79.1050033569336,77.2750015258789,78.99500274658203,71.74274444580078,2734400
2023-01-23,79.0,80.06500244140625,78.38500213623047,79.37000274658203,72.08332061767578,1606000
2023-01-24,78.44000244140625,79.87000274658203,78.37000274658203,79.55999755859375,72.2558822631836,1675600
2023-01-25,78.96499633789062,79.55000305175781,78.50499725341797,79.48999786376953,72.19229888916016,1325600
2023-01-26,79.25,80.25499725341797,79.1050033569336,80.25,72.88253784179688,1657200
2023-01-27,80.24500274658203,81.36000061035156,80.0250015258789,80.91500091552734,73.48648071289062,2558800
2023-01-30,80.46499633789062,81.33000183105469,80.38999938964844,80.62000274658203,73.21857452392578,3074000
2023-01-31,80.62000274658203,80.68000030517578,78.90499877929688,80.16500091552734,72.80532836914062,3029200
2023-02-01,79.77999877929688,80.7249984741211,79.29000091552734,79.94000244140625,72.60099029541016,2372200
2023-02-02,80.38999938964844,81.0,79.0999984741211,80.56500244140625,73.16862487792969,3881000
2023-02-03,80.03500366210938,80.44000244140625,77.32499694824219,77.94999694824219,70.79367065429688,2923600
2023-02-06,77.66500091552734,78.98999786376953,77.50499725341797,78.81999969482422,71.58383178710938,1741200
2023-02-07,78.0999984741211,78.69999694824219,77.30000305175781,78.55000305175781,71.33861541748047,1812800
2023-02-08,77.94499969482422,78.0,76.69000244140625,77.20999908447266,70.12163543701172,2115600
2023-02-09,77.44499969482422,78.06500244140625,76.30500030517578,76.37999725341797,69.36781311035156,2825400
2023-02-10,76.63999938964844,78.61499786376953,76.42500305175781,78.56500244140625,71.35222625732422,2186400
2023-02-13,78.67500305175781,79.19499969482422,78.54000091552734,78.88999938964844,71.64739990234375,1423200
2023-02-14,78.80000305175781,79.37999725341797,78.20999908447266,78.42500305175781,71.22509002685547,1792400
2023-02-15,78.0250015258789,79.28500366210938,77.86499786376953,79.19499969482422,71.92438507080078,2077200
2023-02-16,78.18499755859375,79.06500244140625,77.53500366210938,78.73500061035156,71.50662231445312,2145600
2023-02-17,78.81500244140625,80.15499877929688,78.30500030517578,79.24500274658203,71.96980285644531,3693600
2023-02-21,78.73500061035156,78.73500061035156,77.58499908447266,77.70999908447266,70.57572937011719,2260200
2023-02-22,77.53500366210938,78.67500305175781,77.05500030517578,77.58000183105469,70.45765686035156,1969000
2023-02-23,77.91999816894531,78.4749984741211,77.18000030517578,77.83000183105469,70.68470001220703,2038600
2023-02-24,77.12000274658203,77.9000015258789,76.54000091552734,77.63999938964844,70.51215362548828,2154200
2023-02-27,77.95500183105469,78.97000122070312,77.05999755859375,77.44000244140625,70.33050537109375,2385400
2023-02-28,76.7300033569336,76.80000305175781,74.25499725341797,74.9800033569336,68.09635925292969,7263800
2023-03-01,74.58999633789062,74.78500366210938,72.91999816894531,73.93000030517578,67.14275360107422,3853400
2023-03-02,73.47000122070312,74.4000015258789,72.81500244140625,74.34500122070312,67.5196533203125,2635200
2023-03-03,74.5999984741211,75.47000122070312,73.57499694824219,75.44499969482422,68.51866912841797,2268200
2023-03-06,75.42500305175781,76.1449966430664,75.2249984741211,75.52999877929688,68.59587097167969,2136000
2023-03-07,75.70999908447266,75.78500366210938,73.7750015258789,74.1500015258789,67.3425521850586,2504000
2023-03-08,74.13500213623047,74.53500366210938,73.69000244140625,74.30999755859375,67.48786163330078,2184800
2023-03-09,74.375,75.18000030517578,73.58000183105469,73.80999755859375,67.03376007080078,2897800
2023-03-10,74.07499694824219,74.49500274658203,71.84500122070312,72.05500030517578,65.43988037109375,2906400
2023-03-13,71.9000015258789,74.54000091552734,71.63999938964844,71.98500061035156,65.37631225585938,4426000
2023-03-14,72.81999969482422,74.4000015258789,72.81999969482422,73.42500305175781,66.68411254882812,3536800
2023-03-15,72.94000244140625,73.76000213623047,72.33999633789062,73.18000030517578,66.46160125732422,2931800
2023-03-16,72.81999969482422,74.3949966430664,72.66999816894531,74.34500122070312,67.5196533203125,3102400
2023-03-17,73.94999694824219,74.00499725341797,72.58999633789062,72.66999816894531,65.99842834472656,7999600
2023-03-20,72.88500213623047,74.01499938964844,72.83499908447266,73.75499725341797,66.98381805419922,4174600
2023-03-21,73.59500122070312,73.7249984741211,71.38500213623047,72.79499816894531,66.64962005615234,5341000
2023-03-22,72.29499816894531,72.66000366210938,70.99500274658203,71.0,65.00614929199219,3048800
2023-03-23,70.7300033569336,71.2249984741211,69.27999877929688,69.84500122070312,63.94867706298828,3620600
2023-03-24,69.9000015258789,71.46499633789062,69.7750015258789,71.38999938964844,65.36324310302734,2356200
2023-03-27,72.125,72.63500213623047,71.62000274658203,72.16000366210938,66.06822967529297,2164800
2023-03-28,72.0199966430664,73.27999877929688,71.87999725341797,72.7249984741211,66.5855484008789,1447200
2023-03-29,73.2699966430664,74.48999786376953,73.2699966430664,74.2249984741211,67.95890808105469,2311200
2023-03-30,74.61000061035156,75.44000244140625,74.3499984741211,74.77999877929688,68.46704864501953,2204200
2023-03-31,74.98500061035156,75.59500122070312,74.79000091552734,75.58000183105469,69.19952392578125,2644400
2023-04-03,75.42500305175781,75.70999908447266,74.66999816894531,74.79000091552734,68.47620391845703,3110000
2023-04-04,74.96499633789062,75.37999725341797,74.43499755859375,75.12999725341797,68.78750610351562,2079200
2023-04-05,75.5,77.08000183105469,75.5,76.56999969482422,70.10594940185547,2694000
2023-04-06,76.94999694824219,77.83499908447266,76.91999816894531,77.66999816894531,71.11307525634766,2375400
2023-04-10,77.01000213623047,77.81500244140625,76.81500244140625,77.6449966430664,71.0901870727539,1415400
2023-04-11,77.43000030517578,77.65499877929688,76.87000274658203,77.375,70.84297180175781,2052200
2023-04-12,77.69000244140625,77.79499816894531,76.63999938964844,76.9749984741211,70.47675323486328,2138800
2023-04-13,76.62999725341797,77.71499633789062,75.87999725341797,77.37999725341797,70.8475570678711,1961200
2023-04-14,76.94000244140625,77.29499816894531,76.30999755859375,76.51499938964844,70.05557250976562,1878400
2023-04-17,76.73999786376953,77.5,76.4000015258789,77.48999786376953,70.94827270507812,2200800
2023-04-18,77.28500366210938,78.15499877929688,77.28500366210938,78.01000213623047,71.42436981201172,4150800
2023-04-19,78.2249984741211,79.51499938964844,78.15499877929688,78.99500274658203,72.32621002197266,3567000
2023-04-20,79.05500030517578,79.43499755859375,78.04000091552734,78.47000122070312,71.84553527832031,2961400
2023-04-21,78.99500274658203,79.05999755859375,77.875,78.4000015258789,71.78145599365234,1571200
2023-04-24,78.625,78.95500183105469,78.18000030517578,78.92500305175781,72.26213073730469,1491000
2023-04-25,78.8550033569336,79.37999725341797,78.69499969482422,78.98999786376953,72.32164764404297,1236000
2023-04-26,78.375,78.9749984741211,76.75499725341797,77.16500091552734,70.65071105957031,2307000
2023-04-27,77.54499816894531,78.1050033569336,77.16500091552734,78.04499816894531,71.4564208984375,1874400
2023-04-28,77.98999786376953,78.22000122070312,77.18000030517578,77.74500274658203,71.18174743652344,2625800
2023-05-01,77.58999633789062,79.29499816894531,77.44999694824219,78.2300033569336,71.62580871582031,2781000
2023-05-02,78.18000030517578,78.4749984741211,76.11499786376953,76.5999984741211,70.1333999633789,3231400
2023-05-03,77.12999725341797,77.33000183105469,76.12999725341797,76.30999755859375,69.8678970336914,4046000
2023-05-04,77.03500366210938,77.54000091552734,76.30000305175781,76.74500274658203,70.26617431640625,3188200
2023-05-05,76.5,77.84500122070312,76.25,77.45999908447266,70.92080688476562,2587400
2023-05-08,77.36000061035156,78.09500122070312,77.2699966430664,77.46499633789062,70.92538452148438,1858000
2023-05-09,77.41500091552734,78.09500122070312,77.13500213623047,77.8550033569336,71.28246307373047,2908000
2023-05-10,78.51499938964844,78.69999694824219,77.26499938964844,77.79499816894531,71.22752380371094,1907600
2023-05-11,77.82499694824219,78.01499938964844,76.28500366210938,76.73999786376953,70.26158142089844,2311200
2023-05-12,77.19999694824219,77.49500274658203,76.30000305175781,76.6449966430664,70.17459106445312,1779000
2023-05-15,76.83499908447266,76.86499786376953,74.95500183105469,75.26499938964844,68.9111099243164,1882800
2023-05-16,75.21499633789062,75.21499633789062,72.72000122070312,72.75,66.60841369628906,3192400
2023-05-17,72.9000015258789,73.44000244140625,72.34500122070312,73.40499877929688,67.2081298828125,3392000
2023-05-18,72.95999908447266,73.7699966430664,72.84500122070312,73.55500030517578,67.34546661376953,3224800
2023-05-19,73.91500091552734,74.4800033569336,72.88999938964844,72.91000366210938,66.75492095947266,2048000
2023-05-22,72.94499969482422,73.5250015258789,72.56999969482422,73.04000091552734,66.87395477294922,1730800
2023-05-23,72.9000015258789,73.69999694824219,72.63999938964844,73.25,67.06621551513672,1648000
2023-05-24,72.88500213623047,73.3499984741211,72.75499725341797,72.86000061035156,66.7091293334961,2095200
2023-05-25,72.93000030517578,72.98999786376953,71.5,71.79000091552734,65.7294692993164,2064000
2023-05-26,71.73999786376953,71.93000030517578,70.94999694824219,71.92500305175781,65.85308074951172,2874800
2023-05-30,71.9800033569336,72.61000061035156,71.4749984741211,71.87999725341797,65.81185150146484,3289400
2023-05-31,72.0250015258789,72.38999938964844,71.0199966430664,71.76499938964844,65.70658111572266,6058800
2023-06-01,72.04499816894531,72.19499969482422,71.4000015258789,72.08999633789062,66.00414276123047,3820200
2023-06-02,71.88999938964844,72.48999786376953,71.26499938964844,72.28500366210938,66.18267822265625,2500000
2023-06-05,72.36000061035156,73.73500061035156,72.21499633789062,72.50499725341797,66.38409423828125,1641600
2023-06-06,72.58499908447266,73.125,71.94000244140625,72.53500366210938,66.4115982055664,1832400
2023-06-07,72.6500015258789,74.30999755859375,72.05500030517578,74.1050033569336,67.84904479980469,1766000
2023-06-08,74.45500183105469,74.76499938964844,73.79499816894531,74.54499816894531,68.25190734863281,1659000
2023-06-09,74.69999694824219,74.7300033569336,73.625,73.8499984741211,67.61555480957031,2092200
2023-06-12,73.99500274658203,74.1449966430664,73.33000183105469,73.58499908447266,67.37293243408203,1523800
2023-06-13,73.04499816894531,73.90499877929688,72.8499984741211,73.30500030517578,67.11658477783203,1679800
2023-06-14,73.37999725341797,74.4000015258789,73.30999755859375,73.6449966430664,67.42787170410156,1660800
2023-06-15,73.94000244140625,74.54000091552734,73.6449966430664,74.29499816894531,68.02298736572266,1928800
2023-06-16,74.58000183105469,74.98999786376953,74.06999969482422,74.0999984741211,67.84444427490234,4520200
2023-06-20,73.87999725341797,74.3499984741211,73.2300033569336,73.71499633789062,67.4919662475586,1744200
2023-06-21,73.45999908447266,74.32499694824219,72.80000305175781,74.25,67.98179626464844,1384800
2023-06-22,74.43000030517578,74.49500274658203,72.96499633789062,73.26000213623047,67.07537841796875,2126800
2023-06-23,73.36499786376953,73.81500244140625,71.70500183105469,71.875,65.80728912353516,3150800
2023-06-26,72.11499786376953,73.19499969482422,71.88999938964844,73.0250015258789,66.86021423339844,2020200
2023-06-27,73.16999816894531,73.2699966430664,72.54499816894531,73.13500213623047,66.9609375,2336000
2023-06-28,73.16500091552734,73.16500091552734,72.09500122070312,72.56500244140625,66.43904876708984,2245400
2023-06-29,72.16500091552734,73.1050033569336,72.00499725341797,72.44499969482422,66.32918548583984,1741200
2023-06-30,72.65499877929688,73.08999633789062,72.18499755859375,72.79499816894531,66.64962005615234,2283400
2023-07-03,72.08499908447266,72.95999908447266,71.98500061035156,72.58999633789062,67.00965881347656,606600
2023-07-05,72.25499725341797,73.9000015258789,72.00499725341797,73.11000061035156,67.48968505859375,2757600
2023-07-06,72.3550033569336,72.3550033569336,71.45500183105469,72.1050033569336,66.56193542480469,4226000
2023-07-07,71.79499816894531,72.67500305175781,71.6500015258789,72.06500244140625,66.52501678466797,2222400
2023-07-10,71.91500091552734,72.2750015258789,71.2750015258789,72.2249984741211,66.67271423339844,2271400
2023-07-11,72.5,73.51000213623047,72.31500244140625,73.47000122070312,67.82199096679688,2445800
2023-07-12,74.01499938964844,74.48500061035156,73.625,74.36499786376953,68.64818572998047,2507600
2023-07-13,74.41999816894531,74.78500366210938,74.05999755859375,74.77999877929688,69.03128814697266,2521800
2023-07-14,74.61000061035156,74.71499633789062,73.99500274658203,74.22000122070312,68.51434326171875,1608400
2023-07-17,74.04000091552734,74.09500122070312,73.04000091552734,73.05999755859375,67.4435043334961,1544800
2023-07-18,72.94499969482422,73.7300033569336,72.00499725341797,72.52999877929688,66.95425415039062,1513400
2023-07-19,72.55000305175781,73.48999786376953,72.55000305175781,73.26499938964844,67.63276672363281,2086800
2023-07-20,73.69999694824219,75.0,73.44499969482422,74.80500030517578,69.05436706542969,1616200
2023-07-21,75.0,75.94999694824219,74.83999633789062,75.53500366210938,69.7282485961914,1962800
2023-07-24,75.5999984741211,75.9800033569336,75.08999633789062,75.625,69.81134033203125,1319600
2023-07-25,75.58999633789062,75.94499969482422,75.21499633789062,75.70500183105469,69.88516998291016,1430200
2023-07-26,75.65499877929688,76.49500274658203,75.5,75.9749984741211,70.13441467285156,1206800
2023-07-27,75.74500274658203,75.94999694824219,74.29000091552734,74.68000030517578,68.9389877319336,2021200
2023-07-28,75.15499877929688,75.31999969482422,74.13500213623047,74.6500015258789,68.91128540039062,1740400
2023-07-31,75.06999969482422,75.18499755859375,74.18000030517578,74.51000213623047,68.78204345703125,2419800
2023-08-01,74.43499755859375,74.9749984741211,73.61499786376953,73.62000274658203,67.96045684814453,2057600
2023-08-02,73.41500091552734,73.90499877929688,72.94000244140625,73.43499755859375,67.78968811035156,2098600
2023-08-03,74.21499633789062,74.21499633789062,71.19000244140625,71.65499877929688,66.14653015136719,2996200
2023-08-04,71.65499877929688,72.34500122070312,70.68000030517578,70.97000122070312,65.51419067382812,2693800
2023-08-07,71.50499725341797,72.0199966430664,71.16000366210938,71.19999694824219,65.72649383544922,2619800
2023-08-08,71.0,71.68000030517578,70.44999694824219,71.65499877929688,66.14653015136719,2063800
2023-08-09,71.5250015258789,73.38999938964844,71.44000244140625,71.8949966430664,66.36808013916016,3170800
2023-08-10,72.08000183105469,72.57499694824219,71.20500183105469,71.5,66.00343322753906,1988800
2023-08-11,71.48500061035156,72.2249984741211,71.20999908447266,72.17500305175781,66.6265640258789,2000000
2023-08-14,72.01499938964844,72.01499938964844,70.92500305175781,71.26000213623047,65.78189086914062,2436000
2023-08-15,70.87000274658203,71.2249984741211,69.99500274658203,70.0199966430664,64.63720703125,2348400
2023-08-16,70.0199966430664,70.96499633789062,69.87999725341797,70.6500015258789,65.21878814697266,2538200
2023-08-17,70.9000015258789,72.0250015258789,70.82499694824219,70.86000061035156,65.41264343261719,2272000
2023-08-18,70.57499694824219,71.16999816894531,70.41999816894531,70.71499633789062,65.2787857055664,2665200
2023-08-21,70.72000122070312,71.36499786376953,70.25499725341797,71.11000061035156,65.64342498779297,2071400
2023-08-22,71.23999786376953,71.52999877929688,70.51000213623047,71.30000305175781,65.8188247680664,2515400
2023-08-23,71.79000091552734,71.97000122070312,70.63999938964844,71.86000061035156,66.33576965332031,2211000
2023-08-24,71.73999786376953,72.69999694824219,70.7699966430664,70.77999877929688,65.3387680053711,1801400
2023-08-25,70.98999786376953,72.0199966430664,70.94000244140625,71.55999755859375,66.05883026123047,1762800
2023-08-28,71.66000366210938,72.08000183105469,71.33000183105469,71.55999755859375,66.05883026123047,1600500
2023-08-29,71.73999786376953,72.08999633789062,71.19999694824219,71.70999908447266,66.1972885131836,1777400
2023-08-30,71.51000213623047,71.81999969482422,70.58000183105469,70.8499984741211,65.40340423583984,1938700
2023-08-31,71.0999984741211,71.41000366210938,70.1500015258789,70.22000122070312,64.82184600830078,3408400
2023-09-01,70.7300033569336,70.91000366210938,69.51000213623047,70.05999755859375,64.67414093017578,1804000
2023-09-05,69.91000366210938,70.08000183105469,68.7699966430664,69.19999694824219,63.8802604675293,2471300
2023-09-06,69.36000061035156,69.72000122070312,68.87999725341797,69.61000061035156,64.25874328613281,2018300
2023-09-07,70.0,71.04000091552734,69.5999984741211,70.45999908447266,65.04338836669922,2167100
2023-09-08,70.58999633789062,71.55999755859375,70.4000015258789,71.25,65.77265930175781,2386700
2023-09-11,71.37999725341797,71.81999969482422,71.0199966430664,71.16000366210938,65.68958282470703,1368300
2023-09-12,71.19999694824219,71.6500015258789,70.9000015258789,71.29000091552734,65.80958557128906,1939200
2023-09-13,71.62999725341797,72.38999938964844,71.5199966430664,71.91999816894531,66.39115142822266,1750000
2023-09-14,72.41999816894531,73.58999633789062,72.29000091552734,73.52999877929688,67.87738800048828,2009500
2023-09-15,73.2699966430664,73.86000061035156,73.05000305175781,73.0999984741211,67.48043823242188,4171400
2023-09-18,73.20999908447266,73.66000366210938,72.51000213623047,73.51000213623047,67.85891723632812,1834500
2023-09-19,73.5199966430664,74.12999725341797,73.37999725341797,73.5199966430664,67.86814880371094,2665900
2023-09-20,73.79000091552734,74.5199966430664,73.27999877929688,73.33000183105469,67.69275665283203,2537200
2023-09-21,73.19000244140625,73.55000305175781,71.94000244140625,71.95999908447266,66.42807006835938,2501100
2023-09-22,71.63999938964844,72.3499984741211,71.43000030517578,71.81999969482422,66.29883575439453,2472000
2023-09-25,71.08999633789062,71.72000122070312,70.95999908447266,71.66000366210938,66.15115356445312,2062400
2023-09-26,70.61000061035156,71.05000305175781,69.0,69.22000122070312,64.4337158203125,3897400
2023-09-27,69.2699966430664,70.2699966430664,69.05999755859375,69.41000366210938,64.61058044433594,3325300
2023-09-28,69.68000030517578,69.76000213623047,67.66000366210938,67.7699966430664,63.08396911621094,2956500
2023-09-29,68.43000030517578,68.7300033569336,67.44000244140625,68.02999877929688,63.32600402832031,3318700
2023-10-02,67.48999786376953,67.7699966430664,64.73999786376953,65.2699966430664,60.756839752197266,4521900
2023-10-03,64.58000183105469,66.68000030517578,63.75,66.33999633789062,61.75284194946289,4235500
2023-10-04,66.69999694824219,66.88999938964844,65.2300033569336,66.48999786376953,61.892478942871094,3304100
2023-10-05,66.23999786376953,66.69999694824219,65.55999755859375,66.25,61.66907501220703,2532200
2023-10-06,65.37999725341797,67.47000122070312,64.29000091552734,67.12999725341797,62.48822784423828,3284400
2023-10-09,67.12000274658203,68.5199966430664,66.80999755859375,68.5,63.76349639892578,2369000
2023-10-10,68.5,68.87999725341797,68.02999877929688,68.55000305175781,63.8100471496582,2961800
2023-10-11,68.83000183105469,69.44999694824219,68.26000213623047,69.2699966430664,64.48026275634766,3241400
2023-10-12,69.16000366210938,69.5199966430664,67.83999633789062,68.45999908447266,63.72626495361328,2902500
2023-10-13,69.01000213623047,69.5,68.38999938964844,69.48999786376953,64.6850357055664,2421300
2023-10-16,69.7699966430664,71.16999816894531,69.43000030517578,70.91000366210938,66.00686645507812,3163600
2023-10-17,70.55999755859375,71.22000122070312,70.11000061035156,70.56999969482422,65.69036102294922,2771400
2023-10-18,70.37999725341797,70.80000305175781,69.5199966430664,70.41999816894531,65.55074310302734,2075700
2023-10-19,70.31999969482422,70.63999938964844,69.33000183105469,69.55000305175781,64.74091339111328,2703300
2023-10-20,69.69999694824219,70.12000274658203,68.5199966430664,68.55999755859375,63.819339752197266,3342200
2023-10-23,68.08000183105469,69.30000305175781,67.83000183105469,68.13999938964844,63.42838668823242,2440700
2023-10-24,68.80000305175781,70.01000213623047,68.69000244140625,69.77999877929688,64.95499420166016,2947000
2023-10-25,69.48999786376953,70.47000122070312,69.38999938964844,70.16999816894531,65.31800842285156,2380400
2023-10-26,70.4800033569336,71.58000183105469,70.22000122070312,70.80000305175781,65.90446472167969,1973100
2023-10-27,70.33999633789062,70.76000213623047,69.41999816894531,69.72000122070312,64.89913940429688,1939400
2023-10-30,70.13999938964844,70.77999877929688,69.12999725341797,69.48999786376953,64.6850357055664,2552200
2023-10-31,69.94000244140625,70.11000061035156,69.19999694824219,70.02999877929688,65.1877212524414,2482300
2023-11-01,70.37999725341797,71.44000244140625,69.47000122070312,70.75,65.85792541503906,2470900
2023-11-02,70.94000244140625,72.55000305175781,70.45999908447266,72.08000183105469,67.09596252441406,3497000
2023-11-03,73.55999755859375,74.44000244140625,72.33000183105469,72.3499984741211,67.3472900390625,4039600
2023-11-06,72.5,72.72000122070312,71.48999786376953,71.87999725341797,66.90977478027344,2111000
2023-11-07,72.05999755859375,72.12999725341797,71.19000244140625,71.4000015258789,66.46298217773438,2115900
2023-11-08,70.0,70.62000274658203,69.76000213623047,70.52999877929688,65.65314483642578,7950700
2023-11-09,70.73999786376953,70.93000030517578,69.47000122070312,69.56999969482422,64.75951385498047,3459800
2023-11-10,69.83999633789062,70.44999694824219,69.22000122070312,70.33999633789062,65.47627258300781,3468200
2023-11-13,70.12999725341797,70.25,69.41999816894531,70.0199966430664,65.17838287353516,5455000
2023-11-14,71.4800033569336,72.66999816894531,71.11000061035156,72.5999984741211,67.57999420166016,5079900
2023-11-15,72.56999969482422,73.3499984741211,71.83000183105469,71.9800033569336,67.00287628173828,4599700
2023-11-16,72.55999755859375,72.91000366210938,72.08000183105469,72.19000244140625,67.19834899902344,4471600
2023-11-17,72.58000183105469,72.62000274658203,71.91000366210938,72.26000213623047,67.26351165771484,1844800
2023-11-20,71.98999786376953,72.58000183105469,71.13999938964844,72.43000030517578,67.4217529296875,3201400
2023-11-21,72.58000183105469,72.91999816894531,72.19000244140625,72.87000274658203,67.83133697509766,3539800
2023-11-22,73.11000061035156,73.27999877929688,72.5,73.12000274658203,68.06404876708984,2930500
2023-11-24,72.9800033569336,73.77999877929688,72.87999725341797,73.66999816894531,68.57601165771484,1835200
2023-11-27,73.70999908447266,73.86000061035156,73.30000305175781,73.72000122070312,68.62255096435547,3856300
2023-11-28,73.86000061035156,74.61000061035156,73.44999694824219,73.5199966430664,68.4363784790039,7088700
2023-11-29,73.70999908447266,74.05999755859375,72.77999877929688,72.94999694824219,67.90579223632812,2648900
2023-11-30,73.26000213623047,73.44999694824219,72.27999877929688,72.87000274658203,67.83133697509766,11122100
2023-12-01,72.93000030517578,73.27999877929688,72.55000305175781,73.19999694824219,68.13851928710938,3142100
2023-12-04,72.76000213623047,73.47000122070312,72.66000366210938,72.80999755859375,67.7754898071289,3511900
2023-12-05,72.06999969482422,72.30999755859375,70.91000366210938,70.93000030517578,66.5694808959961,2806800
2023-12-06,71.4800033569336,73.08000183105469,71.44999694824219,73.05000305175781,68.55915832519531,4002100
2023-12-07,73.13999938964844,73.58999633789062,72.73999786376953,73.04000091552734,68.54977416992188,3158300
2023-12-08,73.22000122070312,73.33000183105469,72.22000122070312,72.37999725341797,67.93034362792969,2521700
2023-12-11,72.18000030517578,74.01000213623047,72.06999969482422,73.94000244140625,69.39443969726562,5282700
2023-12-12,74.83999633789062,74.83999633789062,73.70999908447266,73.8499984741211,69.30996704101562,3231600
2023-12-13,73.91999816894531,76.5999984741211,73.58000183105469,76.48999786376953,71.78767395019531,3509900
2023-12-14,76.98999786376953,77.79000091552734,76.08999633789062,76.4800033569336,71.77828979492188,6495300
2023-12-15,75.94999694824219,76.41999816894531,74.4800033569336,75.22000122070312,70.59574890136719,8523500
2023-12-18,75.54000091552734,75.86000061035156,74.66999816894531,74.80000305175781,70.20156860351562,2763800
2023-12-19,75.04000091552734,75.41000366210938,74.66000366210938,75.0,70.38927459716797,2891700
2023-12-20,74.8499984741211,75.08000183105469,73.08000183105469,73.13999938964844,68.64362335205078,3973000
2023-12-21,73.29000091552734,73.98999786376953,72.93000030517578,73.13999938964844,68.64362335205078,2570400
2023-12-22,73.62999725341797,74.0999984741211,73.29000091552734,73.69999694824219,69.169189453125,1843600
2023-12-26,73.62999725341797,74.80000305175781,73.5999984741211,74.45999908447266,69.8824691772461,2267100
2023-12-27,74.29000091552734,74.70999908447266,73.88999938964844,74.13999938964844,69.58213806152344,2038400
2023-12-28,74.0,74.70999908447266,74.0,74.66999816894531,70.07955169677734,1234900
2023-12-29,74.48999786376953,74.83000183105469,74.23999786376953,74.7300033569336,70.13587951660156,1736500
2024-01-02,74.5199966430664,76.2300033569336,74.23999786376953,75.81999969482422,71.15885925292969,2714200
2024-01-03,76.08000183105469,76.12999725341797,75.31999969482422,76.01000213623047,71.33717346191406,2409000
2024-01-04,76.2699966430664,76.81999969482422,75.91999816894531,75.95999908447266,71.29025268554688,1944500
2024-01-05,75.83000183105469,76.83999633789062,75.55999755859375,76.43000030517578,71.73136138916016,3297900
2024-01-08,76.22000122070312,77.05999755859375,75.97000122070312,76.95999908447266,72.2287826538086,2392100
2024-01-09,76.55999755859375,76.83000183105469,76.19000244140625,76.3499984741211,71.65628051757812,2116600
2024-01-10,76.25,76.47000122070312,75.83000183105469,76.12999725341797,71.4498062133789,1666900
2024-01-11,76.2699966430664,76.33000183105469,74.5199966430664,74.83999633789062,70.23910522460938,2442500
2024-01-12,75.44000244140625,75.68000030517578,74.91999816894531,75.41000366210938,70.7740707397461,3123200
2024-01-16,74.9000015258789,75.30000305175781,74.26000213623047,74.45999908447266,69.8824691772461,2748700
2024-01-17,73.91999816894531,75.05000305175781,73.25,73.56999969482422,69.04717254638672,3848500
2024-01-18,73.12999725341797,73.5,72.61000061035156,73.20999908447266,68.70932006835938,3561800
2024-01-19,73.4000015258789,73.4000015258789,72.44000244140625,72.87999725341797,68.39961242675781,2635500
2024-01-22,72.91000366210938,73.0999984741211,71.27999877929688,71.69999694824219,67.2921371459961,3352200
2024-01-23,71.72000122070312,71.93000030517578,71.12000274658203,71.72000122070312,67.3109130859375,2494300
2024-01-24,72.22000122070312,72.22000122070312,69.94000244140625,70.11000061035156,65.79989624023438,3516000
2024-01-25,70.43000030517578,70.9800033569336,70.0199966430664,70.7300033569336,66.38177490234375,3222500
2024-01-26,70.86000061035156,71.37000274658203,70.44999694824219,70.91000366210938,66.55071258544922,3917500
2024-01-29,70.88999938964844,71.77999877929688,70.33000183105469,71.48999786376953,67.09504699707031,3031700
2024-01-30,71.31999969482422,72.12000274658203,70.94000244140625,71.93000030517578,67.50799560546875,3010700
2024-01-31,72.5999984741211,72.95999908447266,71.47000122070312,71.55999755859375,67.1607437133789,3525100
2024-02-01,71.4000015258789,72.37000274658203,70.79000091552734,72.3499984741211,67.90219116210938,2394100
2024-02-02,71.55999755859375,72.08000183105469,70.30999755859375,71.33999633789062,66.95426940917969,2372300
2024-02-05,70.7300033569336,70.83999633789062,69.9000015258789,70.05000305175781,65.74359130859375,2268200
2024-02-06,69.86000061035156,70.22000122070312,69.58000183105469,69.76000213623047,65.4714126586914,2622600
2024-02-07,70.08000183105469,70.2300033569336,69.5999984741211,70.05000305175781,65.74359130859375,2036900
2024-02-08,69.80000305175781,70.02999877929688,69.16999816894531,69.83999633789062,65.5464859008789,1798600
2024-02-09,69.55000305175781,70.02999877929688,69.27999877929688,69.66999816894531,65.3869400024414,1632800
2024-02-12,69.72000122070312,70.94999694824219,69.58000183105469,70.69000244140625,66.34423065185547,2586800
2024-02-13,70.37999725341797,70.62999725341797,68.41000366210938,69.3499984741211,65.08661651611328,3123300
2024-02-14,69.5,69.79000091552734,69.12999725341797,69.45999908447266,65.18985748291016,2584300
2024-02-15,69.69999694824219,70.86000061035156,69.58999633789062,70.5,66.1659164428711,2737200
2024-02-16,70.30000305175781,70.93000030517578,69.73999786376953,70.48999786376953,66.15652465820312,2274400
2024-02-20,70.41999816894531,71.55000305175781,70.20999908447266,70.66000366210938,66.31607818603516,3123600
2024-02-21,70.91999816894531,72.08000183105469,70.55999755859375,71.95999908447266,67.5361557006836,2562700
2024-02-22,71.3499984741211,71.73999786376953,70.70999908447266,71.31999969482422,66.93550872802734,2128700
2024-02-23,71.4000015258789,72.31999969482422,71.12999725341797,71.97000122070312,67.5455551147461,3357700
2024-02-26,71.5199966430664,71.7300033569336,70.5999984741211,70.91000366210938,66.55071258544922,3183800
2024-02-27,71.52999877929688,71.58000183105469,70.30999755859375,71.05999755859375,66.69149780273438,2635400
2024-02-28,70.8499984741211,71.54000091552734,70.55999755859375,70.66999816894531,66.3254623413086,3359200
2024-02-29,71.08000183105469,71.11000061035156,70.41999816894531,70.5999984741211,66.25975799560547,4632300
2024-03-01,70.55000305175781,70.72000122070312,69.44999694824219,69.87000274658203,65.57464599609375,2801100
2024-03-04,69.45999908447266,70.7699966430664,69.44000244140625,70.73999786376953,66.39115905761719,2667700
2024-03-05,70.87999725341797,71.75,69.79000091552734,70.20999908447266,65.89374542236328,3710300
2024-03-06,70.69000244140625,71.1500015258789,70.33000183105469,70.63999938964844,66.29731750488281,3106500
2024-03-07,71.36000061035156,71.7699966430664,70.30000305175781,70.5999984741211,66.25975799560547,3425200
2024-03-08,70.37000274658203,71.16999816894531,70.19000244140625,71.06999969482422,66.70086669921875,2744000
2024-03-11,70.91999816894531,72.56999969482422,70.91999816894531,72.55000305175781,68.08990478515625,3172800
2024-03-12,72.19999694824219,72.43000030517578,70.83999633789062,70.95999908447266,66.59764099121094,2564700
2024-03-13,71.4000015258789,71.91000366210938,70.73999786376953,70.81999969482422,66.46623992919922,3236600
2024-03-14,71.11000061035156,71.4000015258789,69.69999694824219,70.22000122070312,65.90313720703125,3027800
2024-03-15,70.05999755859375,70.55000305175781,69.51000213623047,70.01000213623047,65.70604705810547,7673100
2024-03-18,70.13999938964844,70.87999725341797,69.63999938964844,70.5999984741211,66.25975799560547,2277800
2024-03-19,70.80000305175781,71.16999816894531,70.3499984741211,71.08999633789062,66.71963500976562,2965200
2024-03-20,70.37999725341797,71.05000305175781,69.52999877929688,69.7699966430664,66.05689239501953,3166100
2024-03-21,69.76000213623047,70.4800033569336,69.66999816894531,69.91999816894531,66.19890594482422,2705000
2024-03-22,70.05000305175781,70.27999877929688,69.58000183105469,69.7699966430664,66.05689239501953,2788300
2024-03-25,69.88999938964844,70.02999877929688,69.1500015258789,69.62999725341797,65.92435455322266,2910100
2024-03-26,69.69999694824219,69.77999877929688,68.87999725341797,69.23999786376953,65.55509185791016,2197000
2024-03-27,69.7699966430664,71.26000213623047,69.55000305175781,71.25,67.4581298828125,3600200
2024-03-28,71.44999694824219,72.0,71.06999969482422,71.83000183105469,68.00725555419922,2468800
2024-04-01,71.83000183105469,71.83000183105469,70.87000274658203,71.36000061035156,67.5622787475586,1874300
2024-04-02,71.38999938964844,72.26000213623047,71.38999938964844,71.80000305175781,67.9788589477539,2599300
2024-04-03,71.8499984741211,71.94999694824219,70.93000030517578,70.97000122070312,67.19303894042969,2947600
2024-04-04,71.5,71.6500015258789,70.08000183105469,70.83999633789062,67.06995391845703,4810100
2024-04-05,70.41000366210938,70.73999786376953,69.8499984741211,70.5199966430664,66.76698303222656,2796400
2024-04-08,70.66999816894531,71.44000244140625,70.33000183105469,70.7699966430664,67.00366973876953,2767000
2024-04-09,71.06999969482422,71.7300033569336,70.80000305175781,71.68000030517578,67.86524200439453,4393400
2024-04-10,70.51000213623047,70.69000244140625,69.80000305175781,70.18000030517578,66.44507598876953,4192800
2024-04-11,70.5,70.6500015258789,68.87000274658203,69.25,65.56456756591797,3212500
2024-04-12,69.38999938964844,69.62999725341797,68.45999908447266,68.69000244140625,65.03437805175781,2263400
2024-04-15,69.11000061035156,69.30999755859375,67.62999725341797,68.11000061035156,64.4852523803711,3611700
2024-04-16,67.87999725341797,67.94000244140625,66.4000015258789,66.41000366210938,62.87571716308594,3486300
2024-04-17,66.87000274658203,68.1500015258789,66.69999694824219,67.94000244140625,64.32428741455078,2486200
2024-04-18,68.18000030517578,68.58000183105469,67.55000305175781,68.44000244140625,64.79768371582031,3472300
2024-04-19,68.66000366210938,70.16000366210938,68.62999725341797,70.08000183105469,66.35040283203125,3104500
2024-04-22,70.08000183105469,71.25,69.69999694824219,71.12999725341797,67.34452056884766,3330300
2024-04-23,71.11000061035156,71.97000122070312,70.7300033569336,71.5199966430664,67.71376037597656,2808600
2024-04-24,70.94000244140625,72.25,70.5199966430664,72.04000091552734,68.20609283447266,2366900
2024-04-25,72.0,72.25,71.0,71.9800033569336,68.1492691040039,2504500
2024-04-26,72.02999877929688,72.36000061035156,71.30999755859375,71.31999969482422,67.5244140625,3161500
2024-04-29,71.68000030517578,72.33000183105469,71.66999816894531,72.27999877929688,68.43331909179688,2428100
2024-04-30,71.80999755859375,72.0199966430664,71.33000183105469,71.62999725341797,67.81790161132812,2310600
2024-05-01,71.4000015258789,72.66000366210938,71.33999633789062,71.94999694824219,68.1208724975586,3088200
2024-05-02,72.33000183105469,72.9000015258789,71.97000122070312,72.87000274658203,68.99192810058594,2620500
2024-05-03,73.3499984741211,73.43000030517578,72.36000061035156,72.91999816894531,69.03925323486328,3451900
2024-05-06,72.93000030517578,73.19000244140625,72.5999984741211,72.70999908447266,68.8404312133789,2091900
2024-05-07,73.18000030517578,74.08000183105469,72.18000030517578,73.98999786376953,70.05230712890625,4318700
2024-05-08,73.58000183105469,75.3499984741211,73.30000305175781,75.2300033569336,71.226318359375,4095700
2024-05-09,75.2300033569336,76.26000213623047,74.97000122070312,76.16999816894531,72.11628723144531,3377000
2024-05-10,76.3499984741211,77.37000274658203,75.9000015258789,77.18000030517578,73.07254791259766,7396300
2024-05-13,77.27999877929688,77.7300033569336,76.83000183105469,77.12000274658203,73.01573944091797,4346900
2024-05-14,77.7300033569336,77.87999725341797,76.55999755859375,76.62999725341797,72.55181121826172,2666900
2024-05-15,77.5,78.19999694824219,77.18000030517578,78.02999877929688,73.87730407714844,4054900
2024-05-16,78.02999877929688,78.4000015258789,77.54000091552734,77.66999816894531,73.53646087646484,2734200
2024-05-17,77.83000183105469,78.30000305175781,77.4000015258789,78.16999816894531,74.00985717773438,2588900
2024-05-20,78.51000213623047,78.5999984741211,77.98999786376953,78.08999633789062,73.93411254882812,2553800
2024-05-21,78.08000183105469,78.83000183105469,77.86000061035156,78.4000015258789,74.22760772705078,3152600
2024-05-22,77.69999694824219,78.16999816894531,77.13999938964844,77.33000183105469,73.21456146240234,3590000
2024-05-23,76.9800033569336,77.02999877929688,75.8499984741211,75.86000061035156,71.82279968261719,2704100
2024-05-24,76.06999969482422,76.27999877929688,75.36000061035156,75.83999633789062,71.80386352539062,1870800
2024-05-28,75.58999633789062,76.3499984741211,75.2300033569336,75.36000061035156,71.34940338134766,4013200
2024-05-29,74.81999969482422,75.04000091552734,73.77999877929688,74.02999877929688,70.0901870727539,2660600
2024-05-30,74.29000091552734,74.63999938964844,73.7699966430664,74.41999816894531,70.45941925048828,2682900
2024-05-31,74.77999877929688,77.08999633789062,74.27999877929688,77.02999877929688,72.9305191040039,5316700
2024-06-03,76.94000244140625,77.5199966430664,76.19000244140625,76.70999908447266,72.6275634765625,2172400
2024-06-04,76.51000213623047,77.55999755859375,76.25,77.18000030517578,73.07254791259766,2758500
2024-06-05,76.9000015258789,76.94000244140625,76.08000183105469,76.4800033569336,72.40979766845703,2382900
2024-06-06,76.18000030517578,76.83000183105469,75.8499984741211,75.98999786376953,71.94586944580078,2174100
2024-06-07,75.25,75.8499984741211,75.0999984741211,75.33000183105469,71.32100677490234,3723500
2024-06-10,75.2300033569336,75.4000015258789,74.73999786376953,75.08000183105469,71.08429718017578,3684700
2024-06-11,74.6500015258789,75.8499984741211,74.5,75.66999816894531,71.64290618896484,2329800
2024-06-12,76.62000274658203,76.63999938964844,75.29000091552734,75.6500015258789,71.62397766113281,2516900
2024-06-13,75.75,76.31999969482422,74.80999755859375,76.13999938964844,72.087890625,2401500
2024-06-14,75.73999786376953,76.0999984741211,74.97000122070312,75.97000122070312,71.92694854736328,2666800
2024-06-17,75.56999969482422,75.93000030517578,74.76000213623047,74.83999633789062,70.85707092285156,2712300
2024-06-18,74.68000030517578,75.33999633789062,74.4000015258789,75.0999984741211,71.10324096679688,2443100
2024-06-20,75.0,75.87000274658203,74.83000183105469,75.4800033569336,71.46302032470703,1885300
2024-06-21,76.0999984741211,76.5,75.23999786376953,75.2699966430664,71.26419830322266,5265700
2024-06-24,75.5,76.79000091552734,75.37999725341797,76.44999694824219,72.38139343261719,2246700
2024-06-25,76.33000183105469,76.58000183105469,75.05000305175781,75.44000244140625,71.42515563964844,2964600
2024-06-26,74.88999938964844,76.29000091552734,74.5,76.11000061035156,72.05949401855469,3441000
2024-06-27,75.52999877929688,76.16999816894531,75.19999694824219,75.94000244140625,72.48904418945312,2450100
2024-06-28,76.2699966430664,76.63999938964844,75.47000122070312,76.05999755859375,72.60358428955078,4925600
2024-07-01,76.13999938964844,76.4000015258789,74.73999786376953,74.97000122070312,71.56311798095703,2799100
2024-07-02,75.04000091552734,75.44000244140625,74.9000015258789,75.16999816894531,71.75402069091797,1875300
2024-07-03,75.13999938964844,75.86000061035156,75.01000213623047,75.16999816894531,71.75402069091797,1261400
2024-07-05,75.13999938964844,76.22000122070312,74.75,76.12999725341797,72.67040252685547,4498100
2024-07-08,76.13999938964844,76.30000305175781,74.66000366210938,75.18000030517578,71.7635726928711,2356100
2024-07-09,75.22000122070312,76.18000030517578,75.01000213623047,75.58000183105469,72.14540100097656,2133600
2024-07-10,75.91000366210938,76.26000213623047,75.4000015258789,76.0999984741211,72.64176940917969,1925000
2024-07-11,76.38999938964844,77.30000305175781,76.2699966430664,77.02999877929688,73.52950286865234,2992900
2024-07-12,77.3499984741211,77.7699966430664,77.0,77.05000305175781,73.54859924316406,3282200
2024-07-15,76.58000183105469,77.02999877929688,75.83000183105469,76.0199966430664,72.5654067993164,3392400
2024-07-16,76.41000366210938,76.56999969482422,75.88999938964844,76.37000274658203,72.89949798583984,3730100
2024-07-17,76.55999755859375,78.44000244140625,76.3499984741211,77.72000122070312,74.18814086914062,3448200
2024-07-18,77.25,79.45999908447266,77.20999908447266,77.7699966430664,74.23587036132812,2804000
2024-07-19,78.19999694824219,78.19999694824219,77.22000122070312,77.56999969482422,74.04496002197266,1559500
2024-07-22,77.86000061035156,78.19000244140625,77.5,77.98999786376953,74.44587707519531,2137800
2024-07-23,77.7699966430664,78.25,77.52999877929688,77.7300033569336,74.19770050048828,2186300
2024-07-24,78.43000030517578,79.4800033569336,78.0,79.12000274658203,75.52452850341797,3032200
2024-07-25,79.62999725341797,80.54000091552734,78.02999877929688,78.06999969482422,74.52224731445312,4582100
2024-07-26,78.33000183105469,79.1500015258789,78.05999755859375,78.55000305175781,74.98043823242188,2530400
2024-07-29,78.73999786376953,79.5,78.30999755859375,79.26000213623047,75.65817260742188,2072000
2024-07-30,79.31999969482422,80.37999725341797,79.18000030517578,80.22000122070312,76.57455444335938,2043100
2024-07-31,80.2699966430664,80.45999908447266,79.48999786376953,80.05999755859375,76.42181396484375,2159400
2024-08-01,80.55999755859375,81.5,80.16000366210938,81.4800033569336,77.77729034423828,2033200
2024-08-02,82.77999877929688,83.68000030517578,80.83999633789062,81.73999786376953,78.02546691894531,2695400
2024-08-05,82.33000183105469,82.37000274658203,78.52999877929688,78.69999694824219,75.12360382080078,4775000
2024-08-06,78.5,79.30000305175781,77.05000305175781,77.05000305175781,73.54859924316406,4744000
2024-08-07,77.58999633789062,78.13999938964844,77.0199966430664,77.26000213623047,73.74905395507812,4243500
2024-08-08,76.75,78.19999694824219,76.66999816894531,77.56999969482422,74.04496002197266,3444500
2024-08-09,78.16000366210938,78.52999877929688,77.06999969482422,78.41000366210938,74.84678649902344,2514500
2024-08-12,78.55000305175781,79.05999755859375,78.12999725341797,78.98999786376953,75.40043640136719,1972200
2024-08-13,79.26000213623047,79.4800033569336,78.19999694824219,78.51000213623047,74.94225311279297,2976900
2024-08-14,78.12999725341797,79.38999938964844,78.0199966430664,78.70999908447266,75.13317108154297,2659400
2024-08-15,78.3499984741211,79.81999969482422,78.22000122070312,79.68000030517578,76.05908203125,2588000
2024-08-16,80.16000366210938,80.30999755859375,79.58000183105469,79.98999786376953,76.35499572753906,3244300
2024-08-19,80.0,80.91000366210938,79.9800033569336,80.87000274658203,77.19500732421875,2224000
2024-08-20,80.87000274658203,81.1500015258789,80.47000122070312,80.76000213623047,77.09001159667969,1737700
2024-08-21,80.9000015258789,81.29000091552734,80.68000030517578,80.9800033569336,77.30000305175781,1620100
2024-08-22,80.87999725341797,81.41999816894531,80.62999725341797,81.30999755859375,77.61500549316406,1878500
2024-08-23,81.5999984741211,81.8499984741211,81.16000366210938,81.4000015258789,77.70092010498047,1974600
2024-08-26,81.66000366210938,82.56999969482422,81.45999908447266,82.0999984741211,78.36910247802734,1756100
2024-08-27,81.94999694824219,82.38999938964844,81.16999816894531,81.6500015258789,77.93955993652344,2240600
2024-08-28,81.87999725341797,82.27999877929688,81.31999969482422,81.6500015258789,77.93955993652344,2830100
2024-08-29,81.7300033569336,81.7699966430664,80.2300033569336,81.62000274658203,77.91092681884766,1873900
2024-08-30,81.5999984741211,82.45999908447266,81.27999877929688,82.18000030517578,78.44547271728516,3181700
2024-09-03,82.01000213623047,83.12000274658203,81.47000122070312,82.62999725341797,78.87503051757812,1614900
2024-09-04,83.01000213623047,84.27999877929688,82.83000183105469,83.4000015258789,79.61003875732422,1745200
2024-09-05,84.22000122070312,84.22000122070312,82.80000305175781,83.08999633789062,79.31412506103516,1433400
2024-09-06,83.11000061035156,83.26000213623047,82.08000183105469,82.0999984741211,78.36910247802734,2115400
2024-09-09,82.33000183105469,83.01000213623047,82.05000305175781,82.94000244140625,79.17093658447266,2231100
2024-09-10,83.08999633789062,83.81999969482422,81.41999816894531,82.08000183105469,78.35002136230469,3041700
2024-09-11,81.8499984741211,81.88999938964844,80.45999908447266,81.37000274658203,77.67227935791016,3439600
2024-09-12,81.55000305175781,81.83000183105469,81.0,81.69999694824219,77.9872817993164,2331500
2024-09-13,81.93000030517578,83.06999969482422,81.3499984741211,82.97000122070312,79.19957733154297,2492900
2024-09-16,83.61000061035156,84.29000091552734,83.30000305175781,83.5999984741211,79.80094146728516,2390200
2024-09-17,83.83999633789062,84.02999877929688,83.41000366210938,83.94999694824219,80.1350326538086,2025300
2024-09-18,83.87999725341797,84.0999984741211,82.25,82.94000244140625,79.17093658447266,1942300
2024-09-19,82.6500015258789,83.0,81.95999908447266,82.51000213623047,78.76049041748047,2296900
2024-09-20,82.83000183105469,83.45999908447266,82.08999633789062,83.18000030517578,79.40003204345703,4640500
2024-09-23,83.44000244140625,84.12000274658203,83.13999938964844,84.04000091552734,80.22093963623047,2334500
2024-09-24,83.83000183105469,84.37999725341797,82.9000015258789,83.0199966430664,79.24729919433594,3213100
2024-09-25,83.44000244140625,83.69000244140625,82.38999938964844,83.0,79.22821044921875,2377400
2024-09-26,82.0199966430664,82.97000122070312,81.75,81.94000244140625,78.80504608154297,2775100
2024-09-27,82.33000183105469,83.58000183105469,82.33000183105469,83.25,80.06493377685547,2462800
2024-09-30,83.36000061035156,83.6500015258789,82.44000244140625,83.62999725341797,80.43038940429688,2355200
2024-10-01,83.81999969482422,84.47000122070312,83.51000213623047,83.91999816894531,80.70928955078125,1628700
2024-10-02,83.18000030517578,83.91999816894531,82.75,83.37999725341797,80.18994903564453,1740000
2024-10-03,83.5,83.5,82.2300033569336,82.52999877929688,79.37247467041016,1711300
2024-10-04,81.69000244140625,82.87000274658203,81.5999984741211,82.5999984741211,79.4397964477539,1388400
2024-10-07,82.13999938964844,82.33000183105469,81.3499984741211,81.51000213623047,78.39149475097656,2742000
2024-10-08,81.91999816894531,82.31999969482422,81.54000091552734,81.61000061035156,78.48767852783203,2416400
2024-10-09,81.62999725341797,81.97000122070312,81.08000183105469,81.5199966430664,78.4011001586914,1573100
2024-10-10,81.87000274658203,82.5,81.26000213623047,81.33000183105469,78.2183837890625,2050400
2024-10-11,81.54000091552734,82.38999938964844,81.37000274658203,82.16000366210938,79.01663970947266,1794300
2024-10-14,82.19999694824219,83.29000091552734,82.11000061035156,83.1500015258789,79.96875,1998400
2024-10-15,83.4800033569336,84.48999786376953,83.18000030517578,84.02999877929688,80.8150863647461,6532000
2024-10-16,84.13999938964844,85.83000183105469,83.87000274658203,85.66000366210938,82.38272857666016,3173600
2024-10-17,85.5,85.91999816894531,84.61000061035156,85.48999786376953,82.21922302246094,3135200
2024-10-18,85.66999816894531,86.12999725341797,84.62999725341797,85.95999908447266,82.67124938964844,3023000
2024-10-21,86.05999755859375,86.05999755859375,84.08999633789062,84.93000030517578,81.68065643310547,3065700
2024-10-22,84.4000015258789,85.2300033569336,84.26000213623047,85.01000213623047,81.7575912475586,3547000
2024-10-23,85.29000091552734,85.98999786376953,84.87000274658203,85.95999908447266,82.67124938964844,3098200
2024-10-24,86.3499984741211,86.56999969482422,85.37999725341797,85.7699966430664,82.48851013183594,2202400
2024-10-25,86.23999786376953,86.36000061035156,84.33000183105469,84.37999725341797,81.15170288085938,2308500
2024-10-28,84.9000015258789,85.5999984741211,84.7300033569336,85.16999816894531,81.91146850585938,1924400
2024-10-29,84.54000091552734,84.54000091552734,83.44999694824219,83.55000305175781,80.35345458984375,2459700
2024-10-30,83.86000061035156,84.08000183105469,82.6500015258789,83.55000305175781,80.35345458984375,2196500
2024-10-31,83.37000274658203,84.38999938964844,83.19999694824219,83.37000274658203,80.18033599853516,2236400
2024-11-01,83.73999786376953,83.93000030517578,81.54000091552734,81.6500015258789,78.52613830566406,2789600
2024-11-04,81.55000305175781,81.94000244140625,80.11000061035156,80.80999755859375,77.71826934814453,3379900
2024-11-05,80.80000305175781,82.2699966430664,80.22000122070312,82.25,79.10318756103516,4274200
2024-11-06,81.5,88.58999633789062,80.87000274658203,88.26000213623047,84.88325500488281,7768800
2024-11-07,88.25,90.16000366210938,88.05000305175781,89.76000213623047,86.32586669921875,5243500
2024-11-08,89.68000030517578,91.87999725341797,89.4800033569336,91.25,87.75886535644531,3733600
2024-11-11,90.5199966430664,92.66000366210938,90.5199966430664,92.12000274658203,88.59557342529297,2690300
2024-11-12,92.2699966430664,92.48999786376953,91.4800033569336,92.19999694824219,88.6725082397461,3403000
2024-11-13,92.44000244140625,93.12000274658203,91.26000213623047,92.19000244140625,88.66288757324219,3745200
2024-11-14,92.0,92.12000274658203,90.43000030517578,90.44000244140625,86.97984313964844,3247500
2024-11-15,90.44000244140625,92.27999877929688,90.25,92.19000244140625,88.66288757324219,3050100
2024-11-18,91.8499984741211,93.20999908447266,91.72000122070312,92.91999816894531,89.36495971679688,2466800
2024-11-19,92.16000366210938,93.44000244140625,91.72000122070312,93.37999725341797,89.80735778808594,2901800
2024-11-20,93.7300033569336,93.9000015258789,92.48999786376953,93.12000274658203,89.55731201171875,2311700
2024-11-21,92.91000366210938,94.86000061035156,92.45999908447266,94.69000244140625,91.06724548339844,2541400
2024-11-22,94.98999786376953,95.29000091552734,94.1500015258789,94.2699966430664,90.66331481933594,2554400
2024-11-25,95.55999755859375,95.7699966430664,94.33999633789062,94.7699966430664,91.14417266845703,4978000
2024-11-26,94.69000244140625,94.69000244140625,92.87999725341797,93.29000091552734,89.7208023071289,5601900
2024-11-27,93.77999877929688,94.83000183105469,93.3499984741211,94.27999877929688,90.67291259765625,2871800
2024-11-29,94.5199966430664,94.91999816894531,93.66999816894531,93.66999816894531,90.08625793457031,1762800
2024-12-02,94.1500015258789,94.1500015258789,91.68000030517578,92.0999984741211,88.57632446289062,3199500
2024-12-03,92.9000015258789,93.58000183105469,91.98999786376953,92.01000213623047,88.48977661132812,4018300
2024-12-04,91.86000061035156,92.05000305175781,91.08999633789062,91.5,87.9992904663086,3415500
2024-12-05,91.23999786376953,91.80000305175781,90.83000183105469,90.94000244140625,88.05738830566406,3910500
2024-12-06,91.11000061035156,91.25,89.29000091552734,89.5999984741211,86.7598648071289,3265200
2024-12-09,89.41999816894531,89.68000030517578,88.69000244140625,88.77999877929688,85.96585083007812,3015600
2024-12-10,88.88999938964844,89.43000030517578,87.77999877929688,88.55000305175781,85.74314880371094,2415500
2024-12-11,88.62999725341797,88.80999755859375,87.0999984741211,87.41000366210938,84.6392822265625,3996900
2024-12-12,87.97000122070312,88.5,87.4000015258789,87.93000030517578,85.14280700683594,4254500
2024-12-13,89.01000213623047,89.79000091552734,88.80999755859375,89.16000366210938,86.33380889892578,2766700
2024-12-16,89.11000061035156,89.7699966430664,88.62000274658203,88.62999725341797,85.82061767578125,2881300
2024-12-17,87.58000183105469,88.58000183105469,86.36000061035156,86.95999908447266,84.20355224609375,4188800
2024-12-18,87.01000213623047,87.94000244140625,85.05999755859375,85.08999633789062,82.39281463623047,3344600
2024-12-19,85.33000183105469,86.68000030517578,85.0999984741211,85.9000015258789,83.1771469116211,3532800
2024-12-20,85.33999633789062,87.2300033569336,85.33999633789062,86.80999755859375,84.05829620361328,4747300
2024-12-23,86.6500015258789,87.06999969482422,85.80999755859375,87.04000091552734,84.281005859375,2789500
2024-12-24,86.95999908447266,87.97000122070312,86.66999816894531,87.95999908447266,85.17184448242188,795600
2024-12-26,87.51000213623047,87.73999786376953,87.0,87.61000061035156,84.83293914794922,7243800
2024-12-27,87.0,88.16000366210938,87.0,87.7699966430664,84.98786163330078,1791200
2024-12-30,87.19999694824219,87.63999938964844,86.31999969482422,87.3499984741211,84.58119201660156,4381300
2024-12-31,87.27999877929688,88.0199966430664,87.25,87.72000122070312,84.939453125,1827300
2025-01-02,88.30999755859375,88.6500015258789,86.80000305175781,87.12999725341797,84.36814880371094,2330600
2025-01-03,87.41999816894531,87.94999694824219,86.8499984741211,87.66999816894531,84.89103698730469,2838100
2025-01-06,87.31999969482422,87.37999725341797,84.19999694824219,84.51000213623047,81.83120727539062,3075100
2025-01-07,84.79000091552734,85.19999694824219,84.05999755859375,84.2300033569336,81.5600814819336,4262200
2025-01-08,84.19000244140625,84.41000366210938,81.29000091552734,82.81999969482422,80.19477081298828,6214400
2025-01-10,81.86000061035156,82.45999908447266,78.5999984741211,78.7300033569336,76.23442840576172,8190700
2025-01-13,78.93000030517578,79.0999984741211,76.72000122070312,76.94000244140625,74.50116729736328,9327700
2025-01-14,77.69999694824219,79.22000122070312,77.19000244140625,78.11000061035156,75.63407135009766,6083700
2025-01-15,79.41999816894531,83.19000244140625,79.31999969482422,82.41999816894531,79.80745697021484,10263100
2025-01-16,82.29000091552734,84.12999725341797,82.0199966430664,83.98999786376953,81.32769012451172,7815600
2025-01-17,84.19000244140625,85.33000183105469,83.72000122070312,85.18000030517578,82.47997283935547,3628900
2025-01-21,85.8499984741211,87.12000274658203,85.44000244140625,86.51000213623047,83.76781463623047,5333400
2025-01-22,86.0199966430664,86.25,82.6500015258789,82.80000305175781,80.1754150390625,4423300
2025-01-23,82.94999694824219,83.52999877929688,82.5199966430664,82.80999755859375,80.18508911132812,4586000
2025-01-24,82.26000213623047,83.30999755859375,82.26000213623047,82.70999908447266,80.08826446533203,3683600
2025-01-27,82.55999755859375,83.0199966430664,80.2300033569336,82.1500015258789,79.5460205078125,6813200
2025-01-28,82.23999786376953,82.30999755859375,81.0,81.75,79.15868377685547,4461800
2025-01-29,81.83000183105469,83.0,81.83000183105469,81.9800033569336,79.38140106201172,2700000
2025-01-30,82.79000091552734,83.47000122070312,82.41999816894531,83.29000091552734,80.6498794555664,2192000
2025-01-31,83.30000305175781,83.93000030517578,82.61000061035156,82.93000030517578,80.3012924194336,2677600
2025-02-03,81.73999786376953,82.70999908447266,81.12000274658203,82.58999633789062,79.97205352783203,2589400
2025-02-04,82.26000213623047,83.56999969482422,81.30000305175781,81.43000030517578,78.84883117675781,3756300
2025-02-05,82.16000366210938,82.56999969482422,81.5,82.30000305175781,79.6912612915039,2708300
2025-02-06,82.83000183105469,83.0,81.76000213623047,82.08000183105469,79.47823333740234,2400300
2025-02-07,82.04000091552734,82.44999694824219,81.38999938964844,81.9800033569336,79.38140106201172,2390600
2025-02-10,81.95999908447266,82.79000091552734,81.2300033569336,82.20999908447266,79.6041030883789,3660000
2025-02-11,82.25,83.79000091552734,81.62999725341797,83.43000030517578,80.78543853759766,3019500
2025-02-12,82.02999877929688,83.16000366210938,82.01000213623047,82.93000030517578,80.3012924194336,3360900
2025-02-13,82.94999694824219,84.05000305175781,82.5999984741211,83.86000061035156,81.20181274414062,2891000
2025-02-14,84.16999816894531,85.06999969482422,83.8499984741211,84.0999984741211,81.43419647216797,3603500
2025-02-18,84.31999969482422,85.1500015258789,84.0999984741211,84.62000274658203,81.93771362304688,3530000
2025-02-19,84.5,85.62000274658203,84.5,85.33999633789062,82.6348876953125,3154900
2025-02-20,85.0999984741211,86.33000183105469,84.16999816894531,86.01000213623047,83.28365325927734,2293600
2025-02-21,85.75,87.51000213623047,85.58000183105469,87.0999984741211,84.33910369873047,4644500
2025-02-24,87.20999908447266,87.5999984741211,86.72000122070312,87.18000030517578,84.41657257080078,4392300
2025-02-25,72.37999725341797,73.44000244140625,64.88999938964844,70.63999938964844,68.4008560180664,29513700
2025-02-26,70.02999877929688,74.25,68.19000244140625,72.8499984741211,70.5407943725586,15587500
2025-02-27,72.44999694824219,73.16000366210938,71.68000030517578,71.9000015258789,69.62091827392578,12176500
2025-02-28,72.62999725341797,73.04000091552734,70.56999969482422,71.56999969482422,69.30137634277344,8874400
2025-03-03,71.01000213623047,72.58000183105469,70.79000091552734,71.44000244140625,69.17549896240234,4650000
2025-03-04,71.3499984741211,71.61000061035156,70.08000183105469,70.62999725341797,68.39116668701172,6252500
2025-03-05,70.75,72.13999938964844,69.33000183105469,71.9000015258789,69.62091827392578,6661100
2025-03-06,71.5,71.9000015258789,69.05999755859375,69.62000274658203,67.41320037841797,5728400
2025-03-07,69.47000122070312,69.63999938964844,67.81999969482422,69.30000305175781,67.10334014892578,5948300
2025-03-10,69.0999984741211,69.72000122070312,67.45999908447266,69.47000122070312,67.26793670654297,9239200
2025-03-11,69.69000244140625,70.69999694824219,68.47000122070312,68.79000091552734,66.6094970703125,6969900
2025-03-12,69.11000061035156,69.86000061035156,68.4800033569336,68.94999694824219,66.76441955566406,4421800
2025-03-13,68.4800033569336,69.37999725341797,67.5999984741211,67.8499984741211,65.69929504394531,4990200
2025-03-14,68.5,70.3499984741211,67.87999725341797,70.20999908447266,67.98448181152344,5795800
2025-03-17,70.20999908447266,71.80999755859375,70.0,71.05999755859375,68.80754089355469,4759400
2025-03-18,70.44000244140625,71.33000183105469,70.11000061035156,70.75,68.50736999511719,3915100
2025-03-19,70.91000366210938,71.19999694824219,70.33000183105469,71.08999633789062,68.83658599853516,5920400
2025-03-20,70.19000244140625,70.88999938964844,69.69000244140625,70.0,68.40174865722656,6093400
2025-03-21,69.72000122070312,70.22000122070312,69.16999816894531,69.54000091552734,67.95225524902344,7235900
2025-03-24,70.01000213623047,70.76000213623047,69.70999908447266,70.26000213623047,68.65582275390625,4073900
2025-03-25,70.26000213623047,70.26000213623047,68.7699966430664,69.11000061035156,67.53207397460938,4456100
2025-03-26,69.3499984741211,70.9800033569336,69.30000305175781,70.7699966430664,69.15416717529297,5304600
2025-03-27,70.5,70.72000122070312,69.91999816894531,70.05999755859375,68.46038055419922,4412700
2025-03-28,70.4800033569336,70.5,69.62000274658203,69.7300033569336,68.13792419433594,3114300
2025-03-31,69.94999694824219,71.63999938964844,69.73999786376953,71.36000061035156,69.73069763183594,5007500
2025-04-01,71.08999633789062,71.68000030517578,70.3499984741211,71.55999755859375,69.92613220214844,5649500
2025-04-02,71.12000274658203,73.11000061035156,71.12000274658203,72.83999633789062,71.1769027709961,4726600
2025-04-03,72.16000366210938,73.41999816894531,70.6500015258789,70.7300033569336,69.11508178710938,6681100
2025-04-04,70.2300033569336,70.44999694824219,65.36000061035156,65.87999725341797,64.37582397460938,6652200
2025-04-07,64.5999984741211,66.41999816894531,61.900001525878906,63.90999984741211,62.45079803466797,9770500
2025-04-08,65.8499984741211,66.5,62.65999984741211,63.779998779296875,62.32376480102539,5639200
2025-04-09,63.38999938964844,68.30999755859375,62.380001068115234,68.05999755859375,66.50604248046875,5983900
2025-04-10,67.1500015258789,67.87000274658203,65.06999969482422,66.9000015258789,65.3725357055664,6830400
2025-04-11,67.02999877929688,68.62000274658203,65.6500015258789,68.30999755859375,66.75033569335938,4169500
2025-04-14,69.19000244140625,70.13999938964844,68.58000183105469,69.7300033569336,68.13792419433594,3742300
2025-04-15,69.87000274658203,70.52999877929688,69.66000366210938,70.22000122070312,68.61672973632812,3187300
2025-04-16,69.9800033569336,71.26000213623047,69.69999694824219,70.38999938964844,68.78285217285156,3027800
2025-04-17,70.76000213623047,71.95999908447266,70.22000122070312,71.12000274658203,69.49618530273438,3595100
2025-04-21,70.52999877929688,71.06999969482422,69.08000183105469,70.45999908447266,68.85124969482422,5086200
2025-04-22,71.3499984741211,72.44999694824219,70.94999694824219,72.30999755859375,70.65900421142578,4966500
2025-04-23,73.05999755859375,74.25,72.55999755859375,73.30999755859375,71.63617706298828,4060500
2025-04-24,73.20999908447266,74.76000213623047,72.70999908447266,74.5199966430664,72.81855010986328,4021500
2025-04-25,74.54000091552734,75.2300033569336,74.20999908447266,74.68000030517578,72.97489929199219,4123000
2025-04-28,74.79000091552734,75.91999816894531,74.30999755859375,75.5999984741211,73.87389373779297,4817800
2025-04-29,75.30999755859375,76.05999755859375,75.13999938964844,75.3499984741211,73.62960052490234,3507500
2025-04-30,74.94000244140625,75.08000183105469,72.98999786376953,74.2699966430664,72.57424926757812,4419700
2025-05-01,74.37999725341797,75.22000122070312,73.44000244140625,74.69999694824219,72.99443817138672,3306000
2025-05-02,75.0999984741211,76.04000091552734,74.80999755859375,75.47000122070312,73.74686431884766,2830800
2025-05-05,75.0999984741211,75.73999786376953,74.55000305175781,75.36000061035156,73.63937377929688,3187900
2025-05-06,75.04000091552734,76.05000305175781,74.44999694824219,75.06999969482422,73.35599517822266,3108900
2025-05-07,74.86000061035156,76.30000305175781,74.5199966430664,75.86000061035156,74.12796020507812,4619200
2025-05-08,75.9000015258789,77.58000183105469,75.55999755859375,75.7699966430664,74.04000854492188,4031900
2025-05-09,75.26000213623047,76.33999633789062,74.83999633789062,75.41999816894531,73.69800567626953,3066400
2025-05-12,76.13999938964844,76.13999938964844,74.80999755859375,75.66999816894531,73.94229125976562,4194000
2025-05-13,75.47000122070312,76.5999984741211,75.04000091552734,75.12999725341797,73.41461944580078,4249900
2025-05-14,75.08000183105469,75.08999633789062,73.33000183105469,74.86000061035156,73.15078735351562,4989200
2025-05-15,75.0,76.68000030517578,75.0,76.47000122070312,74.72402954101562,2895800
2025-05-16,76.66999816894531,77.68000030517578,76.01000213623047,77.61000061035156,75.83800506591797,3336900
2025-05-19,77.38999938964844,78.47000122070312,77.12000274658203,78.43000030517578,76.6392822265625,4004600
2025-05-20,78.76000213623047,78.9800033569336,78.0999984741211,78.2300033569336,76.44385528564453,3435100
2025-05-21,78.0,78.56999969482422,76.80000305175781,76.83000183105469,75.07581329345703,3521500
2025-05-22,76.41000366210938,77.16999816894531,75.72000122070312,76.75,74.99763488769531,3269700
2025-05-23,76.79000091552734,77.77999877929688,76.13999938964844,77.69000244140625,75.91617584228516,3272400
2025-05-27,78.79000091552734,79.25,78.0,78.91000366210938,77.10832214355469,2903000
2025-05-28,78.77999877929688,79.23999786376953,77.0199966430664,77.5,75.73052215576172,3124800
2025-05-29,77.55000305175781,77.97000122070312,77.11000061035156,77.94999694824219,76.17023468017578,2308600
2025-05-30,77.51000213623047,78.80999755859375,77.37000274658203,78.58999633789062,76.79561614990234,8580600
2025-06-02,77.87999725341797,78.58999633789062,77.5,78.0199966430664,76.23863983154297,3250000
2025-06-03,78.0,78.01000213623047,76.70999908447266,77.79000091552734,76.0138931274414,3455100
2025-06-04,77.63999938964844,77.75,76.36000061035156,76.43000030517578,74.68494415283203,3170700
2025-06-05,76.44999694824219,76.72000122070312,75.75,75.94999694824219,74.21590423583984,2616900
2025-06-06,76.61000061035156,76.9000015258789,75.83999633789062,76.8499984741211,75.09535217285156,2882700
2025-06-09,76.73999786376953,77.08999633789062,74.43000030517578,74.69000244140625,72.98468017578125,6237000
2025-06-10,74.93000030517578,76.16999816894531,74.83999633789062,75.97000122070312,74.23544311523438,3772600
2025-06-11,76.06999969482422,76.44000244140625,75.58999633789062,75.9800033569336,74.24522399902344,3042300
2025-06-12,75.68000030517578,76.30999755859375,75.55000305175781,76.2300033569336,74.48951721191406,2698800
2025-06-13,76.05999755859375,76.27999877929688,73.58999633789062,74.08000183105469,72.38860321044922,3855100
2025-06-16,74.83000183105469,75.05000305175781,73.38999938964844,73.77999877929688,72.09545135498047,3553100
2025-06-17,73.48999786376953,74.27999877929688,73.05999755859375,74.08000183105469,72.38860321044922,4107300
2025-06-18,74.19999694824219,75.06999969482422,73.83000183105469,74.38999938964844,72.69152069091797,3257800
2025-06-20,74.5999984741211,75.36000061035156,73.91999816894531,74.05999755859375,72.36904907226562,10288000
2025-06-23,74.4000015258789,75.86000061035156,74.18000030517578,75.79000091552734,74.05955505371094,5506200
2025-06-24,75.79000091552734,76.37000274658203,75.38999938964844,76.08999633789062,74.35269927978516,3358700
2025-06-25,75.58000183105469,75.9000015258789,74.77999877929688,75.0199966430664,73.30713653564453,2443600
2025-06-26,74.45999908447266,74.94999694824219,73.61000061035156,74.94000244140625,73.86402893066406,5365400
2025-06-27,75.08000183105469,75.9000015258789,74.75,75.36000061035156,74.27799224853516,5966300
2025-06-30,75.30000305175781,75.83000183105469,74.94999694824219,75.7699966430664,74.6821060180664,3815900
2025-07-01,75.52999877929688,76.91999816894531,75.19000244140625,76.18000030517578,75.08622741699219,3780700
2025-07-02,75.9000015258789,76.06999969482422,74.55000305175781,74.81999969482422,73.7457504272461,3303800
2025-07-03,74.7300033569336,75.33999633789062,74.30000305175781,75.12000274658203,74.04144287109375,1972700
2025-07-07,74.88999938964844,75.30999755859375,74.0999984741211,74.38999938964844,73.3219223022461,2207200
2025-07-08,74.0199966430664,74.69999694824219,73.33999633789062,74.31999969482422,73.25292205810547,4352200
2025-07-09,74.56999969482422,74.83000183105469,73.18000030517578,74.48999786376953,73.42048645019531,5035900
2025-07-10,73.83999633789062,75.05000305175781,73.83000183105469,74.9000015258789,73.82460021972656,2638000
2025-07-11,74.06999969482422,75.0199966430664,73.83999633789062,74.55999755859375,73.4894790649414,2819300
2025-07-14,74.5,75.08000183105469,73.97000122070312,74.55000305175781,73.47962951660156,2345900
2025-07-15,74.58999633789062,74.75,73.8499984741211,74.13999938964844,73.07550811767578,2823800
2025-07-16,74.13999938964844,75.45999908447266,73.98999786376953,75.23999786376953,74.15971374511719,3596600
2025-07-17,74.98999786376953,76.4000015258789,74.83000183105469,76.29000091552734,75.19464111328125,2227000
2025-07-18,76.5,78.45999908447266,76.44000244140625,78.25,77.12650299072266,3637300
2025-07-21,78.27999877929688,78.83000183105469,77.87000274658203,78.56999969482422,77.44190216064453,3046000
2025-07-22,78.30000305175781,79.83000183105469,78.20999908447266,79.80000305175781,78.65425109863281,3399800
2025-07-23,80.0,80.48999786376953,78.70999908447266,79.37999725341797,78.24027252197266,3203900
2025-07-24,79.41999816894531,80.83999633789062,79.19999694824219,80.45999908447266,79.30476379394531,2957600
2025-07-25,80.5199966430664,80.97000122070312,79.9000015258789,80.81999969482422,79.65959930419922,2138000
2025-07-28,80.72000122070312,80.73999786376953,79.81999969482422,80.30999755859375,79.15692138671875,2973100
2025-07-29,80.75,81.43000030517578,80.55000305175781,81.1500015258789,79.98486328125,4314400
2025-07-30,81.44999694824219,81.94999694824219,80.66000366210938,81.18000030517578,80.01443481445312,3690900
2025-07-31,80.7699966430664,82.1500015258789,80.7699966430664,81.68000030517578,80.50725555419922,3631900
2025-08-01,81.66000366210938,81.77999877929688,80.44999694824219,80.97000122070312,79.80744934082031,2661700
2025-08-04,81.54000091552734,83.48999786376953,81.4000015258789,82.9800033569336,81.7885971069336,4358600
2025-08-05,83.25,83.26000213623047,80.6500015258789,82.37000274658203,81.18734741210938,5165600
2025-08-06,82.43000030517578,82.91999816894531,80.88999938964844,81.1500015258789,79.98486328125,4807300
2025-08-07,81.48999786376953,83.23999786376953,81.0,82.58999633789062,81.40418243408203,5962200
2025-08-08,82.47000122070312,83.5,81.05000305175781,81.70999908447266,80.53681945800781,3605000
2025-08-11,81.75,81.98999786376953,80.38999938964844,80.9000015258789,79.73845672607422,3906500
2025-08-12,81.04000091552734,82.12000274658203,80.72000122070312,82.08999633789062,80.91136169433594,2601000
2025-08-13,82.29000091552734,82.6500015258789,81.58000183105469,82.22000122070312,81.03950500488281,3159000
2025-08-14,81.88999938964844,82.5199966430664,81.36000061035156,81.87999725341797,80.70437622070312,2775400
2025-08-15,81.75,81.94999694824219,80.9800033569336,81.2300033569336,80.063720703125,4067200
2025-08-18,81.12999725341797,81.44999694824219,80.55000305175781,80.98999786376953,79.82715606689453,2118800
2025-08-19,81.16000366210938,82.80999755859375,81.16000366210938,82.6500015258789,81.46333312988281,3136800
2025-08-20,82.88999938964844,83.44000244140625,82.13999938964844,82.4000015258789,81.2169189453125,2838400
2025-08-21,82.33999633789062,82.70999908447266,81.11000061035156,81.12999725341797,79.96514892578125,3398600
2025-08-22,81.88999938964844,83.0199966430664,81.19999694824219,82.9000015258789,81.7097396850586,2489200
2025-08-25,82.16000366210938,82.45999908447266,81.5,81.69000244140625,80.5171127319336,2268800
2025-08-26,81.44000244140625,82.52999877929688,81.1500015258789,81.77999877929688,80.6058120727539,3964100
2025-08-27,81.88999938964844,82.47000122070312,81.83000183105469,82.26000213623047,81.07892608642578,3708700
2025-08-28,82.26000213623047,82.33000183105469,81.30999755859375,81.44000244140625,80.27070617675781,2535000
2025-08-29,81.11000061035156,83.36000061035156,81.04000091552734,82.55999755859375,81.3746109008789,3485200
2025-09-02,82.0,83.23999786376953,81.58000183105469,82.88999938964844,81.69987487792969,4127400
2025-09-03,82.44999694824219,82.97000122070312,81.36000061035156,82.2300033569336,81.04935455322266,3238900
2025-09-04,82.5999984741211,82.9800033569336,81.27999877929688,82.12000274658203,80.9409408569336,3601800
2025-09-05,82.06999969482422,82.37000274658203,80.45999908447266,81.11000061035156,79.94544219970703,4311500
2025-09-08,81.4000015258789,81.4000015258789,78.97000122070312,79.41000366210938,78.26985168457031,4818200
2025-09-09,79.1500015258789,80.81999969482422,79.1500015258789,80.31999969482422,79.16677856445312,4025600
2025-09-10,80.37999725341797,82.20999908447266,80.22000122070312,82.01000213623047,80.83251953125,3727700
2025-09-11,82.0,83.58000183105469,81.75,83.47000122070312,82.27155303955078,4779600
2025-09-12,83.30000305175781,84.31999969482422,83.11000061035156,83.94000244140625,82.73480987548828,3204800
2025-09-15,84.02999877929688,85.22000122070312,83.31999969482422,83.38999938964844,82.19270324707031,5775400
2025-09-16,83.19999694824219,83.5999984741211,82.56999969482422,82.69999694824219,81.51260375976562,4362900
2025-09-17,83.2699966430664,84.0,82.56999969482422,82.6500015258789,81.46333312988281,6866000
2025-09-18,82.31999969482422,82.93000030517578,81.72000122070312,82.4800033569336,81.2957763671875,5866300
2025-09-19,82.95999908447266,83.58000183105469,82.37000274658203,83.19999694824219,82.00542449951172,9015600
2025-09-22,82.56999969482422,83.0,81.9800033569336,82.37000274658203,81.18734741210938,6043700
2025-09-23,85.0,86.80000305175781,83.70999908447266,86.05000305175781,84.81451416015625,7570800
2025-09-24,86.41000366210938,87.36000061035156,86.12000274658203,87.27999877929688,86.02684783935547,4580500
2025-09-25,87.16999816894531,87.6500015258789,86.05999755859375,86.48999786376953,85.2481918334961,3868500
2025-09-26,86.80999755859375,88.66000366210938,86.5,88.58999633789062,87.31803894042969,3494900
2025-09-29,88.80999755859375,89.80000305175781,88.29000091552734,89.69999694824219,88.41210174560547,3930600
2025-09-30,89.61000061035156,90.52999877929688,89.16000366210938,89.9800033569336,88.6880874633789,3512400
2025-10-01,89.44999694824219,89.62999725341797,88.81999969482422,89.26000213623047,88.6136245727539,2586900
2025-10-02,88.75,89.69000244140625,88.43000030517578,89.27999877929688,88.63347625732422,3580300
2025-10-03,89.48999786376953,91.98999786376953,89.0999984741211,91.44000244140625,90.77783966064453,4127000
2025-10-06,91.5,92.48999786376953,91.22000122070312,92.45999908447266,91.79045104980469,2863100
2025-10-07,93.62000274658203,94.05000305175781,92.5,94.01000213623047,93.32923126220703,4738800
2025-10-08,94.12999725341797,95.72000122070312,93.36000061035156,93.36000061035156,92.6839370727539,4820700
2025-10-09,93.87999725341797,94.5,91.31999969482422,91.63999938964844,90.97638702392578,4104000
2025-10-10,92.11000061035156,92.5,90.0999984741211,90.19999694824219,89.54681396484375,3899600
2025-10-13,90.37000274658203,91.72000122070312,89.98999786376953,91.16999816894531,90.5097885131836,3035900
2025-10-14,90.87000274658203,91.5999984741211,90.19999694824219,91.33000183105469,90.66864013671875,3087600
2025-10-15,91.7300033569336,92.6500015258789,91.51000213623047,92.29000091552734,91.6216812133789,3066400
2025-10-16,92.25,92.94000244140625,90.95999908447266,91.13999938964844,90.48001098632812,2674100
2025-10-17,91.25,91.63999938964844,90.58000183105469,91.29000091552734,90.6289291381836,2978800
2025-10-20,92.3499984741211,93.66000366210938,91.8499984741211,92.72000122070312,92.04856872558594,3444300
2025-10-21,93.19999694824219,93.58000183105469,91.6500015258789,92.29000091552734,91.6216812133789,2722400
2025-10-22,93.08999633789062,93.23999786376953,91.37999725341797,92.05999755859375,91.39334869384766,3320100
2025-10-23,92.62999725341797,92.98999786376953,91.37999725341797,91.80999755859375,91.14515686035156,1910300
2025-10-24,92.30000305175781,92.93000030517578,92.12000274658203,92.77999877929688,92.1081314086914,1876700
2025-10-27,92.83000183105469,93.31999969482422,92.05000305175781,93.16999816894531,92.49530792236328,2568300
2025-10-28,93.87000274658203,93.87000274658203,92.16000366210938,92.55000305175781,91.87980651855469,2407300
2025-10-29,92.26000213623047,93.05999755859375,91.66999816894531,92.19999694824219,91.53233337402344,2200500
2025-10-30,92.48999786376953,93.22000122070312,92.27999877929688,92.44000244140625,91.77059936523438,2064100
2025-10-31,91.69000244140625,92.44999694824219,91.02999877929688,91.94000244140625,91.27422332763672,3027400
2025-11-03,91.69999694824219,92.73999786376953,90.16999816894531,92.58000183105469,91.90958404541016,2649200
2025-11-04,92.30000305175781,92.95999908447266,91.69999694824219,92.4800033569336,91.81031036376953,2848900
2025-11-05,93.33000183105469,94.75,90.83999633789062,92.38999938964844,91.72095489501953,6589900
2025-11-06,92.44999694824219,93.7699966430664,92.43000030517578,92.77999877929688,92.1081314086914,2659500
2025-11-07,93.06999969482422,93.94999694824219,91.87999725341797,93.72000122070312,93.04132843017578,3505800
2025-11-10,93.94999694824219,94.12999725341797,92.48999786376953,92.94000244140625,92.26697540283203,3807500
2025-11-11,93.02999877929688,93.83999633789062,92.31999969482422,93.52999877929688,92.85269927978516,3201000
2025-11-12,93.31999969482422,93.9000015258789,91.9000015258789,92.47000122070312,91.80038452148438,2946000
2025-11-13,92.2300033569336,93.61000061035156,90.37999725341797,92.22000122070312,91.55219268798828,5611200
2025-11-14,93.33000183105469,93.3499984741211,91.48999786376953,92.0,91.33378601074219,4475200
2025-11-17,92.37999725341797,92.75,91.12000274658203,92.19999694824219,91.53233337402344,5119400
2025-11-18,91.9000015258789,92.3499984741211,90.66000366210938,91.5999984741211,90.93667602539062,3882400
2025-11-19,91.9000015258789,92.01000213623047,90.98999786376953,91.0199966430664,90.36087799072266,3566900
2025-11-20,91.80999755859375,92.81999969482422,90.66999816894531,90.70999908447266,90.0531234741211,2573700
2025-11-21,91.30999755859375,92.86000061035156,90.54000091552734,92.5,91.83016204833984,4634900
2025-11-24,92.5,95.05000305175781,91.97000122070312,93.91000366210938,93.2299575805664,13195700
2025-11-25,93.91000366210938,93.91000366210938,92.33999633789062,92.47000122070312,91.80038452148438,3382200
2025-11-26,92.98999786376953,94.0,92.62000274658203,93.79000091552734,93.11082458496094,2725200
2025-11-28,93.7699966430664,94.7300033569336,93.16000366210938,94.72000122070312,94.03408813476562,1281200
2025-12-01,93.87999725341797,94.27999877929688,91.37000274658203,91.5,90.83740234375,4579100
2025-12-02,91.63999938964844,91.75,90.26000213623047,90.94999694824219,90.2913818359375,3406300
2025-12-03,91.08000183105469,91.12999725341797,90.30999755859375,90.7300033569336,90.07298278808594,2526900
2025-12-04,90.44999694824219,91.41999816894531,89.80000305175781,90.06999969482422,89.41775512695312,5004200
2025-12-05,90.22000122070312,91.12000274658203,89.7699966430664,90.66000366210938,90.00348663330078,3395000
2025-12-08,90.52999877929688,90.58000183105469,87.8499984741211,88.16000366210938,87.52159118652344,4131100
2025-12-09,88.62999725341797,89.18000030517578,88.08999633789062,88.31999969482422,87.68043518066406,2656100
2025-12-10,88.22000122070312,89.29000091552734,87.91000366210938,89.06999969482422,88.42500305175781,5688700
2025-12-11,88.20999908447266,89.2300033569336,87.94999694824219,88.97000122070312,88.97000122070312,2913800
2025-12-12,89.12000274658203,89.5199966430664,87.94000244140625,88.48999786376953,88.48999786376953,2424100
2025-12-15,89.51000213623047,89.51000213623047,87.05999755859375,88.58999633789062,88.58999633789062,3620300
2025-12-16,88.04000091552734,88.47000122070312,86.86000061035156,87.91000366210938,87.91000366210938,3321200
2025-12-17,87.51000213623047,88.16999816894531,86.23999786376953,86.77999877929688,86.77999877929688,5368900
2025-12-18,87.72000122070312,87.94999694824219,87.11000061035156,87.25,87.25,4716000
2025-12-19,87.38999938964844,88.37999725341797,86.87000274658203,86.94000244140625,86.94000244140625,6173800
2025-12-22,87.04000091552734,88.1500015258789,86.55999755859375,88.08999633789062,88.08999633789062,2794600
2025-12-23,88.0,88.88999938964844,87.61000061035156,88.68000030517578,88.68000030517578,3207400
2025-12-24,88.80000305175781,89.0199966430664,88.37999725341797,88.83999633789062,88.83999633789062,1191800
2025-12-26,88.8499984741211,89.1500015258789,88.30999755859375,88.61000061035156,88.61000061035156,1087600
2025-12-29,88.69000244140625,89.45999908447266,88.69000244140625,88.91000366210938,88.91000366210938,2002700
2025-12-30,88.88999938964844,89.16999816894531,88.4800033569336,89.08999633789062,89.08999633789062,1662200
