date,open,high,low,close,adj_close,volume
,STN,STN,STN,STN,STN,STN
2020-01-02,28.239999771118164,28.489999771118164,28.229999542236328,28.469999313354492,26.85112953186035,46100
2020-01-03,28.209999084472656,28.540000915527344,28.190000534057617,28.489999771118164,26.8699951171875,50300
2020-01-06,28.31999969482422,28.6200008392334,28.200000762939453,28.6200008392334,26.992605209350586,54400
2020-01-07,28.440000534057617,28.860000610351562,28.31999969482422,28.639999389648438,27.011463165283203,50300
2020-01-08,28.610000610351562,28.790000915527344,28.469999313354492,28.75,27.11520767211914,261300
2020-01-09,28.8700008392334,28.969999313354492,28.700000762939453,28.899999618530273,27.256683349609375,49300
2020-01-10,28.979999542236328,28.979999542236328,28.760000228881836,28.93000030517578,27.28497314453125,41400
2020-01-13,28.889999389648438,29.65999984741211,28.889999389648438,29.59000015258789,27.907445907592773,77200
2020-01-14,29.440000534057617,29.770000457763672,29.43000030517578,29.719999313354492,28.030046463012695,41800
2020-01-15,29.719999313354492,29.93000030517578,29.6200008392334,29.65999984741211,27.973464965820312,60200
2020-01-16,29.799999237060547,29.799999237060547,29.5,29.600000381469727,27.91688346862793,53900
2020-01-17,29.5,29.93000030517578,29.5,29.809999465942383,28.11493682861328,25500
2020-01-21,29.6200008392334,30.030000686645508,29.6200008392334,29.920000076293945,28.21868133544922,53400
2020-01-22,29.920000076293945,30.34000015258789,29.920000076293945,30.1299991607666,28.416738510131836,56700
2020-01-23,30.0,30.15999984741211,29.860000610351562,30.030000686645508,28.322423934936523,47000
2020-01-24,30.010000228881836,30.25,29.610000610351562,29.709999084472656,28.020620346069336,186300
2020-01-27,29.15999984741211,29.559999465942383,29.1200008392334,29.229999542236328,27.56791114807129,62400
2020-01-28,29.3700008392334,29.68000030517578,29.290000915527344,29.670000076293945,27.982892990112305,133800
2020-01-29,29.739999771118164,30.530000686645508,29.68000030517578,30.3700008392334,28.643095016479492,274400
2020-01-30,30.399999618530273,30.43000030517578,29.979999542236328,30.260000228881836,28.539348602294922,61700
2020-01-31,30.06999969482422,30.06999969482422,29.559999465942383,29.770000457763672,28.077211380004883,202500
2020-02-03,29.770000457763672,30.020000457763672,29.719999313354492,29.780000686645508,28.086647033691406,173900
2020-02-04,30.059999465942383,30.56999969482422,29.940000534057617,30.5,28.765701293945312,81200
2020-02-05,30.600000381469727,30.969999313354492,30.479999542236328,30.8700008392334,29.114660263061523,134800
2020-02-06,30.8700008392334,31.239999771118164,30.8700008392334,31.09000015258789,29.322153091430664,334000
2020-02-07,31.0,31.15999984741211,30.920000076293945,31.100000381469727,29.331579208374023,179600
2020-02-10,30.959999084472656,31.399999618530273,30.959999084472656,31.299999237060547,29.520212173461914,89700
2020-02-11,31.43000030517578,31.459999084472656,31.31999969482422,31.420000076293945,29.633384704589844,41900
2020-02-12,31.479999542236328,31.829999923706055,31.479999542236328,31.760000228881836,29.954055786132812,87200
2020-02-13,31.670000076293945,31.770000457763672,31.5,31.610000610351562,29.812583923339844,40000
2020-02-14,31.649999618530273,31.860000610351562,31.600000381469727,31.81999969482422,30.010639190673828,73100
2020-02-18,31.75,31.940000534057617,31.459999084472656,31.59000015258789,29.793716430664062,132800
2020-02-19,31.690000534057617,31.790000915527344,31.3799991607666,31.649999618530273,29.850311279296875,102500
2020-02-20,31.540000915527344,31.56999969482422,31.239999771118164,31.329999923706055,29.548507690429688,96400
2020-02-21,31.079999923706055,31.329999923706055,31.0,31.139999389648438,29.369306564331055,103600
2020-02-24,30.43000030517578,30.639999389648438,29.920000076293945,30.399999618530273,28.67138671875,113600
2020-02-25,30.510000228881836,30.649999618530273,29.780000686645508,29.84000015258789,28.143232345581055,182000
2020-02-26,29.75,30.15999984741211,29.350000381469727,29.360000610351562,27.690523147583008,256800
2020-02-27,28.56999969482422,30.43000030517578,28.559999465942383,30.350000381469727,28.624235153198242,215500
2020-02-28,29.780000686645508,30.34000015258789,28.760000228881836,29.889999389648438,28.190383911132812,282700
2020-03-02,29.920000076293945,31.239999771118164,29.920000076293945,31.190000534057617,29.416465759277344,182400
2020-03-03,31.139999389648438,31.700000762939453,30.8799991607666,31.030000686645508,29.265567779541016,149800
2020-03-04,31.510000228881836,31.559999465942383,30.5,31.420000076293945,29.633384704589844,121300
2020-03-05,31.1299991607666,31.440000534057617,30.899999618530273,31.0,29.23727035522461,239500
2020-03-06,30.510000228881836,30.739999771118164,29.829999923706055,30.260000228881836,28.539348602294922,147100
2020-03-09,29.260000228881836,29.350000381469727,26.959999084472656,27.979999542236328,26.388986587524414,194600
2020-03-10,28.59000015258789,28.59000015258789,27.690000534057617,28.360000610351562,26.747386932373047,161900
2020-03-11,27.8799991607666,28.149999618530273,27.510000228881836,27.84000015258789,26.256954193115234,291700
2020-03-12,26.149999618530273,26.40999984741211,24.809999465942383,24.940000534057617,23.5218563079834,171500
2020-03-13,25.719999313354492,27.360000610351562,25.030000686645508,27.360000610351562,25.804248809814453,130800
2020-03-16,24.100000381469727,25.489999771118164,24.100000381469727,24.579999923706055,23.18232536315918,135700
2020-03-17,24.75,25.5,23.84000015258789,24.549999237060547,23.154029846191406,225500
2020-03-18,23.549999237060547,24.56999969482422,22.739999771118164,23.670000076293945,22.324071884155273,148900
2020-03-19,23.540000915527344,24.6200008392334,22.989999771118164,24.1299991607666,22.75791358947754,327600
2020-03-20,24.350000381469727,25.25,22.829999923706055,22.959999084472656,21.654441833496094,208400
2020-03-23,22.850000381469727,23.030000686645508,21.43000030517578,21.579999923706055,20.35291290283203,127300
2020-03-24,22.399999618530273,23.5,22.399999618530273,23.3799991607666,22.050559997558594,191800
2020-03-25,23.540000915527344,25.59000015258789,23.329999923706055,24.299999237060547,22.918245315551758,187200
2020-03-26,24.350000381469727,25.31999969482422,24.280000686645508,25.290000915527344,23.851953506469727,110400
2020-03-27,24.59000015258789,25.25,24.170000076293945,24.799999237060547,23.38981819152832,130100
2020-03-30,24.729999542236328,24.729999542236328,23.899999618530273,24.43000030517578,23.144445419311523,105600
2020-03-31,24.190000534057617,25.600000381469727,24.18000030517578,25.559999465942383,24.214977264404297,167700
2020-04-01,24.860000610351562,24.899999618530273,24.260000228881836,24.399999618530273,23.116024017333984,142800
2020-04-02,24.25,25.969999313354492,24.110000610351562,25.889999389648438,24.527616500854492,195700
2020-04-03,25.799999237060547,26.219999313354492,25.360000610351562,26.100000381469727,24.726566314697266,202900
2020-04-06,26.510000228881836,27.600000381469727,26.510000228881836,27.239999771118164,25.806575775146484,206400
2020-04-07,27.850000381469727,28.579999923706055,27.690000534057617,28.18000030517578,26.69711685180664,298900
2020-04-08,28.420000076293945,28.450000762939453,27.6299991607666,28.190000534057617,26.706586837768555,152700
2020-04-09,28.489999771118164,28.950000762939453,28.059999465942383,28.40999984741211,26.91501235961914,85600
2020-04-13,28.100000381469727,29.219999313354492,28.09000015258789,29.040000915527344,27.511856079101562,125800
2020-04-14,29.329999923706055,29.829999923706055,28.559999465942383,28.709999084472656,27.199220657348633,97000
2020-04-15,27.920000076293945,28.489999771118164,27.84000015258789,27.84000015258789,26.375,78700
2020-04-16,26.729999542236328,27.700000762939453,26.040000915527344,26.940000534057617,25.52235984802246,281900
2020-04-17,27.389999389648438,27.959999084472656,27.260000228881836,27.899999618530273,26.43184471130371,108200
2020-04-20,27.3700008392334,28.579999923706055,27.3700008392334,28.270000457763672,26.782373428344727,133800
2020-04-21,28.0,28.170000076293945,27.760000228881836,27.959999084472656,26.488691329956055,101900
2020-04-22,28.18000030517578,28.299999237060547,27.540000915527344,27.65999984741211,26.204471588134766,135000
2020-04-23,27.760000228881836,28.299999237060547,27.760000228881836,28.110000610351562,26.63079261779785,147600
2020-04-24,28.100000381469727,28.610000610351562,28.030000686645508,28.489999771118164,26.990800857543945,97400
2020-04-27,28.510000228881836,28.770000457763672,28.510000228881836,28.690000534057617,27.18027687072754,80500
2020-04-28,29.15999984741211,29.15999984741211,28.520000457763672,29.0,27.47395896911621,150700
2020-04-29,29.5,30.770000457763672,29.399999618530273,30.389999389648438,28.790813446044922,398500
2020-04-30,30.139999389648438,30.34000015258789,29.459999084472656,29.530000686645508,27.97607421875,167900
2020-05-01,28.969999313354492,29.200000762939453,28.34000015258789,28.43000030517578,26.933958053588867,83700
2020-05-04,28.229999542236328,29.059999465942383,28.049999237060547,28.950000762939453,27.426591873168945,151800
2020-05-05,29.510000228881836,29.690000534057617,29.190000534057617,29.209999084472656,27.67290687561035,148500
2020-05-06,29.049999237060547,29.329999923706055,28.760000228881836,28.770000457763672,27.25606918334961,133500
2020-05-07,29.170000076293945,29.8700008392334,29.170000076293945,29.549999237060547,27.995014190673828,136500
2020-05-08,30.190000534057617,30.360000610351562,29.559999465942383,30.149999618530273,28.56344223022461,105200
2020-05-11,29.8700008392334,30.760000228881836,29.799999237060547,30.469999313354492,28.86660385131836,114700
2020-05-12,30.3799991607666,30.530000686645508,29.479999542236328,29.479999542236328,27.928701400756836,95100
2020-05-13,29.3700008392334,29.709999084472656,28.739999771118164,28.770000457763672,27.25606918334961,146600
2020-05-14,28.420000076293945,28.540000915527344,27.790000915527344,28.420000076293945,26.924484252929688,83200
2020-05-15,28.399999618530273,28.559999465942383,27.899999618530273,28.530000686645508,27.0286922454834,88100
2020-05-18,29.020000457763672,29.68000030517578,28.979999542236328,29.549999237060547,27.995014190673828,38200
2020-05-19,29.420000076293945,29.690000534057617,29.030000686645508,29.229999542236328,27.69186019897461,111100
2020-05-20,29.5,29.5,29.079999923706055,29.200000762939453,27.663434982299805,112300
2020-05-21,29.030000686645508,29.219999313354492,28.68000030517578,29.049999237060547,27.52132797241211,64100
2020-05-22,29.100000381469727,29.239999771118164,28.6299991607666,29.190000534057617,27.653959274291992,49100
2020-05-26,29.920000076293945,30.239999771118164,29.65999984741211,30.0,28.421340942382812,73700
2020-05-27,30.190000534057617,30.209999084472656,29.049999237060547,29.760000228881836,28.193971633911133,88700
2020-05-28,29.739999771118164,30.329999923706055,29.65999984741211,30.079999923706055,28.497127532958984,187400
2020-05-29,30.0,30.309999465942383,29.709999084472656,30.06999969482422,28.487653732299805,76900
2020-06-01,29.959999084472656,30.719999313354492,29.959999084472656,30.440000534057617,28.83819007873535,62400
2020-06-02,30.5,30.549999237060547,30.200000762939453,30.5,28.895029067993164,53300
2020-06-03,30.450000762939453,31.280000686645508,30.450000762939453,31.170000076293945,29.529775619506836,69700
2020-06-04,30.90999984741211,31.200000762939453,30.770000457763672,30.90999984741211,29.2834529876709,50800
2020-06-05,31.239999771118164,31.6299991607666,31.190000534057617,31.260000228881836,29.615034103393555,95600
2020-06-08,31.299999237060547,31.8700008392334,30.959999084472656,31.09000015258789,29.4539852142334,87800
2020-06-09,30.719999313354492,30.790000915527344,30.209999084472656,30.68000030517578,29.06555938720703,164300
2020-06-10,30.610000610351562,31.1200008392334,30.469999313354492,30.8700008392334,29.245561599731445,69400
2020-06-11,30.010000228881836,30.079999923706055,28.959999084472656,28.959999084472656,27.436067581176758,100300
2020-06-12,29.690000534057617,29.850000381469727,28.940000534057617,29.40999984741211,27.86238670349121,112900
2020-06-15,28.950000762939453,29.59000015258789,28.6200008392334,29.309999465942383,27.767648696899414,172200
2020-06-16,30.079999923706055,30.530000686645508,30.06999969482422,30.260000228881836,28.66766357421875,83800
2020-06-17,30.489999771118164,30.65999984741211,30.200000762939453,30.350000381469727,28.75292205810547,50900
2020-06-18,30.020000457763672,30.31999969482422,30.020000457763672,30.239999771118164,28.64870834350586,48900
2020-06-19,30.270000457763672,30.790000915527344,30.270000457763672,30.5,28.895029067993164,116900
2020-06-22,30.510000228881836,30.65999984741211,30.170000076293945,30.5,28.895029067993164,103200
2020-06-23,30.56999969482422,30.829999923706055,30.079999923706055,30.100000381469727,28.516077041625977,69600
2020-06-24,29.81999969482422,29.979999542236328,29.25,29.450000762939453,27.90028190612793,87800
2020-06-25,29.420000076293945,29.420000076293945,29.0,29.3799991607666,27.833969116210938,79200
2020-06-26,29.18000030517578,29.889999389648438,29.18000030517578,29.719999313354492,28.156070709228516,81000
2020-06-29,29.739999771118164,30.389999389648438,29.600000381469727,30.040000915527344,28.567852020263672,86600
2020-06-30,29.93000030517578,31.25,29.93000030517578,30.850000381469727,29.338159561157227,186700
2020-07-01,30.799999237060547,30.799999237060547,30.309999465942383,30.479999542236328,28.98629379272461,46900
2020-07-02,30.850000381469727,31.100000381469727,30.56999969482422,30.780000686645508,29.271595001220703,85000
2020-07-06,31.0,31.670000076293945,31.0,31.5,29.956308364868164,135300
2020-07-07,31.31999969482422,31.540000915527344,30.920000076293945,30.950000762939453,29.433258056640625,88700
2020-07-08,31.170000076293945,31.75,30.959999084472656,31.709999084472656,30.15601921081543,152500
2020-07-09,31.700000762939453,31.700000762939453,30.809999465942383,30.940000534057617,29.423749923706055,95700
2020-07-10,31.06999969482422,31.1200008392334,30.700000762939453,31.100000381469727,29.575910568237305,77000
2020-07-13,31.360000610351562,32.68000030517578,31.350000381469727,31.850000381469727,30.289152145385742,207600
2020-07-14,31.850000381469727,32.0,30.809999465942383,31.270000457763672,29.737581253051758,170300
2020-07-15,31.530000686645508,31.84000015258789,31.489999771118164,31.760000228881836,30.203563690185547,122700
2020-07-16,31.700000762939453,31.760000228881836,31.459999084472656,31.600000381469727,30.051408767700195,60400
2020-07-17,31.530000686645508,32.13999938964844,31.510000228881836,32.02000045776367,30.450824737548828,81200
2020-07-20,32.0,32.29999923706055,31.6299991607666,32.290000915527344,30.707592010498047,96100
2020-07-21,32.52000045776367,32.849998474121094,31.899999618530273,31.950000762939453,30.384254455566406,84200
2020-07-22,32.13999938964844,32.209999084472656,31.729999542236328,31.809999465942383,30.251113891601562,67800
2020-07-23,31.729999542236328,32.20000076293945,31.709999084472656,31.760000228881836,30.203563690185547,67800
2020-07-24,31.559999465942383,31.700000762939453,31.3799991607666,31.579999923706055,30.032384872436523,44100
2020-07-27,31.530000686645508,32.189998626708984,31.530000686645508,32.15999984741211,30.583961486816406,74300
2020-07-28,32.040000915527344,32.15999984741211,31.709999084472656,31.799999237060547,30.241605758666992,75700
2020-07-29,31.860000610351562,32.52000045776367,31.860000610351562,32.29999923706055,30.717100143432617,60700
2020-07-30,31.989999771118164,32.38999938964844,31.8799991607666,32.36000061035156,30.774160385131836,71400
2020-07-31,32.22999954223633,32.459999084472656,32.029998779296875,32.189998626708984,30.61249351501465,131300
2020-08-03,32.31999969482422,32.54999923706055,32.130001068115234,32.439998626708984,30.850236892700195,33900
2020-08-04,32.36000061035156,32.5099983215332,32.08000183105469,32.400001525878906,30.812204360961914,78100
2020-08-05,32.41999816894531,32.790000915527344,32.33000183105469,32.75,31.145048141479492,144200
2020-08-06,32.66999816894531,33.810001373291016,32.630001068115234,33.220001220703125,31.59201431274414,182000
2020-08-07,33.25,33.349998474121094,32.70000076293945,32.880001068115234,31.268680572509766,66500
2020-08-10,32.93000030517578,32.9900016784668,32.43000030517578,32.849998474121094,31.24015235900879,79300
2020-08-11,33.13999938964844,33.279998779296875,32.849998474121094,33.060001373291016,31.439865112304688,129300
2020-08-12,33.16999816894531,33.279998779296875,32.93000030517578,32.970001220703125,31.354265213012695,114100
2020-08-13,33.0099983215332,33.0099983215332,32.310001373291016,32.380001068115234,30.793182373046875,129000
2020-08-14,32.38999938964844,32.630001068115234,32.2400016784668,32.59000015258789,30.992887496948242,62700
2020-08-17,32.63999938964844,32.93000030517578,32.40999984741211,32.5099983215332,30.916807174682617,68500
2020-08-18,32.54999923706055,32.65999984741211,32.34000015258789,32.45000076293945,30.859750747680664,101300
2020-08-19,32.400001525878906,32.5,31.510000228881836,31.65999984741211,30.10846519470215,148200
2020-08-20,31.5,32.20000076293945,31.5,31.850000381469727,30.289152145385742,195900
2020-08-21,31.729999542236328,32.43000030517578,31.600000381469727,32.22999954223633,30.650535583496094,127400
2020-08-24,32.470001220703125,32.93000030517578,31.950000762939453,32.08000183105469,30.507884979248047,133800
2020-08-25,32.11000061035156,32.20000076293945,31.59000015258789,31.649999618530273,30.098953247070312,84500
2020-08-26,31.530000686645508,32.130001068115234,31.530000686645508,31.760000228881836,30.203563690185547,81900
2020-08-27,31.809999465942383,32.279998779296875,31.709999084472656,32.119998931884766,30.545923233032227,85300
2020-08-28,32.20000076293945,32.650001525878906,32.040000915527344,32.33000183105469,30.74563217163086,132200
2020-08-31,32.560001373291016,32.9900016784668,32.31999969482422,32.5099983215332,30.916807174682617,261100
2020-09-01,32.54999923706055,32.54999923706055,31.93000030517578,32.16999816894531,30.59347152709961,79700
2020-09-02,32.29999923706055,32.72999954223633,32.130001068115234,32.540000915527344,30.945344924926758,75800
2020-09-03,32.40999984741211,32.459999084472656,31.530000686645508,31.700000762939453,30.146509170532227,99900
2020-09-04,31.84000015258789,31.920000076293945,30.959999084472656,31.860000610351562,30.298664093017578,99100
2020-09-08,31.139999389648438,31.579999923706055,31.1200008392334,31.1200008392334,29.594924926757812,80800
2020-09-09,31.329999923706055,31.940000534057617,31.329999923706055,31.81999969482422,30.260623931884766,88400
2020-09-10,32.02000045776367,32.060001373291016,30.979999542236328,30.989999771118164,29.471302032470703,78800
2020-09-11,31.25,31.510000228881836,31.09000015258789,31.190000534057617,29.661497116088867,76200
2020-09-14,31.43000030517578,31.6299991607666,31.110000610351562,31.139999389648438,29.61394691467285,88300
2020-09-15,31.290000915527344,31.56999969482422,31.290000915527344,31.520000457763672,29.97532844543457,54100
2020-09-16,31.690000534057617,31.690000534057617,30.979999542236328,31.0,29.48080825805664,70400
2020-09-17,30.790000915527344,30.969999313354492,30.530000686645508,30.889999389648438,29.376201629638672,62100
2020-09-18,30.790000915527344,31.010000228881836,30.479999542236328,30.639999389648438,29.138450622558594,78400
2020-09-21,30.200000762939453,30.25,29.709999084472656,30.219999313354492,28.73903465270996,75700
2020-09-22,30.229999542236328,30.540000915527344,30.059999465942383,30.399999618530273,28.91021156311035,99000
2020-09-23,30.3799991607666,30.489999771118164,29.84000015258789,29.84000015258789,28.377656936645508,87700
2020-09-24,29.799999237060547,29.8799991607666,29.420000076293945,29.709999084472656,28.25402069091797,172300
2020-09-25,29.719999313354492,29.969999313354492,29.43000030517578,29.90999984741211,28.44422721862793,149800
2020-09-28,30.049999237060547,30.649999618530273,30.049999237060547,30.540000915527344,29.043352127075195,99000
2020-09-29,30.440000534057617,31.059999465942383,30.420000076293945,30.940000534057617,29.535934448242188,96800
2020-09-30,30.84000015258789,30.979999542236328,30.309999465942383,30.34000015258789,28.963167190551758,84900
2020-10-01,30.6200008392334,30.6200008392334,30.229999542236328,30.420000076293945,29.039535522460938,96200
2020-10-02,30.09000015258789,30.1299991607666,29.450000762939453,29.84000015258789,28.485855102539062,114500
2020-10-05,30.030000686645508,30.329999923706055,30.010000228881836,30.200000762939453,28.829519271850586,95800
2020-10-06,30.170000076293945,30.420000076293945,29.780000686645508,29.989999771118164,28.629047393798828,62800
2020-10-07,30.06999969482422,30.299999237060547,29.850000381469727,30.219999313354492,28.84860610961914,47400
2020-10-08,30.56999969482422,30.56999969482422,30.170000076293945,30.34000015258789,28.963167190551758,46000
2020-10-09,30.389999389648438,30.780000686645508,30.389999389648438,30.649999618530273,29.259092330932617,77100
2020-10-12,30.860000610351562,31.040000915527344,30.68000030517578,30.90999984741211,29.507295608520508,36300
2020-10-13,30.809999465942383,31.389999389648438,30.639999389648438,30.719999313354492,29.32592010498047,79800
2020-10-14,30.649999618530273,30.90999984741211,30.25,30.450000762939453,29.06817054748535,61500
2020-10-15,30.059999465942383,30.450000762939453,29.940000534057617,30.399999618530273,29.02044105529785,47300
2020-10-16,30.5,30.6200008392334,30.309999465942383,30.5,29.115901947021484,42300
2020-10-19,30.540000915527344,30.8799991607666,30.510000228881836,30.600000381469727,29.211368560791016,58700
2020-10-20,30.639999389648438,30.93000030517578,30.290000915527344,30.899999618530273,29.497753143310547,161700
2020-10-21,30.899999618530273,31.1299991607666,30.540000915527344,30.559999465942383,29.173179626464844,62300
2020-10-22,30.700000762939453,30.700000762939453,30.1299991607666,30.209999084472656,28.839059829711914,46500
2020-10-23,30.229999542236328,30.579999923706055,30.0,30.56999969482422,29.18272590637207,50500
2020-10-26,30.3700008392334,30.479999542236328,29.889999389648438,30.040000915527344,28.676776885986328,47500
2020-10-27,30.040000915527344,30.270000457763672,29.969999313354492,30.18000030517578,28.8104248046875,164400
2020-10-28,29.75,29.75,28.950000762939453,28.959999084472656,27.645788192749023,171400
2020-10-29,28.959999084472656,29.219999313354492,28.81999969482422,28.989999771118164,27.67442512512207,44900
2020-10-30,28.829999923706055,28.8799991607666,28.100000381469727,28.709999084472656,27.407133102416992,81900
2020-11-02,28.979999542236328,29.399999618530273,28.920000076293945,29.350000381469727,28.01808738708496,57300
2020-11-03,29.43000030517578,30.25,29.43000030517578,30.139999389648438,28.77223777770996,77100
2020-11-04,30.25,30.549999237060547,30.020000457763672,30.100000381469727,28.734052658081055,66600
2020-11-05,30.059999465942383,30.059999465942383,28.860000610351562,29.209999084472656,27.884441375732422,131900
2020-11-06,29.18000030517578,29.440000534057617,28.889999389648438,29.0,27.68397331237793,94100
2020-11-09,30.139999389648438,30.139999389648438,29.360000610351562,29.389999389648438,28.0562744140625,167700
2020-11-10,29.399999618530273,30.3799991607666,29.399999618530273,29.600000381469727,28.256744384765625,152500
2020-11-11,29.639999389648438,29.889999389648438,29.530000686645508,29.81999969482422,28.466766357421875,68200
2020-11-12,29.670000076293945,29.889999389648438,29.09000015258789,29.209999084472656,27.884441375732422,71800
2020-11-13,29.239999771118164,29.770000457763672,29.239999771118164,29.6200008392334,28.27583885192871,98700
2020-11-16,29.790000915527344,29.940000534057617,29.68000030517578,29.809999465942383,28.457216262817383,41500
2020-11-17,29.6200008392334,29.969999313354492,29.6200008392334,29.950000762939453,28.590862274169922,70900
2020-11-18,30.100000381469727,30.3799991607666,29.790000915527344,30.100000381469727,28.734052658081055,79600
2020-11-19,30.139999389648438,30.139999389648438,29.770000457763672,30.059999465942383,28.695871353149414,38300
2020-11-20,30.09000015258789,30.100000381469727,29.780000686645508,29.969999313354492,28.609956741333008,43100
2020-11-23,30.200000762939453,30.209999084472656,29.739999771118164,29.899999618530273,28.543128967285156,44000
2020-11-24,29.860000610351562,30.190000534057617,29.719999313354492,30.040000915527344,28.676776885986328,70800
2020-11-25,30.030000686645508,30.40999984741211,29.950000762939453,30.25,28.877248764038086,52900
2020-11-27,30.219999313354492,30.469999313354492,30.219999313354492,30.469999313354492,29.087261199951172,32400
2020-11-30,30.540000915527344,30.709999084472656,30.100000381469727,30.1299991607666,28.7626953125,63600
2020-12-01,30.34000015258789,30.6200008392334,30.239999771118164,30.309999465942383,28.934526443481445,105100
2020-12-02,30.299999237060547,30.350000381469727,29.8700008392334,30.040000915527344,28.676776885986328,66800
2020-12-03,30.209999084472656,30.799999237060547,30.15999984741211,30.639999389648438,29.249549865722656,85400
2020-12-04,30.8799991607666,32.099998474121094,30.8799991607666,32.04999923706055,30.59556007385254,106500
2020-12-07,32.099998474121094,32.2599983215332,31.639999389648438,32.0,30.54783058166504,96400
2020-12-08,32.130001068115234,32.130001068115234,31.649999618530273,31.649999618530273,30.213716506958008,96400
2020-12-09,31.850000381469727,32.41999816894531,31.770000457763672,32.33000183105469,30.862855911254883,68500
2020-12-10,32.36000061035156,32.900001525878906,32.20000076293945,32.75,31.263797760009766,63900
2020-12-11,32.540000915527344,32.720001220703125,32.31999969482422,32.619998931884766,31.13968849182129,51600
2020-12-14,32.63999938964844,32.97999954223633,32.29999923706055,32.310001373291016,30.84377098083496,89300
2020-12-15,32.439998626708984,32.790000915527344,32.16999816894531,32.58000183105469,31.10150718688965,54100
2020-12-16,32.790000915527344,32.790000915527344,31.729999542236328,31.8799991607666,30.43328094482422,93100
2020-12-17,32.02000045776367,32.11000061035156,31.459999084472656,31.84000015258789,30.39509391784668,59600
2020-12-18,31.770000457763672,32.400001525878906,31.75,32.369998931884766,30.901037216186523,126300
2020-12-21,31.889999389648438,32.09000015258789,31.639999389648438,32.02000045776367,30.566923141479492,52000
2020-12-22,31.84000015258789,32.11000061035156,31.84000015258789,32.08000183105469,30.62420654296875,68200
2020-12-23,32.2400016784668,32.27000045776367,32.040000915527344,32.189998626708984,30.729211807250977,28100
2020-12-24,32.150001525878906,32.22999954223633,32.0099983215332,32.15999984741211,30.700571060180664,18000
2020-12-28,32.209999084472656,32.5,32.06999969482422,32.150001525878906,30.691028594970703,17700
2020-12-29,32.27000045776367,32.970001220703125,32.2400016784668,32.81999969482422,31.330617904663086,66200
2020-12-30,32.900001525878906,33.0,32.31999969482422,32.34000015258789,30.986648559570312,92900
2020-12-31,32.459999084472656,32.58000183105469,32.34000015258789,32.470001220703125,31.111204147338867,50000
2021-01-04,32.45000076293945,32.4900016784668,32.029998779296875,32.09000015258789,30.747106552124023,42000
2021-01-05,32.06999969482422,32.4900016784668,32.0,32.470001220703125,31.111204147338867,41800
2021-01-06,32.38999938964844,33.16999816894531,32.369998931884766,33.08000183105469,31.695680618286133,78600
2021-01-07,33.08000183105469,33.540000915527344,32.79999923706055,33.439998626708984,32.04060745239258,84300
2021-01-08,33.54999923706055,34.02000045776367,33.459999084472656,33.59000015258789,32.18433380126953,57000
2021-01-11,34.2599983215332,34.790000915527344,33.689998626708984,34.59000015258789,33.142486572265625,127500
2021-01-12,34.72999954223633,34.72999954223633,34.22999954223633,34.400001525878906,32.96044158935547,65800
2021-01-13,34.400001525878906,34.900001525878906,34.13999938964844,34.810001373291016,33.3532829284668,48300
2021-01-14,35.0,35.18000030517578,34.66999816894531,34.84000015258789,33.382022857666016,82600
2021-01-15,34.61000061035156,35.09000015258789,34.369998931884766,34.83000183105469,33.37245178222656,102200
2021-01-19,34.83000183105469,34.880001068115234,34.34000015258789,34.529998779296875,33.084999084472656,52600
2021-01-20,34.5099983215332,35.06999969482422,34.5099983215332,35.029998779296875,33.5640754699707,78200
2021-01-21,35.029998779296875,35.2400016784668,34.90999984741211,34.97999954223633,33.51616287231445,55500
2021-01-22,34.81999969482422,34.880001068115234,34.209999084472656,34.209999084472656,32.77838897705078,65800
2021-01-25,34.09000015258789,34.7599983215332,34.09000015258789,34.75,33.29579162597656,70400
2021-01-26,34.79999923706055,35.040000915527344,34.310001373291016,35.0,33.53533172607422,66500
2021-01-27,34.689998626708984,35.83000183105469,34.4900016784668,35.529998779296875,34.04315948486328,132200
2021-01-28,35.5,35.529998779296875,35.029998779296875,35.209999084472656,33.73654556274414,58700
2021-01-29,35.04999923706055,35.7599983215332,35.04999923706055,35.5,34.014408111572266,176900
2021-02-01,35.72999954223633,36.599998474121094,35.52000045776367,36.529998779296875,35.00129699707031,123300
2021-02-02,36.70000076293945,39.02000045776367,36.70000076293945,38.970001220703125,37.339195251464844,172300
2021-02-03,39.02000045776367,39.099998474121094,38.689998626708984,38.790000915527344,37.166725158691406,62200
2021-02-04,38.66999816894531,38.83000183105469,37.86000061035156,38.529998779296875,36.91761016845703,100900
2021-02-05,38.7400016784668,38.9900016784668,38.630001068115234,38.7400016784668,37.11882019042969,63900
2021-02-08,38.560001373291016,39.220001220703125,38.560001373291016,39.029998779296875,37.39668655395508,52200
2021-02-09,39.0,39.150001525878906,38.90999984741211,39.06999969482422,37.43501281738281,48800
2021-02-10,39.220001220703125,39.279998779296875,38.619998931884766,38.689998626708984,37.07090759277344,75300
2021-02-11,38.86000061035156,38.86000061035156,38.119998931884766,38.22999954223633,36.63015365600586,72000
2021-02-12,38.040000915527344,38.34000015258789,37.90999984741211,38.220001220703125,36.620574951171875,80200
2021-02-16,38.459999084472656,38.459999084472656,37.81999969482422,37.880001068115234,36.294803619384766,77400
2021-02-17,37.59000015258789,37.970001220703125,37.15999984741211,37.93000030517578,36.34272003173828,174200
2021-02-18,37.900001525878906,38.04999923706055,37.45000076293945,37.72999954223633,36.15107727050781,93000
2021-02-19,37.77000045776367,38.2599983215332,37.77000045776367,38.220001220703125,36.620574951171875,76100
2021-02-22,38.20000076293945,38.56999969482422,37.93000030517578,38.439998626708984,36.83137512207031,127400
2021-02-23,38.16999816894531,38.290000915527344,37.56999969482422,38.130001068115234,36.53435134887695,127400
2021-02-24,38.119998931884766,38.689998626708984,38.06999969482422,38.56999969482422,36.95594024658203,64900
2021-02-25,38.86000061035156,39.959999084472656,38.5,38.779998779296875,37.157142639160156,166200
2021-02-26,39.43000030517578,39.72999954223633,38.56999969482422,39.349998474121094,37.70329666137695,194400
2021-03-01,39.97999954223633,40.95000076293945,39.43000030517578,40.560001373291016,38.8626594543457,102000
2021-03-02,40.650001525878906,41.029998779296875,40.22999954223633,40.65999984741211,38.95846939086914,88600
2021-03-03,40.63999938964844,40.790000915527344,40.349998474121094,40.70000076293945,38.99679946899414,68100
2021-03-04,40.84000015258789,41.029998779296875,39.869998931884766,40.25,38.56562805175781,65600
2021-03-05,40.34000015258789,40.83000183105469,39.939998626708984,40.77000045776367,39.063873291015625,49800
2021-03-08,40.5099983215332,41.040000915527344,40.18000030517578,40.93000030517578,39.2171745300293,67400
2021-03-09,40.9900016784668,41.959999084472656,40.9900016784668,41.150001525878906,39.42797088623047,76100
2021-03-10,41.16999816894531,41.61000061035156,41.060001373291016,41.470001220703125,39.734580993652344,98000
2021-03-11,41.5,41.810001373291016,41.45000076293945,41.689998626708984,39.94536209106445,44800
2021-03-12,41.470001220703125,42.150001525878906,41.209999084472656,42.099998474121094,40.33820724487305,56400
2021-03-15,41.900001525878906,42.31999969482422,41.54999923706055,42.290000915527344,40.5202522277832,57500
2021-03-16,42.220001220703125,42.68000030517578,42.18000030517578,42.61000061035156,40.826866149902344,49400
2021-03-17,42.72999954223633,43.650001525878906,42.59000015258789,43.5,41.679622650146484,101600
2021-03-18,43.189998626708984,43.52000045776367,42.849998474121094,43.0,41.2005500793457,42700
2021-03-19,43.0,43.0,42.439998626708984,42.77000045776367,40.98017120361328,82100
2021-03-22,42.689998626708984,42.81999969482422,42.369998931884766,42.63999938964844,40.855613708496094,39800
2021-03-23,42.349998474121094,42.81999969482422,42.349998474121094,42.4900016784668,40.71189498901367,95200
2021-03-24,42.40999984741211,42.83000183105469,42.36000061035156,42.540000915527344,40.75979995727539,47500
2021-03-25,42.40999984741211,42.58000183105469,41.959999084472656,42.45000076293945,40.67356491088867,40500
2021-03-26,42.529998779296875,42.77000045776367,42.34000015258789,42.75,40.96100997924805,87000
2021-03-29,42.38999938964844,42.959999084472656,42.36000061035156,42.4900016784668,40.71189498901367,78500
2021-03-30,42.2400016784668,42.459999084472656,41.900001525878906,42.34000015258789,40.693634033203125,58700
2021-03-31,42.45000076293945,42.90999984741211,42.45000076293945,42.779998779296875,41.116519927978516,38100
2021-04-01,43.060001373291016,43.54999923706055,42.88999938964844,43.43000030517578,41.741233825683594,59900
2021-04-05,43.310001373291016,43.88999938964844,43.310001373291016,43.68000030517578,41.98152160644531,38500
2021-04-06,43.689998626708984,43.84000015258789,43.5,43.65999984741211,41.96230697631836,39800
2021-04-07,43.81999969482422,43.81999969482422,43.349998474121094,43.560001373291016,41.866188049316406,64300
2021-04-08,43.81999969482422,44.13999938964844,43.43000030517578,44.02000045776367,42.30829620361328,47500
2021-04-09,43.939998626708984,44.33000183105469,43.939998626708984,44.25,42.529361724853516,31100
2021-04-12,44.4900016784668,45.75,44.470001220703125,45.650001525878906,43.87492752075195,130200
2021-04-13,45.650001525878906,45.79999923706055,45.029998779296875,45.66999816894531,43.89414596557617,57600
2021-04-14,45.66999816894531,45.7599983215332,45.060001373291016,45.33000183105469,43.56736373901367,57500
2021-04-15,45.720001220703125,46.65999984741211,45.720001220703125,46.54999923706055,44.73992919921875,61000
2021-04-16,46.90999984741211,47.220001220703125,46.41999816894531,47.150001525878906,45.31659698486328,87600
2021-04-19,47.060001373291016,47.560001373291016,46.779998779296875,47.310001373291016,45.47036361694336,103400
2021-04-20,47.29999923706055,47.540000915527344,46.529998779296875,46.560001373291016,44.749542236328125,73700
2021-04-21,46.54999923706055,47.029998779296875,46.310001373291016,46.88999938964844,45.066707611083984,51300
2021-04-22,46.77000045776367,46.81999969482422,46.439998626708984,46.59000015258789,44.77837371826172,33200
2021-04-23,46.77000045776367,46.77000045776367,46.29999923706055,46.619998931884766,44.80720138549805,43300
2021-04-26,46.619998931884766,46.849998474121094,46.33000183105469,46.7400016784668,44.92253494262695,57400
2021-04-27,46.65999984741211,47.11000061035156,46.369998931884766,47.0099983215332,45.18203353881836,56700
2021-04-28,46.86000061035156,47.13999938964844,46.65999984741211,47.060001373291016,45.230098724365234,25000
2021-04-29,47.150001525878906,47.290000915527344,46.86000061035156,47.13999938964844,45.30699157714844,40600
2021-04-30,46.970001220703125,47.31999969482422,46.77000045776367,46.83000183105469,45.0090446472168,63800
2021-05-03,47.029998779296875,47.029998779296875,46.72999954223633,46.86000061035156,45.03786849975586,44000
2021-05-04,46.83000183105469,46.91999816894531,46.33000183105469,46.630001068115234,44.81682205200195,57200
2021-05-05,46.86000061035156,46.970001220703125,46.47999954223633,46.84000015258789,45.018646240234375,59100
2021-05-06,47.13999938964844,47.13999938964844,42.70000076293945,44.63999938964844,42.90419387817383,168600
2021-05-07,44.93000030517578,45.099998474121094,43.93000030517578,44.0099983215332,42.29868698120117,77500
2021-05-10,43.83000183105469,45.220001220703125,43.83000183105469,45.060001373291016,43.307861328125,79600
2021-05-11,44.779998779296875,44.779998779296875,44.06999969482422,44.5,42.76963424682617,67600
2021-05-12,44.2400016784668,44.58000183105469,43.560001373291016,44.04999923706055,42.337127685546875,50900
2021-05-13,44.349998474121094,44.59000015258789,44.02000045776367,44.400001525878906,42.67353439331055,59500
2021-05-14,44.5,45.040000915527344,44.439998626708984,44.83000183105469,43.08681869506836,59100
2021-05-17,44.13999938964844,45.13999938964844,44.13999938964844,44.88999938964844,43.14446258544922,70400
2021-05-18,44.75,44.93000030517578,44.5099983215332,44.619998931884766,42.884971618652344,35000
2021-05-19,44.2400016784668,44.849998474121094,43.83000183105469,44.599998474121094,42.865745544433594,60800
2021-05-20,44.529998779296875,45.2599983215332,44.529998779296875,44.790000915527344,43.0483512878418,42300
2021-05-21,44.959999084472656,44.959999084472656,44.29999923706055,44.54999923706055,42.817684173583984,30800
2021-05-24,44.29999923706055,44.72999954223633,44.29999923706055,44.66999816894531,42.93302917480469,18400
2021-05-25,44.54999923706055,45.25,44.380001068115234,45.150001525878906,43.39435958862305,54500
2021-05-26,45.16999816894531,45.310001373291016,44.70000076293945,44.81999969482422,43.07719039916992,50700
2021-05-27,44.77000045776367,45.150001525878906,44.7599983215332,44.91999816894531,43.17330551147461,53500
2021-05-28,44.91999816894531,44.91999816894531,44.09000015258789,44.779998779296875,43.038753509521484,38300
2021-06-01,44.779998779296875,45.04999923706055,44.650001525878906,44.65999984741211,42.92341613769531,54700
2021-06-02,44.560001373291016,44.7400016784668,44.47999954223633,44.61000061035156,42.875362396240234,36500
2021-06-03,44.369998931884766,44.65999984741211,44.189998626708984,44.630001068115234,42.894588470458984,25500
2021-06-04,44.63999938964844,44.869998931884766,44.54999923706055,44.650001525878906,42.91381072998047,26900
2021-06-07,44.540000915527344,44.619998931884766,44.40999984741211,44.439998626708984,42.71196746826172,25900
2021-06-08,44.290000915527344,44.619998931884766,44.18000030517578,44.380001068115234,42.65430450439453,45100
2021-06-09,44.59000015258789,44.59000015258789,44.08000183105469,44.11000061035156,42.394798278808594,45800
2021-06-10,44.0,45.0,44.0,44.4900016784668,42.760032653808594,33600
2021-06-11,44.52000045776367,45.150001525878906,44.52000045776367,45.040000915527344,43.28864288330078,46600
2021-06-14,45.31999969482422,45.529998779296875,45.0099983215332,45.16999816894531,43.413578033447266,68000
2021-06-15,45.099998474121094,45.34000015258789,44.869998931884766,44.95000076293945,43.20214080810547,81400
2021-06-16,44.70000076293945,44.959999084472656,44.06999969482422,44.09000015258789,42.37558364868164,76200
2021-06-17,44.0,44.040000915527344,43.52000045776367,43.599998474121094,41.90464401245117,61800
2021-06-18,43.290000915527344,43.810001373291016,43.040000915527344,43.5099983215332,41.8181266784668,200600
2021-06-21,43.619998931884766,44.15999984741211,43.400001525878906,44.0099983215332,42.29868698120117,59100
2021-06-22,43.869998931884766,44.63999938964844,43.849998474121094,44.59000015258789,42.85613250732422,35100
2021-06-23,44.52000045776367,44.68000030517578,44.380001068115234,44.5,42.76963424682617,33500
2021-06-24,44.45000076293945,44.959999084472656,44.290000915527344,44.790000915527344,43.0483512878418,91800
2021-06-25,45.13999938964844,45.400001525878906,45.0,45.06999969482422,43.31747055053711,34200
2021-06-28,45.08000183105469,45.08000183105469,44.150001525878906,44.310001373291016,42.58702087402344,30100
2021-06-29,44.29999923706055,44.529998779296875,44.029998779296875,44.43000030517578,42.83189010620117,25700
2021-06-30,44.630001068115234,44.66999816894531,44.31999969482422,44.619998931884766,43.01505661010742,34000
2021-07-01,44.41999816894531,44.88999938964844,44.400001525878906,44.88999938964844,43.27533721923828,24100
2021-07-02,44.81999969482422,45.79999923706055,44.81999969482422,45.58000183105469,43.94053268432617,72800
2021-07-06,45.290000915527344,45.290000915527344,44.59000015258789,44.689998626708984,43.082542419433594,53000
2021-07-07,44.72999954223633,45.099998474121094,44.72999954223633,45.0,43.38139343261719,23600
2021-07-08,44.58000183105469,44.81999969482422,44.22999954223633,44.650001525878906,43.04397964477539,33700
2021-07-09,44.939998626708984,45.349998474121094,44.880001068115234,45.34000015258789,43.70915985107422,21000
2021-07-12,45.16999816894531,45.43000030517578,45.02000045776367,45.13999938964844,43.51634979248047,37000
2021-07-13,44.939998626708984,45.400001525878906,44.84000015258789,45.349998474121094,43.71879196166992,38500
2021-07-14,45.81999969482422,46.11000061035156,45.61000061035156,45.689998626708984,44.046566009521484,53600
2021-07-15,45.77000045776367,45.77000045776367,45.189998626708984,45.25,43.622398376464844,25600
2021-07-16,45.63999938964844,45.63999938964844,44.720001220703125,44.790000915527344,43.17893600463867,60500
2021-07-19,44.529998779296875,44.529998779296875,43.5099983215332,44.0,42.417362213134766,63700
2021-07-20,43.97999954223633,45.439998626708984,43.97999954223633,45.349998474121094,43.71879196166992,31500
2021-07-21,45.290000915527344,45.7599983215332,45.290000915527344,45.689998626708984,44.046566009521484,16900
2021-07-22,45.4900016784668,45.95000076293945,45.4900016784668,45.650001525878906,44.00801467895508,40600
2021-07-23,45.650001525878906,46.04999923706055,45.650001525878906,45.91999816894531,44.26829528808594,19500
2021-07-26,45.779998779296875,45.959999084472656,45.68000030517578,45.84000015258789,44.1911735534668,18400
2021-07-27,45.68000030517578,45.91999816894531,45.43000030517578,45.61000061035156,43.96944808959961,28800
2021-07-28,45.630001068115234,45.88999938964844,45.5,45.77000045776367,44.123695373535156,42500
2021-07-29,45.81999969482422,46.52000045776367,45.81999969482422,46.459999084472656,44.78887176513672,48600
2021-07-30,46.459999084472656,46.66999816894531,46.099998474121094,46.4900016784668,44.81779098510742,28200
2021-08-02,46.470001220703125,46.720001220703125,46.310001373291016,46.310001373291016,44.64427185058594,12400
2021-08-03,46.310001373291016,47.2400016784668,46.290000915527344,47.099998474121094,45.405853271484375,126100
2021-08-04,47.290000915527344,48.290000915527344,47.290000915527344,47.95000076293945,46.22528076171875,110700
2021-08-05,47.689998626708984,49.61000061035156,46.91999816894531,46.97999954223633,45.2901725769043,204700
2021-08-06,47.16999816894531,49.029998779296875,46.61000061035156,46.86000061035156,45.17448425292969,150600
2021-08-09,46.779998779296875,46.79999923706055,45.88999938964844,46.34000015258789,44.67318344116211,38400
2021-08-10,46.25,47.0,46.25,46.83000183105469,45.14556884765625,51100
2021-08-11,46.779998779296875,47.34000015258789,46.7599983215332,47.220001220703125,45.521541595458984,42100
2021-08-12,47.2599983215332,47.619998931884766,46.90999984741211,47.2599983215332,45.560096740722656,46600
2021-08-13,47.27000045776367,47.349998474121094,46.91999816894531,47.290000915527344,45.589019775390625,39400
2021-08-16,47.02000045776367,47.54999923706055,46.63999938964844,47.470001220703125,45.762550354003906,33600
2021-08-17,47.22999954223633,47.36000061035156,47.060001373291016,47.290000915527344,45.589019775390625,51900
2021-08-18,47.22999954223633,47.349998474121094,46.959999084472656,47.27000045776367,45.569732666015625,45900
2021-08-19,46.72999954223633,47.630001068115234,46.41999816894531,47.41999816894531,45.7143440246582,73800
2021-08-20,47.220001220703125,47.54999923706055,47.060001373291016,47.5,45.791465759277344,38200
2021-08-23,47.529998779296875,47.65999984741211,47.2599983215332,47.38999938964844,45.685420989990234,57900
2021-08-24,47.2599983215332,47.560001373291016,47.04999923706055,47.290000915527344,45.589019775390625,44500
2021-08-25,47.16999816894531,47.900001525878906,47.0099983215332,47.869998931884766,46.14815139770508,62300
2021-08-26,47.79999923706055,47.79999923706055,47.27000045776367,47.290000915527344,45.589019775390625,23300
2021-08-27,47.34000015258789,47.7599983215332,47.34000015258789,47.58000183105469,45.86858367919922,36600
2021-08-30,47.45000076293945,48.209999084472656,47.45000076293945,48.0099983215332,46.283119201660156,44400
2021-08-31,48.040000915527344,48.5099983215332,47.939998626708984,48.310001373291016,46.572330474853516,45600
2021-09-01,48.5,48.7599983215332,48.18000030517578,48.63999938964844,46.89045715332031,49800
2021-09-02,48.630001068115234,50.04999923706055,48.630001068115234,49.95000076293945,48.15333938598633,86000
2021-09-03,49.880001068115234,50.56999969482422,49.880001068115234,50.20000076293945,48.394351959228516,91100
2021-09-07,50.02000045776367,50.650001525878906,49.9900016784668,50.5,48.68355178833008,113300
2021-09-08,50.29999923706055,50.54999923706055,49.45000076293945,49.720001220703125,47.93161392211914,61600
2021-09-09,49.63999938964844,49.7400016784668,49.45000076293945,49.63999938964844,47.8544921875,30900
2021-09-10,49.970001220703125,50.029998779296875,49.709999084472656,49.779998779296875,47.98945999145508,34200
2021-09-13,50.189998626708984,50.880001068115234,49.93000030517578,50.779998779296875,48.953487396240234,391400
2021-09-14,51.18000030517578,51.7599983215332,50.939998626708984,51.20000076293945,49.3583869934082,192200
2021-09-15,51.630001068115234,52.36000061035156,51.41999816894531,51.86000061035156,49.99464416503906,173700
2021-09-16,51.650001525878906,51.90999984741211,50.810001373291016,50.86000061035156,49.030609130859375,155200
2021-09-17,50.91999816894531,50.91999816894531,49.95000076293945,49.95000076293945,48.15333938598633,1290300
2021-09-20,49.47999954223633,49.689998626708984,48.43000030517578,49.22999954223633,47.45923614501953,92300
2021-09-21,49.33000183105469,49.709999084472656,48.880001068115234,48.970001220703125,47.208595275878906,68500
2021-09-22,49.13999938964844,49.209999084472656,48.65999984741211,48.75,46.99650573730469,77400
2021-09-23,49.27000045776367,49.4900016784668,49.130001068115234,49.20000076293945,47.430320739746094,41100
2021-09-24,49.02000045776367,49.220001220703125,48.7599983215332,49.040000915527344,47.27607345581055,62000
2021-09-27,48.9900016784668,49.09000015258789,48.08000183105469,48.310001373291016,46.572330474853516,60300
2021-09-28,47.93000030517578,48.029998779296875,47.400001525878906,47.529998779296875,45.944969177246094,92500
2021-09-29,47.40999984741211,47.58000183105469,47.11000061035156,47.18000030517578,45.60663986206055,44000
2021-09-30,47.27000045776367,47.84000015258789,46.81999969482422,46.939998626708984,45.3746452331543,52000
2021-10-01,46.9900016784668,47.209999084472656,46.13999938964844,47.04999923706055,45.480979919433594,63300
2021-10-04,47.040000915527344,47.900001525878906,47.0099983215332,47.29999923706055,45.72263717651367,84200
2021-10-05,47.34000015258789,48.09000015258789,47.08000183105469,47.97999954223633,46.37996292114258,73800
2021-10-06,47.59000015258789,48.119998931884766,47.5099983215332,48.11000061035156,46.50563049316406,37600
2021-10-07,48.2599983215332,49.0099983215332,48.2599983215332,48.65999984741211,47.037296295166016,38100
2021-10-08,48.560001373291016,48.88999938964844,48.27000045776367,48.72999954223633,47.104957580566406,72300
2021-10-11,48.7599983215332,48.86000061035156,48.43000030517578,48.560001373291016,46.94063186645508,19900
2021-10-12,48.72999954223633,48.9900016784668,48.060001373291016,48.900001525878906,47.269290924072266,65500
2021-10-13,49.0,49.66999816894531,49.0,49.63999938964844,47.9846076965332,53100
2021-10-14,50.150001525878906,50.41999816894531,49.58000183105469,49.63999938964844,47.9846076965332,30200
2021-10-15,49.849998474121094,49.849998474121094,49.119998931884766,49.25,47.60761642456055,52900
2021-10-18,49.380001068115234,49.630001068115234,48.83000183105469,49.599998474121094,47.94594192504883,69500
2021-10-19,49.68000030517578,50.08000183105469,49.56999969482422,49.7599983215332,48.10060119628906,44900
2021-10-20,49.72999954223633,50.2599983215332,49.72999954223633,50.2400016784668,48.56460189819336,56800
2021-10-21,51.7599983215332,58.5,51.040000915527344,54.97999954223633,53.14653015136719,457600
2021-10-22,55.04999923706055,55.369998931884766,53.599998474121094,55.18000030517578,53.3398551940918,119300
2021-10-25,55.380001068115234,55.70000076293945,54.939998626708984,55.209999084472656,53.368865966796875,62700
2021-10-26,55.5,55.529998779296875,54.900001525878906,54.959999084472656,53.127197265625,59900
2021-10-27,54.790000915527344,54.91999816894531,54.349998474121094,54.68000030517578,52.856536865234375,50900
2021-10-28,54.88999938964844,56.33000183105469,54.86000061035156,56.0,54.13252258300781,65800
2021-10-29,56.15999984741211,56.15999984741211,55.119998931884766,55.29999923706055,53.45585632324219,56700
2021-11-01,55.45000076293945,55.9900016784668,54.81999969482422,54.91999816894531,53.08853530883789,53100
2021-11-02,55.060001373291016,55.54999923706055,54.63999938964844,55.040000915527344,53.204532623291016,59500
2021-11-03,55.33000183105469,55.43000030517578,54.619998931884766,54.619998931884766,52.79853439331055,59700
2021-11-04,54.43000030517578,55.93000030517578,54.40999984741211,54.959999084472656,53.127197265625,78600
2021-11-05,54.93000030517578,55.11000061035156,54.52000045776367,55.02000045776367,53.18519973754883,56200
2021-11-08,55.400001525878906,55.939998626708984,54.970001220703125,55.7599983215332,53.900516510009766,77400
2021-11-09,55.959999084472656,56.0,54.72999954223633,55.2400016784668,53.397857666015625,48100
2021-11-10,55.689998626708984,56.59000015258789,55.41999816894531,55.970001220703125,54.103519439697266,91700
2021-11-11,55.9900016784668,55.9900016784668,55.56999969482422,55.869998931884766,54.0068473815918,52500
2021-11-12,56.189998626708984,56.869998931884766,56.119998931884766,56.72999954223633,54.838165283203125,45800
2021-11-15,56.7400016784668,56.959999084472656,56.060001373291016,56.119998931884766,54.248512268066406,57600
2021-11-16,56.0,56.939998626708984,56.0,56.5099983215332,54.62550735473633,57100
2021-11-17,56.349998474121094,56.58000183105469,56.15999984741211,56.5099983215332,54.62550735473633,36600
2021-11-18,56.43000030517578,57.290000915527344,56.43000030517578,57.220001220703125,55.31182861328125,51700
2021-11-19,57.06999969482422,57.36000061035156,56.939998626708984,57.099998474121094,55.19582748413086,44100
2021-11-22,57.099998474121094,57.13999938964844,56.45000076293945,56.650001525878906,54.76083755493164,53700
2021-11-23,56.43000030517578,56.5099983215332,55.5,56.380001068115234,54.499847412109375,86900
2021-11-24,56.36000061035156,56.36000061035156,55.86000061035156,56.22999954223633,54.3548469543457,65400
2021-11-26,55.4900016784668,55.4900016784668,54.439998626708984,55.0,53.16586685180664,57000
2021-11-29,54.5,55.54999923706055,54.5,55.189998626708984,53.34952926635742,81900
2021-11-30,54.93000030517578,55.08000183105469,53.869998931884766,54.060001373291016,52.25720977783203,77900
2021-12-01,54.34000015258789,55.79999923706055,54.209999084472656,54.220001220703125,52.41187286376953,141000
2021-12-02,54.20000076293945,55.060001373291016,54.11000061035156,54.849998474121094,53.0208740234375,65800
2021-12-03,55.099998474121094,55.2599983215332,53.939998626708984,54.2400016784668,52.431217193603516,75300
2021-12-06,54.689998626708984,55.91999816894531,54.689998626708984,55.81999969482422,53.95851516723633,53900
2021-12-07,56.25,57.790000915527344,56.25,57.2599983215332,55.35049819946289,55200
2021-12-08,57.130001068115234,57.189998626708984,56.18000030517578,56.2400016784668,54.36451721191406,55600
2021-12-09,56.22999954223633,56.529998779296875,56.0099983215332,56.040000915527344,54.171180725097656,58300
2021-12-10,56.04999923706055,56.810001373291016,56.04999923706055,56.459999084472656,54.57718276977539,65200
2021-12-13,56.5099983215332,56.630001068115234,55.119998931884766,55.16999816894531,53.33019256591797,101500
2021-12-14,55.0099983215332,55.41999816894531,54.5099983215332,54.849998474121094,53.0208740234375,79800
2021-12-15,54.529998779296875,55.310001373291016,54.13999938964844,55.220001220703125,53.37853240966797,97300
2021-12-16,55.72999954223633,56.02000045776367,54.349998474121094,54.939998626708984,53.10786437988281,95800
2021-12-17,54.439998626708984,55.02000045776367,53.810001373291016,53.880001068115234,52.08321762084961,266700
2021-12-20,53.470001220703125,53.88999938964844,52.86000061035156,53.58000183105469,51.793216705322266,77500
2021-12-21,54.2400016784668,54.529998779296875,53.599998474121094,54.52000045776367,52.701873779296875,118600
2021-12-22,54.29999923706055,55.7599983215332,54.29999923706055,55.70000076293945,53.842525482177734,68100
2021-12-23,55.72999954223633,55.72999954223633,55.22999954223633,55.400001525878906,53.552520751953125,40300
2021-12-27,55.380001068115234,55.849998474121094,55.380001068115234,55.709999084472656,53.85218811035156,18700
2021-12-28,55.54999923706055,55.65999984741211,54.70000076293945,55.560001373291016,53.70719528198242,17100
2021-12-29,55.34000015258789,56.279998779296875,55.34000015258789,56.08000183105469,54.2098388671875,54500
2021-12-30,56.099998474121094,56.209999084472656,55.709999084472656,55.7400016784668,54.00541305541992,28500
2021-12-31,55.45000076293945,56.36000061035156,55.45000076293945,56.25,54.499542236328125,26100
2022-01-03,56.349998474121094,56.349998474121094,55.18000030517578,55.70000076293945,53.96665573120117,27800
2022-01-04,55.7400016784668,55.880001068115234,54.849998474121094,55.2400016784668,53.52097702026367,73900
2022-01-05,55.310001373291016,56.13999938964844,54.900001525878906,54.93000030517578,53.220619201660156,91900
2022-01-06,54.84000015258789,55.4900016784668,54.5,55.380001068115234,53.6566162109375,79000
2022-01-07,55.22999954223633,55.43000030517578,54.43000030517578,54.970001220703125,53.25938034057617,86600
2022-01-10,54.47999954223633,54.63999938964844,52.81999969482422,53.290000915527344,51.63165283203125,61500
2022-01-11,53.16999816894531,53.95000076293945,53.16999816894531,53.93000030517578,52.251731872558594,82400
2022-01-12,54.16999816894531,54.709999084472656,54.16999816894531,54.56999969482422,52.87181854248047,49200
2022-01-13,54.58000183105469,55.189998626708984,54.58000183105469,54.720001220703125,53.017154693603516,46900
2022-01-14,54.529998779296875,54.529998779296875,53.47999954223633,53.869998931884766,52.19361114501953,64600
2022-01-18,53.13999938964844,53.68000030517578,52.7599983215332,53.400001525878906,51.73823547363281,65700
2022-01-19,53.869998931884766,53.869998931884766,52.880001068115234,53.15999984741211,51.50570297241211,75300
2022-01-20,53.20000076293945,53.75,52.90999984741211,52.91999816894531,51.27317428588867,72800
2022-01-21,52.529998779296875,53.029998779296875,52.04999923706055,52.04999923706055,50.43024444580078,65900
2022-01-24,51.439998626708984,52.560001373291016,51.279998779296875,52.43000030517578,50.79841613769531,103000
2022-01-25,51.90999984741211,52.369998931884766,51.099998474121094,51.790000915527344,50.17833709716797,94600
2022-01-26,52.18000030517578,52.66999816894531,51.619998931884766,51.709999084472656,50.100826263427734,80300
2022-01-27,52.09000015258789,52.45000076293945,51.470001220703125,51.54999923706055,49.945796966552734,63100
2022-01-28,51.38999938964844,52.209999084472656,51.040000915527344,52.209999084472656,50.58526611328125,67600
2022-01-31,52.13999938964844,53.25,52.13999938964844,53.04999923706055,51.39912414550781,55500
2022-02-01,53.02000045776367,53.65999984741211,52.43000030517578,53.119998931884766,51.466941833496094,78500
2022-02-02,53.459999084472656,53.880001068115234,53.22999954223633,53.40999984741211,51.7479133605957,80400
2022-02-03,52.97999954223633,53.08000183105469,52.2400016784668,52.310001373291016,50.68215560913086,45600
2022-02-04,52.31999969482422,52.939998626708984,52.15999984741211,52.58000183105469,50.94375228881836,52500
2022-02-07,52.54999923706055,53.290000915527344,52.54999923706055,52.939998626708984,51.29255294799805,55100
2022-02-08,52.75,54.31999969482422,52.630001068115234,54.0099983215332,52.32925033569336,78300
2022-02-09,54.470001220703125,55.290000915527344,54.439998626708984,55.02000045776367,53.30781936645508,85900
2022-02-10,54.38999938964844,55.709999084472656,54.34000015258789,54.5099983215332,52.81368637084961,65000
2022-02-11,54.709999084472656,54.880001068115234,53.08000183105469,53.27000045776367,51.61227798461914,72100
2022-02-14,53.400001525878906,53.400001525878906,52.630001068115234,52.689998626708984,51.05031967163086,72400
2022-02-15,53.130001068115234,53.36000061035156,52.68000030517578,53.040000915527344,51.389434814453125,49100
2022-02-16,52.86000061035156,52.880001068115234,52.380001068115234,52.5,50.866241455078125,37200
2022-02-17,52.34000015258789,52.40999984741211,51.79999923706055,51.83000183105469,50.21708679199219,67800
2022-02-18,51.52000045776367,52.0099983215332,51.33000183105469,51.380001068115234,49.78109359741211,60100
2022-02-22,51.18000030517578,52.029998779296875,51.11000061035156,51.540000915527344,49.93611145019531,75700
2022-02-23,51.97999954223633,52.099998474121094,51.20000076293945,51.2400016784668,49.645450592041016,52200
2022-02-24,53.0099983215332,53.0099983215332,49.08000183105469,51.52000045776367,49.91674041748047,125800
2022-02-25,51.52000045776367,51.52000045776367,49.540000915527344,50.25,48.68625259399414,108100
2022-02-28,49.65999984741211,49.83000183105469,48.34000015258789,49.68000030517578,48.134002685546875,106800
2022-03-01,49.31999969482422,50.09000015258789,48.68000030517578,48.83000183105469,47.31045150756836,61300
2022-03-02,49.20000076293945,50.0099983215332,49.08000183105469,49.61000061035156,48.06617736816406,97700
2022-03-03,49.56999969482422,49.86000061035156,48.869998931884766,49.54999923706055,48.0080451965332,81300
2022-03-04,49.040000915527344,49.4900016784668,48.540000915527344,48.709999084472656,47.19417953491211,64100
2022-03-07,48.45000076293945,49.08000183105469,48.15999984741211,48.31999969482422,46.816322326660156,63800
2022-03-08,48.45000076293945,48.77000045776367,47.70000076293945,47.88999938964844,46.39970016479492,60900
2022-03-09,48.70000076293945,50.29999923706055,48.630001068115234,50.04999923706055,48.492488861083984,96400
2022-03-10,49.68000030517578,50.02000045776367,49.290000915527344,49.97999954223633,48.42466735839844,91300
2022-03-11,50.18000030517578,50.459999084472656,49.650001525878906,49.650001525878906,48.10493087768555,49500
2022-03-14,49.52000045776367,50.0099983215332,49.02000045776367,49.099998474121094,47.57204055786133,79400
2022-03-15,49.02000045776367,49.20000076293945,48.029998779296875,48.5,46.9907112121582,224400
2022-03-16,49.029998779296875,49.72999954223633,48.369998931884766,49.529998779296875,47.9886589050293,183700
2022-03-17,49.45000076293945,50.27000045776367,49.25,50.2599983215332,48.69594192504883,101300
2022-03-18,49.93000030517578,51.119998931884766,49.900001525878906,51.060001373291016,49.47105026245117,465900
2022-03-21,51.040000915527344,51.040000915527344,50.16999816894531,50.81999969482422,49.238521575927734,57400
2022-03-22,50.91999816894531,51.119998931884766,50.59000015258789,50.88999938964844,49.30634689331055,88100
2022-03-23,50.689998626708984,51.38999938964844,50.459999084472656,50.689998626708984,49.11256408691406,62100
2022-03-24,50.650001525878906,50.7400016784668,50.11000061035156,50.38999938964844,48.821903228759766,98800
2022-03-25,50.220001220703125,50.61000061035156,49.650001525878906,50.560001373291016,48.98661422729492,108200
2022-03-28,50.099998474121094,50.779998779296875,50.06999969482422,50.22999954223633,48.6668815612793,69400
2022-03-29,50.66999816894531,51.54999923706055,50.65999984741211,50.849998474121094,49.26758575439453,69900
2022-03-30,50.7599983215332,50.7599983215332,50.43000030517578,50.619998931884766,49.184024810791016,59900
2022-03-31,50.290000915527344,50.709999084472656,50.130001068115234,50.13999938964844,48.71764373779297,42200
2022-04-01,50.209999084472656,50.209999084472656,49.52000045776367,49.630001068115234,48.222110748291016,51800
2022-04-04,49.709999084472656,50.060001373291016,49.560001373291016,49.880001068115234,48.46501159667969,41600
2022-04-05,49.7599983215332,50.36000061035156,49.68000030517578,49.779998779296875,48.367855072021484,105900
2022-04-06,49.47999954223633,49.54999923706055,48.83000183105469,49.209999084472656,47.81402587890625,69400
2022-04-07,49.310001373291016,49.7599983215332,48.93000030517578,49.40999984741211,48.00835418701172,62200
2022-04-08,49.41999816894531,50.09000015258789,49.150001525878906,49.470001220703125,48.066650390625,61800
2022-04-11,49.15999984741211,49.75,49.06999969482422,49.34000015258789,47.940338134765625,45200
2022-04-12,49.72999954223633,50.040000915527344,49.41999816894531,49.68000030517578,48.27069854736328,62300
2022-04-13,49.75,51.099998474121094,49.75,51.099998474121094,49.6504020690918,72500
2022-04-14,51.119998931884766,51.2400016784668,50.41999816894531,50.5099983215332,49.077144622802734,55100
2022-04-18,50.2400016784668,50.380001068115234,48.86000061035156,48.959999084472656,47.57112121582031,104400
2022-04-19,49.220001220703125,49.720001220703125,49.09000015258789,49.61000061035156,48.202674865722656,67400
2022-04-20,49.959999084472656,51.22999954223633,49.849998474121094,50.599998474121094,49.16459655761719,96300
2022-04-21,50.720001220703125,51.09000015258789,49.959999084472656,50.02000045776367,48.60105514526367,81400
2022-04-22,49.849998474121094,49.90999984741211,47.220001220703125,47.25,45.90962219238281,57200
2022-04-25,47.11000061035156,47.650001525878906,46.5099983215332,47.5099983215332,46.1622428894043,57000
2022-04-26,47.33000183105469,47.33000183105469,46.2400016784668,46.33000183105469,45.015724182128906,62900
2022-04-27,46.130001068115234,47.11000061035156,46.130001068115234,46.41999816894531,45.10316848754883,51300
2022-04-28,46.7599983215332,46.95000076293945,46.060001373291016,46.599998474121094,45.2780647277832,76100
2022-04-29,46.68000030517578,46.7599983215332,45.84000015258789,45.88999938964844,44.58820724487305,64400
2022-05-02,45.560001373291016,46.22999954223633,45.099998474121094,45.619998931884766,44.32586669921875,73600
2022-05-03,45.709999084472656,46.54999923706055,45.65999984741211,45.95000076293945,44.64650344848633,91200
2022-05-04,46.060001373291016,46.91999816894531,45.459999084472656,46.83000183105469,45.50154495239258,113500
2022-05-05,46.380001068115234,46.709999084472656,45.20000076293945,45.529998779296875,44.23842239379883,82300
2022-05-06,45.20000076293945,45.560001373291016,44.599998474121094,45.2599983215332,43.97607421875,85500
2022-05-09,44.66999816894531,44.86000061035156,43.439998626708984,43.56999969482422,42.334022521972656,104600
2022-05-10,43.93000030517578,44.29999923706055,43.15999984741211,43.43000030517578,42.19797897338867,122900
2022-05-11,43.459999084472656,44.15999984741211,42.83000183105469,42.849998474121094,41.63444519042969,117800
2022-05-12,42.72999954223633,42.72999954223633,40.91999816894531,41.04999923706055,39.88550567626953,276300
2022-05-13,40.939998626708984,42.900001525878906,40.939998626708984,42.20000076293945,41.00288009643555,147700
2022-05-16,41.88999938964844,43.220001220703125,41.72999954223633,43.15999984741211,41.93564224243164,109400
2022-05-17,43.790000915527344,44.11000061035156,43.29999923706055,44.09000015258789,42.83926773071289,93400
2022-05-18,44.029998779296875,44.459999084472656,43.060001373291016,43.2400016784668,42.01338195800781,154600
2022-05-19,42.939998626708984,44.709999084472656,42.939998626708984,44.349998474121094,43.091888427734375,71100
2022-05-20,44.5,44.650001525878906,43.83000183105469,44.40999984741211,43.15018844604492,73500
2022-05-23,44.779998779296875,44.779998779296875,44.22999954223633,44.45000076293945,43.189056396484375,31600
2022-05-24,44.20000076293945,44.20000076293945,43.43000030517578,43.86000061035156,42.615787506103516,76600
2022-05-25,43.75,44.56999969482422,43.619998931884766,44.15999984741211,42.907283782958984,170800
2022-05-26,44.13999938964844,44.439998626708984,43.88999938964844,44.290000915527344,43.03358840942383,52000
2022-05-27,44.36000061035156,45.380001068115234,44.36000061035156,45.27000045776367,43.985801696777344,52600
2022-05-31,45.34000015258789,45.61000061035156,45.08000183105469,45.400001525878906,44.11211395263672,79400
2022-06-01,45.56999969482422,46.90999984741211,45.56999969482422,46.599998474121094,45.2780647277832,110700
2022-06-02,46.599998474121094,47.91999816894531,46.52000045776367,47.83000183105469,46.47317123413086,65900
2022-06-03,47.59000015258789,48.290000915527344,47.52000045776367,47.75,46.395442962646484,71100
2022-06-06,48.08000183105469,48.08000183105469,46.40999984741211,46.45000076293945,45.132320404052734,85300
2022-06-07,46.029998779296875,47.189998626708984,46.029998779296875,47.119998931884766,45.7833137512207,76500
2022-06-08,46.970001220703125,47.18000030517578,46.41999816894531,46.720001220703125,45.39466857910156,58000
2022-06-09,46.369998931884766,46.689998626708984,45.709999084472656,45.709999084472656,44.4133186340332,51600
2022-06-10,45.0,45.06999969482422,44.0,44.08000183105469,42.82954788208008,96500
2022-06-13,43.290000915527344,44.22999954223633,42.90999984741211,43.81999969482422,42.57692337036133,78000
2022-06-14,43.83000183105469,43.83000183105469,43.0,43.15999984741211,41.93564224243164,70300
2022-06-15,43.06999969482422,43.939998626708984,42.83000183105469,43.5099983215332,42.27571487426758,96400
2022-06-16,42.900001525878906,42.900001525878906,41.689998626708984,41.779998779296875,40.59479904174805,73300
2022-06-17,41.7400016784668,42.380001068115234,41.31999969482422,42.02000045776367,40.82798385620117,115600
2022-06-21,42.119998931884766,42.56999969482422,42.02000045776367,42.310001373291016,41.109764099121094,74600
2022-06-22,41.939998626708984,42.88999938964844,41.84000015258789,42.709999084472656,41.498409271240234,101900
2022-06-23,42.58000183105469,42.79999923706055,42.2599983215332,42.59000015258789,41.3818244934082,72200
2022-06-24,42.61000061035156,43.47999954223633,42.61000061035156,43.47999954223633,42.24657440185547,112700
2022-06-27,43.29999923706055,43.97999954223633,43.29999923706055,43.470001220703125,42.23685073852539,57400
2022-06-28,43.310001373291016,44.060001373291016,43.290000915527344,43.869998931884766,42.62550735473633,156900
2022-06-29,43.70000076293945,43.959999084472656,43.119998931884766,43.56999969482422,42.46955108642578,60900
2022-06-30,43.20000076293945,43.88999938964844,43.02000045776367,43.790000915527344,42.68399429321289,74300
2022-07-01,43.7599983215332,44.189998626708984,43.349998474121094,44.08000183105469,42.96666717529297,33300
2022-07-05,43.43000030517578,43.599998474121094,42.83000183105469,43.599998474121094,42.4987907409668,52300
2022-07-06,43.779998779296875,43.900001525878906,43.02000045776367,43.65999984741211,42.55727767944336,66300
2022-07-07,44.029998779296875,45.13999938964844,43.88999938964844,45.040000915527344,43.90242385864258,63300
2022-07-08,44.970001220703125,45.27000045776367,44.72999954223633,45.130001068115234,43.990150451660156,42900
2022-07-11,45.040000915527344,45.040000915527344,44.380001068115234,44.66999816894531,43.54176330566406,41600
2022-07-12,44.880001068115234,44.880001068115234,43.939998626708984,44.06999969482422,42.95691680908203,41400
2022-07-13,43.72999954223633,43.81999969482422,43.20000076293945,43.689998626708984,42.586517333984375,40700
2022-07-14,43.06999969482422,43.52000045776367,42.7400016784668,43.349998474121094,42.255104064941406,62200
2022-07-15,43.540000915527344,44.04999923706055,43.310001373291016,43.689998626708984,42.586517333984375,57300
2022-07-18,44.38999938964844,44.66999816894531,43.95000076293945,44.16999816894531,43.05438995361328,53200
2022-07-19,44.369998931884766,45.900001525878906,44.369998931884766,45.720001220703125,44.56525421142578,66300
2022-07-20,45.7599983215332,46.29999923706055,45.7599983215332,46.25,45.08185958862305,40700
2022-07-21,45.66999816894531,46.79999923706055,45.66999816894531,46.75,45.56923294067383,40500
2022-07-22,46.959999084472656,47.27000045776367,46.56999969482422,46.81999969482422,45.6374626159668,50300
2022-07-25,46.7599983215332,47.529998779296875,46.7599983215332,47.33000183105469,46.13459014892578,35500
2022-07-26,47.150001525878906,47.5099983215332,47.08000183105469,47.349998474121094,46.15407943725586,19800
2022-07-27,47.400001525878906,48.5,47.400001525878906,48.33000183105469,47.10932922363281,51700
2022-07-28,48.20000076293945,48.630001068115234,48.13999938964844,48.52000045776367,47.294525146484375,41200
2022-07-29,48.38999938964844,49.83000183105469,48.38999938964844,49.400001525878906,48.15230941772461,43600
2022-08-01,48.91999816894531,49.130001068115234,48.7599983215332,49.0,47.76240921020508,22200
2022-08-02,48.70000076293945,48.93000030517578,47.720001220703125,47.84000015258789,46.6317024230957,41800
2022-08-03,48.099998474121094,48.099998474121094,47.18000030517578,47.81999969482422,46.61220932006836,40200
2022-08-04,47.54999923706055,49.16999816894531,47.54999923706055,48.9900016784668,47.75267028808594,128600
2022-08-05,48.4900016784668,48.4900016784668,47.279998779296875,48.029998779296875,46.8169059753418,32600
2022-08-08,48.08000183105469,48.47999954223633,48.0,48.2400016784668,47.02159881591797,68000
2022-08-09,48.25,48.41999816894531,47.09000015258789,47.099998474121094,45.91039276123047,86700
2022-08-10,47.81999969482422,48.849998474121094,47.81999969482422,48.65999984741211,47.430992126464844,113600
2022-08-11,49.40999984741211,51.08000183105469,48.43000030517578,48.66999816894531,47.440738677978516,219900
2022-08-12,49.09000015258789,50.970001220703125,49.060001373291016,50.849998474121094,49.56568908691406,135700
2022-08-15,50.619998931884766,50.619998931884766,49.439998626708984,50.20000076293945,48.93209457397461,72500
2022-08-16,50.16999816894531,50.43000030517578,49.91999816894531,50.349998474121094,49.078311920166016,52900
2022-08-17,49.709999084472656,51.220001220703125,49.709999084472656,50.790000915527344,49.5071907043457,72800
2022-08-18,50.66999816894531,51.22999954223633,50.29999923706055,51.130001068115234,49.83860778808594,65900
2022-08-19,50.619998931884766,51.369998931884766,50.41999816894531,50.61000061035156,49.33174133300781,80000
2022-08-22,50.61000061035156,50.61000061035156,49.04999923706055,49.279998779296875,48.03533172607422,99300
2022-08-23,49.02000045776367,49.81999969482422,49.02000045776367,49.380001068115234,48.132808685302734,115300
2022-08-24,49.08000183105469,49.650001525878906,49.08000183105469,49.34000015258789,48.09381103515625,70400
2022-08-25,49.47999954223633,49.84000015258789,49.20000076293945,49.84000015258789,48.5811882019043,56900
2022-08-26,49.689998626708984,49.689998626708984,48.349998474121094,48.5,47.2750358581543,42900
2022-08-29,48.40999984741211,48.810001373291016,48.11000061035156,48.619998931884766,47.392005920410156,54300
2022-08-30,48.779998779296875,48.90999984741211,47.47999954223633,47.63999938964844,46.4367561340332,86200
2022-08-31,47.0,47.84000015258789,47.0,47.439998626708984,46.24180603027344,74200
2022-09-01,47.369998931884766,47.369998931884766,46.15999984741211,46.790000915527344,45.60822677612305,50500
2022-09-02,47.279998779296875,47.54999923706055,46.63999938964844,46.79999923706055,45.61796951293945,53400
2022-09-06,46.66999816894531,47.349998474121094,46.66999816894531,46.79999923706055,45.61796951293945,57800
2022-09-07,46.7599983215332,47.77000045776367,46.66999816894531,47.540000915527344,46.33928680419922,40800
2022-09-08,47.209999084472656,48.02000045776367,47.04999923706055,47.959999084472656,46.74867248535156,46800
2022-09-09,48.310001373291016,49.130001068115234,48.310001373291016,49.130001068115234,47.889122009277344,38200
2022-09-12,49.029998779296875,49.689998626708984,49.029998779296875,49.349998474121094,48.10356140136719,53900
2022-09-13,48.7400016784668,48.81999969482422,48.060001373291016,48.220001220703125,47.002113342285156,59800
2022-09-14,48.15999984741211,48.34000015258789,47.52000045776367,47.810001373291016,46.60246276855469,55000
2022-09-15,47.650001525878906,48.5,47.599998474121094,48.41999816894531,47.197052001953125,122100
2022-09-16,47.720001220703125,47.720001220703125,46.540000915527344,47.040000915527344,45.85190963745117,133100
2022-09-19,46.650001525878906,47.560001373291016,46.650001525878906,47.5,46.30029296875,110400
2022-09-20,46.880001068115234,47.029998779296875,46.18000030517578,46.560001373291016,45.384037017822266,43500
2022-09-21,46.59000015258789,46.970001220703125,45.9900016784668,46.0099983215332,44.847930908203125,30200
2022-09-22,45.86000061035156,45.88999938964844,44.20000076293945,44.689998626708984,43.56126022338867,68600
2022-09-23,44.029998779296875,44.029998779296875,43.439998626708984,43.689998626708984,42.586517333984375,53900
2022-09-26,43.279998779296875,44.15999984741211,43.279998779296875,43.84000015258789,42.73272705078125,67100
2022-09-27,44.02000045776367,44.47999954223633,43.150001525878906,43.2400016784668,42.14788055419922,91200
2022-09-28,43.130001068115234,44.56999969482422,43.040000915527344,44.349998474121094,43.36121368408203,58200
2022-09-29,43.88999938964844,44.0,43.400001525878906,43.93000030517578,42.95057678222656,32400
2022-09-30,44.25,44.4900016784668,43.810001373291016,43.83000183105469,42.85281753540039,52600
2022-10-03,44.189998626708984,46.2400016784668,44.06999969482422,45.91999816894531,44.89620590209961,89400
2022-10-04,46.560001373291016,48.72999954223633,46.560001373291016,48.70000076293945,47.614234924316406,92500
2022-10-05,48.08000183105469,48.290000915527344,47.439998626708984,48.11000061035156,47.037384033203125,76000
2022-10-06,47.91999816894531,47.91999816894531,46.060001373291016,46.15999984741211,45.130863189697266,140300
2022-10-07,45.88999938964844,46.380001068115234,45.540000915527344,45.7400016784668,44.72023391723633,98900
2022-10-10,45.90999984741211,46.150001525878906,45.400001525878906,45.7400016784668,44.72023391723633,33100
2022-10-11,45.400001525878906,46.099998474121094,44.90999984741211,45.459999084472656,44.446468353271484,185500
2022-10-12,45.599998474121094,45.84000015258789,45.0,45.08000183105469,44.07494354248047,109800
2022-10-13,44.2400016784668,46.61000061035156,44.189998626708984,46.27000045776367,45.238407135009766,116900
2022-10-14,46.439998626708984,46.7599983215332,45.060001373291016,45.099998474121094,44.09449005126953,78600
2022-10-17,45.7599983215332,46.38999938964844,45.7599983215332,46.22999954223633,45.19929504394531,135500
2022-10-18,47.599998474121094,47.599998474121094,46.4900016784668,46.90999984741211,45.86414337158203,207000
2022-10-19,46.40999984741211,46.83000183105469,45.34000015258789,46.18000030517578,45.15041732788086,125200
2022-10-20,46.41999816894531,46.720001220703125,45.66999816894531,45.72999954223633,44.710445404052734,106800
2022-10-21,45.45000076293945,46.779998779296875,45.209999084472656,46.56999969482422,45.5317268371582,93700
2022-10-24,46.7400016784668,47.220001220703125,46.22999954223633,47.16999816894531,46.118343353271484,100400
2022-10-25,47.02000045776367,48.52000045776367,47.02000045776367,48.5099983215332,47.428462982177734,63100
2022-10-26,48.459999084472656,49.4900016784668,48.40999984741211,49.31999969482422,48.22040939331055,88300
2022-10-27,49.31999969482422,49.75,49.130001068115234,49.52000045776367,48.415958404541016,66900
2022-10-28,49.5,50.189998626708984,49.27000045776367,49.939998626708984,48.82658004760742,67000
2022-10-31,49.439998626708984,49.5,48.689998626708984,48.91999816894531,47.82931900024414,89600
2022-11-01,49.18000030517578,49.66999816894531,48.75,48.939998626708984,47.848880767822266,67300
2022-11-02,48.650001525878906,48.849998474121094,47.13999938964844,47.189998626708984,46.13788986206055,102900
2022-11-03,46.58000183105469,47.560001373291016,46.58000183105469,47.310001373291016,46.25522232055664,58700
2022-11-04,48.41999816894531,48.540000915527344,47.91999816894531,48.349998474121094,47.272029876708984,44200
2022-11-07,48.25,49.689998626708984,48.25,49.31999969482422,48.22040939331055,125300
2022-11-08,49.22999954223633,49.779998779296875,48.52000045776367,49.119998931884766,48.024864196777344,71700
2022-11-09,48.63999938964844,49.279998779296875,48.09000015258789,48.13999938964844,47.06671905517578,82900
2022-11-10,49.869998931884766,50.77000045776367,49.869998931884766,50.77000045776367,49.63807678222656,78500
2022-11-11,49.40999984741211,51.20000076293945,48.279998779296875,49.529998779296875,48.42572784423828,298500
2022-11-14,49.56999969482422,51.38999938964844,49.56999969482422,50.45000076293945,49.32521057128906,120800
2022-11-15,51.20000076293945,51.20000076293945,49.189998626708984,50.08000183105469,48.963462829589844,113900
2022-11-16,49.77000045776367,50.099998474121094,49.119998931884766,49.58000183105469,48.474613189697266,70800
2022-11-17,49.11000061035156,49.939998626708984,49.06999969482422,49.5099983215332,48.40616989135742,81900
2022-11-18,49.7400016784668,49.9900016784668,49.45000076293945,49.68000030517578,48.572383880615234,43900
2022-11-21,49.29999923706055,50.16999816894531,49.20000076293945,50.0099983215332,48.895023345947266,46600
2022-11-22,50.400001525878906,50.790000915527344,50.15999984741211,50.59000015258789,49.462093353271484,88600
2022-11-23,50.47999954223633,51.15999984741211,50.45000076293945,50.93000030517578,49.794517517089844,53300
2022-11-25,50.7400016784668,51.029998779296875,50.7400016784668,50.970001220703125,49.833621978759766,18800
2022-11-28,50.2599983215332,50.599998474121094,49.779998779296875,50.0,48.885257720947266,82900
2022-11-29,49.93000030517578,49.93000030517578,48.63999938964844,48.849998474121094,47.760894775390625,54200
2022-11-30,49.150001525878906,49.56999969482422,48.7400016784668,49.470001220703125,48.3670654296875,121100
2022-12-01,49.65999984741211,49.83000183105469,49.150001525878906,49.540000915527344,48.43550491333008,93100
2022-12-02,49.13999938964844,50.61000061035156,49.13999938964844,50.25,49.12967300415039,51000
2022-12-05,49.93000030517578,50.08000183105469,48.95000076293945,49.040000915527344,47.9466552734375,49200
2022-12-06,48.7599983215332,48.7599983215332,48.189998626708984,48.27000045776367,47.193824768066406,33800
2022-12-07,48.099998474121094,49.310001373291016,48.099998474121094,48.79999923706055,47.712005615234375,59100
2022-12-08,48.83000183105469,49.220001220703125,48.45000076293945,48.560001373291016,47.477352142333984,46600
2022-12-09,48.29999923706055,49.0099983215332,48.29999923706055,48.439998626708984,47.360023498535156,81300
2022-12-12,48.59000015258789,49.0099983215332,48.47999954223633,48.97999954223633,47.88798904418945,90900
2022-12-13,49.86000061035156,50.5,49.77000045776367,50.0,48.885257720947266,50300
2022-12-14,49.779998779296875,50.18000030517578,49.34000015258789,49.61000061035156,48.503944396972656,46300
2022-12-15,48.900001525878906,49.13999938964844,48.2599983215332,48.56999969482422,47.48712921142578,54500
2022-12-16,48.27000045776367,48.59000015258789,48.029998779296875,48.2599983215332,47.18404769897461,90800
2022-12-19,47.900001525878906,48.31999969482422,47.06999969482422,47.11000061035156,46.05968475341797,51300
2022-12-20,47.02000045776367,47.77000045776367,46.900001525878906,47.400001525878906,46.34321975708008,57500
2022-12-21,47.81999969482422,47.81999969482422,47.099998474121094,47.43000030517578,46.37254333496094,50800
2022-12-22,47.02000045776367,47.099998474121094,46.349998474121094,46.849998474121094,45.80547332763672,64400
2022-12-23,46.7400016784668,47.119998931884766,46.65999984741211,47.11000061035156,46.05968475341797,25800
2022-12-27,46.86000061035156,47.290000915527344,46.63999938964844,47.130001068115234,46.07924270629883,21200
2022-12-28,47.0099983215332,47.880001068115234,46.88999938964844,46.959999084472656,45.91302490234375,42700
2022-12-29,47.08000183105469,47.7599983215332,47.08000183105469,47.61000061035156,46.679744720458984,35500
2022-12-30,47.130001068115234,48.279998779296875,47.130001068115234,47.939998626708984,47.003292083740234,63800
2023-01-03,47.650001525878906,48.220001220703125,47.529998779296875,47.81999969482422,46.88563537597656,53600
2023-01-04,48.040000915527344,48.81999969482422,48.040000915527344,48.58000183105469,47.63079833984375,37200
2023-01-05,48.119998931884766,48.599998474121094,47.81999969482422,47.88999938964844,46.95427322387695,49900
2023-01-06,48.43000030517578,49.380001068115234,48.2400016784668,49.369998931884766,48.405357360839844,34900
2023-01-09,49.380001068115234,50.0099983215332,49.220001220703125,49.369998931884766,48.405357360839844,31300
2023-01-10,49.27000045776367,50.7599983215332,49.27000045776367,50.380001068115234,49.39562225341797,69900
2023-01-11,50.709999084472656,51.7599983215332,50.61000061035156,51.349998474121094,50.34666061401367,85400
2023-01-12,51.58000183105469,51.810001373291016,51.22999954223633,51.68000030517578,50.67021942138672,50500
2023-01-13,51.2599983215332,51.7400016784668,51.2599983215332,51.720001220703125,50.70943832397461,46000
2023-01-17,51.65999984741211,52.06999969482422,51.54999923706055,51.66999816894531,50.66041564941406,52900
2023-01-18,52.709999084472656,52.709999084472656,50.90999984741211,51.06999969482422,50.0721435546875,47900
2023-01-19,50.880001068115234,51.060001373291016,50.66999816894531,50.70000076293945,49.70936965942383,26700
2023-01-20,50.779998779296875,51.5,50.560001373291016,51.45000076293945,50.44471740722656,67200
2023-01-23,51.2400016784668,51.54999923706055,51.09000015258789,51.2599983215332,50.2584228515625,30000
2023-01-24,50.939998626708984,51.84000015258789,50.939998626708984,51.5,50.493743896484375,98000
2023-01-25,51.08000183105469,51.31999969482422,50.7400016784668,50.810001373291016,49.817222595214844,54500
2023-01-26,50.84000015258789,51.27000045776367,50.84000015258789,51.20000076293945,50.19960021972656,25200
2023-01-27,51.439998626708984,51.869998931884766,51.18000030517578,51.61000061035156,50.601593017578125,35800
2023-01-30,51.41999816894531,52.279998779296875,51.310001373291016,51.400001525878906,50.395694732666016,46100
2023-01-31,51.439998626708984,52.31999969482422,51.380001068115234,52.15999984741211,51.140846252441406,77700
2023-02-01,51.810001373291016,53.18000030517578,51.810001373291016,53.0099983215332,51.9742317199707,100900
2023-02-02,53.029998779296875,53.650001525878906,52.90999984741211,53.470001220703125,52.42525100708008,63000
2023-02-03,52.83000183105469,53.439998626708984,52.77000045776367,53.130001068115234,52.091888427734375,57100
2023-02-06,52.790000915527344,52.88999938964844,52.540000915527344,52.79999923706055,51.768341064453125,43600
2023-02-07,52.400001525878906,52.900001525878906,52.290000915527344,52.66999816894531,51.640872955322266,46200
2023-02-08,52.209999084472656,52.70000076293945,52.209999084472656,52.599998474121094,51.57225036621094,36900
2023-02-09,52.88999938964844,53.06999969482422,51.95000076293945,52.459999084472656,51.434974670410156,51500
2023-02-10,52.439998626708984,53.099998474121094,52.349998474121094,53.060001373291016,52.023258209228516,45700
2023-02-13,52.79999923706055,53.77000045776367,52.79999923706055,53.369998931884766,52.32719802856445,37600
2023-02-14,53.22999954223633,53.79999923706055,53.11000061035156,53.38999938964844,52.34680938720703,30500
2023-02-15,53.040000915527344,53.650001525878906,53.02000045776367,53.400001525878906,52.35660934448242,28100
2023-02-16,53.099998474121094,53.56999969482422,52.869998931884766,53.20000076293945,52.160526275634766,29900
2023-02-17,53.25,53.599998474121094,53.029998779296875,53.33000183105469,52.28798294067383,39000
2023-02-21,52.869998931884766,53.34000015258789,52.75,52.939998626708984,51.905601501464844,65600
2023-02-22,52.970001220703125,53.34000015258789,52.25,52.380001068115234,51.356544494628906,57600
2023-02-23,55.0,61.61000061035156,54.650001525878906,57.29999923706055,56.1804084777832,236700
2023-02-24,57.27000045776367,58.33000183105469,56.31999969482422,58.2599983215332,57.12165451049805,108200
2023-02-27,58.4900016784668,58.63999938964844,56.81999969482422,58.459999084472656,57.317745208740234,84500
2023-02-28,58.41999816894531,58.7400016784668,58.02000045776367,58.02000045776367,56.8863410949707,93600
2023-03-01,57.7400016784668,58.61000061035156,57.4900016784668,58.060001373291016,56.92556381225586,72600
2023-03-02,57.61000061035156,58.349998474121094,57.61000061035156,58.279998779296875,57.14126205444336,62900
2023-03-03,58.27000045776367,58.79999923706055,57.83000183105469,58.77000045776367,57.62168884277344,106100
2023-03-06,58.5,59.11000061035156,58.16999816894531,58.2599983215332,57.12165451049805,66200
2023-03-07,58.16999816894531,58.61000061035156,57.9900016784668,58.400001525878906,57.25891876220703,82200
2023-03-08,58.220001220703125,58.59000015258789,57.790000915527344,58.29999923706055,57.16088104248047,121900
2023-03-09,58.4900016784668,58.58000183105469,57.59000015258789,57.599998474121094,56.47454833984375,65200
2023-03-10,57.5099983215332,57.779998779296875,56.5,56.70000076293945,55.59213638305664,75900
2023-03-13,56.060001373291016,57.52000045776367,56.060001373291016,57.369998931884766,56.24904251098633,133800
2023-03-14,57.72999954223633,57.97999954223633,57.369998931884766,57.790000915527344,56.66083908081055,101400
2023-03-15,57.11000061035156,57.36000061035156,56.5099983215332,57.22999954223633,56.11178207397461,155700
2023-03-16,57.02000045776367,57.81999969482422,56.79999923706055,57.5,56.37649917602539,141200
2023-03-17,57.099998474121094,57.400001525878906,56.75,57.029998779296875,55.915687561035156,396100
2023-03-20,57.290000915527344,57.81999969482422,57.02000045776367,57.61000061035156,56.48435592651367,74600
2023-03-21,57.959999084472656,58.060001373291016,55.790000915527344,56.540000915527344,55.43526077270508,172900
2023-03-22,56.5099983215332,56.709999084472656,55.880001068115234,55.88999938964844,54.7979621887207,73300
2023-03-23,56.04999923706055,56.4900016784668,55.54999923706055,55.75,54.66069412231445,90200
2023-03-24,55.11000061035156,55.58000183105469,54.900001525878906,55.310001373291016,54.22929763793945,110600
2023-03-27,55.880001068115234,55.880001068115234,54.9900016784668,55.529998779296875,54.44498825073242,101800
2023-03-28,55.79999923706055,56.81999969482422,55.43000030517578,56.70000076293945,55.59213638305664,93800
2023-03-29,56.93000030517578,57.130001068115234,56.369998931884766,57.130001068115234,56.013729095458984,71200
2023-03-30,57.54999923706055,58.41999816894531,57.310001373291016,58.369998931884766,57.374122619628906,86900
2023-03-31,58.68000030517578,58.68000030517578,58.0099983215332,58.40999984741211,57.41343307495117,66800
2023-04-03,58.40999984741211,58.9900016784668,58.40999984741211,58.83000183105469,57.82627487182617,57400
2023-04-04,58.95000076293945,58.970001220703125,58.02000045776367,58.43000030517578,57.4330940246582,81200
2023-04-05,58.52000045776367,58.77000045776367,57.45000076293945,57.810001373291016,56.823673248291016,141400
2023-04-06,57.79999923706055,57.959999084472656,57.40999984741211,57.689998626708984,56.705718994140625,73200
2023-04-10,57.25,58.529998779296875,57.25,58.52000045776367,57.52156066894531,44600
2023-04-11,58.400001525878906,58.779998779296875,57.939998626708984,58.27000045776367,57.27582550048828,52200
2023-04-12,58.54999923706055,59.130001068115234,58.54999923706055,58.959999084472656,57.95405197143555,52300
2023-04-13,59.040000915527344,59.5,58.91999816894531,59.380001068115234,58.36688995361328,34200
2023-04-14,59.349998474121094,59.65999984741211,58.9900016784668,59.16999816894531,58.16047286987305,60700
2023-04-17,59.119998931884766,59.93000030517578,59.119998931884766,59.61000061035156,58.59296417236328,55600
2023-04-18,59.959999084472656,59.970001220703125,59.099998474121094,59.290000915527344,58.27842712402344,44200
2023-04-19,59.09000015258789,59.38999938964844,58.93000030517578,59.060001373291016,58.052345275878906,36200
2023-04-20,59.0,60.560001373291016,59.0,60.2599983215332,59.23188018798828,74600
2023-04-21,60.22999954223633,60.529998779296875,59.959999084472656,60.4900016784668,59.45794677734375,89000
2023-04-24,60.380001068115234,60.959999084472656,60.34000015258789,60.47999954223633,59.4481201171875,63100
2023-04-25,60.040000915527344,60.040000915527344,59.439998626708984,59.4900016784668,58.47501754760742,33400
2023-04-26,59.4900016784668,59.68000030517578,59.029998779296875,59.18000030517578,58.1702995300293,39700
2023-04-27,59.310001373291016,59.70000076293945,59.08000183105469,59.619998931884766,58.60279083251953,35700
2023-04-28,59.709999084472656,60.290000915527344,59.52000045776367,60.04999923706055,59.02545928955078,57000
2023-05-01,59.90999984741211,60.70000076293945,59.90999984741211,60.380001068115234,59.34982681274414,71500
2023-05-02,60.459999084472656,60.5,60.060001373291016,60.25,59.222042083740234,80000
2023-05-03,60.439998626708984,61.459999084472656,60.439998626708984,61.11000061035156,60.0673713684082,41000
2023-05-04,61.13999938964844,61.29999923706055,60.310001373291016,60.310001373291016,59.28102111816406,54700
2023-05-05,60.5099983215332,61.189998626708984,60.5099983215332,60.91999816894531,59.880611419677734,43800
2023-05-08,61.130001068115234,61.630001068115234,60.900001525878906,61.119998931884766,60.07720184326172,50200
2023-05-09,60.9900016784668,61.34000015258789,60.619998931884766,61.29999923706055,60.25413131713867,49800
2023-05-10,61.779998779296875,62.310001373291016,60.880001068115234,61.849998474121094,60.79473876953125,75200
2023-05-11,60.0,61.4900016784668,58.56999969482422,59.150001525878906,58.14080810546875,142200
2023-05-12,58.060001373291016,58.59000015258789,57.31999969482422,58.15999984741211,57.16769790649414,100100
2023-05-15,58.0,58.779998779296875,58.0,58.56999969482422,57.57070541381836,72900
2023-05-16,58.52000045776367,58.58000183105469,57.97999954223633,58.290000915527344,57.29549026489258,56900
2023-05-17,58.290000915527344,58.70000076293945,58.119998931884766,58.43000030517578,57.4330940246582,48100
2023-05-18,58.209999084472656,58.380001068115234,57.90999984741211,58.369998931884766,57.374122619628906,54400
2023-05-19,58.720001220703125,58.959999084472656,58.470001220703125,58.790000915527344,57.78695297241211,48400
2023-05-22,58.779998779296875,58.84000015258789,58.5099983215332,58.599998474121094,57.60019302368164,20200
2023-05-23,58.29999923706055,58.650001525878906,57.529998779296875,57.529998779296875,56.54845428466797,39500
2023-05-24,57.38999938964844,57.40999984741211,56.61000061035156,56.77000045776367,55.80141830444336,79500
2023-05-25,56.54999923706055,57.0,56.4900016784668,56.7400016784668,55.77193069458008,51000
2023-05-26,56.70000076293945,58.119998931884766,56.70000076293945,58.040000915527344,57.049747467041016,49400
2023-05-30,58.09000015258789,58.619998931884766,57.720001220703125,57.790000915527344,56.80401611328125,65400
2023-05-31,57.79999923706055,58.09000015258789,57.459999084472656,57.83000183105469,56.84333038330078,58000
2023-06-01,58.060001373291016,58.88999938964844,57.77000045776367,58.72999954223633,57.72798156738281,37000
2023-06-02,59.11000061035156,60.650001525878906,59.11000061035156,60.54999923706055,59.516929626464844,46800
2023-06-05,60.369998931884766,60.90999984741211,60.08000183105469,60.83000183105469,59.792152404785156,28500
2023-06-06,60.88999938964844,62.349998474121094,60.88999938964844,61.900001525878906,60.843894958496094,84600
2023-06-07,61.880001068115234,62.599998474121094,61.61000061035156,61.939998626708984,60.883209228515625,65200
2023-06-08,62.0,62.369998931884766,61.810001373291016,62.15999984741211,61.09946060180664,50200
2023-06-09,62.0,62.65999984741211,60.720001220703125,60.9900016784668,59.94941711425781,63300
2023-06-12,61.099998474121094,61.720001220703125,60.97999954223633,61.54999923706055,60.49986267089844,44300
2023-06-13,61.880001068115234,62.650001525878906,61.849998474121094,62.209999084472656,61.148597717285156,92300
2023-06-14,62.08000183105469,63.02000045776367,62.08000183105469,62.849998474121094,61.777687072753906,100700
2023-06-15,62.59000015258789,63.75,62.369998931884766,63.68000030517578,62.593528747558594,76200
2023-06-16,63.90999984741211,64.2300033569336,63.279998779296875,63.72999954223633,62.642669677734375,106400
2023-06-20,62.779998779296875,63.5099983215332,62.459999084472656,63.13999938964844,62.062740325927734,78300
2023-06-21,62.790000915527344,63.650001525878906,62.72999954223633,63.290000915527344,62.21017837524414,60500
2023-06-22,63.08000183105469,63.66999816894531,63.060001373291016,63.43000030517578,62.34779357910156,42100
2023-06-23,62.95000076293945,62.95000076293945,62.369998931884766,62.86000061035156,61.787513732910156,53100
2023-06-26,62.72999954223633,63.400001525878906,62.61000061035156,63.08000183105469,62.00375747680664,40800
2023-06-27,63.08000183105469,63.599998474121094,63.0099983215332,63.59000015258789,62.50505828857422,64600
2023-06-28,63.400001525878906,63.790000915527344,63.20000076293945,63.70000076293945,62.613182067871094,50000
2023-06-29,63.119998931884766,64.20999908447266,63.119998931884766,64.08000183105469,63.13239288330078,140200
2023-06-30,64.48999786376953,65.41999816894531,64.2300033569336,65.22000122070312,64.25553894042969,71300
2023-07-03,64.9800033569336,64.9800033569336,64.44999694824219,64.8499984741211,63.8910026550293,28900
2023-07-05,64.8499984741211,65.47000122070312,64.58000183105469,65.4000015258789,64.43286895751953,75100
2023-07-06,65.05999755859375,66.04000091552734,65.05999755859375,65.2300033569336,64.26537322998047,117700
2023-07-07,65.5,65.80000305175781,65.23999786376953,65.37999725341797,64.41316223144531,66700
2023-07-10,65.37000274658203,66.2300033569336,65.16999816894531,65.6500015258789,64.67916870117188,55400
2023-07-11,65.80000305175781,66.37000274658203,65.51000213623047,66.33999633789062,65.35897064208984,48500
2023-07-12,66.94000244140625,67.61000061035156,66.68000030517578,67.05999755859375,66.06831359863281,62900
2023-07-13,67.13999938964844,67.13999938964844,66.11000061035156,66.5999984741211,65.61511993408203,54900
2023-07-14,66.5,67.91000366210938,66.5,67.80999755859375,66.80722045898438,64800
2023-07-17,67.97000122070312,68.19999694824219,66.97000122070312,68.01000213623047,67.00428009033203,61400
2023-07-18,68.4800033569336,68.88999938964844,68.01000213623047,68.73999786376953,67.72348022460938,48700
2023-07-19,69.0,69.0199966430664,68.05000305175781,68.45999908447266,67.44762420654297,84500
2023-07-20,68.70999908447266,68.83999633789062,67.29000091552734,67.4800033569336,66.48211669921875,96300
2023-07-21,67.81999969482422,67.9000015258789,67.08000183105469,67.11000061035156,66.1175765991211,66200
2023-07-24,67.20999908447266,67.47000122070312,66.9000015258789,67.20999908447266,66.21610260009766,55900
2023-07-25,66.94999694824219,67.43000030517578,66.94999694824219,67.27999877929688,66.2850570678711,72000
2023-07-26,67.16000366210938,67.69000244140625,66.83000183105469,67.12999725341797,66.13728332519531,62900
2023-07-27,67.51000213623047,67.54000091552734,66.83999633789062,67.01000213623047,66.01905822753906,81900
2023-07-28,67.11000061035156,67.77999877929688,67.11000061035156,67.48999786376953,66.4919662475586,39600
2023-07-31,67.37000274658203,68.16000366210938,67.37000274658203,67.69999694824219,66.69884490966797,69800
2023-08-01,67.5,67.54000091552734,67.19000244140625,67.27999877929688,66.2850570678711,39600
2023-08-02,67.06999969482422,67.08000183105469,66.2300033569336,66.30000305175781,65.31956481933594,48500
2023-08-03,66.38999938964844,66.38999938964844,65.58999633789062,66.16000366210938,65.181640625,63200
2023-08-04,66.0999984741211,67.95999908447266,66.0999984741211,67.6500015258789,66.64959716796875,84600
2023-08-07,67.58000183105469,67.69000244140625,67.0,67.2699966430664,66.27521514892578,15800
2023-08-08,66.83000183105469,67.19000244140625,65.61000061035156,66.91000366210938,65.92054748535156,72100
2023-08-09,66.77999877929688,67.37000274658203,66.16000366210938,66.55999755859375,65.57571411132812,67400
2023-08-10,64.9800033569336,65.8499984741211,62.75,65.22000122070312,64.25553894042969,203600
2023-08-11,65.38999938964844,67.02999877929688,65.22000122070312,66.68000030517578,65.69393920898438,124800
2023-08-14,66.19999694824219,67.1500015258789,66.16000366210938,66.44999694824219,65.46734619140625,54700
2023-08-15,66.0,67.11000061035156,66.0,66.37000274658203,65.38851928710938,64700
2023-08-16,66.69999694824219,67.80999755859375,66.63999938964844,67.02999877929688,66.03875732421875,79400
2023-08-17,67.38999938964844,67.38999938964844,65.95999908447266,65.95999908447266,64.98458099365234,69400
2023-08-18,65.66000366210938,66.01000213623047,64.94999694824219,65.88999938964844,64.91561889648438,63100
2023-08-21,65.76000213623047,65.98999786376953,64.55000305175781,65.12999725341797,64.16686248779297,64600
2023-08-22,65.18000030517578,66.05999755859375,64.87999725341797,65.88999938964844,64.91561889648438,96900
2023-08-23,66.06999969482422,67.26000213623047,65.83000183105469,66.81999969482422,65.83187103271484,68500
2023-08-24,66.83999633789062,67.18000030517578,65.7300033569336,65.73999786376953,64.76782989501953,54800
2023-08-25,65.95999908447266,66.76000213623047,65.91000366210938,66.2699966430664,65.29000854492188,51200
2023-08-28,66.37999725341797,67.23999786376953,66.18000030517578,66.26000213623047,65.2801513671875,55300
2023-08-29,66.38999938964844,67.05999755859375,66.0999984741211,66.9800033569336,65.989501953125,109500
2023-08-30,67.16999816894531,68.02999877929688,66.87999725341797,66.98999786376953,65.99935913085938,120000
2023-08-31,66.5999984741211,67.4000015258789,65.94000244140625,66.83000183105469,65.84172821044922,455000
2023-09-01,67.20999908447266,67.20999908447266,65.48999786376953,66.83000183105469,65.84172821044922,103300
2023-09-05,66.63999938964844,67.31999969482422,66.3499984741211,67.27999877929688,66.2850570678711,96400
2023-09-06,66.9800033569336,67.87000274658203,66.23999786376953,66.36000061035156,65.37866973876953,282900
2023-09-07,66.0,66.1500015258789,65.13999938964844,65.68000030517578,64.708740234375,83100
2023-09-08,65.48999786376953,65.88999938964844,65.41999816894531,65.52999877929688,64.56094360351562,108200
2023-09-11,65.52999877929688,65.93000030517578,65.29000091552734,65.7699966430664,64.79740142822266,166600
2023-09-12,65.73999786376953,66.30000305175781,65.7300033569336,65.8499984741211,64.876220703125,95200
2023-09-13,65.6500015258789,66.2699966430664,65.6500015258789,66.0199966430664,65.043701171875,220100
2023-09-14,66.12999725341797,67.8499984741211,66.12999725341797,67.80999755859375,66.80722045898438,92400
2023-09-15,67.55000305175781,67.88999938964844,66.52999877929688,66.69000244140625,65.70378875732422,211100
2023-09-18,66.69000244140625,67.7699966430664,66.69000244140625,67.29000091552734,66.294921875,176400
2023-09-19,67.51000213623047,67.9000015258789,66.77999877929688,66.80000305175781,65.81217193603516,94000
2023-09-20,66.94999694824219,67.33000183105469,66.44999694824219,66.44999694824219,65.46734619140625,60300
2023-09-21,65.94000244140625,66.25,65.26000213623047,65.26000213623047,64.2949447631836,93500
2023-09-22,65.20999908447266,65.91000366210938,65.02999877929688,65.69000244140625,64.71858215332031,70700
2023-09-25,65.26000213623047,66.52999877929688,64.91999816894531,65.95999908447266,64.98458099365234,53200
2023-09-26,65.41999816894531,65.7300033569336,64.86000061035156,64.93000030517578,63.96982955932617,44800
2023-09-27,65.05999755859375,65.69999694824219,64.69000244140625,65.12000274658203,64.15702056884766,92800
2023-09-28,65.08000183105469,66.47000122070312,65.08000183105469,66.01000213623047,65.177978515625,79700
2023-09-29,66.33999633789062,66.33999633789062,64.5999984741211,64.87000274658203,64.0523452758789,101400
2023-10-02,64.66000366210938,64.66000366210938,63.58000183105469,63.65999984741211,62.85759735107422,77200
2023-10-03,63.619998931884766,64.0,62.79999923706055,63.33000183105469,62.53176498413086,116900
2023-10-04,63.29999923706055,64.9800033569336,63.29999923706055,64.7699966430664,63.9536018371582,97300
2023-10-05,64.5199966430664,65.30999755859375,64.30000305175781,64.75,63.933860778808594,113000
2023-10-06,64.29000091552734,66.12000274658203,64.29000091552734,65.70999908447266,64.88175201416016,67700
2023-10-09,65.2300033569336,66.38999938964844,65.2300033569336,66.08000183105469,65.24710845947266,23200
2023-10-10,66.13999938964844,67.01000213623047,65.91999816894531,66.41999816894531,65.58280944824219,50700
2023-10-11,66.72000122070312,67.36000061035156,66.5999984741211,67.0,66.1554946899414,76600
2023-10-12,67.02999877929688,67.02999877929688,65.41000366210938,65.66999816894531,64.84225463867188,53200
2023-10-13,65.86000061035156,66.04000091552734,64.63999938964844,65.01000213623047,64.19058227539062,50700
2023-10-16,65.27999877929688,65.75,64.83000183105469,64.9800033569336,64.16097259521484,74600
2023-10-17,65.08000183105469,65.97000122070312,64.5999984741211,65.52999877929688,64.70401763916016,81500
2023-10-18,65.26000213623047,65.26000213623047,62.15999984741211,62.22999954223633,61.445621490478516,97400
2023-10-19,62.040000915527344,62.31999969482422,61.650001525878906,61.83000183105469,61.050662994384766,77700
2023-10-20,61.95000076293945,62.15999984741211,60.84000015258789,61.400001525878906,60.6260871887207,86100
2023-10-23,60.959999084472656,62.630001068115234,60.959999084472656,61.97999954223633,61.198768615722656,84000
2023-10-24,62.18000030517578,62.599998474121094,61.5,61.66999816894531,60.892677307128906,58100
2023-10-25,61.290000915527344,61.79999923706055,60.52000045776367,60.810001373291016,60.04352569580078,60100
2023-10-26,60.70000076293945,61.810001373291016,60.150001525878906,60.189998626708984,59.431331634521484,129600
2023-10-27,60.130001068115234,60.599998474121094,59.54999923706055,59.959999084472656,59.20423126220703,58200
2023-10-30,60.470001220703125,61.310001373291016,60.439998626708984,61.220001220703125,60.4483528137207,62600
2023-10-31,61.220001220703125,61.290000915527344,60.4900016784668,61.16999816894531,60.398983001708984,85000
2023-11-01,61.40999984741211,62.0,60.779998779296875,61.90999984741211,61.12965774536133,88900
2023-11-02,62.38999938964844,62.880001068115234,62.06999969482422,62.470001220703125,61.68259811401367,68400
2023-11-03,62.77000045776367,63.70000076293945,62.66999816894531,63.66999816894531,62.867469787597656,64600
2023-11-06,63.7400016784668,63.7400016784668,62.849998474121094,62.880001068115234,62.087432861328125,52800
2023-11-07,62.65999984741211,62.65999984741211,61.810001373291016,62.209999084472656,61.425872802734375,63900
2023-11-08,62.18000030517578,63.11000061035156,62.18000030517578,63.0099983215332,62.21578598022461,80800
2023-11-09,63.720001220703125,64.43000030517578,62.90999984741211,63.040000915527344,62.24540710449219,134800
2023-11-10,65.0,69.0,64.83000183105469,68.69999694824219,67.83406829833984,304300
2023-11-13,68.91000366210938,71.29000091552734,68.91000366210938,70.26000213623047,69.3744125366211,243300
2023-11-14,70.77999877929688,72.04000091552734,70.18000030517578,70.55999755859375,69.67062377929688,197700
2023-11-15,70.86000061035156,71.36000061035156,70.22000122070312,70.23999786376953,69.35466003417969,112400
2023-11-16,70.16999816894531,70.55000305175781,68.55000305175781,70.47000122070312,69.58175659179688,219700
2023-11-17,70.48999786376953,71.30999755859375,69.87999725341797,70.29000091552734,69.4040298461914,54600
2023-11-20,70.3499984741211,70.58000183105469,69.62999725341797,70.51000213623047,69.62126159667969,80300
2023-11-21,67.75,69.81999969482422,67.54000091552734,69.06999969482422,68.19940948486328,168400
2023-11-22,69.20999908447266,69.8499984741211,68.87999725341797,69.56999969482422,68.69309997558594,85400
2023-11-24,69.30000305175781,70.38999938964844,69.30000305175781,70.37999725341797,69.49288940429688,30200
2023-11-27,69.97000122070312,71.44999694824219,69.6500015258789,71.33000183105469,70.43091583251953,94400
2023-11-28,71.05999755859375,72.06999969482422,70.8499984741211,71.9000015258789,70.99374389648438,134700
2023-11-29,72.08000183105469,72.2699966430664,71.30000305175781,71.33000183105469,70.43091583251953,146000
2023-11-30,71.26000213623047,74.45999908447266,70.94999694824219,74.16999816894531,73.23512268066406,617700
2023-12-01,74.30000305175781,75.55000305175781,73.41000366210938,75.5,74.54835510253906,156600
2023-12-04,75.30000305175781,75.31999969482422,74.48999786376953,74.73999786376953,73.79793548583984,123500
2023-12-05,72.80000305175781,76.13999938964844,72.80000305175781,75.87999725341797,74.92357635498047,235500
2023-12-06,76.22000122070312,77.69000244140625,76.22000122070312,77.41000366210938,76.43428039550781,207300
2023-12-07,77.41999816894531,77.94999694824219,77.12000274658203,77.77999877929688,76.79962158203125,96100
2023-12-08,78.11000061035156,78.33999633789062,76.94000244140625,77.31999969482422,76.34542083740234,79700
2023-12-11,77.13999938964844,77.29000091552734,75.70999908447266,76.31999969482422,75.3580322265625,175400
2023-12-12,76.4000015258789,76.4000015258789,75.58999633789062,75.83000183105469,74.87419891357422,170200
2023-12-13,75.97000122070312,76.69999694824219,75.55999755859375,76.56999969482422,75.60487365722656,135300
2023-12-14,76.95999908447266,77.2300033569336,74.87000274658203,75.66999816894531,74.7162094116211,208900
2023-12-15,75.83999633789062,76.13999938964844,74.62000274658203,76.05000305175781,75.0914306640625,182500
2023-12-18,75.72000122070312,76.93000030517578,75.38999938964844,76.7699966430664,75.8023452758789,110200
2023-12-19,76.98999786376953,77.8499984741211,76.98999786376953,77.27999877929688,76.30591583251953,142600
2023-12-20,77.16999816894531,77.95999908447266,76.77999877929688,76.79000091552734,75.82209777832031,110000
2023-12-21,77.33000183105469,78.36000061035156,77.08000183105469,77.94000244140625,76.95759582519531,117300
2023-12-22,78.0,78.86000061035156,77.98999786376953,78.83000183105469,77.83638763427734,75000
2023-12-26,78.8499984741211,79.23999786376953,78.73999786376953,79.01000213623047,78.01412200927734,17900
2023-12-27,79.12000274658203,79.81999969482422,78.77999877929688,79.62000274658203,78.6164321899414,78700
2023-12-28,79.41000366210938,80.16999816894531,79.41000366210938,79.93000030517578,79.06949615478516,86600
2023-12-29,79.9000015258789,80.44000244140625,79.68000030517578,80.19000244140625,79.32669830322266,54700
2024-01-02,79.16999816894531,79.26000213623047,78.31999969482422,78.80999755859375,77.96155548095703,101300
2024-01-03,78.16000366210938,78.66000366210938,78.11000061035156,78.31999969482422,77.4768295288086,90500
2024-01-04,78.5,79.4000015258789,78.41999816894531,78.55000305175781,77.70436096191406,53400
2024-01-05,78.2699966430664,79.04000091552734,77.81999969482422,78.08000183105469,77.23941802978516,66700
2024-01-08,78.38999938964844,78.88999938964844,78.1500015258789,78.62000274658203,77.77359771728516,271800
2024-01-09,78.43000030517578,80.20999908447266,78.43000030517578,79.83999633789062,78.98046875,84000
2024-01-10,80.16000366210938,81.22000122070312,80.16000366210938,80.41000366210938,79.54432678222656,130700
2024-01-11,80.19999694824219,80.38999938964844,79.61000061035156,80.08000183105469,79.21788787841797,110600
2024-01-12,80.20999908447266,80.93000030517578,79.13999938964844,79.7300033569336,78.87165069580078,134400
2024-01-16,79.11000061035156,79.41999816894531,77.80000305175781,78.98999786376953,78.13961791992188,140000
2024-01-17,78.58999633789062,78.79000091552734,78.16000366210938,78.61000061035156,77.76371002197266,80800
2024-01-18,79.0,80.0999984741211,79.0,80.05000305175781,79.18821716308594,67200
2024-01-19,80.05999755859375,80.56999969482422,79.61000061035156,80.31999969482422,79.4552993774414,156600
2024-01-22,80.62000274658203,81.19999694824219,80.08000183105469,80.45999908447266,79.59380340576172,64900
2024-01-23,80.5,80.61000061035156,80.05000305175781,80.5199966430664,79.65313720703125,55200
2024-01-24,81.05000305175781,81.41000366210938,79.75,79.87999725341797,79.02002716064453,62900
2024-01-25,80.43000030517578,80.79000091552734,79.9000015258789,80.69999694824219,79.83120727539062,129600
2024-01-26,80.91000366210938,81.20999908447266,80.55000305175781,80.94999694824219,80.07852172851562,76700
2024-01-29,80.87000274658203,81.25,80.58999633789062,81.22000122070312,80.3456039428711,83200
2024-01-30,81.30999755859375,82.0,81.20999908447266,81.83999633789062,80.95893096923828,106300
2024-01-31,81.91000366210938,82.36000061035156,80.25,80.4000015258789,79.53443908691406,99200
2024-02-01,80.62999725341797,82.08000183105469,80.62999725341797,82.08000183105469,81.19635772705078,133500
2024-02-02,81.63999938964844,82.5,81.06999969482422,82.4000015258789,81.51290130615234,64600
2024-02-05,82.0199966430664,82.0199966430664,80.95999908447266,81.23999786376953,80.36539459228516,56800
2024-02-06,81.30999755859375,81.8499984741211,80.5,80.68000030517578,79.8114242553711,137800
2024-02-07,81.18000030517578,81.94000244140625,80.62999725341797,81.56999969482422,80.69184112548828,82300
2024-02-08,81.62000274658203,81.69000244140625,81.06999969482422,81.41999816894531,80.54344940185547,88100
2024-02-09,81.38999938964844,81.43000030517578,80.83000183105469,81.37999725341797,80.5038833618164,68600
2024-02-12,81.20999908447266,81.41999816894531,80.23999786376953,80.83999633789062,79.96969604492188,79900
2024-02-13,80.06999969482422,80.6500015258789,79.41000366210938,79.94999694824219,79.08927917480469,112000
2024-02-14,80.47000122070312,82.5199966430664,80.47000122070312,82.38999938964844,81.50301361083984,123100
2024-02-15,82.5199966430664,83.0999984741211,81.41999816894531,83.06999969482422,82.17568969726562,112000
2024-02-16,82.98999786376953,83.83000183105469,82.98999786376953,83.41000366210938,82.51203918457031,66600
2024-02-20,82.88999938964844,83.27999877929688,81.33000183105469,82.62000274658203,81.73054504394531,99600
2024-02-21,82.4000015258789,82.62999725341797,81.76000213623047,82.31999969482422,81.43376922607422,60800
2024-02-22,82.9800033569336,83.94000244140625,82.91000366210938,83.63999938964844,82.73955535888672,90200
2024-02-23,83.94999694824219,84.26000213623047,82.80000305175781,83.04000091552734,82.14601135253906,109900
2024-02-26,83.02999877929688,83.8499984741211,83.02999877929688,83.7699966430664,82.8681640625,106400
2024-02-27,83.98999786376953,84.52999877929688,83.51000213623047,84.52999877929688,83.6199722290039,56400
2024-02-28,84.01000213623047,85.37999725341797,84.01000213623047,84.79000091552734,83.87716674804688,189200
2024-02-29,86.30000305175781,87.52999877929688,81.41999816894531,83.3499984741211,82.45268249511719,339500
2024-03-01,83.02999877929688,83.61000061035156,81.18000030517578,81.73999786376953,80.8600082397461,224500
2024-03-04,81.3499984741211,82.5,81.01000213623047,82.29000091552734,81.40408325195312,139400
2024-03-05,81.54000091552734,82.43000030517578,81.11000061035156,81.69999694824219,80.8204345703125,120400
2024-03-06,81.7300033569336,82.9000015258789,81.7300033569336,82.55000305175781,81.66129302978516,77200
2024-03-07,82.95999908447266,84.41000366210938,82.63999938964844,84.37000274658203,83.46170043945312,170700
2024-03-08,84.55000305175781,85.58000183105469,84.38999938964844,85.05000305175781,84.13438415527344,118300
2024-03-11,84.66000366210938,84.66000366210938,82.94999694824219,83.69000244140625,82.78901672363281,104600
2024-03-12,83.87000274658203,85.13999938964844,83.80999755859375,85.05999755859375,84.14427185058594,88700
2024-03-13,84.94000244140625,86.12000274658203,84.83000183105469,85.2699966430664,84.35201263427734,90700
2024-03-14,85.12999725341797,85.69999694824219,84.62000274658203,84.91999816894531,84.00576782226562,108000
2024-03-15,84.72000122070312,85.18000030517578,84.22000122070312,84.8499984741211,83.93653869628906,238700
2024-03-18,85.37000274658203,86.38999938964844,85.22000122070312,85.68000030517578,84.7575912475586,96600
2024-03-19,85.68000030517578,86.0999984741211,84.83000183105469,85.72000122070312,84.79716491699219,93000
2024-03-20,85.83000183105469,86.58000183105469,85.48999786376953,86.4800033569336,85.54898834228516,98500
2024-03-21,86.73999786376953,86.94999694824219,86.05000305175781,86.08000183105469,85.15328979492188,150200
2024-03-22,86.19999694824219,86.33999633789062,85.81999969482422,85.91999816894531,84.99501037597656,57200
2024-03-25,85.72000122070312,86.37999725341797,85.12000274658203,85.13999938964844,84.22341918945312,82100
2024-03-26,84.93000030517578,85.30000305175781,84.37000274658203,84.44000244140625,83.53094482421875,99200
2024-03-27,84.58000183105469,84.79000091552734,82.9800033569336,83.81999969482422,83.07009887695312,201800
2024-03-28,83.91999816894531,84.05000305175781,82.30000305175781,83.04000091552734,82.29708099365234,146000
2024-04-01,82.9800033569336,83.29000091552734,81.83000183105469,82.16999816894531,81.43486022949219,116400
2024-04-02,81.47000122070312,82.4000015258789,80.30999755859375,80.9800033569336,80.25550842285156,116600
2024-04-03,80.83000183105469,81.91999816894531,80.83000183105469,81.22000122070312,80.49336242675781,119400
2024-04-04,81.61000061035156,82.11000061035156,81.0,81.69000244140625,80.95916748046875,119700
2024-04-05,81.75,83.1500015258789,81.16999816894531,82.54000091552734,81.80155944824219,103200
2024-04-08,82.68000030517578,83.16999816894531,81.33000183105469,81.58999633789062,80.86005401611328,68800
2024-04-09,81.6500015258789,81.97000122070312,80.36000061035156,81.66000366210938,80.92943572998047,88500
2024-04-10,80.7300033569336,80.87999725341797,79.94999694824219,80.44000244140625,79.72035217285156,77900
2024-04-11,80.36000061035156,80.68000030517578,79.81999969482422,80.43000030517578,79.7104263305664,89400
2024-04-12,79.93000030517578,80.5199966430664,79.55999755859375,80.22000122070312,79.50231170654297,82800
2024-04-15,80.62000274658203,81.23999786376953,79.20999908447266,79.63999938964844,78.92749786376953,68500
2024-04-16,79.66000366210938,80.62999725341797,79.41000366210938,80.04000091552734,79.32392883300781,99000
2024-04-17,80.41999816894531,80.69999694824219,78.80999755859375,79.55999755859375,78.84822082519531,79300
2024-04-18,79.55999755859375,79.86000061035156,78.55000305175781,79.22000122070312,78.51126098632812,72500
2024-04-19,79.11000061035156,79.38999938964844,78.2300033569336,78.91999816894531,78.21395111083984,193700
2024-04-22,79.13999938964844,79.69999694824219,78.58999633789062,78.9800033569336,78.2734146118164,176700
2024-04-23,79.37999725341797,81.04000091552734,79.37999725341797,80.87999725341797,80.15641784667969,173900
2024-04-24,81.26000213623047,81.69999694824219,80.75,80.97000122070312,80.24560546875,154800
2024-04-25,80.36000061035156,81.9800033569336,79.70999908447266,81.5,80.77086639404297,90900
2024-04-26,81.95999908447266,81.95999908447266,81.47000122070312,81.83999633789062,81.1078109741211,133800
2024-04-29,81.93000030517578,81.94999694824219,80.76000213623047,81.30000305175781,80.5726547241211,45300
2024-04-30,81.06999969482422,81.08000183105469,79.36000061035156,79.5999984741211,78.88786315917969,110200
2024-05-01,79.70999908447266,81.08000183105469,79.44000244140625,80.41999816894531,79.70052337646484,86900
2024-05-02,81.61000061035156,83.75,80.97000122070312,83.66999816894531,82.92144775390625,193500
2024-05-03,84.0,84.83000183105469,83.2300033569336,83.7300033569336,82.98092651367188,94300
2024-05-06,83.91999816894531,85.41999816894531,83.91999816894531,85.3499984741211,84.58641052246094,110700
2024-05-07,85.62000274658203,85.62000274658203,84.27999877929688,84.43000030517578,83.67465209960938,101900
2024-05-08,84.48999786376953,85.0,84.0,84.91999816894531,84.1602554321289,161100
2024-05-09,85.88999938964844,85.88999938964844,81.91999816894531,82.19999694824219,81.464599609375,155200
2024-05-10,82.19999694824219,82.19999694824219,80.75,80.91999816894531,80.19605255126953,91400
2024-05-13,81.0199966430664,82.7699966430664,80.86000061035156,82.61000061035156,81.87092590332031,142600
2024-05-14,82.55000305175781,83.0199966430664,81.56999969482422,81.94000244140625,81.20692443847656,83000
2024-05-15,82.30999755859375,82.30999755859375,81.4800033569336,81.79000091552734,81.05827331542969,69200
2024-05-16,81.80000305175781,81.80000305175781,79.97000122070312,80.2300033569336,79.5122299194336,169800
2024-05-17,80.6500015258789,80.6500015258789,79.16999816894531,79.73999786376953,79.02660369873047,125400
2024-05-20,79.98999786376953,80.4800033569336,79.5999984741211,79.98999786376953,79.27436828613281,32500
2024-05-21,79.69000244140625,80.48999786376953,79.52999877929688,80.38999938964844,79.67078399658203,47000
2024-05-22,80.3499984741211,81.6500015258789,80.3499984741211,80.87000274658203,80.14649963378906,114200
2024-05-23,81.02999877929688,81.02999877929688,79.27999877929688,79.45999908447266,78.74910736083984,91000
2024-05-24,79.97000122070312,81.7699966430664,79.80999755859375,81.6500015258789,80.91951751708984,98300
2024-05-28,80.66999816894531,81.94999694824219,80.58999633789062,80.80999755859375,80.08702087402344,112300
2024-05-29,80.27999877929688,80.79000091552734,78.5999984741211,78.68000030517578,77.9760971069336,96100
2024-05-30,78.69000244140625,79.26000213623047,78.12999725341797,78.81999969482422,78.11483764648438,97400
2024-05-31,79.1500015258789,80.83000183105469,78.44000244140625,80.68000030517578,79.95819854736328,298300
2024-06-03,80.70999908447266,81.12999725341797,79.58000183105469,80.06999969482422,79.35365295410156,130900
2024-06-04,80.1500015258789,81.55000305175781,80.11000061035156,81.4000015258789,80.6717529296875,108300
2024-06-05,81.47000122070312,83.37000274658203,81.22000122070312,83.08999633789062,82.34663391113281,160400
2024-06-06,82.86000061035156,83.4800033569336,82.55000305175781,82.97000122070312,82.22771453857422,147600
2024-06-07,82.31999969482422,83.01000213623047,81.80999755859375,82.11000061035156,81.37540435791016,104600
2024-06-10,81.70999908447266,81.70999908447266,80.87999725341797,80.93000030517578,80.20596313476562,156000
2024-06-11,80.63999938964844,81.37999725341797,80.45999908447266,80.72000122070312,79.99784088134766,150800
2024-06-12,81.52999877929688,82.56999969482422,80.91000366210938,82.1500015258789,81.4150390625,81900
2024-06-13,81.77999877929688,82.77999877929688,81.48999786376953,82.63999938964844,81.90066528320312,44800
2024-06-14,81.80000305175781,83.05000305175781,81.80000305175781,82.4800033569336,81.7420883178711,67000
2024-06-17,82.0999984741211,82.91999816894531,81.68000030517578,82.72000122070312,81.97994232177734,104700
2024-06-18,82.54000091552734,82.97000122070312,82.08999633789062,82.36000061035156,81.62317657470703,49400
2024-06-20,81.80000305175781,82.52999877929688,79.41000366210938,80.37000274658203,79.6509780883789,146100
2024-06-21,80.33000183105469,82.02999877929688,79.68000030517578,81.8499984741211,81.11773681640625,171800
2024-06-24,81.98999786376953,83.2699966430664,81.38999938964844,83.13999938964844,82.39619445800781,193300
2024-06-25,83.08999633789062,83.58999633789062,82.12999725341797,83.29000091552734,82.54485321044922,62500
2024-06-26,82.7699966430664,83.41999816894531,81.94000244140625,83.27999877929688,82.5349349975586,70800
2024-06-27,83.54000091552734,84.5999984741211,83.54000091552734,84.3499984741211,83.59535217285156,74100
2024-06-28,84.33999633789062,85.05999755859375,83.30999755859375,83.55000305175781,82.95298767089844,40800
2024-07-01,83.4000015258789,83.9000015258789,81.91000366210938,81.91000366210938,81.32470703125,80800
2024-07-02,81.76000213623047,82.9000015258789,80.95999908447266,82.5199966430664,81.93035125732422,173800
2024-07-03,82.36000061035156,85.48999786376953,82.33999633789062,85.36000061035156,84.75005340576172,72300
2024-07-05,85.6500015258789,86.12999725341797,84.79000091552734,84.83000183105469,84.22384643554688,116800
2024-07-08,84.94000244140625,85.12999725341797,84.20999908447266,84.72000122070312,84.11463165283203,45800
2024-07-09,84.68000030517578,84.9000015258789,83.83999633789062,83.93000030517578,83.33027648925781,34600
2024-07-10,84.0,85.5199966430664,84.0,85.37999725341797,84.76991271972656,39700
2024-07-11,85.55000305175781,85.98999786376953,84.98999786376953,85.01000213623047,84.40255737304688,123300
2024-07-12,85.62000274658203,85.80999755859375,84.66999816894531,85.16999816894531,84.56140899658203,112200
2024-07-15,85.0199966430664,85.72000122070312,84.87999725341797,85.04000091552734,84.43234252929688,93800
2024-07-16,85.77999877929688,87.45999908447266,85.58999633789062,87.45999908447266,86.83504486083984,159400
2024-07-17,86.80999755859375,87.0199966430664,85.55000305175781,85.83000183105469,85.2166976928711,81400
2024-07-18,85.81999969482422,86.72000122070312,85.81999969482422,86.33000183105469,85.71312713623047,99700
2024-07-19,85.8499984741211,86.23999786376953,85.02999877929688,85.33999633789062,84.73019409179688,49500
2024-07-22,85.93000030517578,86.66999816894531,85.55999755859375,86.5199966430664,85.90176391601562,58200
2024-07-23,86.11000061035156,87.69000244140625,86.11000061035156,87.30999755859375,86.68611907958984,53800
2024-07-24,86.95999908447266,87.3499984741211,86.68000030517578,86.8499984741211,86.22940826416016,74500
2024-07-25,86.81999969482422,87.04000091552734,85.23999786376953,85.23999786376953,84.63090515136719,78800
2024-07-26,85.62999725341797,86.37999725341797,85.13999938964844,86.02999877929688,85.41527557373047,76000
2024-07-29,86.12999725341797,86.12999725341797,85.37000274658203,85.66000366210938,85.04792022705078,58900
2024-07-30,85.94999694824219,86.16999816894531,85.33999633789062,85.41000366210938,84.79969787597656,58200
2024-07-31,86.08999633789062,88.25,85.87000274658203,87.98999786376953,87.36126708984375,105800
2024-08-01,87.66000366210938,88.41999816894531,87.2300033569336,87.54000091552734,86.91448211669922,113300
2024-08-02,86.47000122070312,86.91999816894531,83.5,84.25,83.64797973632812,248400
2024-08-05,81.73999786376953,83.7699966430664,80.98999786376953,83.06999969482422,82.47640991210938,84800
2024-08-06,83.05000305175781,85.3499984741211,82.62999725341797,84.66000366210938,84.05506896972656,87100
2024-08-07,85.80000305175781,85.80000305175781,83.18000030517578,83.83000183105469,83.23098754882812,112800
2024-08-08,85.30000305175781,85.7300033569336,79.69000244140625,81.54000091552734,80.95735931396484,229500
2024-08-09,80.72000122070312,81.77999877929688,79.3499984741211,79.8499984741211,79.27942657470703,123700
2024-08-12,79.5999984741211,79.5999984741211,78.44000244140625,78.95999908447266,78.39579010009766,111600
2024-08-13,78.98999786376953,80.31999969482422,78.98999786376953,80.20999908447266,79.63685607910156,89900
2024-08-14,80.13999938964844,81.58999633789062,80.06999969482422,81.25,80.66941833496094,83400
2024-08-15,82.08999633789062,82.68000030517578,81.48999786376953,82.43000030517578,81.84098815917969,53600
2024-08-16,81.79000091552734,83.18000030517578,81.79000091552734,82.68000030517578,82.08920288085938,85400
2024-08-19,83.04000091552734,83.04000091552734,82.04000091552734,82.44999694824219,81.86084747314453,30300
2024-08-20,82.44999694824219,83.27999877929688,82.37000274658203,82.91000366210938,82.31756591796875,41600
2024-08-21,83.4000015258789,84.13999938964844,82.5199966430664,84.12999725341797,83.52884674072266,63400
2024-08-22,84.44000244140625,84.69999694824219,84.0199966430664,84.5,83.89620208740234,97300
2024-08-23,84.69000244140625,85.4000015258789,84.16000366210938,84.69999694824219,84.09477233886719,92500
2024-08-26,84.69000244140625,84.83999633789062,84.12000274658203,84.44000244140625,83.83663177490234,59600
2024-08-27,84.01000213623047,84.26000213623047,83.22000122070312,83.80999755859375,83.21112823486328,190000
2024-08-28,84.01000213623047,84.01000213623047,82.05999755859375,82.55000305175781,81.96013641357422,145300
2024-08-29,82.5999984741211,83.30000305175781,82.38999938964844,82.72000122070312,82.12892150878906,183500
2024-08-30,82.80999755859375,83.05000305175781,81.7300033569336,81.98999786376953,81.40413665771484,259900
2024-09-03,81.30000305175781,82.01000213623047,80.62999725341797,81.16000366210938,80.58007049560547,122100
2024-09-04,80.94000244140625,80.94000244140625,79.44999694824219,79.93000030517578,79.35885620117188,110300
2024-09-05,79.66999816894531,80.45999908447266,79.33999633789062,79.4000015258789,78.83265686035156,108100
2024-09-06,79.5199966430664,80.11000061035156,77.7300033569336,77.88999938964844,77.33343505859375,102400
2024-09-09,78.26000213623047,78.95999908447266,77.88999938964844,78.0199966430664,77.4625015258789,84000
2024-09-10,77.94999694824219,78.05000305175781,76.36000061035156,76.91000366210938,76.36044311523438,366500
2024-09-11,76.8499984741211,77.6500015258789,76.02999877929688,77.44999694824219,76.89656829833984,209400
2024-09-12,77.37000274658203,78.30999755859375,76.75,78.16000366210938,77.60150146484375,115300
2024-09-13,78.18000030517578,78.55000305175781,77.26000213623047,77.41999816894531,76.86678314208984,279300
2024-09-16,77.43000030517578,79.37999725341797,77.43000030517578,79.30999755859375,78.74327850341797,91600
2024-09-17,79.47000122070312,80.01000213623047,78.56999969482422,79.16999816894531,78.60428619384766,173200
2024-09-18,79.06999969482422,80.02999877929688,78.87999725341797,78.98999786376953,78.42556762695312,161400
2024-09-19,80.13999938964844,81.19000244140625,80.13999938964844,81.12000274658203,80.54035949707031,189200
2024-09-20,80.62999725341797,80.79000091552734,79.3499984741211,80.20999908447266,79.63685607910156,893000
2024-09-23,80.0199966430664,80.37000274658203,79.2300033569336,79.94999694824219,79.37870788574219,78900
2024-09-24,80.04000091552734,81.23999786376953,79.79000091552734,81.0999984741211,80.52050018310547,65000
2024-09-25,81.1500015258789,81.5199966430664,80.7300033569336,80.80000305175781,80.2226333618164,70300
2024-09-26,81.0,81.26000213623047,80.36000061035156,80.94000244140625,80.36164093017578,83100
2024-09-27,80.8499984741211,80.87999725341797,80.0199966430664,80.2699966430664,79.85032653808594,458300
2024-09-30,80.41000366210938,80.69999694824219,79.51000213623047,80.41000366210938,79.98959350585938,84100
2024-10-01,80.37999725341797,80.66000366210938,79.31999969482422,80.47000122070312,80.04928588867188,139000
2024-10-02,80.05999755859375,81.11000061035156,80.05000305175781,80.3499984741211,79.9299087524414,172000
2024-10-03,80.43000030517578,82.91999816894531,80.12999725341797,82.79000091552734,82.3571548461914,116800
2024-10-04,82.55000305175781,83.19999694824219,82.30000305175781,82.80999755859375,82.3770523071289,210600
2024-10-07,82.41999816894531,83.55999755859375,82.33000183105469,82.6500015258789,82.21788024902344,54800
2024-10-08,82.41000366210938,83.26000213623047,82.30000305175781,82.86000061035156,82.42678833007812,68600
2024-10-09,82.7300033569336,83.30000305175781,82.27999877929688,82.87999725341797,82.44668579101562,202800
2024-10-10,82.80000305175781,82.80000305175781,81.76000213623047,82.70999908447266,82.27757263183594,93000
2024-10-11,82.77999877929688,84.94000244140625,82.77999877929688,84.91999816894531,84.47601318359375,179600
2024-10-14,84.66000366210938,84.66000366210938,84.08000183105469,84.31999969482422,83.879150390625,48200
2024-10-15,84.30000305175781,84.80999755859375,82.76000213623047,83.06999969482422,82.63568878173828,203000
2024-10-16,83.62999725341797,83.62999725341797,82.33999633789062,82.6500015258789,82.21788024902344,195100
2024-10-17,82.5199966430664,82.54000091552734,81.55000305175781,82.38999938964844,81.95923614501953,125800
2024-10-18,82.18000030517578,83.80000305175781,82.0199966430664,83.75,83.31212615966797,240900
2024-10-21,83.31999969482422,84.72000122070312,83.31999969482422,84.11000061035156,83.67025756835938,112300
2024-10-22,83.5,83.54000091552734,81.9000015258789,81.91999816894531,81.49169921875,100200
2024-10-23,82.18000030517578,82.72000122070312,81.94000244140625,82.43000030517578,81.99903869628906,58100
2024-10-24,82.0999984741211,82.44000244140625,81.33000183105469,81.9800033569336,81.55138397216797,68200
2024-10-25,82.58999633789062,82.8499984741211,81.37000274658203,81.77999877929688,81.3524398803711,60900
2024-10-28,81.87000274658203,82.91999816894531,81.6500015258789,82.66999816894531,82.23778533935547,93900
2024-10-29,82.16000366210938,82.6500015258789,81.56999969482422,82.5,82.06866455078125,59800
2024-10-30,82.08999633789062,82.69000244140625,81.86000061035156,82.08999633789062,81.66080474853516,42500
2024-10-31,81.97000122070312,82.22000122070312,81.11000061035156,81.16000366210938,80.73567199707031,81600
2024-11-01,81.56999969482422,81.98999786376953,81.31999969482422,81.48999786376953,81.06394958496094,51800
2024-11-04,81.2300033569336,82.62999725341797,81.2300033569336,82.38999938964844,81.95923614501953,56000
2024-11-05,82.61000061035156,83.47000122070312,82.61000061035156,83.43000030517578,82.99380493164062,48400
2024-11-06,84.16999816894531,84.62999725341797,82.80999755859375,84.30000305175781,83.85926055908203,108000
2024-11-07,84.9000015258789,85.93000030517578,84.33999633789062,84.58999633789062,84.14773559570312,210000
2024-11-08,83.94000244140625,84.0999984741211,80.25,80.63999938964844,80.21839141845703,165500
2024-11-11,81.29000091552734,83.75,81.29000091552734,82.95999908447266,82.52626037597656,226800
2024-11-12,83.19999694824219,83.2300033569336,81.80999755859375,82.23999786376953,81.81002044677734,122400
2024-11-13,81.9800033569336,82.8499984741211,81.5999984741211,82.58999633789062,82.15819549560547,374300
2024-11-14,82.63999938964844,83.58999633789062,81.94000244140625,82.93000030517578,82.49641418457031,202500
2024-11-15,82.76000213623047,82.95999908447266,82.22000122070312,82.30999755859375,81.8796615600586,185600
2024-11-18,82.19000244140625,82.70999908447266,81.7699966430664,82.52999877929688,82.09851837158203,170500
2024-11-19,82.3499984741211,83.2699966430664,82.05000305175781,83.04000091552734,82.60585021972656,138700
2024-11-20,83.25,84.16999816894531,82.80000305175781,84.12999725341797,83.69014739990234,147000
2024-11-21,84.68000030517578,86.02999877929688,84.30000305175781,86.02999877929688,85.58021545410156,109100
2024-11-22,86.26000213623047,86.58000183105469,85.55999755859375,85.97000122070312,85.5205307006836,84700
2024-11-25,86.19999694824219,87.12999725341797,85.97000122070312,86.91999816894531,86.46556091308594,260000
2024-11-26,86.54000091552734,86.87000274658203,85.41999816894531,85.87999725341797,85.43099212646484,129000
2024-11-27,85.62000274658203,86.69999694824219,85.5,85.70999908447266,85.26188659667969,153400
2024-11-29,86.11000061035156,87.02999877929688,86.11000061035156,87.0199966430664,86.56503295898438,68500
2024-12-02,86.80999755859375,87.12999725341797,86.22000122070312,86.75,86.29645538330078,78900
2024-12-03,86.5999984741211,86.95999908447266,85.66000366210938,85.83000183105469,85.38125610351562,119400
2024-12-04,85.5999984741211,87.58000183105469,85.5999984741211,87.5,87.04253387451172,152900
2024-12-05,87.47000122070312,87.55999755859375,86.30999755859375,86.9800033569336,86.52525329589844,85100
2024-12-06,87.19999694824219,87.70999908447266,86.44000244140625,86.52999877929688,86.07759857177734,81100
2024-12-09,86.37000274658203,86.52999877929688,85.12999725341797,85.38999938964844,84.94356536865234,89700
2024-12-10,84.94000244140625,85.26000213623047,84.2699966430664,84.5199966430664,84.0781021118164,195900
2024-12-11,85.37000274658203,85.37000274658203,84.3499984741211,84.55000305175781,84.10794830322266,88700
2024-12-12,84.16999816894531,84.31999969482422,82.83999633789062,83.2300033569336,82.79486083984375,164600
2024-12-13,83.20999908447266,83.48999786376953,82.29000091552734,82.61000061035156,82.17809295654297,86300
2024-12-16,82.45999908447266,83.16999816894531,81.87000274658203,82.08000183105469,81.65087127685547,101400
2024-12-17,81.68000030517578,81.95999908447266,81.01000213623047,81.13999938964844,80.71577453613281,88000
2024-12-18,81.33000183105469,81.58999633789062,79.44000244140625,79.55000305175781,79.13409423828125,115100
2024-12-19,79.8499984741211,80.58000183105469,79.41999816894531,79.79000091552734,79.37284088134766,108900
2024-12-20,79.2300033569336,80.30999755859375,79.01000213623047,79.5,79.0843505859375,159500
2024-12-23,79.55999755859375,79.55999755859375,78.58000183105469,79.29000091552734,78.87545013427734,105100
2024-12-24,79.12999725341797,79.6500015258789,78.9000015258789,79.58000183105469,79.1639404296875,181100
2024-12-26,79.20999908447266,79.83000183105469,78.8499984741211,79.76000213623047,79.3429946899414,29500
2024-12-27,79.62999725341797,79.69999694824219,78.33000183105469,78.87999725341797,78.46759796142578,47500
2024-12-30,78.5,78.80999755859375,77.61000061035156,78.55000305175781,78.13932037353516,41600
2024-12-31,78.33000183105469,78.55999755859375,77.83999633789062,78.44999694824219,78.18516540527344,271200
2025-01-02,78.41999816894531,78.7699966430664,78.13999938964844,78.54000091552734,78.27486419677734,156000
2025-01-03,78.5999984741211,79.25,78.5199966430664,79.19000244140625,78.92267608642578,134300
2025-01-06,79.5,80.16000366210938,76.91000366210938,77.08000183105469,76.81979370117188,77500
2025-01-07,77.11000061035156,77.69999694824219,76.91999816894531,77.22000122070312,76.95932006835938,146500
2025-01-08,76.94999694824219,76.98999786376953,76.18000030517578,76.93000030517578,76.67029571533203,76000
2025-01-10,76.36000061035156,77.08999633789062,75.56999969482422,76.12000274658203,75.863037109375,109800
2025-01-13,75.58999633789062,76.66999816894531,74.9800033569336,76.5999984741211,76.34141540527344,87000
2025-01-14,77.08999633789062,77.87000274658203,77.0,77.51000213623047,77.24833679199219,144100
2025-01-15,78.33999633789062,78.66000366210938,77.37000274658203,77.41000366210938,77.148681640625,91300
2025-01-16,77.48999786376953,77.48999786376953,76.37999725341797,76.5999984741211,76.34141540527344,121000
2025-01-17,76.5999984741211,77.58999633789062,76.12999725341797,77.45999908447266,77.1985092163086,83200
2025-01-21,77.69999694824219,78.38999938964844,77.4000015258789,78.22000122070312,77.95594787597656,66000
2025-01-22,78.06999969482422,80.2300033569336,77.23999786376953,80.0,79.72993469238281,119000
2025-01-23,80.0,81.81999969482422,79.93000030517578,80.88999938964844,80.61692810058594,159000
2025-01-24,80.83999633789062,81.54000091552734,80.79000091552734,81.30999755859375,81.03550720214844,106300
2025-01-27,80.43000030517578,80.68000030517578,78.66999816894531,78.83000183105469,78.56388092041016,116900
2025-01-28,79.61000061035156,79.61000061035156,77.94000244140625,78.51000213623047,78.24496459960938,110400
2025-01-29,78.19999694824219,79.5999984741211,77.70999908447266,79.19000244140625,78.92267608642578,127500
2025-01-30,79.7699966430664,80.5999984741211,78.43000030517578,79.06999969482422,78.80307006835938,129600
2025-01-31,79.31999969482422,79.54000091552734,77.36000061035156,77.43000030517578,77.16860961914062,123500
2025-02-03,75.23999786376953,75.55000305175781,73.18000030517578,74.62000274658203,74.36809539794922,244000
2025-02-04,75.37999725341797,76.75,75.02999877929688,75.81999969482422,75.56404876708984,112500
2025-02-05,75.81999969482422,76.77999877929688,75.81999969482422,76.41999816894531,76.16201782226562,118300
2025-02-06,76.52999877929688,77.22000122070312,76.11000061035156,76.44000244140625,76.18195343017578,93500
2025-02-07,76.5199966430664,76.83000183105469,75.91000366210938,76.58999633789062,76.3314437866211,190600
2025-02-10,77.16000366210938,78.55000305175781,76.88999938964844,78.2699966430664,78.00576782226562,131800
2025-02-11,77.75,77.8499984741211,76.87999725341797,77.2300033569336,76.96928405761719,151600
2025-02-12,76.7699966430664,77.80000305175781,76.48999786376953,76.83000183105469,76.57064056396484,100000
2025-02-13,76.97000122070312,77.9000015258789,76.97000122070312,77.81999969482422,77.55729675292969,159500
2025-02-14,78.23999786376953,78.3499984741211,77.16999816894531,77.29000091552734,77.02908325195312,113900
2025-02-18,77.22000122070312,77.25,76.72000122070312,77.06999969482422,76.80982971191406,137700
2025-02-19,77.0,78.23999786376953,76.97000122070312,78.13999938964844,77.87621307373047,105700
2025-02-20,78.0199966430664,78.0199966430664,76.51000213623047,76.83999633789062,76.58060455322266,119800
2025-02-21,77.27999877929688,77.27999877929688,76.01000213623047,76.11000061035156,75.85306549072266,106600
2025-02-24,76.48999786376953,77.08999633789062,75.94000244140625,76.37000274658203,76.11219024658203,151900
2025-02-25,77.94000244140625,83.93000030517578,77.93000030517578,83.73999786376953,83.45730590820312,300600
2025-02-26,85.0,90.23999786376953,84.73999786376953,89.33000183105469,89.0284423828125,534300
2025-02-27,88.12999725341797,88.25,84.52999877929688,84.63999938964844,84.3542709350586,363600
2025-02-28,85.0,85.9800033569336,83.94999694824219,85.27999877929688,84.99211120605469,264000
2025-03-03,85.36000061035156,86.4800033569336,83.2699966430664,83.7699966430664,83.4872055053711,173700
2025-03-04,82.88999938964844,83.70999908447266,81.51000213623047,81.56999969482422,81.29463195800781,222600
2025-03-05,82.37000274658203,83.7300033569336,81.87000274658203,83.30000305175781,83.018798828125,145400
2025-03-06,82.73999786376953,83.87999725341797,82.27999877929688,83.19999694824219,82.91912841796875,142300
2025-03-07,82.58999633789062,82.93000030517578,81.3499984741211,82.5999984741211,82.32115936279297,135400
2025-03-10,81.66000366210938,83.69000244140625,81.4000015258789,83.63999938964844,83.35765075683594,222900
2025-03-11,83.41999816894531,83.41999816894531,80.70999908447266,80.8499984741211,80.57706451416016,285300
2025-03-12,81.22000122070312,82.54000091552734,80.54000091552734,82.1500015258789,81.8726806640625,164200
2025-03-13,81.83000183105469,81.93000030517578,80.16000366210938,80.52999877929688,80.25814819335938,138000
2025-03-14,81.05000305175781,82.5199966430664,80.91000366210938,82.4800033569336,82.2015609741211,123300
2025-03-17,81.98999786376953,83.69000244140625,81.98999786376953,83.63999938964844,83.35765075683594,142000
2025-03-18,83.43000030517578,83.80999755859375,82.05000305175781,82.55999755859375,82.28129577636719,110600
2025-03-19,82.88999938964844,83.80999755859375,82.30000305175781,83.79000091552734,83.50714111328125,81900
2025-03-20,83.01000213623047,83.66000366210938,82.72000122070312,83.6500015258789,83.36761474609375,89000
2025-03-21,83.08999633789062,83.08999633789062,81.93000030517578,82.12000274658203,81.84278106689453,298900
2025-03-24,82.73999786376953,83.9000015258789,82.69999694824219,83.44000244140625,83.1583251953125,208700
2025-03-25,83.80000305175781,84.05000305175781,83.33000183105469,83.87000274658203,83.58687591552734,110500
2025-03-26,83.87000274658203,84.73999786376953,83.4000015258789,83.72000122070312,83.4373779296875,134800
2025-03-27,83.45999908447266,84.16999816894531,82.98999786376953,83.41999816894531,83.13838958740234,112300
2025-03-28,83.41999816894531,83.81999969482422,81.73999786376953,81.9800033569336,81.85730743408203,230700
2025-03-31,81.08000183105469,83.12000274658203,80.77999877929688,82.83999633789062,82.71601867675781,183100
2025-04-01,82.45999908447266,84.31999969482422,82.38999938964844,83.68000030517578,83.55476379394531,138800
2025-04-02,83.30999755859375,85.2699966430664,83.13999938964844,85.26000213623047,85.13240051269531,100800
2025-04-03,84.69000244140625,87.23999786376953,84.33999633789062,84.70999908447266,84.58322143554688,266100
2025-04-04,82.55000305175781,82.55000305175781,79.91000366210938,80.2300033569336,80.10993194580078,276600
2025-04-07,78.08000183105469,81.02999877929688,77.06999969482422,79.77999877929688,79.66059875488281,271400
2025-04-08,82.37999725341797,82.80000305175781,77.88999938964844,78.91999816894531,78.80188751220703,263300
2025-04-09,78.91000366210938,86.08000183105469,78.91000366210938,85.27999877929688,85.1523666381836,303400
2025-04-10,84.61000061035156,84.61000061035156,82.31999969482422,83.33000183105469,83.20529174804688,219300
2025-04-11,83.80000305175781,85.4000015258789,83.30999755859375,85.3499984741211,85.22225952148438,142200
2025-04-14,85.91999816894531,86.3499984741211,85.16000366210938,85.9800033569336,85.85132598876953,104900
2025-04-15,85.94999694824219,86.93000030517578,85.94999694824219,86.62999725341797,86.5003433227539,245600
2025-04-16,86.6500015258789,87.1500015258789,86.16000366210938,86.79000091552734,86.66011047363281,227000
2025-04-17,86.77999877929688,87.80999755859375,86.69000244140625,87.31999969482422,87.18931579589844,151300
2025-04-21,86.54000091552734,86.81999969482422,85.0,85.95999908447266,85.83135223388672,192900
2025-04-22,86.1500015258789,87.55000305175781,84.87000274658203,85.05999755859375,84.93269348144531,147100
2025-04-23,86.56999969482422,87.38999938964844,85.81999969482422,86.5999984741211,86.47039031982422,151000
2025-04-24,87.36000061035156,88.27999877929688,86.69999694824219,88.0999984741211,87.96814727783203,125600
2025-04-25,87.72000122070312,88.0199966430664,86.38999938964844,87.12999725341797,86.99959564208984,177700
2025-04-28,86.9800033569336,87.98999786376953,86.9800033569336,87.45999908447266,87.3291015625,87700
2025-04-29,87.30000305175781,87.81999969482422,87.08999633789062,87.51000213623047,87.37903594970703,96300
2025-04-30,87.08000183105469,88.0999984741211,86.27999877929688,87.80000305175781,87.6686019897461,236100
2025-05-01,88.3499984741211,90.29000091552734,87.45999908447266,89.93000030517578,89.79541015625,174800
2025-05-02,90.83999633789062,91.9000015258789,90.2300033569336,91.66999816894531,91.53280639648438,178200
2025-05-05,91.38999938964844,92.13999938964844,90.95999908447266,91.68000030517578,91.54279327392578,93600
2025-05-06,91.26000213623047,91.94999694824219,91.0199966430664,91.41000366210938,91.27320098876953,93000
2025-05-07,91.87000274658203,91.87000274658203,90.8499984741211,91.33999633789062,91.20329284667969,143100
2025-05-08,92.58000183105469,94.80999755859375,91.81999969482422,93.86000061035156,93.71952819824219,333500
2025-05-09,94.33999633789062,94.44000244140625,93.0,94.36000061035156,94.21878051757812,135800
2025-05-12,95.05000305175781,95.38999938964844,93.27999877929688,93.4800033569336,93.34010314941406,149000
2025-05-13,93.7300033569336,95.52999877929688,93.7300033569336,94.62999725341797,94.48837280273438,165200
2025-05-14,94.55000305175781,95.25,93.80999755859375,94.72000122070312,94.57823944091797,211800
2025-05-15,95.94000244140625,100.2300033569336,95.72000122070312,99.52999877929688,99.38104248046875,410600
2025-05-16,99.83999633789062,101.80999755859375,99.2300033569336,101.30000305175781,101.14839935302734,341500
2025-05-19,101.19999694824219,101.5999984741211,100.51000213623047,101.4800033569336,101.328125,76700
2025-05-20,100.9000015258789,103.31999969482422,100.9000015258789,101.75,101.59771728515625,340500
2025-05-21,101.62000274658203,102.62999725341797,100.12999725341797,100.2300033569336,100.07999420166016,322800
2025-05-22,100.1500015258789,101.08999633789062,99.5199966430664,100.70999908447266,100.55927276611328,245300
2025-05-23,100.38999938964844,102.3499984741211,100.30000305175781,101.83000183105469,101.67760467529297,167300
2025-05-27,102.80000305175781,103.93000030517578,102.41999816894531,103.41999816894531,103.26522064208984,222600
2025-05-28,103.16999816894531,104.48999786376953,102.8499984741211,103.94999694824219,103.79442596435547,145200
2025-05-29,104.18000030517578,104.37999725341797,103.2699966430664,103.61000061035156,103.4549331665039,135800
2025-05-30,103.6500015258789,104.0999984741211,102.48999786376953,102.94000244140625,102.78594207763672,224800
2025-06-02,102.70999908447266,104.69999694824219,102.54000091552734,104.55999755859375,104.40351104736328,140800
2025-06-03,104.31999969482422,105.02999877929688,103.61000061035156,105.0,104.84285736083984,168000
2025-06-04,104.91000366210938,106.16999816894531,104.43000030517578,105.66999816894531,105.51184844970703,143700
2025-06-05,105.81999969482422,106.19000244140625,104.87999725341797,105.27999877929688,105.1224365234375,174600
2025-06-06,105.33999633789062,106.30000305175781,105.33999633789062,106.27999877929688,106.12094116210938,105200
2025-06-09,106.18000030517578,106.62000274658203,104.88999938964844,104.9800033569336,104.82289123535156,108800
2025-06-10,105.0,105.69000244140625,104.41999816894531,105.5199966430664,105.36207580566406,169200
2025-06-11,105.80999755859375,107.91000366210938,105.5,107.25,107.08948516845703,180500
2025-06-12,107.48999786376953,108.33999633789062,107.33000183105469,107.91000366210938,107.74850463867188,128200
2025-06-13,107.2300033569336,107.91999816894531,106.36000061035156,106.72000122070312,106.5602798461914,213900
2025-06-16,106.87000274658203,108.18000030517578,106.87000274658203,107.97000122070312,107.80841064453125,188700
2025-06-17,107.56999969482422,107.75,106.0999984741211,106.47000122070312,106.31065368652344,153400
2025-06-18,106.27999877929688,106.93000030517578,106.0199966430664,106.3499984741211,106.19083404541016,89800
2025-06-20,106.77999877929688,106.93000030517578,105.05999755859375,105.4000015258789,105.24225616455078,245500
2025-06-23,105.02999877929688,106.75,104.86000061035156,106.62999725341797,106.47041320800781,387400
2025-06-24,106.94999694824219,107.68000030517578,106.80999755859375,106.91999816894531,106.75997924804688,165000
2025-06-25,107.01000213623047,107.52999877929688,106.41000366210938,106.98999786376953,106.82987213134766,124700
2025-06-26,107.38999938964844,108.31999969482422,107.12999725341797,108.30000305175781,108.1379165649414,127800
2025-06-27,108.33999633789062,109.66999816894531,108.0,109.58000183105469,109.41600036621094,204800
2025-06-30,109.80000305175781,110.16999816894531,107.87000274658203,108.68000030517578,108.68000030517578,416800
2025-07-01,108.44000244140625,109.11000061035156,108.0199966430664,108.48999786376953,108.48999786376953,58700
2025-07-02,107.8499984741211,108.72000122070312,107.27999877929688,108.69999694824219,108.69999694824219,148700
2025-07-03,109.01000213623047,110.38999938964844,109.01000213623047,110.38999938964844,110.38999938964844,99000
2025-07-07,109.88999938964844,110.0999984741211,108.44000244140625,109.69000244140625,109.69000244140625,124300
2025-07-08,109.70999908447266,109.77999877929688,108.94999694824219,109.06999969482422,109.06999969482422,223400
2025-07-09,109.19000244140625,110.20999908447266,109.19000244140625,109.94000244140625,109.94000244140625,91400
2025-07-10,109.48999786376953,110.61000061035156,108.97000122070312,110.4000015258789,110.4000015258789,136400
2025-07-11,110.0199966430664,110.51000213623047,109.48999786376953,110.43000030517578,110.43000030517578,135900
2025-07-14,110.29000091552734,112.08999633789062,110.13999938964844,111.80999755859375,111.80999755859375,167800
2025-07-15,112.04000091552734,112.27999877929688,110.95999908447266,111.12000274658203,111.12000274658203,152000
2025-07-16,111.54000091552734,111.54000091552734,108.9800033569336,110.56999969482422,110.56999969482422,149900
2025-07-17,110.66000366210938,111.3499984741211,109.9800033569336,111.06999969482422,111.06999969482422,132300
2025-07-18,111.33999633789062,112.05000305175781,111.0199966430664,111.98999786376953,111.98999786376953,131100
2025-07-21,112.86000061035156,113.5,111.3499984741211,111.70999908447266,111.70999908447266,134200
2025-07-22,111.12000274658203,111.9800033569336,110.26000213623047,111.08000183105469,111.08000183105469,116300
2025-07-23,111.43000030517578,112.11000061035156,111.2699966430664,111.76000213623047,111.76000213623047,157900
2025-07-24,111.87999725341797,112.02999877929688,110.80999755859375,110.91999816894531,110.91999816894531,157200
2025-07-25,110.66999816894531,111.26000213623047,109.9000015258789,110.19999694824219,110.19999694824219,191600
2025-07-28,110.1500015258789,110.1500015258789,108.47000122070312,108.4800033569336,108.4800033569336,187200
2025-07-29,108.72000122070312,108.91000366210938,108.29000091552734,108.58000183105469,108.58000183105469,251800
2025-07-30,108.80000305175781,110.55999755859375,108.5999984741211,109.98999786376953,109.98999786376953,212700
2025-07-31,109.77999877929688,111.04000091552734,108.98999786376953,109.36000061035156,109.36000061035156,203600
2025-08-01,108.52999877929688,109.22000122070312,106.9800033569336,108.66000366210938,108.66000366210938,182800
2025-08-04,108.62000274658203,110.12000274658203,108.62000274658203,110.01000213623047,110.01000213623047,55900
2025-08-05,111.19999694824219,112.12000274658203,110.56999969482422,111.30999755859375,111.30999755859375,177300
2025-08-06,111.66000366210938,111.66000366210938,110.08999633789062,110.47000122070312,110.47000122070312,138900
2025-08-07,110.48999786376953,110.51000213623047,108.22000122070312,108.81999969482422,108.81999969482422,222800
2025-08-08,109.4800033569336,109.95999908447266,109.1500015258789,109.54000091552734,109.54000091552734,224500
2025-08-11,109.4000015258789,109.4000015258789,108.16999816894531,109.08999633789062,109.08999633789062,214100
2025-08-12,109.4000015258789,109.4000015258789,108.27999877929688,109.18000030517578,109.18000030517578,174500
2025-08-13,109.16999816894531,109.4000015258789,107.20999908447266,108.73999786376953,108.73999786376953,286200
2025-08-14,98.4800033569336,106.44999694824219,98.0,106.12000274658203,106.12000274658203,662700
2025-08-15,106.12000274658203,108.06999969482422,105.1500015258789,106.2300033569336,106.2300033569336,279000
2025-08-18,106.3499984741211,106.7699966430664,105.51000213623047,106.05999755859375,106.05999755859375,126200
2025-08-19,105.80000305175781,107.47000122070312,105.66999816894531,107.4000015258789,107.4000015258789,152800
2025-08-20,107.69999694824219,107.77999877929688,106.01000213623047,106.01000213623047,106.01000213623047,233600
2025-08-21,106.01000213623047,108.33999633789062,105.81999969482422,108.12999725341797,108.12999725341797,155800
2025-08-22,108.5,110.88999938964844,108.37999725341797,110.79000091552734,110.79000091552734,276100
2025-08-25,110.69999694824219,110.69999694824219,108.22000122070312,108.22000122070312,108.22000122070312,209500
2025-08-26,108.36000061035156,109.0,108.19999694824219,108.79000091552734,108.79000091552734,110800
2025-08-27,108.66999816894531,109.62999725341797,108.25,109.43000030517578,109.43000030517578,127400
2025-08-28,110.0999984741211,110.37000274658203,109.06999969482422,110.02999877929688,110.02999877929688,103800
2025-08-29,110.2699966430664,110.51000213623047,108.5999984741211,108.66999816894531,108.66999816894531,117700
2025-09-02,107.80000305175781,108.69999694824219,107.30999755859375,108.23999786376953,108.23999786376953,167900
2025-09-03,108.22000122070312,108.9000015258789,108.12999725341797,108.7699966430664,108.7699966430664,91200
2025-09-04,108.86000061035156,109.98999786376953,108.83000183105469,109.29000091552734,109.29000091552734,99100
2025-09-05,109.69000244140625,109.93000030517578,107.1500015258789,108.05000305175781,108.05000305175781,137200
2025-09-08,108.11000061035156,108.37999725341797,107.08000183105469,107.62999725341797,107.62999725341797,278200
2025-09-09,107.7300033569336,107.87999725341797,106.81999969482422,107.66999816894531,107.66999816894531,228500
2025-09-10,108.33999633789062,109.16000366210938,107.88999938964844,109.08999633789062,109.08999633789062,136200
2025-09-11,109.08999633789062,112.33000183105469,108.91999816894531,112.26000213623047,112.26000213623047,157900
2025-09-12,111.63999938964844,112.08999633789062,110.5,110.5,110.5,101100
2025-09-15,111.04000091552734,111.08999633789062,109.94999694824219,110.83999633789062,110.83999633789062,131900
2025-09-16,110.66000366210938,110.98999786376953,109.83999633789062,110.19000244140625,110.19000244140625,131500
2025-09-17,110.0,110.93000030517578,109.25,109.44000244140625,109.44000244140625,119600
2025-09-18,109.61000061035156,110.56999969482422,108.69000244140625,108.69000244140625,108.69000244140625,201400
2025-09-19,109.25,109.87999725341797,108.6500015258789,109.62000274658203,109.62000274658203,787300
2025-09-22,109.01000213623047,112.0999984741211,109.01000213623047,111.98999786376953,111.98999786376953,263900
2025-09-23,111.54000091552734,111.54000091552734,106.43000030517578,107.06999969482422,107.06999969482422,360900
2025-09-24,107.19000244140625,107.9000015258789,106.41999816894531,107.02999877929688,107.02999877929688,187700
2025-09-25,106.2699966430664,107.79000091552734,106.22000122070312,107.47000122070312,107.47000122070312,184500
2025-09-26,107.62000274658203,107.95999908447266,105.76000213623047,106.22000122070312,106.22000122070312,121000
2025-09-29,106.22000122070312,106.43000030517578,105.44999694824219,105.75,105.75,130500
2025-09-30,106.04000091552734,107.88999938964844,105.8499984741211,107.80000305175781,107.80000305175781,227800
2025-10-01,107.2300033569336,109.18000030517578,107.2300033569336,109.01000213623047,109.01000213623047,158400
2025-10-02,108.80999755859375,109.41999816894531,108.5,109.08999633789062,109.08999633789062,109500
2025-10-03,109.08000183105469,110.7300033569336,109.06999969482422,110.47000122070312,110.47000122070312,100400
2025-10-06,111.01000213623047,112.01000213623047,110.37000274658203,111.06999969482422,111.06999969482422,202800
2025-10-07,111.0999984741211,111.72000122070312,110.38999938964844,111.13999938964844,111.13999938964844,130100
2025-10-08,111.20999908447266,113.13999938964844,111.06999969482422,113.08999633789062,113.08999633789062,251200
2025-10-09,113.5199966430664,113.5199966430664,110.9800033569336,111.0999984741211,111.0999984741211,118200
2025-10-10,111.56999969482422,111.56999969482422,109.31999969482422,109.33000183105469,109.33000183105469,149600
2025-10-13,109.8499984741211,111.08000183105469,109.77999877929688,110.8499984741211,110.8499984741211,45300
2025-10-14,109.88999938964844,112.7300033569336,109.86000061035156,112.58999633789062,112.58999633789062,177400
2025-10-15,113.0,113.87000274658203,110.94000244140625,112.20999908447266,112.20999908447266,115000
2025-10-16,112.87999725341797,112.87999725341797,110.16999816894531,110.30000305175781,110.30000305175781,154200
2025-10-17,110.0,110.23999786376953,109.25,110.06999969482422,110.06999969482422,204000
2025-10-20,110.70999908447266,112.12000274658203,110.62999725341797,111.91000366210938,111.91000366210938,96100
2025-10-21,111.2300033569336,113.43000030517578,110.88999938964844,113.29000091552734,113.29000091552734,124500
2025-10-22,113.75,113.98999786376953,111.83999633789062,112.33000183105469,112.33000183105469,162400
2025-10-23,112.41999816894531,112.83000183105469,111.44999694824219,111.9000015258789,111.9000015258789,96800
2025-10-24,112.7699966430664,112.86000061035156,111.52999877929688,112.0999984741211,112.0999984741211,90500
2025-10-27,112.51000213623047,112.69999694824219,111.30999755859375,112.26000213623047,112.26000213623047,98500
2025-10-28,112.27999877929688,114.5199966430664,112.23999786376953,113.69999694824219,113.69999694824219,99500
2025-10-29,113.58999633789062,113.83999633789062,112.37000274658203,112.94000244140625,112.94000244140625,175900
2025-10-30,112.66999816894531,114.2699966430664,111.41000366210938,111.87000274658203,111.87000274658203,202500
2025-10-31,111.29000091552734,111.80000305175781,110.51000213623047,110.87999725341797,110.87999725341797,159600
2025-11-03,111.0199966430664,111.0199966430664,108.56999969482422,109.51000213623047,109.51000213623047,149900
2025-11-04,108.80000305175781,109.27999877929688,107.38999938964844,107.93000030517578,107.93000030517578,186300
2025-11-05,108.04000091552734,110.55999755859375,108.04000091552734,110.43000030517578,110.43000030517578,173900
2025-11-06,110.5,110.5,108.5,108.5199966430664,108.5199966430664,147400
2025-11-07,108.33000183105469,108.69999694824219,106.97000122070312,108.08999633789062,108.08999633789062,130100
2025-11-10,108.43000030517578,108.61000061035156,106.41000366210938,106.94000244140625,106.94000244140625,211700
2025-11-11,106.69999694824219,108.5199966430664,106.69999694824219,107.81999969482422,107.81999969482422,105800
2025-11-12,108.06999969482422,108.18000030517578,107.45999908447266,107.87999725341797,107.87999725341797,196200
2025-11-13,107.83999633789062,107.94000244140625,104.62999725341797,104.72000122070312,104.72000122070312,307200
2025-11-14,106.16999816894531,108.4000015258789,104.91999816894531,105.91000366210938,105.91000366210938,439000
2025-11-17,105.11000061035156,105.51000213623047,98.13999938964844,99.16000366210938,99.16000366210938,431100
2025-11-18,98.29000091552734,99.22000122070312,96.30000305175781,96.9000015258789,96.9000015258789,396700
2025-11-19,97.16000366210938,97.16000366210938,95.27999877929688,95.94000244140625,95.94000244140625,324700
2025-11-20,97.43000030517578,97.6500015258789,93.88999938964844,94.05999755859375,94.05999755859375,282000
2025-11-21,94.18000030517578,94.70999908447266,92.44000244140625,94.05999755859375,94.05999755859375,332100
2025-11-24,93.75,94.68000030517578,92.69000244140625,94.5,94.5,284300
2025-11-25,94.45999908447266,96.30999755859375,94.3499984741211,95.86000061035156,95.86000061035156,206500
2025-11-26,96.33999633789062,97.22000122070312,96.22000122070312,96.23999786376953,96.23999786376953,125100
2025-11-28,96.22000122070312,97.01000213623047,96.19000244140625,96.55999755859375,96.55999755859375,82600
2025-12-01,95.4000015258789,95.91999816894531,94.52999877929688,95.29000091552734,95.29000091552734,162900
2025-12-02,95.81999969482422,96.0999984741211,94.2699966430664,94.37999725341797,94.37999725341797,189900
2025-12-03,94.94999694824219,96.01000213623047,94.13999938964844,95.91999816894531,95.91999816894531,161900
2025-12-04,95.76000213623047,96.02999877929688,94.87999725341797,94.98999786376953,94.98999786376953,171800
2025-12-05,95.4000015258789,96.1500015258789,94.95999908447266,95.01000213623047,95.01000213623047,133300
2025-12-08,95.01000213623047,96.20999908447266,95.0,95.55999755859375,95.55999755859375,235000
2025-12-09,96.13999938964844,96.13999938964844,94.68000030517578,94.70999908447266,94.70999908447266,196100
2025-12-10,94.79000091552734,95.81999969482422,94.41000366210938,95.12999725341797,95.12999725341797,292300
2025-12-11,94.6500015258789,95.69000244140625,94.6500015258789,95.2699966430664,95.2699966430664,151800
2025-12-12,95.56999969482422,95.56999969482422,93.37999725341797,93.63999938964844,93.63999938964844,206200
2025-12-15,94.01000213623047,94.54000091552734,93.0999984741211,93.56999969482422,93.56999969482422,439000
2025-12-16,93.58999633789062,94.98999786376953,91.54000091552734,94.58999633789062,94.58999633789062,305700
2025-12-17,94.25,94.37999725341797,92.0199966430664,92.02999877929688,92.02999877929688,162100
2025-12-18,92.97000122070312,93.38999938964844,91.62999725341797,93.19000244140625,93.19000244140625,947200
2025-12-19,93.7699966430664,94.4000015258789,93.12999725341797,94.19999694824219,94.19999694824219,473600
2025-12-22,94.44999694824219,95.05000305175781,93.76000213623047,94.36000061035156,94.36000061035156,316600
2025-12-23,94.62000274658203,96.30000305175781,94.31999969482422,96.30000305175781,96.30000305175781,508100
2025-12-24,96.4000015258789,96.9800033569336,95.44000244140625,95.79000091552734,95.79000091552734,320700
2025-12-26,96.0,96.41000366210938,95.9000015258789,96.11000061035156,96.11000061035156,110700
2025-12-29,96.04000091552734,96.75,95.73999786376953,96.16000366210938,96.16000366210938,302700
2025-12-30,96.0,96.48999786376953,95.16000366210938,95.33999633789062,95.33999633789062,294400
