date,open,high,low,close,adj_close,volume
,SVVC,SVVC,SVVC,SVVC,SVVC,SVVC
2020-01-02,6.389999866485596,6.420000076293945,6.360000133514404,6.380000114440918,6.380000114440918,32300
2020-01-03,6.360000133514404,6.440000057220459,6.360000133514404,6.380000114440918,6.380000114440918,9200
2020-01-06,6.400000095367432,6.420000076293945,6.389999866485596,6.400000095367432,6.400000095367432,30400
2020-01-07,6.389999866485596,6.440000057220459,6.360000133514404,6.440000057220459,6.440000057220459,22300
2020-01-08,6.429999828338623,6.429999828338623,6.389999866485596,6.429999828338623,6.429999828338623,15300
2020-01-09,6.440000057220459,6.440000057220459,6.429999828338623,6.440000057220459,6.440000057220459,10400
2020-01-10,6.420000076293945,6.539999961853027,6.409999847412109,6.489999771118164,6.489999771118164,24200
2020-01-13,6.480000019073486,6.5,6.429999828338623,6.429999828338623,6.429999828338623,9800
2020-01-14,6.400000095367432,6.550000190734863,6.400000095367432,6.550000190734863,6.550000190734863,9200
2020-01-15,6.420000076293945,6.550000190734863,6.420000076293945,6.53000020980835,6.53000020980835,17900
2020-01-16,6.489999771118164,6.800000190734863,6.489999771118164,6.710000038146973,6.710000038146973,18400
2020-01-17,6.659999847412109,6.659999847412109,6.550000190734863,6.619999885559082,6.619999885559082,2100
2020-01-21,6.590000152587891,6.739999771118164,6.5,6.739999771118164,6.739999771118164,9000
2020-01-22,6.699999809265137,6.75,6.659999847412109,6.710000038146973,6.710000038146973,12800
2020-01-23,6.75,6.849999904632568,6.75,6.829999923706055,6.829999923706055,8300
2020-01-24,6.78000020980835,6.840000152587891,6.760000228881836,6.769999980926514,6.769999980926514,6400
2020-01-27,6.730000019073486,6.78000020980835,6.590000152587891,6.71999979019165,6.71999979019165,20000
2020-01-28,6.690000057220459,6.739999771118164,6.619999885559082,6.679999828338623,6.679999828338623,20000
2020-01-29,6.659999847412109,6.75,6.599999904632568,6.639999866485596,6.639999866485596,14500
2020-01-30,6.579999923706055,6.579999923706055,6.519999980926514,6.539999961853027,6.539999961853027,16400
2020-01-31,6.550000190734863,6.579999923706055,6.519999980926514,6.579999923706055,6.579999923706055,12400
2020-02-03,6.53000020980835,6.550000190734863,6.53000020980835,6.550000190734863,6.550000190734863,800
2020-02-04,6.550000190734863,6.690000057220459,6.550000190734863,6.690000057220459,6.690000057220459,36600
2020-02-05,6.599999904632568,6.739999771118164,6.599999904632568,6.739999771118164,6.739999771118164,2700
2020-02-06,6.739999771118164,6.739999771118164,6.619999885559082,6.630000114440918,6.630000114440918,7000
2020-02-07,6.630000114440918,6.699999809265137,6.570000171661377,6.599999904632568,6.599999904632568,24600
2020-02-10,6.690000057220459,6.75,6.690000057220459,6.71999979019165,6.71999979019165,14800
2020-02-11,6.650000095367432,6.860000133514404,6.650000095367432,6.769999980926514,6.769999980926514,20000
2020-02-12,6.760000228881836,6.840000152587891,6.630000114440918,6.739999771118164,6.739999771118164,18500
2020-02-13,6.679999828338623,6.730000019073486,6.619999885559082,6.619999885559082,6.619999885559082,12500
2020-02-14,6.619999885559082,6.650000095367432,6.46999979019165,6.650000095367432,6.650000095367432,41200
2020-02-18,6.590000152587891,6.699999809265137,6.519999980926514,6.610000133514404,6.610000133514404,4100
2020-02-19,6.519999980926514,6.590000152587891,6.400000095367432,6.400000095367432,6.400000095367432,38000
2020-02-20,6.400000095367432,6.400000095367432,6.260000228881836,6.309999942779541,6.309999942779541,34000
2020-02-21,6.25,6.269999980926514,6.21999979019165,6.239999771118164,6.239999771118164,22800
2020-02-24,6.130000114440918,6.239999771118164,6.130000114440918,6.170000076293945,6.170000076293945,20100
2020-02-25,6.170000076293945,6.210000038146973,6.010000228881836,6.039999961853027,6.039999961853027,51000
2020-02-26,6.070000171661377,6.28000020980835,6.070000171661377,6.130000114440918,6.130000114440918,13500
2020-02-27,6.110000133514404,6.130000114440918,6.019999980926514,6.03000020980835,6.03000020980835,21400
2020-02-28,6.0,6.0,5.829999923706055,5.900000095367432,5.900000095367432,13400
2020-03-02,6.0,6.0,5.800000190734863,5.840000152587891,5.840000152587891,3900
2020-03-03,5.809999942779541,5.889999866485596,5.699999809265137,5.75,5.75,20000
2020-03-04,5.809999942779541,5.920000076293945,5.800000190734863,5.909999847412109,5.909999847412109,7800
2020-03-05,5.829999923706055,5.929999828338623,5.78000020980835,5.78000020980835,5.78000020980835,5500
2020-03-06,5.849999904632568,5.869999885559082,5.619999885559082,5.630000114440918,5.630000114440918,22900
2020-03-09,5.599999904632568,5.630000114440918,5.199999809265137,5.199999809265137,5.199999809265137,27000
2020-03-10,5.320000171661377,5.320000171661377,5.019999980926514,5.139999866485596,5.139999866485596,23200
2020-03-11,5.019999980926514,5.300000190734863,4.800000190734863,5.039999961853027,5.039999961853027,10000
2020-03-12,4.829999923706055,4.940000057220459,4.599999904632568,4.699999809265137,4.699999809265137,28700
2020-03-13,5.099999904632568,5.130000114440918,4.440000057220459,4.570000171661377,4.570000171661377,12400
2020-03-16,3.9000000953674316,4.480000019073486,3.9000000953674316,3.990000009536743,3.990000009536743,14100
2020-03-17,3.9200000762939453,4.150000095367432,3.4600000381469727,3.869999885559082,3.869999885559082,65800
2020-03-18,3.7200000286102295,3.9800000190734863,2.940000057220459,3.119999885559082,3.119999885559082,33300
2020-03-19,3.1700000762939453,3.200000047683716,2.7200000286102295,2.930000066757202,2.930000066757202,74200
2020-03-20,3.009999990463257,3.4700000286102295,2.990000009536743,3.0299999713897705,3.0299999713897705,23800
2020-03-23,3.130000114440918,3.180000066757202,2.799999952316284,3.049999952316284,3.049999952316284,18700
2020-03-24,3.2100000381469727,3.2799999713897705,2.9000000953674316,2.9600000381469727,2.9600000381469727,44000
2020-03-25,3.0299999713897705,3.1500000953674316,2.990000009536743,3.0899999141693115,3.0899999141693115,13500
2020-03-26,3.390000104904175,3.4800000190734863,3.25,3.4600000381469727,3.4600000381469727,74400
2020-03-27,3.240000009536743,3.440000057220459,3.240000009536743,3.4100000858306885,3.4100000858306885,10800
2020-03-30,3.369999885559082,3.630000114440918,3.369999885559082,3.5999999046325684,3.5999999046325684,10100
2020-03-31,3.640000104904175,3.75,3.640000104904175,3.7100000381469727,3.7100000381469727,4600
2020-04-01,3.549999952316284,3.5899999141693115,3.450000047683716,3.4800000190734863,3.4800000190734863,4500
2020-04-02,3.4600000381469727,3.5799999237060547,3.299999952316284,3.5199999809265137,3.5199999809265137,4900
2020-04-03,3.509999990463257,3.509999990463257,3.1500000953674316,3.1500000953674316,3.1500000953674316,14300
2020-04-06,3.2100000381469727,3.430000066757202,3.2100000381469727,3.369999885559082,3.369999885559082,21600
2020-04-07,3.430000066757202,3.5,3.2799999713897705,3.440000057220459,3.440000057220459,9600
2020-04-08,3.4600000381469727,3.559999942779541,3.3299999237060547,3.390000104904175,3.390000104904175,25600
2020-04-09,3.5,3.5399999618530273,3.440000057220459,3.5,3.5,14800
2020-04-13,3.490000009536743,3.5,3.3299999237060547,3.3299999237060547,3.3299999237060547,4100
2020-04-14,3.2899999618530273,3.4000000953674316,3.2899999618530273,3.309999942779541,3.309999942779541,17300
2020-04-15,3.3399999141693115,3.4600000381469727,3.3399999141693115,3.3399999141693115,3.3399999141693115,13700
2020-04-16,3.309999942779541,3.5,3.309999942779541,3.4800000190734863,3.4800000190734863,21500
2020-04-17,3.5199999809265137,3.559999942779541,3.4800000190734863,3.559999942779541,3.559999942779541,17100
2020-04-20,3.549999952316284,3.549999952316284,3.5,3.5,3.5,4200
2020-04-21,3.5,3.5,3.450000047683716,3.4600000381469727,3.4600000381469727,1300
2020-04-22,3.5,3.5299999713897705,3.5,3.5,3.5,3900
2020-04-23,3.5199999809265137,3.5399999618530273,3.4700000286102295,3.4800000190734863,3.4800000190734863,7200
2020-04-24,3.5199999809265137,3.5399999618530273,3.309999942779541,3.4200000762939453,3.4200000762939453,27000
2020-04-27,3.4200000762939453,3.5199999809265137,3.380000114440918,3.4200000762939453,3.4200000762939453,16100
2020-04-28,3.440000057220459,3.4600000381469727,3.430000066757202,3.4600000381469727,3.4600000381469727,13100
2020-04-29,3.6600000858306885,3.75,3.619999885559082,3.680000066757202,3.680000066757202,28200
2020-04-30,3.609999895095825,3.700000047683716,3.440000057220459,3.4700000286102295,3.4700000286102295,48200
2020-05-01,3.4700000286102295,3.6700000762939453,3.380000114440918,3.5,3.5,49700
2020-05-04,3.549999952316284,3.5999999046325684,3.4100000858306885,3.5999999046325684,3.5999999046325684,10100
2020-05-05,3.619999885559082,3.6700000762939453,3.5,3.5799999237060547,3.5799999237060547,13300
2020-05-06,3.619999885559082,3.619999885559082,3.4200000762939453,3.4700000286102295,3.4700000286102295,10300
2020-05-07,3.430000066757202,3.569999933242798,3.430000066757202,3.509999990463257,3.509999990463257,5600
2020-05-08,3.509999990463257,3.569999933242798,3.4200000762939453,3.450000047683716,3.450000047683716,12200
2020-05-11,3.440000057220459,3.559999942779541,3.440000057220459,3.440000057220459,3.440000057220459,12600
2020-05-12,3.4600000381469727,3.4700000286102295,3.3499999046325684,3.359999895095825,3.359999895095825,8500
2020-05-13,3.380000114440918,3.4000000953674316,3.2899999618530273,3.369999885559082,3.369999885559082,42600
2020-05-14,3.3499999046325684,3.450000047683716,3.3299999237060547,3.3299999237060547,3.3299999237060547,22400
2020-05-15,3.3499999046325684,3.4600000381469727,3.319999933242798,3.319999933242798,3.319999933242798,38600
2020-05-18,3.3499999046325684,3.6500000953674316,3.3499999046325684,3.630000114440918,3.630000114440918,26500
2020-05-19,3.5999999046325684,3.799999952316284,3.5999999046325684,3.75,3.75,34100
2020-05-20,3.7899999618530273,4.010000228881836,3.700000047683716,3.7899999618530273,3.7899999618530273,28400
2020-05-21,3.75,3.859999895095825,3.6500000953674316,3.8499999046325684,3.8499999046325684,12200
2020-05-22,3.819999933242798,3.9000000953674316,3.740000009536743,3.9000000953674316,3.9000000953674316,31600
2020-05-26,3.930000066757202,3.9700000286102295,3.490000009536743,3.7200000286102295,3.7200000286102295,36300
2020-05-27,3.759999990463257,3.799999952316284,3.700000047683716,3.759999990463257,3.759999990463257,8400
2020-05-28,3.75,3.759999990463257,3.569999933242798,3.6600000858306885,3.6600000858306885,11000
2020-05-29,3.6500000953674316,3.759999990463257,3.549999952316284,3.640000104904175,3.640000104904175,16400
2020-06-01,3.5899999141693115,3.6600000858306885,3.369999885559082,3.509999990463257,3.509999990463257,26200
2020-06-02,3.450000047683716,3.509999990463257,3.369999885559082,3.369999885559082,3.369999885559082,214100
2020-06-03,3.4100000858306885,3.4700000286102295,3.3499999046325684,3.359999895095825,3.359999895095825,143400
2020-06-04,3.369999885559082,3.450000047683716,3.3299999237060547,3.3499999046325684,3.3499999046325684,59100
2020-06-05,3.359999895095825,3.619999885559082,3.359999895095825,3.390000104904175,3.390000104904175,55500
2020-06-08,3.4000000953674316,3.4000000953674316,3.3499999046325684,3.390000104904175,3.390000104904175,177000
2020-06-09,3.4200000762939453,3.490000009536743,3.380000114440918,3.440000057220459,3.440000057220459,27800
2020-06-10,3.440000057220459,3.799999952316284,3.4000000953674316,3.6600000858306885,3.6600000858306885,253800
2020-06-11,3.4000000953674316,3.5899999141693115,3.3399999141693115,3.3399999141693115,3.3399999141693115,53900
2020-06-12,3.4100000858306885,3.740000009536743,3.359999895095825,3.569999933242798,3.569999933242798,196900
2020-06-15,3.5,3.5999999046325684,3.430000066757202,3.5399999618530273,3.5399999618530273,38100
2020-06-16,3.549999952316284,3.6700000762939453,3.4700000286102295,3.5799999237060547,3.5799999237060547,83500
2020-06-17,3.5199999809265137,4.150000095367432,3.5199999809265137,3.8399999141693115,3.8399999141693115,322100
2020-06-18,3.819999933242798,3.819999933242798,3.680000066757202,3.75,3.75,44200
2020-06-19,3.7799999713897705,4.090000152587891,3.7300000190734863,3.8299999237060547,3.8299999237060547,99500
2020-06-22,3.869999885559082,4.070000171661377,3.75,4.019999980926514,4.019999980926514,67800
2020-06-23,4.039999961853027,4.099999904632568,3.9200000762939453,3.9600000381469727,3.9600000381469727,31900
2020-06-24,3.9200000762939453,4.0,3.759999990463257,3.890000104904175,3.890000104904175,21900
2020-06-25,3.9000000953674316,4.449999809265137,3.859999895095825,4.349999904632568,4.349999904632568,273400
2020-06-26,4.460000038146973,4.760000228881836,4.179999828338623,4.409999847412109,4.409999847412109,136900
2020-06-29,4.25,4.25,4.110000133514404,4.179999828338623,4.179999828338623,56100
2020-06-30,4.110000133514404,4.199999809265137,3.9600000381469727,4.090000152587891,4.090000152587891,180800
2020-07-01,4.090000152587891,4.190000057220459,4.039999961853027,4.159999847412109,4.159999847412109,33000
2020-07-02,4.139999866485596,4.159999847412109,4.03000020980835,4.099999904632568,4.099999904632568,19400
2020-07-06,4.090000152587891,4.110000133514404,3.9100000858306885,3.950000047683716,3.950000047683716,47500
2020-07-07,3.940000057220459,5.46999979019165,3.9100000858306885,4.849999904632568,4.849999904632568,2256800
2020-07-08,4.699999809265137,4.820000171661377,4.480000019073486,4.800000190734863,4.800000190734863,136900
2020-07-09,4.71999979019165,4.800000190734863,4.409999847412109,4.610000133514404,4.610000133514404,105600
2020-07-10,4.639999866485596,4.920000076293945,4.309999942779541,4.800000190734863,4.800000190734863,147800
2020-07-13,4.900000095367432,5.550000190734863,4.900000095367432,5.400000095367432,5.400000095367432,292400
2020-07-14,5.420000076293945,5.420000076293945,5.119999885559082,5.309999942779541,5.309999942779541,93100
2020-07-15,5.400000095367432,5.550000190734863,5.289999961853027,5.349999904632568,5.349999904632568,63800
2020-07-16,5.309999942779541,5.309999942779541,5.110000133514404,5.150000095367432,5.150000095367432,51000
2020-07-17,5.179999828338623,5.269999980926514,5.090000152587891,5.130000114440918,5.130000114440918,38800
2020-07-20,5.150000095367432,5.190000057220459,4.789999961853027,4.849999904632568,4.849999904632568,55900
2020-07-21,4.860000133514404,4.860000133514404,4.619999885559082,4.75,4.75,45300
2020-07-22,4.800000190734863,4.800000190734863,4.670000076293945,4.679999828338623,4.679999828338623,10000
2020-07-23,4.679999828338623,4.75,4.590000152587891,4.590000152587891,4.590000152587891,13100
2020-07-24,4.579999923706055,4.670000076293945,4.570000171661377,4.610000133514404,4.610000133514404,147800
2020-07-27,5.0,5.059999942779541,4.71999979019165,4.920000076293945,4.920000076293945,141100
2020-07-28,4.849999904632568,4.849999904632568,4.71999979019165,4.789999961853027,4.789999961853027,28900
2020-07-29,4.739999771118164,4.800000190734863,4.690000057220459,4.769999980926514,4.769999980926514,32600
2020-07-30,4.769999980926514,4.820000171661377,4.75,4.809999942779541,4.809999942779541,19500
2020-07-31,4.860000133514404,4.909999847412109,4.829999923706055,4.880000114440918,4.880000114440918,10600
2020-08-03,4.849999904632568,5.050000190734863,4.800000190734863,4.940000057220459,4.940000057220459,36200
2020-08-04,4.920000076293945,4.960000038146973,4.860000133514404,4.920000076293945,4.920000076293945,25400
2020-08-05,4.900000095367432,5.119999885559082,4.849999904632568,5.050000190734863,5.050000190734863,38200
2020-08-06,5.0,5.130000114440918,4.75,4.75,4.75,7900
2020-08-07,4.75,4.989999771118164,4.75,4.960000038146973,4.960000038146973,8800
2020-08-10,4.960000038146973,5.050000190734863,4.960000038146973,5.039999961853027,5.039999961853027,30800
2020-08-11,5.050000190734863,5.050000190734863,4.96999979019165,5.03000020980835,5.03000020980835,22000
2020-08-12,4.940000057220459,5.190000057220459,4.929999828338623,5.190000057220459,5.190000057220459,30400
2020-08-13,5.110000133514404,5.130000114440918,4.96999979019165,5.130000114440918,5.130000114440918,33900
2020-08-14,5.039999961853027,5.050000190734863,4.940000057220459,5.0,5.0,15600
2020-08-17,5.0,5.170000076293945,5.0,5.079999923706055,5.079999923706055,8200
2020-08-18,5.03000020980835,5.179999828338623,4.71999979019165,5.03000020980835,5.03000020980835,27900
2020-08-19,4.980000019073486,5.0,4.880000114440918,4.940000057220459,4.940000057220459,5300
2020-08-20,4.96999979019165,4.96999979019165,4.860000133514404,4.889999866485596,4.889999866485596,8400
2020-08-21,4.900000095367432,4.949999809265137,4.739999771118164,4.840000152587891,4.840000152587891,29100
2020-08-24,4.789999961853027,4.949999809265137,4.789999961853027,4.840000152587891,4.840000152587891,18200
2020-08-25,4.849999904632568,4.949999809265137,4.800000190734863,4.809999942779541,4.809999942779541,9400
2020-08-26,4.849999904632568,4.96999979019165,4.809999942779541,4.809999942779541,4.809999942779541,20400
2020-08-27,4.860000133514404,4.949999809265137,4.820000171661377,4.820000171661377,4.820000171661377,14600
2020-08-28,4.820000171661377,4.980000019073486,4.820000171661377,4.909999847412109,4.909999847412109,6800
2020-08-31,4.900000095367432,4.940000057220459,4.679999828338623,4.75,4.75,29300
2020-09-01,4.679999828338623,4.849999904632568,4.670000076293945,4.679999828338623,4.679999828338623,11300
2020-09-02,4.75,4.769999980926514,4.679999828338623,4.690000057220459,4.690000057220459,14800
2020-09-03,4.699999809265137,4.75,4.440000057220459,4.449999809265137,4.449999809265137,31800
2020-09-04,4.440000057220459,4.539999961853027,4.369999885559082,4.389999866485596,4.389999866485596,29200
2020-09-08,4.360000133514404,4.420000076293945,4.309999942779541,4.320000171661377,4.320000171661377,14100
2020-09-09,4.329999923706055,4.389999866485596,4.329999923706055,4.329999923706055,4.329999923706055,10000
2020-09-10,4.340000152587891,4.349999904632568,4.289999961853027,4.300000190734863,4.300000190734863,15700
2020-09-11,4.260000228881836,4.360000133514404,4.230000019073486,4.260000228881836,4.260000228881836,37300
2020-09-14,4.260000228881836,4.449999809265137,4.239999771118164,4.239999771118164,4.239999771118164,28200
2020-09-15,4.260000228881836,4.449999809265137,4.21999979019165,4.21999979019165,4.21999979019165,41300
2020-09-16,4.409999847412109,4.420000076293945,4.300000190734863,4.300000190734863,4.300000190734863,13600
2020-09-17,4.360000133514404,4.420000076293945,4.300000190734863,4.389999866485596,4.389999866485596,21800
2020-09-18,4.46999979019165,4.46999979019165,4.320000171661377,4.349999904632568,4.349999904632568,41800
2020-09-21,4.260000228881836,4.289999961853027,4.119999885559082,4.159999847412109,4.159999847412109,33100
2020-09-22,4.159999847412109,4.300000190734863,4.119999885559082,4.150000095367432,4.150000095367432,14600
2020-09-23,4.190000057220459,4.190000057220459,4.110000133514404,4.110000133514404,4.110000133514404,6200
2020-09-24,4.150000095367432,5.0,4.039999961853027,4.150000095367432,4.150000095367432,320200
2020-09-25,4.170000076293945,4.260000228881836,4.079999923706055,4.239999771118164,4.239999771118164,10000
2020-09-28,4.300000190734863,4.340000152587891,4.190000057220459,4.329999923706055,4.329999923706055,8800
2020-09-29,4.28000020980835,4.300000190734863,4.119999885559082,4.130000114440918,4.130000114440918,9000
2020-09-30,4.130000114440918,4.25,4.119999885559082,4.130000114440918,4.130000114440918,12400
2020-10-01,4.090000152587891,4.170000076293945,4.0,4.03000020980835,4.03000020980835,72800
2020-10-02,4.170000076293945,4.21999979019165,4.010000228881836,4.010000228881836,4.010000228881836,11600
2020-10-05,4.110000133514404,4.110000133514404,3.9000000953674316,3.9800000190734863,3.9800000190734863,71000
2020-10-06,3.950000047683716,4.179999828338623,3.950000047683716,3.9800000190734863,3.9800000190734863,19400
2020-10-07,4.010000228881836,4.079999923706055,3.9700000286102295,3.9700000286102295,3.9700000286102295,7900
2020-10-08,4.050000190734863,4.050000190734863,3.940000057220459,4.0,4.0,9300
2020-10-09,3.940000057220459,3.9600000381469727,3.859999895095825,3.9200000762939453,3.9200000762939453,20500
2020-10-12,3.890000104904175,3.990000009536743,3.8399999141693115,3.8499999046325684,3.8499999046325684,32000
2020-10-13,3.819999933242798,3.880000114440918,3.619999885559082,3.630000114440918,3.630000114440918,64500
2020-10-14,3.609999895095825,3.680000066757202,3.4800000190734863,3.4800000190734863,3.4800000190734863,56600
2020-10-15,3.450000047683716,3.549999952316284,3.390000104904175,3.390000104904175,3.390000104904175,14300
2020-10-16,3.4700000286102295,3.7100000381469727,3.390000104904175,3.4600000381469727,3.4600000381469727,45100
2020-10-19,3.4700000286102295,3.5,3.359999895095825,3.380000114440918,3.380000114440918,26400
2020-10-20,3.4700000286102295,3.5,3.369999885559082,3.390000104904175,3.390000104904175,41700
2020-10-21,3.4000000953674316,3.4000000953674316,3.25,3.2899999618530273,3.2899999618530273,26400
2020-10-22,3.380000114440918,3.380000114440918,3.240000009536743,3.25,3.25,17000
2020-10-23,3.309999942779541,3.630000114440918,3.259999990463257,3.309999942779541,3.309999942779541,66700
2020-10-26,3.240000009536743,3.259999990463257,2.9800000190734863,3.190000057220459,3.190000057220459,56300
2020-10-27,3.119999885559082,3.200000047683716,3.119999885559082,3.1600000858306885,3.1600000858306885,2100
2020-10-28,3.1500000953674316,3.190000057220459,3.0199999809265137,3.0999999046325684,3.0999999046325684,12600
2020-10-29,3.0999999046325684,3.2799999713897705,3.0999999046325684,3.190000057220459,3.190000057220459,114300
2020-10-30,3.190000057220459,3.2799999713897705,3.069999933242798,3.0899999141693115,3.0899999141693115,72700
2020-11-02,3.1600000858306885,3.190000057220459,3.0299999713897705,3.069999933242798,3.069999933242798,12900
2020-11-03,3.0399999618530273,3.1700000762939453,3.0399999618530273,3.1600000858306885,3.1600000858306885,15500
2020-11-04,3.109999895095825,3.2300000190734863,3.049999952316284,3.2300000190734863,3.2300000190734863,11100
2020-11-05,3.200000047683716,3.2899999618530273,3.069999933242798,3.2200000286102295,3.2200000286102295,26200
2020-11-06,3.109999895095825,3.259999990463257,3.0999999046325684,3.1600000858306885,3.1600000858306885,53000
2020-11-09,3.2100000381469727,3.3299999237060547,3.140000104904175,3.2300000190734863,3.2300000190734863,29500
2020-11-10,3.319999933242798,3.4600000381469727,3.25,3.4000000953674316,3.4000000953674316,110900
2020-11-11,3.450000047683716,3.450000047683716,3.2899999618530273,3.309999942779541,3.309999942779541,13700
2020-11-12,3.2699999809265137,3.3399999141693115,3.2100000381469727,3.259999990463257,3.259999990463257,6900
2020-11-13,3.450000047683716,3.509999990463257,3.25,3.359999895095825,3.359999895095825,80800
2020-11-16,3.359999895095825,3.7200000286102295,3.359999895095825,3.700000047683716,3.700000047683716,229700
2020-11-17,3.690000057220459,3.8299999237060547,3.690000057220459,3.759999990463257,3.759999990463257,74600
2020-11-18,3.700000047683716,3.930000066757202,3.700000047683716,3.9000000953674316,3.9000000953674316,146400
2020-11-19,3.8399999141693115,3.940000057220459,3.7899999618530273,3.880000114440918,3.880000114440918,13900
2020-11-20,3.8499999046325684,4.0,3.8499999046325684,3.9700000286102295,3.9700000286102295,16600
2020-11-23,3.890000104904175,4.210000038146973,3.890000104904175,4.090000152587891,4.090000152587891,61800
2020-11-24,4.050000190734863,4.480000019073486,4.039999961853027,4.440000057220459,4.440000057220459,64000
2020-11-25,4.440000057220459,5.03000020980835,4.380000114440918,4.909999847412109,4.909999847412109,160300
2020-11-27,4.840000152587891,5.110000133514404,4.730000019073486,5.110000133514404,5.110000133514404,58800
2020-11-30,5.110000133514404,5.110000133514404,4.650000095367432,5.039999961853027,5.039999961853027,128600
2020-12-01,5.099999904632568,5.099999904632568,4.659999847412109,4.820000171661377,4.820000171661377,22700
2020-12-02,4.820000171661377,4.860000133514404,4.53000020980835,4.539999961853027,4.539999961853027,26300
2020-12-03,4.539999961853027,4.619999885559082,4.480000019073486,4.480000019073486,4.480000019073486,31800
2020-12-04,4.449999809265137,4.480000019073486,4.289999961853027,4.389999866485596,4.389999866485596,34500
2020-12-07,4.150000095367432,4.510000228881836,4.150000095367432,4.489999771118164,4.489999771118164,15700
2020-12-08,4.570000171661377,4.590000152587891,4.369999885559082,4.409999847412109,4.409999847412109,33200
2020-12-09,4.380000114440918,4.539999961853027,4.159999847412109,4.210000038146973,4.210000038146973,50700
2020-12-10,4.239999771118164,4.400000095367432,4.239999771118164,4.380000114440918,4.380000114440918,50500
2020-12-11,4.400000095367432,4.570000171661377,4.320000171661377,4.449999809265137,4.449999809265137,90000
2020-12-14,4.480000019073486,4.5,4.289999961853027,4.369999885559082,4.369999885559082,39600
2020-12-15,4.309999942779541,4.440000057220459,4.300000190734863,4.389999866485596,4.389999866485596,33300
2020-12-16,4.389999866485596,4.429999828338623,4.320000171661377,4.420000076293945,4.420000076293945,27600
2020-12-17,4.409999847412109,4.429999828338623,4.340000152587891,4.369999885559082,4.369999885559082,11900
2020-12-18,4.340000152587891,4.400000095367432,4.300000190734863,4.320000171661377,4.320000171661377,32000
2020-12-21,4.289999961853027,4.389999866485596,4.25,4.340000152587891,4.340000152587891,58700
2020-12-22,4.340000152587891,4.519999980926514,4.269999980926514,4.519999980926514,4.519999980926514,52800
2020-12-23,4.46999979019165,4.53000020980835,4.440000057220459,4.449999809265137,4.449999809265137,26900
2020-12-24,4.400000095367432,4.5,4.400000095367432,4.489999771118164,4.489999771118164,10600
2020-12-28,4.449999809265137,4.539999961853027,4.360000133514404,4.460000038146973,4.460000038146973,56800
2020-12-29,4.420000076293945,4.420000076293945,4.309999942779541,4.369999885559082,4.369999885559082,36300
2020-12-30,4.340000152587891,4.380000114440918,4.21999979019165,4.360000133514404,4.360000133514404,65400
2020-12-31,4.360000133514404,4.46999979019165,4.260000228881836,4.46999979019165,4.46999979019165,69900
2021-01-04,4.489999771118164,4.489999771118164,4.320000171661377,4.320000171661377,4.320000171661377,6100
2021-01-05,4.329999923706055,4.460000038146973,4.320000171661377,4.460000038146973,4.460000038146973,13300
2021-01-06,4.349999904632568,4.440000057220459,4.349999904632568,4.420000076293945,4.420000076293945,22000
2021-01-07,4.349999904632568,4.539999961853027,4.349999904632568,4.519999980926514,4.519999980926514,44500
2021-01-08,4.489999771118164,4.510000228881836,4.429999828338623,4.460000038146973,4.460000038146973,12000
2021-01-11,4.409999847412109,4.610000133514404,4.400000095367432,4.599999904632568,4.599999904632568,47900
2021-01-12,4.599999904632568,4.739999771118164,4.590000152587891,4.71999979019165,4.71999979019165,47600
2021-01-13,4.679999828338623,4.739999771118164,4.650000095367432,4.670000076293945,4.670000076293945,26300
2021-01-14,4.639999866485596,4.75,4.639999866485596,4.670000076293945,4.670000076293945,15100
2021-01-15,4.610000133514404,4.900000095367432,4.610000133514404,4.900000095367432,4.900000095367432,68800
2021-01-19,4.869999885559082,5.079999923706055,4.820000171661377,5.039999961853027,5.039999961853027,53300
2021-01-20,4.980000019073486,5.25,4.619999885559082,5.099999904632568,5.099999904632568,63900
2021-01-21,5.099999904632568,5.119999885559082,4.980000019073486,5.079999923706055,5.079999923706055,16200
2021-01-22,5.079999923706055,5.150000095367432,5.010000228881836,5.150000095367432,5.150000095367432,8200
2021-01-25,5.139999866485596,5.230000019073486,5.03000020980835,5.099999904632568,5.099999904632568,47900
2021-01-26,5.150000095367432,6.630000114440918,5.110000133514404,6.059999942779541,6.059999942779541,635700
2021-01-27,6.090000152587891,6.119999885559082,5.829999923706055,5.889999866485596,5.889999866485596,82100
2021-01-28,5.900000095367432,6.099999904632568,5.789999961853027,5.940000057220459,5.940000057220459,74000
2021-01-29,5.940000057220459,6.21999979019165,5.829999923706055,6.099999904632568,6.099999904632568,54700
2021-02-01,6.059999942779541,6.059999942779541,5.75,5.860000133514404,5.860000133514404,59300
2021-02-02,5.96999979019165,6.300000190734863,5.710000038146973,6.179999828338623,6.179999828338623,130500
2021-02-03,6.079999923706055,6.309999942779541,5.949999809265137,6.210000038146973,6.210000038146973,61800
2021-02-04,6.110000133514404,6.579999923706055,6.110000133514404,6.289999961853027,6.289999961853027,104100
2021-02-05,6.349999904632568,6.349999904632568,6.130000114440918,6.21999979019165,6.21999979019165,22600
2021-02-08,6.400000095367432,6.809999942779541,6.289999961853027,6.630000114440918,6.630000114440918,160200
2021-02-09,6.630000114440918,7.369999885559082,6.630000114440918,7.210000038146973,7.210000038146973,159500
2021-02-10,7.210000038146973,7.239999771118164,6.699999809265137,7.079999923706055,7.079999923706055,85400
2021-02-11,6.989999771118164,7.25,6.869999885559082,7.25,7.25,70200
2021-02-12,7.170000076293945,7.25,7.019999980926514,7.099999904632568,7.099999904632568,29600
2021-02-16,7.179999828338623,7.230000019073486,7.03000020980835,7.150000095367432,7.150000095367432,31100
2021-02-17,7.130000114440918,7.159999847412109,6.849999904632568,7.0,7.0,91000
2021-02-18,6.909999847412109,7.099999904632568,6.75,6.760000228881836,6.760000228881836,28900
2021-02-19,6.989999771118164,6.989999771118164,6.75,6.829999923706055,6.829999923706055,43800
2021-02-22,6.889999866485596,6.949999809265137,6.809999942779541,6.809999942779541,6.809999942779541,18000
2021-02-23,6.800000190734863,6.900000095367432,6.260000228881836,6.570000171661377,6.570000171661377,46800
2021-02-24,6.579999923706055,6.829999923706055,6.559999942779541,6.800000190734863,6.800000190734863,30400
2021-02-25,6.809999942779541,6.809999942779541,6.480000019073486,6.690000057220459,6.690000057220459,22800
2021-02-26,6.679999828338623,6.829999923706055,6.420000076293945,6.710000038146973,6.710000038146973,26600
2021-03-01,6.800000190734863,6.800000190734863,6.5,6.650000095367432,6.650000095367432,25300
2021-03-02,6.699999809265137,6.699999809265137,6.5,6.639999866485596,6.639999866485596,28400
2021-03-03,6.630000114440918,6.639999866485596,6.400000095367432,6.5,6.5,9300
2021-03-04,6.449999809265137,6.75,5.920000076293945,6.03000020980835,6.03000020980835,52000
2021-03-05,6.050000190734863,6.079999923706055,5.699999809265137,5.880000114440918,5.880000114440918,43900
2021-03-08,5.929999828338623,5.96999979019165,5.78000020980835,5.78000020980835,5.78000020980835,8700
2021-03-09,5.989999771118164,6.0,5.900000095367432,5.900000095367432,5.900000095367432,7900
2021-03-10,5.989999771118164,6.0,5.860000133514404,5.909999847412109,5.909999847412109,4900
2021-03-11,5.920000076293945,6.0,5.820000171661377,5.920000076293945,5.920000076293945,10700
2021-03-12,5.809999942779541,5.900000095367432,5.670000076293945,5.75,5.75,32700
2021-03-15,5.900000095367432,5.900000095367432,5.78000020980835,5.829999923706055,5.829999923706055,2700
2021-03-16,5.960000038146973,5.960000038146973,5.769999980926514,5.809999942779541,5.809999942779541,7000
2021-03-17,5.78000020980835,5.96999979019165,5.670000076293945,5.769999980926514,5.769999980926514,21900
2021-03-18,5.760000228881836,5.760000228881836,5.650000095367432,5.699999809265137,5.699999809265137,9800
2021-03-19,5.739999771118164,5.789999961853027,5.590000152587891,5.789999961853027,5.789999961853027,27700
2021-03-22,5.739999771118164,5.829999923706055,5.730000019073486,5.829999923706055,5.829999923706055,15000
2021-03-23,5.860000133514404,5.860000133514404,5.5,5.679999828338623,5.679999828338623,27200
2021-03-24,5.730000019073486,5.730000019073486,5.429999828338623,5.559999942779541,5.559999942779541,26000
2021-03-25,5.489999771118164,5.539999961853027,5.21999979019165,5.300000190734863,5.300000190734863,42400
2021-03-26,5.300000190734863,5.440000057220459,5.21999979019165,5.400000095367432,5.400000095367432,18500
2021-03-29,5.460000038146973,5.699999809265137,5.309999942779541,5.489999771118164,5.489999771118164,20600
2021-03-30,5.429999828338623,5.460000038146973,5.300000190734863,5.360000133514404,5.360000133514404,12900
2021-03-31,5.349999904632568,5.53000020980835,5.349999904632568,5.360000133514404,5.360000133514404,29200
2021-04-01,5.550000190734863,5.639999866485596,5.429999828338623,5.519999980926514,5.519999980926514,7400
2021-04-05,5.480000019073486,5.550000190734863,5.480000019073486,5.5,5.5,14900
2021-04-06,5.5,5.710000038146973,5.5,5.679999828338623,5.679999828338623,19900
2021-04-07,5.679999828338623,5.789999961853027,5.630000114440918,5.78000020980835,5.78000020980835,42800
2021-04-08,5.769999980926514,6.03000020980835,5.769999980926514,5.809999942779541,5.809999942779541,36600
2021-04-09,5.869999885559082,5.96999979019165,5.860000133514404,5.860000133514404,5.860000133514404,29300
2021-04-12,5.940000057220459,6.050000190734863,5.860000133514404,6.03000020980835,6.03000020980835,25100
2021-04-13,6.25,6.369999885559082,6.0,6.25,6.25,109200
2021-04-14,6.449999809265137,6.449999809265137,6.079999923706055,6.369999885559082,6.369999885559082,88200
2021-04-15,6.360000133514404,6.369999885559082,6.050000190734863,6.340000152587891,6.340000152587891,73700
2021-04-16,6.289999961853027,6.400000095367432,6.210000038146973,6.28000020980835,6.28000020980835,24700
2021-04-19,6.320000171661377,6.349999904632568,6.110000133514404,6.289999961853027,6.289999961853027,24400
2021-04-20,6.199999809265137,6.260000228881836,5.949999809265137,6.039999961853027,6.039999961853027,102700
2021-04-21,6.0,6.179999828338623,6.0,6.139999866485596,6.139999866485596,23300
2021-04-22,6.28000020980835,6.400000095367432,6.190000057220459,6.260000228881836,6.260000228881836,82200
2021-04-23,6.25,6.320000171661377,6.210000038146973,6.230000019073486,6.230000019073486,5900
2021-04-26,6.190000057220459,6.239999771118164,6.090000152587891,6.210000038146973,6.210000038146973,5200
2021-04-27,6.230000019073486,6.25,6.099999904632568,6.239999771118164,6.239999771118164,29200
2021-04-28,6.199999809265137,6.25,6.199999809265137,6.25,6.25,7800
2021-04-29,6.300000190734863,6.349999904632568,6.159999847412109,6.349999904632568,6.349999904632568,26600
2021-04-30,6.349999904632568,6.400000095367432,6.300000190734863,6.400000095367432,6.400000095367432,32400
2021-05-03,6.369999885559082,6.369999885559082,6.239999771118164,6.269999980926514,6.269999980926514,13500
2021-05-04,6.269999980926514,6.409999847412109,6.199999809265137,6.409999847412109,6.409999847412109,40100
2021-05-05,6.5,6.78000020980835,6.420000076293945,6.690000057220459,6.690000057220459,80900
2021-05-06,6.650000095367432,6.690000057220459,6.429999828338623,6.480000019073486,6.480000019073486,23600
2021-05-07,6.550000190734863,6.670000076293945,6.289999961853027,6.53000020980835,6.53000020980835,20400
2021-05-10,6.590000152587891,6.599999904632568,6.349999904632568,6.389999866485596,6.389999866485596,31300
2021-05-11,6.269999980926514,6.300000190734863,6.059999942779541,6.139999866485596,6.139999866485596,46600
2021-05-12,6.110000133514404,6.190000057220459,6.039999961853027,6.059999942779541,6.059999942779541,8600
2021-05-13,6.090000152587891,6.150000095367432,5.880000114440918,6.050000190734863,6.050000190734863,13900
2021-05-14,6.119999885559082,6.159999847412109,6.050000190734863,6.070000171661377,6.070000171661377,13600
2021-05-17,6.019999980926514,6.170000076293945,5.989999771118164,6.050000190734863,6.050000190734863,19000
2021-05-18,6.130000114440918,6.179999828338623,6.050000190734863,6.159999847412109,6.159999847412109,6600
2021-05-19,6.150000095367432,6.150000095367432,6.03000020980835,6.099999904632568,6.099999904632568,14600
2021-05-20,6.150000095367432,6.269999980926514,6.119999885559082,6.230000019073486,6.230000019073486,21600
2021-05-21,6.28000020980835,6.28000020980835,6.210000038146973,6.260000228881836,6.260000228881836,3500
2021-05-24,6.239999771118164,6.309999942779541,6.239999771118164,6.289999961853027,6.289999961853027,14800
2021-05-25,6.309999942779541,6.309999942779541,6.239999771118164,6.300000190734863,6.300000190734863,21700
2021-05-26,6.179999828338623,6.179999828338623,6.070000171661377,6.079999923706055,6.079999923706055,36300
2021-05-27,6.079999923706055,6.130000114440918,6.050000190734863,6.099999904632568,6.099999904632568,6500
2021-05-28,6.099999904632568,6.179999828338623,5.760000228881836,5.940000057220459,5.940000057220459,25300
2021-06-01,5.900000095367432,5.900000095367432,5.599999904632568,5.760000228881836,5.760000228881836,76900
2021-06-02,5.860000133514404,5.860000133514404,5.699999809265137,5.769999980926514,5.769999980926514,23800
2021-06-03,5.739999771118164,5.739999771118164,5.630000114440918,5.670000076293945,5.670000076293945,14800
2021-06-04,5.630000114440918,5.699999809265137,5.360000133514404,5.539999961853027,5.539999961853027,72700
2021-06-07,5.590000152587891,5.670000076293945,5.409999847412109,5.630000114440918,5.630000114440918,33300
2021-06-08,5.679999828338623,5.679999828338623,5.53000020980835,5.599999904632568,5.599999904632568,8500
2021-06-09,5.619999885559082,5.730000019073486,5.619999885559082,5.730000019073486,5.730000019073486,64200
2021-06-10,5.71999979019165,5.730000019073486,5.670000076293945,5.670000076293945,5.670000076293945,14900
2021-06-11,5.659999847412109,5.739999771118164,5.659999847412109,5.739999771118164,5.739999771118164,28100
2021-06-14,5.739999771118164,5.739999771118164,5.539999961853027,5.679999828338623,5.679999828338623,31100
2021-06-15,5.679999828338623,5.739999771118164,5.679999828338623,5.679999828338623,5.679999828338623,8400
2021-06-16,5.71999979019165,5.730000019073486,5.710000038146973,5.71999979019165,5.71999979019165,10100
2021-06-17,5.730000019073486,5.739999771118164,5.71999979019165,5.730000019073486,5.730000019073486,10000
2021-06-18,5.699999809265137,5.739999771118164,5.670000076293945,5.71999979019165,5.71999979019165,8400
2021-06-21,5.739999771118164,5.739999771118164,5.690000057220459,5.690000057220459,5.690000057220459,17100
2021-06-22,5.679999828338623,5.739999771118164,5.679999828338623,5.71999979019165,5.71999979019165,7700
2021-06-23,5.739999771118164,5.739999771118164,5.710000038146973,5.730000019073486,5.730000019073486,10400
2021-06-24,5.730000019073486,5.739999771118164,5.699999809265137,5.710000038146973,5.710000038146973,11300
2021-06-25,5.730000019073486,5.730000019073486,5.699999809265137,5.710000038146973,5.710000038146973,9100
2021-06-28,5.710000038146973,5.710000038146973,5.670000076293945,5.670000076293945,5.670000076293945,10100
2021-06-29,5.679999828338623,5.710000038146973,5.679999828338623,5.710000038146973,5.710000038146973,2500
2021-06-30,5.710000038146973,5.71999979019165,5.690000057220459,5.699999809265137,5.699999809265137,15400
2021-07-01,5.71999979019165,5.739999771118164,5.710000038146973,5.730000019073486,5.730000019073486,2100
2021-07-02,5.71999979019165,5.739999771118164,5.670000076293945,5.71999979019165,5.71999979019165,21200
2021-07-06,5.679999828338623,5.739999771118164,5.659999847412109,5.710000038146973,5.710000038146973,36900
2021-07-07,5.710000038146973,5.71999979019165,5.650000095367432,5.71999979019165,5.71999979019165,13000
2021-07-08,5.71999979019165,5.71999979019165,5.670000076293945,5.690000057220459,5.690000057220459,2300
2021-07-09,5.690000057220459,5.699999809265137,5.679999828338623,5.690000057220459,5.690000057220459,10900
2021-07-12,5.679999828338623,5.739999771118164,5.679999828338623,5.699999809265137,5.699999809265137,7400
2021-07-13,5.730000019073486,5.739999771118164,5.710000038146973,5.730000019073486,5.730000019073486,2100
2021-07-14,5.730000019073486,5.730000019073486,5.710000038146973,5.710000038146973,5.710000038146973,4500
2021-07-15,5.730000019073486,5.730000019073486,5.53000020980835,5.53000020980835,5.53000020980835,17200
2021-07-16,5.639999866485596,5.690000057220459,5.610000133514404,5.619999885559082,5.619999885559082,9200
2021-07-19,5.650000095367432,5.650000095367432,5.519999980926514,5.630000114440918,5.630000114440918,12100
2021-07-20,5.610000133514404,5.690000057220459,5.579999923706055,5.639999866485596,5.639999866485596,3300
2021-07-21,5.650000095367432,5.679999828338623,5.650000095367432,5.679999828338623,5.679999828338623,6500
2021-07-22,5.670000076293945,5.71999979019165,5.670000076293945,5.710000038146973,5.710000038146973,4700
2021-07-23,5.710000038146973,5.71999979019165,5.699999809265137,5.710000038146973,5.710000038146973,2700
2021-07-26,5.71999979019165,5.730000019073486,5.679999828338623,5.679999828338623,5.679999828338623,4200
2021-07-27,5.679999828338623,5.679999828338623,5.630000114440918,5.630000114440918,5.630000114440918,1100
2021-07-28,5.630000114440918,5.739999771118164,5.619999885559082,5.71999979019165,5.71999979019165,5000
2021-07-29,5.699999809265137,5.699999809265137,5.630000114440918,5.690000057220459,5.690000057220459,6200
2021-07-30,5.690000057220459,5.699999809265137,5.659999847412109,5.699999809265137,5.699999809265137,8900
2021-08-02,5.690000057220459,5.690000057220459,5.599999904632568,5.630000114440918,5.630000114440918,14500
2021-08-03,5.619999885559082,5.699999809265137,5.619999885559082,5.679999828338623,5.679999828338623,2000
2021-08-04,5.699999809265137,5.699999809265137,5.579999923706055,5.619999885559082,5.619999885559082,9400
2021-08-05,5.679999828338623,5.699999809265137,5.579999923706055,5.679999828338623,5.679999828338623,4400
2021-08-06,5.690000057220459,5.840000152587891,5.690000057220459,5.769999980926514,5.769999980926514,24800
2021-08-09,5.769999980926514,5.800000190734863,5.739999771118164,5.800000190734863,5.800000190734863,5900
2021-08-10,5.75,5.800000190734863,5.730000019073486,5.769999980926514,5.769999980926514,10500
2021-08-11,5.800000190734863,5.800000190734863,5.78000020980835,5.78000020980835,5.78000020980835,3900
2021-08-12,5.75,5.880000114440918,5.75,5.829999923706055,5.829999923706055,5400
2021-08-13,5.840000152587891,5.840000152587891,5.760000228881836,5.789999961853027,5.789999961853027,7400
2021-08-16,5.730000019073486,5.809999942779541,5.699999809265137,5.71999979019165,5.71999979019165,9400
2021-08-17,5.650000095367432,5.880000114440918,5.650000095367432,5.829999923706055,5.829999923706055,65700
2021-08-18,5.889999866485596,5.889999866485596,5.800000190734863,5.820000171661377,5.820000171661377,5300
2021-08-19,5.849999904632568,5.849999904632568,5.739999771118164,5.78000020980835,5.78000020980835,5600
2021-08-20,5.840000152587891,5.869999885559082,5.760000228881836,5.829999923706055,5.829999923706055,27900
2021-08-23,5.849999904632568,5.889999866485596,5.829999923706055,5.869999885559082,5.869999885559082,30200
2021-08-24,5.840000152587891,5.889999866485596,5.690000057220459,5.760000228881836,5.760000228881836,14400
2021-08-25,5.679999828338623,5.789999961853027,5.679999828338623,5.739999771118164,5.739999771118164,7100
2021-08-26,5.75,5.789999961853027,5.650000095367432,5.710000038146973,5.710000038146973,16700
2021-08-27,5.710000038146973,5.739999771118164,5.699999809265137,5.699999809265137,5.699999809265137,10000
2021-08-30,5.730000019073486,5.739999771118164,5.710000038146973,5.730000019073486,5.730000019073486,9500
2021-08-31,5.71999979019165,5.730000019073486,5.610000133514404,5.690000057220459,5.690000057220459,7200
2021-09-01,5.650000095367432,5.75,5.630000114440918,5.670000076293945,5.670000076293945,6000
2021-09-02,5.670000076293945,5.679999828338623,5.630000114440918,5.639999866485596,5.639999866485596,2200
2021-09-03,5.650000095367432,5.650000095367432,5.619999885559082,5.619999885559082,5.619999885559082,11000
2021-09-07,5.630000114440918,5.690000057220459,5.630000114440918,5.690000057220459,5.690000057220459,6900
2021-09-08,5.670000076293945,5.690000057220459,5.599999904632568,5.630000114440918,5.630000114440918,24300
2021-09-09,5.639999866485596,5.659999847412109,5.269999980926514,5.460000038146973,5.460000038146973,27300
2021-09-10,5.559999942779541,5.559999942779541,5.440000057220459,5.449999809265137,5.449999809265137,5200
2021-09-13,5.46999979019165,5.519999980926514,5.449999809265137,5.449999809265137,5.449999809265137,4800
2021-09-14,5.460000038146973,5.539999961853027,5.25,5.25,5.25,8600
2021-09-15,5.25,5.309999942779541,5.119999885559082,5.119999885559082,5.119999885559082,9900
2021-09-16,5.300000190734863,5.300000190734863,5.059999942779541,5.230000019073486,5.230000019073486,20300
2021-09-17,5.239999771118164,5.25,5.039999961853027,5.110000133514404,5.110000133514404,31700
2021-09-20,5.25,5.28000020980835,5.139999866485596,5.21999979019165,5.21999979019165,13700
2021-09-21,5.179999828338623,5.179999828338623,4.929999828338623,5.079999923706055,5.079999923706055,18300
2021-09-22,5.090000152587891,5.150000095367432,4.949999809265137,5.010000228881836,5.010000228881836,4800
2021-09-23,5.150000095367432,5.150000095367432,5.039999961853027,5.039999961853027,5.039999961853027,4000
2021-09-24,5.03000020980835,5.099999904632568,5.0,5.090000152587891,5.090000152587891,12700
2021-09-27,5.099999904632568,5.099999904632568,5.010000228881836,5.070000171661377,5.070000171661377,5800
2021-09-28,5.039999961853027,5.039999961853027,4.900000095367432,4.900000095367432,4.900000095367432,4100
2021-09-29,4.949999809265137,4.980000019073486,4.559999942779541,4.670000076293945,4.670000076293945,16000
2021-09-30,4.840000152587891,4.900000095367432,4.670000076293945,4.730000019073486,4.730000019073486,5000
2021-10-01,4.789999961853027,4.849999904632568,4.659999847412109,4.849999904632568,4.849999904632568,2800
2021-10-04,4.760000228881836,4.760000228881836,4.550000190734863,4.619999885559082,4.619999885559082,20400
2021-10-05,4.599999904632568,4.75,4.570000171661377,4.639999866485596,4.639999866485596,3800
2021-10-06,4.659999847412109,4.800000190734863,4.570000171661377,4.670000076293945,4.670000076293945,6800
2021-10-07,4.690000057220459,4.829999923706055,4.690000057220459,4.78000020980835,4.78000020980835,4700
2021-10-08,4.880000114440918,4.880000114440918,4.679999828338623,4.789999961853027,4.789999961853027,23100
2021-10-11,4.809999942779541,4.949999809265137,4.550000190734863,4.760000228881836,4.760000228881836,67000
2021-10-12,4.78000020980835,4.78000020980835,4.550000190734863,4.630000114440918,4.630000114440918,14700
2021-10-13,4.710000038146973,4.710000038146973,4.599999904632568,4.599999904632568,4.599999904632568,5100
2021-10-14,4.71999979019165,4.730000019073486,4.53000020980835,4.559999942779541,4.559999942779541,19500
2021-10-15,4.53000020980835,4.739999771118164,4.440000057220459,4.590000152587891,4.590000152587891,21300
2021-10-18,4.599999904632568,4.679999828338623,4.460000038146973,4.46999979019165,4.46999979019165,12600
2021-10-19,4.570000171661377,4.619999885559082,4.440000057220459,4.440000057220459,4.440000057220459,7500
2021-10-20,4.449999809265137,4.46999979019165,4.199999809265137,4.420000076293945,4.420000076293945,40800
2021-10-21,4.389999866485596,4.429999828338623,4.25,4.28000020980835,4.28000020980835,17100
2021-10-22,4.199999809265137,4.329999923706055,4.199999809265137,4.210000038146973,4.210000038146973,4100
2021-10-25,4.210000038146973,4.28000020980835,4.039999961853027,4.130000114440918,4.130000114440918,29300
2021-10-26,4.269999980926514,4.46999979019165,4.150000095367432,4.449999809265137,4.449999809265137,16900
2021-10-27,4.360000133514404,4.360000133514404,4.230000019073486,4.25,4.25,9700
2021-10-28,4.269999980926514,4.360000133514404,4.21999979019165,4.21999979019165,4.21999979019165,4800
2021-10-29,4.190000057220459,4.380000114440918,4.190000057220459,4.300000190734863,4.300000190734863,10400
2021-11-01,4.349999904632568,4.400000095367432,4.199999809265137,4.300000190734863,4.300000190734863,6500
2021-11-02,4.260000228881836,4.329999923706055,4.170000076293945,4.170000076293945,4.170000076293945,5100
2021-11-03,4.25,4.269999980926514,4.099999904632568,4.119999885559082,4.119999885559082,43900
2021-11-04,4.190000057220459,4.199999809265137,4.150000095367432,4.190000057220459,4.190000057220459,24100
2021-11-05,4.21999979019165,4.269999980926514,4.130000114440918,4.170000076293945,4.170000076293945,17800
2021-11-08,4.230000019073486,4.239999771118164,4.099999904632568,4.179999828338623,4.179999828338623,29100
2021-11-09,4.090000152587891,4.179999828338623,4.050000190734863,4.050000190734863,4.050000190734863,42700
2021-11-10,4.190000057220459,4.190000057220459,4.019999980926514,4.099999904632568,4.099999904632568,30100
2021-11-11,4.050000190734863,4.199999809265137,4.050000190734863,4.179999828338623,4.179999828338623,17200
2021-11-12,4.179999828338623,4.360000133514404,4.179999828338623,4.360000133514404,4.360000133514404,15600
2021-11-15,4.349999904632568,4.53000020980835,4.300000190734863,4.480000019073486,4.480000019073486,57000
2021-11-16,4.53000020980835,4.690000057220459,4.510000228881836,4.550000190734863,4.550000190734863,90100
2021-11-17,4.570000171661377,4.570000171661377,4.389999866485596,4.519999980926514,4.519999980926514,24400
2021-11-18,4.5,4.5,4.380000114440918,4.440000057220459,4.440000057220459,5900
2021-11-19,4.480000019073486,4.559999942779541,4.480000019073486,4.519999980926514,4.519999980926514,2700
2021-11-22,4.460000038146973,4.460000038146973,4.260000228881836,4.349999904632568,4.349999904632568,13200
2021-11-23,4.449999809265137,4.449999809265137,4.300000190734863,4.349999904632568,4.349999904632568,23400
2021-11-24,4.360000133514404,4.389999866485596,4.300000190734863,4.340000152587891,4.340000152587891,14300
2021-11-26,4.300000190734863,4.389999866485596,4.230000019073486,4.360000133514404,4.360000133514404,26000
2021-11-29,4.380000114440918,4.440000057220459,4.320000171661377,4.440000057220459,4.440000057220459,11500
2021-11-30,4.389999866485596,4.480000019073486,4.360000133514404,4.360000133514404,4.360000133514404,33100
2021-12-01,4.369999885559082,4.420000076293945,4.329999923706055,4.409999847412109,4.409999847412109,25800
2021-12-02,4.409999847412109,4.480000019073486,4.409999847412109,4.460000038146973,4.460000038146973,31400
2021-12-03,4.460000038146973,4.460000038146973,4.300000190734863,4.329999923706055,4.329999923706055,10300
2021-12-06,4.349999904632568,4.349999904632568,4.21999979019165,4.300000190734863,4.300000190734863,55200
2021-12-07,4.300000190734863,4.380000114440918,4.239999771118164,4.320000171661377,4.320000171661377,14700
2021-12-08,4.309999942779541,4.460000038146973,4.300000190734863,4.449999809265137,4.449999809265137,16900
2021-12-09,4.369999885559082,4.429999828338623,4.320000171661377,4.320000171661377,4.320000171661377,8400
2021-12-10,4.28000020980835,4.360000133514404,4.239999771118164,4.269999980926514,4.269999980926514,27400
2021-12-13,4.260000228881836,4.309999942779541,4.199999809265137,4.210000038146973,4.210000038146973,13200
2021-12-14,4.139999866485596,4.190000057220459,4.130000114440918,4.179999828338623,4.179999828338623,10600
2021-12-15,4.150000095367432,4.159999847412109,4.070000171661377,4.079999923706055,4.079999923706055,13100
2021-12-16,4.050000190734863,4.110000133514404,4.050000190734863,4.099999904632568,4.099999904632568,15300
2021-12-17,4.150000095367432,4.320000171661377,4.050000190734863,4.289999961853027,4.289999961853027,30400
2021-12-20,4.050000190734863,4.170000076293945,3.859999895095825,3.9600000381469727,3.9600000381469727,42000
2021-12-21,3.930000066757202,4.079999923706055,3.9100000858306885,4.03000020980835,4.03000020980835,18900
2021-12-22,4.050000190734863,4.079999923706055,3.9000000953674316,4.079999923706055,4.079999923706055,28000
2021-12-23,4.050000190734863,4.170000076293945,4.03000020980835,4.159999847412109,4.159999847412109,75200
2021-12-27,4.170000076293945,4.179999828338623,4.019999980926514,4.099999904632568,4.099999904632568,64300
2021-12-28,4.059999942779541,4.199999809265137,4.010000228881836,4.119999885559082,4.119999885559082,27200
2021-12-29,4.090000152587891,4.110000133514404,3.950000047683716,3.9600000381469727,3.9600000381469727,63200
2021-12-30,3.9800000190734863,4.130000114440918,3.930000066757202,4.079999923706055,4.079999923706055,94000
2021-12-31,4.079999923706055,4.130000114440918,3.9600000381469727,4.010000228881836,4.010000228881836,67600
2022-01-03,4.050000190734863,4.170000076293945,3.940000057220459,4.139999866485596,4.139999866485596,14700
2022-01-04,4.170000076293945,4.170000076293945,4.079999923706055,4.150000095367432,4.150000095367432,9200
2022-01-05,4.170000076293945,4.170000076293945,4.010000228881836,4.010000228881836,4.010000228881836,31900
2022-01-06,4.039999961853027,4.130000114440918,4.039999961853027,4.110000133514404,4.110000133514404,6900
2022-01-07,4.130000114440918,4.170000076293945,4.110000133514404,4.159999847412109,4.159999847412109,20800
2022-01-10,4.090000152587891,4.139999866485596,4.079999923706055,4.099999904632568,4.099999904632568,3200
2022-01-11,4.099999904632568,4.170000076293945,4.099999904632568,4.119999885559082,4.119999885559082,6000
2022-01-12,4.139999866485596,4.159999847412109,4.099999904632568,4.150000095367432,4.150000095367432,9500
2022-01-13,4.170000076293945,4.190000057220459,4.159999847412109,4.190000057220459,4.190000057220459,7500
2022-01-14,4.179999828338623,4.199999809265137,4.099999904632568,4.139999866485596,4.139999866485596,15100
2022-01-18,4.139999866485596,4.139999866485596,4.070000171661377,4.079999923706055,4.079999923706055,15900
2022-01-19,4.130000114440918,4.130000114440918,4.039999961853027,4.050000190734863,4.050000190734863,18900
2022-01-20,4.090000152587891,4.159999847412109,4.079999923706055,4.090000152587891,4.090000152587891,8700
2022-01-21,4.090000152587891,4.099999904632568,4.0,4.019999980926514,4.019999980926514,18900
2022-01-24,4.010000228881836,4.059999942779541,3.9000000953674316,3.950000047683716,3.950000047683716,26700
2022-01-25,3.930000066757202,4.0,3.930000066757202,3.9800000190734863,3.9800000190734863,16400
2022-01-26,3.9700000286102295,4.0,3.9700000286102295,3.9800000190734863,3.9800000190734863,6700
2022-01-27,3.9200000762939453,3.9200000762939453,3.819999933242798,3.819999933242798,3.819999933242798,17300
2022-01-28,3.819999933242798,4.0,3.819999933242798,3.990000009536743,3.990000009536743,7700
2022-01-31,3.990000009536743,3.990000009536743,3.930000066757202,3.9800000190734863,3.9800000190734863,22900
2022-02-01,3.950000047683716,4.150000095367432,3.8499999046325684,3.890000104904175,3.890000104904175,48400
2022-02-02,3.880000114440918,4.03000020980835,3.880000114440918,4.010000228881836,4.010000228881836,10100
2022-02-03,4.0,4.019999980926514,3.950000047683716,3.9600000381469727,3.9600000381469727,9700
2022-02-04,3.930000066757202,4.0,3.9100000858306885,3.9100000858306885,3.9100000858306885,8000
2022-02-07,3.9700000286102295,4.010000228881836,3.9100000858306885,4.0,4.0,3200
2022-02-08,3.990000009536743,3.990000009536743,3.859999895095825,3.9200000762939453,3.9200000762939453,15800
2022-02-09,3.9100000858306885,3.9100000858306885,3.740000009536743,3.8499999046325684,3.8499999046325684,32100
2022-02-10,3.8499999046325684,4.0,3.819999933242798,3.8499999046325684,3.8499999046325684,28400
2022-02-11,3.8299999237060547,3.8299999237060547,3.75,3.809999942779541,3.809999942779541,14100
2022-02-14,3.799999952316284,3.799999952316284,3.7200000286102295,3.740000009536743,3.740000009536743,6000
2022-02-15,3.740000009536743,3.799999952316284,3.700000047683716,3.700000047683716,3.700000047683716,63600
2022-02-16,3.740000009536743,3.7799999713897705,3.6600000858306885,3.680000066757202,3.680000066757202,54200
2022-02-17,3.6500000953674316,3.7300000190734863,3.609999895095825,3.630000114440918,3.630000114440918,14200
2022-02-18,3.630000114440918,3.7200000286102295,3.630000114440918,3.630000114440918,3.630000114440918,13600
2022-02-22,3.4100000858306885,3.6500000953674316,3.4000000953674316,3.630000114440918,3.630000114440918,38500
2022-02-23,3.5,3.8299999237060547,3.490000009536743,3.5,3.5,65300
2022-02-24,3.359999895095825,3.569999933242798,3.359999895095825,3.549999952316284,3.549999952316284,21100
2022-02-25,3.559999942779541,3.6700000762939453,3.5299999713897705,3.549999952316284,3.549999952316284,38300
2022-02-28,3.509999990463257,3.5299999713897705,3.4100000858306885,3.4700000286102295,3.4700000286102295,12100
2022-03-01,3.700000047683716,3.700000047683716,3.4000000953674316,3.4100000858306885,3.4100000858306885,3500
2022-03-02,3.4200000762939453,3.4800000190734863,3.359999895095825,3.369999885559082,3.369999885559082,35100
2022-03-03,3.3499999046325684,3.549999952316284,3.3399999141693115,3.3399999141693115,3.3399999141693115,18200
2022-03-04,3.319999933242798,3.509999990463257,3.2100000381469727,3.2799999713897705,3.2799999713897705,59900
2022-03-07,3.200000047683716,3.2799999713897705,3.190000057220459,3.2799999713897705,3.2799999713897705,2600
2022-03-08,3.2799999713897705,3.5799999237060547,3.2699999809265137,3.5,3.5,44900
2022-03-09,3.440000057220459,3.4800000190734863,3.25,3.299999952316284,3.299999952316284,13900
2022-03-10,3.25,3.390000104904175,3.2200000286102295,3.380000114440918,3.380000114440918,8300
2022-03-11,3.3499999046325684,3.4800000190734863,3.3499999046325684,3.390000104904175,3.390000104904175,6000
2022-03-14,3.430000066757202,3.430000066757202,3.259999990463257,3.309999942779541,3.309999942779541,6600
2022-03-15,3.259999990463257,3.359999895095825,3.259999990463257,3.3399999141693115,3.3399999141693115,4000
2022-03-16,3.299999952316284,3.369999885559082,3.2100000381469727,3.3299999237060547,3.3299999237060547,19400
2022-03-17,3.319999933242798,3.390000104904175,3.319999933242798,3.380000114440918,3.380000114440918,1200
2022-03-18,3.3499999046325684,3.450000047683716,3.25,3.2799999713897705,3.2799999713897705,32800
2022-03-21,3.549999952316284,3.6600000858306885,3.4100000858306885,3.559999942779541,3.559999942779541,68600
2022-03-22,3.549999952316284,3.6600000858306885,3.4200000762939453,3.4200000762939453,3.4200000762939453,51300
2022-03-23,3.4200000762939453,3.619999885559082,3.4200000762939453,3.4200000762939453,3.4200000762939453,23500
2022-03-24,3.559999942779541,3.619999885559082,3.440000057220459,3.440000057220459,3.440000057220459,72200
2022-03-25,3.440000057220459,3.5799999237060547,3.319999933242798,3.440000057220459,3.440000057220459,24400
2022-03-28,3.549999952316284,3.5799999237060547,3.5199999809265137,3.5799999237060547,3.5799999237060547,12800
2022-03-29,3.5999999046325684,3.5999999046325684,3.440000057220459,3.490000009536743,3.490000009536743,43400
2022-03-30,3.440000057220459,3.5899999141693115,3.440000057220459,3.5,3.5,6800
2022-03-31,3.549999952316284,3.5799999237060547,3.4700000286102295,3.4700000286102295,3.4700000286102295,3100
2022-04-01,3.5299999713897705,3.549999952316284,3.4700000286102295,3.490000009536743,3.490000009536743,2000
2022-04-04,3.5299999713897705,3.619999885559082,3.5299999713897705,3.5799999237060547,3.5799999237060547,26600
2022-04-05,3.609999895095825,3.619999885559082,3.450000047683716,3.450000047683716,3.450000047683716,20700
2022-04-06,3.430000066757202,3.450000047683716,3.4000000953674316,3.4000000953674316,3.4000000953674316,1300
2022-04-07,3.5,3.5199999809265137,3.4100000858306885,3.430000066757202,3.430000066757202,2300
2022-04-08,3.4700000286102295,3.4700000286102295,3.380000114440918,3.380000114440918,3.380000114440918,7700
2022-04-11,3.369999885559082,3.430000066757202,3.369999885559082,3.4200000762939453,3.4200000762939453,1200
2022-04-12,3.430000066757202,3.430000066757202,3.3499999046325684,3.3499999046325684,3.3499999046325684,5100
2022-04-13,3.430000066757202,3.430000066757202,3.3499999046325684,3.3499999046325684,3.3499999046325684,3300
2022-04-14,3.369999885559082,3.490000009536743,3.3499999046325684,3.359999895095825,3.359999895095825,6300
2022-04-18,3.319999933242798,3.359999895095825,3.299999952316284,3.299999952316284,3.299999952316284,4500
2022-04-19,3.4600000381469727,3.4800000190734863,3.259999990463257,3.2699999809265137,3.2699999809265137,23900
2022-04-20,3.3399999141693115,3.3399999141693115,3.2699999809265137,3.2799999713897705,3.2799999713897705,25700
2022-04-21,3.309999942779541,3.309999942779541,3.2799999713897705,3.299999952316284,3.299999952316284,5800
2022-04-22,3.299999952316284,3.299999952316284,3.140000104904175,3.1700000762939453,3.1700000762939453,22900
2022-04-25,3.1600000858306885,3.2200000286102295,3.0999999046325684,3.200000047683716,3.200000047683716,6300
2022-04-26,3.200000047683716,3.200000047683716,3.109999895095825,3.109999895095825,3.109999895095825,3000
2022-04-27,3.059999942779541,3.0999999046325684,3.059999942779541,3.069999933242798,3.069999933242798,5300
2022-04-28,3.049999952316284,3.180000066757202,3.009999990463257,3.140000104904175,3.140000104904175,14000
2022-04-29,3.0199999809265137,3.200000047683716,3.0199999809265137,3.1600000858306885,3.1600000858306885,7700
2022-05-02,3.049999952316284,3.119999885559082,3.049999952316284,3.069999933242798,3.069999933242798,10400
2022-05-03,3.0399999618530273,3.0399999618530273,3.0199999809265137,3.0199999809265137,3.0199999809265137,3000
2022-05-04,3.0299999713897705,3.0299999713897705,3.0299999713897705,3.0299999713897705,3.0299999713897705,1700
2022-05-05,3.119999885559082,3.1600000858306885,3.0,3.0399999618530273,3.0399999618530273,10200
2022-05-06,3.0299999713897705,3.0299999713897705,2.8399999141693115,2.9800000190734863,2.9800000190734863,13300
2022-05-09,2.8499999046325684,2.9600000381469727,2.8499999046325684,2.9200000762939453,2.9200000762939453,4100
2022-05-10,2.859999895095825,2.9700000286102295,2.8499999046325684,2.9000000953674316,2.9000000953674316,12600
2022-05-11,2.9100000858306885,3.009999990463257,2.9100000858306885,3.0,3.0,18800
2022-05-12,2.859999895095825,2.869999885559082,2.859999895095825,2.869999885559082,2.869999885559082,1300
2022-05-13,2.869999885559082,3.259999990463257,2.869999885559082,3.1600000858306885,3.1600000858306885,92300
2022-05-16,3.119999885559082,3.200000047683716,3.119999885559082,3.119999885559082,3.119999885559082,5600
2022-05-17,3.059999942779541,3.2200000286102295,3.059999942779541,3.180000066757202,3.180000066757202,13800
2022-05-18,3.119999885559082,3.200000047683716,3.119999885559082,3.140000104904175,3.140000104904175,4500
2022-05-19,3.1600000858306885,3.200000047683716,3.1500000953674316,3.1600000858306885,3.1600000858306885,8400
2022-05-20,3.0999999046325684,3.1500000953674316,2.950000047683716,3.1500000953674316,3.1500000953674316,9500
2022-05-23,3.059999942779541,3.140000104904175,3.059999942779541,3.0799999237060547,3.0799999237060547,7100
2022-05-24,3.130000114440918,3.1500000953674316,2.9800000190734863,3.119999885559082,3.119999885559082,39000
2022-05-25,3.049999952316284,3.119999885559082,2.799999952316284,2.950000047683716,2.950000047683716,39200
2022-05-26,2.8299999237060547,3.069999933242798,2.690000057220459,3.0399999618530273,3.0399999618530273,94400
2022-05-27,2.8499999046325684,2.9700000286102295,2.809999942779541,2.9200000762939453,2.9200000762939453,61200
2022-05-31,3.009999990463257,3.009999990463257,2.9200000762939453,2.930000066757202,2.930000066757202,42600
2022-06-01,2.930000066757202,2.930000066757202,2.8399999141693115,2.880000114440918,2.880000114440918,21800
2022-06-02,2.8499999046325684,2.890000104904175,2.700000047683716,2.859999895095825,2.859999895095825,27400
2022-06-03,2.75,2.8399999141693115,2.609999895095825,2.8399999141693115,2.8399999141693115,32100
2022-06-06,2.75,2.75,2.6700000762939453,2.7100000381469727,2.7100000381469727,14000
2022-06-07,2.7300000190734863,2.7699999809265137,2.640000104904175,2.680000066757202,2.680000066757202,6000
2022-06-08,2.6700000762939453,2.6700000762939453,2.5199999809265137,2.569999933242798,2.569999933242798,23900
2022-06-09,2.569999933242798,2.690000057220459,2.569999933242798,2.569999933242798,2.569999933242798,9500
2022-06-10,2.5799999237060547,2.5799999237060547,2.5,2.5199999809265137,2.5199999809265137,7900
2022-06-13,2.490000009536743,2.559999942779541,2.359999895095825,2.369999885559082,2.369999885559082,23900
2022-06-14,2.369999885559082,2.369999885559082,2.0299999713897705,2.059999942779541,2.059999942779541,108100
2022-06-15,2.109999895095825,2.109999895095825,2.0299999713897705,2.0899999141693115,2.0899999141693115,26700
2022-06-16,2.109999895095825,2.109999895095825,2.0399999618530273,2.0899999141693115,2.0899999141693115,10600
2022-06-17,2.069999933242798,2.119999885559082,1.7599999904632568,1.9299999475479126,1.9299999475479126,91300
2022-06-21,1.9600000381469727,2.0199999809265137,1.9199999570846558,1.9299999475479126,1.9299999475479126,23400
2022-06-22,1.9500000476837158,1.9500000476837158,1.9500000476837158,1.9500000476837158,1.9500000476837158,300
2022-06-23,2.0299999713897705,2.0299999713897705,1.9600000381469727,1.9600000381469727,1.9600000381469727,1900
2022-06-24,1.9600000381469727,2.0199999809265137,1.9199999570846558,1.9500000476837158,1.9500000476837158,15600
2022-06-27,1.9199999570846558,1.9700000286102295,1.8799999952316284,1.9500000476837158,1.9500000476837158,11400
2022-06-28,1.909999966621399,1.9500000476837158,1.909999966621399,1.909999966621399,1.909999966621399,12700
2022-06-29,1.909999966621399,1.909999966621399,1.8300000429153442,1.850000023841858,1.850000023841858,9200
2022-06-30,1.840000033378601,1.850000023841858,1.8300000429153442,1.8300000429153442,1.8300000429153442,6300
2022-07-01,1.8700000047683716,1.8700000047683716,1.7599999904632568,1.7699999809265137,1.7699999809265137,30700
2022-07-05,1.809999942779541,1.809999942779541,1.809999942779541,1.809999942779541,1.809999942779541,400
2022-07-06,1.809999942779541,1.8600000143051147,1.809999942779541,1.809999942779541,1.809999942779541,22700
2022-07-07,1.809999942779541,1.8200000524520874,1.809999942779541,1.8200000524520874,1.8200000524520874,5400
2022-07-08,1.8200000524520874,1.899999976158142,1.8200000524520874,1.8899999856948853,1.8899999856948853,1500
2022-07-11,1.8799999952316284,1.8799999952316284,1.809999942779541,1.809999942779541,1.809999942779541,6200
2022-07-12,1.809999942779541,1.809999942779541,1.7699999809265137,1.7699999809265137,1.7699999809265137,2400
2022-07-13,1.7699999809265137,1.809999942779541,1.7699999809265137,1.809999942779541,1.809999942779541,2200
2022-07-14,1.809999942779541,1.8300000429153442,1.809999942779541,1.809999942779541,1.809999942779541,2200
2022-07-15,1.850000023841858,1.850000023841858,1.809999942779541,1.809999942779541,1.809999942779541,3000
2022-07-18,1.809999942779541,1.8200000524520874,1.809999942779541,1.809999942779541,1.809999942779541,9900
2022-07-19,1.809999942779541,1.850000023841858,1.809999942779541,1.850000023841858,1.850000023841858,7500
2022-07-20,1.850000023841858,1.850000023841858,1.6799999475479126,1.7300000190734863,1.7300000190734863,124900
2022-07-21,1.7599999904632568,1.7699999809265137,1.7400000095367432,1.7599999904632568,1.7599999904632568,9200
2022-07-22,1.75,1.75,1.7100000381469727,1.7200000286102295,1.7200000286102295,3600
2022-07-25,1.690000057220459,1.7599999904632568,1.6699999570846558,1.6699999570846558,1.6699999570846558,8300
2022-07-26,1.7100000381469727,1.7200000286102295,1.7000000476837158,1.7100000381469727,1.7100000381469727,3800
2022-07-27,1.7999999523162842,1.7999999523162842,1.7100000381469727,1.7100000381469727,1.7100000381469727,8100
2022-07-28,1.7000000476837158,1.7699999809265137,1.6299999952316284,1.6299999952316284,1.6299999952316284,13100
2022-07-29,1.6299999952316284,1.659999966621399,1.600000023841858,1.6299999952316284,1.6299999952316284,53400
2022-08-01,1.6399999856948853,1.6399999856948853,1.6399999856948853,1.6399999856948853,1.6399999856948853,5400
2022-08-02,1.600000023841858,1.600000023841858,1.5,1.5199999809265137,1.5199999809265137,40100
2022-08-03,1.5499999523162842,1.7000000476837158,1.5499999523162842,1.6799999475479126,1.6799999475479126,6300
2022-08-04,1.6100000143051147,1.659999966621399,1.5499999523162842,1.659999966621399,1.659999966621399,9100
2022-08-05,1.5700000524520874,1.6799999475479126,1.5700000524520874,1.6799999475479126,1.6799999475479126,19400
2022-08-08,1.6799999475479126,1.690000057220459,1.659999966621399,1.659999966621399,1.659999966621399,1100
2022-08-09,1.659999966621399,1.659999966621399,1.659999966621399,1.659999966621399,1.659999966621399,4200
2022-08-10,1.659999966621399,1.6799999475479126,1.5700000524520874,1.6799999475479126,1.6799999475479126,41000
2022-08-11,1.6200000047683716,1.6299999952316284,1.5800000429153442,1.5800000429153442,1.5800000429153442,16100
2022-08-12,1.5800000429153442,1.600000023841858,1.5499999523162842,1.5800000429153442,1.5800000429153442,9000
2022-08-15,1.5399999618530273,1.5499999523162842,1.5,1.5,1.5,18100
2022-08-16,1.5399999618530273,1.5499999523162842,1.5099999904632568,1.5199999809265137,1.5199999809265137,14800
2022-08-17,1.5399999618530273,1.5399999618530273,1.4199999570846558,1.4299999475479126,1.4299999475479126,52100
2022-08-18,1.5099999904632568,1.5299999713897705,1.440000057220459,1.5299999713897705,1.5299999713897705,49600
2022-08-19,1.5199999809265137,1.5199999809265137,1.4700000286102295,1.4700000286102295,1.4700000286102295,1200
2022-08-22,1.5099999904632568,1.5099999904632568,1.3600000143051147,1.4500000476837158,1.4500000476837158,31900
2022-08-23,1.4600000381469727,1.4600000381469727,1.4600000381469727,1.4600000381469727,1.4600000381469727,600
2022-08-24,1.4700000286102295,1.4900000095367432,1.4600000381469727,1.4900000095367432,1.4900000095367432,3400
2022-08-25,1.5,1.5,1.4700000286102295,1.4700000286102295,1.4700000286102295,10200
2022-08-26,1.7799999713897705,1.7799999713897705,1.3899999856948853,1.5,1.5,752000
2022-08-29,1.4700000286102295,1.5700000524520874,1.4600000381469727,1.4700000286102295,1.4700000286102295,30200
2022-08-30,1.4800000190734863,1.6299999952316284,1.4299999475479126,1.5099999904632568,1.5099999904632568,64900
2022-08-31,1.5800000429153442,1.600000023841858,1.440000057220459,1.4600000381469727,1.4600000381469727,27900
2022-09-01,1.4500000476837158,1.5399999618530273,1.440000057220459,1.5399999618530273,1.5399999618530273,1300
2022-09-02,1.5099999904632568,1.5199999809265137,1.5,1.5099999904632568,1.5099999904632568,22600
2022-09-06,1.4600000381469727,1.4600000381469727,1.3600000143051147,1.4199999570846558,1.4199999570846558,20600
2022-09-07,1.4199999570846558,1.4700000286102295,1.4199999570846558,1.4600000381469727,1.4600000381469727,13700
2022-09-08,1.4800000190734863,1.4900000095367432,1.4600000381469727,1.4700000286102295,1.4700000286102295,3800
2022-09-09,1.4600000381469727,1.5,1.4600000381469727,1.4900000095367432,1.4900000095367432,4000
2022-09-12,1.4600000381469727,1.4900000095367432,1.4600000381469727,1.4800000190734863,1.4800000190734863,1900
2022-09-13,1.4600000381469727,1.4800000190734863,1.409999966621399,1.409999966621399,1.409999966621399,13800
2022-09-14,1.409999966621399,1.409999966621399,1.3600000143051147,1.3700000047683716,1.3700000047683716,22200
2022-09-15,1.409999966621399,1.409999966621399,1.399999976158142,1.399999976158142,1.399999976158142,7000
2022-09-16,1.3700000047683716,1.409999966621399,1.2400000095367432,1.309999942779541,1.309999942779541,41200
2022-09-19,1.3600000143051147,1.3799999952316284,1.2799999713897705,1.2799999713897705,1.2799999713897705,10100
2022-09-20,1.340000033378601,1.340000033378601,1.2699999809265137,1.2999999523162842,1.2999999523162842,22300
2022-09-21,1.2699999809265137,1.3300000429153442,1.2699999809265137,1.309999942779541,1.309999942779541,17900
2022-09-22,1.309999942779541,1.3300000429153442,1.2699999809265137,1.3300000429153442,1.3300000429153442,6300
2022-09-23,1.3700000047683716,1.4199999570846558,1.309999942779541,1.3200000524520874,1.3200000524520874,3500
2022-09-26,1.3700000047683716,1.399999976158142,1.25,1.25,1.25,29900
2022-09-27,1.2999999523162842,1.340000033378601,1.2899999618530273,1.2899999618530273,1.2899999618530273,1500
2022-09-28,1.3200000524520874,1.3600000143051147,1.2400000095367432,1.2899999618530273,1.2899999618530273,18100
2022-09-29,1.350000023841858,1.350000023841858,1.2699999809265137,1.2699999809265137,1.2699999809265137,3800
2022-09-30,1.25,1.350000023841858,1.25,1.340000033378601,1.340000033378601,7200
2022-10-03,1.2999999523162842,1.2999999523162842,1.2599999904632568,1.2599999904632568,1.2599999904632568,7800
2022-10-04,1.4299999475479126,1.4299999475479126,1.2799999713897705,1.2899999618530273,1.2899999618530273,15600
2022-10-05,1.3600000143051147,1.3600000143051147,1.340000033378601,1.340000033378601,1.340000033378601,4000
2022-10-06,1.340000033378601,1.399999976158142,1.340000033378601,1.3899999856948853,1.3899999856948853,3200
2022-10-07,1.340000033378601,1.350000023841858,1.2799999713897705,1.2999999523162842,1.2999999523162842,32100
2022-10-10,1.25,1.2999999523162842,1.25,1.2699999809265137,1.2699999809265137,4500
2022-10-11,1.309999942779541,1.309999942779541,1.2999999523162842,1.2999999523162842,1.2999999523162842,300
2022-10-12,1.2999999523162842,1.2999999523162842,1.2400000095367432,1.2400000095367432,1.2400000095367432,5100
2022-10-13,1.340000033378601,1.3700000047683716,1.2300000190734863,1.2599999904632568,1.2599999904632568,18100
2022-10-14,1.350000023841858,1.3600000143051147,1.2400000095367432,1.2899999618530273,1.2899999618530273,3600
2022-10-17,1.2699999809265137,1.2899999618530273,1.25,1.2699999809265137,1.2699999809265137,4600
2022-10-18,1.2999999523162842,1.350000023841858,1.2200000286102295,1.2699999809265137,1.2699999809265137,32000
2022-10-19,1.309999942779541,1.3200000524520874,1.309999942779541,1.3200000524520874,1.3200000524520874,2500
2022-10-20,1.309999942779541,1.350000023841858,1.309999942779541,1.3300000429153442,1.3300000429153442,8500
2022-10-21,1.3600000143051147,1.3600000143051147,1.2799999713897705,1.309999942779541,1.309999942779541,28200
2022-10-24,1.340000033378601,1.340000033378601,1.2899999618530273,1.340000033378601,1.340000033378601,11300
2022-10-25,1.309999942779541,1.3300000429153442,1.2699999809265137,1.3200000524520874,1.3200000524520874,47800
2022-10-26,1.309999942779541,1.3200000524520874,1.309999942779541,1.309999942779541,1.309999942779541,8800
2022-10-27,1.309999942779541,1.3200000524520874,1.309999942779541,1.309999942779541,1.309999942779541,6000
2022-10-28,1.309999942779541,1.309999942779541,1.2799999713897705,1.2999999523162842,1.2999999523162842,22500
2022-10-31,1.2999999523162842,1.2999999523162842,1.2999999523162842,1.2999999523162842,1.2999999523162842,300
2022-11-01,1.2999999523162842,1.2999999523162842,1.2599999904632568,1.2799999713897705,1.2799999713897705,4500
2022-11-02,1.2599999904632568,1.2599999904632568,1.2599999904632568,1.2599999904632568,1.2599999904632568,600
2022-11-03,1.309999942779541,1.309999942779541,1.2799999713897705,1.2999999523162842,1.2999999523162842,3000
2022-11-04,1.2699999809265137,1.2799999713897705,1.25,1.2599999904632568,1.2599999904632568,7100
2022-11-07,1.2699999809265137,1.2799999713897705,1.2300000190734863,1.2300000190734863,1.2300000190734863,32600
2022-11-08,1.2200000286102295,1.2899999618530273,1.2200000286102295,1.2599999904632568,1.2599999904632568,7000
2022-11-09,1.2599999904632568,1.2799999713897705,1.159999966621399,1.159999966621399,1.159999966621399,29500
2022-11-10,1.2000000476837158,1.2200000286102295,1.1699999570846558,1.2200000286102295,1.2200000286102295,27700
2022-11-11,1.2200000286102295,1.2200000286102295,1.159999966621399,1.2000000476837158,1.2000000476837158,2600
2022-11-14,1.2599999904632568,1.2599999904632568,1.2100000381469727,1.2300000190734863,1.2300000190734863,7500
2022-11-15,1.2300000190734863,1.2300000190734863,1.2300000190734863,1.2300000190734863,1.2300000190734863,100
2022-11-16,1.2100000381469727,1.2300000190734863,1.0700000524520874,1.2000000476837158,1.2000000476837158,6400
2022-11-17,1.2300000190734863,1.2300000190734863,1.1299999952316284,1.1799999475479126,1.1799999475479126,8100
2022-11-18,1.149999976158142,1.25,1.149999976158142,1.2000000476837158,1.2000000476837158,2900
2022-11-21,1.159999966621399,1.2000000476837158,1.1200000047683716,1.149999976158142,1.149999976158142,7000
2022-11-22,1.1200000047683716,1.2000000476837158,1.1200000047683716,1.1299999952316284,1.1299999952316284,2800
2022-11-23,1.1399999856948853,1.2300000190734863,1.1200000047683716,1.1699999570846558,1.1699999570846558,8800
2022-11-25,1.1699999570846558,1.1699999570846558,1.1699999570846558,1.1699999570846558,1.1699999570846558,0
2022-11-28,1.1699999570846558,1.2300000190734863,1.159999966621399,1.1799999475479126,1.1799999475479126,5500
2022-11-29,1.159999966621399,1.190000057220459,1.159999966621399,1.1799999475479126,1.1799999475479126,30600
2022-11-30,1.159999966621399,1.2100000381469727,1.159999966621399,1.1799999475479126,1.1799999475479126,7100
2022-12-01,1.2400000095367432,1.2400000095367432,1.1699999570846558,1.190000057220459,1.190000057220459,6200
2022-12-02,1.190000057220459,1.190000057220459,1.1299999952316284,1.149999976158142,1.149999976158142,31600
2022-12-05,1.1299999952316284,1.1699999570846558,1.1299999952316284,1.149999976158142,1.149999976158142,1300
2022-12-06,1.1299999952316284,1.159999966621399,1.1299999952316284,1.1399999856948853,1.1399999856948853,3600
2022-12-07,1.1399999856948853,1.159999966621399,1.1299999952316284,1.1299999952316284,1.1299999952316284,9800
2022-12-08,1.1200000047683716,1.1399999856948853,1.1100000143051147,1.1299999952316284,1.1299999952316284,9500
2022-12-09,1.1299999952316284,1.190000057220459,1.1299999952316284,1.149999976158142,1.149999976158142,6500
2022-12-12,1.1299999952316284,1.1299999952316284,1.059999942779541,1.100000023841858,1.100000023841858,33900
2022-12-13,1.0700000524520874,1.090000033378601,1.059999942779541,1.0700000524520874,1.0700000524520874,13100
2022-12-14,1.090000033378601,1.090000033378601,1.0399999618530273,1.0499999523162842,1.0499999523162842,14600
2022-12-15,1.0399999618530273,1.0700000524520874,1.0299999713897705,1.0499999523162842,1.0499999523162842,11200
2022-12-16,1.0499999523162842,1.0499999523162842,1.0199999809265137,1.0199999809265137,1.0199999809265137,26200
2022-12-19,1.0199999809265137,1.0299999713897705,0.9100000262260437,0.949999988079071,0.949999988079071,48500
2022-12-20,0.9399999976158142,1.0,0.9399999976158142,0.9800000190734863,0.9800000190734863,18900
2022-12-21,0.9800000190734863,0.9800000190734863,0.9700000286102295,0.9700000286102295,0.9700000286102295,3500
2022-12-22,0.9700000286102295,0.9700000286102295,0.949999988079071,0.9700000286102295,0.9700000286102295,12700
2022-12-23,0.949999988079071,0.9599999785423279,0.9200000166893005,0.9599999785423279,0.9599999785423279,12900
2022-12-27,0.949999988079071,0.949999988079071,0.8899999856948853,0.949999988079071,0.949999988079071,85800
2022-12-28,0.949999988079071,1.0,0.8899999856948853,0.8999999761581421,0.8999999761581421,21500
2022-12-29,0.8999999761581421,0.949999988079071,0.8899999856948853,0.949999988079071,0.949999988079071,28000
2022-12-30,0.9100000262260437,0.949999988079071,0.9100000262260437,0.949999988079071,0.949999988079071,42400
2023-01-03,0.9100000262260437,0.949999988079071,0.9100000262260437,0.949999988079071,0.949999988079071,6500
2023-01-04,0.9100000262260437,0.9300000071525574,0.9100000262260437,0.9300000071525574,0.9300000071525574,3700
2023-01-05,0.9399999976158142,0.9399999976158142,0.9300000071525574,0.9300000071525574,0.9300000071525574,700
2023-01-06,0.9200000166893005,0.9200000166893005,0.9200000166893005,0.9200000166893005,0.9200000166893005,500
2023-01-09,0.9399999976158142,0.9700000286102295,0.9399999976158142,0.949999988079071,0.949999988079071,10500
2023-01-10,0.949999988079071,0.9700000286102295,0.949999988079071,0.949999988079071,0.949999988079071,16700
2023-01-11,0.9800000190734863,0.9800000190734863,0.9700000286102295,0.9800000190734863,0.9800000190734863,3400
2023-01-12,0.949999988079071,0.9800000190734863,0.949999988079071,0.9800000190734863,0.9800000190734863,2600
2023-01-13,0.9700000286102295,1.0499999523162842,0.9700000286102295,1.0499999523162842,1.0499999523162842,2100
2023-01-17,1.1200000047683716,1.149999976158142,1.059999942779541,1.149999976158142,1.149999976158142,2900
2023-01-18,1.059999942779541,1.0700000524520874,1.059999942779541,1.0700000524520874,1.0700000524520874,1200
2023-01-19,1.1399999856948853,1.1399999856948853,1.1100000143051147,1.1100000143051147,1.1100000143051147,1200
2023-01-20,1.100000023841858,1.1299999952316284,1.100000023841858,1.1200000047683716,1.1200000047683716,8200
2023-01-23,0.9599999785423279,1.0399999618530273,0.949999988079071,0.9700000286102295,0.9700000286102295,50600
2023-01-24,0.9900000095367432,1.0399999618530273,0.9599999785423279,1.0199999809265137,1.0199999809265137,4200
2023-01-25,0.9900000095367432,1.0800000429153442,0.9599999785423279,1.0800000429153442,1.0800000429153442,7300
2023-01-26,1.059999942779541,1.090000033378601,1.059999942779541,1.090000033378601,1.090000033378601,7500
2023-01-27,1.1299999952316284,1.1299999952316284,1.059999942779541,1.0700000524520874,1.0700000524520874,4800
2023-01-30,1.0800000429153442,1.1100000143051147,1.059999942779541,1.059999942779541,1.059999942779541,2200
2023-01-31,1.0700000524520874,1.1200000047683716,1.059999942779541,1.059999942779541,1.059999942779541,2700
2023-02-01,1.0700000524520874,1.1399999856948853,1.059999942779541,1.1299999952316284,1.1299999952316284,2800
2023-02-02,1.090000033378601,1.1399999856948853,1.0800000429153442,1.090000033378601,1.090000033378601,11600
2023-02-03,1.0700000524520874,1.1399999856948853,1.0700000524520874,1.1100000143051147,1.1100000143051147,1600
2023-02-06,1.1299999952316284,1.149999976158142,1.059999942779541,1.1200000047683716,1.1200000047683716,3100
2023-02-07,1.0700000524520874,1.090000033378601,1.059999942779541,1.059999942779541,1.059999942779541,11100
2023-02-08,1.059999942779541,1.0800000429153442,1.059999942779541,1.059999942779541,1.059999942779541,4900
2023-02-09,1.0800000429153442,1.0800000429153442,1.059999942779541,1.059999942779541,1.059999942779541,26800
2023-02-10,1.059999942779541,1.0700000524520874,1.059999942779541,1.059999942779541,1.059999942779541,3000
2023-02-13,1.0399999618530273,1.059999942779541,1.0399999618530273,1.059999942779541,1.059999942779541,1700
2023-02-14,1.059999942779541,1.059999942779541,1.0199999809265137,1.0499999523162842,1.0499999523162842,2500
2023-02-15,1.0,1.0800000429153442,1.0,1.0499999523162842,1.0499999523162842,6000
2023-02-16,1.059999942779541,1.059999942779541,1.0499999523162842,1.0499999523162842,1.0499999523162842,4400
2023-02-17,1.0800000429153442,1.100000023841858,1.0700000524520874,1.100000023841858,1.100000023841858,13600
2023-02-21,1.100000023841858,1.100000023841858,1.059999942779541,1.059999942779541,1.059999942779541,1100
2023-02-22,1.0700000524520874,1.0700000524520874,1.059999942779541,1.059999942779541,1.059999942779541,900
2023-02-23,1.0499999523162842,1.0499999523162842,1.0099999904632568,1.0099999904632568,1.0099999904632568,1300
2023-02-24,1.0,1.0099999904632568,1.0,1.0099999904632568,1.0099999904632568,400
2023-02-27,1.059999942779541,1.059999942779541,0.9200000166893005,0.9800000190734863,0.9800000190734863,21100
2023-02-28,0.9800000190734863,1.0399999618530273,0.9599999785423279,1.0399999618530273,1.0399999618530273,5500
2023-03-01,0.9900000095367432,1.0199999809265137,0.9800000190734863,0.9800000190734863,0.9800000190734863,7600
2023-03-02,0.9599999785423279,0.9800000190734863,0.9599999785423279,0.9800000190734863,0.9800000190734863,3400
2023-03-03,1.0099999904632568,1.0499999523162842,0.9800000190734863,1.0099999904632568,1.0099999904632568,6100
2023-03-06,1.0099999904632568,1.0099999904632568,1.0099999904632568,1.0099999904632568,1.0099999904632568,1200
2023-03-07,1.0399999618530273,1.0399999618530273,1.0199999809265137,1.0199999809265137,1.0199999809265137,2800
2023-03-08,1.0499999523162842,1.0700000524520874,1.0399999618530273,1.0499999523162842,1.0499999523162842,18800
2023-03-09,1.0700000524520874,1.090000033378601,1.059999942779541,1.090000033378601,1.090000033378601,34800
2023-03-10,1.100000023841858,1.100000023841858,1.0199999809265137,1.0399999618530273,1.0399999618530273,12700
2023-03-13,1.0099999904632568,1.090000033378601,1.0,1.0299999713897705,1.0299999713897705,25500
2023-03-14,1.0099999904632568,1.0099999904632568,1.0099999904632568,1.0099999904632568,1.0099999904632568,4700
2023-03-15,1.0199999809265137,1.0199999809265137,0.9900000095367432,0.9900000095367432,0.9900000095367432,8500
2023-03-16,0.9900000095367432,0.9900000095367432,0.9599999785423279,0.9599999785423279,0.9599999785423279,600
2023-03-17,0.9800000190734863,0.9800000190734863,0.9399999976158142,0.9599999785423279,0.9599999785423279,15900
2023-03-20,0.9399999976158142,1.0,0.9399999976158142,1.0,1.0,11100
2023-03-21,0.9300000071525574,0.9599999785423279,0.9300000071525574,0.9599999785423279,0.9599999785423279,1800
2023-03-22,0.9900000095367432,1.0099999904632568,0.9900000095367432,1.0099999904632568,1.0099999904632568,900
2023-03-23,1.0099999904632568,1.0099999904632568,1.0099999904632568,1.0099999904632568,1.0099999904632568,0
2023-03-24,0.9599999785423279,0.9599999785423279,0.9300000071525574,0.9300000071525574,0.9300000071525574,500
2023-03-27,0.949999988079071,0.949999988079071,0.9300000071525574,0.9300000071525574,0.9300000071525574,1900
2023-03-28,0.9599999785423279,0.9599999785423279,0.9599999785423279,0.9599999785423279,0.9599999785423279,500
2023-03-29,1.0,1.0,0.9200000166893005,0.9900000095367432,0.9900000095367432,2500
2023-03-30,0.9200000166893005,0.9200000166893005,0.9200000166893005,0.9200000166893005,0.9200000166893005,1500
2023-03-31,0.9200000166893005,1.0199999809265137,0.9200000166893005,0.949999988079071,0.949999988079071,11400
2023-04-03,0.9200000166893005,1.0099999904632568,0.9200000166893005,0.9800000190734863,0.9800000190734863,2100
2023-04-04,0.949999988079071,0.949999988079071,0.949999988079071,0.949999988079071,0.949999988079071,300
2023-04-05,0.9599999785423279,0.9700000286102295,0.9200000166893005,0.9300000071525574,0.9300000071525574,1800
2023-04-06,0.9300000071525574,0.9800000190734863,0.9300000071525574,0.9800000190734863,0.9800000190734863,2200
2023-04-10,0.9300000071525574,0.9900000095367432,0.9300000071525574,0.9300000071525574,0.9300000071525574,700
2023-04-11,0.9300000071525574,0.9399999976158142,0.9300000071525574,0.9300000071525574,0.9300000071525574,6700
2023-04-12,0.9300000071525574,0.949999988079071,0.9300000071525574,0.9399999976158142,0.9399999976158142,2200
2023-04-13,0.9399999976158142,0.949999988079071,0.9399999976158142,0.9399999976158142,0.9399999976158142,16100
2023-04-14,0.9300000071525574,0.9599999785423279,0.9300000071525574,0.949999988079071,0.949999988079071,10200
2023-04-17,0.9300000071525574,0.9300000071525574,0.9100000262260437,0.9100000262260437,0.9100000262260437,20800
2023-04-18,0.9100000262260437,0.9300000071525574,0.9100000262260437,0.9200000166893005,0.9200000166893005,1900
2023-04-19,0.9100000262260437,0.9100000262260437,0.8500000238418579,0.9100000262260437,0.9100000262260437,23800
2023-04-20,0.9100000262260437,0.9100000262260437,0.8700000047683716,0.8700000047683716,0.8700000047683716,900
2023-04-21,0.8700000047683716,0.9300000071525574,0.8700000047683716,0.9300000071525574,0.9300000071525574,4100
2023-04-24,0.8799999952316284,0.9200000166893005,0.8700000047683716,0.8999999761581421,0.8999999761581421,10400
2023-04-25,0.9399999976158142,0.9399999976158142,0.8700000047683716,0.8700000047683716,0.8700000047683716,1500
2023-04-26,0.8799999952316284,0.9399999976158142,0.8799999952316284,0.8799999952316284,0.8799999952316284,2500
2023-04-27,0.9100000262260437,0.9100000262260437,0.8700000047683716,0.8700000047683716,0.8700000047683716,4400
2023-04-28,0.8500000238418579,0.9300000071525574,0.8500000238418579,0.9300000071525574,0.9300000071525574,2600
2023-05-01,0.8799999952316284,0.9200000166893005,0.8600000143051147,0.8600000143051147,0.8600000143051147,5300
2023-05-02,0.8899999856948853,0.8899999856948853,0.8600000143051147,0.8600000143051147,0.8600000143051147,10200
2023-05-03,0.8600000143051147,0.8700000047683716,0.8600000143051147,0.8600000143051147,0.8600000143051147,7000
2023-05-04,0.8700000047683716,0.8799999952316284,0.8399999737739563,0.8799999952316284,0.8799999952316284,12100
2023-05-05,0.8500000238418579,0.8799999952316284,0.8500000238418579,0.8600000143051147,0.8600000143051147,6000
2023-05-08,0.8600000143051147,0.8799999952316284,0.8600000143051147,0.8600000143051147,0.8600000143051147,26200
2023-05-09,0.8600000143051147,0.8799999952316284,0.8500000238418579,0.8700000047683716,0.8700000047683716,11200
2023-05-10,0.8600000143051147,0.8899999856948853,0.8600000143051147,0.8700000047683716,0.8700000047683716,5300
2023-05-11,0.8600000143051147,0.8799999952316284,0.8600000143051147,0.8799999952316284,0.8799999952316284,700
2023-05-12,0.8799999952316284,0.8799999952316284,0.8500000238418579,0.8500000238418579,0.8500000238418579,14900
2023-05-15,0.8600000143051147,0.8899999856948853,0.8199999928474426,0.8399999737739563,0.8399999737739563,34600
2023-05-16,0.8299999833106995,0.8600000143051147,0.8299999833106995,0.8600000143051147,0.8600000143051147,5600
2023-05-17,0.8899999856948853,0.9200000166893005,0.8299999833106995,0.8600000143051147,0.8600000143051147,28500
2023-05-18,0.8999999761581421,0.8999999761581421,0.8399999737739563,0.8399999737739563,0.8399999737739563,1700
2023-05-19,0.8299999833106995,0.8600000143051147,0.8299999833106995,0.8500000238418579,0.8500000238418579,8000
2023-05-22,0.8700000047683716,0.8700000047683716,0.8399999737739563,0.8399999737739563,0.8399999737739563,900
2023-05-23,0.8399999737739563,0.9800000190734863,0.8199999928474426,0.9399999976158142,0.9399999976158142,29100
2023-05-24,0.8999999761581421,0.8999999761581421,0.8199999928474426,0.8899999856948853,0.8899999856948853,2000
2023-05-25,0.8600000143051147,0.8999999761581421,0.8199999928474426,0.8600000143051147,0.8600000143051147,6200
2023-05-26,0.8700000047683716,0.9100000262260437,0.8500000238418579,0.8799999952316284,0.8799999952316284,9900
2023-05-30,0.8899999856948853,0.9200000166893005,0.8399999737739563,0.8700000047683716,0.8700000047683716,4700
2023-05-31,0.8399999737739563,0.8999999761581421,0.8399999737739563,0.8600000143051147,0.8600000143051147,11800
2023-06-01,0.8399999737739563,0.9200000166893005,0.8199999928474426,0.8299999833106995,0.8299999833106995,30100
2023-06-02,0.8399999737739563,0.8399999737739563,0.8399999737739563,0.8399999737739563,0.8399999737739563,300
2023-06-05,0.8399999737739563,0.8500000238418579,0.8399999737739563,0.8500000238418579,0.8500000238418579,2700
2023-06-06,0.8600000143051147,0.8600000143051147,0.8600000143051147,0.8600000143051147,0.8600000143051147,800
2023-06-07,0.8299999833106995,0.8299999833106995,0.8299999833106995,0.8299999833106995,0.8299999833106995,1500
2023-06-08,0.8299999833106995,0.8500000238418579,0.8299999833106995,0.8399999737739563,0.8399999737739563,2300
2023-06-09,0.8299999833106995,0.8600000143051147,0.8299999833106995,0.8299999833106995,0.8299999833106995,10600
2023-06-12,0.8399999737739563,0.8399999737739563,0.8399999737739563,0.8399999737739563,0.8399999737739563,300
2023-06-13,0.8399999737739563,0.8399999737739563,0.75,0.7900000214576721,0.7900000214576721,45800
2023-06-14,0.800000011920929,0.8199999928474426,0.7699999809265137,0.7799999713897705,0.7799999713897705,2300
2023-06-15,0.7799999713897705,0.7799999713897705,0.75,0.7699999809265137,0.7699999809265137,22400
2023-06-16,0.7799999713897705,0.7799999713897705,0.7599999904632568,0.7599999904632568,0.7599999904632568,1400
2023-06-20,0.7599999904632568,0.8100000023841858,0.7300000190734863,0.7900000214576721,0.7900000214576721,28200
2023-06-21,0.7699999809265137,0.800000011920929,0.7300000190734863,0.7400000095367432,0.7400000095367432,100100
2023-06-22,0.7200000286102295,0.7699999809265137,0.6299999952316284,0.6899999976158142,0.6899999976158142,50700
2023-06-23,0.6700000166893005,0.6700000166893005,0.6499999761581421,0.6600000262260437,0.6600000262260437,3600
2023-06-26,0.6499999761581421,0.6499999761581421,0.6200000047683716,0.6200000047683716,0.6200000047683716,18400
2023-06-27,0.6100000143051147,0.6200000047683716,0.6100000143051147,0.6100000143051147,0.6100000143051147,3100
2023-06-28,0.6200000047683716,0.6499999761581421,0.6100000143051147,0.6499999761581421,0.6499999761581421,6100
2023-06-29,0.6600000262260437,0.699999988079071,0.6299999952316284,0.6399999856948853,0.6399999856948853,6300
2023-06-30,0.6399999856948853,0.6499999761581421,0.6100000143051147,0.6299999952316284,0.6299999952316284,9900
2023-07-03,0.6299999952316284,0.6299999952316284,0.6299999952316284,0.6299999952316284,0.6299999952316284,300
2023-07-05,0.6100000143051147,0.6299999952316284,0.6100000143051147,0.6299999952316284,0.6299999952316284,4800
2023-07-06,0.6299999952316284,0.6299999952316284,0.6100000143051147,0.6200000047683716,0.6200000047683716,4200
2023-07-07,0.6200000047683716,0.6200000047683716,0.6100000143051147,0.6100000143051147,0.6100000143051147,900
2023-07-10,0.6499999761581421,0.6499999761581421,0.6100000143051147,0.6299999952316284,0.6299999952316284,2400
2023-07-11,0.6200000047683716,0.6600000262260437,0.6100000143051147,0.6200000047683716,0.6200000047683716,8700
2023-07-12,0.6600000262260437,0.699999988079071,0.6600000262260437,0.6899999976158142,0.6899999976158142,16600
2023-07-13,0.7400000095367432,0.7900000214576721,0.6499999761581421,0.6499999761581421,0.6499999761581421,23500
2023-07-14,0.6600000262260437,0.6899999976158142,0.6499999761581421,0.6899999976158142,0.6899999976158142,4400
2023-07-17,0.6899999976158142,0.6899999976158142,0.6100000143051147,0.6200000047683716,0.6200000047683716,84200
2023-07-18,0.6100000143051147,0.6899999976158142,0.6100000143051147,0.6200000047683716,0.6200000047683716,3900
2023-07-19,0.6200000047683716,0.6200000047683716,0.6200000047683716,0.6200000047683716,0.6200000047683716,25400
2023-07-20,0.6299999952316284,0.6299999952316284,0.5600000023841858,0.6100000143051147,0.6100000143051147,35700
2023-07-21,0.6200000047683716,0.6700000166893005,0.6100000143051147,0.6200000047683716,0.6200000047683716,67100
2023-07-24,0.6299999952316284,0.6499999761581421,0.6200000047683716,0.6200000047683716,0.6200000047683716,3600
2023-07-25,0.6499999761581421,0.6499999761581421,0.6200000047683716,0.6200000047683716,0.6200000047683716,300
2023-07-26,0.6200000047683716,0.6200000047683716,0.6100000143051147,0.6100000143051147,0.6100000143051147,2600
2023-07-27,0.6399999856948853,0.6399999856948853,0.6299999952316284,0.6299999952316284,0.6299999952316284,1200
2023-07-28,0.6100000143051147,0.6299999952316284,0.6100000143051147,0.6299999952316284,0.6299999952316284,24600
2023-07-31,0.6100000143051147,0.6200000047683716,0.6100000143051147,0.6200000047683716,0.6200000047683716,2100
2023-08-01,0.6299999952316284,0.6399999856948853,0.6200000047683716,0.6399999856948853,0.6399999856948853,19900
2023-08-02,0.6200000047683716,0.6200000047683716,0.6000000238418579,0.6000000238418579,0.6000000238418579,14800
2023-08-03,0.6000000238418579,0.6200000047683716,0.6000000238418579,0.6200000047683716,0.6200000047683716,1000
2023-08-04,0.6000000238418579,0.6200000047683716,0.5899999737739563,0.6200000047683716,0.6200000047683716,21200
2023-08-07,0.6100000143051147,0.6200000047683716,0.6100000143051147,0.6100000143051147,0.6100000143051147,22100
2023-08-08,0.6200000047683716,0.6200000047683716,0.5899999737739563,0.5899999737739563,0.5899999737739563,33300
2023-08-09,0.5899999737739563,0.5899999737739563,0.5899999737739563,0.5899999737739563,0.5899999737739563,600
2023-08-10,0.5899999737739563,0.5899999737739563,0.5600000023841858,0.5899999737739563,0.5899999737739563,28200
2023-08-11,0.5799999833106995,0.6399999856948853,0.5600000023841858,0.6100000143051147,0.6100000143051147,16400
2023-08-14,0.6000000238418579,0.6000000238418579,0.5899999737739563,0.5899999737739563,0.5899999737739563,1000
2023-08-15,0.5899999737739563,0.5899999737739563,0.5600000023841858,0.5799999833106995,0.5799999833106995,3000
2023-08-16,0.5699999928474426,0.5699999928474426,0.5699999928474426,0.5699999928474426,0.5699999928474426,2000
2023-08-17,0.5699999928474426,0.5699999928474426,0.5600000023841858,0.5600000023841858,0.5600000023841858,17700
2023-08-18,0.5600000023841858,0.5600000023841858,0.5299999713897705,0.5600000023841858,0.5600000023841858,35100
2023-08-21,0.5600000023841858,0.5799999833106995,0.5299999713897705,0.5299999713897705,0.5299999713897705,7000
2023-08-22,0.5400000214576721,0.5400000214576721,0.5099999904632568,0.5099999904632568,0.5099999904632568,12700
2023-08-23,0.5099999904632568,0.5600000023841858,0.5099999904632568,0.5299999713897705,0.5299999713897705,31000
2023-08-24,0.5199999809265137,0.5299999713897705,0.5099999904632568,0.5299999713897705,0.5299999713897705,4200
2023-08-25,0.5099999904632568,0.5400000214576721,0.5099999904632568,0.5400000214576721,0.5400000214576721,600
2023-08-28,0.5400000214576721,0.5400000214576721,0.5099999904632568,0.5199999809265137,0.5199999809265137,16600
2023-08-29,0.5099999904632568,0.5099999904632568,0.47999998927116394,0.5099999904632568,0.5099999904632568,24600
2023-08-30,0.5099999904632568,0.5099999904632568,0.49000000953674316,0.5099999904632568,0.5099999904632568,1300
2023-08-31,0.49000000953674316,0.5,0.49000000953674316,0.5,0.5,12100
2023-09-01,0.5099999904632568,0.5099999904632568,0.47999998927116394,0.47999998927116394,0.47999998927116394,38300
2023-09-05,0.5,0.5,0.46000000834465027,0.49000000953674316,0.49000000953674316,11400
2023-09-06,0.4699999988079071,0.47999998927116394,0.46000000834465027,0.4699999988079071,0.4699999988079071,16100
2023-09-07,0.4699999988079071,0.49000000953674316,0.4699999988079071,0.4699999988079071,0.4699999988079071,4400
2023-09-08,0.46000000834465027,0.4699999988079071,0.46000000834465027,0.46000000834465027,0.46000000834465027,1800
2023-09-11,0.4699999988079071,0.49000000953674316,0.46000000834465027,0.46000000834465027,0.46000000834465027,6200
2023-09-12,0.4699999988079071,0.47999998927116394,0.46000000834465027,0.47999998927116394,0.47999998927116394,4700
2023-09-13,0.46000000834465027,0.47999998927116394,0.46000000834465027,0.46000000834465027,0.46000000834465027,7700
2023-09-14,0.46000000834465027,0.49000000953674316,0.44999998807907104,0.4699999988079071,0.4699999988079071,7700
2023-09-15,0.4699999988079071,0.47999998927116394,0.46000000834465027,0.47999998927116394,0.47999998927116394,4100
2023-09-18,0.46000000834465027,0.4699999988079071,0.4399999976158142,0.46000000834465027,0.46000000834465027,6400
2023-09-19,0.4399999976158142,0.46000000834465027,0.4399999976158142,0.44999998807907104,0.44999998807907104,4800
2023-09-20,0.4399999976158142,0.44999998807907104,0.4099999964237213,0.41999998688697815,0.41999998688697815,23800
2023-09-21,0.41999998688697815,0.4399999976158142,0.41999998688697815,0.4300000071525574,0.4300000071525574,4000
2023-09-22,0.4300000071525574,0.4300000071525574,0.4300000071525574,0.4300000071525574,0.4300000071525574,2600
2023-09-25,0.4300000071525574,0.4399999976158142,0.4300000071525574,0.4300000071525574,0.4300000071525574,1700
2023-09-26,0.4300000071525574,0.4300000071525574,0.4300000071525574,0.4300000071525574,0.4300000071525574,700
2023-09-27,0.4300000071525574,0.4300000071525574,0.41999998688697815,0.4300000071525574,0.4300000071525574,5700
2023-09-28,0.41999998688697815,0.41999998688697815,0.41999998688697815,0.41999998688697815,0.41999998688697815,600
2023-09-29,0.41999998688697815,0.41999998688697815,0.41999998688697815,0.41999998688697815,0.41999998688697815,2300
2023-10-02,0.41999998688697815,0.41999998688697815,0.41999998688697815,0.41999998688697815,0.41999998688697815,3200
2023-10-03,0.41999998688697815,0.4300000071525574,0.41999998688697815,0.41999998688697815,0.41999998688697815,9900
2023-10-04,0.41999998688697815,0.41999998688697815,0.3700000047683716,0.3700000047683716,0.3700000047683716,37700
2023-10-05,0.3700000047683716,0.3700000047683716,0.3700000047683716,0.3700000047683716,0.3700000047683716,8900
2023-10-06,0.3700000047683716,0.3700000047683716,0.3700000047683716,0.3700000047683716,0.3700000047683716,6800
2023-10-09,0.3400000035762787,0.3400000035762787,0.2800000011920929,0.2800000011920929,0.2800000011920929,114600
2023-10-10,0.2800000011920929,0.3100000023841858,0.27000001072883606,0.2800000011920929,0.2800000011920929,52400
2023-10-11,0.27000001072883606,0.27000001072883606,0.23999999463558197,0.25999999046325684,0.25999999046325684,84000
2023-10-12,0.23999999463558197,0.25,0.2199999988079071,0.2199999988079071,0.2199999988079071,115000
2023-10-13,0.23000000417232513,0.23999999463558197,0.20999999344348907,0.23999999463558197,0.23999999463558197,642600
2023-10-16,0.23000000417232513,0.23000000417232513,0.17000000178813934,0.1899999976158142,0.1899999976158142,612000
2023-10-17,0.18000000715255737,0.1899999976158142,0.17000000178813934,0.18000000715255737,0.18000000715255737,565900
2023-10-18,0.2199999988079071,0.3799999952316284,0.1899999976158142,0.25,0.25,7182300
2023-10-19,0.23999999463558197,0.30000001192092896,0.2199999988079071,0.23999999463558197,0.23999999463558197,655900
2023-10-20,0.2199999988079071,0.2800000011920929,0.20999999344348907,0.25,0.25,51400
2023-10-23,0.25,0.25,0.2199999988079071,0.2199999988079071,0.2199999988079071,60600
2023-10-24,0.23999999463558197,0.27000001072883606,0.23999999463558197,0.25,0.25,105400
2023-10-25,0.23999999463558197,0.25999999046325684,0.2199999988079071,0.23999999463558197,0.23999999463558197,120600
2023-10-26,0.20999999344348907,0.25999999046325684,0.20999999344348907,0.25999999046325684,0.25999999046325684,23700
2023-10-27,0.25,0.28999999165534973,0.25,0.25999999046325684,0.25999999046325684,105100
2023-10-30,0.25999999046325684,0.27000001072883606,0.25999999046325684,0.27000001072883606,0.27000001072883606,3800
2023-10-31,0.25999999046325684,0.27000001072883606,0.25,0.25,0.25,32000
2023-11-01,0.25,0.25,0.25,0.25,0.25,6400
2023-11-02,0.18000000715255737,0.25,0.18000000715255737,0.25,0.25,23900
2023-11-03,0.25,0.25,0.23000000417232513,0.23000000417232513,0.23000000417232513,6900
2023-11-06,0.23000000417232513,0.25999999046325684,0.23000000417232513,0.25,0.25,54800
2023-11-07,0.23999999463558197,0.25999999046325684,0.23999999463558197,0.23999999463558197,0.23999999463558197,33500
2023-11-08,0.23999999463558197,0.25,0.23999999463558197,0.25,0.25,18900
2023-11-09,0.25,0.25999999046325684,0.25,0.25,0.25,2200
2023-11-10,0.25,0.2800000011920929,0.23999999463558197,0.25999999046325684,0.25999999046325684,193700
2023-11-13,0.20999999344348907,0.25999999046325684,0.20999999344348907,0.25999999046325684,0.25999999046325684,132500
2023-11-14,0.2199999988079071,0.27000001072883606,0.20999999344348907,0.25,0.25,72400
2023-11-15,0.2199999988079071,0.27000001072883606,0.20999999344348907,0.25,0.25,97000
2023-11-16,0.23000000417232513,0.25999999046325684,0.20999999344348907,0.25,0.25,22400
2023-11-17,0.25,0.27000001072883606,0.23999999463558197,0.23999999463558197,0.23999999463558197,10900
2023-11-20,0.23999999463558197,0.27000001072883606,0.23999999463558197,0.25999999046325684,0.25999999046325684,184500
2023-11-21,0.25999999046325684,0.2800000011920929,0.25999999046325684,0.2800000011920929,0.2800000011920929,59900
2023-11-22,0.28999999165534973,0.28999999165534973,0.25999999046325684,0.25999999046325684,0.25999999046325684,29300
2023-11-24,0.27000001072883606,0.2800000011920929,0.27000001072883606,0.27000001072883606,0.27000001072883606,16700
2023-11-27,0.28999999165534973,0.28999999165534973,0.27000001072883606,0.27000001072883606,0.27000001072883606,25400
2023-11-28,0.27000001072883606,0.3199999928474426,0.25999999046325684,0.2800000011920929,0.2800000011920929,36600
2023-11-29,0.25999999046325684,0.2800000011920929,0.25999999046325684,0.2800000011920929,0.2800000011920929,55600
2023-11-30,0.25999999046325684,0.3100000023841858,0.25999999046325684,0.2800000011920929,0.2800000011920929,47400
2023-12-01,0.28999999165534973,0.33000001311302185,0.2800000011920929,0.2800000011920929,0.2800000011920929,35200
2023-12-04,0.25,0.33000001311302185,0.25,0.2800000011920929,0.2800000011920929,30200
2023-12-05,0.30000001192092896,0.33000001311302185,0.30000001192092896,0.33000001311302185,0.33000001311302185,27300
2023-12-06,0.2800000011920929,0.3100000023841858,0.2800000011920929,0.2800000011920929,0.2800000011920929,12300
2023-12-07,0.30000001192092896,0.3700000047683716,0.30000001192092896,0.3499999940395355,0.3499999940395355,17300
2023-12-08,0.3499999940395355,0.4000000059604645,0.3100000023841858,0.3100000023841858,0.3100000023841858,21600
2023-12-11,0.3100000023841858,0.3799999952316284,0.25999999046325684,0.3799999952316284,0.3799999952316284,27900
2023-12-12,0.3100000023841858,0.3700000047683716,0.30000001192092896,0.3100000023841858,0.3100000023841858,29500
2023-12-13,0.3100000023841858,0.33000001311302185,0.3100000023841858,0.3100000023841858,0.3100000023841858,4800
2023-12-14,0.3100000023841858,0.3100000023841858,0.30000001192092896,0.30000001192092896,0.30000001192092896,23200
2023-12-15,0.3100000023841858,0.3199999928474426,0.3100000023841858,0.3199999928474426,0.3199999928474426,300
2023-12-18,0.3100000023841858,0.3100000023841858,0.30000001192092896,0.30000001192092896,0.30000001192092896,52700
2023-12-19,0.25,0.3199999928474426,0.25,0.3199999928474426,0.3199999928474426,13600
2023-12-20,0.3100000023841858,0.33000001311302185,0.3100000023841858,0.3199999928474426,0.3199999928474426,13300
2023-12-21,0.3100000023841858,0.3400000035762787,0.25,0.3400000035762787,0.3400000035762787,22900
2023-12-22,0.25999999046325684,0.3400000035762787,0.25999999046325684,0.3400000035762787,0.3400000035762787,15100
2023-12-26,0.25999999046325684,0.3400000035762787,0.25999999046325684,0.3199999928474426,0.3199999928474426,14200
2023-12-27,0.3400000035762787,0.3400000035762787,0.3199999928474426,0.3199999928474426,0.3199999928474426,16900
2023-12-28,0.3199999928474426,0.3199999928474426,0.25999999046325684,0.2800000011920929,0.2800000011920929,15800
2023-12-29,0.27000001072883606,0.30000001192092896,0.27000001072883606,0.30000001192092896,0.30000001192092896,42400
2024-01-02,0.28999999165534973,0.3100000023841858,0.28999999165534973,0.3100000023841858,0.3100000023841858,300
2024-01-03,0.3100000023841858,0.3100000023841858,0.3100000023841858,0.3100000023841858,0.3100000023841858,0
2024-01-04,0.3400000035762787,0.3499999940395355,0.3400000035762787,0.3400000035762787,0.3400000035762787,7500
2024-01-05,0.3400000035762787,0.3400000035762787,0.3400000035762787,0.3400000035762787,0.3400000035762787,0
2024-01-08,0.3400000035762787,0.3400000035762787,0.28999999165534973,0.3100000023841858,0.3100000023841858,14200
2024-01-09,0.3100000023841858,0.3100000023841858,0.3100000023841858,0.3100000023841858,0.3100000023841858,0
2024-01-10,0.30000001192092896,0.30000001192092896,0.27000001072883606,0.27000001072883606,0.27000001072883606,2200
2024-01-11,0.30000001192092896,0.3400000035762787,0.30000001192092896,0.3100000023841858,0.3100000023841858,3800
2024-01-12,0.28999999165534973,0.28999999165534973,0.28999999165534973,0.28999999165534973,0.28999999165534973,200
2024-01-16,0.27000001072883606,0.27000001072883606,0.27000001072883606,0.27000001072883606,0.27000001072883606,300
2024-01-17,0.25999999046325684,0.25999999046325684,0.25999999046325684,0.25999999046325684,0.25999999046325684,1100
2024-01-18,0.23000000417232513,0.25999999046325684,0.23000000417232513,0.25999999046325684,0.25999999046325684,2300
2024-01-19,0.23999999463558197,0.23999999463558197,0.23000000417232513,0.23999999463558197,0.23999999463558197,1500
2024-01-22,0.23999999463558197,0.27000001072883606,0.23999999463558197,0.27000001072883606,0.27000001072883606,2200
2024-01-23,0.25999999046325684,0.25999999046325684,0.25,0.25,0.25,2600
2024-01-24,0.25,0.25,0.25,0.25,0.25,700
2024-01-25,0.25,0.25999999046325684,0.25,0.25999999046325684,0.25999999046325684,600
2024-01-26,0.25999999046325684,0.2800000011920929,0.25999999046325684,0.2800000011920929,0.2800000011920929,9400
2024-01-29,0.25999999046325684,0.2800000011920929,0.25999999046325684,0.2800000011920929,0.2800000011920929,2600
2024-01-30,0.2800000011920929,0.2800000011920929,0.2800000011920929,0.2800000011920929,0.2800000011920929,300
2024-01-31,0.25999999046325684,0.25999999046325684,0.25999999046325684,0.25999999046325684,0.25999999046325684,1800
2024-02-01,0.25999999046325684,0.25999999046325684,0.25999999046325684,0.25999999046325684,0.25999999046325684,1200
2024-02-02,0.25999999046325684,0.25999999046325684,0.25999999046325684,0.25999999046325684,0.25999999046325684,0
2024-02-05,0.25999999046325684,0.25999999046325684,0.25999999046325684,0.25999999046325684,0.25999999046325684,0
2024-02-06,0.25999999046325684,0.25999999046325684,0.25999999046325684,0.25999999046325684,0.25999999046325684,0
2024-02-07,0.25999999046325684,0.25999999046325684,0.25999999046325684,0.25999999046325684,0.25999999046325684,0
2024-02-08,0.27000001072883606,0.27000001072883606,0.25999999046325684,0.25999999046325684,0.25999999046325684,1300
2024-02-09,0.23000000417232513,0.23000000417232513,0.23000000417232513,0.23000000417232513,0.23000000417232513,1000
2024-02-12,0.2800000011920929,0.2800000011920929,0.23999999463558197,0.23999999463558197,0.23999999463558197,1900
2024-02-13,0.23999999463558197,0.23999999463558197,0.23999999463558197,0.23999999463558197,0.23999999463558197,1000
2024-02-14,0.23999999463558197,0.3100000023841858,0.23999999463558197,0.3100000023841858,0.3100000023841858,2400
2024-02-15,0.30000001192092896,0.30000001192092896,0.28999999165534973,0.28999999165534973,0.28999999165534973,1100
2024-02-16,0.23999999463558197,0.25999999046325684,0.2199999988079071,0.23000000417232513,0.23000000417232513,10100
2024-02-20,0.23000000417232513,0.23999999463558197,0.23000000417232513,0.23999999463558197,0.23999999463558197,800
2024-02-21,0.23000000417232513,0.2800000011920929,0.23000000417232513,0.23000000417232513,0.23000000417232513,151000
2024-02-22,0.23000000417232513,0.30000001192092896,0.23000000417232513,0.30000001192092896,0.30000001192092896,8000
2024-02-23,0.23999999463558197,0.28999999165534973,0.23999999463558197,0.28999999165534973,0.28999999165534973,18900
2024-02-26,0.2199999988079071,0.30000001192092896,0.2199999988079071,0.25,0.25,1000
2024-02-27,0.25,0.25,0.25,0.25,0.25,0
2024-02-28,0.25,0.25999999046325684,0.25,0.25999999046325684,0.25999999046325684,500
2024-02-29,0.25,0.25,0.25,0.25,0.25,100
2024-03-01,0.25999999046325684,0.25999999046325684,0.25999999046325684,0.25999999046325684,0.25999999046325684,400
2024-03-04,0.25,0.25,0.23999999463558197,0.23999999463558197,0.23999999463558197,7500
2024-03-05,0.23999999463558197,0.23999999463558197,0.23999999463558197,0.23999999463558197,0.23999999463558197,100
2024-03-06,0.23999999463558197,0.23999999463558197,0.23999999463558197,0.23999999463558197,0.23999999463558197,200
2024-03-07,0.23999999463558197,0.23999999463558197,0.23999999463558197,0.23999999463558197,0.23999999463558197,0
2024-03-08,0.23999999463558197,0.23999999463558197,0.23999999463558197,0.23999999463558197,0.23999999463558197,200
2024-03-11,0.23999999463558197,0.23999999463558197,0.23999999463558197,0.23999999463558197,0.23999999463558197,300
2024-03-12,0.23999999463558197,0.23999999463558197,0.23999999463558197,0.23999999463558197,0.23999999463558197,0
2024-03-13,0.25,0.25,0.25,0.25,0.25,200
2024-03-14,0.23000000417232513,0.23000000417232513,0.23000000417232513,0.23000000417232513,0.23000000417232513,1000
2024-03-15,0.28999999165534973,0.28999999165534973,0.23000000417232513,0.23999999463558197,0.23999999463558197,500
2024-03-18,0.23000000417232513,0.25999999046325684,0.23000000417232513,0.23000000417232513,0.23000000417232513,500
2024-03-19,0.20999999344348907,0.20999999344348907,0.20999999344348907,0.20999999344348907,0.20999999344348907,200
2024-03-20,0.20999999344348907,0.20999999344348907,0.20999999344348907,0.20999999344348907,0.20999999344348907,0
2024-03-21,0.23000000417232513,0.25999999046325684,0.23000000417232513,0.25999999046325684,0.25999999046325684,1900
2024-03-22,0.25999999046325684,0.25999999046325684,0.25999999046325684,0.25999999046325684,0.25999999046325684,0
2024-03-25,0.25999999046325684,0.25999999046325684,0.25999999046325684,0.25999999046325684,0.25999999046325684,0
2024-03-26,0.23000000417232513,0.25999999046325684,0.23000000417232513,0.25999999046325684,0.25999999046325684,11100
2024-03-27,0.25999999046325684,0.25999999046325684,0.25999999046325684,0.25999999046325684,0.25999999046325684,0
2024-03-28,0.25999999046325684,0.25999999046325684,0.25999999046325684,0.25999999046325684,0.25999999046325684,0
2024-04-01,0.25999999046325684,0.25999999046325684,0.25999999046325684,0.25999999046325684,0.25999999046325684,0
2024-04-02,0.23999999463558197,0.23999999463558197,0.23000000417232513,0.23000000417232513,0.23000000417232513,400
2024-04-03,0.23000000417232513,0.23000000417232513,0.23000000417232513,0.23000000417232513,0.23000000417232513,800
2024-04-04,0.23000000417232513,0.23000000417232513,0.23000000417232513,0.23000000417232513,0.23000000417232513,1100
2024-04-05,0.25,0.25,0.23000000417232513,0.23000000417232513,0.23000000417232513,800
2024-04-08,0.23000000417232513,0.23000000417232513,0.23000000417232513,0.23000000417232513,0.23000000417232513,0
2024-04-09,0.23000000417232513,0.23000000417232513,0.23000000417232513,0.23000000417232513,0.23000000417232513,0
2024-04-10,0.23000000417232513,0.23000000417232513,0.23000000417232513,0.23000000417232513,0.23000000417232513,200
2024-04-11,0.23000000417232513,0.23000000417232513,0.23000000417232513,0.23000000417232513,0.23000000417232513,0
2024-04-12,0.23000000417232513,0.23000000417232513,0.23000000417232513,0.23000000417232513,0.23000000417232513,500
2024-04-15,0.23000000417232513,0.23000000417232513,0.23000000417232513,0.23000000417232513,0.23000000417232513,7500
2024-04-16,0.25,0.25,0.25,0.25,0.25,200
2024-04-17,0.23000000417232513,0.23000000417232513,0.23000000417232513,0.23000000417232513,0.23000000417232513,10100
2024-04-18,0.23000000417232513,0.23000000417232513,0.23000000417232513,0.23000000417232513,0.23000000417232513,500
2024-04-19,0.23000000417232513,0.23999999463558197,0.23000000417232513,0.23999999463558197,0.23999999463558197,12600
2024-04-22,0.23000000417232513,0.2800000011920929,0.23000000417232513,0.23000000417232513,0.23000000417232513,1200
2024-04-23,0.25,0.25,0.25,0.25,0.25,2100
2024-04-24,0.23000000417232513,0.23000000417232513,0.23000000417232513,0.23000000417232513,0.23000000417232513,400
2024-04-25,0.23000000417232513,0.25,0.23000000417232513,0.23000000417232513,0.23000000417232513,14400
2024-04-26,0.23000000417232513,0.23000000417232513,0.23000000417232513,0.23000000417232513,0.23000000417232513,0
2024-04-29,0.23000000417232513,0.25,0.23000000417232513,0.23000000417232513,0.23000000417232513,7300
2024-04-30,0.23000000417232513,0.23000000417232513,0.23000000417232513,0.23000000417232513,0.23000000417232513,200
2024-05-01,0.23999999463558197,0.23999999463558197,0.23000000417232513,0.23000000417232513,0.23000000417232513,600
2024-05-02,0.23000000417232513,0.23000000417232513,0.23000000417232513,0.23000000417232513,0.23000000417232513,2800
2024-05-03,0.1599999964237213,0.20000000298023224,0.1599999964237213,0.20000000298023224,0.20000000298023224,5000
2024-05-06,0.23999999463558197,0.23999999463558197,0.1599999964237213,0.20000000298023224,0.20000000298023224,43100
2024-05-07,0.20000000298023224,0.20999999344348907,0.20000000298023224,0.20000000298023224,0.20000000298023224,1300
2024-05-08,0.20000000298023224,0.23999999463558197,0.20000000298023224,0.23999999463558197,0.23999999463558197,28900
2024-05-09,0.23999999463558197,0.23999999463558197,0.2199999988079071,0.2199999988079071,0.2199999988079071,4200
2024-05-10,0.23999999463558197,0.23999999463558197,0.23999999463558197,0.23999999463558197,0.23999999463558197,1400
2024-05-13,0.23999999463558197,0.23999999463558197,0.20000000298023224,0.20000000298023224,0.20000000298023224,800
2024-05-14,0.20000000298023224,0.20000000298023224,0.20000000298023224,0.20000000298023224,0.20000000298023224,500
2024-05-15,0.20999999344348907,0.2199999988079071,0.15000000596046448,0.17000000178813934,0.17000000178813934,47800
2024-05-16,0.17000000178813934,0.17000000178813934,0.17000000178813934,0.17000000178813934,0.17000000178813934,0
2024-05-17,0.15000000596046448,0.17000000178813934,0.15000000596046448,0.1599999964237213,0.1599999964237213,17400
2024-05-20,0.14000000059604645,0.17000000178813934,0.14000000059604645,0.14000000059604645,0.14000000059604645,5500
2024-05-21,0.17000000178813934,0.17000000178813934,0.14000000059604645,0.14000000059604645,0.14000000059604645,3300
2024-05-22,0.14000000059604645,0.14000000059604645,0.14000000059604645,0.14000000059604645,0.14000000059604645,1100
2024-05-23,0.15000000596046448,0.15000000596046448,0.15000000596046448,0.15000000596046448,0.15000000596046448,600
2024-05-24,0.1899999976158142,0.1899999976158142,0.14000000059604645,0.14000000059604645,0.14000000059604645,1100
2024-05-28,0.15000000596046448,0.15000000596046448,0.14000000059604645,0.14000000059604645,0.14000000059604645,700
2024-05-29,0.14000000059604645,0.14000000059604645,0.14000000059604645,0.14000000059604645,0.14000000059604645,300
2024-05-30,0.15000000596046448,0.15000000596046448,0.15000000596046448,0.15000000596046448,0.15000000596046448,100
2024-05-31,0.15000000596046448,0.15000000596046448,0.15000000596046448,0.15000000596046448,0.15000000596046448,4100
2024-06-03,0.15000000596046448,0.15000000596046448,0.15000000596046448,0.15000000596046448,0.15000000596046448,400
2024-06-04,0.14000000059604645,0.14000000059604645,0.14000000059604645,0.14000000059604645,0.14000000059604645,1000
2024-06-05,0.12999999523162842,0.14000000059604645,0.12999999523162842,0.14000000059604645,0.14000000059604645,900
2024-06-06,0.14000000059604645,0.14000000059604645,0.12999999523162842,0.12999999523162842,0.12999999523162842,600
2024-06-07,0.12999999523162842,0.12999999523162842,0.12999999523162842,0.12999999523162842,0.12999999523162842,900
2024-06-10,0.12999999523162842,0.14000000059604645,0.12999999523162842,0.14000000059604645,0.14000000059604645,600
2024-06-11,0.12999999523162842,0.14000000059604645,0.12999999523162842,0.14000000059604645,0.14000000059604645,2200
2024-06-12,0.14000000059604645,0.14000000059604645,0.12999999523162842,0.12999999523162842,0.12999999523162842,8500
2024-06-13,0.12999999523162842,0.12999999523162842,0.12999999523162842,0.12999999523162842,0.12999999523162842,400
2024-06-14,0.12999999523162842,0.14000000059604645,0.12999999523162842,0.12999999523162842,0.12999999523162842,12700
2024-06-17,0.12999999523162842,0.12999999523162842,0.12999999523162842,0.12999999523162842,0.12999999523162842,4300
2024-06-18,0.12999999523162842,0.12999999523162842,0.12999999523162842,0.12999999523162842,0.12999999523162842,6500
2024-06-20,0.10000000149011612,0.10999999940395355,0.10000000149011612,0.10999999940395355,0.10999999940395355,1200
2024-06-21,0.10999999940395355,0.10999999940395355,0.10999999940395355,0.10999999940395355,0.10999999940395355,0
2024-06-24,0.10999999940395355,0.10999999940395355,0.10999999940395355,0.10999999940395355,0.10999999940395355,0
2024-06-25,0.07999999821186066,0.12999999523162842,0.07000000029802322,0.07999999821186066,0.07999999821186066,71800
2024-06-26,0.07000000029802322,0.07000000029802322,0.07000000029802322,0.07000000029802322,0.07000000029802322,14200
2024-06-27,0.07999999821186066,0.07999999821186066,0.07999999821186066,0.07999999821186066,0.07999999821186066,200
2024-06-28,0.07999999821186066,0.07999999821186066,0.07000000029802322,0.07000000029802322,0.07000000029802322,1800
2024-07-01,0.07000000029802322,0.07000000029802322,0.07000000029802322,0.07000000029802322,0.07000000029802322,900
2024-07-02,0.07999999821186066,0.07999999821186066,0.07999999821186066,0.07999999821186066,0.07999999821186066,300
2024-07-03,0.07000000029802322,0.07999999821186066,0.07000000029802322,0.07000000029802322,0.07000000029802322,14700
2024-07-05,0.07000000029802322,0.07999999821186066,0.07000000029802322,0.07000000029802322,0.07000000029802322,2700
2024-07-08,0.07000000029802322,0.07000000029802322,0.07000000029802322,0.07000000029802322,0.07000000029802322,0
2024-07-09,0.07000000029802322,0.07000000029802322,0.07000000029802322,0.07000000029802322,0.07000000029802322,0
2024-07-10,0.07999999821186066,0.10000000149011612,0.07999999821186066,0.10000000149011612,0.10000000149011612,2300
2024-07-11,0.10000000149011612,0.10000000149011612,0.10000000149011612,0.10000000149011612,0.10000000149011612,1100
2024-07-12,0.07000000029802322,0.09000000357627869,0.07000000029802322,0.09000000357627869,0.09000000357627869,1100
2024-07-15,0.09000000357627869,0.09000000357627869,0.07999999821186066,0.07999999821186066,0.07999999821186066,2700
2024-07-16,0.05000000074505806,0.07000000029802322,0.03999999910593033,0.07000000029802322,0.07000000029802322,5600
2024-07-17,0.07000000029802322,0.07000000029802322,0.07000000029802322,0.07000000029802322,0.07000000029802322,0
2024-07-18,0.05999999865889549,0.10000000149011612,0.03999999910593033,0.10000000149011612,0.10000000149011612,800
2024-07-19,0.10000000149011612,0.10000000149011612,0.10000000149011612,0.10000000149011612,0.10000000149011612,0
2024-07-22,0.05000000074505806,0.07000000029802322,0.05000000074505806,0.07000000029802322,0.07000000029802322,900
2024-07-23,0.05000000074505806,0.05000000074505806,0.05000000074505806,0.05000000074505806,0.05000000074505806,300
2024-07-24,0.05000000074505806,0.05000000074505806,0.05000000074505806,0.05000000074505806,0.05000000074505806,0
2024-07-25,0.05999999865889549,0.05999999865889549,0.05999999865889549,0.05999999865889549,0.05999999865889549,500
2024-07-26,0.05000000074505806,0.05000000074505806,0.05000000074505806,0.05000000074505806,0.05000000074505806,600
2024-07-29,0.05000000074505806,0.05000000074505806,0.05000000074505806,0.05000000074505806,0.05000000074505806,400
2024-07-30,0.05000000074505806,0.05000000074505806,0.05000000074505806,0.05000000074505806,0.05000000074505806,0
2024-07-31,0.05000000074505806,0.05000000074505806,0.05000000074505806,0.05000000074505806,0.05000000074505806,1200
2024-08-01,0.05000000074505806,0.05000000074505806,0.05000000074505806,0.05000000074505806,0.05000000074505806,0
2024-08-02,0.05000000074505806,0.05000000074505806,0.05000000074505806,0.05000000074505806,0.05000000074505806,0
2024-08-05,0.03999999910593033,0.05000000074505806,0.03999999910593033,0.05000000074505806,0.05000000074505806,400
2024-08-06,0.05000000074505806,0.07000000029802322,0.05000000074505806,0.07000000029802322,0.07000000029802322,700
2024-08-07,0.03999999910593033,0.03999999910593033,0.03999999910593033,0.03999999910593033,0.03999999910593033,1200
2024-08-08,0.03999999910593033,0.03999999910593033,0.03999999910593033,0.03999999910593033,0.03999999910593033,0
2024-08-09,0.03999999910593033,0.03999999910593033,0.03999999910593033,0.03999999910593033,0.03999999910593033,200
2024-08-12,0.03999999910593033,0.03999999910593033,0.03999999910593033,0.03999999910593033,0.03999999910593033,100
2024-08-13,0.03999999910593033,0.05000000074505806,0.03999999910593033,0.05000000074505806,0.05000000074505806,300
2024-08-14,0.03999999910593033,0.07999999821186066,0.03999999910593033,0.05000000074505806,0.05000000074505806,10600
2024-08-15,0.03999999910593033,0.07999999821186066,0.03999999910593033,0.07999999821186066,0.07999999821186066,9400
2024-08-16,0.07000000029802322,0.07000000029802322,0.05999999865889549,0.05999999865889549,0.05999999865889549,400
2024-08-19,0.05999999865889549,0.05999999865889549,0.05999999865889549,0.05999999865889549,0.05999999865889549,300
2024-08-20,0.05999999865889549,0.09000000357627869,0.05999999865889549,0.05999999865889549,0.05999999865889549,2700
2024-08-21,0.05000000074505806,0.07000000029802322,0.05000000074505806,0.07000000029802322,0.07000000029802322,30100
2024-08-22,0.07000000029802322,0.07000000029802322,0.03999999910593033,0.03999999910593033,0.03999999910593033,3300
2024-08-23,0.03999999910593033,0.05999999865889549,0.03999999910593033,0.05999999865889549,0.05999999865889549,300
2024-08-26,0.05999999865889549,0.05999999865889549,0.05999999865889549,0.05999999865889549,0.05999999865889549,1000
2024-08-27,0.05999999865889549,0.05999999865889549,0.05999999865889549,0.05999999865889549,0.05999999865889549,1100
2024-08-28,0.05999999865889549,0.05999999865889549,0.05999999865889549,0.05999999865889549,0.05999999865889549,1400
2024-08-29,0.05999999865889549,0.05999999865889549,0.05999999865889549,0.05999999865889549,0.05999999865889549,200
2024-08-30,0.05999999865889549,0.05999999865889549,0.05999999865889549,0.05999999865889549,0.05999999865889549,200
2024-09-03,0.07000000029802322,0.07000000029802322,0.07000000029802322,0.07000000029802322,0.07000000029802322,300
2024-09-04,0.05999999865889549,0.07000000029802322,0.05999999865889549,0.05999999865889549,0.05999999865889549,1700
2024-09-05,0.05999999865889549,0.05999999865889549,0.05999999865889549,0.05999999865889549,0.05999999865889549,400
2024-09-06,0.05999999865889549,0.05999999865889549,0.05999999865889549,0.05999999865889549,0.05999999865889549,0
2024-09-09,0.05999999865889549,0.05999999865889549,0.05999999865889549,0.05999999865889549,0.05999999865889549,100
2024-09-10,0.07000000029802322,0.07000000029802322,0.07000000029802322,0.07000000029802322,0.07000000029802322,300
2024-09-11,0.05999999865889549,0.05999999865889549,0.05999999865889549,0.05999999865889549,0.05999999865889549,1800
2024-09-12,0.05999999865889549,0.05999999865889549,0.05999999865889549,0.05999999865889549,0.05999999865889549,0
2024-09-13,0.07000000029802322,0.07000000029802322,0.05999999865889549,0.05999999865889549,0.05999999865889549,3600
2024-09-16,0.05999999865889549,0.05999999865889549,0.05999999865889549,0.05999999865889549,0.05999999865889549,200
2024-09-17,0.05999999865889549,0.10000000149011612,0.05999999865889549,0.07000000029802322,0.07000000029802322,1600
2024-09-18,0.07000000029802322,0.07000000029802322,0.07000000029802322,0.07000000029802322,0.07000000029802322,0
2024-09-19,0.05999999865889549,0.07000000029802322,0.05999999865889549,0.05999999865889549,0.05999999865889549,1300
2024-09-20,0.05999999865889549,0.05999999865889549,0.05999999865889549,0.05999999865889549,0.05999999865889549,3100
2024-09-23,0.07000000029802322,0.07000000029802322,0.05999999865889549,0.07000000029802322,0.07000000029802322,700
2024-09-24,0.05999999865889549,0.05999999865889549,0.05999999865889549,0.05999999865889549,0.05999999865889549,2100
2024-09-25,0.05999999865889549,0.05999999865889549,0.05999999865889549,0.05999999865889549,0.05999999865889549,2200
2024-09-26,0.05999999865889549,0.05999999865889549,0.05999999865889549,0.05999999865889549,0.05999999865889549,0
2024-09-27,0.07000000029802322,0.07000000029802322,0.07000000029802322,0.07000000029802322,0.07000000029802322,700
2024-09-30,0.07000000029802322,0.07000000029802322,0.07000000029802322,0.07000000029802322,0.07000000029802322,1400
2024-10-01,0.10000000149011612,0.10000000149011612,0.07000000029802322,0.07000000029802322,0.07000000029802322,1100
2024-10-02,0.07000000029802322,0.07000000029802322,0.07000000029802322,0.07000000029802322,0.07000000029802322,0
2024-10-03,0.07000000029802322,0.07000000029802322,0.07000000029802322,0.07000000029802322,0.07000000029802322,17900
2024-10-04,0.07000000029802322,0.07000000029802322,0.07000000029802322,0.07000000029802322,0.07000000029802322,0
2024-10-07,0.07000000029802322,0.07000000029802322,0.05999999865889549,0.05999999865889549,0.05999999865889549,1100
2024-10-08,0.05999999865889549,0.05999999865889549,0.05999999865889549,0.05999999865889549,0.05999999865889549,0
2024-10-09,0.07000000029802322,0.09000000357627869,0.07000000029802322,0.09000000357627869,0.09000000357627869,17700
2024-10-10,0.09000000357627869,0.09000000357627869,0.09000000357627869,0.09000000357627869,0.09000000357627869,900
2024-10-11,0.09000000357627869,0.09000000357627869,0.09000000357627869,0.09000000357627869,0.09000000357627869,0
2024-10-14,0.07000000029802322,0.07000000029802322,0.07000000029802322,0.07000000029802322,0.07000000029802322,600
2024-10-15,0.07999999821186066,0.07999999821186066,0.07999999821186066,0.07999999821186066,0.07999999821186066,100
2024-10-16,0.07000000029802322,0.07000000029802322,0.07000000029802322,0.07000000029802322,0.07000000029802322,8000
2024-10-17,0.07000000029802322,0.10000000149011612,0.07000000029802322,0.07999999821186066,0.07999999821186066,8800
2024-10-18,0.10000000149011612,0.10000000149011612,0.07999999821186066,0.07999999821186066,0.07999999821186066,700
2024-10-21,0.05999999865889549,0.07000000029802322,0.05999999865889549,0.05999999865889549,0.05999999865889549,2500
2024-10-22,0.05999999865889549,0.05999999865889549,0.05999999865889549,0.05999999865889549,0.05999999865889549,0
2024-10-23,0.05999999865889549,0.05999999865889549,0.05999999865889549,0.05999999865889549,0.05999999865889549,0
2024-10-24,0.05000000074505806,0.05000000074505806,0.05000000074505806,0.05000000074505806,0.05000000074505806,100
2024-10-25,0.05999999865889549,0.07000000029802322,0.05999999865889549,0.05999999865889549,0.05999999865889549,1200
2024-10-28,0.05999999865889549,0.05999999865889549,0.05999999865889549,0.05999999865889549,0.05999999865889549,0
2024-10-29,0.05999999865889549,0.05999999865889549,0.05999999865889549,0.05999999865889549,0.05999999865889549,3000
2024-10-30,0.05000000074505806,0.05999999865889549,0.05000000074505806,0.05000000074505806,0.05000000074505806,17900
2024-10-31,0.03999999910593033,0.10000000149011612,0.03999999910593033,0.05999999865889549,0.05999999865889549,4700
2024-11-01,0.05999999865889549,0.07000000029802322,0.05999999865889549,0.07000000029802322,0.07000000029802322,3300
2024-11-04,0.05000000074505806,0.07999999821186066,0.05000000074505806,0.05999999865889549,0.05999999865889549,36000
2024-11-05,0.05999999865889549,0.07000000029802322,0.05999999865889549,0.07000000029802322,0.07000000029802322,1500
2024-11-06,0.07000000029802322,0.07000000029802322,0.07000000029802322,0.07000000029802322,0.07000000029802322,0
2024-11-07,0.05999999865889549,0.05999999865889549,0.05999999865889549,0.05999999865889549,0.05999999865889549,1200
2024-11-08,0.05000000074505806,0.05000000074505806,0.03999999910593033,0.05000000074505806,0.05000000074505806,3700
2024-11-11,0.05000000074505806,0.05999999865889549,0.05000000074505806,0.05999999865889549,0.05999999865889549,200
2024-11-12,0.07000000029802322,0.09000000357627869,0.05999999865889549,0.07000000029802322,0.07000000029802322,24800
2024-11-13,0.07000000029802322,0.07000000029802322,0.05999999865889549,0.05999999865889549,0.05999999865889549,17300
2024-11-14,0.05999999865889549,0.05999999865889549,0.05000000074505806,0.05999999865889549,0.05999999865889549,10300
2024-11-15,0.07000000029802322,0.07999999821186066,0.05999999865889549,0.07000000029802322,0.07000000029802322,82900
2024-11-18,0.07000000029802322,0.07999999821186066,0.07000000029802322,0.07999999821186066,0.07999999821186066,2000
2024-11-19,0.10000000149011612,0.10000000149011612,0.05999999865889549,0.07999999821186066,0.07999999821186066,13700
2024-11-20,0.07000000029802322,0.10000000149011612,0.07000000029802322,0.07000000029802322,0.07000000029802322,3700
2024-11-21,0.05000000074505806,0.07000000029802322,0.05000000074505806,0.07000000029802322,0.07000000029802322,3100
2024-11-22,0.05999999865889549,0.10000000149011612,0.05999999865889549,0.10000000149011612,0.10000000149011612,56700
2024-11-25,0.09000000357627869,0.10000000149011612,0.05999999865889549,0.07000000029802322,0.07000000029802322,153100
2024-11-26,0.07000000029802322,0.07000000029802322,0.07000000029802322,0.07000000029802322,0.07000000029802322,3100
2024-11-27,0.05999999865889549,0.07000000029802322,0.05999999865889549,0.07000000029802322,0.07000000029802322,10200
2024-11-29,0.07000000029802322,0.07999999821186066,0.07000000029802322,0.07999999821186066,0.07999999821186066,8000
2024-12-02,0.07999999821186066,0.09000000357627869,0.07999999821186066,0.09000000357627869,0.09000000357627869,6600
2024-12-03,0.07999999821186066,0.07999999821186066,0.07000000029802322,0.07000000029802322,0.07000000029802322,700
2024-12-04,0.07000000029802322,0.09000000357627869,0.07000000029802322,0.07000000029802322,0.07000000029802322,31100
2024-12-05,0.07000000029802322,0.07999999821186066,0.07000000029802322,0.07000000029802322,0.07000000029802322,7600
2024-12-06,0.05999999865889549,0.07000000029802322,0.05999999865889549,0.05999999865889549,0.05999999865889549,5000
2024-12-09,0.05999999865889549,0.05999999865889549,0.05999999865889549,0.05999999865889549,0.05999999865889549,900
2024-12-10,0.05999999865889549,0.05999999865889549,0.05999999865889549,0.05999999865889549,0.05999999865889549,700
2024-12-11,0.05999999865889549,0.07000000029802322,0.05999999865889549,0.05999999865889549,0.05999999865889549,2100
2024-12-12,0.05999999865889549,0.07000000029802322,0.05999999865889549,0.05999999865889549,0.05999999865889549,5500
2024-12-13,0.05999999865889549,0.05999999865889549,0.05999999865889549,0.05999999865889549,0.05999999865889549,4700
2024-12-16,0.07000000029802322,0.07000000029802322,0.05999999865889549,0.05999999865889549,0.05999999865889549,14000
2024-12-17,0.07000000029802322,0.07000000029802322,0.07000000029802322,0.07000000029802322,0.07000000029802322,1500
2024-12-18,0.07000000029802322,0.07000000029802322,0.05999999865889549,0.05999999865889549,0.05999999865889549,21700
2024-12-19,0.05999999865889549,0.07999999821186066,0.05999999865889549,0.07000000029802322,0.07000000029802322,1100
2024-12-20,0.07000000029802322,0.07000000029802322,0.05999999865889549,0.07000000029802322,0.07000000029802322,400
2024-12-23,0.05999999865889549,0.07000000029802322,0.05999999865889549,0.05999999865889549,0.05999999865889549,5000
2024-12-24,0.05999999865889549,0.05999999865889549,0.05999999865889549,0.05999999865889549,0.05999999865889549,1300
2024-12-26,0.07000000029802322,0.07000000029802322,0.05999999865889549,0.07000000029802322,0.07000000029802322,36400
2024-12-27,0.05999999865889549,0.07999999821186066,0.05999999865889549,0.07999999821186066,0.07999999821186066,31800
2024-12-30,0.07000000029802322,0.07000000029802322,0.05999999865889549,0.05999999865889549,0.05999999865889549,41000
2024-12-31,0.05999999865889549,0.07000000029802322,0.05999999865889549,0.05999999865889549,0.05999999865889549,5900
2025-01-02,0.07000000029802322,0.07000000029802322,0.07000000029802322,0.07000000029802322,0.07000000029802322,300
2025-01-03,0.07000000029802322,0.07000000029802322,0.07000000029802322,0.07000000029802322,0.07000000029802322,400
2025-01-06,0.05999999865889549,0.07999999821186066,0.05999999865889549,0.07999999821186066,0.07999999821186066,10600
2025-01-07,0.07999999821186066,0.07999999821186066,0.07999999821186066,0.07999999821186066,0.07999999821186066,0
2025-01-08,0.07000000029802322,0.07000000029802322,0.07000000029802322,0.07000000029802322,0.07000000029802322,1200
2025-01-10,0.05999999865889549,0.05999999865889549,0.05999999865889549,0.05999999865889549,0.05999999865889549,200
2025-01-13,0.05999999865889549,0.07000000029802322,0.05999999865889549,0.05999999865889549,0.05999999865889549,10400
2025-01-14,0.07000000029802322,0.07000000029802322,0.05999999865889549,0.05999999865889549,0.05999999865889549,3200
2025-01-15,0.05999999865889549,0.05999999865889549,0.05999999865889549,0.05999999865889549,0.05999999865889549,800
2025-01-16,0.05999999865889549,0.05999999865889549,0.05999999865889549,0.05999999865889549,0.05999999865889549,0
2025-01-17,0.05999999865889549,0.07999999821186066,0.05999999865889549,0.07999999821186066,0.07999999821186066,500
2025-01-21,0.05000000074505806,0.07999999821186066,0.05000000074505806,0.05999999865889549,0.05999999865889549,1000
2025-01-22,0.05999999865889549,0.05999999865889549,0.05999999865889549,0.05999999865889549,0.05999999865889549,1000
2025-01-23,0.05999999865889549,0.07999999821186066,0.05999999865889549,0.05999999865889549,0.05999999865889549,12800
2025-01-24,0.05999999865889549,0.05999999865889549,0.05999999865889549,0.05999999865889549,0.05999999865889549,0
2025-01-27,0.07999999821186066,0.07999999821186066,0.07999999821186066,0.07999999821186066,0.07999999821186066,1200
2025-01-28,0.07000000029802322,0.07000000029802322,0.07000000029802322,0.07000000029802322,0.07000000029802322,100
2025-01-29,0.07000000029802322,0.07000000029802322,0.07000000029802322,0.07000000029802322,0.07000000029802322,3400
2025-01-30,0.07000000029802322,0.07000000029802322,0.07000000029802322,0.07000000029802322,0.07000000029802322,500
2025-01-31,0.07000000029802322,0.07000000029802322,0.07000000029802322,0.07000000029802322,0.07000000029802322,300
2025-02-03,0.07000000029802322,0.07000000029802322,0.05999999865889549,0.05999999865889549,0.05999999865889549,16100
2025-02-04,0.05999999865889549,0.05999999865889549,0.05999999865889549,0.05999999865889549,0.05999999865889549,0
2025-02-05,0.05999999865889549,0.05999999865889549,0.05999999865889549,0.05999999865889549,0.05999999865889549,0
2025-02-06,0.05999999865889549,0.05999999865889549,0.05999999865889549,0.05999999865889549,0.05999999865889549,0
2025-02-07,0.05999999865889549,0.05999999865889549,0.05999999865889549,0.05999999865889549,0.05999999865889549,0
2025-02-10,0.05999999865889549,0.07000000029802322,0.05999999865889549,0.07000000029802322,0.07000000029802322,1100
2025-02-11,0.05999999865889549,0.05999999865889549,0.05999999865889549,0.05999999865889549,0.05999999865889549,100
2025-02-12,0.05999999865889549,0.07000000029802322,0.05999999865889549,0.05999999865889549,0.05999999865889549,2100
2025-02-13,0.05999999865889549,0.05999999865889549,0.05999999865889549,0.05999999865889549,0.05999999865889549,0
2025-02-14,0.05999999865889549,0.05999999865889549,0.05999999865889549,0.05999999865889549,0.05999999865889549,100
2025-02-18,0.07000000029802322,0.07000000029802322,0.05999999865889549,0.05999999865889549,0.05999999865889549,5600
2025-02-19,0.05999999865889549,0.05999999865889549,0.05999999865889549,0.05999999865889549,0.05999999865889549,0
2025-02-20,0.05999999865889549,0.05999999865889549,0.05999999865889549,0.05999999865889549,0.05999999865889549,100
2025-02-21,0.05999999865889549,0.05999999865889549,0.05999999865889549,0.05999999865889549,0.05999999865889549,300
2025-02-24,0.05999999865889549,0.05999999865889549,0.05999999865889549,0.05999999865889549,0.05999999865889549,0
2025-02-25,0.05999999865889549,0.05999999865889549,0.05999999865889549,0.05999999865889549,0.05999999865889549,200
2025-02-26,0.05999999865889549,0.05999999865889549,0.05999999865889549,0.05999999865889549,0.05999999865889549,0
2025-02-27,0.05999999865889549,0.05999999865889549,0.05999999865889549,0.05999999865889549,0.05999999865889549,200
2025-02-28,0.05999999865889549,0.05999999865889549,0.05999999865889549,0.05999999865889549,0.05999999865889549,500
2025-03-03,0.05999999865889549,0.05999999865889549,0.05999999865889549,0.05999999865889549,0.05999999865889549,400
2025-03-04,0.05000000074505806,0.05000000074505806,0.05000000074505806,0.05000000074505806,0.05000000074505806,1400
2025-03-05,0.05000000074505806,0.05999999865889549,0.05000000074505806,0.05999999865889549,0.05999999865889549,1000
2025-03-06,0.05999999865889549,0.05999999865889549,0.05999999865889549,0.05999999865889549,0.05999999865889549,0
2025-03-07,0.05999999865889549,0.05999999865889549,0.05999999865889549,0.05999999865889549,0.05999999865889549,0
2025-03-10,0.05999999865889549,0.05999999865889549,0.05999999865889549,0.05999999865889549,0.05999999865889549,0
2025-03-11,0.05000000074505806,0.07999999821186066,0.05000000074505806,0.07999999821186066,0.07999999821186066,3000
2025-03-12,0.05999999865889549,0.05999999865889549,0.05999999865889549,0.05999999865889549,0.05999999865889549,500
2025-03-13,0.05000000074505806,0.05000000074505806,0.05000000074505806,0.05000000074505806,0.05000000074505806,300
2025-03-14,0.05000000074505806,0.05000000074505806,0.05000000074505806,0.05000000074505806,0.05000000074505806,0
2025-03-17,0.05000000074505806,0.05000000074505806,0.05000000074505806,0.05000000074505806,0.05000000074505806,600
2025-03-18,0.05000000074505806,0.05000000074505806,0.05000000074505806,0.05000000074505806,0.05000000074505806,1000
2025-03-19,0.05000000074505806,0.05000000074505806,0.05000000074505806,0.05000000074505806,0.05000000074505806,100
2025-03-20,0.05000000074505806,0.05000000074505806,0.05000000074505806,0.05000000074505806,0.05000000074505806,1400
2025-03-21,0.05000000074505806,0.05000000074505806,0.05000000074505806,0.05000000074505806,0.05000000074505806,0
2025-03-24,0.05000000074505806,0.05000000074505806,0.05000000074505806,0.05000000074505806,0.05000000074505806,200
2025-03-25,0.05000000074505806,0.05000000074505806,0.05000000074505806,0.05000000074505806,0.05000000074505806,100
2025-03-26,0.05000000074505806,0.05000000074505806,0.05000000074505806,0.05000000074505806,0.05000000074505806,300
2025-03-27,0.05999999865889549,0.05999999865889549,0.05999999865889549,0.05999999865889549,0.05999999865889549,400
2025-03-28,0.05999999865889549,0.05999999865889549,0.05999999865889549,0.05999999865889549,0.05999999865889549,0
2025-03-31,0.05999999865889549,0.05999999865889549,0.05999999865889549,0.05999999865889549,0.05999999865889549,300
2025-04-01,0.05999999865889549,0.05999999865889549,0.05999999865889549,0.05999999865889549,0.05999999865889549,0
2025-04-02,0.05999999865889549,0.05999999865889549,0.05999999865889549,0.05999999865889549,0.05999999865889549,0
2025-04-03,0.05999999865889549,0.05999999865889549,0.05999999865889549,0.05999999865889549,0.05999999865889549,8500
2025-04-04,0.05999999865889549,0.07000000029802322,0.05999999865889549,0.07000000029802322,0.07000000029802322,600
2025-04-07,0.05999999865889549,0.05999999865889549,0.05999999865889549,0.05999999865889549,0.05999999865889549,1100
2025-04-08,0.05999999865889549,0.07999999821186066,0.05999999865889549,0.05999999865889549,0.05999999865889549,1100
2025-04-09,0.05999999865889549,0.05999999865889549,0.05999999865889549,0.05999999865889549,0.05999999865889549,44800
2025-04-10,0.05000000074505806,0.05000000074505806,0.05000000074505806,0.05000000074505806,0.05000000074505806,100
2025-04-11,0.05999999865889549,0.05999999865889549,0.05999999865889549,0.05999999865889549,0.05999999865889549,1700
2025-04-14,0.05999999865889549,0.05999999865889549,0.05999999865889549,0.05999999865889549,0.05999999865889549,200
2025-04-15,0.05000000074505806,0.05000000074505806,0.05000000074505806,0.05000000074505806,0.05000000074505806,700
2025-04-16,0.05000000074505806,0.05000000074505806,0.05000000074505806,0.05000000074505806,0.05000000074505806,0
2025-04-17,0.05000000074505806,0.05000000074505806,0.05000000074505806,0.05000000074505806,0.05000000074505806,0
2025-04-21,0.05999999865889549,0.05999999865889549,0.05999999865889549,0.05999999865889549,0.05999999865889549,5400
2025-04-22,0.05000000074505806,0.05000000074505806,0.05000000074505806,0.05000000074505806,0.05000000074505806,1200
2025-04-23,0.05000000074505806,0.05000000074505806,0.05000000074505806,0.05000000074505806,0.05000000074505806,0
2025-04-24,0.05000000074505806,0.05000000074505806,0.05000000074505806,0.05000000074505806,0.05000000074505806,1400
2025-04-25,0.05000000074505806,0.05000000074505806,0.05000000074505806,0.05000000074505806,0.05000000074505806,1200
2025-04-28,0.05999999865889549,0.05999999865889549,0.05999999865889549,0.05999999865889549,0.05999999865889549,100
2025-04-29,0.05000000074505806,0.05000000074505806,0.05000000074505806,0.05000000074505806,0.05000000074505806,600
2025-04-30,0.05999999865889549,0.05999999865889549,0.05999999865889549,0.05999999865889549,0.05999999865889549,800
2025-05-01,0.05999999865889549,0.05999999865889549,0.05999999865889549,0.05999999865889549,0.05999999865889549,0
2025-05-02,0.05000000074505806,0.07000000029802322,0.05000000074505806,0.07000000029802322,0.07000000029802322,800
2025-05-05,0.07000000029802322,0.07000000029802322,0.07000000029802322,0.07000000029802322,0.07000000029802322,0
2025-05-06,0.05000000074505806,0.05000000074505806,0.05000000074505806,0.05000000074505806,0.05000000074505806,300
2025-05-07,0.07000000029802322,0.07000000029802322,0.07000000029802322,0.07000000029802322,0.07000000029802322,900
2025-05-08,0.07999999821186066,0.07999999821186066,0.07000000029802322,0.07000000029802322,0.07000000029802322,1200
2025-05-09,0.07000000029802322,0.07000000029802322,0.07000000029802322,0.07000000029802322,0.07000000029802322,500
2025-05-12,0.07999999821186066,0.07999999821186066,0.05000000074505806,0.05000000074505806,0.05000000074505806,2900
2025-05-13,0.05000000074505806,0.05000000074505806,0.05000000074505806,0.05000000074505806,0.05000000074505806,1600
2025-05-14,0.05999999865889549,0.05999999865889549,0.05000000074505806,0.05000000074505806,0.05000000074505806,7900
2025-05-15,0.05999999865889549,0.07999999821186066,0.05999999865889549,0.07999999821186066,0.07999999821186066,400
2025-05-16,0.05000000074505806,0.05000000074505806,0.05000000074505806,0.05000000074505806,0.05000000074505806,300
2025-05-19,0.05000000074505806,0.05999999865889549,0.05000000074505806,0.05999999865889549,0.05999999865889549,2100
2025-05-20,0.05000000074505806,0.05000000074505806,0.05000000074505806,0.05000000074505806,0.05000000074505806,700
2025-05-21,0.05000000074505806,0.05000000074505806,0.05000000074505806,0.05000000074505806,0.05000000074505806,0
2025-05-22,0.05000000074505806,0.05999999865889549,0.05000000074505806,0.05999999865889549,0.05999999865889549,1200
2025-05-23,0.05999999865889549,0.05999999865889549,0.05999999865889549,0.05999999865889549,0.05999999865889549,9300
2025-05-27,0.05999999865889549,0.05999999865889549,0.05000000074505806,0.05999999865889549,0.05999999865889549,3700
2025-05-28,0.05999999865889549,0.05999999865889549,0.05999999865889549,0.05999999865889549,0.05999999865889549,0
2025-05-29,0.05000000074505806,0.05999999865889549,0.05000000074505806,0.05999999865889549,0.05999999865889549,1000
2025-05-30,0.05999999865889549,0.05999999865889549,0.05999999865889549,0.05999999865889549,0.05999999865889549,0
2025-06-02,0.05999999865889549,0.05999999865889549,0.05999999865889549,0.05999999865889549,0.05999999865889549,0
2025-06-03,0.05999999865889549,0.05999999865889549,0.05999999865889549,0.05999999865889549,0.05999999865889549,0
2025-06-04,0.05999999865889549,0.05999999865889549,0.05999999865889549,0.05999999865889549,0.05999999865889549,0
2025-06-05,0.05000000074505806,0.05000000074505806,0.05000000074505806,0.05000000074505806,0.05000000074505806,300
2025-06-06,0.05000000074505806,0.05000000074505806,0.05000000074505806,0.05000000074505806,0.05000000074505806,1000
2025-06-09,0.05000000074505806,0.05000000074505806,0.05000000074505806,0.05000000074505806,0.05000000074505806,0
2025-06-10,0.05000000074505806,0.05000000074505806,0.05000000074505806,0.05000000074505806,0.05000000074505806,0
2025-06-11,0.05999999865889549,0.05999999865889549,0.05000000074505806,0.05000000074505806,0.05000000074505806,2500
2025-06-12,0.05999999865889549,0.05999999865889549,0.05999999865889549,0.05999999865889549,0.05999999865889549,300
2025-06-13,0.05000000074505806,0.05000000074505806,0.05000000074505806,0.05000000074505806,0.05000000074505806,3400
2025-06-16,0.05000000074505806,0.05000000074505806,0.05000000074505806,0.05000000074505806,0.05000000074505806,0
2025-06-17,0.05000000074505806,0.05000000074505806,0.05000000074505806,0.05000000074505806,0.05000000074505806,0
2025-06-18,0.05999999865889549,0.05999999865889549,0.05999999865889549,0.05999999865889549,0.05999999865889549,1400
2025-06-20,0.05999999865889549,0.05999999865889549,0.05000000074505806,0.05999999865889549,0.05999999865889549,3700
2025-06-23,0.05999999865889549,0.05999999865889549,0.05999999865889549,0.05999999865889549,0.05999999865889549,1100
2025-06-24,0.05000000074505806,0.07000000029802322,0.05000000074505806,0.07000000029802322,0.07000000029802322,1000
2025-06-25,0.07000000029802322,0.07000000029802322,0.07000000029802322,0.07000000029802322,0.07000000029802322,0
2025-06-26,0.07000000029802322,0.07000000029802322,0.07000000029802322,0.07000000029802322,0.07000000029802322,0
2025-06-27,0.07000000029802322,0.07000000029802322,0.07000000029802322,0.07000000029802322,0.07000000029802322,0
2025-06-30,0.05000000074505806,0.07000000029802322,0.05000000074505806,0.05999999865889549,0.05999999865889549,500
2025-07-01,0.05000000074505806,0.07000000029802322,0.05000000074505806,0.07000000029802322,0.07000000029802322,1400
2025-07-02,0.07000000029802322,0.07000000029802322,0.07000000029802322,0.07000000029802322,0.07000000029802322,0
2025-07-03,0.05000000074505806,0.05000000074505806,0.05000000074505806,0.05000000074505806,0.05000000074505806,500
2025-07-07,0.05000000074505806,0.05000000074505806,0.05000000074505806,0.05000000074505806,0.05000000074505806,200
2025-07-08,0.05000000074505806,0.05000000074505806,0.05000000074505806,0.05000000074505806,0.05000000074505806,0
2025-07-09,0.05000000074505806,0.05000000074505806,0.05000000074505806,0.05000000074505806,0.05000000074505806,0
2025-07-10,0.05000000074505806,0.05000000074505806,0.05000000074505806,0.05000000074505806,0.05000000074505806,0
2025-07-11,0.05999999865889549,0.05999999865889549,0.05999999865889549,0.05999999865889549,0.05999999865889549,200
2025-07-14,0.05000000074505806,0.07000000029802322,0.05000000074505806,0.07000000029802322,0.07000000029802322,1500
2025-07-15,0.05000000074505806,0.07000000029802322,0.05000000074505806,0.07000000029802322,0.07000000029802322,7300
2025-07-16,0.07000000029802322,0.07000000029802322,0.07000000029802322,0.07000000029802322,0.07000000029802322,0
2025-07-17,0.07000000029802322,0.07000000029802322,0.07000000029802322,0.07000000029802322,0.07000000029802322,0
2025-07-18,0.07000000029802322,0.07000000029802322,0.07000000029802322,0.07000000029802322,0.07000000029802322,0
2025-07-21,0.07000000029802322,0.07000000029802322,0.07000000029802322,0.07000000029802322,0.07000000029802322,0
2025-07-22,0.05000000074505806,0.05000000074505806,0.05000000074505806,0.05000000074505806,0.05000000074505806,200
2025-07-23,0.05000000074505806,0.05000000074505806,0.05000000074505806,0.05000000074505806,0.05000000074505806,1000
2025-07-24,0.05000000074505806,0.05999999865889549,0.05000000074505806,0.05999999865889549,0.05999999865889549,2500
2025-07-25,0.05999999865889549,0.05999999865889549,0.05999999865889549,0.05999999865889549,0.05999999865889549,0
2025-07-28,0.05999999865889549,0.05999999865889549,0.05999999865889549,0.05999999865889549,0.05999999865889549,300
2025-07-29,0.05999999865889549,0.05999999865889549,0.05999999865889549,0.05999999865889549,0.05999999865889549,0
2025-07-30,0.05999999865889549,0.05999999865889549,0.05999999865889549,0.05999999865889549,0.05999999865889549,900
2025-07-31,0.05999999865889549,0.05999999865889549,0.05999999865889549,0.05999999865889549,0.05999999865889549,0
2025-08-01,0.05000000074505806,0.07000000029802322,0.05000000074505806,0.05000000074505806,0.05000000074505806,10300
2025-08-04,0.05000000074505806,0.05000000074505806,0.05000000074505806,0.05000000074505806,0.05000000074505806,1200
2025-08-05,0.05999999865889549,0.05999999865889549,0.05000000074505806,0.05999999865889549,0.05999999865889549,24400
2025-08-06,0.05999999865889549,0.05999999865889549,0.05000000074505806,0.05000000074505806,0.05000000074505806,800
2025-08-07,0.07000000029802322,0.07000000029802322,0.07000000029802322,0.07000000029802322,0.07000000029802322,900
2025-08-08,0.07000000029802322,0.07000000029802322,0.07000000029802322,0.07000000029802322,0.07000000029802322,0
2025-08-11,0.05000000074505806,0.05000000074505806,0.05000000074505806,0.05000000074505806,0.05000000074505806,300
2025-08-12,0.05000000074505806,0.05000000074505806,0.05000000074505806,0.05000000074505806,0.05000000074505806,200
2025-08-13,0.05000000074505806,0.05000000074505806,0.05000000074505806,0.05000000074505806,0.05000000074505806,2100
2025-08-14,0.05000000074505806,0.05000000074505806,0.05000000074505806,0.05000000074505806,0.05000000074505806,0
2025-08-15,0.05000000074505806,0.05000000074505806,0.05000000074505806,0.05000000074505806,0.05000000074505806,0
2025-08-18,0.05000000074505806,0.05000000074505806,0.05000000074505806,0.05000000074505806,0.05000000074505806,5100
2025-08-19,0.05000000074505806,0.05000000074505806,0.05000000074505806,0.05000000074505806,0.05000000074505806,0
2025-08-20,0.05000000074505806,0.05000000074505806,0.05000000074505806,0.05000000074505806,0.05000000074505806,2100
2025-08-21,0.05999999865889549,0.05999999865889549,0.05999999865889549,0.05999999865889549,0.05999999865889549,2300
2025-08-22,0.05999999865889549,0.05999999865889549,0.05999999865889549,0.05999999865889549,0.05999999865889549,0
2025-08-25,0.05999999865889549,0.07000000029802322,0.05999999865889549,0.05999999865889549,0.05999999865889549,3100
2025-08-26,0.05000000074505806,0.05000000074505806,0.05000000074505806,0.05000000074505806,0.05000000074505806,100
2025-08-27,0.05000000074505806,0.05000000074505806,0.05000000074505806,0.05000000074505806,0.05000000074505806,0
2025-08-28,0.05000000074505806,0.05000000074505806,0.05000000074505806,0.05000000074505806,0.05000000074505806,2000
2025-08-29,0.05999999865889549,0.05999999865889549,0.05999999865889549,0.05999999865889549,0.05999999865889549,100
2025-09-02,0.05000000074505806,0.07000000029802322,0.05000000074505806,0.05000000074505806,0.05000000074505806,700
2025-09-03,0.05999999865889549,0.05999999865889549,0.05999999865889549,0.05999999865889549,0.05999999865889549,17600
2025-09-04,0.05999999865889549,0.05999999865889549,0.05999999865889549,0.05999999865889549,0.05999999865889549,21600
2025-09-05,0.05999999865889549,0.05999999865889549,0.05999999865889549,0.05999999865889549,0.05999999865889549,1000
2025-09-08,0.05999999865889549,0.07000000029802322,0.05999999865889549,0.07000000029802322,0.07000000029802322,6700
2025-09-09,0.05999999865889549,0.07000000029802322,0.05000000074505806,0.05999999865889549,0.05999999865889549,9600
2025-09-10,0.05999999865889549,0.07000000029802322,0.05999999865889549,0.05999999865889549,0.05999999865889549,7500
2025-09-11,0.05999999865889549,0.07000000029802322,0.05999999865889549,0.05999999865889549,0.05999999865889549,10000
2025-09-12,0.05999999865889549,0.05999999865889549,0.05999999865889549,0.05999999865889549,0.05999999865889549,400
2025-09-15,0.05999999865889549,0.07000000029802322,0.05999999865889549,0.07000000029802322,0.07000000029802322,5100
2025-09-16,0.07000000029802322,0.07000000029802322,0.05999999865889549,0.07000000029802322,0.07000000029802322,1100
2025-09-17,0.05999999865889549,0.05999999865889549,0.05999999865889549,0.05999999865889549,0.05999999865889549,4600
2025-09-18,0.07000000029802322,0.07000000029802322,0.07000000029802322,0.07000000029802322,0.07000000029802322,200
2025-09-19,0.07000000029802322,0.07000000029802322,0.05999999865889549,0.05999999865889549,0.05999999865889549,10100
2025-09-22,0.05000000074505806,0.07000000029802322,0.05000000074505806,0.05999999865889549,0.05999999865889549,52200
2025-09-23,0.05999999865889549,0.05999999865889549,0.05999999865889549,0.05999999865889549,0.05999999865889549,0
2025-09-24,0.05999999865889549,0.05999999865889549,0.05999999865889549,0.05999999865889549,0.05999999865889549,1000
2025-09-25,0.05999999865889549,0.05999999865889549,0.05999999865889549,0.05999999865889549,0.05999999865889549,200
2025-09-26,0.05999999865889549,0.05999999865889549,0.05999999865889549,0.05999999865889549,0.05999999865889549,0
2025-09-29,0.05999999865889549,0.05999999865889549,0.05999999865889549,0.05999999865889549,0.05999999865889549,700
2025-09-30,0.05999999865889549,0.05999999865889549,0.05999999865889549,0.05999999865889549,0.05999999865889549,1000
2025-10-01,0.05999999865889549,0.05999999865889549,0.05999999865889549,0.05999999865889549,0.05999999865889549,15000
2025-10-02,0.05999999865889549,0.05999999865889549,0.05999999865889549,0.05999999865889549,0.05999999865889549,1100
2025-10-03,0.05999999865889549,0.05999999865889549,0.05999999865889549,0.05999999865889549,0.05999999865889549,0
2025-10-06,0.05000000074505806,0.05000000074505806,0.05000000074505806,0.05000000074505806,0.05000000074505806,200
2025-10-07,0.05999999865889549,0.05999999865889549,0.05000000074505806,0.05000000074505806,0.05000000074505806,1200
2025-10-08,0.05999999865889549,0.05999999865889549,0.05000000074505806,0.05000000074505806,0.05000000074505806,2300
2025-10-09,0.05000000074505806,0.05999999865889549,0.05000000074505806,0.05999999865889549,0.05999999865889549,700
2025-10-10,0.05999999865889549,0.05999999865889549,0.05999999865889549,0.05999999865889549,0.05999999865889549,0
2025-10-13,0.05000000074505806,0.05999999865889549,0.05000000074505806,0.05999999865889549,0.05999999865889549,1100
2025-10-14,0.05999999865889549,0.05999999865889549,0.05999999865889549,0.05999999865889549,0.05999999865889549,0
2025-10-15,0.05999999865889549,0.05999999865889549,0.05999999865889549,0.05999999865889549,0.05999999865889549,200
2025-10-16,0.05999999865889549,0.05999999865889549,0.05999999865889549,0.05999999865889549,0.05999999865889549,0
2025-10-17,0.05999999865889549,0.05999999865889549,0.05999999865889549,0.05999999865889549,0.05999999865889549,200
2025-10-20,0.05999999865889549,0.05999999865889549,0.029999999329447746,0.05000000074505806,0.05000000074505806,68400
2025-10-21,0.05000000074505806,0.05999999865889549,0.05000000074505806,0.05999999865889549,0.05999999865889549,3400
2025-10-22,0.05999999865889549,0.05999999865889549,0.05000000074505806,0.05000000074505806,0.05000000074505806,3300
2025-10-23,0.05000000074505806,0.05000000074505806,0.05000000074505806,0.05000000074505806,0.05000000074505806,4200
2025-10-24,0.05000000074505806,0.05000000074505806,0.05000000074505806,0.05000000074505806,0.05000000074505806,0
2025-10-27,0.05000000074505806,0.05000000074505806,0.05000000074505806,0.05000000074505806,0.05000000074505806,700
2025-10-28,0.05000000074505806,0.05000000074505806,0.05000000074505806,0.05000000074505806,0.05000000074505806,300
2025-10-29,0.05999999865889549,0.05999999865889549,0.05000000074505806,0.05000000074505806,0.05000000074505806,300
2025-10-30,0.05000000074505806,0.05000000074505806,0.05000000074505806,0.05000000074505806,0.05000000074505806,0
2025-10-31,0.05999999865889549,0.05999999865889549,0.05999999865889549,0.05999999865889549,0.05999999865889549,5000
2025-11-03,0.05000000074505806,0.05000000074505806,0.05000000074505806,0.05000000074505806,0.05000000074505806,1900
2025-11-04,0.05000000074505806,0.05000000074505806,0.05000000074505806,0.05000000074505806,0.05000000074505806,0
2025-11-05,0.05000000074505806,0.05000000074505806,0.05000000074505806,0.05000000074505806,0.05000000074505806,0
2025-11-06,0.05000000074505806,0.05999999865889549,0.05000000074505806,0.05000000074505806,0.05000000074505806,13100
2025-11-07,0.05000000074505806,0.05000000074505806,0.05000000074505806,0.05000000074505806,0.05000000074505806,0
2025-11-10,0.05000000074505806,0.05999999865889549,0.05000000074505806,0.05000000074505806,0.05000000074505806,1200
2025-11-11,0.05999999865889549,0.05999999865889549,0.05000000074505806,0.05000000074505806,0.05000000074505806,5800
2025-11-12,0.05000000074505806,0.05000000074505806,0.05000000074505806,0.05000000074505806,0.05000000074505806,300
2025-11-13,0.05999999865889549,0.05999999865889549,0.05000000074505806,0.05000000074505806,0.05000000074505806,4000
2025-11-14,0.05000000074505806,0.05000000074505806,0.05000000074505806,0.05000000074505806,0.05000000074505806,800
2025-11-17,0.03999999910593033,0.05999999865889549,0.03999999910593033,0.05999999865889549,0.05999999865889549,400
2025-11-18,0.05999999865889549,0.05999999865889549,0.05999999865889549,0.05999999865889549,0.05999999865889549,0
2025-11-19,0.05999999865889549,0.05999999865889549,0.05999999865889549,0.05999999865889549,0.05999999865889549,0
2025-11-20,0.05000000074505806,0.05999999865889549,0.029999999329447746,0.029999999329447746,0.029999999329447746,13400
2025-11-21,0.05000000074505806,0.05999999865889549,0.05000000074505806,0.05000000074505806,0.05000000074505806,1800
2025-11-24,0.05000000074505806,0.05000000074505806,0.03999999910593033,0.05000000074505806,0.05000000074505806,17200
2025-11-25,0.05000000074505806,0.05000000074505806,0.05000000074505806,0.05000000074505806,0.05000000074505806,33700
2025-11-26,0.05000000074505806,0.05000000074505806,0.05000000074505806,0.05000000074505806,0.05000000074505806,0
2025-11-28,0.03999999910593033,0.03999999910593033,0.03999999910593033,0.03999999910593033,0.03999999910593033,800
2025-12-01,0.03999999910593033,0.05000000074505806,0.03999999910593033,0.05000000074505806,0.05000000074505806,1600
2025-12-02,0.05000000074505806,0.05000000074505806,0.05000000074505806,0.05000000074505806,0.05000000074505806,500
2025-12-03,0.05000000074505806,0.05000000074505806,0.05000000074505806,0.05000000074505806,0.05000000074505806,0
2025-12-04,0.05000000074505806,0.05000000074505806,0.05000000074505806,0.05000000074505806,0.05000000074505806,100
2025-12-05,0.05000000074505806,0.05000000074505806,0.05000000074505806,0.05000000074505806,0.05000000074505806,400
2025-12-08,0.05000000074505806,0.05999999865889549,0.05000000074505806,0.05000000074505806,0.05000000074505806,20400
2025-12-09,0.03999999910593033,0.03999999910593033,0.03999999910593033,0.03999999910593033,0.03999999910593033,600
2025-12-10,0.03999999910593033,0.03999999910593033,0.03999999910593033,0.03999999910593033,0.03999999910593033,2700
2025-12-11,0.03999999910593033,0.05000000074505806,0.03999999910593033,0.05000000074505806,0.05000000074505806,400
2025-12-12,0.05000000074505806,0.05000000074505806,0.05000000074505806,0.05000000074505806,0.05000000074505806,26600
2025-12-15,0.05000000074505806,0.05000000074505806,0.05000000074505806,0.05000000074505806,0.05000000074505806,0
2025-12-16,0.05000000074505806,0.05000000074505806,0.05000000074505806,0.05000000074505806,0.05000000074505806,100
2025-12-17,0.05000000074505806,0.05000000074505806,0.05000000074505806,0.05000000074505806,0.05000000074505806,1200
2025-12-18,0.05000000074505806,0.05000000074505806,0.05000000074505806,0.05000000074505806,0.05000000074505806,3200
2025-12-19,0.05000000074505806,0.05000000074505806,0.05000000074505806,0.05000000074505806,0.05000000074505806,200
2025-12-22,0.05000000074505806,0.05000000074505806,0.03999999910593033,0.03999999910593033,0.03999999910593033,2400
2025-12-23,0.03999999910593033,0.05000000074505806,0.03999999910593033,0.05000000074505806,0.05000000074505806,13700
2025-12-24,0.029999999329447746,0.05000000074505806,0.029999999329447746,0.029999999329447746,0.029999999329447746,1600
2025-12-26,0.03999999910593033,0.05000000074505806,0.03999999910593033,0.03999999910593033,0.03999999910593033,4600
2025-12-29,0.03999999910593033,0.03999999910593033,0.03999999910593033,0.03999999910593033,0.03999999910593033,17900
2025-12-30,0.03999999910593033,0.03999999910593033,0.019999999552965164,0.029999999329447746,0.029999999329447746,9000
