date,open,high,low,close,adj_close,volume
,CBOE,CBOE,CBOE,CBOE,CBOE,CBOE
2020-01-02,119.69999694824219,120.18000030517578,118.27999877929688,119.5199966430664,110.33221435546875,460700
2020-01-03,119.02999877929688,122.12000274658203,119.02999877929688,121.33000183105469,112.00308227539062,599700
2020-01-06,120.48999786376953,120.9800033569336,119.29000091552734,120.19000244140625,110.95072174072266,604200
2020-01-07,119.98999786376953,119.98999786376953,118.06999969482422,118.22000122070312,109.13214874267578,515100
2020-01-08,117.75,118.55000305175781,115.70999908447266,117.01000213623047,108.01518249511719,1039300
2020-01-09,117.30999755859375,117.37999725341797,115.87999725341797,116.01000213623047,107.092041015625,789300
2020-01-10,116.5999984741211,116.5999984741211,115.80999755859375,115.8499984741211,106.9443359375,917400
2020-01-13,115.7699966430664,115.7699966430664,114.44999694824219,115.08999633789062,106.2427749633789,704500
2020-01-14,114.98999786376953,116.22000122070312,114.68000030517578,115.48999786376953,106.61202239990234,723300
2020-01-15,115.73999786376953,116.97000122070312,114.97000122070312,116.87000274658203,107.88594818115234,829400
2020-01-16,116.76000213623047,117.7300033569336,116.2699966430664,117.52999877929688,108.49520874023438,510400
2020-01-17,117.33000183105469,117.76000213623047,116.0199966430664,116.52999877929688,107.57207489013672,661600
2020-01-21,116.4000015258789,117.80000305175781,116.27999877929688,117.38999938964844,108.36595916748047,662300
2020-01-22,119.48999786376953,119.97000122070312,117.88999938964844,118.72000122070312,109.5937271118164,607300
2020-01-23,118.38999938964844,119.9800033569336,117.80999755859375,119.62000274658203,110.4245376586914,420100
2020-01-24,120.0,120.29000091552734,118.87000274658203,119.80999755859375,110.59992980957031,410900
2020-01-27,119.25,121.61000061035156,119.05000305175781,119.7300033569336,110.52609252929688,671200
2020-01-28,120.0999984741211,122.18000030517578,119.94000244140625,121.19999694824219,111.88306427001953,644000
2020-01-29,120.94999694824219,122.72000122070312,120.37999725341797,121.5,112.1600112915039,386700
2020-01-30,121.19999694824219,123.30000305175781,121.16999816894531,123.18000030517578,113.71089172363281,410200
2020-01-31,122.47000122070312,124.19000244140625,122.26000213623047,123.22000122070312,113.74778747558594,540000
2020-02-03,124.0,124.75,122.08000183105469,123.86000061035156,114.3386001586914,530300
2020-02-04,123.01000213623047,124.83999633789062,122.13999938964844,122.47000122070312,113.0554428100586,831500
2020-02-05,122.94999694824219,124.18000030517578,122.44000244140625,123.7699966430664,114.25550079345703,1134200
2020-02-06,123.94999694824219,127.93000030517578,122.75,127.93000030517578,118.09573364257812,991500
2020-02-07,125.0,127.25,122.0,122.54000091552734,113.12007904052734,860700
2020-02-10,122.01000213623047,123.80999755859375,121.31999969482422,123.69000244140625,114.1816635131836,526200
2020-02-11,123.38999938964844,124.6500015258789,122.58000183105469,123.30999755859375,113.83089447021484,422100
2020-02-12,122.93000030517578,123.8499984741211,121.77999877929688,123.52999877929688,114.0339584350586,356300
2020-02-13,122.86000061035156,124.30000305175781,122.5199966430664,124.2699966430664,114.71705627441406,331500
2020-02-14,124.4000015258789,125.79000091552734,123.62999725341797,125.62999725341797,115.97252655029297,371900
2020-02-18,123.0,125.45999908447266,121.69000244140625,123.54000091552734,114.04319763183594,823200
2020-02-19,124.16999816894531,124.81999969482422,120.13999938964844,120.44000244140625,111.1814956665039,577800
2020-02-20,120.05999755859375,122.83000183105469,119.87999725341797,122.83000183105469,113.38778686523438,647000
2020-02-21,122.20999908447266,124.55000305175781,120.45999908447266,122.61000061035156,113.18468475341797,2379500
2020-02-24,120.68000030517578,124.2699966430664,119.94000244140625,121.98999786376953,112.61234283447266,827700
2020-02-25,122.58999633789062,122.5999984741211,120.1500015258789,122.0999984741211,112.71390533447266,703600
2020-02-26,123.93000030517578,125.16999816894531,122.33000183105469,123.80999755859375,114.29242706298828,861100
2020-02-27,120.3499984741211,126.16999816894531,119.66000366210938,121.2300033569336,111.9107666015625,1424500
2020-02-28,122.73999786376953,122.73999786376953,111.86000061035156,114.0,105.54998779296875,1920300
2020-03-02,112.41999816894531,118.18000030517578,112.41999816894531,118.18000030517578,109.420166015625,1232900
2020-03-03,117.98999786376953,119.44000244140625,116.1500015258789,117.20999908447266,108.52204895019531,1188800
2020-03-04,117.5199966430664,119.72000122070312,115.0,118.58999633789062,109.79978942871094,1312000
2020-03-05,115.91999816894531,121.08999633789062,115.70999908447266,115.94999694824219,107.35546875,1588800
2020-03-06,115.0,119.0999984741211,114.08000183105469,116.7699966430664,108.11468505859375,1401400
2020-03-09,112.04000091552734,116.75,110.12999725341797,111.7699966430664,103.48527526855469,1378000
2020-03-10,111.80999755859375,114.45999908447266,108.8499984741211,110.9000015258789,102.6797866821289,1400700
2020-03-11,112.0,112.0,105.51000213623047,106.3499984741211,98.46702575683594,1358100
2020-03-12,98.97000122070312,102.0,90.22000122070312,93.47000122070312,86.54173278808594,1855200
2020-03-13,95.38999938964844,99.58000183105469,91.30999755859375,94.80000305175781,87.77314758300781,1711500
2020-03-16,92.0,92.0,82.01000213623047,82.69999694824219,76.57003784179688,1597000
2020-03-17,84.47000122070312,91.5999984741211,80.68000030517578,88.54000091552734,81.97716522216797,1903900
2020-03-18,86.56999969482422,86.9800033569336,74.12000274658203,75.8499984741211,70.227783203125,1853800
2020-03-19,75.9000015258789,89.94000244140625,72.01000213623047,82.91000366210938,76.76448059082031,1671100
2020-03-20,83.25,84.11000061035156,78.58999633789062,79.69000244140625,73.78314971923828,1760600
2020-03-23,80.19999694824219,80.44000244140625,73.12999725341797,76.54000091552734,70.86665344238281,1481400
2020-03-24,78.76000213623047,81.55999755859375,75.11000061035156,78.1500015258789,72.35731506347656,1911400
2020-03-25,77.80999755859375,83.54000091552734,76.81999969482422,80.0,74.07015991210938,1226900
2020-03-26,79.05999755859375,91.01000213623047,78.94000244140625,90.81999969482422,84.08816528320312,1406700
2020-03-27,87.12000274658203,94.88999938964844,87.01000213623047,90.88999938964844,84.1529769897461,1236800
2020-03-30,92.1500015258789,95.41000366210938,88.81999969482422,93.02999877929688,86.13436126708984,786000
2020-03-31,90.80999755859375,94.0,87.79000091552734,89.25,82.634521484375,1017600
2020-04-01,86.4000015258789,90.22000122070312,84.91999816894531,88.18000030517578,81.64384460449219,999700
2020-04-02,85.73999786376953,92.87999725341797,85.73999786376953,92.37000274658203,85.52330017089844,1029600
2020-04-03,93.43000030517578,93.43000030517578,89.30000305175781,89.62000274658203,82.97709655761719,1175000
2020-04-06,94.0999984741211,97.2300033569336,90.22000122070312,94.88999938964844,87.85649108886719,972400
2020-04-07,97.33999633789062,97.33999633789062,91.0,93.5,86.56949615478516,1381300
2020-04-08,94.06999969482422,95.69999694824219,92.0999984741211,95.69999694824219,88.60643005371094,791200
2020-04-09,95.91000366210938,96.6500015258789,92.73999786376953,93.41999816894531,86.49544525146484,1498300
2020-04-13,92.83999633789062,94.5199966430664,91.41999816894531,93.30999755859375,86.39360046386719,2301000
2020-04-14,94.51000213623047,100.56999969482422,94.51000213623047,100.51000213623047,93.05992126464844,1581900
2020-04-15,98.29000091552734,101.2699966430664,97.55999755859375,98.08999633789062,90.81929016113281,1107800
2020-04-16,98.04000091552734,99.5,97.68000030517578,97.94000244140625,90.68040466308594,1121500
2020-04-17,98.22000122070312,102.23999786376953,98.22000122070312,102.0,94.43949127197266,1107600
2020-04-20,101.80999755859375,104.38999938964844,100.37000274658203,102.95999908447266,95.32831573486328,1102500
2020-04-21,101.30999755859375,102.5,100.12999725341797,100.38999938964844,92.94880676269531,1282600
2020-04-22,100.72000122070312,102.55000305175781,99.41999816894531,100.19999694824219,92.77289581298828,827300
2020-04-23,99.19999694824219,100.1500015258789,97.41999816894531,99.05000305175781,91.70814514160156,966700
2020-04-24,99.87999725341797,100.7699966430664,96.37000274658203,96.5199966430664,89.36565399169922,726500
2020-04-27,98.05999755859375,98.44000244140625,97.05999755859375,97.13999938964844,89.9397201538086,643600
2020-04-28,98.76000213623047,98.9800033569336,96.5,98.5,91.19889831542969,821200
2020-04-29,99.08000183105469,100.69999694824219,98.93000030517578,99.31999969482422,91.9581298828125,644300
2020-04-30,99.30999755859375,99.37999725341797,96.43000030517578,99.37999725341797,92.013671875,546700
2020-05-01,98.98999786376953,99.7300033569336,93.33999633789062,94.01000213623047,87.0417251586914,958600
2020-05-04,92.02999877929688,94.94999694824219,92.02999877929688,94.44999694824219,87.4490966796875,1532700
2020-05-05,94.61000061035156,99.73999786376953,93.80000305175781,98.94000244140625,91.60630798339844,635400
2020-05-06,100.58000183105469,100.62999725341797,97.3499984741211,97.4800033569336,90.25450897216797,896000
2020-05-07,98.62000274658203,100.9000015258789,98.31999969482422,99.45999908447266,92.08772277832031,678500
2020-05-08,100.44000244140625,102.27999877929688,98.83000183105469,100.18000030517578,92.75437927246094,502400
2020-05-11,99.95999908447266,101.0,99.01000213623047,99.87999725341797,92.47659301757812,897200
2020-05-12,99.88999938964844,101.54000091552734,97.79000091552734,97.9000015258789,90.64337921142578,576000
2020-05-13,98.08000183105469,99.9000015258789,96.54000091552734,98.05999755859375,90.79149627685547,965000
2020-05-14,97.63999938964844,99.55000305175781,95.8499984741211,99.33999633789062,91.97662353515625,431800
2020-05-15,97.66999816894531,100.45999908447266,97.29000091552734,99.87999725341797,92.47659301757812,621600
2020-05-18,101.6500015258789,104.25,101.05000305175781,102.76000213623047,95.14313507080078,425200
2020-05-19,101.30999755859375,103.0,98.93000030517578,98.94000244140625,91.60630798339844,629400
2020-05-20,99.20999908447266,101.55000305175781,99.20999908447266,100.48999786376953,93.04136657714844,374400
2020-05-21,99.91999816894531,101.94999694824219,95.76000213623047,97.9800033569336,90.71743774414062,811000
2020-05-22,97.94000244140625,99.58999633789062,96.5,99.30999755859375,91.9488754272461,423600
2020-05-26,100.72000122070312,102.5,100.44000244140625,101.41999816894531,93.90245819091797,564700
2020-05-27,103.05000305175781,103.33000183105469,101.12000274658203,102.66000366210938,95.05054473876953,840900
2020-05-28,103.0,103.3499984741211,102.05000305175781,102.62999725341797,95.35717010498047,610700
2020-05-29,102.73999786376953,106.45999908447266,102.55000305175781,106.45999908447266,98.9157485961914,927500
2020-06-01,106.61000061035156,107.12000274658203,103.9000015258789,105.08000183105469,97.63356018066406,534200
2020-06-02,105.0,105.0,101.9000015258789,102.68000030517578,95.40361785888672,525300
2020-06-03,103.33000183105469,104.75,102.0199966430664,104.0,96.63008880615234,906600
2020-06-04,104.0,104.0,100.66000366210938,101.02999877929688,93.87054443359375,626700
2020-06-05,102.1500015258789,102.48999786376953,97.69999694824219,97.83999633789062,90.9065933227539,2020000
2020-06-08,98.0,103.5999984741211,98.0,103.43000030517578,96.10047149658203,1171200
2020-06-09,103.01000213623047,103.18000030517578,101.04000091552734,103.05000305175781,95.74739074707031,584400
2020-06-10,103.58999633789062,103.80000305175781,99.66999816894531,101.37000274658203,94.18644714355469,1092200
2020-06-11,101.27999877929688,101.36000061035156,96.66999816894531,97.0,90.1261215209961,1271600
2020-06-12,99.0,99.91000366210938,97.29000091552734,99.9000015258789,92.82062530517578,865200
2020-06-15,98.26000213623047,101.55000305175781,97.26000213623047,101.0999984741211,93.93559265136719,569600
2020-06-16,102.81999969482422,103.27999877929688,100.16000366210938,101.44999694824219,94.26078796386719,598000
2020-06-17,102.31999969482422,102.87000274658203,99.91000366210938,101.04000091552734,93.87984466552734,583900
2020-06-18,100.31999969482422,102.2699966430664,99.94999694824219,100.25,93.14582061767578,395500
2020-06-19,102.4800033569336,102.48999786376953,98.69999694824219,98.75,91.75212860107422,860600
2020-06-22,98.62000274658203,100.29000091552734,98.0999984741211,100.05000305175781,92.95999145507812,583800
2020-06-23,97.9000015258789,98.51000213623047,95.68000030517578,95.76000213623047,88.9739990234375,1040300
2020-06-24,94.77999877929688,96.23999786376953,93.6500015258789,93.76000213623047,87.11572265625,889800
2020-06-25,93.81999969482422,95.23999786376953,93.0199966430664,95.08999633789062,88.35145568847656,770800
2020-06-26,94.0199966430664,94.12999725341797,91.25,91.51000213623047,85.02519226074219,1363000
2020-06-29,92.80999755859375,93.9000015258789,91.26000213623047,92.80999755859375,86.2330551147461,862300
2020-06-30,91.95999908447266,93.37999725341797,90.86000061035156,93.27999877929688,86.66973114013672,1048400
2020-07-01,93.44999694824219,97.38999938964844,93.08999633789062,96.45999908447266,89.62440490722656,1078000
2020-07-02,97.79000091552734,97.79000091552734,94.22000122070312,95.08999633789062,88.35145568847656,658100
2020-07-06,96.48999786376953,96.62000274658203,94.83999633789062,95.0,88.26786804199219,540900
2020-07-07,93.12000274658203,94.4800033569336,92.58999633789062,93.70999908447266,87.06926727294922,590800
2020-07-08,93.36000061035156,93.81999969482422,92.29000091552734,93.01000213623047,86.41889190673828,779100
2020-07-09,92.9800033569336,93.08000183105469,89.66999816894531,90.19000244140625,83.79869842529297,1097600
2020-07-10,90.3499984741211,91.83999633789062,90.12000274658203,91.55000305175781,85.06233978271484,828900
2020-07-13,92.48999786376953,93.77999877929688,91.02999877929688,91.48999786376953,85.0065689086914,507300
2020-07-14,91.76000213623047,92.0999984741211,89.9800033569336,90.61000061035156,84.18897247314453,706000
2020-07-15,91.87999725341797,94.12999725341797,91.33000183105469,94.04000091552734,87.37590026855469,615500
2020-07-16,94.4800033569336,94.4800033569336,91.81999969482422,92.91000366210938,86.32595825195312,378300
2020-07-17,93.27999877929688,93.79000091552734,92.08000183105469,92.66000366210938,86.09368896484375,410100
2020-07-20,92.68000030517578,94.93000030517578,92.01000213623047,93.31999969482422,86.70691680908203,674100
2020-07-21,95.0,95.0199966430664,92.73999786376953,93.12000274658203,86.52108001708984,684300
2020-07-22,93.55000305175781,93.55000305175781,90.91000366210938,91.6500015258789,85.1552505493164,836800
2020-07-23,91.48999786376953,92.79000091552734,90.58000183105469,91.20999908447266,84.74644470214844,868000
2020-07-24,90.44999694824219,91.13999938964844,88.95999908447266,89.45999908447266,83.12045288085938,722500
2020-07-27,89.33999633789062,90.0,87.22000122070312,87.33000183105469,81.14138793945312,771800
2020-07-28,87.77999877929688,89.45999908447266,87.30000305175781,87.43000030517578,81.23431396484375,698800
2020-07-29,87.63999938964844,89.5,86.73999786376953,89.13999938964844,82.82311248779297,569900
2020-07-30,87.80000305175781,89.33000183105469,86.88999938964844,86.88999938964844,80.73255920410156,911800
2020-07-31,87.38999938964844,87.87999725341797,85.54000091552734,87.69999694824219,81.48515319824219,1114100
2020-08-03,86.91999816894531,88.29000091552734,85.1500015258789,86.33000183105469,80.21224975585938,862900
2020-08-04,87.13999938964844,88.19999694824219,85.58000183105469,85.58000183105469,79.51539611816406,872400
2020-08-05,86.3499984741211,87.95999908447266,85.25,86.66999816894531,80.52816772460938,1064400
2020-08-06,86.54000091552734,88.26000213623047,85.0,85.0,78.97650909423828,931900
2020-08-07,85.16000366210938,88.38999938964844,85.0,88.05999755859375,81.81964111328125,883500
2020-08-10,87.91000366210938,87.94000244140625,85.54000091552734,85.54000091552734,79.4782485961914,1063800
2020-08-11,86.47000122070312,88.91000366210938,86.3499984741211,88.81999969482422,82.52580261230469,878000
2020-08-12,88.5199966430664,89.56999969482422,86.81999969482422,86.81999969482422,80.66751861572266,751700
2020-08-13,87.05999755859375,87.5199966430664,86.13999938964844,86.23999786376953,80.12862396240234,397100
2020-08-14,86.11000061035156,88.26000213623047,86.06999969482422,88.26000213623047,82.00548553466797,617000
2020-08-17,88.5999984741211,90.26000213623047,88.01000213623047,89.81999969482422,83.4549560546875,774000
2020-08-18,89.97000122070312,90.69999694824219,89.16000366210938,90.18000030517578,83.78941345214844,719900
2020-08-19,90.76000213623047,91.0,88.91000366210938,89.0199966430664,82.71162414550781,780700
2020-08-20,88.66000366210938,90.30999755859375,88.58000183105469,89.62000274658203,83.26912689208984,554700
2020-08-21,89.05000305175781,92.37999725341797,89.01000213623047,91.63999938964844,85.1459732055664,1147400
2020-08-24,92.48999786376953,93.30000305175781,91.54000091552734,92.69000244140625,86.12154388427734,717400
2020-08-25,92.87999725341797,92.95999908447266,90.12000274658203,90.5999984741211,84.1796646118164,1066400
2020-08-26,90.05999755859375,94.2699966430664,89.5999984741211,91.2300033569336,84.76500701904297,896800
2020-08-27,90.58000183105469,92.91000366210938,90.58000183105469,92.41000366210938,86.25851440429688,687000
2020-08-28,93.33000183105469,93.33000183105469,91.43000030517578,91.75,85.6424560546875,639100
2020-08-31,92.5199966430664,92.68000030517578,89.94999694824219,91.79000091552734,85.67977142333984,886500
2020-09-01,91.19999694824219,91.19999694824219,88.22000122070312,90.06999969482422,84.07427978515625,736900
2020-09-02,89.72000122070312,91.13999938964844,88.01000213623047,88.47000122070312,82.58079528808594,823700
2020-09-03,88.95999908447266,90.47000122070312,88.5999984741211,89.80000305175781,83.822265625,868400
2020-09-04,89.61000061035156,92.16000366210938,89.06999969482422,91.02999877929688,84.97036743164062,970100
2020-09-08,90.3499984741211,90.7300033569336,87.66999816894531,89.66999816894531,83.70089721679688,1034300
2020-09-09,90.0199966430664,91.4800033569336,89.18000030517578,89.94999694824219,83.96227264404297,741400
2020-09-10,90.02999877929688,90.80000305175781,87.06999969482422,87.08999633789062,81.29266357421875,1037200
2020-09-11,87.6500015258789,88.9000015258789,87.29000091552734,88.8499984741211,82.93549346923828,949000
2020-09-14,89.43000030517578,90.52999877929688,88.62999725341797,89.94000244140625,83.95294189453125,639800
2020-09-15,89.43000030517578,90.87999725341797,89.01000213623047,89.61000061035156,83.64490509033203,546700
2020-09-16,89.69999694824219,91.0999984741211,89.6500015258789,90.55999755859375,84.53165435791016,748600
2020-09-17,90.05999755859375,91.45999908447266,88.73999786376953,88.94000244140625,83.0195083618164,587300
2020-09-18,88.70999908447266,90.8499984741211,87.62999725341797,90.8499984741211,84.80235290527344,1647600
2020-09-21,90.30000305175781,90.8499984741211,89.13999938964844,90.0,84.0089340209961,1124600
2020-09-22,89.62999725341797,90.61000061035156,88.95999908447266,89.83999633789062,83.85958862304688,898100
2020-09-23,89.08000183105469,91.6500015258789,88.01000213623047,89.06999969482422,83.14086151123047,1672700
2020-09-24,88.43000030517578,90.08000183105469,88.04000091552734,89.30000305175781,83.35555267333984,574200
2020-09-25,88.62999725341797,89.7300033569336,88.33999633789062,89.69999694824219,83.7289047241211,452100
2020-09-28,90.4800033569336,91.56999969482422,88.83999633789062,89.0,83.07550811767578,519800
2020-09-29,89.26000213623047,90.56999969482422,83.79000091552734,86.88999938964844,81.10596466064453,1329300
2020-09-30,87.68000030517578,88.91999816894531,86.66000366210938,87.73999786376953,81.89936828613281,879200
2020-10-01,88.5,88.94999694824219,87.16000366210938,88.58999633789062,82.69279479980469,613200
2020-10-02,87.29000091552734,88.23999786376953,86.77999877929688,87.48999786376953,81.66602325439453,547900
2020-10-05,89.2300033569336,89.37000274658203,87.7300033569336,87.83000183105469,81.98338317871094,753400
2020-10-06,88.1500015258789,88.69999694824219,86.31999969482422,86.83999633789062,81.05928802490234,658900
2020-10-07,87.76000213623047,88.0,84.3499984741211,84.88999938964844,79.23909759521484,915000
2020-10-08,85.87999725341797,86.37999725341797,84.8499984741211,85.02999877929688,79.36978149414062,1007100
2020-10-09,85.88999938964844,85.88999938964844,84.77999877929688,85.36000061035156,79.67782592773438,770100
2020-10-12,85.4000015258789,85.61000061035156,84.02999877929688,84.4800033569336,78.85638427734375,719400
2020-10-13,84.22000122070312,84.45999908447266,83.69999694824219,84.20999908447266,78.60436248779297,862900
2020-10-14,84.37000274658203,84.8499984741211,83.83000183105469,84.58000183105469,78.9497299194336,1236500
2020-10-15,83.58000183105469,84.48999786376953,83.58000183105469,83.75,78.17498016357422,1117100
2020-10-16,85.30000305175781,85.30000305175781,83.58000183105469,83.9000015258789,78.31499481201172,1334000
2020-10-19,84.3499984741211,84.3499984741211,81.97000122070312,81.98999786376953,76.53213500976562,732400
2020-10-20,82.0199966430664,82.1500015258789,81.0,81.7300033569336,76.28947448730469,1433400
2020-10-21,81.27999877929688,81.7699966430664,80.0999984741211,80.0999984741211,74.7679443359375,1045100
2020-10-22,80.44000244140625,81.5199966430664,79.9000015258789,80.73999786376953,75.36534881591797,1279900
2020-10-23,81.2300033569336,82.0999984741211,80.5,81.72000122070312,76.28012084960938,1947900
2020-10-26,81.0,81.69999694824219,79.80000305175781,80.62999725341797,75.26268005371094,670000
2020-10-27,80.47000122070312,81.9800033569336,80.26000213623047,81.30000305175781,75.88807678222656,730600
2020-10-28,80.12000274658203,80.72000122070312,78.04000091552734,78.47000122070312,73.24647521972656,1000900
2020-10-29,78.2300033569336,79.72000122070312,77.62999725341797,79.22000122070312,73.94651794433594,681600
2020-10-30,80.0,83.16999816894531,79.80999755859375,81.29000091552734,75.87874603271484,1162200
2020-11-02,82.0,84.87999725341797,82.0,83.37000274658203,77.8202896118164,828000
2020-11-03,85.0,86.80999755859375,84.5999984741211,86.73999786376953,80.96595001220703,1033700
2020-11-04,85.94000244140625,88.44000244140625,85.94000244140625,87.0,81.20862579345703,1048900
2020-11-05,87.4800033569336,88.16000366210938,82.5,83.05000305175781,77.52159118652344,1064800
2020-11-06,83.30000305175781,85.04000091552734,82.55000305175781,84.6500015258789,79.01506042480469,638500
2020-11-09,87.69999694824219,89.66000366210938,86.76000213623047,87.19999694824219,81.39531707763672,1024000
2020-11-10,87.0999984741211,87.9800033569336,85.4000015258789,86.04000091552734,80.31253814697266,891500
2020-11-11,86.5199966430664,88.25,85.2699966430664,88.06999969482422,82.20742797851562,770700
2020-11-12,87.6500015258789,87.95999908447266,85.16000366210938,86.18000030517578,80.44322967529297,454800
2020-11-13,87.12999725341797,87.97000122070312,86.69999694824219,87.6500015258789,81.81538391113281,459900
2020-11-16,88.33000183105469,89.54000091552734,87.25,88.2300033569336,82.35676574707031,632600
2020-11-17,87.91999816894531,87.91999816894531,86.47000122070312,86.80000305175781,81.02195739746094,536200
2020-11-18,87.19999694824219,88.79000091552734,86.52999877929688,88.66000366210938,82.7581558227539,696900
2020-11-19,88.9000015258789,90.8499984741211,87.45999908447266,89.91000366210938,83.9249267578125,729900
2020-11-20,89.62000274658203,90.7300033569336,88.69999694824219,89.94000244140625,83.95294189453125,892000
2020-11-23,90.08999633789062,92.58999633789062,89.54000091552734,92.58999633789062,86.4265365600586,772200
2020-11-24,92.73999786376953,94.5199966430664,91.13999938964844,92.0199966430664,85.89447021484375,1461000
2020-11-25,91.54000091552734,91.94000244140625,89.47000122070312,91.80999755859375,85.69842529296875,918900
2020-11-27,91.80000305175781,92.68000030517578,91.16999816894531,91.70999908447266,85.99851989746094,453800
2020-11-30,91.62000274658203,91.73999786376953,88.91000366210938,91.31999969482422,85.63280487060547,993000
2020-12-01,91.70999908447266,93.44999694824219,91.37000274658203,93.44999694824219,87.6301498413086,847700
2020-12-02,92.79000091552734,93.76000213623047,92.20999908447266,93.7300033569336,87.89273834228516,860200
2020-12-03,93.43000030517578,93.55999755859375,91.0999984741211,93.19000244140625,87.3863525390625,866200
2020-12-04,93.20999908447266,94.0,91.7699966430664,93.16000366210938,87.35823059082031,1035300
2020-12-07,92.30000305175781,93.7699966430664,92.08999633789062,93.5199966430664,87.69580078125,541300
2020-12-08,92.91000366210938,93.33000183105469,91.36000061035156,91.36000061035156,85.67032623291016,646100
2020-12-09,91.77999877929688,92.36000061035156,87.88999938964844,88.87999725341797,83.34476470947266,1109500
2020-12-10,87.93000030517578,89.05999755859375,86.62000274658203,86.94000244140625,81.52558898925781,891800
2020-12-11,86.2699966430664,86.9000015258789,84.6500015258789,85.97000122070312,80.61601257324219,990600
2020-12-14,86.44999694824219,88.98999786376953,85.72000122070312,88.25,82.75399780273438,872000
2020-12-15,88.80999755859375,91.12999725341797,88.30000305175781,90.77999877929688,85.12643432617188,870100
2020-12-16,91.36000061035156,91.8499984741211,90.0199966430664,90.43000030517578,84.79823303222656,536900
2020-12-17,90.7300033569336,92.11000061035156,89.1500015258789,89.54000091552734,83.96366882324219,872700
2020-12-18,89.88999938964844,91.16000366210938,88.72000122070312,90.77999877929688,85.12643432617188,1957700
2020-12-21,90.16000366210938,90.62000274658203,89.08000183105469,90.26000213623047,84.63883972167969,654200
2020-12-22,90.37000274658203,91.11000061035156,89.95999908447266,90.70999908447266,85.06080627441406,535000
2020-12-23,91.27999877929688,91.80999755859375,91.05999755859375,91.0999984741211,85.42650604248047,500500
2020-12-24,90.94999694824219,92.11000061035156,90.91999816894531,92.05000305175781,86.31734466552734,201100
2020-12-28,92.16999816894531,93.75,92.06999969482422,93.30000305175781,87.489501953125,460100
2020-12-29,93.70999908447266,93.94999694824219,91.16999816894531,91.66000366210938,85.9516372680664,515900
2020-12-30,91.97000122070312,92.9000015258789,91.66000366210938,92.62000274658203,86.85186767578125,417000
2020-12-31,92.08000183105469,93.12999725341797,91.04000091552734,93.12000274658203,87.32070922851562,547600
2021-01-04,92.88999938964844,94.04000091552734,92.52999877929688,92.61000061035156,86.84246063232422,717600
2021-01-05,93.16000366210938,93.80000305175781,92.04000091552734,92.55000305175781,86.78621673583984,603300
2021-01-06,93.5999984741211,95.47000122070312,92.3499984741211,95.47000122070312,89.52435302734375,919700
2021-01-07,95.41000366210938,96.94999694824219,95.31999969482422,96.79000091552734,90.76214599609375,696200
2021-01-08,96.79000091552734,99.16999816894531,96.72000122070312,98.80999755859375,92.6563491821289,711000
2021-01-11,98.70999908447266,99.97000122070312,97.05999755859375,99.80000305175781,93.5846939086914,748300
2021-01-12,100.0,101.5999984741211,99.55000305175781,101.0199966430664,94.72872161865234,721500
2021-01-13,100.81999969482422,101.51000213623047,97.19999694824219,97.37999725341797,91.3154067993164,1129100
2021-01-14,97.62999725341797,97.69000244140625,94.73999786376953,95.77999877929688,89.8150405883789,883100
2021-01-15,96.12999725341797,96.72000122070312,95.36000061035156,96.61000061035156,90.59336853027344,578900
2021-01-19,96.80000305175781,98.56999969482422,96.4800033569336,97.44999694824219,91.38104248046875,690200
2021-01-20,97.38999938964844,98.43000030517578,97.22000122070312,97.5,91.42794036865234,729900
2021-01-21,97.29000091552734,97.44999694824219,94.88999938964844,96.08000183105469,90.09636688232422,548200
2021-01-22,96.01000213623047,96.01000213623047,94.93000030517578,95.19999694824219,89.27118682861328,479800
2021-01-25,95.19000244140625,95.87999725341797,93.5999984741211,95.58999633789062,89.63687896728516,462600
2021-01-26,95.08000183105469,96.6500015258789,94.33000183105469,95.7300033569336,89.7681655883789,632900
2021-01-27,95.2300033569336,95.56999969482422,91.04000091552734,91.55999755859375,85.85784912109375,1084100
2021-01-28,91.51000213623047,94.31999969482422,91.06999969482422,92.5199966430664,86.75806427001953,645900
2021-01-29,92.4800033569336,92.75,90.16999816894531,91.7300033569336,86.01728057861328,633900
2021-02-01,92.16000366210938,94.95999908447266,91.9000015258789,94.94999694824219,89.0367202758789,683200
2021-02-02,95.9800033569336,98.66000366210938,95.9800033569336,97.48999786376953,91.41854858398438,913000
2021-02-03,96.04000091552734,98.16999816894531,94.80999755859375,95.3499984741211,89.41182708740234,645700
2021-02-04,95.02999877929688,96.68000030517578,94.26000213623047,95.12000274658203,89.19615173339844,693500
2021-02-05,93.08000183105469,94.13999938964844,89.08999633789062,89.55999755859375,83.98240661621094,1714700
2021-02-08,90.9000015258789,92.33999633789062,88.94999694824219,92.01000213623047,86.27983856201172,1263500
2021-02-09,92.43000030517578,92.9000015258789,91.08999633789062,92.13999938964844,86.40174865722656,728800
2021-02-10,92.0,92.45999908447266,89.98999786376953,90.29000091552734,84.6669692993164,692500
2021-02-11,90.44000244140625,90.44000244140625,87.9800033569336,88.0,82.5195541381836,683500
2021-02-12,88.0,89.4800033569336,87.0,89.38999938964844,83.822998046875,811000
2021-02-16,90.5999984741211,96.97000122070312,90.13999938964844,96.83999633789062,90.80902099609375,1791300
2021-02-17,96.44000244140625,97.19999694824219,95.2699966430664,96.0199966430664,90.04009246826172,877200
2021-02-18,95.43000030517578,101.13999938964844,95.08000183105469,99.58999633789062,93.38776397705078,1538700
2021-02-19,100.12000274658203,100.70999908447266,96.12000274658203,96.22000122070312,90.22765350341797,1213100
2021-02-22,96.16000366210938,97.47000122070312,95.2699966430664,96.11000061035156,90.12451171875,762400
2021-02-23,95.70999908447266,97.83000183105469,94.41000366210938,97.51000213623047,91.43730163574219,867500
2021-02-24,97.94000244140625,102.26000213623047,97.66999816894531,100.37999725341797,94.12857055664062,1090400
2021-02-25,99.9800033569336,101.56999969482422,99.76000213623047,100.0,94.16625213623047,691100
2021-02-26,99.23999786376953,100.55000305175781,97.13999938964844,98.95999908447266,93.18692016601562,981100
2021-03-01,100.06999969482422,102.33999633789062,98.33000183105469,100.31999969482422,94.46757507324219,889400
2021-03-02,100.05999755859375,101.19999694824219,97.5,97.62000274658203,91.92509460449219,848100
2021-03-03,98.2699966430664,99.0,96.0199966430664,96.0199966430664,90.41841888427734,726600
2021-03-04,97.45999908447266,100.05000305175781,97.02999877929688,98.22000122070312,92.49008178710938,724000
2021-03-05,97.58999633789062,106.87999725341797,97.58999633789062,104.63999938964844,98.53556060791016,1770000
2021-03-08,105.9000015258789,106.91999816894531,103.30999755859375,105.37999725341797,99.2323989868164,684800
2021-03-09,105.36000061035156,106.5,102.6500015258789,103.75,97.69746398925781,678500
2021-03-10,106.0999984741211,106.0999984741211,102.30000305175781,103.48999786376953,97.45265197753906,441300
2021-03-11,103.19000244140625,103.75,101.38999938964844,102.66000366210938,96.67106628417969,371800
2021-03-12,104.05000305175781,104.33999633789062,102.87999725341797,104.33999633789062,98.2530517578125,487700
2021-03-15,103.70999908447266,105.0,102.86000061035156,104.80000305175781,98.68623352050781,377200
2021-03-16,104.73999786376953,105.3499984741211,102.5999984741211,103.19000244140625,97.17015075683594,383400
2021-03-17,103.58000183105469,105.12999725341797,103.02999877929688,103.79000091552734,97.73514556884766,517100
2021-03-18,103.7300033569336,105.12000274658203,102.4000015258789,102.4000015258789,96.42623901367188,478500
2021-03-19,102.83999633789062,103.5199966430664,101.5199966430664,102.06999969482422,96.115478515625,1526100
2021-03-22,101.19000244140625,101.4800033569336,99.73999786376953,100.98999786376953,95.0984878540039,599000
2021-03-23,100.33999633789062,101.95999908447266,99.66000366210938,101.6500015258789,95.71998596191406,524400
2021-03-24,102.0,103.68000030517578,101.7300033569336,103.05999755859375,97.04774475097656,492200
2021-03-25,103.2300033569336,103.44999694824219,98.62999725341797,98.94999694824219,93.177490234375,987000
2021-03-26,99.29000091552734,99.8499984741211,96.2699966430664,97.72000122070312,92.01925659179688,986100
2021-03-29,98.08000183105469,99.36000061035156,97.08000183105469,99.16000366210938,93.37525177001953,607100
2021-03-30,98.79000091552734,99.7300033569336,96.69999694824219,97.19999694824219,91.52959442138672,534900
2021-03-31,96.75,99.19000244140625,96.44000244140625,98.69000244140625,92.93267059326172,649200
2021-04-01,99.20999908447266,101.52999877929688,98.0999984741211,100.86000061035156,94.97607421875,591900
2021-04-05,100.83999633789062,101.87999725341797,100.16999816894531,101.51000213623047,95.58817291259766,387600
2021-04-06,101.63999938964844,101.88999938964844,99.83999633789062,99.83999633789062,94.01557922363281,336000
2021-04-07,99.3499984741211,100.83999633789062,99.04000091552734,100.26000213623047,94.41107177734375,431300
2021-04-08,100.04000091552734,101.5,98.80000305175781,99.36000061035156,93.56358337402344,375100
2021-04-09,100.04000091552734,101.11000061035156,99.56999969482422,100.08999633789062,94.2509765625,509000
2021-04-12,100.0,101.62000274658203,99.62000274658203,101.41999816894531,95.50341033935547,375500
2021-04-13,100.68000030517578,102.4800033569336,100.4800033569336,100.98999786376953,95.0984878540039,373100
2021-04-14,101.52999877929688,102.94999694824219,100.69000244140625,101.86000061035156,95.91773986816406,499300
2021-04-15,101.44999694824219,104.69000244140625,101.44999694824219,103.5,97.4620590209961,534000
2021-04-16,104.37000274658203,104.76000213623047,103.30000305175781,104.72000122070312,98.61090087890625,365500
2021-04-19,104.13999938964844,105.36000061035156,102.66000366210938,103.69999694824219,97.65039825439453,397100
2021-04-20,103.87999725341797,105.5,103.70999908447266,104.27999877929688,98.1965560913086,434200
2021-04-21,104.38999938964844,105.48999786376953,103.22000122070312,104.98999786376953,98.86514282226562,409300
2021-04-22,104.75,105.63999938964844,103.80999755859375,104.30000305175781,98.21540832519531,335800
2021-04-23,104.30000305175781,105.2300033569336,103.55999755859375,104.37000274658203,98.28131103515625,431700
2021-04-26,103.87999725341797,105.52999877929688,103.52999877929688,104.94000244140625,98.81805419921875,523700
2021-04-27,105.30000305175781,105.69999694824219,103.94000244140625,103.9800033569336,97.9140625,317900
2021-04-28,104.41999816894531,104.45999908447266,101.62000274658203,102.70999908447266,96.71814727783203,398600
2021-04-29,103.12000274658203,103.61000061035156,100.52999877929688,103.33999633789062,97.31140899658203,530000
2021-04-30,103.54000091552734,107.7699966430664,102.04000091552734,104.37000274658203,98.28131103515625,796200
2021-05-03,105.79000091552734,109.2300033569336,104.80999755859375,106.76000213623047,100.5318832397461,636200
2021-05-04,106.1500015258789,108.26000213623047,105.3499984741211,107.91000366210938,101.61479949951172,561400
2021-05-05,108.5199966430664,109.7300033569336,108.16000366210938,109.63999938964844,103.24386596679688,404000
2021-05-06,109.3499984741211,110.55000305175781,107.13999938964844,107.23999786376953,100.98387145996094,479400
2021-05-07,104.80000305175781,108.58999633789062,104.80000305175781,108.0999984741211,101.79370880126953,416800
2021-05-10,108.13999938964844,111.56999969482422,108.11000061035156,110.62999725341797,104.17610168457031,437400
2021-05-11,110.7300033569336,110.94000244140625,109.02999877929688,109.52999877929688,103.14028930664062,777100
2021-05-12,108.9800033569336,111.91999816894531,108.37000274658203,111.16000366210938,104.67518615722656,676400
2021-05-13,112.0,116.38999938964844,111.48999786376953,113.66000366210938,107.02935028076172,828000
2021-05-14,113.47000122070312,115.44999694824219,112.63999938964844,113.83000183105469,107.18943786621094,556400
2021-05-17,113.94999694824219,113.94999694824219,112.04000091552734,112.63999938964844,106.06886291503906,316500
2021-05-18,112.37000274658203,112.37000274658203,109.91000366210938,109.91000366210938,103.49810791015625,556200
2021-05-19,109.41999816894531,113.05999755859375,108.27999877929688,111.5999984741211,105.08953094482422,723200
2021-05-20,110.52999877929688,113.41999816894531,110.52999877929688,111.77999877929688,105.25902557373047,271300
2021-05-21,111.37999725341797,112.91999816894531,110.62999725341797,111.4000015258789,104.90117645263672,351600
2021-05-24,112.58999633789062,112.6500015258789,110.0199966430664,110.06999969482422,103.64878845214844,452400
2021-05-25,111.12000274658203,111.62999725341797,109.05999755859375,109.7699966430664,103.36627960205078,484800
2021-05-26,110.11000061035156,111.76000213623047,109.69000244140625,110.47000122070312,104.02545166015625,439700
2021-05-27,110.44999694824219,110.94999694824219,109.37999725341797,110.2300033569336,104.19559478759766,549600
2021-05-28,110.16999816894531,112.06999969482422,109.43000030517578,111.30000305175781,105.20701599121094,533200
2021-06-01,112.45999908447266,113.12999725341797,110.08000183105469,110.62999725341797,104.57369232177734,320600
2021-06-02,110.62000274658203,112.95999908447266,109.87999725341797,112.87999725341797,106.70052337646484,446300
2021-06-03,113.12000274658203,113.12000274658203,111.63999938964844,112.19999694824219,106.05775451660156,547200
2021-06-04,112.86000061035156,112.86000061035156,111.38999938964844,111.94999694824219,105.8214340209961,519800
2021-06-07,111.66999816894531,112.16000366210938,111.11000061035156,112.0,105.86868286132812,526200
2021-06-08,112.0,115.33000183105469,111.23999786376953,112.44999694824219,106.29405212402344,873400
2021-06-09,112.11000061035156,114.30000305175781,111.83999633789062,114.11000061035156,107.86318969726562,552500
2021-06-10,113.83000183105469,113.8499984741211,113.01000213623047,113.41999816894531,107.2109603881836,423200
2021-06-11,113.08999633789062,114.44000244140625,112.58999633789062,113.91999816894531,107.68357849121094,412100
2021-06-14,113.7699966430664,114.79000091552734,113.7699966430664,114.76000213623047,108.47761535644531,390100
2021-06-15,115.0,116.0,114.22000122070312,114.56999969482422,108.29800415039062,472700
2021-06-16,115.23999786376953,116.80000305175781,114.16000366210938,116.33000183105469,109.96165466308594,536600
2021-06-17,115.62999725341797,117.47000122070312,115.62999725341797,117.37999725341797,110.95417785644531,736400
2021-06-18,116.2300033569336,116.7300033569336,113.41999816894531,113.41999816894531,107.2109603881836,1031800
2021-06-21,113.66999816894531,120.0,113.5199966430664,118.04000091552734,111.57804107666016,1065500
2021-06-22,118.80000305175781,120.0,117.33000183105469,119.98999786376953,113.42130279541016,495100
2021-06-23,119.33999633789062,119.88999938964844,118.6500015258789,118.69000244140625,112.19245147705078,672800
2021-06-24,119.38999938964844,121.5,118.87000274658203,121.12999725341797,114.49888610839844,876700
2021-06-25,121.0999984741211,121.7699966430664,119.48999786376953,121.7699966430664,115.10385131835938,1426600
2021-06-28,122.2699966430664,122.2699966430664,119.33000183105469,119.4000015258789,112.86359405517578,410100
2021-06-29,119.02999877929688,120.94999694824219,118.2300033569336,119.97000122070312,113.40238189697266,391000
2021-06-30,120.30000305175781,120.30000305175781,118.87999725341797,119.05000305175781,112.53275299072266,525700
2021-07-01,119.81999969482422,120.55999755859375,118.37000274658203,118.5,112.01286315917969,425600
2021-07-02,120.9000015258789,120.9000015258789,117.23999786376953,118.0,111.54022216796875,495100
2021-07-06,117.62999725341797,118.69999694824219,114.54000091552734,117.37999725341797,110.95417785644531,734700
2021-07-07,117.2300033569336,118.04000091552734,115.93000030517578,117.22000122070312,110.80294036865234,472500
2021-07-08,115.94000244140625,116.9800033569336,115.27999877929688,116.23999786376953,109.87657928466797,547900
2021-07-09,117.0,118.86000061035156,116.29000091552734,118.79000091552734,112.28699493408203,451500
2021-07-12,118.91999816894531,119.31999969482422,116.9000015258789,118.23999786376953,111.76709747314453,362500
2021-07-13,118.1500015258789,118.1500015258789,116.2699966430664,116.36000061035156,109.99002838134766,338600
2021-07-14,116.36000061035156,117.05000305175781,115.88999938964844,116.20999908447266,109.84822845458984,327100
2021-07-15,115.4000015258789,117.13999938964844,115.4000015258789,117.13999938964844,110.72731018066406,495300
2021-07-16,117.08000183105469,117.7699966430664,115.54000091552734,116.62999725341797,110.24523162841797,486100
2021-07-19,114.66999816894531,116.41999816894531,114.27999877929688,115.55999755859375,109.23381042480469,526300
2021-07-20,114.80000305175781,116.94000244140625,114.44999694824219,115.55999755859375,109.23381042480469,556900
2021-07-21,115.47000122070312,118.45999908447266,115.47000122070312,118.30000305175781,111.8238296508789,487800
2021-07-22,118.30999755859375,118.31999969482422,116.04000091552734,117.0199966430664,110.61388397216797,347000
2021-07-23,117.69999694824219,120.5,117.69999694824219,120.19999694824219,113.61978912353516,782500
2021-07-26,120.27999877929688,121.02999877929688,117.94999694824219,118.0199966430664,111.55913543701172,358000
2021-07-27,118.47000122070312,118.47000122070312,115.58000183105469,115.58000183105469,109.25271606445312,503300
2021-07-28,116.44000244140625,117.23999786376953,115.11000061035156,116.80000305175781,110.40592193603516,470700
2021-07-29,116.7300033569336,117.41000366210938,115.55999755859375,115.94999694824219,109.60246276855469,534000
2021-07-30,116.44999694824219,120.0,115.95999908447266,118.47000122070312,111.9844970703125,876800
2021-08-02,119.0,121.12000274658203,118.37999725341797,120.68000030517578,114.07352447509766,392600
2021-08-03,119.93000030517578,122.9000015258789,119.69999694824219,122.43000030517578,115.72772216796875,610500
2021-08-04,122.55000305175781,124.87999725341797,122.4000015258789,123.41000366210938,116.6540756225586,675500
2021-08-05,124.16999816894531,124.22000122070312,119.73999786376953,121.0,114.37600708007812,492400
2021-08-06,121.0,123.4800033569336,120.93000030517578,122.83000183105469,116.10582733154297,637500
2021-08-09,122.47000122070312,124.0,121.0199966430664,121.04000091552734,114.41382598876953,617100
2021-08-10,120.97000122070312,122.27999877929688,119.58000183105469,122.27999877929688,115.58592224121094,382100
2021-08-11,122.2300033569336,124.95999908447266,121.93000030517578,124.95999908447266,118.11922454833984,539900
2021-08-12,125.0,128.32000732421875,123.3499984741211,126.87999725341797,119.93408966064453,957400
2021-08-13,126.81999969482422,127.58000183105469,125.26000213623047,127.0,120.04754638671875,411700
2021-08-16,126.5,126.68000030517578,125.06999969482422,125.75,118.86597442626953,373900
2021-08-17,125.76000213623047,127.43000030517578,122.56999969482422,124.11000061035156,117.31575012207031,566100
2021-08-18,124.37000274658203,139.0,122.05999755859375,122.62999725341797,115.91675567626953,6564200
2021-08-19,121.86000061035156,128.74000549316406,121.06999969482422,127.62000274658203,120.63359832763672,1434800
2021-08-20,127.62999725341797,130.0399932861328,126.7300033569336,129.75999450683594,122.65646362304688,899100
2021-08-23,130.10000610351562,130.4199981689453,126.05000305175781,126.36000061035156,119.44258880615234,520700
2021-08-24,125.72000122070312,126.80000305175781,124.30999755859375,125.5999984741211,118.72418975830078,450700
2021-08-25,126.36000061035156,126.36000061035156,124.61000061035156,125.61000061035156,118.73363494873047,395100
2021-08-26,125.04000091552734,125.87999725341797,124.62999725341797,125.0999984741211,118.25154113769531,304000
2021-08-27,124.77999877929688,126.0199966430664,124.63999938964844,125.4000015258789,118.5351333618164,275600
2021-08-30,124.66000366210938,125.75,123.5999984741211,124.0199966430664,117.68113708496094,301100
2021-08-31,124.98999786376953,126.41000366210938,122.30999755859375,126.1500015258789,119.70226287841797,851200
2021-09-01,125.55999755859375,127.68000030517578,125.02999877929688,127.29000091552734,120.78399658203125,560500
2021-09-02,127.88999938964844,127.88999938964844,124.77999877929688,127.80999755859375,121.27742004394531,342600
2021-09-03,127.98999786376953,128.33999633789062,125.94000244140625,126.25,119.79714965820312,479900
2021-09-07,127.0,127.12000274658203,123.38999938964844,123.38999938964844,117.08334350585938,429600
2021-09-08,123.80999755859375,125.98999786376953,122.5999984741211,124.97000122070312,118.58258819580078,404600
2021-09-09,125.5999984741211,126.02999877929688,124.12000274658203,124.29000091552734,117.93733978271484,366000
2021-09-10,124.58999633789062,127.3499984741211,124.58000183105469,126.13999938964844,119.69278717041016,466700
2021-09-13,126.06999969482422,126.5199966430664,123.16000366210938,124.4000015258789,118.04170227050781,377300
2021-09-14,125.5999984741211,125.5999984741211,123.45999908447266,124.2300033569336,117.88041687011719,616500
2021-09-15,123.47000122070312,125.25,123.47000122070312,123.83000183105469,117.50084686279297,506100
2021-09-16,123.47000122070312,124.7699966430664,123.08000183105469,123.70999908447266,117.38697052001953,369600
2021-09-17,123.56999969482422,123.9000015258789,121.16000366210938,123.61000061035156,117.29209899902344,876400
2021-09-20,122.81999969482422,124.0,121.33999633789062,121.75,115.52716827392578,494700
2021-09-21,123.01000213623047,124.56999969482422,122.66999816894531,123.87999725341797,117.54829406738281,425600
2021-09-22,124.58999633789062,125.4000015258789,123.0999984741211,123.98999786376953,117.65266418457031,374200
2021-09-23,125.58000183105469,125.69999694824219,123.08000183105469,123.8499984741211,117.51982879638672,553200
2021-09-24,123.7699966430664,127.30999755859375,123.7699966430664,125.83999633789062,119.4081039428711,418200
2021-09-27,125.04000091552734,125.88999938964844,122.70999908447266,123.5999984741211,117.28260803222656,345800
2021-09-28,122.70999908447266,123.79000091552734,121.76000213623047,122.69999694824219,116.42860412597656,316200
2021-09-29,122.9800033569336,125.37999725341797,122.23999786376953,125.18000030517578,118.78184509277344,299000
2021-09-30,125.69999694824219,126.38999938964844,123.33000183105469,123.86000061035156,117.52931213378906,569000
2021-10-01,124.4000015258789,125.45999908447266,122.7300033569336,123.44000244140625,117.13077545166016,319200
2021-10-04,123.62000274658203,125.47000122070312,122.16999816894531,123.41000366210938,117.10231018066406,369500
2021-10-05,123.26000213623047,125.81999969482422,120.83999633789062,120.83999633789062,114.66365051269531,685500
2021-10-06,120.48999786376953,123.08000183105469,119.12000274658203,121.69000244140625,115.47023010253906,762500
2021-10-07,124.12000274658203,126.0,123.16999816894531,125.01000213623047,118.62054443359375,441200
2021-10-08,124.79000091552734,126.63999938964844,123.87999725341797,126.37000274658203,119.9110336303711,398000
2021-10-11,125.70999908447266,128.88999938964844,124.77999877929688,125.1500015258789,118.75337982177734,318200
2021-10-12,125.12000274658203,127.54000091552734,124.1500015258789,125.19999694824219,118.80081939697266,357600
2021-10-13,125.36000061035156,125.69999694824219,123.47000122070312,124.95999908447266,118.5730972290039,247100
2021-10-14,125.12999725341797,126.7300033569336,124.87999725341797,126.58999633789062,120.1197738647461,240800
2021-10-15,126.87999725341797,126.98999786376953,124.31999969482422,125.54000091552734,119.12344360351562,380800
2021-10-18,126.04000091552734,127.25,125.19000244140625,127.25,120.74604034423828,313800
2021-10-19,128.0,128.97999572753906,125.63999938964844,125.87999725341797,119.44608306884766,366000
2021-10-20,126.01000213623047,127.38999938964844,125.3499984741211,127.02999877929688,120.53728485107422,467800
2021-10-21,127.98999786376953,127.98999786376953,125.69000244140625,127.08999633789062,120.59423828125,389800
2021-10-22,126.1500015258789,129.33999633789062,125.43000030517578,129.33999633789062,122.72919464111328,483300
2021-10-25,130.0,131.49000549316406,128.22000122070312,129.39999389648438,122.7861557006836,363900
2021-10-26,130.10000610351562,131.9199981689453,129.02999877929688,131.25999450683594,124.55110931396484,368900
2021-10-27,131.64999389648438,132.52000427246094,129.7899932861328,130.13999938964844,123.48833465576172,710400
2021-10-28,130.27999877929688,131.82000732421875,128.52999877929688,131.1699981689453,124.4656753540039,539800
2021-10-29,130.50999450683594,134.25,129.6199951171875,131.94000244140625,125.19633483886719,749800
2021-11-01,133.14999389648438,133.6699981689453,131.13999938964844,133.6699981689453,126.8379135131836,469500
2021-11-02,134.17999267578125,135.49000549316406,132.22000122070312,135.07000732421875,128.1663360595703,529200
2021-11-03,134.07000732421875,135.07000732421875,132.3800048828125,134.67999267578125,127.7962875366211,480100
2021-11-04,133.3699951171875,135.64999389648438,131.13999938964844,132.52000427246094,125.74668884277344,559500
2021-11-05,132.02999877929688,133.36000061035156,131.61000061035156,133.27000427246094,126.4583511352539,341000
2021-11-08,133.97999572753906,134.83999633789062,130.32000732421875,133.77000427246094,126.93280029296875,449300
2021-11-09,134.22000122070312,134.24000549316406,130.58999633789062,131.22000122070312,124.51313018798828,626100
2021-11-10,131.49000549316406,132.1199951171875,127.01000213623047,127.86000061035156,121.32486724853516,774500
2021-11-11,128.75999450683594,129.75999450683594,126.41999816894531,129.1999969482422,122.59638214111328,495300
2021-11-12,129.8300018310547,132.5,129.72999572753906,130.9600067138672,124.26644897460938,460300
2021-11-15,131.69000244140625,132.27999877929688,131.0,131.0,124.30437469482422,609800
2021-11-16,131.27999877929688,134.32000732421875,131.0,132.00999450683594,125.26274871826172,459600
2021-11-17,132.0,132.3000030517578,128.69000244140625,129.49000549316406,122.87154388427734,421600
2021-11-18,129.5,130.4499969482422,127.37999725341797,129.50999450683594,122.89051818847656,570800
2021-11-19,129.50999450683594,131.33999633789062,128.3800048828125,129.47999572753906,122.862060546875,649100
2021-11-22,129.3000030517578,130.97999572753906,126.70999908447266,126.87000274658203,120.38546752929688,567400
2021-11-23,126.5999984741211,130.08999633789062,125.02999877929688,128.99000549316406,122.39710235595703,708600
2021-11-24,128.6999969482422,132.14999389648438,128.25999450683594,130.9600067138672,124.26644897460938,774600
2021-11-26,130.49000549316406,131.69000244140625,128.5500030517578,128.8800048828125,122.292724609375,466100
2021-11-29,130.10000610351562,130.99000549316406,128.38999938964844,129.6999969482422,123.53089141845703,673900
2021-11-30,127.77999877929688,130.1699981689453,126.7300033569336,128.94000244140625,122.80704498291016,2419500
2021-12-01,128.63999938964844,131.00999450683594,126.80999755859375,127.08999633789062,121.04505157470703,690800
2021-12-02,126.81999969482422,130.58999633789062,126.81999969482422,129.77999877929688,123.60708618164062,598100
2021-12-03,130.07000732421875,130.27000427246094,126.88999938964844,129.0800018310547,122.94039916992188,517900
2021-12-06,129.52999877929688,131.5399932861328,128.38999938964844,131.1999969482422,124.95955657958984,538900
2021-12-07,132.0,132.89999389648438,128.47000122070312,130.97000122070312,124.74047088623047,642100
2021-12-08,131.02000427246094,132.14999389648438,129.92999267578125,131.36000061035156,125.1119613647461,517000
2021-12-09,131.9600067138672,132.33999633789062,128.17999267578125,129.0399932861328,122.90226745605469,534600
2021-12-10,129.0,133.02000427246094,128.75999450683594,132.0500030517578,125.7691421508789,500700
2021-12-13,132.7100067138672,132.7100067138672,129.25999450683594,130.69000244140625,124.47381591796875,373800
2021-12-14,129.9199981689453,130.85000610351562,128.42999267578125,128.42999267578125,122.3212890625,524900
2021-12-15,129.1300048828125,130.89999389648438,127.20999908447266,129.86000061035156,123.68328857421875,531600
2021-12-16,130.86000061035156,132.2100067138672,129.30999755859375,132.0500030517578,125.7691421508789,504000
2021-12-17,131.88999938964844,132.0500030517578,128.10000610351562,128.25,122.14988708496094,844800
2021-12-20,127.83000183105469,128.36000061035156,124.33000183105469,125.97000122070312,119.97830200195312,501300
2021-12-21,127.98999786376953,127.98999786376953,125.69999694824219,125.91999816894531,119.9306869506836,690000
2021-12-22,125.91999816894531,129.32000732421875,125.37000274658203,129.19000244140625,123.04515838623047,543100
2021-12-23,129.8699951171875,131.0,129.0,129.0,122.86417388916016,316100
2021-12-27,128.17999267578125,129.8000030517578,127.75,129.8000030517578,123.62615203857422,322400
2021-12-28,129.39999389648438,132.0,129.39999389648438,130.1699981689453,123.97855377197266,251900
2021-12-29,131.19000244140625,131.19000244140625,128.4199981689453,129.0,122.86417388916016,194500
2021-12-30,128.63999938964844,130.25,128.5399932861328,129.25999450683594,123.11181640625,231600
2021-12-31,129.77999877929688,130.8699951171875,129.39999389648438,130.39999389648438,124.19759368896484,198200
2022-01-03,129.88999938964844,129.92999267578125,126.54000091552734,128.4600067138672,122.34989166259766,464600
2022-01-04,126.79000091552734,129.2100067138672,124.77999877929688,125.7300033569336,119.7497329711914,918500
2022-01-05,126.79000091552734,126.79000091552734,124.01000213623047,124.48999786376953,118.56871795654297,472500
2022-01-06,124.05000305175781,126.0,123.18000030517578,125.4800033569336,119.51162719726562,400000
2022-01-07,125.08000183105469,125.37000274658203,123.25,124.16999816894531,118.26392364501953,535900
2022-01-10,124.18000030517578,124.68000030517578,120.54000091552734,122.66999816894531,116.83527374267578,675100
2022-01-11,121.52999877929688,125.94000244140625,121.16000366210938,125.94000244140625,119.94974517822266,513300
2022-01-12,126.58000183105469,127.0,123.55999755859375,124.58000183105469,118.65442657470703,366400
2022-01-13,124.41999816894531,124.7300033569336,120.36000061035156,120.36000061035156,114.63514709472656,510700
2022-01-14,119.73999786376953,121.0,117.0,118.16000366210938,112.53980255126953,735000
2022-01-18,117.02999877929688,120.13999938964844,115.77999877929688,119.30000305175781,113.62556457519531,704500
2022-01-19,119.87000274658203,121.23999786376953,119.2699966430664,120.29000091552734,114.56848907470703,510900
2022-01-20,117.19999694824219,122.13999938964844,116.29000091552734,120.3499984741211,114.62562561035156,469700
2022-01-21,121.01000213623047,121.31999969482422,118.08999633789062,118.08999633789062,112.47310638427734,659900
2022-01-24,118.41000366210938,118.41000366210938,113.0999984741211,118.0999984741211,112.48263549804688,789200
2022-01-25,117.66999816894531,117.7699966430664,114.36000061035156,115.61000061035156,110.111083984375,559500
2022-01-26,115.63999938964844,117.87000274658203,113.76000213623047,114.8499984741211,109.38722229003906,657100
2022-01-27,115.87000274658203,117.91999816894531,114.75,114.75,109.2919921875,422300
2022-01-28,114.11000061035156,116.31999969482422,112.66999816894531,116.31999969482422,110.78731536865234,482000
2022-01-31,115.3499984741211,118.52999877929688,115.0,118.52999877929688,112.89218139648438,717400
2022-02-01,118.97000122070312,119.16000366210938,117.2699966430664,118.88999938964844,113.23506164550781,430700
2022-02-02,118.3499984741211,120.19999694824219,118.05000305175781,120.0,114.29226684570312,558800
2022-02-03,118.94000244140625,119.93000030517578,116.13999938964844,116.68000030517578,111.13018798828125,612900
2022-02-04,115.0999984741211,120.69999694824219,114.0,120.25,114.5303726196289,1126400
2022-02-07,121.33000183105469,121.7300033569336,119.13999938964844,119.94999694824219,114.24464416503906,509700
2022-02-08,120.91999816894531,122.5999984741211,118.58999633789062,122.58999633789062,116.75907897949219,649800
2022-02-09,124.43000030517578,125.20999908447266,120.69999694824219,121.30000305175781,115.53043365478516,739400
2022-02-10,120.05999755859375,124.38999938964844,119.55000305175781,121.0999984741211,115.33993530273438,769300
2022-02-11,124.0,124.0,119.75,120.29000091552734,114.56848907470703,711700
2022-02-14,120.37000274658203,121.41000366210938,118.95999908447266,120.58000183105469,114.84468841552734,584600
2022-02-15,121.1500015258789,122.5,120.58000183105469,121.80999755859375,116.01617431640625,586300
2022-02-16,121.7699966430664,122.61000061035156,120.70999908447266,121.22000122070312,115.4542465209961,491700
2022-02-17,120.1500015258789,121.43000030517578,118.43000030517578,118.43000030517578,112.79695129394531,599200
2022-02-18,119.11000061035156,119.11000061035156,116.3499984741211,118.80999755859375,113.15887451171875,651100
2022-02-22,118.18000030517578,118.91999816894531,115.5,116.47000122070312,110.93017578125,841000
2022-02-23,116.11000061035156,118.44000244140625,114.44999694824219,114.54000091552734,109.09197235107422,561300
2022-02-24,113.38999938964844,117.41000366210938,112.23999786376953,117.2699966430664,111.69213104248047,751800
2022-02-25,117.45999908447266,118.22000122070312,115.75,117.44000244140625,112.3137435913086,564000
2022-02-28,116.27999877929688,117.80999755859375,115.0,117.29000091552734,112.17029571533203,1143900
2022-03-01,116.91000366210938,118.6500015258789,116.1500015258789,117.19999694824219,112.084228515625,649800
2022-03-02,118.54000091552734,118.77999877929688,117.06999969482422,118.63999938964844,113.46135711669922,663000
2022-03-03,118.98999786376953,119.54000091552734,116.62999725341797,117.33999633789062,112.2181167602539,988100
2022-03-04,116.5999984741211,120.79000091552734,115.05000305175781,120.5199966430664,115.25931549072266,661300
2022-03-07,120.94999694824219,120.94999694824219,116.31999969482422,116.41999816894531,111.33827209472656,546100
2022-03-08,116.80999755859375,117.58999633789062,113.5999984741211,113.69000244140625,108.72743225097656,473700
2022-03-09,115.6500015258789,116.2699966430664,113.69000244140625,115.08000183105469,110.0567626953125,633200
2022-03-10,113.5999984741211,114.23999786376953,112.27999877929688,114.12000274658203,109.13867950439453,330000
2022-03-11,114.25,116.12999725341797,114.0,114.0,109.02391052246094,503500
2022-03-14,114.94000244140625,116.36000061035156,113.08000183105469,113.72000122070312,108.75611877441406,713000
2022-03-15,113.20999908447266,114.75,111.76000213623047,114.33000183105469,109.3395004272461,874100
2022-03-16,114.6500015258789,115.88999938964844,113.52999877929688,115.2300033569336,110.20021057128906,745800
2022-03-17,114.81999969482422,119.33000183105469,114.3499984741211,117.63999938964844,112.5050277709961,669600
2022-03-18,118.41999816894531,119.44000244140625,116.80000305175781,116.80000305175781,111.7016830444336,926500
2022-03-21,117.04000091552734,118.54000091552734,115.08999633789062,116.0199966430664,110.95571899414062,582800
2022-03-22,116.44000244140625,120.20999908447266,116.44000244140625,119.45999908447266,114.24557495117188,518100
2022-03-23,118.9800033569336,119.3499984741211,114.9800033569336,115.29000091552734,110.25759887695312,452400
2022-03-24,115.27999877929688,115.44999694824219,113.05000305175781,113.69999694824219,108.73699188232422,667000
2022-03-25,114.12000274658203,115.63999938964844,113.01000213623047,114.7300033569336,109.7220458984375,634400
2022-03-28,115.1500015258789,115.19999694824219,110.75,112.94000244140625,108.01016235351562,514200
2022-03-29,114.73999786376953,114.77999877929688,112.38999938964844,114.77999877929688,109.76985168457031,667000
2022-03-30,114.30999755859375,115.83000183105469,113.4800033569336,114.69000244140625,109.68378448486328,497300
2022-03-31,114.20999908447266,118.0,113.5999984741211,114.41999816894531,109.42555236816406,1001300
2022-04-01,115.18000030517578,117.26000213623047,113.9000015258789,116.8499984741211,111.74951171875,533400
2022-04-04,116.16999816894531,116.9000015258789,112.77999877929688,112.91999816894531,107.99104309082031,632700
2022-04-05,113.5199966430664,115.38999938964844,112.87999725341797,113.18000030517578,108.23970031738281,569800
2022-04-06,113.87999725341797,116.12999725341797,113.0199966430664,114.91999816894531,109.90374755859375,515900
2022-04-07,115.77999877929688,118.55999755859375,114.62999725341797,117.94000244140625,112.79191589355469,819800
2022-04-08,119.61000061035156,119.61000061035156,115.87999725341797,116.3499984741211,111.27132415771484,495300
2022-04-11,116.77999877929688,117.3499984741211,115.8499984741211,116.75,111.65386962890625,478500
2022-04-12,117.0,117.93000030517578,116.75,117.76000213623047,112.6197738647461,589900
2022-04-13,117.7699966430664,121.75,117.55999755859375,119.55000305175781,114.3316650390625,1489200
2022-04-14,120.86000061035156,121.9800033569336,116.83000183105469,117.33000183105469,112.20854949951172,920000
2022-04-18,119.08999633789062,119.93000030517578,115.51000213623047,116.33999633789062,111.26174926757812,721200
2022-04-19,116.87999725341797,117.97000122070312,115.81999969482422,117.77999877929688,112.63892364501953,647100
2022-04-20,118.18000030517578,120.66000366210938,117.69000244140625,118.20999908447266,113.05013275146484,764100
2022-04-21,118.41000366210938,118.41000366210938,113.55999755859375,115.0,109.98027038574219,589400
2022-04-22,114.31999969482422,115.62999725341797,114.0,114.11000061035156,109.12909698486328,488400
2022-04-25,114.30999755859375,116.12999725341797,112.5999984741211,115.2699966430664,110.23847961425781,570200
2022-04-26,114.48999786376953,115.0999984741211,111.55999755859375,111.55999755859375,106.6904067993164,527300
2022-04-27,112.13999938964844,115.81999969482422,112.13999938964844,115.45999908447266,110.42017364501953,675700
2022-04-28,116.18000030517578,117.08000183105469,114.33999633789062,115.2699966430664,110.23847961425781,741100
2022-04-29,114.37000274658203,119.36000061035156,112.16000366210938,112.9800033569336,108.04843139648438,1104900
2022-05-02,113.1500015258789,113.62999725341797,109.51000213623047,111.95999908447266,107.07294464111328,1069500
2022-05-03,112.93000030517578,113.54000091552734,111.83000183105469,112.3499984741211,107.44593811035156,945100
2022-05-04,112.87999725341797,114.80999755859375,111.22000122070312,114.69999694824219,109.69334411621094,845200
2022-05-05,114.3499984741211,114.5999984741211,110.83999633789062,111.29000091552734,106.43218231201172,865900
2022-05-06,110.70999908447266,111.94000244140625,108.63999938964844,111.25,106.3939437866211,603900
2022-05-09,110.18000030517578,110.97000122070312,107.19000244140625,107.19000244140625,102.51114654541016,711600
2022-05-10,107.77999877929688,108.51000213623047,105.72000122070312,108.23999786376953,103.51532745361328,823900
2022-05-11,107.04000091552734,109.55000305175781,107.04000091552734,108.5199966430664,103.78311157226562,663800
2022-05-12,108.11000061035156,108.66999816894531,104.43000030517578,107.05999755859375,102.38683319091797,824000
2022-05-13,107.4000015258789,109.7300033569336,105.9800033569336,109.37999725341797,104.60556030273438,581100
2022-05-16,109.79000091552734,109.79000091552734,107.58999633789062,109.27999877929688,104.50992584228516,415100
2022-05-17,109.2699966430664,110.4800033569336,108.05999755859375,108.45999908447266,103.72572326660156,528200
2022-05-18,108.19999694824219,108.43000030517578,104.83999633789062,104.83999633789062,100.26373291015625,530000
2022-05-19,104.41000366210938,107.3499984741211,103.81999969482422,105.55999755859375,100.95230102539062,577900
2022-05-20,106.05000305175781,107.19000244140625,104.94000244140625,106.94000244140625,102.2720718383789,626400
2022-05-23,107.41000366210938,107.94000244140625,106.5199966430664,107.63999938964844,102.9415283203125,564600
2022-05-24,106.72000122070312,107.72000122070312,105.30999755859375,106.94999694824219,102.28163146972656,482800
2022-05-25,107.75,108.18000030517578,105.6500015258789,107.72000122070312,103.01802825927734,746700
2022-05-26,108.44000244140625,109.4800033569336,108.05000305175781,109.4000015258789,104.62469482421875,557200
2022-05-27,109.29000091552734,111.8499984741211,109.0,111.8499984741211,107.43914794921875,491900
2022-05-31,110.4800033569336,112.43000030517578,110.4800033569336,112.30999755859375,107.88101959228516,1240700
2022-06-01,112.5999984741211,113.51000213623047,111.95999908447266,112.41999816894531,107.98666381835938,614200
2022-06-02,113.37999725341797,115.54000091552734,112.54000091552734,115.54000091552734,110.98362731933594,431500
2022-06-03,114.9000015258789,115.80999755859375,113.91999816894531,114.0,109.50435638427734,335800
2022-06-06,114.3499984741211,115.83000183105469,113.8499984741211,114.9000015258789,110.36886596679688,324700
2022-06-07,114.3499984741211,115.0199966430664,113.5,113.63999938964844,109.15855407714844,554300
2022-06-08,113.87999725341797,114.26000213623047,112.62999725341797,113.48999786376953,109.01447296142578,380500
2022-06-09,113.80999755859375,115.11000061035156,113.19000244140625,113.62000274658203,109.13935089111328,475300
2022-06-10,113.11000061035156,113.11000061035156,109.7699966430664,109.7699966430664,105.44117736816406,697600
2022-06-13,107.87999725341797,109.8499984741211,106.41000366210938,108.5199966430664,104.24046325683594,491000
2022-06-14,107.01000213623047,109.12999725341797,107.01000213623047,107.5199966430664,103.27989959716797,386700
2022-06-15,109.05000305175781,110.45999908447266,107.66000366210938,109.72000122070312,105.39315795898438,593400
2022-06-16,109.38999938964844,109.8499984741211,107.83999633789062,108.87000274658203,104.57667541503906,505500
2022-06-17,107.4800033569336,110.41999816894531,107.4800033569336,109.1500015258789,104.84562683105469,935500
2022-06-21,109.22000122070312,110.97000122070312,109.22000122070312,109.69000244140625,105.36433410644531,783800
2022-06-22,109.37000274658203,110.02999877929688,108.52999877929688,109.37999725341797,105.06654357910156,731400
2022-06-23,109.3499984741211,112.80000305175781,109.3499984741211,112.3499984741211,107.91943359375,444000
2022-06-24,112.22000122070312,115.33999633789062,111.83999633789062,114.94000244140625,110.40730285644531,894300
2022-06-27,114.93000030517578,115.12000274658203,113.6500015258789,114.52999877929688,110.01345825195312,429700
2022-06-28,114.30999755859375,116.12999725341797,113.23999786376953,114.06999969482422,109.57159423828125,398900
2022-06-29,114.51000213623047,115.0999984741211,112.63999938964844,113.9000015258789,109.4083023071289,514500
2022-06-30,112.30999755859375,114.30999755859375,111.83000183105469,113.19000244140625,108.726318359375,801500
2022-07-01,113.95999908447266,114.70999908447266,111.87999725341797,114.68000030517578,110.15754699707031,465100
2022-07-05,114.19000244140625,117.54000091552734,113.11000061035156,117.44000244140625,112.80870819091797,537200
2022-07-06,117.93000030517578,119.58999633789062,117.44000244140625,117.7300033569336,113.0872802734375,668400
2022-07-07,117.72000122070312,119.30999755859375,117.72000122070312,119.19000244140625,114.48968505859375,377400
2022-07-08,120.11000061035156,120.19000244140625,118.43000030517578,118.51000213623047,113.83651733398438,314000
2022-07-11,118.20999908447266,121.55000305175781,118.05999755859375,121.27999877929688,116.49726104736328,469000
2022-07-12,121.7699966430664,122.94999694824219,119.12999725341797,120.12000274658203,115.38300323486328,597300
2022-07-13,119.87999725341797,120.80000305175781,118.06999969482422,118.11000061035156,113.45228576660156,693100
2022-07-14,116.87999725341797,117.9800033569336,115.81999969482422,117.93000030517578,113.27938079833984,385000
2022-07-15,119.58000183105469,119.88999938964844,118.36000061035156,118.9800033569336,114.2879867553711,511300
2022-07-18,119.05000305175781,120.61000061035156,118.02999877929688,118.18000030517578,113.51952362060547,618900
2022-07-19,121.52999877929688,123.05999755859375,120.83000183105469,121.86000061035156,117.05440521240234,1036600
2022-07-20,122.36000061035156,123.37999725341797,121.0199966430664,121.77999877929688,116.97755432128906,592200
2022-07-21,122.5,124.0999984741211,121.88999938964844,124.0,119.1100082397461,440800
2022-07-22,123.66000366210938,124.55000305175781,123.01000213623047,123.7300033569336,118.85066986083984,398500
2022-07-25,123.01000213623047,124.83999633789062,123.01000213623047,124.75,119.83042907714844,437400
2022-07-26,122.72000122070312,125.8499984741211,122.72000122070312,125.08000183105469,120.14741516113281,799100
2022-07-27,124.61000061035156,125.83000183105469,123.43000030517578,125.1500015258789,120.21466064453125,587600
2022-07-28,124.87999725341797,126.87000274658203,124.58999633789062,125.66999816894531,120.71414947509766,915300
2022-07-29,124.88999938964844,125.19999694824219,121.05000305175781,123.37999725341797,118.51445770263672,1122500
2022-08-01,123.0199966430664,123.0199966430664,115.63999938964844,116.52999877929688,111.9345932006836,1448100
2022-08-02,115.97000122070312,118.37999725341797,114.87000274658203,117.63999938964844,113.00082397460938,866400
2022-08-03,117.87999725341797,118.3499984741211,116.7699966430664,117.8499984741211,113.20254516601562,632400
2022-08-04,117.51000213623047,119.30999755859375,117.13999938964844,119.08999633789062,114.39363098144531,540100
2022-08-05,119.69999694824219,120.91000366210938,118.68000030517578,120.4800033569336,115.72882843017578,444700
2022-08-08,121.3499984741211,121.3499984741211,118.66000366210938,118.80999755859375,114.12467956542969,384400
2022-08-09,118.80000305175781,119.41000366210938,118.33000183105469,118.75,114.06704711914062,372900
2022-08-10,118.61000061035156,119.20999908447266,117.7699966430664,118.45999908447266,113.78849029541016,628900
2022-08-11,118.45999908447266,119.83999633789062,117.37999725341797,117.5,112.8663330078125,486800
2022-08-12,118.0,119.75,116.93000030517578,119.63999938964844,114.92194366455078,562100
2022-08-15,118.06999969482422,120.9000015258789,118.06999969482422,119.3499984741211,114.64337921142578,437100
2022-08-16,118.80999755859375,120.29000091552734,118.80999755859375,119.91999816894531,115.19090270996094,507700
2022-08-17,119.62000274658203,123.56999969482422,119.62000274658203,123.55999755859375,118.68736267089844,594300
2022-08-18,124.05000305175781,126.61000061035156,123.98999786376953,126.31999969482422,121.33851623535156,742200
2022-08-19,126.55999755859375,126.55999755859375,123.0199966430664,123.77999877929688,118.89867401123047,2295300
2022-08-22,122.80999755859375,126.01000213623047,122.61000061035156,123.43000030517578,118.5624771118164,538100
2022-08-23,123.5,125.0,121.37000274658203,121.95999908447266,117.15045166015625,361700
2022-08-24,121.62999725341797,123.5999984741211,121.62999725341797,122.48999786376953,117.6595458984375,527700
2022-08-25,122.5,123.44999694824219,122.08999633789062,123.29000091552734,118.42800903320312,245700
2022-08-26,123.83999633789062,124.2300033569336,119.9800033569336,120.3499984741211,115.60394287109375,477500
2022-08-29,120.0199966430664,121.05000305175781,119.38999938964844,120.33000183105469,115.5847396850586,383500
2022-08-30,119.83000183105469,120.31999969482422,117.77999877929688,117.77999877929688,113.60735321044922,825400
2022-08-31,119.08999633789062,120.0999984741211,117.83999633789062,117.97000122070312,113.79064178466797,702300
2022-09-01,117.80000305175781,121.33000183105469,117.19999694824219,121.2300033569336,116.93514251708984,613800
2022-09-02,121.58000183105469,122.62999725341797,119.66999816894531,119.80999755859375,115.5654525756836,566300
2022-09-06,123.4000015258789,123.4000015258789,120.41000366210938,121.48999786376953,117.18592071533203,374400
2022-09-07,120.70999908447266,124.69999694824219,120.54000091552734,123.69000244140625,119.30799865722656,512800
2022-09-08,123.7699966430664,124.70999908447266,122.2300033569336,124.11000061035156,119.71310424804688,485100
2022-09-09,123.91000366210938,124.2699966430664,123.30000305175781,123.97000122070312,119.57807159423828,352600
2022-09-12,123.83999633789062,124.9800033569336,123.58000183105469,123.7300033569336,119.3465805053711,376900
2022-09-13,123.06999969482422,123.55000305175781,120.79000091552734,120.93000030517578,116.64576721191406,650400
2022-09-14,121.25,121.73999786376953,120.44999694824219,121.41999816894531,117.118408203125,719900
2022-09-15,124.70999908447266,124.70999908447266,118.87000274658203,119.13999938964844,114.9191665649414,727500
2022-09-16,119.01000213623047,121.13999938964844,117.79000091552734,120.55000305175781,116.27922821044922,1136000
2022-09-19,120.22000122070312,121.12999725341797,118.75,120.63999938964844,116.36603546142578,448700
2022-09-20,120.23999786376953,120.29000091552734,118.12999725341797,119.44000244140625,115.20854949951172,388400
2022-09-21,119.16000366210938,121.55000305175781,118.02999877929688,118.06999969482422,113.8870849609375,412600
2022-09-22,118.0,118.55999755859375,116.48999786376953,117.62000274658203,113.45303344726562,340100
2022-09-23,117.80999755859375,118.05000305175781,115.1500015258789,116.12999725341797,112.01581573486328,504900
2022-09-26,115.8499984741211,117.66000366210938,115.38999938964844,116.41000366210938,112.285888671875,489900
2022-09-27,117.4800033569336,119.66999816894531,115.55999755859375,116.97000122070312,112.82605743408203,517500
2022-09-28,117.25,119.0,116.7699966430664,118.36000061035156,114.16680908203125,540900
2022-09-29,118.38999938964844,118.58999633789062,116.80999755859375,117.7300033569336,113.55913543701172,532500
2022-09-30,118.66000366210938,119.54000091552734,117.18000030517578,117.37000274658203,113.21187591552734,834300
2022-10-03,117.11000061035156,118.9800033569336,116.38999938964844,118.12999725341797,113.9449691772461,711100
2022-10-04,118.76000213623047,120.23999786376953,118.37000274658203,119.97000122070312,115.71977996826172,742600
2022-10-05,120.02999877929688,120.63999938964844,118.48999786376953,119.7699966430664,115.52684783935547,595700
2022-10-06,119.45999908447266,121.7699966430664,118.58000183105469,121.68000030517578,117.36920166015625,707200
2022-10-07,121.75,121.94000244140625,118.20999908447266,118.94000244140625,114.72624969482422,661900
2022-10-10,119.06999969482422,120.0999984741211,118.62999725341797,118.70999908447266,114.50440216064453,417600
2022-10-11,118.69999694824219,119.91000366210938,116.54000091552734,118.05999755859375,113.87743377685547,540000
2022-10-12,118.05999755859375,118.9800033569336,116.79000091552734,118.13999938964844,113.95460510253906,549400
2022-10-13,117.38999938964844,120.69999694824219,115.36000061035156,120.06999969482422,115.81622314453125,657100
2022-10-14,121.16000366210938,121.16000366210938,115.76000213623047,116.11000061035156,111.99651336669922,710600
2022-10-17,116.6500015258789,120.38999938964844,116.6500015258789,120.1500015258789,115.89338684082031,760200
2022-10-18,122.05000305175781,122.87000274658203,120.70999908447266,121.98999786376953,117.66822052001953,779600
2022-10-19,121.5,122.37000274658203,119.41000366210938,119.75,115.50757598876953,535600
2022-10-20,120.1500015258789,121.19999694824219,118.37999725341797,118.9800033569336,114.76486206054688,422500
2022-10-21,120.20999908447266,120.3499984741211,118.54000091552734,119.87000274658203,115.6233139038086,482300
2022-10-24,120.13999938964844,122.36000061035156,120.13999938964844,122.08999633789062,117.76467895507812,480300
2022-10-25,122.7300033569336,124.44000244140625,121.69999694824219,124.41000366210938,120.00247955322266,744900
2022-10-26,125.11000061035156,125.51000213623047,123.12000274658203,123.95999908447266,119.56842803955078,654000
2022-10-27,125.30999755859375,125.37000274658203,123.76000213623047,123.94999694824219,119.55876922607422,599100
2022-10-28,123.7699966430664,125.68000030517578,123.6500015258789,125.44999694824219,121.0056381225586,675500
2022-10-31,125.4000015258789,125.88999938964844,124.29000091552734,124.5,120.08929443359375,1084500
2022-11-01,124.5199966430664,127.52999877929688,124.5199966430664,127.36000061035156,122.84796905517578,897600
2022-11-02,127.66999816894531,128.74000549316406,125.6500015258789,126.0999984741211,121.63259887695312,896300
2022-11-03,124.22000122070312,126.66999816894531,124.22000122070312,124.9000015258789,120.4751205444336,765400
2022-11-04,128.60000610351562,130.5399932861328,126.01000213623047,128.3000030517578,123.7546615600586,1123500
2022-11-07,130.16000366210938,130.16000366210938,125.69000244140625,127.31999969482422,122.80938720703125,881300
2022-11-08,126.83999633789062,127.9000015258789,124.13999938964844,125.76000213623047,121.30465698242188,1098500
2022-11-09,125.25,125.25,122.41999816894531,123.26000213623047,118.89322662353516,835200
2022-11-10,124.97000122070312,125.94999694824219,116.37000274658203,120.95999908447266,116.6747055053711,1607000
2022-11-11,120.97000122070312,121.44999694824219,114.16999816894531,115.0999984741211,111.02229309082031,2227400
2022-11-14,116.62000274658203,120.05000305175781,115.01000213623047,118.62000274658203,114.4176025390625,1209700
2022-11-15,119.4800033569336,123.25,119.4800033569336,122.62999725341797,118.28553009033203,1091600
2022-11-16,121.5,125.2300033569336,121.5,122.51000213623047,118.16979217529297,711500
2022-11-17,122.91999816894531,125.69999694824219,121.0,123.70999908447266,119.3272705078125,685200
2022-11-18,124.33999633789062,125.1500015258789,121.41999816894531,121.51000213623047,117.20521545410156,829300
2022-11-21,120.8499984741211,124.56999969482422,120.8499984741211,124.02999877929688,119.63593292236328,603200
2022-11-22,124.48999786376953,125.47000122070312,124.20999908447266,125.36000061035156,120.9188232421875,588700
2022-11-23,125.33000183105469,126.83999633789062,124.16000366210938,124.83999633789062,120.417236328125,670100
2022-11-25,125.25,127.0,124.69000244140625,125.8499984741211,121.39146423339844,214100
2022-11-28,127.0,127.0,124.38999938964844,124.66999816894531,120.2532730102539,490600
2022-11-29,124.44000244140625,124.80000305175781,122.86000061035156,123.25,119.3622817993164,555400
2022-11-30,123.27999877929688,127.08999633789062,123.27999877929688,126.83999633789062,122.83904266357422,2291700
2022-12-01,127.29000091552734,128.14999389648438,125.26000213623047,126.81999969482422,122.81966400146484,474900
2022-12-02,127.08000183105469,128.9499969482422,126.22000122070312,128.3300018310547,124.28203582763672,546200
2022-12-05,128.36000061035156,128.5399932861328,125.95999908447266,127.23999786376953,123.2264175415039,532600
2022-12-06,127.62000274658203,129.83999633789062,127.62000274658203,128.38999938964844,124.34014892578125,715200
2022-12-07,129.0,130.52000427246094,126.9000015258789,128.5,124.4466781616211,819200
2022-12-08,129.4199981689453,130.2899932861328,126.4800033569336,126.81999969482422,122.81966400146484,573500
2022-12-09,127.61000061035156,128.30999755859375,124.29000091552734,124.38999938964844,120.46630859375,792400
2022-12-12,124.6500015258789,125.79000091552734,123.37000274658203,125.69000244140625,121.7253189086914,574900
2022-12-13,128.3699951171875,128.52999877929688,122.69999694824219,122.97000122070312,119.09112548828125,835000
2022-12-14,123.02999877929688,123.91999816894531,121.45999908447266,121.68000030517578,117.84181213378906,600000
2022-12-15,121.22000122070312,124.16000366210938,119.93000030517578,124.13999938964844,120.22419738769531,1236700
2022-12-16,124.36000061035156,125.02999877929688,122.12000274658203,124.0199966430664,120.10799407958984,1003900
2022-12-19,124.72000122070312,125.62999725341797,122.69999694824219,123.26000213623047,119.3719711303711,463400
2022-12-20,123.76000213623047,124.5,122.19999694824219,123.18000030517578,119.29449462890625,433600
2022-12-21,123.19000244140625,126.31999969482422,121.9800033569336,126.19000244140625,122.20954895019531,751100
2022-12-22,124.88999938964844,125.5,122.63999938964844,124.26000213623047,120.34043884277344,568700
2022-12-23,125.76000213623047,126.19999694824219,124.45999908447266,126.18000030517578,122.19985961914062,295700
2022-12-27,127.16999816894531,127.62999725341797,125.48999786376953,126.37000274658203,122.38388061523438,384000
2022-12-28,124.86000061035156,127.22000122070312,124.86000061035156,126.12000274658203,122.14176177978516,396700
2022-12-29,127.58999633789062,127.68000030517578,125.4000015258789,127.18000030517578,123.1683120727539,1322800
2022-12-30,127.19000244140625,127.72000122070312,124.76000213623047,125.47000122070312,121.51226043701172,351600
2023-01-03,126.43000030517578,126.87000274658203,125.0199966430664,126.33000183105469,122.34513092041016,517800
2023-01-04,127.79000091552734,127.79000091552734,123.5199966430664,124.47000122070312,120.5438003540039,689100
2023-01-05,123.61000061035156,125.81999969482422,123.0999984741211,123.7699966430664,119.86588287353516,488800
2023-01-06,124.13999938964844,125.52999877929688,121.93000030517578,123.48999786376953,119.59471130371094,470400
2023-01-09,123.30000305175781,125.62999725341797,122.12000274658203,122.18000030517578,118.3260269165039,771300
2023-01-10,122.41000366210938,123.0999984741211,121.20999908447266,122.48999786376953,118.62625122070312,760200
2023-01-11,122.86000061035156,124.18000030517578,122.51000213623047,123.43000030517578,119.5365982055664,545800
2023-01-12,122.5999984741211,124.37999725341797,122.26000213623047,123.7699966430664,119.86588287353516,825100
2023-01-13,124.01000213623047,124.83000183105469,122.45999908447266,124.48999786376953,120.56316375732422,589600
2023-01-17,124.70999908447266,126.30999755859375,123.55000305175781,123.62000274658203,119.72061920166016,570800
2023-01-18,125.02999877929688,125.23999786376953,122.2699966430664,122.58000183105469,118.71341705322266,782700
2023-01-19,122.88999938964844,123.8499984741211,121.6500015258789,122.29000091552734,118.43254852294922,696000
2023-01-20,123.20999908447266,123.63999938964844,121.95999908447266,122.30000305175781,118.4422607421875,687500
2023-01-23,121.81999969482422,123.05000305175781,121.55999755859375,123.02999877929688,119.14923095703125,470700
2023-01-24,123.97000122070312,124.5,121.13999938964844,121.56999969482422,117.73526763916016,625800
2023-01-25,122.0999984741211,122.91999816894531,120.80000305175781,122.38999938964844,118.52940368652344,1423800
2023-01-26,122.1500015258789,124.04000091552734,122.0,123.33000183105469,119.43976593017578,560900
2023-01-27,122.69999694824219,122.97000122070312,121.63999938964844,122.0999984741211,118.2485580444336,331600
2023-01-30,122.5999984741211,123.29000091552734,121.5999984741211,122.6500015258789,118.78119659423828,581900
2023-01-31,123.44000244140625,123.44000244140625,122.0,122.87999725341797,119.00394439697266,601900
2023-02-01,121.95999908447266,124.06999969482422,121.95999908447266,123.05000305175781,119.1686019897461,589300
2023-02-02,123.5,123.5,120.51000213623047,120.81999969482422,117.0089111328125,930500
2023-02-03,116.11000061035156,124.95999908447266,116.11000061035156,124.26000213623047,120.34043884277344,1357100
2023-02-06,124.37999725341797,129.2899932861328,123.45999908447266,126.25,122.26764678955078,954000
2023-02-07,125.66000366210938,127.38999938964844,125.45999908447266,127.38999938964844,123.37168884277344,660300
2023-02-08,126.2300033569336,128.08999633789062,126.2300033569336,126.87999725341797,122.87776947021484,393100
2023-02-09,128.1199951171875,128.36000061035156,125.44999694824219,125.63999938964844,121.67689514160156,490900
2023-02-10,125.05999755859375,126.9800033569336,125.05999755859375,126.19999694824219,122.21922302246094,294200
2023-02-13,126.51000213623047,128.72000122070312,126.44000244140625,128.5800018310547,124.5241470336914,725300
2023-02-14,127.11000061035156,128.52999877929688,126.4000015258789,126.55000305175781,122.55818939208984,385900
2023-02-15,125.16999816894531,128.77000427246094,125.16999816894531,128.5399932861328,124.48541259765625,457100
2023-02-16,127.52999877929688,128.25999450683594,126.7300033569336,126.7300033569336,122.73251342773438,373000
2023-02-17,125.95999908447266,129.97000122070312,125.95999908447266,129.08999633789062,125.01805877685547,625600
2023-02-21,129.0,129.8699951171875,128.42999267578125,128.4600067138672,124.40795135498047,952900
2023-02-22,129.17999267578125,131.47000122070312,128.1699981689453,128.27000427246094,124.22393035888672,1087100
2023-02-23,132.00999450683594,132.00999450683594,127.36000061035156,128.72999572753906,124.66942596435547,1547900
2023-02-24,129.38999938964844,129.7899932861328,128.1199951171875,129.69000244140625,125.59915161132812,662800
2023-02-27,129.63999938964844,129.97000122070312,126.8499984741211,127.58000183105469,124.03389739990234,577600
2023-02-28,127.02999877929688,127.29000091552734,125.61000061035156,126.16999816894531,122.6630859375,648200
2023-03-01,126.4800033569336,127.26000213623047,125.5199966430664,126.70999908447266,123.18806457519531,567700
2023-03-02,126.76000213623047,126.87999725341797,125.58000183105469,126.18000030517578,122.67279815673828,442200
2023-03-03,126.38999938964844,127.61000061035156,125.83000183105469,126.41000366210938,122.89641571044922,398000
2023-03-06,127.04000091552734,127.36000061035156,125.1500015258789,125.31999969482422,121.83670043945312,664700
2023-03-07,124.97000122070312,125.5,123.2699966430664,123.48999786376953,120.05757904052734,701200
2023-03-08,122.91000366210938,123.80000305175781,122.77999877929688,123.2300033569336,119.8048095703125,397100
2023-03-09,124.2300033569336,124.2300033569336,121.08999633789062,121.16999816894531,117.80206298828125,628400
2023-03-10,122.5,122.5,118.25,118.6500015258789,115.35210418701172,748000
2023-03-13,118.16999816894531,123.73999786376953,117.30999755859375,122.26000213623047,118.86176300048828,1204000
2023-03-14,124.66999816894531,124.68000030517578,122.12000274658203,124.61000061035156,121.14644622802734,1102700
2023-03-15,122.58999633789062,125.02999877929688,121.30000305175781,122.25,118.85205078125,797400
2023-03-16,120.27999877929688,125.54000091552734,120.27999877929688,123.9800033569336,120.53396606445312,864200
2023-03-17,123.98999786376953,126.70999908447266,123.66999816894531,125.55000305175781,122.0603256225586,1658400
2023-03-20,126.55000305175781,126.55000305175781,124.5999984741211,125.6500015258789,122.15754699707031,732400
2023-03-21,126.19999694824219,128.3800048828125,124.73999786376953,128.3800048828125,124.8116683959961,879800
2023-03-22,128.77999877929688,129.5500030517578,126.83000183105469,127.05999755859375,123.52835083007812,645600
2023-03-23,126.97000122070312,128.02000427246094,125.66000366210938,127.18000030517578,123.64501953125,700300
2023-03-24,126.91000366210938,129.5,126.83999633789062,129.27999877929688,125.68663787841797,596100
2023-03-27,129.89999389648438,131.74000549316406,129.50999450683594,131.4600067138672,127.8060531616211,712000
2023-03-28,131.77000427246094,132.6999969482422,130.4600067138672,131.77000427246094,128.10745239257812,905200
2023-03-29,131.77999877929688,133.44000244140625,131.5399932861328,132.69000244140625,129.0018768310547,579500
2023-03-30,132.61000061035156,133.8000030517578,131.4499969482422,132.30999755859375,128.63241577148438,468800
2023-03-31,131.58999633789062,134.24000549316406,131.58999633789062,134.24000549316406,130.5087890625,572700
2023-04-03,133.35000610351562,134.6699981689453,133.19000244140625,134.55999755859375,130.81988525390625,436300
2023-04-04,134.17999267578125,135.82000732421875,134.17999267578125,135.24000549316406,131.48098754882812,559700
2023-04-05,135.0,136.58999633789062,134.83999633789062,135.6199951171875,131.85040283203125,493700
2023-04-06,134.75,137.1999969482422,134.75,136.02000427246094,132.23928833007812,538300
2023-04-10,134.6699981689453,135.44000244140625,132.77999877929688,133.19000244140625,129.48794555664062,876000
2023-04-11,133.1999969482422,134.08999633789062,132.9499969482422,133.9600067138672,130.236572265625,630300
2023-04-12,134.75999450683594,135.32000732421875,134.07000732421875,134.52000427246094,130.78099060058594,554400
2023-04-13,134.9199981689453,135.58999633789062,134.0500030517578,135.1699981689453,131.41293334960938,680300
2023-04-14,134.32000732421875,137.1300048828125,133.3300018310547,136.75999450683594,132.958740234375,594500
2023-04-17,135.47999572753906,137.64999389648438,135.13999938964844,137.5500030517578,133.72677612304688,398900
2023-04-18,136.50999450683594,138.52999877929688,136.42999267578125,137.1999969482422,133.38648986816406,465700
2023-04-19,135.47000122070312,138.47000122070312,135.47000122070312,137.97999572753906,134.14480590820312,489700
2023-04-20,138.25,139.0800018310547,136.9499969482422,138.72000122070312,134.8642578125,570500
2023-04-21,138.89999389648438,139.50999450683594,137.7100067138672,139.50999450683594,135.63230895996094,355100
2023-04-24,138.4600067138672,140.10000610351562,138.4600067138672,139.72000122070312,135.8364715576172,595300
2023-04-25,140.14999389648438,140.55999755859375,138.4600067138672,139.10000610351562,135.2337188720703,582900
2023-04-26,138.5500030517578,139.5800018310547,137.05999755859375,137.66000366210938,133.833740234375,679200
2023-04-27,137.25999450683594,138.27000427246094,136.77999877929688,138.1999969482422,134.35870361328125,388400
2023-04-28,138.27000427246094,140.14999389648438,138.1199951171875,139.6999969482422,135.81703186035156,553300
2023-05-01,139.97999572753906,140.07000732421875,138.00999450683594,138.32000732421875,134.47540283203125,670500
2023-05-02,138.61000061035156,138.8699951171875,137.08999633789062,138.72999572753906,134.87399291992188,778900
2023-05-03,138.72999572753906,139.3300018310547,137.5500030517578,138.30999755859375,134.4656524658203,557700
2023-05-04,138.11000061035156,139.52999877929688,136.97999572753906,137.07000732421875,133.26011657714844,836400
2023-05-05,137.2899932861328,138.97000122070312,133.39999389648438,136.5800018310547,132.78372192382812,962900
2023-05-08,136.89999389648438,137.19000244140625,135.1999969482422,136.47000122070312,132.6768035888672,673600
2023-05-09,136.55999755859375,136.92999267578125,135.2100067138672,136.05999755859375,132.2781982421875,734100
2023-05-10,136.80999755859375,138.8300018310547,136.2899932861328,138.4499969482422,134.60174560546875,803800
2023-05-11,138.4499969482422,139.9499969482422,138.4499969482422,139.0399932861328,135.17535400390625,836700
2023-05-12,139.50999450683594,140.82000732421875,138.25999450683594,138.77999877929688,134.92257690429688,772000
2023-05-15,139.83999633789062,139.83999633789062,138.17999267578125,139.02000427246094,135.15591430664062,536400
2023-05-16,139.5399932861328,139.5399932861328,137.97999572753906,138.02999877929688,134.1934356689453,526900
2023-05-17,138.13999938964844,138.88999938964844,136.4600067138672,136.57000732421875,132.77401733398438,619500
2023-05-18,138.19000244140625,138.19000244140625,136.22000122070312,137.25,133.43511962890625,425900
2023-05-19,137.0399932861328,138.97000122070312,136.8699951171875,138.97000122070312,135.1072998046875,700300
2023-05-22,138.4199981689453,139.91000366210938,138.25999450683594,139.27999877929688,135.40869140625,366600
2023-05-23,138.2899932861328,138.75999450683594,135.4499969482422,135.5500030517578,131.78236389160156,625900
2023-05-24,134.36000061035156,136.60000610351562,134.32000732421875,135.52999877929688,131.76292419433594,379300
2023-05-25,135.05999755859375,135.05999755859375,133.38999938964844,133.85000610351562,130.129638671875,574700
2023-05-26,133.47000122070312,134.75999450683594,133.39999389648438,133.77000427246094,130.0518341064453,398100
2023-05-30,132.27000427246094,133.67999267578125,131.22999572753906,132.30999755859375,129.11502075195312,653000
2023-05-31,131.36000061035156,133.5,131.36000061035156,132.4199981689453,129.22238159179688,1241500
2023-06-01,133.0,133.60000610351562,131.94000244140625,133.60000610351562,130.37388610839844,803600
2023-06-02,133.97999572753906,136.38999938964844,133.74000549316406,135.17999267578125,131.9156951904297,753500
2023-06-05,133.97999572753906,135.83999633789062,133.97999572753906,135.05999755859375,131.79861450195312,629700
2023-06-06,135.5,135.85000610351562,131.3300018310547,131.72000122070312,128.53929138183594,847300
2023-06-07,131.25,133.7899932861328,130.9199981689453,133.02999877929688,129.81764221191406,896600
2023-06-08,134.1999969482422,135.63999938964844,132.9499969482422,135.63999938964844,132.36460876464844,686100
2023-06-09,135.52999877929688,138.66000366210938,135.07000732421875,138.42999267578125,135.08721923828125,886000
2023-06-12,138.89999389648438,139.0,134.69000244140625,135.47000122070312,132.19869995117188,860700
2023-06-13,136.3800048828125,136.99000549316406,135.16000366210938,135.77000427246094,132.49147033691406,697700
2023-06-14,135.0500030517578,138.80999755859375,134.97999572753906,138.80999755859375,135.45806884765625,622400
2023-06-15,138.11000061035156,139.13999938964844,137.30999755859375,138.0800018310547,134.74569702148438,641100
2023-06-16,139.25,139.25,136.0,137.36000061035156,134.04306030273438,1109500
2023-06-20,137.39999389648438,138.07000732421875,135.82000732421875,136.8800048828125,133.5746612548828,571900
2023-06-21,137.69000244140625,137.69000244140625,136.27000427246094,136.50999450683594,133.21359252929688,716200
2023-06-22,137.42999267578125,137.42999267578125,135.8699951171875,137.41000366210938,134.09185791015625,373100
2023-06-23,136.1999969482422,137.4499969482422,135.1699981689453,135.3300018310547,132.06210327148438,776800
2023-06-26,134.8800048828125,135.5,133.36000061035156,133.75,130.52023315429688,391500
2023-06-27,133.02000427246094,134.66000366210938,133.02000427246094,134.08999633789062,130.85205078125,385700
2023-06-28,133.14999389648438,135.1999969482422,133.13999938964844,134.52000427246094,131.2716522216797,398400
2023-06-29,135.35000610351562,136.25999450683594,134.41000366210938,135.75999450683594,132.48171997070312,353300
2023-06-30,137.13999938964844,138.4199981689453,136.5399932861328,138.00999450683594,134.67735290527344,526800
2023-07-03,138.6999969482422,138.6999969482422,137.1999969482422,137.39999389648438,134.08209228515625,213400
2023-07-05,138.27000427246094,138.27000427246094,136.11000061035156,138.07000732421875,134.7359161376953,468900
2023-07-06,138.27000427246094,138.99000549316406,136.3300018310547,136.89999389648438,133.59417724609375,407700
2023-07-07,136.14999389648438,137.94000244140625,135.77999877929688,135.83999633789062,132.5597686767578,343100
2023-07-10,135.02000427246094,136.8300018310547,135.02000427246094,136.0,132.71591186523438,291500
2023-07-11,136.6300048828125,138.7100067138672,135.8300018310547,137.60000610351562,134.2772979736328,482900
2023-07-12,138.8000030517578,138.8000030517578,135.72000122070312,136.4600067138672,133.16482543945312,589300
2023-07-13,137.0,140.6199951171875,137.0,140.47999572753906,137.08775329589844,885300
2023-07-14,140.07000732421875,142.66000366210938,139.35000610351562,141.6300048828125,138.20999145507812,764500
2023-07-17,141.6300048828125,142.5,141.02999877929688,141.02999877929688,137.62445068359375,559500
2023-07-18,140.63999938964844,141.3800048828125,139.69000244140625,140.19000244140625,136.8047332763672,547300
2023-07-19,141.3800048828125,141.4499969482422,138.57000732421875,140.19000244140625,136.8047332763672,492600
2023-07-20,139.63999938964844,142.27999877929688,139.30999755859375,142.22000122070312,138.78570556640625,532100
2023-07-21,142.6300048828125,143.5399932861328,141.6199951171875,143.49000549316406,140.02505493164062,418500
2023-07-24,142.57000732421875,143.50999450683594,142.0500030517578,142.30999755859375,138.87353515625,516200
2023-07-25,141.47000122070312,143.02000427246094,141.47000122070312,142.97999572753906,139.52735900878906,366300
2023-07-26,141.9199981689453,143.8300018310547,141.9199981689453,143.72000122070312,140.24949645996094,376100
2023-07-27,143.5,143.6999969482422,141.02999877929688,141.60000610351562,138.18067932128906,574900
2023-07-28,142.75,142.75,140.35000610351562,140.36000061035156,136.97064208984375,618000
2023-07-31,139.8699951171875,141.0800018310547,139.60000610351562,139.67999267578125,136.30702209472656,833300
2023-08-01,140.38999938964844,141.44000244140625,139.7899932861328,139.85000610351562,136.4729461669922,881700
2023-08-02,139.5800018310547,141.47999572753906,138.83999633789062,139.80999755859375,136.4339141845703,577900
2023-08-03,139.32000732421875,140.80999755859375,137.0,140.00999450683594,136.62908935546875,933400
2023-08-04,139.02000427246094,147.3699951171875,138.6999969482422,145.57000732421875,142.05479431152344,1316500
2023-08-07,144.6699981689453,147.8000030517578,144.6699981689453,146.2899932861328,142.75741577148438,738800
2023-08-08,144.9499969482422,147.57000732421875,144.89999389648438,145.9600067138672,142.4354248046875,639600
2023-08-09,147.0,148.27999877929688,145.77999877929688,146.17999267578125,142.6500701904297,496000
2023-08-10,147.33999633789062,148.75999450683594,146.82000732421875,148.36000061035156,144.7774658203125,686200
2023-08-11,147.30999755859375,150.7899932861328,147.30999755859375,150.25,146.62181091308594,1020400
2023-08-14,150.86000061035156,150.89999389648438,148.36000061035156,148.52999877929688,144.943359375,758900
2023-08-15,148.60000610351562,149.6999969482422,148.14999389648438,149.33999633789062,145.73377990722656,558500
2023-08-16,148.82000732421875,150.17999267578125,148.82000732421875,149.99000549316406,146.36810302734375,469700
2023-08-17,148.4199981689453,151.14999389648438,148.4199981689453,149.77999877929688,146.16314697265625,732100
2023-08-18,150.49000549316406,151.13999938964844,149.63999938964844,150.1199951171875,146.49496459960938,815700
2023-08-21,151.02000427246094,151.2100067138672,149.8699951171875,150.58999633789062,146.95359802246094,607400
2023-08-22,150.19000244140625,150.58999633789062,149.0500030517578,149.7899932861328,146.1729278564453,524900
2023-08-23,149.5399932861328,152.3699951171875,149.5399932861328,150.1199951171875,146.49496459960938,596400
2023-08-24,150.57000732421875,151.47999572753906,148.44000244140625,148.8699951171875,145.27513122558594,392300
2023-08-25,148.42999267578125,151.8000030517578,148.0,151.22999572753906,147.57814025878906,839600
2023-08-28,150.6199951171875,151.77999877929688,150.39999389648438,151.67999267578125,148.0172576904297,396700
2023-08-29,151.7100067138672,152.11000061035156,150.1199951171875,150.27000427246094,146.64134216308594,431400
2023-08-30,149.36000061035156,150.7899932861328,149.16000366210938,149.88999938964844,146.80783081054688,638600
2023-08-31,149.55999755859375,150.5399932861328,149.02999877929688,149.7100067138672,146.6315460205078,457800
2023-09-01,149.0800018310547,150.8300018310547,149.0800018310547,150.36000061035156,147.26815795898438,425000
2023-09-05,149.25999450683594,150.50999450683594,148.8800048828125,149.0,145.93612670898438,346000
2023-09-06,148.61000061035156,151.16000366210938,148.52999877929688,149.97999572753906,146.89598083496094,614900
2023-09-07,150.89999389648438,153.8000030517578,150.44000244140625,153.55999755859375,150.40237426757812,847100
2023-09-08,154.39999389648438,154.88999938964844,153.05999755859375,153.05999755859375,149.9126434326172,441000
2023-09-11,152.83999633789062,154.6199951171875,152.52999877929688,154.6199951171875,151.4405517578125,379600
2023-09-12,154.3300018310547,154.80999755859375,152.8000030517578,153.16000366210938,150.01060485839844,446000
2023-09-13,152.33999633789062,153.08999633789062,150.8699951171875,151.6199951171875,148.50225830078125,853700
2023-09-14,150.9499969482422,151.61000061035156,149.25,150.63999938964844,147.54241943359375,730100
2023-09-15,149.75,151.05999755859375,148.13999938964844,149.25999450683594,146.19078063964844,1309700
2023-09-18,150.8699951171875,151.97000122070312,150.33999633789062,151.6999969482422,148.58059692382812,481700
2023-09-19,151.6999969482422,158.7100067138672,151.6999969482422,155.8699951171875,152.6648712158203,1649600
2023-09-20,155.89999389648438,157.3800048828125,155.1199951171875,155.1300048828125,151.94009399414062,627500
2023-09-21,155.1300048828125,155.67999267578125,154.33999633789062,155.32000732421875,152.12620544433594,727100
2023-09-22,155.38999938964844,157.4199981689453,155.19000244140625,157.10000610351562,153.8695526123047,587000
2023-09-25,156.2100067138672,157.35000610351562,154.94000244140625,155.3699951171875,152.1751708984375,638900
2023-09-26,155.08999633789062,156.8800048828125,154.8000030517578,155.92999267578125,152.7236328125,793500
2023-09-27,155.63999938964844,155.9600067138672,154.63999938964844,154.77000427246094,151.58750915527344,521700
2023-09-28,155.33999633789062,156.72999572753906,155.0500030517578,156.39999389648438,153.18397521972656,394900
2023-09-29,155.82000732421875,157.94000244140625,155.22999572753906,156.2100067138672,152.99789428710938,662200
2023-10-02,155.41000366210938,156.8000030517578,154.22000122070312,156.8000030517578,153.57574462890625,538800
2023-10-03,155.2100067138672,157.69000244140625,155.1699981689453,157.24000549316406,154.0067138671875,554800
2023-10-04,156.92999267578125,160.17999267578125,156.75999450683594,159.9600067138672,156.6707763671875,1022700
2023-10-05,160.7899932861328,160.94000244140625,158.86000061035156,160.2100067138672,156.91563415527344,734800
2023-10-06,159.4499969482422,161.99000549316406,159.39999389648438,161.64999389648438,158.3260040283203,895000
2023-10-09,160.27000427246094,164.25,160.0,162.8699951171875,159.5209197998047,619700
2023-10-10,162.75,164.39999389648438,161.5500030517578,161.5500030517578,158.2280731201172,736200
2023-10-11,161.11000061035156,162.2100067138672,159.6699981689453,161.5800018310547,158.2574462890625,943900
2023-10-12,160.61000061035156,161.8000030517578,159.41000366210938,160.85000610351562,157.54246520996094,772500
2023-10-13,160.2100067138672,162.13999938964844,158.83999633789062,162.0800018310547,158.7471923828125,919700
2023-10-16,161.36000061035156,163.67999267578125,161.36000061035156,163.1999969482422,159.84414672851562,864500
2023-10-17,162.69000244140625,164.05999755859375,162.22999572753906,163.57000732421875,160.20654296875,625800
2023-10-18,164.17999267578125,165.8699951171875,163.02999877929688,163.6999969482422,160.33384704589844,749200
2023-10-19,164.86000061035156,164.86000061035156,162.16000366210938,162.72999572753906,159.38380432128906,643700
2023-10-20,162.60000610351562,163.99000549316406,160.92999267578125,161.97000122070312,158.63943481445312,699500
2023-10-23,161.3000030517578,161.8000030517578,160.47000122070312,161.22999572753906,157.91464233398438,706600
2023-10-24,161.25999450683594,163.1699981689453,161.25999450683594,162.27000427246094,158.93325805664062,732300
2023-10-25,161.92999267578125,163.77999877929688,161.16000366210938,162.4199981689453,159.0802001953125,762200
2023-10-26,162.22999572753906,165.3800048828125,162.22999572753906,163.88999938964844,160.5199432373047,677400
2023-10-27,164.39999389648438,164.8800048828125,161.25999450683594,161.25999450683594,157.94403076171875,821300
2023-10-30,162.05999755859375,163.75999450683594,162.02000427246094,163.5,160.1379852294922,714000
2023-10-31,163.9199981689453,165.02999877929688,163.0,163.88999938964844,160.5199432373047,765400
2023-11-01,164.72999572753906,166.77000427246094,164.5800018310547,165.67999267578125,162.27313232421875,755800
2023-11-02,165.86000061035156,167.2100067138672,162.6999969482422,162.8000030517578,159.45236206054688,1251300
2023-11-03,163.10000610351562,170.17999267578125,162.3800048828125,169.5,166.01461791992188,1450500
2023-11-06,171.05999755859375,174.99000549316406,170.05999755859375,174.0800018310547,170.5004425048828,1289500
2023-11-07,174.08999633789062,176.17999267578125,172.85000610351562,172.88999938964844,169.33489990234375,871500
2023-11-08,175.30999755859375,175.39999389648438,171.91000366210938,173.99000549316406,170.41226196289062,536900
2023-11-09,174.63999938964844,176.35000610351562,173.7899932861328,176.35000610351562,172.72373962402344,604900
2023-11-10,176.05999755859375,177.30999755859375,174.9499969482422,174.97000122070312,171.3721160888672,716500
2023-11-13,175.7899932861328,178.47999572753906,175.3000030517578,178.47999572753906,174.80992126464844,737700
2023-11-14,178.9600067138672,178.9600067138672,175.83999633789062,177.38999938964844,173.7423553466797,1497500
2023-11-15,177.38999938964844,178.24000549316406,176.57000732421875,176.97999572753906,173.3407745361328,1031500
2023-11-16,176.5399932861328,177.7899932861328,176.27999877929688,177.7899932861328,174.13414001464844,817300
2023-11-17,177.2899932861328,177.7899932861328,176.3000030517578,176.66000366210938,173.02737426757812,1136500
2023-11-20,176.16000366210938,177.41000366210938,175.91000366210938,176.8000030517578,173.16448974609375,769200
2023-11-21,177.3800048828125,179.9600067138672,176.9499969482422,176.9499969482422,173.31141662597656,727500
2023-11-22,179.27000427246094,180.22999572753906,177.19000244140625,180.05999755859375,176.35745239257812,591700
2023-11-24,179.69000244140625,180.4199981689453,179.3000030517578,180.05999755859375,176.35745239257812,210500
2023-11-27,180.3000030517578,180.8300018310547,179.72000122070312,180.39999389648438,176.69046020507812,638000
2023-11-28,181.1199951171875,182.3300018310547,179.57000732421875,180.88999938964844,177.17041015625,1075100
2023-11-29,180.8800048828125,180.8800048828125,178.5399932861328,179.5,176.3451385498047,797800
2023-11-30,180.0,182.19000244140625,179.83999633789062,182.19000244140625,178.98785400390625,1632300
2023-12-01,182.22999572753906,183.74000549316406,180.25999450683594,180.25999450683594,177.09176635742188,1393000
2023-12-04,180.72000122070312,181.82000732421875,180.0,181.77999877929688,178.58506774902344,1087100
2023-12-05,181.61000061035156,182.19000244140625,180.11000061035156,181.9600067138672,178.7619171142578,695200
2023-12-06,182.3300018310547,182.3300018310547,175.39999389648438,177.75999450683594,174.63572692871094,1171200
2023-12-07,177.55999755859375,178.22999572753906,175.13999938964844,177.25999450683594,174.14451599121094,1002600
2023-12-08,176.7899932861328,179.0800018310547,176.00999450683594,178.72000122070312,175.57884216308594,806100
2023-12-11,179.25999450683594,179.4499969482422,177.69000244140625,178.0,174.87152099609375,968500
2023-12-12,178.13999938964844,180.27999877929688,177.44000244140625,178.4199981689453,175.28414916992188,771300
2023-12-13,178.2100067138672,179.6699981689453,175.75,178.47000122070312,175.33323669433594,1155400
2023-12-14,178.9499969482422,178.9499969482422,168.3800048828125,172.27999877929688,169.2520294189453,1969900
2023-12-15,172.05999755859375,175.0399932861328,171.3000030517578,175.0399932861328,171.96353149414062,1325800
2023-12-18,175.0399932861328,176.49000549316406,173.19000244140625,174.99000549316406,171.91439819335938,656600
2023-12-19,175.8800048828125,176.99000549316406,174.67999267578125,176.99000549316406,173.87925720214844,602800
2023-12-20,176.1300048828125,177.13999938964844,173.52000427246094,174.10000610351562,171.0400390625,891200
2023-12-21,174.6300048828125,176.3000030517578,174.14999389648438,176.11000061035156,173.01470947265625,651500
2023-12-22,175.85000610351562,176.3699951171875,174.7899932861328,175.52999877929688,172.44491577148438,420200
2023-12-26,175.86000061035156,175.86000061035156,173.5,173.69000244140625,170.63726806640625,433300
2023-12-27,174.11000061035156,175.6300048828125,173.63999938964844,175.61000061035156,172.5235137939453,475600
2023-12-28,176.0399932861328,178.63999938964844,176.0399932861328,177.83999633789062,174.7143096923828,682600
2023-12-29,177.85000610351562,179.08999633789062,177.44000244140625,178.55999755859375,175.42164611816406,521900
2024-01-02,178.36000061035156,179.86000061035156,175.55999755859375,178.1999969482422,175.06797790527344,669000
2024-01-03,178.49000549316406,179.0399932861328,173.00999450683594,174.8800048828125,171.8063507080078,756800
2024-01-04,175.11000061035156,176.05999755859375,173.2899932861328,173.5500030517578,170.49972534179688,841600
2024-01-05,174.36000061035156,175.72999572753906,172.30999755859375,173.1300048828125,170.08712768554688,818700
2024-01-08,174.1199951171875,176.39999389648438,172.6999969482422,176.39999389648438,173.29962158203125,694800
2024-01-09,176.3699951171875,176.60000610351562,174.8800048828125,175.5,172.4154510498047,725500
2024-01-10,174.97999572753906,176.17999267578125,174.0399932861328,175.61000061035156,172.5235137939453,543200
2024-01-11,175.8300018310547,178.25,175.8300018310547,177.8000030517578,174.67503356933594,729000
2024-01-12,177.94000244140625,180.8699951171875,177.14999389648438,180.67999267578125,177.50439453125,639000
2024-01-16,181.05999755859375,184.47999572753906,181.0,183.67999267578125,180.45166015625,1099600
2024-01-17,184.0,188.35000610351562,183.5399932861328,187.1300048828125,183.84104919433594,1099100
2024-01-18,187.39999389648438,187.60000610351562,184.67999267578125,186.92999267578125,183.64454650878906,762900
2024-01-19,186.6699981689453,187.5500030517578,185.3800048828125,185.3800048828125,182.12179565429688,495600
2024-01-22,186.0,187.1699981689453,184.74000549316406,185.86000061035156,182.59336853027344,596400
2024-01-23,186.14999389648438,188.9499969482422,184.39999389648438,188.8699951171875,185.5504608154297,927500
2024-01-24,189.41000366210938,190.16000366210938,188.50999450683594,188.8000030517578,185.481689453125,620600
2024-01-25,188.89999389648438,189.72000122070312,187.22000122070312,188.69000244140625,185.37362670898438,672500
2024-01-26,188.11000061035156,188.8800048828125,186.3699951171875,186.42999267578125,183.15335083007812,549200
2024-01-29,185.50999450683594,186.22999572753906,182.57000732421875,183.5,180.27484130859375,953700
2024-01-30,184.41000366210938,185.3300018310547,181.6699981689453,183.25999450683594,180.0390625,777300
2024-01-31,183.77999877929688,185.97999572753906,183.4600067138672,183.85000610351562,180.6186981201172,968200
2024-02-01,183.85000610351562,185.1699981689453,181.05999755859375,184.72999572753906,181.48321533203125,1217400
2024-02-02,180.97000122070312,187.02000427246094,180.8000030517578,182.77999877929688,179.56748962402344,1178100
2024-02-05,180.32000732421875,182.8300018310547,180.0800018310547,181.75,178.5556182861328,802000
2024-02-06,182.97999572753906,182.97999572753906,178.52000427246094,180.41000366210938,177.23916625976562,510000
2024-02-07,182.35000610351562,185.83999633789062,182.10000610351562,184.4600067138672,181.21800231933594,743100
2024-02-08,186.17999267578125,186.27000427246094,183.5800018310547,184.16000366210938,180.92324829101562,547300
2024-02-09,183.8800048828125,185.9199981689453,182.72000122070312,183.5,180.27484130859375,577100
2024-02-12,184.19000244140625,184.6300048828125,182.1699981689453,184.44000244140625,181.19833374023438,522100
2024-02-13,185.64999389648438,187.0,183.52000427246094,185.1999969482422,181.94497680664062,578100
2024-02-14,186.74000549316406,187.0399932861328,183.67999267578125,184.75999450683594,181.5126953125,591600
2024-02-15,185.44000244140625,186.05999755859375,184.2899932861328,186.05999755859375,182.7898406982422,491400
2024-02-16,186.6999969482422,187.97999572753906,186.22000122070312,186.69000244140625,183.40878295898438,434800
2024-02-20,186.9600067138672,192.16000366210938,186.74000549316406,191.72000122070312,188.3503875732422,1393500
2024-02-21,192.61000061035156,195.67999267578125,189.39999389648438,189.91000366210938,186.5721893310547,1039600
2024-02-22,195.66000366210938,196.8300018310547,191.52000427246094,195.52000427246094,192.08358764648438,1682000
2024-02-23,196.8000030517578,197.8800048828125,196.33999633789062,197.14999389648438,193.68492126464844,1121800
2024-02-26,197.97999572753906,199.0,196.42999267578125,196.57000732421875,193.11512756347656,639000
2024-02-27,197.5,197.66000366210938,193.22999572753906,194.86000061035156,191.4351806640625,723000
2024-02-28,195.50999450683594,195.9600067138672,193.9499969482422,195.77999877929688,192.8834228515625,529100
2024-02-29,194.39999389648438,194.6300048828125,190.4600067138672,192.0,189.15936279296875,1183000
2024-03-01,192.3300018310547,192.6999969482422,186.89999389648438,187.02000427246094,184.25303649902344,1026300
2024-03-04,187.35000610351562,191.33999633789062,186.27000427246094,189.36000061035156,186.5583953857422,1521400
2024-03-05,189.13999938964844,190.5,185.22999572753906,190.25,187.43524169921875,914100
2024-03-06,189.8300018310547,190.8300018310547,186.8699951171875,187.6199951171875,184.84413146972656,718000
2024-03-07,188.50999450683594,189.5,182.3699951171875,183.80999755859375,181.09051513671875,1512900
2024-03-08,183.6300048828125,186.97000122070312,182.25999450683594,186.69000244140625,183.92791748046875,859900
2024-03-11,185.82000732421875,187.47000122070312,183.35000610351562,183.8300018310547,181.1102294921875,789700
2024-03-12,184.64999389648438,184.74000549316406,181.50999450683594,181.6999969482422,179.01174926757812,980400
2024-03-13,182.94000244140625,185.6199951171875,182.0500030517578,183.5,180.7851104736328,925500
2024-03-14,183.66000366210938,183.72999572753906,180.41000366210938,181.1300048828125,178.45018005371094,862400
2024-03-15,179.00999450683594,183.91000366210938,178.75,183.52000427246094,180.80482482910156,1391800
2024-03-18,184.0,185.58999633789062,183.0399932861328,183.6999969482422,180.98214721679688,626600
2024-03-19,183.1199951171875,184.57000732421875,182.6699981689453,183.52999877929688,180.81466674804688,818000
2024-03-20,183.52000427246094,183.52999877929688,181.22999572753906,183.1999969482422,180.4895477294922,730400
2024-03-21,181.32000732421875,184.25,181.32000732421875,184.1999969482422,181.47474670410156,866500
2024-03-22,183.61000061035156,183.61000061035156,180.4499969482422,180.9199981689453,178.24327087402344,741800
2024-03-25,181.47999572753906,182.0,179.30999755859375,179.60000610351562,176.9427947998047,692200
2024-03-26,179.5,180.39999389648438,177.77000427246094,178.11000061035156,175.474853515625,895600
2024-03-27,178.5,180.1699981689453,178.2100067138672,180.1699981689453,177.50437927246094,629300
2024-03-28,180.13999938964844,183.72999572753906,179.94000244140625,183.72999572753906,181.01170349121094,1015800
2024-04-01,183.0500030517578,183.99000549316406,180.8800048828125,181.8699951171875,179.17922973632812,516900
2024-04-02,181.07000732421875,183.11000061035156,181.07000732421875,182.64999389648438,179.94769287109375,583100
2024-04-03,182.50999450683594,183.3000030517578,178.8300018310547,178.8300018310547,176.1842041015625,739700
2024-04-04,180.1999969482422,184.42999267578125,179.60000610351562,181.57000732421875,178.8836669921875,946100
2024-04-05,182.07000732421875,183.07000732421875,179.60000610351562,180.92999267578125,178.25311279296875,713500
2024-04-08,180.99000549316406,183.52999877929688,180.86000061035156,182.3699951171875,179.6718292236328,711400
2024-04-09,182.1199951171875,182.47000122070312,177.10000610351562,179.1300048828125,176.47976684570312,896900
2024-04-10,179.4600067138672,181.3000030517578,179.0800018310547,180.0,177.33689880371094,777500
2024-04-11,180.14999389648438,180.6699981689453,175.6300048828125,177.5,174.8738555908203,900300
2024-04-12,177.05999755859375,179.58999633789062,176.58999633789062,178.50999450683594,175.86895751953125,1083600
2024-04-15,180.0399932861328,180.52000427246094,177.27000427246094,177.3699951171875,174.7458038330078,752300
2024-04-16,177.6300048828125,179.5500030517578,176.47000122070312,176.7100067138672,174.09559631347656,661800
2024-04-17,176.72999572753906,177.82000732421875,175.0,176.9600067138672,174.3418731689453,585200
2024-04-18,176.7100067138672,178.0500030517578,175.39999389648438,177.50999450683594,174.8837127685547,692400
2024-04-19,178.27000427246094,181.02999877929688,178.1199951171875,180.85000610351562,178.17431640625,882400
2024-04-22,180.82000732421875,182.30999755859375,179.10000610351562,179.99000549316406,177.32704162597656,585600
2024-04-23,180.32000732421875,180.74000549316406,177.82000732421875,178.82000732421875,176.17433166503906,641200
2024-04-24,177.60000610351562,180.3000030517578,177.10000610351562,179.38999938964844,176.7359161376953,579200
2024-04-25,179.8300018310547,182.39999389648438,178.60000610351562,181.69000244140625,179.00189208984375,712900
2024-04-26,181.39999389648438,181.55999755859375,178.39999389648438,178.39999389648438,175.76055908203125,515000
2024-04-29,179.89999389648438,181.77000427246094,178.4600067138672,180.39999389648438,177.73097229003906,597100
2024-04-30,179.80999755859375,181.4199981689453,178.91000366210938,181.14999389648438,178.46986389160156,596200
2024-05-01,180.9600067138672,181.39999389648438,178.72000122070312,179.89999389648438,177.23837280273438,535400
2024-05-02,181.44000244140625,181.44000244140625,174.1199951171875,174.1199951171875,171.54388427734375,1354400
2024-05-03,176.50999450683594,180.0800018310547,175.00999450683594,179.6699981689453,177.0117645263672,961100
2024-05-06,179.66000366210938,183.67999267578125,179.66000366210938,182.8699951171875,180.1644287109375,979800
2024-05-07,182.6699981689453,185.22000122070312,181.75999450683594,184.25,181.5240020751953,914400
2024-05-08,184.25999450683594,186.1699981689453,183.2899932861328,185.5,182.75550842285156,721000
2024-05-09,185.05999755859375,185.75,181.75,182.9199981689453,180.21368408203125,863500
2024-05-10,183.9199981689453,184.02000427246094,179.97999572753906,181.05999755859375,178.3812255859375,587100
2024-05-13,181.50999450683594,183.5,180.4499969482422,182.14999389648438,179.45506286621094,617000
2024-05-14,182.22999572753906,183.75999450683594,179.16000366210938,180.61000061035156,177.9378662109375,677400
2024-05-15,180.7899932861328,180.97000122070312,177.57000732421875,177.7899932861328,175.15957641601562,681700
2024-05-16,178.25,182.3300018310547,177.57000732421875,181.60000610351562,178.91323852539062,728700
2024-05-17,183.1199951171875,183.50999450683594,180.8800048828125,183.50999450683594,180.7949676513672,553500
2024-05-20,182.2100067138672,183.35000610351562,180.42999267578125,182.6999969482422,179.9969482421875,448200
2024-05-21,183.91000366210938,185.3000030517578,182.9499969482422,183.74000549316406,181.0215606689453,632600
2024-05-22,183.67999267578125,185.02000427246094,183.0,184.0,181.2777099609375,423100
2024-05-23,183.5500030517578,184.02000427246094,180.22000122070312,180.41000366210938,177.74082946777344,620300
2024-05-24,180.6300048828125,182.99000549316406,180.41000366210938,182.5800018310547,179.87872314453125,383700
2024-05-28,182.16000366210938,183.22000122070312,178.5,178.85000610351562,176.20391845703125,635700
2024-05-29,178.2100067138672,178.47999572753906,175.72000122070312,176.60000610351562,173.98719787597656,533700
2024-05-30,177.47999572753906,177.47999572753906,174.72000122070312,174.72000122070312,172.135009765625,520900
2024-05-31,175.8800048828125,175.88999938964844,172.97000122070312,172.99000549316406,170.9687957763672,1766200
2024-06-03,173.60000610351562,175.2899932861328,173.25,174.99000549316406,172.94541931152344,775200
2024-06-04,173.9600067138672,176.5500030517578,173.19000244140625,175.72000122070312,173.66690063476562,532100
2024-06-05,175.4600067138672,176.27000427246094,173.00999450683594,174.6999969482422,172.65882873535156,615900
2024-06-06,173.9499969482422,174.72000122070312,171.44000244140625,174.0,171.9669952392578,1096900
2024-06-07,174.02999877929688,175.3800048828125,171.89999389648438,172.67999267578125,170.66241455078125,715000
2024-06-10,172.89999389648438,173.58999633789062,171.0,171.57000732421875,169.5653839111328,636600
2024-06-11,172.0,173.94000244140625,170.72000122070312,173.4600067138672,171.4333038330078,746900
2024-06-12,174.08999633789062,174.77999877929688,168.35000610351562,169.39999389648438,167.4207305908203,1069800
2024-06-13,169.6199951171875,170.1699981689453,167.0800018310547,168.7100067138672,166.7388153076172,688400
2024-06-14,168.3300018310547,168.75,167.41000366210938,167.60000610351562,165.64178466796875,456500
2024-06-17,166.7100067138672,170.27000427246094,166.1300048828125,170.27000427246094,168.2805633544922,611200
2024-06-18,169.7899932861328,170.49000549316406,168.3800048828125,169.39999389648438,167.4207305908203,965700
2024-06-20,169.4600067138672,172.33999633789062,169.27000427246094,172.33999633789062,170.32638549804688,587800
2024-06-21,171.5800018310547,176.61000061035156,169.52999877929688,175.91000366210938,173.8546905517578,1437400
2024-06-24,174.42999267578125,175.1999969482422,171.0800018310547,171.3300018310547,169.3282012939453,746200
2024-06-25,171.8800048828125,172.07000732421875,168.3000030517578,168.94000244140625,166.9661102294922,767600
2024-06-26,169.52999877929688,170.0,167.82000732421875,170.0,168.01373291015625,988100
2024-06-27,170.0800018310547,170.94000244140625,169.39999389648438,170.27000427246094,168.2805633544922,606100
2024-06-28,170.42999267578125,172.3699951171875,168.66000366210938,170.05999755859375,168.07302856445312,1638000
2024-07-01,172.0399932861328,172.1699981689453,170.4499969482422,171.9199981689453,169.9113006591797,547200
2024-07-02,172.10000610351562,172.8699951171875,170.52000427246094,171.38999938964844,169.38748168945312,532100
2024-07-03,171.8000030517578,171.8000030517578,169.3000030517578,170.9199981689453,168.9229736328125,302500
2024-07-05,171.60000610351562,171.60000610351562,168.1699981689453,169.6699981689453,167.68760681152344,569800
2024-07-08,169.91000366210938,170.11000061035156,168.2899932861328,168.8000030517578,166.82774353027344,554400
2024-07-09,169.30999755859375,170.22000122070312,166.8800048828125,168.57000732421875,166.60044860839844,540800
2024-07-10,168.5399932861328,169.86000061035156,167.61000061035156,169.3300018310547,167.3515625,514000
2024-07-11,169.22999572753906,171.0,168.16000366210938,169.77000427246094,167.78643798828125,666600
2024-07-12,170.5500030517578,171.27000427246094,169.08999633789062,169.5,167.51959228515625,755300
2024-07-15,171.25999450683594,173.52999877929688,169.97000122070312,172.52000427246094,170.50430297851562,696800
2024-07-16,171.88999938964844,175.17999267578125,171.88999938964844,172.85000610351562,170.83042907714844,722600
2024-07-17,173.14999389648438,180.47000122070312,173.0,180.25,178.1439666748047,1129600
2024-07-18,179.8000030517578,184.69000244140625,179.8000030517578,183.94000244140625,181.79087829589844,873900
2024-07-19,185.08999633789062,185.57000732421875,183.55999755859375,184.6300048828125,182.47280883789062,865500
2024-07-22,184.99000549316406,187.02000427246094,184.0,186.0,183.8267822265625,694200
2024-07-23,186.50999450683594,187.27000427246094,183.00999450683594,183.22000122070312,181.0792694091797,827600
2024-07-24,183.60000610351562,186.77000427246094,182.02000427246094,185.1699981689453,183.00648498535156,812500
2024-07-25,184.25999450683594,189.1300048828125,183.58999633789062,187.0500030517578,184.8645477294922,927800
2024-07-26,187.8000030517578,188.75,185.74000549316406,186.4600067138672,184.2814178466797,549900
2024-07-29,186.0399932861328,187.00999450683594,184.69000244140625,185.5800018310547,183.4116973876953,507400
2024-07-30,185.35000610351562,187.6199951171875,185.00999450683594,187.0500030517578,184.8645477294922,592300
2024-07-31,186.89999389648438,186.89999389648438,182.33999633789062,183.50999450683594,181.3658905029297,835900
2024-08-01,183.74000549316406,186.50999450683594,181.32000732421875,185.75,183.57972717285156,1181000
2024-08-02,186.10000610351562,195.0,186.10000610351562,193.7899932861328,191.52578735351562,1435500
2024-08-05,193.94000244140625,202.6699981689453,192.32000732421875,196.27000427246094,193.97679138183594,1792400
2024-08-06,196.00999450683594,199.05999755859375,195.27999877929688,197.25,194.9453582763672,1589700
2024-08-07,196.3800048828125,203.3699951171875,194.0,202.24000549316406,199.87704467773438,2317000
2024-08-08,202.4199981689453,205.9600067138672,201.5500030517578,204.17999267578125,201.79437255859375,1651800
2024-08-09,204.1699981689453,204.47000122070312,200.82000732421875,200.82000732421875,198.4736328125,801800
2024-08-12,201.5399932861328,204.1699981689453,200.47000122070312,203.6199951171875,201.24090576171875,496400
2024-08-13,203.5500030517578,203.85000610351562,199.14999389648438,202.27999877929688,199.9165802001953,1023600
2024-08-14,201.0399932861328,206.42999267578125,200.30999755859375,205.99000549316406,203.583251953125,1014800
2024-08-15,206.75999450683594,206.75999450683594,200.5399932861328,200.97999572753906,198.6317596435547,1087400
2024-08-16,201.00999450683594,204.5,201.00999450683594,202.94000244140625,200.56884765625,689300
2024-08-19,204.02999877929688,205.1699981689453,202.97999572753906,204.58999633789062,202.19956970214844,483000
2024-08-20,203.92999267578125,206.42999267578125,203.50999450683594,206.02000427246094,203.61288452148438,634000
2024-08-21,205.5399932861328,207.1699981689453,204.99000549316406,206.92999267578125,204.51222229003906,662400
2024-08-22,206.39999389648438,210.89999389648438,206.0800018310547,209.7899932861328,207.3388214111328,643800
2024-08-23,210.1999969482422,210.57000732421875,206.58999633789062,209.6199951171875,207.17080688476562,889700
2024-08-26,210.0,214.27000427246094,210.0,213.1300048828125,210.63980102539062,827500
2024-08-27,213.14999389648438,216.13999938964844,211.0500030517578,211.35000610351562,208.880615234375,1016300
2024-08-28,210.66000366210938,211.72999572753906,208.2100067138672,209.02000427246094,206.57785034179688,745300
2024-08-29,209.22999572753906,210.57000732421875,206.05999755859375,207.08999633789062,204.6703643798828,671600
2024-08-30,206.6699981689453,209.08999633789062,204.39999389648438,205.39999389648438,203.61956787109375,1001800
2024-09-03,204.88999938964844,212.83999633789062,203.7100067138672,212.83999633789062,210.9950714111328,1094400
2024-09-04,213.3300018310547,213.80999755859375,208.5800018310547,210.42999267578125,208.60595703125,613300
2024-09-05,210.50999450683594,211.3800048828125,207.86000061035156,210.6199951171875,208.7943115234375,561600
2024-09-06,210.02999877929688,212.24000549316406,209.6300048828125,211.14999389648438,209.31971740722656,752800
2024-09-09,210.9199981689453,215.5399932861328,210.5500030517578,211.33999633789062,209.50808715820312,752100
2024-09-10,211.6300048828125,212.3300018310547,209.61000061035156,211.80999755859375,209.97401428222656,622900
2024-09-11,211.2899932861328,211.86000061035156,207.57000732421875,211.74000549316406,209.9046173095703,677500
2024-09-12,211.49000549316406,211.85000610351562,209.27000427246094,209.72000122070312,207.90213012695312,509000
2024-09-13,211.36000061035156,212.2100067138672,209.4199981689453,209.58999633789062,207.7732391357422,368300
2024-09-16,209.88999938964844,213.47000122070312,209.88999938964844,212.61000061035156,210.76707458496094,470100
2024-09-17,212.99000549316406,215.22999572753906,211.27999877929688,213.64999389648438,211.79803466796875,461700
2024-09-18,213.64999389648438,213.72000122070312,208.16000366210938,210.66000366210938,208.833984375,597100
2024-09-19,209.89999389648438,210.74000549316406,205.5399932861328,206.94000244140625,205.14622497558594,877000
2024-09-20,207.41000366210938,208.97999572753906,206.74000549316406,208.2100067138672,206.40521240234375,1700100
2024-09-23,208.39999389648438,210.36000061035156,208.19000244140625,209.5800018310547,207.76332092285156,464000
2024-09-24,209.5800018310547,210.77999877929688,204.0,206.74000549316406,204.9479522705078,615700
2024-09-25,208.94000244140625,209.02999877929688,202.50999450683594,203.10000610351562,201.33950805664062,680200
2024-09-26,201.77999877929688,205.97000122070312,201.5,205.4499969482422,203.66912841796875,586800
2024-09-27,204.00999450683594,206.0,202.3699951171875,202.60000610351562,200.84384155273438,698600
2024-09-30,203.1300048828125,204.8699951171875,201.50999450683594,204.8699951171875,203.0941619873047,660400
2024-10-01,205.24000549316406,211.60000610351562,204.77999877929688,209.94000244140625,208.12020874023438,695900
2024-10-02,209.72999572753906,211.9600067138672,207.69000244140625,211.85000610351562,210.01365661621094,578200
2024-10-03,210.6699981689453,213.16000366210938,209.72999572753906,210.14999389648438,208.32838439941406,885600
2024-10-04,211.8800048828125,212.1199951171875,208.24000549316406,210.4199981689453,208.59605407714844,804100
2024-10-07,211.13999938964844,212.49000549316406,206.85000610351562,207.3800048828125,205.58241271972656,910500
2024-10-08,208.10000610351562,209.6999969482422,205.41000366210938,207.52000427246094,205.72119140625,1287100
2024-10-09,207.30999755859375,209.02000427246094,204.52999877929688,206.11000061035156,204.3234100341797,954700
2024-10-10,206.82000732421875,207.3300018310547,205.24000549316406,206.8000030517578,205.00743103027344,640500
2024-10-11,206.49000549316406,207.0,204.1999969482422,206.0,204.21437072753906,660300
2024-10-14,205.58999633789062,207.55999755859375,205.13999938964844,205.42999267578125,203.6492919921875,631600
2024-10-15,206.83999633789062,211.58999633789062,206.6300048828125,210.5,208.6753692626953,1636000
2024-10-16,210.52000427246094,213.0500030517578,208.8300018310547,210.6999969482422,208.87362670898438,800900
2024-10-17,210.50999450683594,211.24000549316406,209.08999633789062,209.5500030517578,207.7335968017578,564500
2024-10-18,210.5500030517578,211.2100067138672,208.35000610351562,209.27999877929688,207.4659423828125,702600
2024-10-21,209.27999877929688,212.6699981689453,209.16000366210938,212.4199981689453,210.57872009277344,596000
2024-10-22,212.7899932861328,214.3800048828125,211.4600067138672,213.77000427246094,211.91702270507812,882300
2024-10-23,212.7100067138672,215.0,210.64999389648438,213.5500030517578,211.69891357421875,860000
2024-10-24,213.99000549316406,216.77999877929688,213.60000610351562,214.99000549316406,213.12643432617188,534000
2024-10-25,215.0500030517578,216.9499969482422,211.6699981689453,212.82000732421875,210.9752655029297,552300
2024-10-28,211.83999633789062,213.30999755859375,210.92999267578125,212.94000244140625,211.09420776367188,546800
2024-10-29,213.35000610351562,215.33999633789062,212.00999450683594,212.2100067138672,210.37054443359375,660900
2024-10-30,213.5,213.5,209.5,209.6199951171875,207.802978515625,737800
2024-10-31,210.3300018310547,216.24000549316406,209.9499969482422,213.57000732421875,211.71875,2525500
2024-11-01,207.16000366210938,211.11000061035156,203.00999450683594,210.0,208.1796875,1295600
2024-11-04,208.5800018310547,210.36000061035156,206.75,209.60000610351562,207.7831573486328,791300
2024-11-05,210.13999938964844,215.27999877929688,209.4600067138672,212.16000366210938,210.3209686279297,1077700
2024-11-06,206.69000244140625,212.02999877929688,196.9199981689453,201.36000061035156,199.6145782470703,2375500
2024-11-07,202.9199981689453,203.9199981689453,199.25999450683594,199.75999450683594,198.02845764160156,947100
2024-11-08,198.75,199.55999755859375,196.72000122070312,196.86000061035156,195.15359497070312,1885800
2024-11-11,195.94000244140625,202.52999877929688,195.7100067138672,200.0500030517578,198.31594848632812,1289600
2024-11-12,199.8300018310547,200.22000122070312,197.5399932861328,199.47000122070312,197.740966796875,1003700
2024-11-13,198.41000366210938,201.44000244140625,195.55999755859375,196.8800048828125,195.1734161376953,928600
2024-11-14,198.00999450683594,201.69000244140625,197.30999755859375,198.42999267578125,196.70997619628906,741100
2024-11-15,198.86000061035156,201.27000427246094,197.52000427246094,200.7100067138672,198.97023010253906,1411500
2024-11-18,201.72000122070312,207.27999877929688,201.3000030517578,205.77000427246094,203.9863739013672,1681900
2024-11-19,205.9600067138672,207.74000549316406,204.0500030517578,204.97999572753906,203.2032012939453,910000
2024-11-20,205.88999938964844,209.4199981689453,204.99000549316406,208.5,206.6927032470703,735600
2024-11-21,210.17999267578125,211.2100067138672,208.5,210.97999572753906,209.15118408203125,845200
2024-11-22,210.4499969482422,213.36000061035156,209.75,213.25999450683594,211.41143798828125,674600
2024-11-25,212.22999572753906,214.27000427246094,211.22999572753906,214.1300048828125,212.27389526367188,2013100
2024-11-26,212.32000732421875,219.9600067138672,210.22999572753906,217.3000030517578,215.41641235351562,1509400
2024-11-27,219.9499969482422,221.66000366210938,216.63999938964844,217.83999633789062,215.9517364501953,1327300
2024-11-29,218.6699981689453,220.7100067138672,215.00999450683594,215.85000610351562,214.59962463378906,465700
2024-12-02,217.11000061035156,217.25999450683594,211.91000366210938,211.91000366210938,210.68243408203125,757500
2024-12-03,213.64999389648438,214.5,209.6300048828125,212.1199951171875,210.89120483398438,1009800
2024-12-04,211.1300048828125,215.17999267578125,209.42999267578125,212.05999755859375,210.83155822753906,1025700
2024-12-05,213.66000366210938,215.0,208.33999633789062,208.5500030517578,207.34190368652344,781100
2024-12-06,208.5500030517578,208.5500030517578,202.94000244140625,203.99000549316406,202.80831909179688,843600
2024-12-09,202.44000244140625,203.3699951171875,200.1699981689453,201.60000610351562,200.43215942382812,856600
2024-12-10,202.17999267578125,205.2899932861328,201.13999938964844,203.0,201.82403564453125,590100
2024-12-11,203.0500030517578,205.1199951171875,201.2100067138672,202.58999633789062,201.4164276123047,629800
2024-12-12,203.9600067138672,204.07000732421875,199.6199951171875,199.85000610351562,198.6923065185547,619700
2024-12-13,201.47999572753906,201.47999572753906,198.52000427246094,200.97999572753906,199.81573486328125,536600
2024-12-16,200.33999633789062,202.16000366210938,195.64999389648438,195.64999389648438,194.51661682128906,687200
2024-12-17,197.0,198.57000732421875,195.63999938964844,198.0800018310547,196.93255615234375,932800
2024-12-18,197.97999572753906,200.2100067138672,194.97000122070312,200.07000732421875,198.91102600097656,1172600
2024-12-19,199.19000244140625,200.35000610351562,193.8000030517578,193.8000030517578,192.67735290527344,1004200
2024-12-20,192.00999450683594,195.2899932861328,191.61000061035156,191.61000061035156,190.50003051757812,2172400
2024-12-23,193.4499969482422,194.3699951171875,191.1300048828125,193.10000610351562,191.98141479492188,893800
2024-12-24,193.08999633789062,195.1300048828125,191.5399932861328,194.41000366210938,193.2838134765625,278400
2024-12-26,193.77999877929688,196.83999633789062,193.77999877929688,196.5500030517578,195.4114227294922,636000
2024-12-27,195.8699951171875,197.60000610351562,195.38999938964844,197.22999572753906,196.0874786376953,476700
2024-12-30,197.1999969482422,197.7100067138672,194.32000732421875,195.92999267578125,194.7949981689453,648300
2024-12-31,196.39999389648438,196.6199951171875,194.52999877929688,195.39999389648438,194.26806640625,471700
2025-01-02,196.35000610351562,197.27000427246094,194.9499969482422,196.44000244140625,195.30206298828125,574500
2025-01-03,197.14999389648438,197.14999389648438,194.9199981689453,195.24000549316406,194.1090087890625,497000
2025-01-06,192.6199951171875,194.94000244140625,190.3800048828125,191.75999450683594,190.64915466308594,757200
2025-01-07,191.02000427246094,196.1199951171875,189.3699951171875,190.83999633789062,189.73448181152344,946600
2025-01-08,190.9199981689453,192.99000549316406,189.75999450683594,192.99000549316406,191.87203979492188,635400
2025-01-10,192.05999755859375,194.82000732421875,190.27000427246094,190.94000244140625,189.8339080810547,779900
2025-01-13,191.6300048828125,193.32000732421875,191.25,192.72000122070312,191.6035919189453,795000
2025-01-14,192.2899932861328,195.5500030517578,190.83999633789062,193.3699951171875,192.2498321533203,923300
2025-01-15,194.22000122070312,194.36000061035156,187.3000030517578,192.41000366210938,191.29541015625,1780100
2025-01-16,193.36000061035156,194.39999389648438,191.69000244140625,193.9199981689453,192.79664611816406,496200
2025-01-17,193.60000610351562,196.00999450683594,192.42999267578125,194.77999877929688,193.6516571044922,667700
2025-01-21,195.85000610351562,197.36000061035156,193.55999755859375,197.1699981689453,196.02781677246094,801300
2025-01-22,197.13999938964844,198.58999633789062,195.16000366210938,197.72999572753906,196.58457946777344,588500
2025-01-23,199.11000061035156,202.25,197.10000610351562,201.61000061035156,200.4420928955078,840600
2025-01-24,200.61000061035156,201.00999450683594,199.4199981689453,200.17999267578125,199.02037048339844,707800
2025-01-27,202.99000549316406,205.58999633789062,198.77000427246094,205.44000244140625,204.24990844726562,1034300
2025-01-28,205.94000244140625,206.57000732421875,203.10000610351562,203.6300048828125,202.4503936767578,597900
2025-01-29,202.00999450683594,204.47000122070312,201.8000030517578,204.02000427246094,202.83815002441406,487700
2025-01-30,203.75999450683594,207.1699981689453,203.75999450683594,205.91000366210938,204.71719360351562,438900
2025-01-31,205.97999572753906,206.88999938964844,204.30999755859375,204.3300018310547,203.14633178710938,632000
2025-02-03,204.91000366210938,210.80999755859375,204.44000244140625,209.5500030517578,208.3361053466797,765700
2025-02-04,208.6999969482422,211.32000732421875,208.08999633789062,209.19000244140625,207.9781951904297,700700
2025-02-05,209.49000549316406,210.8699951171875,207.4499969482422,208.27999877929688,207.07345581054688,756200
2025-02-06,209.69000244140625,211.16000366210938,206.77000427246094,207.0,205.80087280273438,916600
2025-02-07,206.5399932861328,212.77000427246094,205.64999389648438,211.1699981689453,209.94671630859375,922800
2025-02-10,213.0500030517578,216.8300018310547,209.61000061035156,209.7100067138672,208.4951934814453,854200
2025-02-11,208.8800048828125,209.19000244140625,201.0,208.0,206.7950897216797,1001400
2025-02-12,206.00999450683594,213.25999450683594,206.00999450683594,212.0399932861328,210.81167602539062,817800
2025-02-13,212.0,212.0,207.9499969482422,208.22999572753906,207.02374267578125,599900
2025-02-14,209.4499969482422,209.4499969482422,202.0,202.3300018310547,201.15792846679688,691300
2025-02-18,203.30999755859375,207.07000732421875,202.3300018310547,207.02000427246094,205.82077026367188,597700
2025-02-19,207.69000244140625,210.8800048828125,206.72000122070312,210.25,209.03204345703125,491600
2025-02-20,210.25,210.25,206.4499969482422,208.91000366210938,207.69981384277344,481200
2025-02-21,209.00999450683594,211.19000244140625,206.91000366210938,210.92999267578125,209.70809936523438,811900
2025-02-24,211.1199951171875,212.3699951171875,209.91000366210938,210.7899932861328,209.56890869140625,694300
2025-02-25,209.9600067138672,213.55999755859375,207.72999572753906,208.05999755859375,206.854736328125,895600
2025-02-26,207.5,209.5800018310547,205.0,205.30999755859375,204.12066650390625,1140200
2025-02-27,205.05999755859375,209.44000244140625,204.99000549316406,208.0,206.7950897216797,824800
2025-02-28,208.99000549316406,212.11000061035156,207.97000122070312,210.8000030517578,210.215576171875,922100
2025-03-03,211.6999969482422,215.4499969482422,210.52000427246094,214.9600067138672,214.3640594482422,834600
2025-03-04,216.02999877929688,217.75999450683594,210.8800048828125,211.32000732421875,210.73414611816406,963900
2025-03-05,210.82000732421875,214.5800018310547,210.82000732421875,212.3699951171875,211.78121948242188,746000
2025-03-06,212.61000061035156,215.64999389648438,211.13999938964844,213.0,212.40948486328125,1059600
2025-03-07,213.99000549316406,218.24000549316406,212.5500030517578,213.0,212.40948486328125,933800
2025-03-10,214.69000244140625,219.1999969482422,212.92999267578125,219.02000427246094,218.4127960205078,945200
2025-03-11,218.92999267578125,220.6300048828125,210.72999572753906,211.16000366210938,210.5745849609375,1244900
2025-03-12,211.3300018310547,211.3300018310547,203.0500030517578,208.5,207.9219512939453,1057200
2025-03-13,207.55999755859375,216.3000030517578,207.55999755859375,215.1300048828125,214.53358459472656,1060500
2025-03-14,212.0399932861328,215.39999389648438,212.0399932861328,213.9499969482422,213.35684204101562,658800
2025-03-17,214.2899932861328,218.8800048828125,213.9199981689453,215.88999938964844,215.29147338867188,741900
2025-03-18,217.8699951171875,219.8300018310547,214.80999755859375,219.66000366210938,219.051025390625,598900
2025-03-19,217.94000244140625,220.0,217.00999450683594,217.8000030517578,217.19618225097656,723300
2025-03-20,218.5800018310547,220.07000732421875,216.75,219.4199981689453,218.81167602539062,664400
2025-03-21,220.57000732421875,223.50999450683594,214.77000427246094,214.77000427246094,214.17457580566406,1526600
2025-03-24,214.8000030517578,217.08999633789062,212.6999969482422,212.9600067138672,212.36959838867188,1015700
2025-03-25,214.4499969482422,216.42999267578125,213.10000610351562,214.22000122070312,213.6260986328125,681200
2025-03-26,214.82000732421875,218.1199951171875,213.9199981689453,217.9499969482422,217.3457489013672,624700
2025-03-27,216.80999755859375,221.0,216.39999389648438,220.27000427246094,219.65933227539062,558100
2025-03-28,220.30999755859375,222.80999755859375,219.77999877929688,222.67999267578125,222.06263732910156,891300
2025-03-31,223.42999267578125,227.22000122070312,223.42999267578125,226.2899932861328,225.66262817382812,941800
2025-04-01,225.52000427246094,226.72999572753906,223.1999969482422,225.0399932861328,224.4160919189453,629100
2025-04-02,225.0800018310547,228.00999450683594,224.32000732421875,224.47999572753906,223.85765075683594,699900
2025-04-03,227.5500030517578,234.3699951171875,225.07000732421875,225.8000030517578,225.1739959716797,1335400
2025-04-04,227.0,230.35000610351562,213.9199981689453,215.08999633789062,214.49368286132812,1916000
2025-04-07,212.38999938964844,212.88999938964844,206.50999450683594,207.27000427246094,206.69537353515625,2093000
2025-04-08,210.3699951171875,213.4499969482422,207.44000244140625,208.1300048828125,207.55299377441406,1481000
2025-04-09,205.69000244140625,210.39999389648438,200.8800048828125,205.80999755859375,205.23941040039062,2131500
2025-04-10,204.4600067138672,213.1199951171875,202.5,210.02000427246094,209.437744140625,1514400
2025-04-11,207.97000122070312,217.1999969482422,207.97000122070312,215.08999633789062,214.49368286132812,1190600
2025-04-14,216.8699951171875,218.64999389648438,214.0800018310547,217.14999389648438,216.5479736328125,896400
2025-04-15,217.4600067138672,218.35000610351562,215.0800018310547,217.9499969482422,217.3457489013672,614300
2025-04-16,218.1300048828125,219.8300018310547,216.97999572753906,217.97000122070312,217.36570739746094,927500
2025-04-17,219.1300048828125,219.91000366210938,217.02999877929688,217.07000732421875,216.46820068359375,546200
2025-04-21,217.97000122070312,218.52999877929688,214.00999450683594,214.38999938964844,213.79562377929688,958000
2025-04-22,216.25999450683594,216.47000122070312,212.50999450683594,214.07000732421875,213.4765167236328,794700
2025-04-23,215.2899932861328,215.2899932861328,207.75,211.4199981689453,210.8338623046875,1313900
2025-04-24,210.82000732421875,213.38999938964844,209.24000549316406,212.67999267578125,212.09036254882812,778500
2025-04-25,211.1699981689453,213.86000061035156,210.0399932861328,213.58999633789062,212.9978485107422,640100
2025-04-28,212.75999450683594,214.75,211.91000366210938,212.19000244140625,211.6017303466797,637100
2025-04-29,212.82000732421875,217.1999969482422,211.19000244140625,217.0500030517578,216.44825744628906,651000
2025-04-30,217.60000610351562,222.58999633789062,216.1999969482422,221.8000030517578,221.18508911132812,1240300
2025-05-01,220.0,221.85000610351562,217.2899932861328,221.2100067138672,220.5967254638672,1088700
2025-05-02,218.94000244140625,229.4600067138672,214.0500030517578,226.38999938964844,225.76235961914062,1371100
2025-05-05,227.83999633789062,232.9499969482422,226.0,231.6699981689453,231.02772521972656,1248900
2025-05-06,231.7100067138672,234.27999877929688,229.44000244140625,233.32000732421875,232.67315673828125,844200
2025-05-07,233.9199981689453,236.0,232.10000610351562,234.22999572753906,233.5806121826172,1035700
2025-05-08,236.02000427246094,236.02000427246094,228.13999938964844,228.13999938964844,227.50750732421875,1197700
2025-05-09,229.33999633789062,231.92999267578125,226.9499969482422,231.7100067138672,231.06761169433594,741500
2025-05-12,229.47000122070312,229.50999450683594,215.64999389648438,221.1199951171875,220.5069580078125,1689700
2025-05-13,221.52999877929688,222.75999450683594,219.44000244140625,220.3800048828125,219.76902770996094,786800
2025-05-14,217.16000366210938,217.75,212.75,213.52999877929688,212.93800354003906,1671700
2025-05-15,213.92999267578125,219.25999450683594,213.8800048828125,219.13999938964844,218.53245544433594,881200
2025-05-16,219.4499969482422,222.1699981689453,217.86000061035156,220.9499969482422,220.33743286132812,1156100
2025-05-19,220.17999267578125,224.49000549316406,220.17999267578125,224.41000366210938,223.78785705566406,1182700
2025-05-20,223.1199951171875,226.19000244140625,222.89999389648438,226.05999755859375,225.4332733154297,855700
2025-05-21,225.10000610351562,228.8000030517578,224.41000366210938,228.22999572753906,227.59725952148438,930500
2025-05-22,228.2899932861328,229.22999572753906,225.50999450683594,228.4199981689453,227.78672790527344,701100
2025-05-23,226.5800018310547,232.08999633789062,226.5800018310547,231.5800018310547,230.93797302246094,637600
2025-05-27,230.17999267578125,231.9499969482422,228.52999877929688,231.25999450683594,230.6188507080078,655200
2025-05-28,231.9600067138672,232.6300048828125,225.44000244140625,225.99000549316406,225.3634796142578,895100
2025-05-29,225.74000549316406,227.69000244140625,224.0,227.24000549316406,226.61000061035156,572500
2025-05-30,229.05999755859375,230.6999969482422,227.82000732421875,229.1199951171875,229.1199951171875,1170100
2025-06-02,230.72999572753906,231.63999938964844,228.32000732421875,231.10000610351562,231.10000610351562,809500
2025-06-03,231.69000244140625,231.69000244140625,225.32000732421875,227.27999877929688,227.27999877929688,728400
2025-06-04,228.2899932861328,228.2899932861328,223.5,223.74000549316406,223.74000549316406,641500
2025-06-05,225.25999450683594,225.89999389648438,221.9199981689453,222.75,222.75,977700
2025-06-06,222.99000549316406,223.36000061035156,221.1699981689453,222.60000610351562,222.60000610351562,412600
2025-06-09,221.3699951171875,222.77000427246094,218.13999938964844,219.5500030517578,219.5500030517578,677100
2025-06-10,219.77999877929688,221.5500030517578,218.5800018310547,221.10000610351562,221.10000610351562,663700
2025-06-11,219.8699951171875,223.1199951171875,219.27000427246094,222.88999938964844,222.88999938964844,488400
2025-06-12,222.88999938964844,226.47999572753906,222.88999938964844,226.3000030517578,226.3000030517578,694200
2025-06-13,227.94000244140625,229.0,224.94000244140625,225.80999755859375,225.80999755859375,723400
2025-06-16,225.77000427246094,226.3000030517578,223.61000061035156,224.49000549316406,224.49000549316406,534500
2025-06-17,225.11000061035156,226.14999389648438,223.97000122070312,225.41000366210938,225.41000366210938,520000
2025-06-18,226.2100067138672,227.66000366210938,224.32000732421875,227.60000610351562,227.60000610351562,609100
2025-06-20,229.41000366210938,230.5,224.91000366210938,225.85000610351562,225.85000610351562,969000
2025-06-23,226.86000061035156,230.41000366210938,225.0,230.1199951171875,230.1199951171875,797400
2025-06-24,230.1199951171875,230.9199981689453,226.57000732421875,229.27000427246094,229.27000427246094,592000
2025-06-25,229.4499969482422,230.97999572753906,227.57000732421875,230.39999389648438,230.39999389648438,475400
2025-06-26,230.00999450683594,231.82000732421875,226.0399932861328,226.14999389648438,226.14999389648438,665700
2025-06-27,225.41000366210938,229.36000061035156,223.5399932861328,229.0,229.0,741200
2025-06-30,229.49000549316406,233.2100067138672,227.6199951171875,233.2100067138672,233.2100067138672,628800
2025-07-01,233.7100067138672,233.72000122070312,227.42999267578125,232.0,232.0,741300
2025-07-02,232.41000366210938,233.77000427246094,227.4600067138672,231.35000610351562,231.35000610351562,773300
2025-07-03,231.19000244140625,232.74000549316406,229.75,231.3699951171875,231.3699951171875,325300
2025-07-07,232.30999755859375,235.25999450683594,229.77000427246094,235.22000122070312,235.22000122070312,636200
2025-07-08,234.92999267578125,237.27000427246094,231.77999877929688,232.5399932861328,232.5399932861328,600000
2025-07-09,232.2100067138672,233.6999969482422,230.25999450683594,232.05999755859375,232.05999755859375,600100
2025-07-10,232.52000427246094,234.60000610351562,231.19000244140625,234.42999267578125,234.42999267578125,689600
2025-07-11,233.52999877929688,236.77999877929688,231.80999755859375,235.00999450683594,235.00999450683594,669300
2025-07-14,236.1199951171875,237.72000122070312,233.92999267578125,235.9600067138672,235.9600067138672,754100
2025-07-15,236.64999389648438,237.32000732421875,233.08999633789062,233.9499969482422,233.9499969482422,871900
2025-07-16,235.0,238.49000549316406,233.07000732421875,237.10000610351562,237.10000610351562,1084600
2025-07-17,237.8800048828125,239.25,236.16000366210938,237.83999633789062,237.83999633789062,704200
2025-07-18,237.63999938964844,239.6699981689453,235.86000061035156,238.6199951171875,238.6199951171875,2122900
2025-07-21,238.00999450683594,238.99000549316406,236.25999450683594,236.25999450683594,236.25999450683594,692100
2025-07-22,236.4199981689453,241.19000244140625,235.72999572753906,241.17999267578125,241.17999267578125,681400
2025-07-23,240.8699951171875,243.7100067138672,238.0,240.75,240.75,845800
2025-07-24,240.9600067138672,247.0500030517578,240.77999877929688,245.91000366210938,245.91000366210938,1251700
2025-07-25,246.77999877929688,248.7899932861328,245.75,246.50999450683594,246.50999450683594,782100
2025-07-28,247.72999572753906,247.72999572753906,240.85000610351562,241.5399932861328,241.5399932861328,928000
2025-07-29,241.0500030517578,243.99000549316406,238.0,239.75999450683594,239.75999450683594,2201800
2025-07-30,239.77999877929688,243.0399932861328,238.1999969482422,241.67999267578125,241.67999267578125,1064000
2025-07-31,241.6199951171875,242.67999267578125,240.52999877929688,241.0399932861328,241.0399932861328,938000
2025-08-01,241.4600067138672,249.6300048828125,241.14999389648438,247.7899932861328,247.7899932861328,1327700
2025-08-04,248.13999938964844,251.2100067138672,246.0,250.8699951171875,250.8699951171875,974500
2025-08-05,249.5,250.67999267578125,246.02000427246094,248.7899932861328,248.7899932861328,1291000
2025-08-06,248.36000061035156,248.8300018310547,244.0,248.10000610351562,248.10000610351562,603900
2025-08-07,248.11000061035156,250.8000030517578,245.16000366210938,249.5,249.5,701300
2025-08-08,248.08999633789062,252.9199981689453,248.08999633789062,252.5800018310547,252.5800018310547,886500
2025-08-11,251.9199981689453,255.27000427246094,251.2100067138672,253.24000549316406,253.24000549316406,791300
2025-08-12,254.5,254.5,246.6300048828125,248.52000427246094,248.52000427246094,816800
2025-08-13,246.3300018310547,248.4499969482422,245.19000244140625,245.42999267578125,245.42999267578125,772300
2025-08-14,245.5800018310547,247.5399932861328,243.49000549316406,243.7100067138672,243.7100067138672,662100
2025-08-15,243.72999572753906,248.19000244140625,243.50999450683594,247.6300048828125,247.6300048828125,740400
2025-08-18,246.91000366210938,249.3000030517578,245.7100067138672,245.9600067138672,245.9600067138672,822600
2025-08-19,244.39999389648438,247.02000427246094,243.92999267578125,246.1300048828125,246.1300048828125,767100
2025-08-20,246.9499969482422,251.99000549316406,246.5,251.92999267578125,251.92999267578125,1498800
2025-08-21,249.8300018310547,252.11000061035156,248.91000366210938,249.25,249.25,647300
2025-08-22,250.58999633789062,251.2899932861328,245.1699981689453,246.42999267578125,246.42999267578125,706200
2025-08-25,245.0,249.36000061035156,244.25999450683594,249.0800018310547,249.0800018310547,828600
2025-08-26,248.77999877929688,249.1699981689453,242.07000732421875,242.75999450683594,242.75999450683594,1463000
2025-08-27,242.0500030517578,243.60000610351562,237.91000366210938,237.9499969482422,237.9499969482422,1181200
2025-08-28,237.2899932861328,237.75999450683594,234.02000427246094,235.25999450683594,235.25999450683594,1165900
2025-08-29,235.6999969482422,237.42999267578125,234.55999755859375,235.9499969482422,235.9499969482422,819300
2025-09-02,236.66000366210938,238.02999877929688,231.64999389648438,231.8800048828125,231.8800048828125,1139200
2025-09-03,231.5,235.6300048828125,230.14999389648438,235.41000366210938,235.41000366210938,979700
2025-09-04,232.7100067138672,236.49000549316406,232.7100067138672,234.1699981689453,234.1699981689453,745700
2025-09-05,233.83999633789062,233.8800048828125,230.89999389648438,232.5800018310547,232.5800018310547,666400
2025-09-08,233.83999633789062,234.83999633789062,230.97000122070312,234.3699951171875,234.3699951171875,753800
2025-09-09,233.25999450683594,234.85000610351562,232.10000610351562,232.42999267578125,232.42999267578125,641000
2025-09-10,233.42999267578125,235.60000610351562,230.89999389648438,234.50999450683594,234.50999450683594,593900
2025-09-11,234.97999572753906,237.64999389648438,234.50999450683594,236.3699951171875,236.3699951171875,588600
2025-09-12,236.5399932861328,237.24000549316406,233.82000732421875,234.2100067138672,234.2100067138672,601400
2025-09-15,233.42999267578125,238.8000030517578,233.27999877929688,234.08999633789062,234.08999633789062,1137000
2025-09-16,233.11000061035156,237.75999450683594,232.3699951171875,233.74000549316406,233.74000549316406,855500
2025-09-17,233.86000061035156,237.1199951171875,232.5800018310547,236.9600067138672,236.9600067138672,606100
2025-09-18,236.6699981689453,237.27999877929688,233.0,234.42999267578125,234.42999267578125,936400
2025-09-19,231.69000244140625,235.1300048828125,231.3800048828125,233.05999755859375,233.05999755859375,982900
2025-09-22,235.0,237.97999572753906,233.64999389648438,236.6199951171875,236.6199951171875,840100
2025-09-23,236.99000549316406,240.52000427246094,234.85000610351562,240.32000732421875,240.32000732421875,1151000
2025-09-24,240.05999755859375,243.30999755859375,238.0,243.19000244140625,243.19000244140625,959100
2025-09-25,243.1699981689453,245.88999938964844,239.1999969482422,243.99000549316406,243.99000549316406,1124800
2025-09-26,246.02000427246094,246.94000244140625,243.5,243.52000427246094,243.52000427246094,617700
2025-09-29,244.07000732421875,247.57000732421875,242.1999969482422,246.24000549316406,246.24000549316406,834500
2025-09-30,247.6199951171875,248.99000549316406,244.22999572753906,245.25,245.25,840500
2025-10-01,245.0,245.4499969482422,239.3300018310547,241.57000732421875,241.57000732421875,806900
2025-10-02,241.82000732421875,242.99000549316406,239.08999633789062,241.49000549316406,241.49000549316406,676600
2025-10-03,241.3000030517578,242.25,239.10000610351562,239.5399932861328,239.5399932861328,637300
2025-10-06,238.57000732421875,239.75999450683594,234.72000122070312,236.83999633789062,236.83999633789062,859400
2025-10-07,237.66000366210938,240.89999389648438,236.75999450683594,240.89999389648438,240.89999389648438,618600
2025-10-08,241.2100067138672,241.44000244140625,237.1300048828125,241.25999450683594,241.25999450683594,566400
2025-10-09,241.89999389648438,242.13999938964844,239.52999877929688,240.77000427246094,240.77000427246094,492100
2025-10-10,241.4600067138672,246.3800048828125,240.2899932861328,244.7100067138672,244.7100067138672,659500
2025-10-13,246.39999389648438,246.39999389648438,241.22999572753906,243.49000549316406,243.49000549316406,734300
2025-10-14,243.88999938964844,246.63999938964844,237.41000366210938,238.2100067138672,238.2100067138672,937600
2025-10-15,239.0500030517578,243.7899932861328,236.9499969482422,241.74000549316406,241.74000549316406,834400
2025-10-16,242.38999938964844,242.60000610351562,235.7100067138672,235.97000122070312,235.97000122070312,724700
2025-10-17,236.89999389648438,240.41000366210938,236.60000610351562,239.6199951171875,239.6199951171875,725000
2025-10-20,238.7100067138672,239.25,233.52999877929688,237.08999633789062,237.08999633789062,620200
2025-10-21,237.08999633789062,238.19000244140625,232.82000732421875,233.2899932861328,233.2899932861328,507600
2025-10-22,234.14999389648438,238.72000122070312,231.60000610351562,237.35000610351562,237.35000610351562,770500
2025-10-23,235.8800048828125,240.85000610351562,235.19000244140625,237.25,237.25,483100
2025-10-24,236.8800048828125,240.4600067138672,235.5,238.75,238.75,591000
2025-10-27,238.60000610351562,239.67999267578125,236.50999450683594,238.27000427246094,238.27000427246094,633300
2025-10-28,238.00999450683594,240.7899932861328,237.6300048828125,238.52999877929688,238.52999877929688,613800
2025-10-29,238.39999389648438,238.39999389648438,231.7899932861328,232.67999267578125,232.67999267578125,897800
2025-10-30,232.1199951171875,238.55999755859375,232.1199951171875,236.80999755859375,236.80999755859375,1125600
2025-10-31,239.3800048828125,251.2100067138672,238.9499969482422,245.63999938964844,245.63999938964844,1758000
2025-11-03,247.1999969482422,248.17999267578125,243.19000244140625,246.9199981689453,246.9199981689453,1031000
2025-11-04,249.3000030517578,251.42999267578125,245.97999572753906,250.25999450683594,250.25999450683594,734500
2025-11-05,251.44000244140625,253.63999938964844,249.19000244140625,251.39999389648438,251.39999389648438,774100
2025-11-06,250.0,253.0,248.86000061035156,252.63999938964844,252.63999938964844,540200
2025-11-07,255.25,257.4100036621094,252.82000732421875,256.6199951171875,256.6199951171875,978400
2025-11-10,255.97999572753906,259.9800109863281,251.6199951171875,259.1400146484375,259.1400146484375,932000
2025-11-11,261.8999938964844,261.8999938964844,256.9800109863281,259.25,259.25,840500
2025-11-12,260.7300109863281,262.9800109863281,259.0,260.8800048828125,260.8800048828125,666900
2025-11-13,260.989990234375,261.3599853515625,258.8500061035156,259.9599914550781,259.9599914550781,714500
2025-11-14,261.1400146484375,262.2099914550781,257.0799865722656,258.3500061035156,258.3500061035156,734100
2025-11-17,258.07000732421875,259.1300048828125,255.58999633789062,257.8699951171875,257.8699951171875,640000
2025-11-18,258.80999755859375,261.1199951171875,256.3699951171875,259.1099853515625,259.1099853515625,800500
2025-11-19,258.6000061035156,259.3800048828125,251.6199951171875,254.2899932861328,254.2899932861328,867400
2025-11-20,254.2899932861328,255.8300018310547,252.3300018310547,255.32000732421875,255.32000732421875,736300
2025-11-21,255.77999877929688,256.6400146484375,251.61000061035156,252.60000610351562,252.60000610351562,861900
2025-11-24,252.5500030517578,256.6700134277344,251.55999755859375,254.5,254.5,1517600
2025-11-25,256.44000244140625,257.7300109863281,252.47999572753906,257.32000732421875,257.32000732421875,598000
2025-11-26,258.19000244140625,259.20001220703125,255.97999572753906,258.1199951171875,258.1199951171875,529400
2025-11-28,258.57000732421875,260.42999267578125,257.5899963378906,258.1700134277344,258.1700134277344,231600
2025-12-01,258.7200012207031,259.55999755859375,254.74000549316406,255.27999877929688,255.27999877929688,652800
2025-12-02,256.32000732421875,256.6000061035156,252.88999938964844,254.35000610351562,254.35000610351562,584000
2025-12-03,255.89999389648438,256.25,252.30999755859375,253.89999389648438,253.89999389648438,556600
2025-12-04,253.10000610351562,255.27999877929688,250.67999267578125,254.9199981689453,254.9199981689453,618900
2025-12-05,255.1300048828125,255.1300048828125,250.58999633789062,252.75999450683594,252.75999450683594,503000
2025-12-08,253.2100067138672,254.75,251.97999572753906,253.22000122070312,253.22000122070312,863300
2025-12-09,254.25,257.2300109863281,252.8300018310547,253.02000427246094,253.02000427246094,490900
2025-12-10,253.6999969482422,253.77999877929688,247.67999267578125,249.05999755859375,249.05999755859375,860800
2025-12-11,250.25999450683594,252.5,249.5399932861328,251.10000610351562,251.10000610351562,666300
2025-12-12,253.99000549316406,254.52000427246094,251.92999267578125,253.02000427246094,253.02000427246094,776400
2025-12-15,252.80999755859375,254.17999267578125,244.74000549316406,246.75,246.75,1159900
2025-12-16,248.16000366210938,251.4600067138672,247.13999938964844,248.99000549316406,248.99000549316406,830600
2025-12-17,249.35000610351562,253.6999969482422,249.35000610351562,252.25999450683594,252.25999450683594,702600
2025-12-18,251.3000030517578,253.02999877929688,248.30999755859375,248.6699981689453,248.6699981689453,736800
2025-12-19,249.3300018310547,250.5399932861328,247.27000427246094,247.27000427246094,247.27000427246094,1323600
2025-12-22,247.8699951171875,252.82000732421875,245.33999633789062,251.8300018310547,251.8300018310547,655400
2025-12-23,251.94000244140625,255.8699951171875,251.19000244140625,254.75999450683594,254.75999450683594,376400
2025-12-24,254.69000244140625,256.8500061035156,254.02999877929688,255.9600067138672,255.9600067138672,219200
2025-12-26,256.6600036621094,256.9100036621094,254.69000244140625,256.1499938964844,256.1499938964844,256300
2025-12-29,256.5299987792969,258.07000732421875,255.11000061035156,256.1099853515625,256.1099853515625,312300
2025-12-30,256.70001220703125,256.95001220703125,254.30999755859375,254.5399932861328,254.5399932861328,378400
