date,open,high,low,close,adj_close,volume
,CRVS,CRVS,CRVS,CRVS,CRVS,CRVS
2020-01-02,5.539999961853027,5.559999942779541,4.920000076293945,4.989999771118164,4.989999771118164,177600
2020-01-03,4.96999979019165,4.984000205993652,4.670000076293945,4.710000038146973,4.710000038146973,108000
2020-01-06,4.599999904632568,4.730000019073486,4.415999889373779,4.510000228881836,4.510000228881836,161200
2020-01-07,4.539999961853027,4.909999847412109,4.480000019073486,4.800000190734863,4.800000190734863,115900
2020-01-08,4.78000020980835,4.909999847412109,4.604000091552734,4.769999980926514,4.769999980926514,67700
2020-01-09,4.760000228881836,5.099999904632568,4.570000171661377,5.099999904632568,5.099999904632568,245900
2020-01-10,5.079999923706055,5.204999923706055,4.992000102996826,5.199999809265137,5.199999809265137,159500
2020-01-13,5.199999809265137,5.210000038146973,4.519999980926514,4.570000171661377,4.570000171661377,178900
2020-01-14,4.570000171661377,4.730000019073486,4.53000020980835,4.539999961853027,4.539999961853027,74900
2020-01-15,4.519999980926514,5.103000164031982,4.400000095367432,5.079999923706055,5.079999923706055,309100
2020-01-16,5.150000095367432,5.465000152587891,5.0370001792907715,5.380000114440918,5.380000114440918,133500
2020-01-17,5.429999828338623,5.888000011444092,5.310999870300293,5.699999809265137,5.699999809265137,227500
2020-01-21,5.860000133514404,6.349999904632568,5.556000232696533,5.940000057220459,5.940000057220459,295100
2020-01-22,6.0,6.079999923706055,5.739999771118164,5.929999828338623,5.929999828338623,205800
2020-01-23,5.889999866485596,5.960000038146973,5.619999885559082,5.929999828338623,5.929999828338623,112600
2020-01-24,5.929999828338623,6.300000190734863,5.409999847412109,5.809999942779541,5.809999942779541,115200
2020-01-27,5.539999961853027,5.820000171661377,5.210000038146973,5.610000133514404,5.610000133514404,218200
2020-01-28,5.639999866485596,6.090000152587891,5.630000114440918,5.980000019073486,5.980000019073486,177500
2020-01-29,6.050000190734863,6.239999771118164,5.889999866485596,5.909999847412109,5.909999847412109,110500
2020-01-30,5.840000152587891,5.895999908447266,5.429999828338623,5.489999771118164,5.489999771118164,113600
2020-01-31,5.5,5.789999961853027,5.340000152587891,5.519999980926514,5.519999980926514,90400
2020-02-03,5.619999885559082,5.989999771118164,5.539999961853027,5.820000171661377,5.820000171661377,174400
2020-02-04,5.860000133514404,5.900000095367432,5.349999904632568,5.380000114440918,5.380000114440918,251600
2020-02-05,5.400000095367432,5.590000152587891,4.710000038146973,4.829999923706055,4.829999923706055,320900
2020-02-06,4.849999904632568,5.590000152587891,4.849999904632568,5.21999979019165,5.21999979019165,185000
2020-02-07,5.210000038146973,5.210000038146973,4.789999961853027,4.869999885559082,4.869999885559082,158800
2020-02-10,4.860000133514404,5.03000020980835,4.730000019073486,4.920000076293945,4.920000076293945,167400
2020-02-11,4.989999771118164,5.130000114440918,4.909999847412109,5.079999923706055,5.079999923706055,111600
2020-02-12,5.099999904632568,5.099999904632568,4.550000190734863,4.610000133514404,4.610000133514404,354300
2020-02-13,4.5,4.5,3.75,4.400000095367432,4.400000095367432,457000
2020-02-14,4.369999885559082,4.454999923706055,4.105000019073486,4.329999923706055,4.329999923706055,240500
2020-02-18,4.360000133514404,4.449999809265137,4.120999813079834,4.369999885559082,4.369999885559082,113600
2020-02-19,4.349999904632568,4.46999979019165,4.300000190734863,4.309999942779541,4.309999942779541,84000
2020-02-20,4.269999980926514,4.619999885559082,4.130000114440918,4.550000190734863,4.550000190734863,160300
2020-02-21,4.559999942779541,4.559999942779541,4.09499979019165,4.110000133514404,4.110000133514404,203900
2020-02-24,4.0,4.0,3.75,3.940000057220459,3.940000057220459,177700
2020-02-25,4.0,4.090000152587891,3.609999895095825,3.759999990463257,3.759999990463257,226800
2020-02-26,3.75,3.9000000953674316,3.569999933242798,3.7100000381469727,3.7100000381469727,79400
2020-02-27,3.5999999046325684,3.680000066757202,3.240000009536743,3.3299999237060547,3.3299999237060547,210500
2020-02-28,3.200000047683716,3.450000047683716,3.0999999046325684,3.440000057220459,3.440000057220459,158800
2020-03-02,3.430000066757202,3.430000066757202,3.130000114440918,3.240000009536743,3.240000009536743,121900
2020-03-03,3.2100000381469727,3.3329999446868896,3.130000114440918,3.2799999713897705,3.2799999713897705,104700
2020-03-04,3.299999952316284,3.869999885559082,3.2799999713897705,3.859999895095825,3.859999895095825,145900
2020-03-05,3.7899999618530273,3.7899999618530273,3.4539999961853027,3.5950000286102295,3.5950000286102295,171900
2020-03-06,3.5999999046325684,3.5999999046325684,3.059999942779541,3.1500000953674316,3.1500000953674316,331000
2020-03-09,2.9000000953674316,3.059999942779541,2.6600000858306885,2.7200000286102295,2.7200000286102295,194300
2020-03-10,3.0199999809265137,3.4019999504089355,2.75,2.799999952316284,2.799999952316284,554700
2020-03-11,2.8499999046325684,2.890000104904175,2.509999990463257,2.7100000381469727,2.7100000381469727,354800
2020-03-12,2.5,2.5999999046325684,2.4200000762939453,2.4700000286102295,2.4700000286102295,155200
2020-03-13,2.440000057220459,2.6600000858306885,2.3299999237060547,2.4000000953674316,2.4000000953674316,226400
2020-03-16,2.2799999713897705,2.319999933242798,1.0099999904632568,1.7400000095367432,1.7400000095367432,306200
2020-03-17,1.75,2.0999999046325684,1.7300000190734863,1.899999976158142,1.899999976158142,111400
2020-03-18,1.899999976158142,2.0,1.7300000190734863,1.7599999904632568,1.7599999904632568,102300
2020-03-19,1.850000023841858,2.130000114440918,1.7799999713897705,2.0,2.0,153400
2020-03-20,2.0799999237060547,2.5,2.0299999713897705,2.2899999618530273,2.2899999618530273,123900
2020-03-23,2.3399999141693115,2.4000000953674316,2.009999990463257,2.0299999713897705,2.0299999713897705,86000
2020-03-24,2.0299999713897705,2.180000066757202,1.9900000095367432,2.0799999237060547,2.0799999237060547,93100
2020-03-25,2.109999895095825,2.359999895095825,2.009999990463257,2.2300000190734863,2.2300000190734863,111900
2020-03-26,2.2899999618530273,2.382999897003174,2.119999885559082,2.3299999237060547,2.3299999237060547,58300
2020-03-27,2.190999984741211,2.4549999237060547,2.1600000858306885,2.359999895095825,2.359999895095825,72800
2020-03-30,2.4100000858306885,2.5350000858306885,2.190000057220459,2.2200000286102295,2.2200000286102295,49000
2020-03-31,2.240000009536743,2.385999917984009,1.9900000095367432,2.109999895095825,2.109999895095825,50300
2020-04-01,2.0299999713897705,2.309999942779541,1.9900000095367432,2.2200000286102295,2.2200000286102295,90300
2020-04-02,2.240000009536743,2.240000009536743,1.909999966621399,2.049999952316284,2.049999952316284,138600
2020-04-03,2.049999952316284,2.1700000762939453,1.9839999675750732,2.009999990463257,2.009999990463257,56900
2020-04-06,2.0399999618530273,2.190999984741211,2.0199999809265137,2.049999952316284,2.049999952316284,110700
2020-04-07,2.119999885559082,2.2200000286102295,1.9900000095367432,2.0799999237060547,2.0799999237060547,129500
2020-04-08,2.109999895095825,2.180000066757202,1.940000057220459,2.0199999809265137,2.0199999809265137,97700
2020-04-09,2.049999952316284,2.246999979019165,1.9900000095367432,2.2300000190734863,2.2300000190734863,94500
2020-04-13,2.2300000190734863,2.309999942779541,2.0399999618530273,2.2699999809265137,2.2699999809265137,137000
2020-04-14,2.2799999713897705,2.4000000953674316,2.2699999809265137,2.4000000953674316,2.4000000953674316,51200
2020-04-15,2.3499999046325684,2.369999885559082,2.2100000381469727,2.3299999237060547,2.3299999237060547,24900
2020-04-16,2.299999952316284,2.5999999046325684,2.299999952316284,2.5,2.5,122000
2020-04-17,2.5899999141693115,2.6689999103546143,2.390000104904175,2.440000057220459,2.440000057220459,45100
2020-04-20,2.509999990463257,2.609999895095825,2.4000000953674316,2.5,2.5,55400
2020-04-21,2.5,2.5899999141693115,2.3499999046325684,2.549999952316284,2.549999952316284,60800
2020-04-22,2.5999999046325684,2.740000009536743,2.4700000286102295,2.5999999046325684,2.5999999046325684,80600
2020-04-23,2.630000114440918,2.9200000762939453,2.5,2.5999999046325684,2.5999999046325684,64600
2020-04-24,2.5999999046325684,2.7929999828338623,2.5999999046325684,2.680000066757202,2.680000066757202,80000
2020-04-27,2.759999990463257,2.8510000705718994,2.6600000858306885,2.7100000381469727,2.7100000381469727,63400
2020-04-28,2.7100000381469727,2.799999952316284,2.5299999713897705,2.5299999713897705,2.5299999713897705,72600
2020-04-29,2.5299999713897705,2.6710000038146973,2.5299999713897705,2.5299999713897705,2.5299999713897705,56700
2020-04-30,2.509999990463257,2.5299999713897705,2.325000047683716,2.430000066757202,2.430000066757202,141200
2020-05-01,2.450000047683716,2.450000047683716,2.119999885559082,2.1500000953674316,2.1500000953674316,158700
2020-05-04,2.200000047683716,2.569999933242798,2.1600000858306885,2.4700000286102295,2.4700000286102295,174800
2020-05-05,2.5399999618530273,3.2200000286102295,2.5399999618530273,3.0299999713897705,3.0299999713897705,407800
2020-05-06,3.2100000381469727,3.430000066757202,3.0199999809265137,3.0899999141693115,3.0899999141693115,369800
2020-05-07,3.1500000953674316,3.4700000286102295,3.0199999809265137,3.3499999046325684,3.3499999046325684,134900
2020-05-08,3.440000057220459,3.4809999465942383,3.190000057220459,3.25,3.25,162400
2020-05-11,3.2699999809265137,3.5999999046325684,3.2699999809265137,3.4600000381469727,3.4600000381469727,358800
2020-05-12,3.5199999809265137,4.239999771118164,3.5199999809265137,3.559999942779541,3.559999942779541,332300
2020-05-13,3.559999942779541,3.7100000381469727,3.1500000953674316,3.4700000286102295,3.4700000286102295,211800
2020-05-14,3.3499999046325684,3.630000114440918,3.25,3.5299999713897705,3.5299999713897705,156900
2020-05-15,3.5399999618530273,3.611999988555908,3.319999933242798,3.509999990463257,3.509999990463257,110500
2020-05-18,3.569999933242798,3.759999990463257,3.4000000953674316,3.440000057220459,3.440000057220459,141800
2020-05-19,3.430000066757202,3.700000047683716,3.359999895095825,3.5,3.5,133700
2020-05-20,3.690000057220459,3.7200000286102295,3.490000009536743,3.6500000953674316,3.6500000953674316,136500
2020-05-21,3.6600000858306885,3.7160000801086426,3.4749999046325684,3.630000114440918,3.630000114440918,95000
2020-05-22,3.5999999046325684,4.090000152587891,3.509999990463257,3.9700000286102295,3.9700000286102295,128900
2020-05-26,3.9800000190734863,4.150000095367432,3.700000047683716,3.700000047683716,3.700000047683716,153700
2020-05-27,4.070000171661377,4.199999809265137,3.8399999141693115,4.050000190734863,4.050000190734863,342300
2020-05-28,4.059999942779541,4.109000205993652,3.619999885559082,3.6600000858306885,3.6600000858306885,115700
2020-05-29,3.6700000762939453,3.6700000762939453,3.259999990463257,3.450000047683716,3.450000047683716,176500
2020-06-01,3.4800000190734863,3.559999942779541,3.009999990463257,3.299999952316284,3.299999952316284,176600
2020-06-02,3.3399999141693115,3.690000057220459,3.3399999141693115,3.5999999046325684,3.5999999046325684,71900
2020-06-03,3.8399999141693115,3.8399999141693115,3.559999942779541,3.700000047683716,3.700000047683716,141700
2020-06-04,3.690000057220459,3.700000047683716,3.2300000190734863,3.255000114440918,3.255000114440918,164700
2020-06-05,3.309999942779541,3.5899999141693115,3.25,3.2799999713897705,3.2799999713897705,93900
2020-06-08,3.3299999237060547,3.5899999141693115,3.009999990463257,3.130000114440918,3.130000114440918,259500
2020-06-09,3.069999933242798,3.3399999141693115,2.885999917984009,3.2699999809265137,3.2699999809265137,200000
2020-06-10,3.319999933242798,3.3499999046325684,3.0999999046325684,3.2699999809265137,3.2699999809265137,72500
2020-06-11,3.240000009536743,3.240000009536743,2.8499999046325684,2.859999895095825,2.859999895095825,184500
2020-06-12,3.009999990463257,3.140000104904175,2.9200000762939453,3.0999999046325684,3.0999999046325684,83600
2020-06-15,2.9800000190734863,3.180000066757202,2.9200000762939453,3.1700000762939453,3.1700000762939453,34100
2020-06-16,3.240000009536743,3.2660000324249268,3.0899999141693115,3.2300000190734863,3.2300000190734863,47100
2020-06-17,3.240000009536743,3.299999952316284,3.190000057220459,3.2100000381469727,3.2100000381469727,42700
2020-06-18,3.1700000762939453,3.4000000953674316,2.869999885559082,2.930000066757202,2.930000066757202,374900
2020-06-19,3.009999990463257,3.049999952316284,2.9000000953674316,2.9800000190734863,2.9800000190734863,118100
2020-06-22,3.0,3.0399999618530273,2.880000114440918,2.9100000858306885,2.9100000858306885,113400
2020-06-23,2.940000057220459,3.0,2.880000114440918,2.930000066757202,2.930000066757202,41200
2020-06-24,2.880000114440918,2.990000009536743,2.7899999618530273,2.9200000762939453,2.9200000762939453,56200
2020-06-25,2.9200000762939453,3.0199999809265137,2.759999990463257,2.9800000190734863,2.9800000190734863,71500
2020-06-26,2.9100000858306885,2.9800000190734863,2.799999952316284,2.880000114440918,2.880000114440918,47600
2020-06-29,2.9100000858306885,2.930000066757202,2.740000009536743,2.869999885559082,2.869999885559082,80300
2020-06-30,2.8399999141693115,2.9100000858306885,2.559999942779541,2.7200000286102295,2.7200000286102295,112600
2020-07-01,2.700000047683716,2.7200000286102295,2.609999895095825,2.6500000953674316,2.6500000953674316,52100
2020-07-02,2.6600000858306885,2.7290000915527344,2.509999990463257,2.5999999046325684,2.5999999046325684,92800
2020-07-06,2.684999942779541,2.802999973297119,2.609999895095825,2.740000009536743,2.740000009536743,72900
2020-07-07,5.039999961853027,6.880000114440918,4.690000057220459,4.954999923706055,4.954999923706055,97137800
2020-07-08,5.767000198364258,5.849999904632568,5.0,5.369999885559082,5.369999885559082,12183500
2020-07-09,5.25,5.28000020980835,4.900000095367432,5.019999980926514,5.019999980926514,2012800
2020-07-10,4.75,4.789999961853027,4.380000114440918,4.400000095367432,4.400000095367432,1710000
2020-07-13,4.619999885559082,4.619999885559082,3.880000114440918,3.930000066757202,3.930000066757202,1625700
2020-07-14,3.740000009536743,3.880000114440918,3.5,3.809999942779541,3.809999942779541,804500
2020-07-15,3.990000009536743,3.990000009536743,3.75,3.9800000190734863,3.9800000190734863,506000
2020-07-16,3.869999885559082,4.380000114440918,3.6540000438690186,4.179999828338623,4.179999828338623,863900
2020-07-17,4.210000038146973,4.304999828338623,4.0,4.090000152587891,4.090000152587891,547300
2020-07-20,4.119999885559082,4.320000171661377,3.9000000953674316,4.320000171661377,4.320000171661377,769600
2020-07-21,4.519999980926514,5.190000057220459,4.510000228881836,4.800000190734863,4.800000190734863,1830900
2020-07-22,4.760000228881836,4.900000095367432,4.429999828338623,4.590000152587891,4.590000152587891,802800
2020-07-23,4.599999904632568,4.679999828338623,4.190000057220459,4.369999885559082,4.369999885559082,654400
2020-07-24,4.25,4.429999828338623,4.099999904632568,4.289999961853027,4.289999961853027,272500
2020-07-27,4.260000228881836,4.349999904632568,4.050000190734863,4.150000095367432,4.150000095367432,361900
2020-07-28,4.079999923706055,4.139999866485596,3.9100000858306885,3.9200000762939453,3.9200000762939453,392900
2020-07-29,3.930000066757202,4.28000020980835,3.819999933242798,4.159999847412109,4.159999847412109,561700
2020-07-30,4.199999809265137,4.400000095367432,4.070000171661377,4.269999980926514,4.269999980926514,442400
2020-07-31,3.9800000190734863,4.289999961853027,3.9000000953674316,4.239999771118164,4.239999771118164,478700
2020-08-03,4.159999847412109,4.400000095367432,4.0,4.230000019073486,4.230000019073486,344000
2020-08-04,4.190000057220459,4.25,4.050000190734863,4.090000152587891,4.090000152587891,248000
2020-08-05,4.079999923706055,4.239999771118164,4.0,4.150000095367432,4.150000095367432,303800
2020-08-06,4.119999885559082,4.4070000648498535,4.070000171661377,4.329999923706055,4.329999923706055,398100
2020-08-07,4.349999904632568,4.420000076293945,4.170000076293945,4.25,4.25,176900
2020-08-10,4.190000057220459,4.289999961853027,4.150000095367432,4.260000228881836,4.260000228881836,182500
2020-08-11,4.269999980926514,4.269999980926514,3.950000047683716,4.010000228881836,4.010000228881836,374000
2020-08-12,4.0,4.019999980926514,3.8450000286102295,3.9000000953674316,3.9000000953674316,300500
2020-08-13,3.859999895095825,3.930000066757202,3.6500000953674316,3.680000066757202,3.680000066757202,383600
2020-08-14,3.759999990463257,4.193999767303467,3.619999885559082,4.019999980926514,4.019999980926514,389900
2020-08-17,3.9800000190734863,4.099999904632568,3.869999885559082,3.9600000381469727,3.9600000381469727,208800
2020-08-18,3.9200000762939453,4.0,3.859999895095825,3.9600000381469727,3.9600000381469727,207600
2020-08-19,3.940000057220459,4.070000171661377,3.869999885559082,4.050000190734863,4.050000190734863,197600
2020-08-20,4.039999961853027,4.050000190734863,3.9200000762939453,4.0,4.0,208000
2020-08-21,3.950000047683716,4.0,3.825000047683716,3.869999885559082,3.869999885559082,99800
2020-08-24,3.799999952316284,3.8499999046325684,3.5799999237060547,3.630000114440918,3.630000114440918,279100
2020-08-25,3.5799999237060547,3.859999895095825,3.5199999809265137,3.740000009536743,3.740000009536743,214000
2020-08-26,3.75,3.940000057220459,3.6700000762939453,3.75,3.75,103100
2020-08-27,3.7300000190734863,3.7300000190734863,3.5299999713897705,3.549999952316284,3.549999952316284,131600
2020-08-28,3.609999895095825,3.6700000762939453,3.549999952316284,3.630000114440918,3.630000114440918,102300
2020-08-31,3.740000009536743,3.799999952316284,3.5799999237060547,3.7899999618530273,3.7899999618530273,153400
2020-09-01,3.7300000190734863,3.7300000190734863,3.559999942779541,3.5999999046325684,3.5999999046325684,112500
2020-09-02,3.5999999046325684,3.5999999046325684,3.299999952316284,3.509999990463257,3.509999990463257,268000
2020-09-03,3.549999952316284,3.549999952316284,3.259999990463257,3.299999952316284,3.299999952316284,139600
2020-09-04,3.299999952316284,3.299999952316284,2.950000047683716,3.109999895095825,3.109999895095825,348200
2020-09-08,3.0299999713897705,3.450000047683716,3.009999990463257,3.3399999141693115,3.3399999141693115,179600
2020-09-09,3.3399999141693115,3.6500000953674316,3.296999931335449,3.5,3.5,143300
2020-09-10,4.0,4.349999904632568,3.619999885559082,3.950000047683716,3.950000047683716,1164800
2020-09-11,3.950000047683716,3.990000009536743,3.819999933242798,3.869999885559082,3.869999885559082,177300
2020-09-14,3.9700000286102295,4.300000190734863,3.9100000858306885,4.079999923706055,4.079999923706055,439400
2020-09-15,4.199999809265137,4.909999847412109,4.099999904632568,4.21999979019165,4.21999979019165,2323700
2020-09-16,4.179999828338623,4.440000057220459,4.050000190734863,4.349999904632568,4.349999904632568,338300
2020-09-17,4.369999885559082,4.5,4.230000019073486,4.5,4.5,183900
2020-09-18,4.440000057220459,4.659999847412109,4.440000057220459,4.449999809265137,4.449999809265137,264200
2020-09-21,4.429999828338623,4.550000190734863,4.199999809265137,4.300000190734863,4.300000190734863,194800
2020-09-22,4.369999885559082,4.369999885559082,4.010000228881836,4.130000114440918,4.130000114440918,211300
2020-09-23,4.090000152587891,4.21999979019165,3.869999885559082,3.890000104904175,3.890000104904175,137700
2020-09-24,3.799999952316284,3.950000047683716,3.700000047683716,3.880000114440918,3.880000114440918,136300
2020-09-25,3.880000114440918,4.139999866485596,3.859999895095825,4.010000228881836,4.010000228881836,98700
2020-09-28,4.210000038146973,4.210000038146973,3.9200000762939453,4.090000152587891,4.090000152587891,136400
2020-09-29,4.110000133514404,4.179999828338623,3.890000104904175,3.930000066757202,3.930000066757202,128500
2020-09-30,3.9000000953674316,4.059999942779541,3.9000000953674316,4.010000228881836,4.010000228881836,53900
2020-10-01,4.010000228881836,4.184999942779541,3.9719998836517334,4.079999923706055,4.079999923706055,90100
2020-10-02,4.059999942779541,4.139999866485596,3.9600000381469727,4.070000171661377,4.070000171661377,69500
2020-10-05,5.710000038146973,5.739999771118164,4.78000020980835,4.860000133514404,4.860000133514404,40518400
2020-10-06,4.704999923706055,4.775000095367432,4.159999847412109,4.170000076293945,4.170000076293945,1632900
2020-10-07,4.28000020980835,4.329999923706055,4.150000095367432,4.210000038146973,4.210000038146973,476100
2020-10-08,4.159999847412109,4.25,4.0,4.039999961853027,4.039999961853027,672300
2020-10-09,4.059999942779541,4.099999904632568,3.9600000381469727,3.990000009536743,3.990000009536743,389400
2020-10-12,4.010000228881836,4.03000020980835,3.7799999713897705,3.9200000762939453,3.9200000762939453,534700
2020-10-13,3.8399999141693115,4.239999771118164,3.8399999141693115,4.239999771118164,4.239999771118164,324000
2020-10-14,4.239999771118164,4.28000020980835,4.0,4.0,4.0,199300
2020-10-15,3.9200000762939453,4.130000114440918,3.859999895095825,4.099999904632568,4.099999904632568,173700
2020-10-16,4.099999904632568,4.190000057220459,4.040999889373779,4.090000152587891,4.090000152587891,120600
2020-10-19,4.050000190734863,4.130000114440918,4.03000020980835,4.050000190734863,4.050000190734863,108000
2020-10-20,4.070000171661377,4.170000076293945,3.9700000286102295,4.03000020980835,4.03000020980835,85700
2020-10-21,4.050000190734863,4.13100004196167,3.8499999046325684,3.9200000762939453,3.9200000762939453,153300
2020-10-22,3.940000057220459,4.070000171661377,3.9100000858306885,4.0,4.0,87100
2020-10-23,4.050000190734863,4.050000190734863,3.9100000858306885,3.9600000381469727,3.9600000381469727,156000
2020-10-26,3.9100000858306885,4.054999828338623,3.8399999141693115,3.859999895095825,3.859999895095825,199600
2020-10-27,3.9100000858306885,4.119999885559082,3.859999895095825,4.090000152587891,4.090000152587891,137200
2020-10-28,4.0,4.019999980926514,3.7899999618530273,3.799999952316284,3.799999952316284,413100
2020-10-29,3.880000114440918,4.090000152587891,3.819999933242798,3.990000009536743,3.990000009536743,185700
2020-10-30,3.940000057220459,4.050000190734863,3.869999885559082,3.9600000381469727,3.9600000381469727,160000
2020-11-02,3.950000047683716,3.950000047683716,3.819999933242798,3.9000000953674316,3.9000000953674316,157400
2020-11-03,3.9700000286102295,4.110000133514404,3.9049999713897705,4.079999923706055,4.079999923706055,138700
2020-11-04,4.079999923706055,4.260000228881836,4.059999942779541,4.210000038146973,4.210000038146973,160500
2020-11-05,4.230000019073486,4.300000190734863,4.039999961853027,4.25,4.25,170400
2020-11-06,4.260000228881836,4.260000228881836,4.119999885559082,4.190000057220459,4.190000057220459,104600
2020-11-09,4.301000118255615,4.301000118255615,3.9700000286102295,3.990000009536743,3.990000009536743,294800
2020-11-10,3.9700000286102295,4.110000133514404,3.9100000858306885,4.059999942779541,4.059999942779541,87500
2020-11-11,4.090000152587891,4.170000076293945,4.019999980926514,4.119999885559082,4.119999885559082,83300
2020-11-12,4.139999866485596,4.199999809265137,3.950000047683716,4.130000114440918,4.130000114440918,173000
2020-11-13,4.130000114440918,4.170000076293945,4.079999923706055,4.130000114440918,4.130000114440918,142600
2020-11-16,4.130000114440918,4.170000076293945,4.010000228881836,4.110000133514404,4.110000133514404,158100
2020-11-17,4.039999961853027,4.230000019073486,4.039999961853027,4.179999828338623,4.179999828338623,163700
2020-11-18,4.159999847412109,4.230000019073486,4.050000190734863,4.099999904632568,4.099999904632568,126800
2020-11-19,4.110000133514404,4.21999979019165,4.079999923706055,4.130000114440918,4.130000114440918,174400
2020-11-20,4.110000133514404,4.144000053405762,3.9700000286102295,3.990000009536743,3.990000009536743,148100
2020-11-23,3.9800000190734863,4.050000190734863,3.9000000953674316,3.950000047683716,3.950000047683716,149100
2020-11-24,3.9719998836517334,4.010000228881836,3.8499999046325684,3.940000057220459,3.940000057220459,192900
2020-11-25,3.9200000762939453,3.9549999237060547,3.880000114440918,3.9000000953674316,3.9000000953674316,57900
2020-11-27,3.9100000858306885,4.079999923706055,3.9100000858306885,4.03000020980835,4.03000020980835,61900
2020-11-30,3.990000009536743,4.059999942779541,3.933000087738037,3.990000009536743,3.990000009536743,133400
2020-12-01,4.050000190734863,4.110000133514404,3.9100000858306885,3.9100000858306885,3.9100000858306885,82700
2020-12-02,3.880000114440918,3.990000009536743,3.819999933242798,3.9100000858306885,3.9100000858306885,133600
2020-12-03,3.9200000762939453,3.9700000286102295,3.880000114440918,3.930000066757202,3.930000066757202,58200
2020-12-04,3.950000047683716,4.099999904632568,3.930000066757202,4.039999961853027,4.039999961853027,224800
2020-12-07,4.110000133514404,4.150000095367432,4.0,4.099999904632568,4.099999904632568,285500
2020-12-08,4.099999904632568,4.099999904632568,3.9100000858306885,4.010000228881836,4.010000228881836,182400
2020-12-09,4.039999961853027,4.059999942779541,3.8399999141693115,3.9100000858306885,3.9100000858306885,198200
2020-12-10,3.890000104904175,4.409999847412109,3.640000104904175,4.130000114440918,4.130000114440918,658300
2020-12-11,4.130000114440918,4.130000114440918,3.930000066757202,3.9800000190734863,3.9800000190734863,131400
2020-12-14,4.059999942779541,4.084000110626221,3.859999895095825,3.950000047683716,3.950000047683716,150000
2020-12-15,3.990000009536743,4.03000020980835,3.740000009536743,4.019999980926514,4.019999980926514,320200
2020-12-16,4.0,4.050000190734863,3.950000047683716,4.010000228881836,4.010000228881836,119200
2020-12-17,4.059999942779541,4.070000171661377,3.990000009536743,4.059999942779541,4.059999942779541,126700
2020-12-18,4.070000171661377,4.239999771118164,4.0,4.0,4.0,284000
2020-12-21,4.0,4.079999923706055,3.9700000286102295,4.03000020980835,4.03000020980835,203700
2020-12-22,4.03000020980835,4.070000171661377,3.9800000190734863,4.019999980926514,4.019999980926514,254900
2020-12-23,4.010000228881836,4.099999904632568,3.940000057220459,3.950000047683716,3.950000047683716,166400
2020-12-24,3.990000009536743,3.990000009536743,3.859999895095825,3.880000114440918,3.880000114440918,56000
2020-12-28,3.890000104904175,4.065999984741211,3.8499999046325684,3.950000047683716,3.950000047683716,199100
2020-12-29,3.9200000762939453,3.9210000038146973,3.7100000381469727,3.7699999809265137,3.7699999809265137,245700
2020-12-30,3.759999990463257,3.819999933242798,3.700000047683716,3.7699999809265137,3.7699999809265137,110100
2020-12-31,3.75,3.75,3.5199999809265137,3.559999942779541,3.559999942779541,235800
2021-01-04,3.5999999046325684,3.859999895095825,3.559999942779541,3.7799999713897705,3.7799999713897705,124500
2021-01-05,3.740000009536743,3.930000066757202,3.7200000286102295,3.9000000953674316,3.9000000953674316,115400
2021-01-06,3.940000057220459,4.020999908447266,3.819999933242798,3.819999933242798,3.819999933242798,105200
2021-01-07,3.869999885559082,3.9600000381469727,3.809999942779541,3.890000104904175,3.890000104904175,115400
2021-01-08,3.890000104904175,3.9700000286102295,3.8299999237060547,3.9100000858306885,3.9100000858306885,92200
2021-01-11,3.9100000858306885,3.9800000190734863,3.7920000553131104,3.9200000762939453,3.9200000762939453,86400
2021-01-12,3.950000047683716,3.9800000190734863,3.8499999046325684,3.859999895095825,3.859999895095825,66400
2021-01-13,3.890000104904175,3.890000104904175,3.7899999618530273,3.819999933242798,3.819999933242798,55600
2021-01-14,3.859999895095825,4.429999828338623,3.8299999237060547,4.130000114440918,4.130000114440918,793300
2021-01-15,4.300000190734863,4.324999809265137,4.0,4.059999942779541,4.059999942779541,257500
2021-01-19,4.059999942779541,4.059999942779541,3.7100000381469727,3.7100000381469727,3.7100000381469727,517300
2021-01-20,3.7899999618530273,3.9040000438690186,3.7130000591278076,3.8299999237060547,3.8299999237060547,369800
2021-01-21,3.859999895095825,3.9800000190734863,3.7300000190734863,3.890000104904175,3.890000104904175,127500
2021-01-22,3.890000104904175,4.090000152587891,3.809999942779541,4.050000190734863,4.050000190734863,257100
2021-01-25,4.059999942779541,4.110000133514404,3.8299999237060547,3.9600000381469727,3.9600000381469727,112100
2021-01-26,3.9800000190734863,4.059999942779541,3.8499999046325684,3.880000114440918,3.880000114440918,233100
2021-01-27,3.869999885559082,3.9600000381469727,3.75,3.8299999237060547,3.8299999237060547,169400
2021-01-28,3.809999942779541,3.890000104904175,3.6600000858306885,3.690000057220459,3.690000057220459,213400
2021-01-29,3.7100000381469727,3.8299999237060547,3.6600000858306885,3.7200000286102295,3.7200000286102295,154000
2021-02-01,3.7899999618530273,3.8499999046325684,3.6600000858306885,3.8499999046325684,3.8499999046325684,133500
2021-02-02,4.059999942779541,4.300000190734863,3.880000114440918,4.130000114440918,4.130000114440918,993900
2021-02-03,4.28000020980835,4.28000020980835,4.079999923706055,4.190000057220459,4.190000057220459,330800
2021-02-04,4.269999980926514,4.4670000076293945,3.990000009536743,4.090000152587891,4.090000152587891,873600
2021-02-05,4.090000152587891,4.099999904632568,3.9100000858306885,4.079999923706055,4.079999923706055,280300
2021-02-08,4.099999904632568,4.289999961853027,4.099999904632568,4.28000020980835,4.28000020980835,243300
2021-02-09,4.260000228881836,5.079999923706055,4.130000114440918,4.769999980926514,4.769999980926514,2399700
2021-02-10,4.679999828338623,4.710000038146973,4.03000020980835,4.150000095367432,4.150000095367432,1045400
2021-02-11,4.244999885559082,4.320000171661377,3.880000114440918,3.940000057220459,3.940000057220459,610300
2021-02-12,3.509999990463257,3.6500000953674316,3.4800000190734863,3.5,3.5,4944100
2021-02-16,3.5789999961853027,3.7100000381469727,3.559999942779541,3.640000104904175,3.640000104904175,4483300
2021-02-17,3.630000114440918,3.6500000953674316,3.4600000381469727,3.5999999046325684,3.5999999046325684,2247800
2021-02-18,3.700000047683716,3.930000066757202,3.5999999046325684,3.740000009536743,3.740000009536743,3208000
2021-02-19,3.819999933242798,3.8399999141693115,3.6419999599456787,3.759999990463257,3.759999990463257,1758200
2021-02-22,3.950000047683716,4.579999923706055,3.890000104904175,4.570000171661377,4.570000171661377,7018200
2021-02-23,3.9140000343322754,4.130000114440918,3.5399999618530273,4.039999961853027,4.039999961853027,2550300
2021-02-24,3.990000009536743,4.110000133514404,3.75,3.7899999618530273,3.7899999618530273,1521100
2021-02-25,3.7699999809265137,3.7899999618530273,3.5199999809265137,3.5799999237060547,3.5799999237060547,1606500
2021-02-26,3.5799999237060547,3.690000057220459,3.309999942779541,3.4800000190734863,3.4800000190734863,1746300
2021-03-01,3.609999895095825,3.6500000953674316,3.3499999046325684,3.380000114440918,3.380000114440918,1403700
2021-03-02,3.4019999504089355,3.440000057220459,3.2049999237060547,3.240000009536743,3.240000009536743,1353000
2021-03-03,3.2799999713897705,3.3410000801086426,3.130000114440918,3.1700000762939453,3.1700000762939453,833900
2021-03-04,3.190000057220459,3.2100000381469727,2.819999933242798,2.9100000858306885,2.9100000858306885,1579900
2021-03-05,2.9100000858306885,2.950000047683716,2.549999952316284,2.880000114440918,2.880000114440918,1205600
2021-03-08,2.9100000858306885,2.9700000286102295,2.8299999237060547,2.859999895095825,2.859999895095825,930800
2021-03-09,2.8499999046325684,3.140000104904175,2.8499999046325684,3.0899999141693115,3.0899999141693115,565000
2021-03-10,3.140000104904175,3.2300000190734863,3.059999942779541,3.1500000953674316,3.1500000953674316,325300
2021-03-11,3.1500000953674316,3.309999942779541,3.069999933242798,3.240000009536743,3.240000009536743,440200
2021-03-12,3.2300000190734863,3.2699999809265137,3.1500000953674316,3.2300000190734863,3.2300000190734863,265400
2021-03-15,3.240000009536743,3.3499999046325684,3.2300000190734863,3.2799999713897705,3.2799999713897705,347900
2021-03-16,3.299999952316284,3.4800000190734863,3.200000047683716,3.2100000381469727,3.2100000381469727,1250400
2021-03-17,3.130000114440918,3.390000104904175,3.059999942779541,3.299999952316284,3.299999952316284,527300
2021-03-18,3.2699999809265137,3.369999885559082,3.140000104904175,3.180000066757202,3.180000066757202,495700
2021-03-19,3.1500000953674316,3.2899999618530273,3.069999933242798,3.069999933242798,3.069999933242798,879500
2021-03-22,3.1500000953674316,3.299999952316284,3.1050000190734863,3.299999952316284,3.299999952316284,335200
2021-03-23,3.2300000190734863,3.25,3.009999990463257,3.069999933242798,3.069999933242798,413200
2021-03-24,3.0999999046325684,3.119999885559082,2.8350000381469727,2.859999895095825,2.859999895095825,702700
2021-03-25,2.8499999046325684,3.190000057220459,2.812999963760376,3.119999885559082,3.119999885559082,509000
2021-03-26,3.2200000286102295,3.2200000286102295,2.9600000381469727,3.069999933242798,3.069999933242798,312500
2021-03-29,3.049999952316284,3.049999952316284,2.8399999141693115,2.9000000953674316,2.9000000953674316,436700
2021-03-30,2.9200000762939453,3.049999952316284,2.8299999237060547,2.940000057220459,2.940000057220459,186800
2021-03-31,2.950000047683716,3.0799999237060547,2.9100000858306885,3.0799999237060547,3.0799999237060547,256400
2021-04-01,3.0899999141693115,3.1600000858306885,3.059999942779541,3.140000104904175,3.140000104904175,256300
2021-04-05,3.119999885559082,3.1500000953674316,3.0,3.059999942779541,3.059999942779541,434200
2021-04-06,3.059999942779541,3.119999885559082,3.0399999618530273,3.069999933242798,3.069999933242798,159600
2021-04-07,3.0799999237060547,3.0999999046325684,2.9600000381469727,2.9700000286102295,2.9700000286102295,225800
2021-04-08,2.950000047683716,3.0,2.9000000953674316,2.940000057220459,2.940000057220459,235900
2021-04-09,2.9200000762939453,2.950000047683716,2.859999895095825,2.9000000953674316,2.9000000953674316,258400
2021-04-12,2.9100000858306885,2.9200000762939453,2.7200000286102295,2.7300000190734863,2.7300000190734863,399900
2021-04-13,2.7699999809265137,2.7899999618530273,2.680000066757202,2.740000009536743,2.740000009536743,163000
2021-04-14,2.740000009536743,2.890000104904175,2.740000009536743,2.8299999237060547,2.8299999237060547,204200
2021-04-15,2.8299999237060547,2.890000104904175,2.7200000286102295,2.7799999713897705,2.7799999713897705,138400
2021-04-16,2.7699999809265137,2.7699999809265137,2.6600000858306885,2.7100000381469727,2.7100000381469727,239500
2021-04-19,2.6700000762939453,2.740000009536743,2.5999999046325684,2.630000114440918,2.630000114440918,244900
2021-04-20,2.640000104904175,2.7300000190734863,2.509999990463257,2.569999933242798,2.569999933242798,283200
2021-04-21,2.559999942779541,2.799999952316284,2.555000066757202,2.75,2.75,123200
2021-04-22,2.799999952316284,2.9100000858306885,2.799999952316284,2.8499999046325684,2.8499999046325684,182500
2021-04-23,2.880000114440918,2.9700000286102295,2.7699999809265137,2.809999942779541,2.809999942779541,203900
2021-04-26,2.8299999237060547,2.9000000953674316,2.740000009536743,2.8499999046325684,2.8499999046325684,252000
2021-04-27,2.8399999141693115,2.9089999198913574,2.809999942779541,2.8399999141693115,2.8399999141693115,96500
2021-04-28,2.8499999046325684,2.930000066757202,2.809999942779541,2.880000114440918,2.880000114440918,79400
2021-04-29,2.9100000858306885,2.9200000762939453,2.809999942779541,2.819999933242798,2.819999933242798,92000
2021-04-30,2.7799999713897705,2.9000000953674316,2.7300000190734863,2.819999933242798,2.819999933242798,103400
2021-05-03,2.819999933242798,2.8399999141693115,2.7219998836517334,2.759999990463257,2.759999990463257,121800
2021-05-04,2.759999990463257,2.9749999046325684,2.690000057220459,2.8399999141693115,2.8399999141693115,4288500
2021-05-05,2.880000114440918,3.119999885559082,2.859999895095825,2.869999885559082,2.869999885559082,1762700
2021-05-06,3.0,3.009999990463257,2.809999942779541,2.940000057220459,2.940000057220459,510100
2021-05-07,2.950000047683716,2.984999895095825,2.869999885559082,2.9100000858306885,2.9100000858306885,133700
2021-05-10,2.9000000953674316,2.9200000762939453,2.559999942779541,2.559999942779541,2.559999942779541,685400
2021-05-11,2.549999952316284,2.628000020980835,2.450000047683716,2.5199999809265137,2.5199999809265137,275000
2021-05-12,2.5199999809265137,2.6700000762939453,2.5,2.6500000953674316,2.6500000953674316,224900
2021-05-13,2.640000104904175,2.6500000953674316,2.450000047683716,2.4600000381469727,2.4600000381469727,302100
2021-05-14,2.5,2.559999942779541,2.450000047683716,2.5,2.5,244800
2021-05-17,2.490000009536743,2.5299999713897705,2.440000057220459,2.490000009536743,2.490000009536743,180100
2021-05-18,2.4700000286102295,2.630000114440918,2.4100000858306885,2.5799999237060547,2.5799999237060547,275000
2021-05-19,2.5299999713897705,2.630000114440918,2.509999990463257,2.569999933242798,2.569999933242798,134600
2021-05-20,2.559999942779541,2.640000104904175,2.559999942779541,2.5999999046325684,2.5999999046325684,65700
2021-05-21,2.5999999046325684,2.7300000190734863,2.569999933242798,2.7200000286102295,2.7200000286102295,128400
2021-05-24,2.75,2.75,2.559999942779541,2.559999942779541,2.559999942779541,181300
2021-05-25,2.559999942779541,2.630000114440918,2.5399999618530273,2.569999933242798,2.569999933242798,130000
2021-05-26,2.569999933242798,2.690000057220459,2.549999952316284,2.6600000858306885,2.6600000858306885,162700
2021-05-27,2.869999885559082,2.9000000953674316,2.6700000762939453,2.7699999809265137,2.7699999809265137,969200
2021-05-28,2.809999942779541,2.859999895095825,2.7300000190734863,2.740000009536743,2.740000009536743,165800
2021-06-01,2.7699999809265137,2.799999952316284,2.6500000953674316,2.7300000190734863,2.7300000190734863,141000
2021-06-02,2.7300000190734863,2.819999933242798,2.700000047683716,2.7100000381469727,2.7100000381469727,193100
2021-06-03,2.6600000858306885,2.7200000286102295,2.640000104904175,2.690000057220459,2.690000057220459,161900
2021-06-04,2.700000047683716,2.7119998931884766,2.6500000953674316,2.690000057220459,2.690000057220459,133800
2021-06-07,2.680000066757202,2.7899999618530273,2.680000066757202,2.7699999809265137,2.7699999809265137,145000
2021-06-08,2.759999990463257,2.8399999141693115,2.7300000190734863,2.809999942779541,2.809999942779541,103300
2021-06-09,2.799999952316284,2.8499999046325684,2.7899999618530273,2.7899999618530273,2.7899999618530273,159700
2021-06-10,2.7899999618530273,2.9000000953674316,2.7699999809265137,2.8399999141693115,2.8399999141693115,186800
2021-06-11,2.8399999141693115,2.869999885559082,2.7699999809265137,2.799999952316284,2.799999952316284,101800
2021-06-14,2.799999952316284,2.859999895095825,2.7799999713897705,2.8299999237060547,2.8299999237060547,126200
2021-06-15,2.8299999237060547,2.869999885559082,2.740000009536743,2.740000009536743,2.740000009536743,192300
2021-06-16,2.7200000286102295,2.799999952316284,2.700000047683716,2.7899999618530273,2.7899999618530273,165500
2021-06-17,2.7799999713897705,2.8499999046325684,2.7260000705718994,2.7799999713897705,2.7799999713897705,215800
2021-06-18,2.7300000190734863,2.859999895095825,2.7100000381469727,2.7300000190734863,2.7300000190734863,166900
2021-06-21,2.7100000381469727,2.7230000495910645,2.5,2.5899999141693115,2.5899999141693115,285400
2021-06-22,2.5999999046325684,2.75,2.5999999046325684,2.6700000762939453,2.6700000762939453,579600
2021-06-23,2.6500000953674316,2.809999942779541,2.6389999389648438,2.7100000381469727,2.7100000381469727,144900
2021-06-24,2.7100000381469727,2.8299999237060547,2.7100000381469727,2.809999942779541,2.809999942779541,137300
2021-06-25,2.799999952316284,2.8499999046325684,2.760999917984009,2.8399999141693115,2.8399999141693115,131800
2021-06-28,2.8299999237060547,2.8499999046325684,2.759999990463257,2.7899999618530273,2.7899999618530273,101700
2021-06-29,2.7699999809265137,2.8299999237060547,2.6700000762939453,2.7100000381469727,2.7100000381469727,132000
2021-06-30,2.690000057220459,2.7200000286102295,2.6500000953674316,2.6700000762939453,2.6700000762939453,98900
2021-07-01,2.7200000286102295,2.7300000190734863,2.6600000858306885,2.680000066757202,2.680000066757202,77200
2021-07-02,2.690000057220459,2.759999990463257,2.6659998893737793,2.7100000381469727,2.7100000381469727,192000
2021-07-06,2.700000047683716,2.7100000381469727,2.619999885559082,2.700000047683716,2.700000047683716,113700
2021-07-07,2.690000057220459,2.690000057220459,2.5,2.559999942779541,2.559999942779541,285400
2021-07-08,2.549999952316284,2.559999942779541,2.4700000286102295,2.490000009536743,2.490000009536743,145100
2021-07-09,2.549999952316284,2.5810000896453857,2.5,2.559999942779541,2.559999942779541,94600
2021-07-12,2.559999942779541,2.569999933242798,2.4700000286102295,2.490000009536743,2.490000009536743,145100
2021-07-13,2.5199999809265137,2.5199999809265137,2.440000057220459,2.4700000286102295,2.4700000286102295,116500
2021-07-14,2.5,2.5,2.3399999141693115,2.369999885559082,2.369999885559082,197500
2021-07-15,2.390000104904175,2.490000009536743,2.299999952316284,2.3299999237060547,2.3299999237060547,545100
2021-07-16,2.0999999046325684,2.3299999237060547,2.069999933242798,2.309999942779541,2.309999942779541,853200
2021-07-19,2.180000066757202,2.319999933242798,2.140000104904175,2.180000066757202,2.180000066757202,350500
2021-07-20,2.190000057220459,2.3499999046325684,2.0999999046325684,2.299999952316284,2.299999952316284,355400
2021-07-21,2.319999933242798,2.390000104904175,2.299999952316284,2.3399999141693115,2.3399999141693115,137000
2021-07-22,2.3399999141693115,2.390000104904175,2.252000093460083,2.3499999046325684,2.3499999046325684,127600
2021-07-23,2.4000000953674316,2.4000000953674316,2.2300000190734863,2.25,2.25,210500
2021-07-26,2.25,2.25,2.119999885559082,2.1600000858306885,2.1600000858306885,178000
2021-07-27,2.140000104904175,2.200000047683716,2.0399999618530273,2.0999999046325684,2.0999999046325684,176600
2021-07-28,2.0999999046325684,2.309999942779541,2.0999999046325684,2.180000066757202,2.180000066757202,904900
2021-07-29,2.2100000381469727,2.299999952316284,2.130000114440918,2.1600000858306885,2.1600000858306885,405200
2021-07-30,2.109999895095825,2.200000047683716,2.0810000896453857,2.0899999141693115,2.0899999141693115,218400
2021-08-02,2.059999942779541,2.2100000381469727,2.059999942779541,2.140000104904175,2.140000104904175,347200
2021-08-03,2.140000104904175,2.200000047683716,2.0799999237060547,2.0999999046325684,2.0999999046325684,285900
2021-08-04,2.059999942779541,2.138000011444092,1.9600000381469727,1.9600000381469727,1.9600000381469727,375200
2021-08-05,1.9700000286102295,2.0999999046325684,1.9600000381469727,2.0,2.0,229800
2021-08-06,2.0,2.140000104904175,1.9900000095367432,2.130000114440918,2.130000114440918,241900
2021-08-09,2.140000104904175,2.180000066757202,2.0399999618530273,2.059999942779541,2.059999942779541,174300
2021-08-10,2.059999942779541,2.0999999046325684,2.0,2.0,2.0,139600
2021-08-11,2.009999990463257,2.059999942779541,2.0,2.0399999618530273,2.0399999618530273,112100
2021-08-12,2.0299999713897705,2.0399999618530273,2.0,2.0,2.0,93700
2021-08-13,2.0199999809265137,2.0899999141693115,1.9500000476837158,1.9800000190734863,1.9800000190734863,218900
2021-08-16,1.9500000476837158,1.9950000047683716,1.8700000047683716,1.8899999856948853,1.8899999856948853,327200
2021-08-17,1.8700000047683716,1.9500000476837158,1.8600000143051147,1.9299999475479126,1.9299999475479126,118200
2021-08-18,1.940000057220459,1.9700000286102295,1.8700000047683716,1.940000057220459,1.940000057220459,114900
2021-08-19,1.940000057220459,1.940000057220459,1.8700000047683716,1.8899999856948853,1.8899999856948853,80800
2021-08-20,1.8799999952316284,1.940000057220459,1.8600000143051147,1.909999966621399,1.909999966621399,108600
2021-08-23,1.9199999570846558,2.069999933242798,1.9110000133514404,2.049999952316284,2.049999952316284,113300
2021-08-24,2.0799999237060547,2.0899999141693115,1.9700000286102295,2.0799999237060547,2.0799999237060547,363800
2021-08-25,2.0899999141693115,2.25,2.061000108718872,2.2200000286102295,2.2200000286102295,269600
2021-08-26,2.2200000286102295,2.2699999809265137,2.1500000953674316,2.200000047683716,2.200000047683716,81500
2021-08-27,2.190000057220459,2.299999952316284,2.180000066757202,2.2100000381469727,2.2100000381469727,83000
2021-08-30,2.2100000381469727,2.2200000286102295,2.130000114440918,2.1600000858306885,2.1600000858306885,125900
2021-08-31,2.1500000953674316,2.3299999237060547,2.140000104904175,2.259999990463257,2.259999990463257,548500
2021-09-01,2.25,2.359999895095825,2.234999895095825,2.3299999237060547,2.3299999237060547,284700
2021-09-02,2.359999895095825,2.7300000190734863,2.3399999141693115,2.7200000286102295,2.7200000286102295,834800
2021-09-03,2.799999952316284,2.8399999141693115,2.549999952316284,2.7799999713897705,2.7799999713897705,725100
2021-09-07,2.7799999713897705,2.7909998893737793,2.6500000953674316,2.740000009536743,2.740000009536743,168800
2021-09-08,2.7100000381469727,2.7200000286102295,2.5,2.5199999809265137,2.5199999809265137,198300
2021-09-09,2.5299999713897705,2.690000057220459,2.5299999713897705,2.5999999046325684,2.5999999046325684,169800
2021-09-10,2.5999999046325684,2.5999999046325684,2.440000057220459,2.4800000190734863,2.4800000190734863,103600
2021-09-13,2.5,2.5,2.4100000858306885,2.490000009536743,2.490000009536743,91300
2021-09-14,2.4800000190734863,2.5,2.2100000381469727,2.240000009536743,2.240000009536743,227700
2021-09-15,2.259999990463257,2.4000000953674316,2.259999990463257,2.2899999618530273,2.2899999618530273,63100
2021-09-16,2.2799999713897705,2.5199999809265137,2.2200000286102295,2.259999990463257,2.259999990463257,4082600
2021-09-17,3.7899999618530273,5.800000190734863,3.569999933242798,5.320000171661377,5.320000171661377,252822100
2021-09-20,4.960000038146973,6.900000095367432,4.78000020980835,6.170000076293945,6.170000076293945,74552000
2021-09-21,5.53000020980835,9.539999961853027,5.320000171661377,8.529999732971191,8.529999732971191,85205700
2021-09-22,8.399999618530273,8.890000343322754,7.039999961853027,7.489999771118164,7.489999771118164,29240600
2021-09-23,7.210000038146973,7.420000076293945,6.539999961853027,7.03000020980835,7.03000020980835,6143600
2021-09-24,6.920000076293945,7.360000133514404,6.650000095367432,6.800000190734863,6.800000190734863,4018600
2021-09-27,7.0,8.109999656677246,6.809999942779541,7.670000076293945,7.670000076293945,13336300
2021-09-28,7.559999942779541,7.730000019073486,6.539999961853027,6.889999866485596,6.889999866485596,4059200
2021-09-29,6.75,7.110000133514404,6.119999885559082,6.320000171661377,6.320000171661377,3549100
2021-09-30,6.019999980926514,6.25,4.800000190734863,4.840000152587891,4.840000152587891,11092700
2021-10-01,4.989999771118164,5.389999866485596,4.809999942779541,4.809999942779541,4.809999942779541,7577200
2021-10-04,4.752999782562256,5.289999961853027,4.599999904632568,4.800000190734863,4.800000190734863,4622900
2021-10-05,4.739999771118164,4.889999866485596,4.380000114440918,4.71999979019165,4.71999979019165,2965500
2021-10-06,4.739999771118164,4.809999942779541,4.539999961853027,4.630000114440918,4.630000114440918,1014200
2021-10-07,4.670000076293945,4.940000057220459,4.5970001220703125,4.869999885559082,4.869999885559082,1570800
2021-10-08,4.78000020980835,4.875,4.590000152587891,4.699999809265137,4.699999809265137,1085300
2021-10-11,4.673999786376953,5.409999847412109,4.635000228881836,5.309999942779541,5.309999942779541,4113300
2021-10-12,5.25,5.5,5.0,5.150000095367432,5.150000095367432,1263200
2021-10-13,5.090000152587891,5.235000133514404,5.0,5.039999961853027,5.039999961853027,512000
2021-10-14,5.070000171661377,5.369999885559082,5.050000190734863,5.130000114440918,5.130000114440918,1327200
2021-10-15,5.210000038146973,5.210000038146973,4.769999980926514,4.949999809265137,4.949999809265137,1202500
2021-10-18,4.880000114440918,4.89900016784668,4.570000171661377,4.619999885559082,4.619999885559082,932700
2021-10-19,4.699999809265137,4.880000114440918,4.570000171661377,4.659999847412109,4.659999847412109,758800
2021-10-20,4.619999885559082,4.764999866485596,4.519999980926514,4.730000019073486,4.730000019073486,560600
2021-10-21,4.699999809265137,4.840000152587891,4.650000095367432,4.789999961853027,4.789999961853027,449600
2021-10-22,4.730000019073486,4.860000133514404,4.28000020980835,4.46999979019165,4.46999979019165,982600
2021-10-25,4.46999979019165,4.630000114440918,4.349999904632568,4.489999771118164,4.489999771118164,476000
2021-10-26,4.460000038146973,4.579999923706055,4.289999961853027,4.460000038146973,4.460000038146973,622100
2021-10-27,4.380000114440918,4.610000133514404,4.349999904632568,4.559999942779541,4.559999942779541,369900
2021-10-28,4.5,4.650000095367432,4.335999965667725,4.619999885559082,4.619999885559082,905900
2021-10-29,4.590000152587891,4.639999866485596,4.440000057220459,4.53000020980835,4.53000020980835,512300
2021-11-01,4.539999961853027,5.050000190734863,4.4679999351501465,4.829999923706055,4.829999923706055,1175300
2021-11-02,4.809999942779541,5.019999980926514,4.650000095367432,4.960000038146973,4.960000038146973,1139000
2021-11-03,4.929999828338623,5.260000228881836,4.860000133514404,5.21999979019165,5.21999979019165,1344400
2021-11-04,5.239999771118164,5.25,4.892000198364258,5.159999847412109,5.159999847412109,703800
2021-11-05,5.170000076293945,5.170000076293945,4.760000228881836,5.0,5.0,693300
2021-11-08,5.03000020980835,5.119999885559082,4.860000133514404,4.900000095367432,4.900000095367432,489700
2021-11-09,4.989999771118164,4.994999885559082,4.699999809265137,4.769999980926514,4.769999980926514,546400
2021-11-10,4.800000190734863,4.869999885559082,4.440000057220459,4.639999866485596,4.639999866485596,726500
2021-11-11,4.710000038146973,4.71999979019165,4.429999828338623,4.429999828338623,4.429999828338623,713600
2021-11-12,4.400000095367432,4.5,3.9000000953674316,4.21999979019165,4.21999979019165,1820000
2021-11-15,4.260000228881836,4.289999961853027,3.680000066757202,3.700000047683716,3.700000047683716,1205100
2021-11-16,3.6500000953674316,3.759999990463257,3.5999999046325684,3.5999999046325684,3.5999999046325684,747300
2021-11-17,3.569999933242798,3.640000104904175,3.4600000381469727,3.5899999141693115,3.5899999141693115,860500
2021-11-18,3.6500000953674316,3.680000066757202,3.2699999809265137,3.4200000762939453,3.4200000762939453,1180800
2021-11-19,3.390000104904175,3.549999952316284,3.2899999618530273,3.5,3.5,897200
2021-11-22,3.440000057220459,3.4800000190734863,3.140000104904175,3.259999990463257,3.259999990463257,818800
2021-11-23,3.2200000286102295,3.380000114440918,3.130000114440918,3.2899999618530273,3.2899999618530273,569700
2021-11-24,3.2699999809265137,3.4700000286102295,3.180000066757202,3.380000114440918,3.380000114440918,726400
2021-11-26,3.2899999618530273,3.4800000190734863,3.2100000381469727,3.4100000858306885,3.4100000858306885,340400
2021-11-29,3.440000057220459,3.5,3.2950000762939453,3.450000047683716,3.450000047683716,574200
2021-11-30,3.430000066757202,3.440000057220459,3.2300000190734863,3.4100000858306885,3.4100000858306885,568100
2021-12-01,3.5899999141693115,3.640000104904175,3.2100000381469727,3.2699999809265137,3.2699999809265137,1117100
2021-12-02,3.2799999713897705,3.390000104904175,3.200000047683716,3.309999942779541,3.309999942779541,449800
2021-12-03,3.4100000858306885,3.4100000858306885,3.069999933242798,3.0999999046325684,3.0999999046325684,546600
2021-12-06,3.059999942779541,3.1500000953674316,2.990000009536743,3.0799999237060547,3.0799999237060547,691300
2021-12-07,3.1700000762939453,3.3499999046325684,3.1700000762939453,3.25,3.25,404600
2021-12-08,3.2300000190734863,3.3589999675750732,3.194999933242798,3.3399999141693115,3.3399999141693115,209600
2021-12-09,3.3499999046325684,3.4100000858306885,3.0899999141693115,3.130000114440918,3.130000114440918,1076000
2021-12-10,3.1600000858306885,3.1989998817443848,2.8499999046325684,2.859999895095825,2.859999895095825,614100
2021-12-13,2.880000114440918,2.9700000286102295,2.799999952316284,2.940000057220459,2.940000057220459,387400
2021-12-14,2.9200000762939453,2.930000066757202,2.7200000286102295,2.75,2.75,556200
2021-12-15,2.7899999618530273,2.7899999618530273,2.5799999237060547,2.75,2.75,743100
2021-12-16,2.759999990463257,2.943000078201294,2.6500000953674316,2.690000057220459,2.690000057220459,713100
2021-12-17,2.640000104904175,2.819999933242798,2.569999933242798,2.7300000190734863,2.7300000190734863,539500
2021-12-20,2.6600000858306885,2.765000104904175,2.630000114440918,2.630000114440918,2.630000114440918,556400
2021-12-21,2.640000104904175,2.799999952316284,2.490000009536743,2.6700000762939453,2.6700000762939453,762800
2021-12-22,2.640000104904175,2.7799999713897705,2.630000114440918,2.6500000953674316,2.6500000953674316,533500
2021-12-23,2.690000057220459,2.7799999713897705,2.569999933242798,2.7300000190734863,2.7300000190734863,536000
2021-12-27,2.7799999713897705,2.7799999713897705,2.5,2.5299999713897705,2.5299999713897705,855300
2021-12-28,2.5,2.5399999618530273,2.4000000953674316,2.4200000762939453,2.4200000762939453,539200
2021-12-29,2.4200000762939453,2.4800000190734863,2.2899999618530273,2.3399999141693115,2.3399999141693115,733300
2021-12-30,2.3399999141693115,2.549999952316284,2.3299999237060547,2.4600000381469727,2.4600000381469727,568400
2021-12-31,2.430000066757202,2.5,2.3499999046325684,2.4100000858306885,2.4100000858306885,726300
2022-01-03,2.450000047683716,2.509999990463257,2.369999885559082,2.4800000190734863,2.4800000190734863,558400
2022-01-04,2.4700000286102295,2.4800000190734863,2.3499999046325684,2.4000000953674316,2.4000000953674316,448400
2022-01-05,2.4100000858306885,2.490000009536743,2.2300000190734863,2.25,2.25,600900
2022-01-06,2.2699999809265137,2.299999952316284,2.1600000858306885,2.2300000190734863,2.2300000190734863,553000
2022-01-07,2.200000047683716,2.319999933242798,2.121000051498413,2.1700000762939453,2.1700000762939453,413500
2022-01-10,2.1500000953674316,2.1500000953674316,2.049999952316284,2.1500000953674316,2.1500000953674316,202200
2022-01-11,2.0999999046325684,2.2269999980926514,2.0510001182556152,2.1600000858306885,2.1600000858306885,184700
2022-01-12,2.180000066757202,2.259999990463257,2.140000104904175,2.1500000953674316,2.1500000953674316,685400
2022-01-13,2.1500000953674316,2.25,2.109999895095825,2.200000047683716,2.200000047683716,523900
2022-01-14,2.1600000858306885,2.259999990463257,2.130000114440918,2.25,2.25,351900
2022-01-18,2.25,2.25,2.009999990463257,2.015000104904175,2.015000104904175,434000
2022-01-19,2.059999942779541,2.0989999771118164,1.9249999523162842,1.940000057220459,1.940000057220459,622800
2022-01-20,1.940000057220459,1.9900000095367432,1.8700000047683716,1.8899999856948853,1.8899999856948853,354500
2022-01-21,1.8600000143051147,1.871000051498413,1.75,1.7699999809265137,1.7699999809265137,512500
2022-01-24,1.7000000476837158,1.7599999904632568,1.600000023841858,1.7300000190734863,1.7300000190734863,674100
2022-01-25,1.7100000381469727,1.8300000429153442,1.7000000476837158,1.7999999523162842,1.7999999523162842,207500
2022-01-26,1.8700000047683716,1.8700000047683716,1.7300000190734863,1.75,1.75,217800
2022-01-27,1.7599999904632568,1.7599999904632568,1.590000033378601,1.6200000047683716,1.6200000047683716,434900
2022-01-28,1.6299999952316284,1.6699999570846558,1.559999942779541,1.659999966621399,1.659999966621399,174000
2022-01-31,1.6699999570846558,1.7999999523162842,1.6699999570846558,1.7999999523162842,1.7999999523162842,306000
2022-02-01,1.840000033378601,1.9900000095367432,1.774999976158142,1.8700000047683716,1.8700000047683716,438700
2022-02-02,1.8799999952316284,1.8799999952316284,1.7350000143051147,1.75,1.75,252900
2022-02-03,1.7000000476837158,1.7699999809265137,1.659999966621399,1.6799999475479126,1.6799999475479126,156600
2022-02-04,1.6799999475479126,1.8450000286102295,1.659999966621399,1.8300000429153442,1.8300000429153442,224300
2022-02-07,1.8200000524520874,2.0199999809265137,1.7699999809265137,2.009999990463257,2.009999990463257,457000
2022-02-08,1.9700000286102295,2.009999990463257,1.906000018119812,2.0,2.0,257800
2022-02-09,2.049999952316284,2.140000104904175,1.9500000476837158,2.140000104904175,2.140000104904175,366500
2022-02-10,2.0999999046325684,2.1700000762939453,1.9700000286102295,1.9900000095367432,1.9900000095367432,283000
2022-02-11,2.0,2.0799999237060547,1.909999966621399,1.9199999570846558,1.9199999570846558,240100
2022-02-14,1.940999984741211,2.0,1.8799999952316284,1.899999976158142,1.899999976158142,210600
2022-02-15,1.9600000381469727,2.109999895095825,1.9600000381469727,2.0399999618530273,2.0399999618530273,302300
2022-02-16,2.049999952316284,2.069999933242798,1.9800000190734863,2.0199999809265137,2.0199999809265137,163700
2022-02-17,2.0,2.009999990463257,1.9199999570846558,1.9500000476837158,1.9500000476837158,278900
2022-02-18,1.9199999570846558,1.9500000476837158,1.850000023841858,1.850000023841858,1.850000023841858,232900
2022-02-22,1.8300000429153442,1.8600000143051147,1.7899999618530273,1.8200000524520874,1.8200000524520874,193200
2022-02-23,1.8200000524520874,1.8799999952316284,1.7599999904632568,1.7699999809265137,1.7699999809265137,136000
2022-02-24,1.7200000286102295,1.840000033378601,1.649999976158142,1.8300000429153442,1.8300000429153442,254100
2022-02-25,1.840000033378601,1.8799999952316284,1.7200000286102295,1.840000033378601,1.840000033378601,163000
2022-02-28,1.7999999523162842,1.8600000143051147,1.75,1.7699999809265137,1.7699999809265137,73400
2022-03-01,1.7599999904632568,1.7999999523162842,1.6799999475479126,1.7000000476837158,1.7000000476837158,114200
2022-03-02,1.690000057220459,1.7200000286102295,1.649999976158142,1.6799999475479126,1.6799999475479126,100500
2022-03-03,1.7200000286102295,1.7200000286102295,1.600000023841858,1.6200000047683716,1.6200000047683716,163900
2022-03-04,1.6200000047683716,1.6200000047683716,1.5299999713897705,1.5299999713897705,1.5299999713897705,205200
2022-03-07,1.5199999809265137,1.690000057220459,1.5199999809265137,1.559999942779541,1.559999942779541,266100
2022-03-08,1.5399999618530273,1.649999976158142,1.5099999904632568,1.5299999713897705,1.5299999713897705,124100
2022-03-09,1.5499999523162842,1.649999976158142,1.5499999523162842,1.649999976158142,1.649999976158142,121400
2022-03-10,1.600000023841858,1.6100000143051147,1.5299999713897705,1.590000033378601,1.590000033378601,182100
2022-03-11,1.649999976158142,1.649999976158142,1.5,1.5099999904632568,1.5099999904632568,224300
2022-03-14,1.5299999713897705,1.5299999713897705,1.350000023841858,1.5,1.5,298500
2022-03-15,1.5,1.5,1.4199999570846558,1.4600000381469727,1.4600000381469727,134900
2022-03-16,1.4900000095367432,1.6200000047683716,1.4299999475479126,1.600000023841858,1.600000023841858,230300
2022-03-17,1.559999942779541,1.6799999475479126,1.5379999876022339,1.6200000047683716,1.6200000047683716,269500
2022-03-18,1.7400000095367432,1.8530000448226929,1.6799999475479126,1.7599999904632568,1.7599999904632568,554900
2022-03-21,1.7599999904632568,1.8300000429153442,1.6299999952316284,1.6799999475479126,1.6799999475479126,194500
2022-03-22,1.75,1.7899999618530273,1.6799999475479126,1.7000000476837158,1.7000000476837158,193200
2022-03-23,1.7300000190734863,1.7400000095367432,1.6699999570846558,1.690000057220459,1.690000057220459,109000
2022-03-24,1.7000000476837158,1.7300000190734863,1.659999966621399,1.659999966621399,1.659999966621399,98800
2022-03-25,1.7000000476837158,1.7000000476837158,1.6399999856948853,1.649999976158142,1.649999976158142,81000
2022-03-28,1.6399999856948853,1.6799999475479126,1.559999942779541,1.590000033378601,1.590000033378601,145700
2022-03-29,1.6399999856948853,1.6699999570846558,1.600000023841858,1.6200000047683716,1.6200000047683716,114700
2022-03-30,1.6299999952316284,1.6299999952316284,1.559999942779541,1.5700000524520874,1.5700000524520874,208500
2022-03-31,1.559999942779541,1.6790000200271606,1.559999942779541,1.6399999856948853,1.6399999856948853,186000
2022-04-01,1.6200000047683716,1.8899999856948853,1.6200000047683716,1.7699999809265137,1.7699999809265137,876300
2022-04-04,1.840000033378601,2.0850000381469727,1.7699999809265137,2.0299999713897705,2.0299999713897705,1086400
2022-04-05,2.049999952316284,2.109999895095825,1.8799999952316284,1.940000057220459,1.940000057220459,311500
2022-04-06,1.8899999856948853,1.9900000095367432,1.8300000429153442,1.9700000286102295,1.9700000286102295,245700
2022-04-07,1.9700000286102295,1.9700000286102295,1.7799999713897705,1.8700000047683716,1.8700000047683716,232000
2022-04-08,1.8300000429153442,1.899999976158142,1.7200000286102295,1.7300000190734863,1.7300000190734863,205700
2022-04-11,1.7100000381469727,1.7100000381469727,1.5549999475479126,1.5800000429153442,1.5800000429153442,443100
2022-04-12,1.6200000047683716,1.6200000047683716,1.3600000143051147,1.409999966621399,1.409999966621399,1178600
2022-04-13,1.3799999952316284,1.5199999809265137,1.3799999952316284,1.4900000095367432,1.4900000095367432,578200
2022-04-14,1.4600000381469727,1.5,1.4199999570846558,1.4500000476837158,1.4500000476837158,103900
2022-04-18,1.4299999475479126,1.4500000476837158,1.3200000524520874,1.340000033378601,1.340000033378601,267800
2022-04-19,1.350000023841858,1.4299999475479126,1.3200000524520874,1.3700000047683716,1.3700000047683716,160700
2022-04-20,1.3700000047683716,1.399999976158142,1.2999999523162842,1.399999976158142,1.399999976158142,157200
2022-04-21,1.4199999570846558,1.4500000476837158,1.2899999618530273,1.3300000429153442,1.3300000429153442,300100
2022-04-22,1.3200000524520874,1.399999976158142,1.2999999523162842,1.3899999856948853,1.3899999856948853,174700
2022-04-25,1.340000033378601,1.409999966621399,1.3300000429153442,1.350000023841858,1.350000023841858,113400
2022-04-26,1.3600000143051147,1.4199999570846558,1.340000033378601,1.3700000047683716,1.3700000047683716,188700
2022-04-27,1.409999966621399,1.4500000476837158,1.350000023841858,1.3899999856948853,1.3899999856948853,140900
2022-04-28,1.3799999952316284,1.3849999904632568,1.2799999713897705,1.3600000143051147,1.3600000143051147,261700
2022-04-29,1.350000023841858,1.4199999570846558,1.2799999713897705,1.309999942779541,1.309999942779541,142800
2022-05-02,1.2999999523162842,1.3700000047683716,1.2899999618530273,1.3600000143051147,1.3600000143051147,94600
2022-05-03,1.3899999856948853,1.3899999856948853,1.309999942779541,1.3300000429153442,1.3300000429153442,102500
2022-05-04,1.3300000429153442,1.3799999952316284,1.2799999713897705,1.3700000047683716,1.3700000047683716,145700
2022-05-05,1.350000023841858,1.3600000143051147,1.2999999523162842,1.3300000429153442,1.3300000429153442,115900
2022-05-06,1.309999942779541,1.309999942779541,1.2599999904632568,1.2699999809265137,1.2699999809265137,160300
2022-05-09,1.2799999713897705,1.2799999713897705,1.100000023841858,1.1200000047683716,1.1200000047683716,537100
2022-05-10,1.1200000047683716,1.2549999952316284,1.1200000047683716,1.2200000286102295,1.2200000286102295,287800
2022-05-11,1.2200000286102295,1.2230000495910645,1.0800000429153442,1.100000023841858,1.100000023841858,269000
2022-05-12,1.1200000047683716,1.1200000047683716,1.0199999809265137,1.0399999618530273,1.0399999618530273,173000
2022-05-13,1.0399999618530273,1.0640000104904175,1.0099999904632568,1.0399999618530273,1.0399999618530273,494900
2022-05-16,1.0199999809265137,1.0800000429153442,1.0099999904632568,1.0299999713897705,1.0299999713897705,316400
2022-05-17,1.0499999523162842,1.100000023841858,1.0399999618530273,1.059999942779541,1.059999942779541,232500
2022-05-18,1.0800000429153442,1.090000033378601,1.0299999713897705,1.059999942779541,1.059999942779541,162100
2022-05-19,1.0399999618530273,1.090000033378601,1.0199999809265137,1.0700000524520874,1.0700000524520874,335500
2022-05-20,1.0800000429153442,1.090000033378601,1.0,1.0449999570846558,1.0449999570846558,338300
2022-05-23,1.0499999523162842,1.0700000524520874,1.0,1.0199999809265137,1.0199999809265137,80200
2022-05-24,1.0299999713897705,1.034999966621399,0.949999988079071,0.9670000076293945,0.9670000076293945,146100
2022-05-25,0.9599999785423279,1.0099999904632568,0.9399999976158142,1.0,1.0,117200
2022-05-26,0.9890000224113464,1.0700000524520874,0.9890000224113464,1.0499999523162842,1.0499999523162842,164800
2022-05-27,1.0399999618530273,1.0800000429153442,1.0199999809265137,1.0800000429153442,1.0800000429153442,92200
2022-05-31,1.090000033378601,1.090000033378601,1.0299999713897705,1.0299999713897705,1.0299999713897705,55400
2022-06-01,1.0199999809265137,1.0800000429153442,0.9800000190734863,0.9819999933242798,0.9819999933242798,193600
2022-06-02,0.9900000095367432,1.0099999904632568,0.949999988079071,0.9879999756813049,0.9879999756813049,97200
2022-06-03,0.9900000095367432,1.0800000429153442,0.9750000238418579,1.059999942779541,1.059999942779541,110600
2022-06-06,1.059999942779541,1.059999942779541,1.0,1.0199999809265137,1.0199999809265137,91200
2022-06-07,1.0499999523162842,1.1200000047683716,1.0,1.1200000047683716,1.1200000047683716,295300
2022-06-08,1.100000023841858,1.25,1.100000023841858,1.2000000476837158,1.2000000476837158,269800
2022-06-09,1.2000000476837158,1.2100000381469727,1.1200000047683716,1.1200000047683716,1.1200000047683716,176900
2022-06-10,1.100000023841858,1.100000023841858,1.0399999618530273,1.059999942779541,1.059999942779541,160300
2022-06-13,1.0399999618530273,1.0399999618530273,0.9509999752044678,0.9599999785423279,0.9599999785423279,165300
2022-06-14,0.9700000286102295,0.9829999804496765,0.9300000071525574,0.9399999976158142,0.9399999976158142,149200
2022-06-15,0.949999988079071,1.0199999809265137,0.9399999976158142,0.9900000095367432,0.9900000095367432,258600
2022-06-16,0.9670000076293945,0.9810000061988831,0.9210000038146973,0.949999988079071,0.949999988079071,178000
2022-06-17,0.949999988079071,1.090000033378601,0.949999988079071,1.0499999523162842,1.0499999523162842,411300
2022-06-21,1.0,1.0750000476837158,1.0,1.0299999713897705,1.0299999713897705,190500
2022-06-22,1.0,1.0700000524520874,1.0,1.0399999618530273,1.0399999618530273,110200
2022-06-23,1.0099999904632568,1.1399999856948853,1.0099999904632568,1.100000023841858,1.100000023841858,495100
2022-06-24,1.100000023841858,1.149999976158142,0.75,0.8700000047683716,0.8700000047683716,1069600
2022-06-27,0.9980000257492065,1.0770000219345093,0.9490000009536743,1.0700000524520874,1.0700000524520874,726600
2022-06-28,1.0800000429153442,1.090000033378601,1.0199999809265137,1.0299999713897705,1.0299999713897705,286400
2022-06-29,1.0199999809265137,1.059999942779541,0.9649999737739563,1.0199999809265137,1.0199999809265137,267700
2022-06-30,0.9800000190734863,1.0299999713897705,0.949999988079071,0.9900000095367432,0.9900000095367432,340000
2022-07-01,0.9800000190734863,1.059000015258789,0.9700000286102295,1.0099999904632568,1.0099999904632568,248400
2022-07-05,1.0199999809265137,1.0800000429153442,0.9800000190734863,1.0700000524520874,1.0700000524520874,268400
2022-07-06,1.059999942779541,1.100000023841858,1.059999942779541,1.0800000429153442,1.0800000429153442,149900
2022-07-07,1.059999942779541,1.1200000047683716,1.0499999523162842,1.100000023841858,1.100000023841858,176700
2022-07-08,1.090000033378601,1.2400000095367432,1.059999942779541,1.1699999570846558,1.1699999570846558,484300
2022-07-11,1.1299999952316284,1.1690000295639038,1.1100000143051147,1.1100000143051147,1.1100000143051147,142500
2022-07-12,1.100000023841858,1.1299999952316284,1.059999942779541,1.0800000429153442,1.0800000429153442,177900
2022-07-13,1.059999942779541,1.100000023841858,1.0399999618530273,1.0399999618530273,1.0399999618530273,141700
2022-07-14,1.0099999904632568,1.0360000133514404,0.9850000143051147,1.0099999904632568,1.0099999904632568,188200
2022-07-15,1.0199999809265137,1.031000018119812,0.9700000286102295,0.9909999966621399,0.9909999966621399,237800
2022-07-18,0.9800000190734863,1.0199999809265137,0.9800000190734863,1.0,1.0,143000
2022-07-19,1.0,1.0199999809265137,0.9909999966621399,1.0,1.0,299200
2022-07-20,0.9980000257492065,1.059999942779541,0.9300000071525574,0.949999988079071,0.949999988079071,903700
2022-07-21,0.949999988079071,1.0399999618530273,0.9340000152587891,1.0199999809265137,1.0199999809265137,297900
2022-07-22,1.0099999904632568,1.0499999523162842,0.949999988079071,0.9649999737739563,0.9649999737739563,253800
2022-07-25,0.949999988079071,0.9900000095367432,0.9399999976158142,0.9399999976158142,0.9399999976158142,150800
2022-07-26,0.9599999785423279,0.9599999785423279,0.8899999856948853,0.8999999761581421,0.8999999761581421,349000
2022-07-27,0.8799999952316284,0.9340000152587891,0.8799999952316284,0.9110000133514404,0.9110000133514404,147900
2022-07-28,0.8999999761581421,0.9399999976158142,0.8700000047683716,0.8920000195503235,0.8920000195503235,215500
2022-07-29,0.8610000014305115,0.9169999957084656,0.8610000014305115,0.8799999952316284,0.8799999952316284,121700
2022-08-01,0.8899999856948853,0.9129999876022339,0.8799999952316284,0.8820000290870667,0.8820000290870667,175900
2022-08-02,0.8820000290870667,0.8999999761581421,0.8330000042915344,0.8740000128746033,0.8740000128746033,271700
2022-08-03,0.9120000004768372,0.9639999866485596,0.875,0.9100000262260437,0.9100000262260437,326000
2022-08-04,0.9139999747276306,0.9800000190734863,0.890999972820282,0.8999999761581421,0.8999999761581421,921400
2022-08-05,0.871999979019165,0.9240000247955322,0.8370000123977661,0.9160000085830688,0.9160000085830688,422100
2022-08-08,0.8889999985694885,0.9990000128746033,0.8799999952316284,0.9599999785423279,0.9599999785423279,542100
2022-08-09,0.9129999876022339,0.9340000152587891,0.8500000238418579,0.8700000047683716,0.8700000047683716,758300
2022-08-10,0.8700000047683716,0.8999999761581421,0.8420000076293945,0.8619999885559082,0.8619999885559082,482300
2022-08-11,0.8999999761581421,0.9900000095367432,0.8610000014305115,0.9649999737739563,0.9649999737739563,497700
2022-08-12,0.9559999704360962,1.059999942779541,0.9100000262260437,1.0299999713897705,1.0299999713897705,561300
2022-08-15,1.0399999618530273,1.1399999856948853,1.0099999904632568,1.125,1.125,766700
2022-08-16,1.149999976158142,1.2050000429153442,1.0399999618530273,1.0800000429153442,1.0800000429153442,890500
2022-08-17,1.0800000429153442,1.1100000143051147,0.9900000095367432,1.100000023841858,1.100000023841858,292100
2022-08-18,1.1100000143051147,1.1799999475479126,1.1100000143051147,1.149999976158142,1.149999976158142,279800
2022-08-19,1.149999976158142,1.2000000476837158,1.090000033378601,1.100000023841858,1.100000023841858,365200
2022-08-22,1.0499999523162842,1.090000033378601,1.0,1.0,1.0,252300
2022-08-23,1.0099999904632568,1.0499999523162842,0.9800000190734863,1.0399999618530273,1.0399999618530273,262400
2022-08-24,1.059999942779541,1.0800000429153442,0.9909999966621399,1.0,1.0,409200
2022-08-25,1.034999966621399,1.0399999618530273,1.0,1.0399999618530273,1.0399999618530273,148500
2022-08-26,1.0399999618530273,1.0499999523162842,0.9800000190734863,0.9900000095367432,0.9900000095367432,160300
2022-08-29,0.9779999852180481,1.0099999904632568,0.9599999785423279,0.9800000190734863,0.9800000190734863,140600
2022-08-30,0.9900000095367432,1.0099999904632568,0.949999988079071,0.9620000123977661,0.9620000123977661,145400
2022-08-31,0.9700000286102295,0.9800000190734863,0.9210000038146973,0.9589999914169312,0.9589999914169312,160600
2022-09-01,0.9359999895095825,0.9570000171661377,0.8999999761581421,0.9200000166893005,0.9200000166893005,139500
2022-09-02,0.9350000023841858,0.9520000219345093,0.902999997138977,0.9079999923706055,0.9079999923706055,50600
2022-09-06,0.9300000071525574,0.9559999704360962,0.902999997138977,0.9100000262260437,0.9100000262260437,175500
2022-09-07,0.8999999761581421,1.0199999809265137,0.8999999761581421,1.0199999809265137,1.0199999809265137,191900
2022-09-08,1.0299999713897705,1.0679999589920044,0.9800000190734863,1.0299999713897705,1.0299999713897705,198800
2022-09-09,1.0199999809265137,1.0299999713897705,0.9900000095367432,1.0,1.0,152600
2022-09-12,1.0,1.0199999809265137,0.9599999785423279,0.9620000123977661,0.9620000123977661,164800
2022-09-13,0.949999988079071,0.9819999933242798,0.8899999856948853,0.9309999942779541,0.9309999942779541,168700
2022-09-14,0.9509999752044678,0.9900000095367432,0.9200000166893005,0.9449999928474426,0.9449999928474426,116700
2022-09-15,0.949999988079071,0.9950000047683716,0.9409999847412109,0.9549999833106995,0.9549999833106995,98700
2022-09-16,0.9300000071525574,0.9700000286102295,0.9100000262260437,0.921999990940094,0.921999990940094,187400
2022-09-19,0.9100000262260437,0.9200000166893005,0.8040000200271606,0.8389999866485596,0.8389999866485596,545700
2022-09-20,0.828000009059906,0.8389999866485596,0.7820000052452087,0.7900000214576721,0.7900000214576721,239700
2022-09-21,0.7919999957084656,0.828000009059906,0.781000018119812,0.7910000085830688,0.7910000085830688,152200
2022-09-22,0.781000018119812,0.8220000267028809,0.75,0.7799999713897705,0.7799999713897705,260500
2022-09-23,0.7699999809265137,0.777999997138977,0.722000002861023,0.7400000095367432,0.7400000095367432,169700
2022-09-26,0.7419999837875366,0.7639999985694885,0.7099999785423279,0.7239999771118164,0.7239999771118164,95900
2022-09-27,0.7099999785423279,0.7400000095367432,0.6959999799728394,0.7070000171661377,0.7070000171661377,242500
2022-09-28,0.6949999928474426,0.7900000214576721,0.6949999928474426,0.7590000033378601,0.7590000033378601,193100
2022-09-29,0.7900000214576721,0.7990000247955322,0.7450000047683716,0.7829999923706055,0.7829999923706055,226500
2022-09-30,0.7699999809265137,0.8450000286102295,0.7699999809265137,0.8190000057220459,0.8190000057220459,137600
2022-10-03,0.824999988079071,0.824999988079071,0.800000011920929,0.8199999928474426,0.8199999928474426,140500
2022-10-04,0.8199999928474426,0.8560000061988831,0.8199999928474426,0.847000002861023,0.847000002861023,58100
2022-10-05,0.8299999833106995,0.8500000238418579,0.8140000104904175,0.8309999704360962,0.8309999704360962,114100
2022-10-06,0.824999988079071,0.8840000033378601,0.824999988079071,0.8840000033378601,0.8840000033378601,145400
2022-10-07,0.9399999976158142,0.9700000286102295,0.8889999985694885,0.9399999976158142,0.9399999976158142,441700
2022-10-10,0.9380000233650208,0.9399999976158142,0.8999999761581421,0.9279999732971191,0.9279999732971191,28900
2022-10-11,0.9300000071525574,0.9300000071525574,0.8999999761581421,0.9200000166893005,0.9200000166893005,135500
2022-10-12,0.9110000133514404,0.9300000071525574,0.871999979019165,0.9290000200271606,0.9290000200271606,75000
2022-10-13,0.9100000262260437,0.9300000071525574,0.8999999761581421,0.9100000262260437,0.9100000262260437,134700
2022-10-14,0.8700000047683716,0.9200000166893005,0.8650000095367432,0.9100000262260437,0.9100000262260437,122200
2022-10-17,0.9399999976158142,0.9900000095367432,0.9100000262260437,0.9369999766349792,0.9369999766349792,80100
2022-10-18,0.9369999766349792,0.949999988079071,0.8899999856948853,0.9100000262260437,0.9100000262260437,138600
2022-10-19,0.9010000228881836,0.9380000233650208,0.8899999856948853,0.9100000262260437,0.9100000262260437,89000
2022-10-20,0.9100000262260437,0.9150000214576721,0.8960000276565552,0.9100000262260437,0.9100000262260437,94300
2022-10-21,0.8999999761581421,0.9490000009536743,0.8700000047683716,0.9150000214576721,0.9150000214576721,190900
2022-10-24,0.8700000047683716,0.9490000009536743,0.8650000095367432,0.8949999809265137,0.8949999809265137,209000
2022-10-25,0.8999999761581421,0.9449999928474426,0.8980000019073486,0.8980000019073486,0.8980000019073486,115400
2022-10-26,0.9300000071525574,0.9549999833106995,0.8809999823570251,0.8970000147819519,0.8970000147819519,115700
2022-10-27,0.9229999780654907,0.925000011920929,0.8240000009536743,0.8600000143051147,0.8600000143051147,260800
2022-10-28,0.8500000238418579,0.8880000114440918,0.8500000238418579,0.875,0.875,48900
2022-10-31,0.8880000114440918,0.8899999856948853,0.8600000143051147,0.8669999837875366,0.8669999837875366,61000
2022-11-01,0.8799999952316284,0.9399999976158142,0.8550000190734863,0.8619999885559082,0.8619999885559082,66200
2022-11-02,0.8700000047683716,0.8840000033378601,0.8500000238418579,0.8640000224113464,0.8640000224113464,71000
2022-11-03,0.8640000224113464,0.9160000085830688,0.8510000109672546,0.8640000224113464,0.8640000224113464,139300
2022-11-04,0.8629999756813049,0.8980000019073486,0.8100000023841858,0.8349999785423279,0.8349999785423279,103800
2022-11-07,0.8199999928474426,0.8859999775886536,0.8199999928474426,0.8489999771118164,0.8489999771118164,55900
2022-11-08,0.8690000176429749,0.8809999823570251,0.7490000128746033,0.7919999957084656,0.7919999957084656,282100
2022-11-09,0.7979999780654907,0.7979999780654907,0.7379999756813049,0.7409999966621399,0.7409999966621399,121700
2022-11-10,0.75,0.8500000238418579,0.7369999885559082,0.8299999833106995,0.8299999833106995,504600
2022-11-11,0.8199999928474426,0.8600000143051147,0.7770000100135803,0.8420000076293945,0.8420000076293945,201200
2022-11-14,0.8100000023841858,0.8799999952316284,0.7900000214576721,0.8700000047683716,0.8700000047683716,152100
2022-11-15,0.843999981880188,0.9120000004768372,0.843999981880188,0.9120000004768372,0.9120000004768372,224900
2022-11-16,0.9300000071525574,0.9300000071525574,0.8700000047683716,0.9089999794960022,0.9089999794960022,41000
2022-11-17,0.8700000047683716,0.9150000214576721,0.8700000047683716,0.9020000100135803,0.9020000100135803,57800
2022-11-18,0.8899999856948853,0.9100000262260437,0.8899999856948853,0.9100000262260437,0.9100000262260437,16900
2022-11-21,0.8999999761581421,0.9100000262260437,0.878000020980835,0.8920000195503235,0.8920000195503235,50800
2022-11-22,0.8809999823570251,0.9549999833106995,0.8809999823570251,0.9549999833106995,0.9549999833106995,120900
2022-11-23,0.9399999976158142,0.9549999833106995,0.8479999899864197,0.8999999761581421,0.8999999761581421,103300
2022-11-25,0.890999972820282,0.9169999957084656,0.8600000143051147,0.8949999809265137,0.8949999809265137,43900
2022-11-28,0.8799999952316284,0.8999999761581421,0.8399999737739563,0.8759999871253967,0.8759999871253967,18500
2022-11-29,0.8399999737739563,0.9210000038146973,0.8399999737739563,0.8999999761581421,0.8999999761581421,63100
2022-11-30,0.8849999904632568,0.9319999814033508,0.8500000238418579,0.9319999814033508,0.9319999814033508,146000
2022-12-01,0.9200000166893005,0.9750000238418579,0.8899999856948853,0.9729999899864197,0.9729999899864197,124500
2022-12-02,0.9430000185966492,1.0399999618530273,0.9100000262260437,1.0199999809265137,1.0199999809265137,231600
2022-12-05,1.0499999523162842,1.0499999523162842,1.0,1.0,1.0,63300
2022-12-06,1.0,1.1699999570846558,0.9700000286102295,1.0399999618530273,1.0399999618530273,164000
2022-12-07,0.9800000190734863,1.0299999713897705,0.9800000190734863,1.0199999809265137,1.0199999809265137,97100
2022-12-08,0.9900000095367432,1.0299999713897705,0.9900000095367432,1.0199999809265137,1.0199999809265137,83500
2022-12-09,1.0499999523162842,1.0570000410079956,1.0099999904632568,1.0299999713897705,1.0299999713897705,112300
2022-12-12,1.100000023841858,1.1100000143051147,0.9649999737739563,1.0,1.0,207900
2022-12-13,0.9599999785423279,1.0499999523162842,0.699999988079071,0.7710000276565552,0.7710000276565552,1146900
2022-12-14,0.7670000195503235,0.8479999899864197,0.7670000195503235,0.800000011920929,0.800000011920929,159200
2022-12-15,0.8100000023841858,0.8389999866485596,0.8040000200271606,0.8389999866485596,0.8389999866485596,106300
2022-12-16,0.8199999928474426,0.8769999742507935,0.800000011920929,0.8600000143051147,0.8600000143051147,181400
2022-12-19,0.8700000047683716,0.8700000047683716,0.800000011920929,0.8100000023841858,0.8100000023841858,82900
2022-12-20,0.8100000023841858,0.8299999833106995,0.7250000238418579,0.7799999713897705,0.7799999713897705,162100
2022-12-21,0.7900000214576721,0.8640000224113464,0.7860000133514404,0.8119999766349792,0.8119999766349792,140100
2022-12-22,0.8199999928474426,0.8600000143051147,0.800000011920929,0.824999988079071,0.824999988079071,87400
2022-12-23,0.8270000219345093,0.8600000143051147,0.8270000219345093,0.8339999914169312,0.8339999914169312,144400
2022-12-27,0.8199999928474426,0.8199999928474426,0.7699999809265137,0.7770000100135803,0.7770000100135803,93100
2022-12-28,0.7900000214576721,0.8100000023841858,0.7599999904632568,0.7860000133514404,0.7860000133514404,36500
2022-12-29,0.7900000214576721,0.8080000281333923,0.7699999809265137,0.7799999713897705,0.7799999713897705,52100
2022-12-30,0.7699999809265137,0.871999979019165,0.7699999809265137,0.8500000238418579,0.8500000238418579,61000
2023-01-03,0.824999988079071,0.8700000047683716,0.8199999928474426,0.8669999837875366,0.8669999837875366,93300
2023-01-04,0.8500000238418579,0.9300000071525574,0.8399999737739563,0.921999990940094,0.921999990940094,82100
2023-01-05,0.9300000071525574,0.9399999976158142,0.859000027179718,0.8600000143051147,0.8600000143051147,224300
2023-01-06,0.8700000047683716,0.9200000166893005,0.8399999737739563,0.859000027179718,0.859000027179718,160100
2023-01-09,0.8790000081062317,0.9200000166893005,0.8399999737739563,0.8500000238418579,0.8500000238418579,128300
2023-01-10,0.8500000238418579,0.8700000047683716,0.8399999737739563,0.8659999966621399,0.8659999966621399,36600
2023-01-11,0.8700000047683716,0.8930000066757202,0.8399999737739563,0.8479999899864197,0.8479999899864197,65200
2023-01-12,0.8550000190734863,0.8999999761581421,0.8479999899864197,0.8960000276565552,0.8960000276565552,39200
2023-01-13,0.8899999856948853,0.9150000214576721,0.8399999737739563,0.9100000262260437,0.9100000262260437,236700
2023-01-17,0.8830000162124634,0.9350000023841858,0.8799999952316284,0.8849999904632568,0.8849999904632568,96800
2023-01-18,0.8700000047683716,0.9369999766349792,0.8700000047683716,0.8849999904632568,0.8849999904632568,65000
2023-01-19,0.8999999761581421,0.8999999761581421,0.824999988079071,0.8500000238418579,0.8500000238418579,116300
2023-01-20,0.8299999833106995,0.9100000262260437,0.8100000023841858,0.8740000128746033,0.8740000128746033,189000
2023-01-23,0.8550000190734863,0.8550000190734863,0.7799999713897705,0.800000011920929,0.800000011920929,409800
2023-01-24,0.8050000071525574,0.8399999737739563,0.7900000214576721,0.7900000214576721,0.7900000214576721,119500
2023-01-25,0.7900000214576721,0.8299999833106995,0.7900000214576721,0.8029999732971191,0.8029999732971191,54700
2023-01-26,0.8199999928474426,0.8389999866485596,0.8100000023841858,0.8299999833106995,0.8299999833106995,71300
2023-01-27,0.800000011920929,0.8399999737739563,0.800000011920929,0.828000009059906,0.828000009059906,95700
2023-01-30,0.8199999928474426,0.828000009059906,0.8009999990463257,0.8100000023841858,0.8100000023841858,46300
2023-01-31,0.800000011920929,0.8240000009536743,0.800000011920929,0.8199999928474426,0.8199999928474426,59400
2023-02-01,0.8199999928474426,0.8479999899864197,0.800000011920929,0.8259999752044678,0.8259999752044678,46000
2023-02-02,0.8500000238418579,0.8790000081062317,0.8050000071525574,0.8410000205039978,0.8410000205039978,69100
2023-02-03,0.8690000176429749,0.8690000176429749,0.8199999928474426,0.8640000224113464,0.8640000224113464,47000
2023-02-06,0.8700000047683716,0.8700000047683716,0.8159999847412109,0.824999988079071,0.824999988079071,100800
2023-02-07,0.8199999928474426,0.8659999966621399,0.8100000023841858,0.8199999928474426,0.8199999928474426,121800
2023-02-08,0.8100000023841858,0.8529999852180481,0.8100000023841858,0.8100000023841858,0.8100000023841858,133400
2023-02-09,0.8100000023841858,0.8500000238418579,0.800000011920929,0.8100000023841858,0.8100000023841858,72800
2023-02-10,0.8370000123977661,0.8399999737739563,0.800000011920929,0.800000011920929,0.800000011920929,15700
2023-02-13,0.800000011920929,0.8399999737739563,0.7730000019073486,0.7889999747276306,0.7889999747276306,155000
2023-02-14,0.7720000147819519,0.800000011920929,0.7509999871253967,0.7599999904632568,0.7599999904632568,50700
2023-02-15,0.7799999713897705,0.800000011920929,0.7599999904632568,0.7699999809265137,0.7699999809265137,23900
2023-02-16,0.800000011920929,0.800000011920929,0.75,0.7549999952316284,0.7549999952316284,32300
2023-02-17,0.75,0.7900000214576721,0.7400000095367432,0.75,0.75,95400
2023-02-21,0.8399999737739563,0.8450000286102295,0.75,0.765999972820282,0.765999972820282,261400
2023-02-22,0.75,0.7900000214576721,0.75,0.7900000214576721,0.7900000214576721,128400
2023-02-23,0.7900000214576721,0.7900000214576721,0.75,0.753000020980835,0.753000020980835,75200
2023-02-24,0.7599999904632568,0.7699999809265137,0.75,0.7509999871253967,0.7509999871253967,53500
2023-02-27,0.75,0.7599999904632568,0.75,0.7580000162124634,0.7580000162124634,33300
2023-02-28,0.75,0.7590000033378601,0.7300000190734863,0.7300000190734863,0.7300000190734863,31700
2023-03-01,0.7400000095367432,0.75,0.6949999928474426,0.7200000286102295,0.7200000286102295,131400
2023-03-02,0.7099999785423279,0.7099999785423279,0.6899999976158142,0.6959999799728394,0.6959999799728394,83500
2023-03-03,0.7099999785423279,0.7300000190734863,0.6899999976158142,0.7099999785423279,0.7099999785423279,194200
2023-03-06,0.7099999785423279,0.7599999904632568,0.7099999785423279,0.7300000190734863,0.7300000190734863,49600
2023-03-07,0.7300000190734863,0.75,0.6899999976158142,0.7049999833106995,0.7049999833106995,51700
2023-03-08,0.699999988079071,0.75,0.6990000009536743,0.7310000061988831,0.7310000061988831,97500
2023-03-09,0.7009999752044678,0.7490000128746033,0.7009999752044678,0.7099999785423279,0.7099999785423279,68000
2023-03-10,0.7099999785423279,0.7400000095367432,0.6100000143051147,0.6499999761581421,0.6499999761581421,274600
2023-03-13,0.6499999761581421,0.7200000286102295,0.6499999761581421,0.6819999814033508,0.6819999814033508,44300
2023-03-14,0.6800000071525574,0.7300000190734863,0.6800000071525574,0.6819999814033508,0.6819999814033508,79800
2023-03-15,0.75,0.75,0.7099999785423279,0.7200000286102295,0.7200000286102295,48500
2023-03-16,0.7200000286102295,0.7369999885559082,0.7200000286102295,0.7369999885559082,0.7369999885559082,70300
2023-03-17,0.7360000014305115,0.746999979019165,0.6899999976158142,0.7350000143051147,0.7350000143051147,154100
2023-03-20,0.7350000143051147,0.7350000143051147,0.6850000023841858,0.6850000023841858,0.6850000023841858,52100
2023-03-21,0.6899999976158142,0.7099999785423279,0.6850000023841858,0.6850000023841858,0.6850000023841858,22700
2023-03-22,0.6850000023841858,0.7049999833106995,0.6700000166893005,0.7049999833106995,0.7049999833106995,72200
2023-03-23,0.699999988079071,0.699999988079071,0.6800000071525574,0.6800000071525574,0.6800000071525574,34500
2023-03-24,0.6850000023841858,0.699999988079071,0.6499999761581421,0.6800000071525574,0.6800000071525574,31500
2023-03-27,0.6520000100135803,0.6899999976158142,0.640999972820282,0.6499999761581421,0.6499999761581421,426600
2023-03-28,0.6499999761581421,0.6610000133514404,0.6069999933242798,0.6480000019073486,0.6480000019073486,234400
2023-03-29,0.6600000262260437,0.8299999833106995,0.6600000262260437,0.722000002861023,0.722000002861023,613900
2023-03-30,0.7599999904632568,0.7960000038146973,0.7110000252723694,0.7940000295639038,0.7940000295639038,110400
2023-03-31,0.7919999957084656,0.9300000071525574,0.7860000133514404,0.9100000262260437,0.9100000262260437,500600
2023-04-03,0.8799999952316284,1.0,0.7200000286102295,0.9950000047683716,0.9950000047683716,595100
2023-04-04,1.0299999713897705,1.2699999809265137,1.0,1.0800000429153442,1.0800000429153442,1963700
2023-04-05,1.0399999618530273,1.1799999475479126,0.953000009059906,0.9980000257492065,0.9980000257492065,590400
2023-04-06,0.9950000047683716,1.100000023841858,0.9900000095367432,1.0800000429153442,1.0800000429153442,343800
2023-04-10,1.100000023841858,1.350000023841858,1.090000033378601,1.25,1.25,736200
2023-04-11,1.2899999618530273,1.4199999570846558,1.2200000286102295,1.2400000095367432,1.2400000095367432,1121800
2023-04-12,1.25,1.274999976158142,1.059999942779541,1.065000057220459,1.065000057220459,675600
2023-04-13,1.1100000143051147,1.1100000143051147,1.059999942779541,1.0850000381469727,1.0850000381469727,196100
2023-04-14,1.090000033378601,1.090000033378601,0.9769999980926514,1.0399999618530273,1.0399999618530273,492600
2023-04-17,1.0499999523162842,1.149999976158142,1.0399999618530273,1.1100000143051147,1.1100000143051147,340700
2023-04-18,1.090000033378601,1.190000057220459,1.0399999618530273,1.0700000524520874,1.0700000524520874,279500
2023-04-19,1.1200000047683716,1.1200000047683716,1.0399999618530273,1.090000033378601,1.090000033378601,208400
2023-04-20,1.090000033378601,1.1200000047683716,1.0099999904632568,1.0499999523162842,1.0499999523162842,111000
2023-04-21,1.059999942779541,1.100000023841858,1.0099999904632568,1.059999942779541,1.059999942779541,77700
2023-04-24,1.0800000429153442,1.090000033378601,0.9779999852180481,1.0,1.0,208200
2023-04-25,1.0,1.0299999713897705,0.9900000095367432,1.0099999904632568,1.0099999904632568,145700
2023-04-26,0.9900000095367432,1.024999976158142,0.9800000190734863,1.024999976158142,1.024999976158142,127400
2023-04-27,1.0099999904632568,1.159999966621399,1.0099999904632568,1.1399999856948853,1.1399999856948853,248700
2023-04-28,1.149999976158142,1.1699999570846558,1.0800000429153442,1.0800000429153442,1.0800000429153442,329200
2023-05-01,1.100000023841858,1.149999976158142,1.100000023841858,1.1100000143051147,1.1100000143051147,204900
2023-05-02,1.1200000047683716,1.159999966621399,1.0,1.0299999713897705,1.0299999713897705,428400
2023-05-03,1.0299999713897705,1.1699999570846558,1.0299999713897705,1.1299999952316284,1.1299999952316284,200000
2023-05-04,1.1299999952316284,1.225000023841858,1.090000033378601,1.149999976158142,1.149999976158142,190300
2023-05-05,1.1399999856948853,1.2389999628067017,1.1399999856948853,1.2000000476837158,1.2000000476837158,186500
2023-05-08,1.25,1.2999999523162842,1.1799999475479126,1.2999999523162842,1.2999999523162842,253800
2023-05-09,1.350000023841858,1.350000023841858,1.2000000476837158,1.2949999570846558,1.2949999570846558,501500
2023-05-10,1.3200000524520874,2.3399999141693115,1.3200000524520874,1.7100000381469727,1.7100000381469727,8572600
2023-05-11,1.6799999475479126,2.0799999237060547,1.6299999952316284,2.0299999713897705,2.0299999713897705,2217500
2023-05-12,2.0299999713897705,2.180000066757202,1.9199999570846558,2.049999952316284,2.049999952316284,1199100
2023-05-15,2.2200000286102295,2.799999952316284,2.200000047683716,2.5999999046325684,2.5999999046325684,3328700
2023-05-16,2.5999999046325684,2.75,2.115000009536743,2.369999885559082,2.369999885559082,2392200
2023-05-17,2.509999990463257,3.2899999618530273,2.509999990463257,3.240000009536743,3.240000009536743,4265000
2023-05-18,3.390000104904175,3.700000047683716,2.9000000953674316,3.25,3.25,5585500
2023-05-19,3.259999990463257,3.430000066757202,2.809999942779541,3.190000057220459,3.190000057220459,1861000
2023-05-22,3.1600000858306885,3.5299999713897705,3.1600000858306885,3.369999885559082,3.369999885559082,1284900
2023-05-23,3.3299999237060547,3.369999885559082,3.0199999809265137,3.0799999237060547,3.0799999237060547,847800
2023-05-24,3.0399999618530273,3.0799999237060547,2.9149999618530273,2.950000047683716,2.950000047683716,593300
2023-05-25,3.0,3.009000062942505,2.7100000381469727,2.799999952316284,2.799999952316284,854500
2023-05-26,2.799999952316284,2.865999937057495,2.565000057220459,2.5999999046325684,2.5999999046325684,784300
2023-05-30,2.75,3.240000009536743,2.744999885559082,3.0899999141693115,3.0899999141693115,1805100
2023-05-31,3.119999885559082,3.25,2.9700000286102295,3.0399999618530273,3.0399999618530273,583100
2023-06-01,3.049999952316284,3.319999933242798,2.9809999465942383,3.240000009536743,3.240000009536743,538200
2023-06-02,3.299999952316284,3.3299999237060547,3.0899999141693115,3.200000047683716,3.200000047683716,364000
2023-06-05,3.200000047683716,3.490000009536743,3.1050000190734863,3.2799999713897705,3.2799999713897705,748100
2023-06-06,3.2799999713897705,3.6500000953674316,3.2799999713897705,3.450000047683716,3.450000047683716,968400
2023-06-07,3.490000009536743,3.640000104904175,3.1050000190734863,3.5,3.5,855400
2023-06-08,3.640000104904175,4.0,3.5999999046325684,3.859999895095825,3.859999895095825,1325500
2023-06-09,4.150000095367432,4.190000057220459,3.5299999713897705,3.5799999237060547,3.5799999237060547,1454100
2023-06-12,3.700000047683716,3.700000047683716,3.180000066757202,3.359999895095825,3.359999895095825,1246600
2023-06-13,3.390000104904175,3.4700000286102295,3.25,3.309999942779541,3.309999942779541,647400
2023-06-14,3.2799999713897705,3.549999952316284,3.259999990463257,3.3499999046325684,3.3499999046325684,702200
2023-06-15,3.2699999809265137,3.2699999809265137,2.240000009536743,2.490000009536743,2.490000009536743,5471400
2023-06-16,2.5399999618530273,2.559999942779541,2.0199999809265137,2.240000009536743,2.240000009536743,3152900
2023-06-20,2.2100000381469727,2.2799999713897705,2.009999990463257,2.0999999046325684,2.0999999046325684,1614300
2023-06-21,2.0899999141693115,2.359999895095825,2.069999933242798,2.299999952316284,2.299999952316284,868800
2023-06-22,2.240000009536743,2.299999952316284,2.130000114440918,2.180000066757202,2.180000066757202,581200
2023-06-23,2.140000104904175,2.259999990463257,2.119999885559082,2.190000057220459,2.190000057220459,591400
2023-06-26,2.1500000953674316,2.190000057220459,1.9800000190734863,2.059999942779541,2.059999942779541,704000
2023-06-27,2.049999952316284,2.2200000286102295,1.9500000476837158,2.1700000762939453,2.1700000762939453,771600
2023-06-28,2.180000066757202,2.380000114440918,2.130000114440918,2.3499999046325684,2.3499999046325684,408800
2023-06-29,2.369999885559082,2.369999885559082,2.2049999237060547,2.2300000190734863,2.2300000190734863,397700
2023-06-30,2.309999942779541,2.3499999046325684,2.2049999237060547,2.2899999618530273,2.2899999618530273,455000
2023-07-03,2.299999952316284,2.3350000381469727,2.2309999465942383,2.25,2.25,153500
2023-07-05,2.2300000190734863,2.430000066757202,2.2219998836517334,2.4200000762939453,2.4200000762939453,473500
2023-07-06,2.369999885559082,2.4800000190734863,2.2799999713897705,2.4000000953674316,2.4000000953674316,536900
2023-07-07,2.4100000858306885,2.6649999618530273,2.4100000858306885,2.5899999141693115,2.5899999141693115,479500
2023-07-10,2.640000104904175,3.1600000858306885,2.640000104904175,2.9700000286102295,2.9700000286102295,1551100
2023-07-11,2.9700000286102295,2.9700000286102295,2.7950000762939453,2.8299999237060547,2.8299999237060547,516100
2023-07-12,2.8399999141693115,2.890000104904175,2.7200000286102295,2.7699999809265137,2.7699999809265137,385400
2023-07-13,2.819999933242798,2.819999933242798,2.630000114440918,2.680000066757202,2.680000066757202,501900
2023-07-14,2.630000114440918,2.7100000381469727,2.434999942779541,2.4600000381469727,2.4600000381469727,510000
2023-07-17,2.4600000381469727,2.690000057220459,2.430000066757202,2.630000114440918,2.630000114440918,296400
2023-07-18,2.6600000858306885,2.7109999656677246,2.6019999980926514,2.6700000762939453,2.6700000762939453,272400
2023-07-19,2.7200000286102295,2.859999895095825,2.6679999828338623,2.700000047683716,2.700000047683716,197100
2023-07-20,2.680000066757202,2.759999990463257,2.5820000171661377,2.7300000190734863,2.7300000190734863,260300
2023-07-21,2.75,2.7799999713897705,2.6600000858306885,2.755000114440918,2.755000114440918,110600
2023-07-24,2.690000057220459,2.690000057220459,2.259999990463257,2.4200000762939453,2.4200000762939453,828500
2023-07-25,2.450000047683716,2.4700000286102295,2.299999952316284,2.299999952316284,2.299999952316284,156000
2023-07-26,2.430000066757202,2.4800000190734863,2.2699999809265137,2.3499999046325684,2.3499999046325684,192400
2023-07-27,2.3499999046325684,2.359999895095825,2.130000114440918,2.1500000953674316,2.1500000953674316,351600
2023-07-28,2.1600000858306885,2.369999885559082,2.1600000858306885,2.2899999618530273,2.2899999618530273,206200
2023-07-31,2.3299999237060547,2.3299999237060547,2.2200000286102295,2.25,2.25,99700
2023-08-01,2.2899999618530273,2.318000078201294,2.200000047683716,2.240000009536743,2.240000009536743,229500
2023-08-02,2.240000009536743,2.240000009536743,2.0799999237060547,2.1700000762939453,2.1700000762939453,199200
2023-08-03,2.1500000953674316,2.2200000286102295,2.109999895095825,2.1600000858306885,2.1600000858306885,195600
2023-08-04,2.180000066757202,2.299999952316284,2.119999885559082,2.180000066757202,2.180000066757202,166500
2023-08-07,2.190000057220459,2.200000047683716,2.049999952316284,2.0899999141693115,2.0899999141693115,156700
2023-08-08,2.180000066757202,2.200000047683716,2.009999990463257,2.140000104904175,2.140000104904175,171500
2023-08-09,2.1500000953674316,2.430000066757202,2.140000104904175,2.309999942779541,2.309999942779541,382500
2023-08-10,2.309999942779541,2.3499999046325684,2.140000104904175,2.140000104904175,2.140000104904175,221800
2023-08-11,2.140000104904175,2.240000009536743,2.0399999618530273,2.240000009536743,2.240000009536743,114200
2023-08-14,2.2100000381469727,2.259999990463257,2.1429998874664307,2.2300000190734863,2.2300000190734863,115600
2023-08-15,2.2100000381469727,2.2899999618530273,2.130000114440918,2.1600000858306885,2.1600000858306885,93200
2023-08-16,2.109999895095825,2.140000104904175,2.009999990463257,2.0799999237060547,2.0799999237060547,100300
2023-08-17,2.0899999141693115,2.1110000610351562,1.9900000095367432,2.0199999809265137,2.0199999809265137,97600
2023-08-18,2.0299999713897705,2.2100000381469727,2.009999990463257,2.1600000858306885,2.1600000858306885,200200
2023-08-21,2.2300000190734863,2.2300000190734863,2.109999895095825,2.200000047683716,2.200000047683716,125000
2023-08-22,2.200000047683716,2.259999990463257,2.0369999408721924,2.0899999141693115,2.0899999141693115,240900
2023-08-23,2.0999999046325684,2.430000066757202,2.0899999141693115,2.319999933242798,2.319999933242798,242800
2023-08-24,2.2699999809265137,2.2699999809265137,2.0799999237060547,2.0950000286102295,2.0950000286102295,182200
2023-08-25,2.0999999046325684,2.1500000953674316,2.0399999618530273,2.069999933242798,2.069999933242798,137800
2023-08-28,2.049999952316284,2.0999999046325684,2.0199999809265137,2.0299999713897705,2.0299999713897705,177200
2023-08-29,2.0299999713897705,2.0899999141693115,2.0,2.059999942779541,2.059999942779541,189700
2023-08-30,2.049999952316284,2.430000066757202,2.0299999713897705,2.309999942779541,2.309999942779541,1544300
2023-08-31,2.2899999618530273,2.390000104904175,2.0999999046325684,2.119999885559082,2.119999885559082,664700
2023-09-01,2.109999895095825,2.2019999027252197,2.059999942779541,2.130000114440918,2.130000114440918,275800
2023-09-05,2.180000066757202,2.180000066757202,2.071000099182129,2.140000104904175,2.140000104904175,224900
2023-09-06,2.1500000953674316,2.180000066757202,2.0299999713897705,2.0899999141693115,2.0899999141693115,322400
2023-09-07,2.140000104904175,2.2699999809265137,1.5199999809265137,1.6399999856948853,1.6399999856948853,3107000
2023-09-08,1.6399999856948853,1.7699999809265137,1.6200000047683716,1.75,1.75,515200
2023-09-11,1.7899999618530273,1.9199999570846558,1.7319999933242798,1.8600000143051147,1.8600000143051147,334900
2023-09-12,1.8300000429153442,1.840000033378601,1.7089999914169312,1.7100000381469727,1.7100000381469727,222300
2023-09-13,1.8200000524520874,1.8200000524520874,1.6100000143051147,1.6299999952316284,1.6299999952316284,178300
2023-09-14,1.659999966621399,1.7000000476837158,1.559999942779541,1.5700000524520874,1.5700000524520874,273400
2023-09-15,1.590000033378601,1.600000023841858,1.5499999523162842,1.5800000429153442,1.5800000429153442,135900
2023-09-18,1.5800000429153442,1.5850000381469727,1.5299999713897705,1.5499999523162842,1.5499999523162842,134500
2023-09-19,1.5700000524520874,1.6100000143051147,1.5299999713897705,1.559999942779541,1.559999942779541,180200
2023-09-20,1.5499999523162842,1.6100000143051147,1.5099999904632568,1.5299999713897705,1.5299999713897705,294600
2023-09-21,1.5099999904632568,1.600000023841858,1.5,1.5199999809265137,1.5199999809265137,439800
2023-09-22,1.5399999618530273,1.5410000085830688,1.5,1.5299999713897705,1.5299999713897705,125400
2023-09-25,1.5199999809265137,1.5700000524520874,1.3760000467300415,1.4199999570846558,1.4199999570846558,147800
2023-09-26,1.3899999856948853,1.5800000429153442,1.3700000047683716,1.4700000286102295,1.4700000286102295,212400
2023-09-27,1.4600000381469727,1.5149999856948853,1.4199999570846558,1.4500000476837158,1.4500000476837158,45600
2023-09-28,1.4700000286102295,1.4700000286102295,1.399999976158142,1.409999966621399,1.409999966621399,113900
2023-09-29,1.440000057220459,1.5199999809265137,1.409999966621399,1.4600000381469727,1.4600000381469727,76100
2023-10-02,1.5099999904632568,1.5110000371932983,1.3700000047683716,1.409999966621399,1.409999966621399,86000
2023-10-03,1.3899999856948853,1.465000033378601,1.340000033378601,1.399999976158142,1.399999976158142,218000
2023-10-04,1.3799999952316284,1.440000057220459,1.3799999952316284,1.399999976158142,1.399999976158142,46800
2023-10-05,1.4700000286102295,1.5499999523162842,1.4019999504089355,1.4900000095367432,1.4900000095367432,185700
2023-10-06,1.5299999713897705,1.5299999713897705,1.440000057220459,1.4900000095367432,1.4900000095367432,120300
2023-10-09,1.4600000381469727,1.5299999713897705,1.409999966621399,1.4700000286102295,1.4700000286102295,83400
2023-10-10,1.465000033378601,1.5099999904632568,1.4199999570846558,1.4199999570846558,1.4199999570846558,66500
2023-10-11,1.4199999570846558,1.5099999904632568,1.3799999952316284,1.4299999475479126,1.4299999475479126,95900
2023-10-12,1.4600000381469727,1.4600000381469727,1.3600000143051147,1.409999966621399,1.409999966621399,135200
2023-10-13,1.3899999856948853,1.4299999475479126,1.3799999952316284,1.399999976158142,1.399999976158142,33900
2023-10-16,1.3700000047683716,1.5,1.3700000047683716,1.4500000476837158,1.4500000476837158,77100
2023-10-17,1.4600000381469727,1.4900000095367432,1.3799999952316284,1.3799999952316284,1.3799999952316284,148100
2023-10-18,1.3799999952316284,1.4049999713897705,1.2999999523162842,1.3300000429153442,1.3300000429153442,151300
2023-10-19,1.3300000429153442,1.3450000286102295,1.2200000286102295,1.2300000190734863,1.2300000190734863,95500
2023-10-20,1.2300000190734863,1.309000015258789,1.190000057220459,1.2350000143051147,1.2350000143051147,124700
2023-10-23,1.2000000476837158,1.2699999809265137,1.1299999952316284,1.159999966621399,1.159999966621399,272800
2023-10-24,1.2100000381469727,1.2599999904632568,1.149999976158142,1.1799999475479126,1.1799999475479126,50300
2023-10-25,1.2200000286102295,1.2200000286102295,1.1399999856948853,1.149999976158142,1.149999976158142,85800
2023-10-26,1.159999966621399,1.2300000190734863,1.0499999523162842,1.149999976158142,1.149999976158142,151100
2023-10-27,1.1200000047683716,1.2300000190734863,1.0800000429153442,1.1200000047683716,1.1200000047683716,137800
2023-10-30,1.0800000429153442,1.149999976158142,1.0499999523162842,1.0800000429153442,1.0800000429153442,252500
2023-10-31,1.0800000429153442,1.149999976158142,1.0800000429153442,1.1299999952316284,1.1299999952316284,181600
2023-11-01,1.1100000143051147,1.190000057220459,1.090000033378601,1.1799999475479126,1.1799999475479126,121300
2023-11-02,1.25,1.3200000524520874,1.2200000286102295,1.2200000286102295,1.2200000286102295,246700
2023-11-03,1.3300000429153442,1.4500000476837158,1.2100000381469727,1.3700000047683716,1.3700000047683716,363400
2023-11-06,1.3700000047683716,1.5,1.3600000143051147,1.4800000190734863,1.4800000190734863,330600
2023-11-07,1.5,1.7799999713897705,1.4800000190734863,1.5800000429153442,1.5800000429153442,691600
2023-11-08,1.649999976158142,1.649999976158142,1.5,1.600000023841858,1.600000023841858,587400
2023-11-09,1.6100000143051147,1.6399999856948853,1.3700000047683716,1.440000057220459,1.440000057220459,500200
2023-11-10,1.4600000381469727,1.4800000190734863,1.3700000047683716,1.3899999856948853,1.3899999856948853,191100
2023-11-13,1.3899999856948853,1.3899999856948853,1.2300000190734863,1.3300000429153442,1.3300000429153442,190100
2023-11-14,1.25,1.5800000429153442,1.25,1.4800000190734863,1.4800000190734863,820500
2023-11-15,1.5,1.559999942779541,1.4800000190734863,1.5099999904632568,1.5099999904632568,105900
2023-11-16,1.4800000190734863,1.5099999904632568,1.3300000429153442,1.3799999952316284,1.3799999952316284,230800
2023-11-17,1.3700000047683716,1.4700000286102295,1.350000023841858,1.4500000476837158,1.4500000476837158,109600
2023-11-20,1.4500000476837158,1.5299999713897705,1.409999966621399,1.5,1.5,150600
2023-11-21,1.4800000190734863,1.5049999952316284,1.3799999952316284,1.399999976158142,1.399999976158142,136600
2023-11-22,1.3899999856948853,1.4600000381469727,1.3300000429153442,1.409999966621399,1.409999966621399,175400
2023-11-24,1.4199999570846558,1.5099999904632568,1.3600000143051147,1.4600000381469727,1.4600000381469727,57800
2023-11-27,1.5,1.5499999523162842,1.4500000476837158,1.4900000095367432,1.4900000095367432,191500
2023-11-28,1.4900000095367432,1.5199999809265137,1.4500000476837158,1.4800000190734863,1.4800000190734863,51500
2023-11-29,1.4900000095367432,1.5800000429153442,1.4500000476837158,1.5,1.5,72700
2023-11-30,1.5299999713897705,1.6200000047683716,1.4930000305175781,1.5299999713897705,1.5299999713897705,130900
2023-12-01,1.5199999809265137,1.6299999952316284,1.4700000286102295,1.6100000143051147,1.6100000143051147,114000
2023-12-04,1.590000033378601,1.649999976158142,1.5499999523162842,1.6200000047683716,1.6200000047683716,122900
2023-12-05,1.6100000143051147,1.7699999809265137,1.5800000429153442,1.7400000095367432,1.7400000095367432,309800
2023-12-06,1.7100000381469727,1.8200000524520874,1.6200000047683716,1.6399999856948853,1.6399999856948853,230200
2023-12-07,1.6699999570846558,1.7699999809265137,1.600000023841858,1.6799999475479126,1.6799999475479126,168800
2023-12-08,1.75,1.9199999570846558,1.7100000381469727,1.9199999570846558,1.9199999570846558,338500
2023-12-11,1.909999966621399,1.909999966621399,1.5199999809265137,1.6100000143051147,1.6100000143051147,550000
2023-12-12,1.600000023841858,1.621000051498413,1.4199999570846558,1.4600000381469727,1.4600000381469727,336700
2023-12-13,1.5,1.600000023841858,1.440000057220459,1.5700000524520874,1.5700000524520874,238800
2023-12-14,1.5700000524520874,1.6399999856948853,1.4600000381469727,1.559999942779541,1.559999942779541,371600
2023-12-15,1.559999942779541,1.659999966621399,1.5,1.5299999713897705,1.5299999713897705,152100
2023-12-18,1.5,1.590000033378601,1.4199999570846558,1.5399999618530273,1.5399999618530273,195800
2023-12-19,1.5099999904632568,1.690000057220459,1.5099999904632568,1.659999966621399,1.659999966621399,174300
2023-12-20,1.649999976158142,1.6699999570846558,1.5299999713897705,1.559999942779541,1.559999942779541,94300
2023-12-21,1.5800000429153442,1.7000000476837158,1.562999963760376,1.659999966621399,1.659999966621399,180000
2023-12-22,1.690000057220459,1.840000033378601,1.649999976158142,1.7000000476837158,1.7000000476837158,383900
2023-12-26,1.7699999809265137,1.7699999809265137,1.6799999475479126,1.7200000286102295,1.7200000286102295,201500
2023-12-27,1.7400000095367432,1.7599999904632568,1.649999976158142,1.7200000286102295,1.7200000286102295,199900
2023-12-28,1.7000000476837158,1.7799999713897705,1.6699999570846558,1.7400000095367432,1.7400000095367432,164200
2023-12-29,1.7599999904632568,1.7799999713897705,1.7259999513626099,1.7599999904632568,1.7599999904632568,136200
2024-01-02,1.7300000190734863,1.7799999713897705,1.649999976158142,1.7599999904632568,1.7599999904632568,229300
2024-01-03,1.7300000190734863,1.8899999856948853,1.7000000476837158,1.8700000047683716,1.8700000047683716,183400
2024-01-04,1.9199999570846558,2.2699999809265137,1.8799999952316284,2.109999895095825,2.109999895095825,541600
2024-01-05,2.140000104904175,2.178999900817871,2.0,2.059999942779541,2.059999942779541,285000
2024-01-08,2.0999999046325684,2.3289999961853027,2.0399999618530273,2.25,2.25,337400
2024-01-09,2.259999990463257,2.4200000762939453,2.1700000762939453,2.4100000858306885,2.4100000858306885,253600
2024-01-10,2.369999885559082,2.369999885559082,2.1500000953674316,2.2200000286102295,2.2200000286102295,315600
2024-01-11,2.25,2.259999990463257,2.109999895095825,2.1600000858306885,2.1600000858306885,147000
2024-01-12,2.1700000762939453,2.359999895095825,2.1500000953674316,2.3399999141693115,2.3399999141693115,274600
2024-01-16,2.3299999237060547,2.3299999237060547,2.049999952316284,2.0799999237060547,2.0799999237060547,364900
2024-01-17,2.130000114440918,2.130000114440918,2.0,2.049999952316284,2.049999952316284,127700
2024-01-18,2.0799999237060547,2.0799999237060547,1.9199999570846558,1.9900000095367432,1.9900000095367432,156500
2024-01-19,1.9800000190734863,2.0799999237060547,1.9199999570846558,1.9900000095367432,1.9900000095367432,134000
2024-01-22,2.0,2.0899999141693115,1.8700000047683716,2.049999952316284,2.049999952316284,107000
2024-01-23,2.069999933242798,2.130000114440918,1.9800000190734863,2.0399999618530273,2.0399999618530273,171000
2024-01-24,2.0999999046325684,2.0999999046325684,2.009999990463257,2.0299999713897705,2.0299999713897705,71700
2024-01-25,2.0399999618530273,2.0869998931884766,1.9869999885559082,2.049999952316284,2.049999952316284,79900
2024-01-26,2.0799999237060547,2.0999999046325684,2.0,2.049999952316284,2.049999952316284,73000
2024-01-29,2.049999952316284,2.1500000953674316,1.9900000095367432,2.140000104904175,2.140000104904175,71500
2024-01-30,2.119999885559082,2.2200000286102295,2.069999933242798,2.0799999237060547,2.0799999237060547,94800
2024-01-31,2.069999933242798,2.1600000858306885,2.0,2.0,2.0,49100
2024-02-01,2.0,2.1480000019073486,2.0,2.130000114440918,2.130000114440918,57700
2024-02-02,2.0799999237060547,2.127000093460083,2.0250000953674316,2.0999999046325684,2.0999999046325684,47500
2024-02-05,2.049999952316284,2.0999999046325684,1.940000057220459,2.009999990463257,2.009999990463257,109400
2024-02-06,2.0,2.049999952316284,1.9500000476837158,2.0399999618530273,2.0399999618530273,131700
2024-02-07,2.0399999618530273,2.0999999046325684,1.9900000095367432,2.069999933242798,2.069999933242798,135000
2024-02-08,2.069999933242798,2.069999933242798,1.9600000381469727,2.0,2.0,290200
2024-02-09,2.180000066757202,2.5799999237060547,2.0799999237060547,2.2149999141693115,2.2149999141693115,1028600
2024-02-12,2.2200000286102295,2.3399999141693115,2.190000057220459,2.2699999809265137,2.2699999809265137,296400
2024-02-13,2.25,2.3299999237060547,2.1700000762939453,2.2300000190734863,2.2300000190734863,194900
2024-02-14,2.259999990463257,2.2899999618530273,2.180000066757202,2.2300000190734863,2.2300000190734863,142700
2024-02-15,2.1600000858306885,2.3499999046325684,2.119999885559082,2.3499999046325684,2.3499999046325684,311500
2024-02-16,2.3399999141693115,2.3420000076293945,2.2200000286102295,2.2899999618530273,2.2899999618530273,206700
2024-02-20,2.380000114440918,2.4260001182556152,2.200000047683716,2.319999933242798,2.319999933242798,202800
2024-02-21,2.2899999618530273,2.325000047683716,2.240000009536743,2.299999952316284,2.299999952316284,66200
2024-02-22,2.2799999713897705,2.4000000953674316,2.2799999713897705,2.309999942779541,2.309999942779541,100500
2024-02-23,2.319999933242798,2.4100000858306885,2.2899999618530273,2.3499999046325684,2.3499999046325684,105900
2024-02-26,2.3499999046325684,2.378999948501587,2.2699999809265137,2.299999952316284,2.299999952316284,151100
2024-02-27,2.3299999237060547,2.450000047683716,2.2799999713897705,2.359999895095825,2.359999895095825,414100
2024-02-28,2.3299999237060547,2.4000000953674316,2.25,2.299999952316284,2.299999952316284,294300
2024-02-29,2.299999952316284,2.390000104904175,2.2100000381469727,2.240000009536743,2.240000009536743,211900
2024-03-01,2.25,2.2799999713897705,2.1500000953674316,2.180000066757202,2.180000066757202,347300
2024-03-04,2.2300000190734863,2.2980000972747803,2.140000104904175,2.1600000858306885,2.1600000858306885,276400
2024-03-05,2.1700000762939453,2.200000047683716,2.0199999809265137,2.109999895095825,2.109999895095825,163300
2024-03-06,2.109999895095825,2.190000057220459,2.0799999237060547,2.1500000953674316,2.1500000953674316,197800
2024-03-07,2.1700000762939453,2.3399999141693115,2.0940001010894775,2.2799999713897705,2.2799999713897705,215000
2024-03-08,2.299999952316284,2.3399999141693115,2.109999895095825,2.119999885559082,2.119999885559082,245900
2024-03-11,2.1600000858306885,2.184999942779541,1.972000002861023,2.009999990463257,2.009999990463257,272700
2024-03-12,1.9900000095367432,2.0999999046325684,1.8600000143051147,2.0199999809265137,2.0199999809265137,228800
2024-03-13,2.0199999809265137,2.0820000171661377,2.0,2.0,2.0,88600
2024-03-14,2.0,2.009999990463257,1.809999942779541,1.8799999952316284,1.8799999952316284,264700
2024-03-15,1.8799999952316284,1.9900000095367432,1.8799999952316284,1.899999976158142,1.899999976158142,173100
2024-03-18,1.9199999570846558,2.0,1.899999976158142,1.899999976158142,1.899999976158142,163500
2024-03-19,1.9199999570846558,2.0,1.9149999618530273,1.9600000381469727,1.9600000381469727,247000
2024-03-20,1.9199999570846558,1.9789999723434448,1.8200000524520874,1.850000023841858,1.850000023841858,277700
2024-03-21,1.9199999570846558,1.9500000476837158,1.7899999618530273,1.840000033378601,1.840000033378601,274500
2024-03-22,1.809999942779541,1.8799999952316284,1.7100000381469727,1.7899999618530273,1.7899999618530273,324900
2024-03-25,1.7999999523162842,1.8350000381469727,1.7200000286102295,1.7599999904632568,1.7599999904632568,277900
2024-03-26,1.7799999713897705,1.8700000047683716,1.7599999904632568,1.7599999904632568,1.7599999904632568,302500
2024-03-27,1.7699999809265137,1.850000023841858,1.7599999904632568,1.7899999618530273,1.7899999618530273,161300
2024-03-28,1.7899999618530273,1.850000023841858,1.7619999647140503,1.7799999713897705,1.7799999713897705,273600
2024-04-01,1.7799999713897705,1.8899999856948853,1.7400000095367432,1.8600000143051147,1.8600000143051147,117200
2024-04-02,1.8300000429153442,1.937999963760376,1.7799999713897705,1.8600000143051147,1.8600000143051147,121800
2024-04-03,1.8300000429153442,1.8600000143051147,1.7300000190734863,1.75,1.75,490300
2024-04-04,1.7699999809265137,1.850000023841858,1.684999942779541,1.690000057220459,1.690000057220459,211100
2024-04-05,1.6799999475479126,1.7799999713897705,1.6299999952316284,1.75,1.75,190700
2024-04-08,1.75,1.7899999618530273,1.6799999475479126,1.7100000381469727,1.7100000381469727,120400
2024-04-09,1.7100000381469727,1.7799999713897705,1.600000023841858,1.6299999952316284,1.6299999952316284,196100
2024-04-10,1.6699999570846558,1.6699999570846558,1.4600000381469727,1.5099999904632568,1.5099999904632568,231100
2024-04-11,1.6100000143051147,1.6100000143051147,1.5199999809265137,1.559999942779541,1.559999942779541,123000
2024-04-12,1.600000023841858,1.621000051498413,1.5,1.5299999713897705,1.5299999713897705,155500
2024-04-15,1.5299999713897705,1.5360000133514404,1.409999966621399,1.4700000286102295,1.4700000286102295,69400
2024-04-16,1.440000057220459,1.5099999904632568,1.3600000143051147,1.4700000286102295,1.4700000286102295,91600
2024-04-17,1.5,1.5099999904632568,1.3600000143051147,1.3600000143051147,1.3600000143051147,112500
2024-04-18,1.3799999952316284,1.4500000476837158,1.2999999523162842,1.409999966621399,1.409999966621399,140400
2024-04-19,1.399999976158142,1.440000057220459,1.3600000143051147,1.399999976158142,1.399999976158142,58800
2024-04-22,1.3899999856948853,1.5,1.3899999856948853,1.440000057220459,1.440000057220459,130600
2024-04-23,1.4299999475479126,1.5700000524520874,1.4299999475479126,1.5299999713897705,1.5299999713897705,137400
2024-04-24,1.600000023841858,1.600000023841858,1.4900000095367432,1.5099999904632568,1.5099999904632568,90600
2024-04-25,1.4700000286102295,1.5199999809265137,1.409999966621399,1.4800000190734863,1.4800000190734863,66300
2024-04-26,1.559999942779541,1.61899995803833,1.440000057220459,1.4500000476837158,1.4500000476837158,124300
2024-04-29,1.4800000190734863,1.6100000143051147,1.440000057220459,1.5800000429153442,1.5800000429153442,131900
2024-04-30,1.600000023841858,1.600000023841858,1.5299999713897705,1.5499999523162842,1.5499999523162842,56500
2024-05-01,1.5299999713897705,1.6469999551773071,1.5099999904632568,1.6100000143051147,1.6100000143051147,80700
2024-05-02,1.7599999904632568,1.7799999713897705,1.6799999475479126,1.7300000190734863,1.7300000190734863,453200
2024-05-03,1.809999942779541,2.0799999237060547,1.75,1.9199999570846558,1.9199999570846558,381100
2024-05-06,2.0899999141693115,2.0899999141693115,1.8300000429153442,1.909999966621399,1.909999966621399,1050400
2024-05-07,1.809999942779541,1.940000057220459,1.4299999475479126,1.6799999475479126,1.6799999475479126,1018000
2024-05-08,1.8700000047683716,2.0,1.8300000429153442,1.9600000381469727,1.9600000381469727,658500
2024-05-09,2.0999999046325684,2.190000057220459,1.9700000286102295,2.0299999713897705,2.0299999713897705,677100
2024-05-10,2.049999952316284,2.1700000762939453,1.909999966621399,2.0799999237060547,2.0799999237060547,307200
2024-05-13,2.0999999046325684,2.1600000858306885,2.009999990463257,2.109999895095825,2.109999895095825,319900
2024-05-14,2.119999885559082,2.319999933242798,2.062999963760376,2.259999990463257,2.259999990463257,537100
2024-05-15,2.25,2.3499999046325684,2.1500000953674316,2.2200000286102295,2.2200000286102295,239600
2024-05-16,2.25,2.2699999809265137,2.1500000953674316,2.190000057220459,2.190000057220459,173800
2024-05-17,2.1600000858306885,2.3399999141693115,2.109999895095825,2.2899999618530273,2.2899999618530273,252800
2024-05-20,2.299999952316284,2.3499999046325684,2.1700000762939453,2.2799999713897705,2.2799999713897705,192800
2024-05-21,2.259999990463257,2.2899999618530273,2.1700000762939453,2.180000066757202,2.180000066757202,122400
2024-05-22,2.180000066757202,2.240000009536743,2.0999999046325684,2.140000104904175,2.140000104904175,132400
2024-05-23,2.0899999141693115,2.1549999713897705,1.9900000095367432,2.069999933242798,2.069999933242798,266000
2024-05-24,2.0899999141693115,2.109999895095825,2.0,2.059999942779541,2.059999942779541,169000
2024-05-28,2.0899999141693115,2.0999999046325684,1.9299999475479126,2.0199999809265137,2.0199999809265137,458900
2024-05-29,1.9800000190734863,2.1500000953674316,1.9700000286102295,2.0999999046325684,2.0999999046325684,123200
2024-05-30,2.130000114440918,2.200000047683716,2.1010000705718994,2.109999895095825,2.109999895095825,131800
2024-05-31,2.119999885559082,2.190000057220459,2.0899999141693115,2.1600000858306885,2.1600000858306885,55300
2024-06-03,2.1500000953674316,2.240000009536743,2.0799999237060547,2.2100000381469727,2.2100000381469727,155000
2024-06-04,2.2200000286102295,2.240000009536743,2.140000104904175,2.1600000858306885,2.1600000858306885,92000
2024-06-05,2.1700000762939453,2.2799999713897705,2.130000114440918,2.2200000286102295,2.2200000286102295,85500
2024-06-06,2.2200000286102295,2.2200000286102295,2.0,2.0999999046325684,2.0999999046325684,154500
2024-06-07,2.049999952316284,2.200000047683716,2.009999990463257,2.0299999713897705,2.0299999713897705,165000
2024-06-10,2.0199999809265137,2.1500000953674316,1.9900000095367432,2.0999999046325684,2.0999999046325684,197300
2024-06-11,2.109999895095825,2.200000047683716,2.0299999713897705,2.140000104904175,2.140000104904175,147300
2024-06-12,2.1700000762939453,2.194999933242798,2.049999952316284,2.069999933242798,2.069999933242798,85200
2024-06-13,2.2200000286102295,2.2200000286102295,2.0,2.119999885559082,2.119999885559082,149300
2024-06-14,2.0999999046325684,2.200000047683716,1.9800000190734863,2.0399999618530273,2.0399999618530273,146700
2024-06-17,2.0399999618530273,2.0399999618530273,1.7999999523162842,1.9299999475479126,1.9299999475479126,573300
2024-06-18,1.8899999856948853,1.9900000095367432,1.8700000047683716,1.8700000047683716,1.8700000047683716,114400
2024-06-20,1.8799999952316284,1.9600000381469727,1.850000023841858,1.909999966621399,1.909999966621399,95600
2024-06-21,1.9199999570846558,1.9500000476837158,1.7799999713897705,1.7799999713897705,1.7799999713897705,513800
2024-06-24,1.8300000429153442,1.9199999570846558,1.8300000429153442,1.8300000429153442,1.8300000429153442,118100
2024-06-25,1.840000033378601,1.899999976158142,1.7799999713897705,1.7799999713897705,1.7799999713897705,94900
2024-06-26,1.7799999713897705,1.8600000143051147,1.7799999713897705,1.7899999618530273,1.7899999618530273,50500
2024-06-27,2.0,2.0,1.850000023841858,1.8700000047683716,1.8700000047683716,182700
2024-06-28,1.8600000143051147,1.8799999952316284,1.7899999618530273,1.8200000524520874,1.8200000524520874,239100
2024-07-01,1.809999942779541,1.8899999856948853,1.7899999618530273,1.850000023841858,1.850000023841858,78900
2024-07-02,1.9199999570846558,1.9199999570846558,1.75,1.7799999713897705,1.7799999713897705,131800
2024-07-03,1.7999999523162842,1.840000033378601,1.7699999809265137,1.7799999713897705,1.7799999713897705,24100
2024-07-05,1.7999999523162842,1.8489999771118164,1.75,1.8200000524520874,1.8200000524520874,85100
2024-07-08,1.8300000429153442,1.899999976158142,1.7999999523162842,1.809999942779541,1.809999942779541,146600
2024-07-09,1.7999999523162842,1.8600000143051147,1.7699999809265137,1.809999942779541,1.809999942779541,224500
2024-07-10,1.7999999523162842,1.9199999570846558,1.7799999713897705,1.899999976158142,1.899999976158142,116900
2024-07-11,1.940000057220459,2.0399999618530273,1.9199999570846558,1.9800000190734863,1.9800000190734863,144500
2024-07-12,1.9900000095367432,2.065000057220459,1.9900000095367432,2.049999952316284,2.049999952316284,78700
2024-07-15,2.0299999713897705,2.0799999237060547,1.9600000381469727,2.0,2.0,167800
2024-07-16,2.0199999809265137,2.3299999237060547,2.0,2.3299999237060547,2.3299999237060547,331800
2024-07-17,2.299999952316284,2.309999942779541,2.1410000324249268,2.1700000762939453,2.1700000762939453,92800
2024-07-18,2.1600000858306885,2.2699999809265137,2.130000114440918,2.140000104904175,2.140000104904175,103100
2024-07-19,2.140000104904175,2.190000057220459,2.0999999046325684,2.180000066757202,2.180000066757202,78400
2024-07-22,2.1700000762939453,2.200000047683716,2.140000104904175,2.1600000858306885,2.1600000858306885,62200
2024-07-23,2.200000047683716,2.2699999809265137,2.1600000858306885,2.2300000190734863,2.2300000190734863,76200
2024-07-24,2.200000047683716,2.25,2.1700000762939453,2.1700000762939453,2.1700000762939453,77500
2024-07-25,2.1700000762939453,2.3299999237060547,2.130000114440918,2.309999942779541,2.309999942779541,169600
2024-07-26,2.309999942779541,2.630000114440918,2.299999952316284,2.5799999237060547,2.5799999237060547,405200
2024-07-29,2.569999933242798,2.9000000953674316,2.4200000762939453,2.859999895095825,2.859999895095825,438100
2024-07-30,2.890000104904175,3.0,2.5799999237060547,2.640000104904175,2.640000104904175,357900
2024-07-31,2.6500000953674316,2.690000057220459,2.509999990463257,2.569999933242798,2.569999933242798,111000
2024-08-01,2.740000009536743,2.990000009536743,2.4700000286102295,2.990000009536743,2.990000009536743,724500
2024-08-02,3.049999952316284,3.1500000953674316,2.8499999046325684,2.9800000190734863,2.9800000190734863,511300
2024-08-05,2.740000009536743,2.9200000762939453,2.619999885559082,2.819999933242798,2.819999933242798,352700
2024-08-06,2.869999885559082,3.130000114440918,2.7799999713897705,3.0,3.0,356100
2024-08-07,3.200000047683716,3.5799999237060547,3.200000047683716,3.2899999618530273,3.2899999618530273,787300
2024-08-08,3.259999990463257,3.690000057220459,3.119999885559082,3.5899999141693115,3.5899999141693115,560700
2024-08-09,3.680000066757202,4.039999961853027,3.5910000801086426,3.9700000286102295,3.9700000286102295,1044300
2024-08-12,4.0,4.010000228881836,3.509999990463257,3.680000066757202,3.680000066757202,534600
2024-08-13,3.690000057220459,3.9000000953674316,3.6600000858306885,3.755000114440918,3.755000114440918,560400
2024-08-14,3.740000009536743,3.799999952316284,3.4600000381469727,3.490000009536743,3.490000009536743,328000
2024-08-15,3.5199999809265137,3.8499999046325684,3.5,3.799999952316284,3.799999952316284,294000
2024-08-16,3.7200000286102295,4.099999904632568,3.5999999046325684,4.099999904632568,4.099999904632568,490300
2024-08-19,3.9700000286102295,4.239999771118164,3.9600000381469727,4.230000019073486,4.230000019073486,480100
2024-08-20,4.25,4.300000190734863,4.046000003814697,4.199999809265137,4.199999809265137,657200
2024-08-21,4.21999979019165,4.269999980926514,4.119999885559082,4.150000095367432,4.150000095367432,239200
2024-08-22,4.130000114440918,4.25,4.110000133514404,4.150000095367432,4.150000095367432,200200
2024-08-23,4.199999809265137,4.300000190734863,4.046000003814697,4.300000190734863,4.300000190734863,231100
2024-08-26,4.300000190734863,4.349999904632568,3.869999885559082,4.130000114440918,4.130000114440918,336400
2024-08-27,4.059999942779541,4.150000095367432,3.9700000286102295,4.070000171661377,4.070000171661377,188200
2024-08-28,4.039999961853027,4.179999828338623,3.9100000858306885,4.099999904632568,4.099999904632568,293300
2024-08-29,4.119999885559082,4.196000099182129,3.990000009536743,4.139999866485596,4.139999866485596,195100
2024-08-30,4.199999809265137,4.75,4.164999961853027,4.480000019073486,4.480000019073486,794900
2024-09-03,4.449999809265137,4.599999904632568,3.9000000953674316,4.039999961853027,4.039999961853027,492500
2024-09-04,4.0,4.215000152587891,3.9700000286102295,4.059999942779541,4.059999942779541,213700
2024-09-05,4.079999923706055,4.150000095367432,3.9200000762939453,4.0,4.0,318700
2024-09-06,4.0,4.079999923706055,3.9000000953674316,4.03000020980835,4.03000020980835,209300
2024-09-09,4.03000020980835,4.199999809265137,3.999000072479248,4.070000171661377,4.070000171661377,148600
2024-09-10,4.099999904632568,4.75,4.099999904632568,4.635000228881836,4.635000228881836,580600
2024-09-11,4.539999961853027,4.869999885559082,4.498000144958496,4.570000171661377,4.570000171661377,510900
2024-09-12,4.579999923706055,5.190000057220459,4.579999923706055,5.130000114440918,5.130000114440918,1392500
2024-09-13,5.190000057220459,5.218999862670898,4.940000057220459,5.099999904632568,5.099999904632568,319600
2024-09-16,5.25,6.150000095367432,5.25,5.78000020980835,5.78000020980835,1689200
2024-09-17,5.960000038146973,6.150000095367432,5.465000152587891,5.5,5.5,513500
2024-09-18,5.260000228881836,5.71999979019165,5.25,5.480000019073486,5.480000019073486,458200
2024-09-19,5.659999847412109,5.820000171661377,5.489999771118164,5.610000133514404,5.610000133514404,275800
2024-09-20,5.670000076293945,6.070000171661377,5.610000133514404,5.909999847412109,5.909999847412109,908100
2024-09-23,5.949999809265137,6.050000190734863,5.309999942779541,5.440000057220459,5.440000057220459,645100
2024-09-24,5.409999847412109,5.409999847412109,4.980000019073486,5.179999828338623,5.179999828338623,488100
2024-09-25,5.159999847412109,5.409999847412109,5.070000171661377,5.199999809265137,5.199999809265137,354600
2024-09-26,5.199999809265137,5.230000019073486,5.011000156402588,5.090000152587891,5.090000152587891,311000
2024-09-27,5.099999904632568,5.269999980926514,5.021999835968018,5.150000095367432,5.150000095367432,151400
2024-09-30,5.159999847412109,5.289999961853027,5.03000020980835,5.28000020980835,5.28000020980835,114500
2024-10-01,5.369999885559082,5.400000095367432,5.03000020980835,5.090000152587891,5.090000152587891,329800
2024-10-02,5.010000228881836,5.309999942779541,4.800000190734863,5.28000020980835,5.28000020980835,356300
2024-10-03,5.289999961853027,5.625,5.199999809265137,5.260000228881836,5.260000228881836,405800
2024-10-04,5.320000171661377,5.849999904632568,5.320000171661377,5.639999866485596,5.639999866485596,264900
2024-10-07,5.639999866485596,5.689000129699707,5.409999847412109,5.559999942779541,5.559999942779541,217700
2024-10-08,5.559999942779541,5.96999979019165,5.5,5.940000057220459,5.940000057220459,350300
2024-10-09,5.949999809265137,6.070000171661377,5.730000019073486,5.989999771118164,5.989999771118164,875700
2024-10-10,5.960000038146973,6.079999923706055,5.670000076293945,5.809999942779541,5.809999942779541,335000
2024-10-11,5.710000038146973,6.449999809265137,5.670000076293945,6.329999923706055,6.329999923706055,822600
2024-10-14,6.329999923706055,6.980000019073486,6.320000171661377,6.789999961853027,6.789999961853027,796800
2024-10-15,6.840000152587891,6.849999904632568,6.300000190734863,6.71999979019165,6.71999979019165,701400
2024-10-16,6.670000076293945,7.409999847412109,6.610000133514404,7.349999904632568,7.349999904632568,1559100
2024-10-17,7.360000133514404,7.539999961853027,7.139999866485596,7.210000038146973,7.210000038146973,837400
2024-10-18,7.110000133514404,7.639999866485596,7.099999904632568,7.210000038146973,7.210000038146973,612800
2024-10-21,7.150000095367432,7.71999979019165,6.929999828338623,7.559999942779541,7.559999942779541,480300
2024-10-22,7.789999961853027,8.329999923706055,7.559999942779541,7.75,7.75,1572400
2024-10-23,7.690000057220459,7.829999923706055,7.03000020980835,7.559999942779541,7.559999942779541,1055100
2024-10-24,7.639999866485596,8.180000305175781,7.570000171661377,7.679999828338623,7.679999828338623,1309100
2024-10-25,7.78000020980835,8.685999870300293,7.739999771118164,8.3100004196167,8.3100004196167,1619200
2024-10-28,8.649999618530273,9.079999923706055,8.510000228881836,8.640000343322754,8.640000343322754,1857500
2024-10-29,8.609999656677246,8.960000038146973,8.449999809265137,8.890000343322754,8.890000343322754,641100
2024-10-30,9.0,9.1899995803833,8.550000190734863,8.800000190734863,8.800000190734863,734200
2024-10-31,8.65999984741211,9.024999618530273,8.510000228881836,8.84000015258789,8.84000015258789,539700
2024-11-01,8.944999694824219,9.279999732971191,8.819999694824219,9.100000381469727,9.100000381469727,655800
2024-11-04,8.989999771118164,9.369999885559082,7.909999847412109,9.020000457763672,9.020000457763672,1390600
2024-11-05,8.930000305175781,9.4399995803833,8.869999885559082,9.229999542236328,9.229999542236328,1069300
2024-11-06,9.65999984741211,9.699999809265137,8.5,8.779999732971191,8.779999732971191,1634100
2024-11-07,8.670000076293945,9.100000381469727,8.430000305175781,8.800000190734863,8.800000190734863,1083100
2024-11-08,8.710000038146973,9.609999656677246,8.619999885559082,9.449999809265137,9.449999809265137,754600
2024-11-11,9.630000114440918,9.899999618530273,9.279999732971191,9.5600004196167,9.5600004196167,574400
2024-11-12,9.399999618530273,9.699999809265137,8.670000076293945,8.6899995803833,8.6899995803833,673900
2024-11-13,9.960000038146973,10.0,8.789999961853027,8.869999885559082,8.869999885559082,1272800
2024-11-14,8.9399995803833,9.0,7.889999866485596,8.520000457763672,8.520000457763672,1219100
2024-11-15,8.399999618530273,8.510000228881836,7.78000020980835,8.1899995803833,8.1899995803833,2348900
2024-11-18,8.260000228881836,8.710000038146973,8.15999984741211,8.34000015258789,8.34000015258789,637000
2024-11-19,8.170000076293945,8.609999656677246,8.15999984741211,8.399999618530273,8.399999618530273,808500
2024-11-20,8.34000015258789,8.390000343322754,8.020000457763672,8.239999771118164,8.239999771118164,551900
2024-11-21,8.239999771118164,9.050000190734863,8.036999702453613,8.9399995803833,8.9399995803833,823600
2024-11-22,8.949999809265137,9.1899995803833,8.789999961853027,8.949999809265137,8.949999809265137,1208900
2024-11-25,9.069999694824219,9.352999687194824,8.869999885559082,8.930000305175781,8.930000305175781,712500
2024-11-26,9.0,9.25,8.600000381469727,8.729999542236328,8.729999542236328,393900
2024-11-27,8.739999771118164,9.5,8.630000114440918,9.420000076293945,9.420000076293945,393500
2024-11-29,9.5,9.550000190734863,9.09000015258789,9.09000015258789,9.09000015258789,321700
2024-12-02,9.039999961853027,9.15999984741211,8.199999809265137,8.25,8.25,839500
2024-12-03,8.15999984741211,8.279999732971191,7.949999809265137,8.279999732971191,8.279999732971191,1119700
2024-12-04,8.199999809265137,8.359999656677246,8.010000228881836,8.029999732971191,8.029999732971191,617800
2024-12-05,8.029999732971191,8.289999961853027,8.0,8.130000114440918,8.130000114440918,555000
2024-12-06,8.119999885559082,8.489999771118164,7.980999946594238,8.260000228881836,8.260000228881836,477100
2024-12-09,8.270000457763672,8.430000305175781,8.0,8.149999618530273,8.149999618530273,444800
2024-12-10,8.199999809265137,8.489999771118164,7.980000019073486,8.020000457763672,8.020000457763672,577800
2024-12-11,8.029999732971191,8.25,7.880000114440918,8.109999656677246,8.109999656677246,934500
2024-12-12,7.960000038146973,8.329999923706055,7.960000038146973,8.079999923706055,8.079999923706055,888400
2024-12-13,8.069999694824219,8.220000267028809,7.289999961853027,7.380000114440918,7.380000114440918,1718500
2024-12-16,7.28000020980835,7.400000095367432,6.880000114440918,6.900000095367432,6.900000095367432,1194100
2024-12-17,6.440000057220459,7.440000057220459,6.440000057220459,7.389999866485596,7.389999866485596,1371800
2024-12-18,5.0,5.199999809265137,3.7699999809265137,4.699999809265137,4.699999809265137,14074700
2024-12-19,4.670000076293945,5.099999904632568,4.300000190734863,5.090000152587891,5.090000152587891,2415200
2024-12-20,5.019999980926514,5.340000152587891,4.730000019073486,4.989999771118164,4.989999771118164,2585900
2024-12-23,4.949999809265137,4.949999809265137,4.519999980926514,4.550000190734863,4.550000190734863,1288100
2024-12-24,4.559999942779541,4.940000057220459,4.550000190734863,4.900000095367432,4.900000095367432,658100
2024-12-26,4.840000152587891,5.400000095367432,4.840000152587891,5.289999961853027,5.289999961853027,1207200
2024-12-27,5.21999979019165,5.429999828338623,5.099999904632568,5.210000038146973,5.210000038146973,944100
2024-12-30,5.010000228881836,5.275000095367432,4.929999828338623,5.25,5.25,760000
2024-12-31,5.239999771118164,5.360000133514404,4.989999771118164,5.349999904632568,5.349999904632568,786700
2025-01-02,5.460000038146973,5.679999828338623,5.25,5.429999828338623,5.429999828338623,909900
2025-01-03,5.429999828338623,5.929999828338623,5.380000114440918,5.829999923706055,5.829999923706055,802500
2025-01-06,5.96999979019165,6.46999979019165,5.829999923706055,6.03000020980835,6.03000020980835,821200
2025-01-07,6.050000190734863,6.139999866485596,5.75,5.75,5.75,562500
2025-01-08,5.78000020980835,5.889999866485596,5.53000020980835,5.650000095367432,5.650000095367432,388900
2025-01-10,5.5,5.574999809265137,5.260000228881836,5.329999923706055,5.329999923706055,552300
2025-01-13,5.309999942779541,5.329999923706055,5.090000152587891,5.199999809265137,5.199999809265137,604100
2025-01-14,5.179999828338623,5.320000171661377,4.994999885559082,5.099999904632568,5.099999904632568,629500
2025-01-15,5.119999885559082,5.300000190734863,4.880000114440918,4.920000076293945,4.920000076293945,655800
2025-01-16,4.909999847412109,4.914999961853027,4.599999904632568,4.730000019073486,4.730000019073486,864000
2025-01-17,4.710000038146973,5.119999885559082,4.659999847412109,5.010000228881836,5.010000228881836,719000
2025-01-21,5.090000152587891,5.269999980926514,4.909999847412109,5.21999979019165,5.21999979019165,326600
2025-01-22,5.320000171661377,5.599999904632568,5.260000228881836,5.440000057220459,5.440000057220459,525100
2025-01-23,5.369999885559082,5.434999942779541,5.150000095367432,5.300000190734863,5.300000190734863,411800
2025-01-24,5.269999980926514,5.460000038146973,5.210000038146973,5.28000020980835,5.28000020980835,275200
2025-01-27,5.21999979019165,5.46999979019165,5.0,5.070000171661377,5.070000171661377,286300
2025-01-28,5.059999942779541,5.210000038146973,4.949999809265137,5.079999923706055,5.079999923706055,292100
2025-01-29,5.150000095367432,5.215000152587891,4.96999979019165,5.079999923706055,5.079999923706055,366600
2025-01-30,5.130000114440918,5.449999809265137,5.070000171661377,5.289999961853027,5.289999961853027,404800
2025-01-31,5.289999961853027,5.579999923706055,5.289999961853027,5.360000133514404,5.360000133514404,466100
2025-02-03,5.170000076293945,5.349999904632568,5.019999980926514,5.070000171661377,5.070000171661377,381600
2025-02-04,5.079999923706055,5.409999847412109,5.059999942779541,5.340000152587891,5.340000152587891,309300
2025-02-05,5.389999866485596,5.650000095367432,5.369999885559082,5.460000038146973,5.460000038146973,424600
2025-02-06,5.489999771118164,5.650000095367432,5.349999904632568,5.389999866485596,5.389999866485596,275800
2025-02-07,5.389999866485596,5.559999942779541,5.190000057220459,5.210000038146973,5.210000038146973,271000
2025-02-10,5.199999809265137,5.329999923706055,5.008999824523926,5.03000020980835,5.03000020980835,305800
2025-02-11,5.010000228881836,5.25,4.909999847412109,4.960000038146973,4.960000038146973,747800
2025-02-12,4.949999809265137,5.159999847412109,4.909999847412109,5.039999961853027,5.039999961853027,349800
2025-02-13,5.079999923706055,5.190000057220459,4.889999866485596,4.920000076293945,4.920000076293945,320500
2025-02-14,4.989999771118164,5.03000020980835,4.599999904632568,4.880000114440918,4.880000114440918,411100
2025-02-18,4.920000076293945,4.980000019073486,4.760000228881836,4.769999980926514,4.769999980926514,480800
2025-02-19,4.710000038146973,4.760000228881836,4.510000228881836,4.514999866485596,4.514999866485596,491200
2025-02-20,4.510000228881836,4.519999980926514,4.340000152587891,4.409999847412109,4.409999847412109,499400
2025-02-21,4.389999866485596,4.400000095367432,4.150000095367432,4.190000057220459,4.190000057220459,1028600
2025-02-24,4.21999979019165,4.21999979019165,4.034999847412109,4.090000152587891,4.090000152587891,835300
2025-02-25,4.099999904632568,4.099999904632568,3.8499999046325684,3.940000057220459,3.940000057220459,1112700
2025-02-26,4.059999942779541,4.199999809265137,3.8499999046325684,4.150000095367432,4.150000095367432,1081900
2025-02-27,4.150000095367432,4.179999828338623,3.930000066757202,3.940000057220459,3.940000057220459,532800
2025-02-28,3.940000057220459,4.090000152587891,3.8510000705718994,4.039999961853027,4.039999961853027,596300
2025-03-03,4.099999904632568,4.239999771118164,3.940000057220459,3.950000047683716,3.950000047683716,525600
2025-03-04,3.9000000953674316,4.067999839782715,3.809999942779541,4.0,4.0,1065300
2025-03-05,4.0,4.170000076293945,3.984999895095825,4.130000114440918,4.130000114440918,411100
2025-03-06,4.050000190734863,4.46999979019165,4.010000228881836,4.380000114440918,4.380000114440918,665700
2025-03-07,4.440000057220459,4.800000190734863,4.224999904632568,4.619999885559082,4.619999885559082,1034200
2025-03-10,4.539999961853027,4.590000152587891,4.190000057220459,4.25,4.25,470200
2025-03-11,4.25,4.409999847412109,4.119999885559082,4.369999885559082,4.369999885559082,530600
2025-03-12,4.579999923706055,4.710000038146973,4.329999923706055,4.630000114440918,4.630000114440918,453600
2025-03-13,4.630000114440918,4.679999828338623,4.429999828338623,4.5,4.5,255200
2025-03-14,4.559999942779541,4.769999980926514,4.440000057220459,4.519999980926514,4.519999980926514,369600
2025-03-17,4.53000020980835,4.764999866485596,4.409999847412109,4.71999979019165,4.71999979019165,322800
2025-03-18,4.739999771118164,4.769999980926514,4.4670000076293945,4.690000057220459,4.690000057220459,485400
2025-03-19,4.710000038146973,4.752999782562256,4.409999847412109,4.420000076293945,4.420000076293945,566300
2025-03-20,4.340000152587891,4.599999904632568,4.190000057220459,4.210000038146973,4.210000038146973,652200
2025-03-21,4.090000152587891,4.315000057220459,4.0,4.309999942779541,4.309999942779541,686100
2025-03-24,4.360000133514404,4.429999828338623,4.110000133514404,4.25,4.25,775000
2025-03-25,4.21999979019165,4.385000228881836,3.7899999618530273,3.930000066757202,3.930000066757202,1077100
2025-03-26,4.0,4.284999847412109,3.200000047683716,3.3499999046325684,3.3499999046325684,1949400
2025-03-27,3.359999895095825,3.430000066757202,3.2799999713897705,3.369999885559082,3.369999885559082,867300
2025-03-28,3.380000114440918,3.444999933242798,3.2300000190734863,3.380000114440918,3.380000114440918,647400
2025-03-31,3.319999933242798,3.430000066757202,3.0799999237060547,3.180000066757202,3.180000066757202,934600
2025-04-01,3.2200000286102295,3.2899999618530273,3.059999942779541,3.1700000762939453,3.1700000762939453,885100
2025-04-02,3.0999999046325684,3.305000066757202,3.0799999237060547,3.2100000381469727,3.2100000381469727,889600
2025-04-03,3.0899999141693115,3.180000066757202,2.9700000286102295,2.990000009536743,2.990000009536743,748600
2025-04-04,2.9000000953674316,2.9700000286102295,2.7100000381469727,2.8499999046325684,2.8499999046325684,832100
2025-04-07,2.6500000953674316,2.940000057220459,2.559999942779541,2.9100000858306885,2.9100000858306885,843900
2025-04-08,3.069999933242798,3.140000104904175,2.7300000190734863,2.819999933242798,2.819999933242798,618600
2025-04-09,2.700000047683716,3.069000005722046,2.5399999618530273,2.940000057220459,2.940000057220459,1131100
2025-04-10,3.0,3.010999917984009,2.799999952316284,2.869999885559082,2.869999885559082,708000
2025-04-11,2.859999895095825,3.0199999809265137,2.7980000972747803,2.9800000190734863,2.9800000190734863,466500
2025-04-14,3.0899999141693115,3.0999999046325684,2.9749999046325684,3.0299999713897705,3.0299999713897705,674500
2025-04-15,3.0199999809265137,3.365000009536743,3.0199999809265137,3.240000009536743,3.240000009536743,1381600
2025-04-16,3.190000057220459,3.2699999809265137,3.109999895095825,3.2300000190734863,3.2300000190734863,790600
2025-04-17,3.2200000286102295,3.319999933242798,3.190000057220459,3.240000009536743,3.240000009536743,775400
2025-04-21,3.2100000381469727,3.319999933242798,3.1500000953674316,3.2200000286102295,3.2200000286102295,1285300
2025-04-22,3.2799999713897705,3.3499999046325684,3.200000047683716,3.3299999237060547,3.3299999237060547,1289200
2025-04-23,3.4000000953674316,3.6600000858306885,3.4000000953674316,3.5199999809265137,3.5199999809265137,1138700
2025-04-24,3.549999952316284,3.7799999713897705,3.5299999713897705,3.6600000858306885,3.6600000858306885,1483800
2025-04-25,3.680000066757202,3.7300000190734863,3.609999895095825,3.630000114440918,3.630000114440918,707400
2025-04-28,3.700000047683716,3.765000104904175,3.4800000190734863,3.5,3.5,726400
2025-04-29,3.5,3.690000057220459,3.4100000858306885,3.619999885559082,3.619999885559082,1164600
2025-04-30,3.569999933242798,3.6700000762939453,3.509999990463257,3.5899999141693115,3.5899999141693115,481200
2025-05-01,3.5799999237060547,3.5829999446868896,3.4649999141693115,3.5199999809265137,3.5199999809265137,638100
2025-05-02,3.6700000762939453,3.7049999237060547,3.5899999141693115,3.619999885559082,3.619999885559082,1128800
2025-05-05,3.5799999237060547,3.6600000858306885,3.5199999809265137,3.565000057220459,3.565000057220459,537400
2025-05-06,3.559999942779541,3.559999942779541,3.325000047683716,3.3499999046325684,3.3499999046325684,727200
2025-05-07,3.380000114440918,3.380000114440918,3.1649999618530273,3.200000047683716,3.200000047683716,776800
2025-05-08,3.190000057220459,3.490000009536743,3.1689999103546143,3.3499999046325684,3.3499999046325684,4709200
2025-05-09,4.21999979019165,4.489999771118164,3.930000066757202,4.429999828338623,4.429999828338623,8855000
2025-05-12,4.420000076293945,4.53000020980835,3.8399999141693115,4.054999828338623,4.054999828338623,2527800
2025-05-13,4.070000171661377,4.110000133514404,3.880000114440918,3.890000104904175,3.890000104904175,855500
2025-05-14,3.880000114440918,3.8949999809265137,3.4700000286102295,3.619999885559082,3.619999885559082,1175400
2025-05-15,3.5899999141693115,3.5999999046325684,3.4600000381469727,3.5799999237060547,3.5799999237060547,660600
2025-05-16,3.619999885559082,3.7699999809265137,3.5,3.609999895095825,3.609999895095825,1046900
2025-05-19,3.559999942779541,3.7200000286102295,3.5199999809265137,3.619999885559082,3.619999885559082,713900
2025-05-20,3.5999999046325684,3.7290000915527344,3.5,3.680000066757202,3.680000066757202,559800
2025-05-21,3.630000114440918,3.7850000858306885,3.5399999618530273,3.630000114440918,3.630000114440918,869000
2025-05-22,3.5899999141693115,3.609999895095825,3.4700000286102295,3.4700000286102295,3.4700000286102295,547200
2025-05-23,3.4600000381469727,3.509999990463257,3.380000114440918,3.490000009536743,3.490000009536743,465000
2025-05-27,3.5199999809265137,3.7200000286102295,3.490999937057495,3.6700000762939453,3.6700000762939453,744800
2025-05-28,3.6700000762939453,3.809999942779541,3.619999885559082,3.7799999713897705,3.7799999713897705,592300
2025-05-29,3.8299999237060547,3.934999942779541,3.75,3.799999952316284,3.799999952316284,666200
2025-05-30,3.799999952316284,3.8399999141693115,3.680000066757202,3.7799999713897705,3.7799999713897705,509000
2025-06-02,3.7799999713897705,4.03000020980835,3.7300000190734863,4.03000020980835,4.03000020980835,806800
2025-06-03,4.019999980926514,4.215000152587891,3.9749999046325684,4.119999885559082,4.119999885559082,739000
2025-06-04,4.0,4.360000133514404,3.700000047683716,3.75,3.75,1189700
2025-06-05,3.809999942779541,3.944999933242798,3.7200000286102295,3.9100000858306885,3.9100000858306885,469400
2025-06-06,3.940000057220459,4.15500020980835,3.9100000858306885,3.9100000858306885,3.9100000858306885,757400
2025-06-09,3.990000009536743,4.054999828338623,3.880000114440918,4.039999961853027,4.039999961853027,378700
2025-06-10,4.090000152587891,4.335000038146973,4.079999923706055,4.25,4.25,985200
2025-06-11,4.260000228881836,4.590000152587891,4.21999979019165,4.5,4.5,1658800
2025-06-12,4.5,4.619999885559082,4.230000019073486,4.239999771118164,4.239999771118164,1405200
2025-06-13,4.230000019073486,4.425000190734863,4.135000228881836,4.190000057220459,4.190000057220459,765200
2025-06-16,4.25,4.300000190734863,4.159999847412109,4.260000228881836,4.260000228881836,490400
2025-06-17,4.239999771118164,4.329999923706055,3.940000057220459,3.940000057220459,3.940000057220459,574800
2025-06-18,3.9600000381469727,4.058000087738037,3.8299999237060547,3.930000066757202,3.930000066757202,644200
2025-06-20,3.9700000286102295,4.0,3.869999885559082,3.9600000381469727,3.9600000381469727,1327000
2025-06-23,3.9200000762939453,3.950000047683716,3.549999952316284,3.7300000190734863,3.7300000190734863,706100
2025-06-24,3.7799999713897705,4.355000019073486,3.739000082015991,4.340000152587891,4.340000152587891,1001400
2025-06-25,4.309999942779541,4.375999927520752,3.9100000858306885,4.119999885559082,4.119999885559082,1168100
2025-06-26,4.119999885559082,4.210000038146973,3.9800000190734863,4.210000038146973,4.210000038146973,873700
2025-06-27,4.21999979019165,4.244999885559082,3.7799999713897705,3.890000104904175,3.890000104904175,7681400
2025-06-30,3.880000114440918,4.0,3.7100000381469727,4.0,4.0,977400
2025-07-01,3.9600000381469727,4.039000034332275,3.7100000381469727,3.859999895095825,3.859999895095825,1296700
2025-07-02,3.8399999141693115,4.090000152587891,3.7799999713897705,3.9800000190734863,3.9800000190734863,728100
2025-07-03,4.019999980926514,4.070000171661377,3.940000057220459,3.950000047683716,3.950000047683716,314000
2025-07-07,3.9200000762939453,3.930000066757202,3.7899999618530273,3.9000000953674316,3.9000000953674316,696900
2025-07-08,3.930000066757202,3.999000072479248,3.859999895095825,3.9600000381469727,3.9600000381469727,504500
2025-07-09,3.9700000286102295,4.204999923706055,3.9600000381469727,4.179999828338623,4.179999828338623,541500
2025-07-10,4.210000038146973,4.304999828338623,4.10099983215332,4.25,4.25,471400
2025-07-11,4.199999809265137,4.230000019073486,4.074999809265137,4.139999866485596,4.139999866485596,358800
2025-07-14,4.150000095367432,4.360000133514404,4.144999980926514,4.349999904632568,4.349999904632568,368700
2025-07-15,4.369999885559082,4.380000114440918,4.130000114440918,4.170000076293945,4.170000076293945,434700
2025-07-16,4.170000076293945,4.275000095367432,4.09499979019165,4.25,4.25,342500
2025-07-17,4.239999771118164,4.323999881744385,4.21999979019165,4.25,4.25,372000
2025-07-18,4.289999961853027,4.429999828338623,4.235000133514404,4.264999866485596,4.264999866485596,441900
2025-07-21,4.300000190734863,4.53000020980835,4.300000190734863,4.449999809265137,4.449999809265137,526600
2025-07-22,4.489999771118164,4.53000020980835,4.300000190734863,4.329999923706055,4.329999923706055,433400
2025-07-23,4.389999866485596,4.729000091552734,4.389999866485596,4.670000076293945,4.670000076293945,708900
2025-07-24,4.639999866485596,4.974999904632568,4.614999771118164,4.75,4.75,761800
2025-07-25,4.75,4.78000020980835,4.579999923706055,4.710000038146973,4.710000038146973,404900
2025-07-28,4.699999809265137,4.760000228881836,4.635000228881836,4.650000095367432,4.650000095367432,307700
2025-07-29,4.71999979019165,4.71999979019165,4.519999980926514,4.519999980926514,4.519999980926514,269200
2025-07-30,4.510000228881836,4.664999961853027,4.34499979019165,4.380000114440918,4.380000114440918,403000
2025-07-31,4.340000152587891,4.420000076293945,4.159999847412109,4.170000076293945,4.170000076293945,383000
2025-08-01,4.099999904632568,4.119999885559082,3.9600000381469727,4.099999904632568,4.099999904632568,604700
2025-08-04,4.170000076293945,4.364999771118164,4.119999885559082,4.309999942779541,4.309999942779541,448000
2025-08-05,4.329999923706055,4.349999904632568,4.190000057220459,4.289999961853027,4.289999961853027,333700
2025-08-06,4.289999961853027,4.289999961853027,4.079999923706055,4.170000076293945,4.170000076293945,380300
2025-08-07,4.239999771118164,4.239999771118164,4.051000118255615,4.130000114440918,4.130000114440918,560200
2025-08-08,4.190000057220459,4.670000076293945,4.119999885559082,4.309999942779541,4.309999942779541,699600
2025-08-11,4.300000190734863,4.440000057220459,4.260000228881836,4.369999885559082,4.369999885559082,291300
2025-08-12,4.5,4.550000190734863,4.375,4.5,4.5,320900
2025-08-13,4.579999923706055,5.050000190734863,4.521999835968018,5.0,5.0,628400
2025-08-14,4.949999809265137,4.949999809265137,4.699999809265137,4.849999904632568,4.849999904632568,483400
2025-08-15,4.960000038146973,5.485000133514404,4.916999816894531,5.429999828338623,5.429999828338623,718800
2025-08-18,5.449999809265137,5.809999942779541,5.239999771118164,5.320000171661377,5.320000171661377,919300
2025-08-19,5.289999961853027,5.309999942779541,5.079999923706055,5.210000038146973,5.210000038146973,449400
2025-08-20,5.150000095367432,5.21999979019165,5.059999942779541,5.190000057220459,5.190000057220459,355900
2025-08-21,5.150000095367432,5.309999942779541,5.03000020980835,5.289999961853027,5.289999961853027,366100
2025-08-22,5.320000171661377,5.635000228881836,5.21999979019165,5.550000190734863,5.550000190734863,619700
2025-08-25,5.539999961853027,5.619999885559082,5.40500020980835,5.449999809265137,5.449999809265137,338100
2025-08-26,5.5,5.619999885559082,5.460000038146973,5.539999961853027,5.539999961853027,502400
2025-08-27,5.550000190734863,5.610000133514404,5.394999980926514,5.5,5.5,700400
2025-08-28,5.429999828338623,5.554999828338623,5.28000020980835,5.409999847412109,5.409999847412109,700200
2025-08-29,5.420000076293945,5.75,5.335000038146973,5.739999771118164,5.739999771118164,557600
2025-09-02,5.639999866485596,5.989999771118164,5.599999904632568,5.670000076293945,5.670000076293945,590100
2025-09-03,5.670000076293945,5.929999828338623,5.579999923706055,5.619999885559082,5.619999885559082,565500
2025-09-04,5.73199987411499,6.079999923706055,5.599999904632568,5.730000019073486,5.730000019073486,679300
2025-09-05,5.75,6.170000076293945,5.739999771118164,6.159999847412109,6.159999847412109,1123700
2025-09-08,6.110000133514404,6.269999980926514,5.864999771118164,5.900000095367432,5.900000095367432,793400
2025-09-09,5.920000076293945,6.25,5.900000095367432,6.170000076293945,6.170000076293945,509300
2025-09-10,6.190000057220459,6.300000190734863,5.895999908447266,5.929999828338623,5.929999828338623,576400
2025-09-11,5.929999828338623,6.079999923706055,5.900000095367432,6.059999942779541,6.059999942779541,449900
2025-09-12,6.050000190734863,6.085000038146973,5.820000171661377,5.829999923706055,5.829999923706055,412700
2025-09-15,5.75,5.914999961853027,5.639999866485596,5.880000114440918,5.880000114440918,640300
2025-09-16,5.860000133514404,5.980000019073486,5.695000171661377,5.739999771118164,5.739999771118164,383600
2025-09-17,5.769999980926514,6.034999847412109,5.71999979019165,5.789999961853027,5.789999961853027,414600
2025-09-18,5.849999904632568,6.139999866485596,5.820000171661377,6.119999885559082,6.119999885559082,605500
2025-09-19,6.150000095367432,6.239999771118164,5.789999961853027,5.869999885559082,5.869999885559082,1662100
2025-09-22,5.889999866485596,6.119999885559082,5.735000133514404,6.039999961853027,6.039999961853027,435900
2025-09-23,6.039999961853027,6.269999980926514,6.0,6.119999885559082,6.119999885559082,654200
2025-09-24,6.119999885559082,6.570000171661377,6.119999885559082,6.480000019073486,6.480000019073486,918600
2025-09-25,6.480000019073486,6.630000114440918,6.315000057220459,6.610000133514404,6.610000133514404,641100
2025-09-26,6.639999866485596,7.389999866485596,6.539999961853027,7.389999866485596,7.389999866485596,971200
2025-09-29,7.380000114440918,7.449999809265137,7.144999980926514,7.28000020980835,7.28000020980835,604700
2025-09-30,7.28000020980835,7.409999847412109,7.03000020980835,7.369999885559082,7.369999885559082,1544000
2025-10-01,7.380000114440918,7.590000152587891,7.139999866485596,7.260000228881836,7.260000228881836,830700
2025-10-02,7.269999980926514,7.369999885559082,7.03000020980835,7.039999961853027,7.039999961853027,1056000
2025-10-03,7.039999961853027,7.389999866485596,6.760000228881836,7.190000057220459,7.190000057220459,1345400
2025-10-06,7.130000114440918,7.369999885559082,6.949999809265137,6.980000019073486,6.980000019073486,797800
2025-10-07,7.050000190734863,7.079999923706055,6.650000095367432,6.869999885559082,6.869999885559082,957500
2025-10-08,6.880000114440918,7.099999904632568,6.389999866485596,7.0,7.0,1537300
2025-10-09,6.980000019073486,7.284999847412109,6.900000095367432,7.25,7.25,895700
2025-10-10,7.239999771118164,7.289999961853027,6.78000020980835,6.929999828338623,6.929999828338623,837200
2025-10-13,7.269999980926514,7.510000228881836,7.03000020980835,7.110000133514404,7.110000133514404,1079100
2025-10-14,6.900000095367432,7.25,6.809999942779541,7.039999961853027,7.039999961853027,986300
2025-10-15,7.130000114440918,7.71999979019165,6.840000152587891,7.690000057220459,7.690000057220459,2162800
2025-10-16,7.889999866485596,7.980000019073486,7.349999904632568,7.650000095367432,7.650000095367432,1401800
2025-10-17,7.519999980926514,7.699999809265137,6.900000095367432,7.039999961853027,7.039999961853027,990000
2025-10-20,7.039999961853027,7.630000114440918,6.909999847412109,7.46999979019165,7.46999979019165,892100
2025-10-21,7.46999979019165,7.46999979019165,7.159999847412109,7.199999809265137,7.199999809265137,528200
2025-10-22,7.150000095367432,7.429999828338623,6.809999942779541,7.179999828338623,7.179999828338623,873300
2025-10-23,7.199999809265137,7.409999847412109,7.039999961853027,7.159999847412109,7.159999847412109,508600
2025-10-24,7.25,7.630000114440918,7.199999809265137,7.349999904632568,7.349999904632568,1125400
2025-10-27,7.420000076293945,7.960000038146973,7.400000095367432,7.860000133514404,7.860000133514404,1409400
2025-10-28,7.78000020980835,7.804999828338623,7.510000228881836,7.590000152587891,7.590000152587891,668000
2025-10-29,7.739999771118164,7.869999885559082,7.460000038146973,7.679999828338623,7.679999828338623,755100
2025-10-30,7.679999828338623,8.050000190734863,7.599999904632568,7.760000228881836,7.760000228881836,1333700
2025-10-31,7.760000228881836,8.4399995803833,7.5,8.039999961853027,8.039999961853027,1885800
2025-11-03,7.889999866485596,7.989999771118164,7.519999980926514,7.679999828338623,7.679999828338623,1038600
2025-11-04,7.400000095367432,7.659999847412109,7.329999923706055,7.639999866485596,7.639999866485596,1206900
2025-11-05,7.539999961853027,7.960000038146973,7.130000114440918,7.53000020980835,7.53000020980835,1571400
2025-11-06,7.599999904632568,8.050000190734863,7.409999847412109,7.820000171661377,7.820000171661377,1649000
2025-11-07,7.690000057220459,7.78000020980835,7.010000228881836,7.599999904632568,7.599999904632568,946600
2025-11-10,7.739999771118164,8.149999618530273,7.480000019073486,7.909999847412109,7.909999847412109,1256700
2025-11-11,7.920000076293945,8.270000457763672,7.775000095367432,8.170000076293945,8.170000076293945,1051700
2025-11-12,8.1899995803833,8.305000305175781,8.029999732971191,8.180000305175781,8.180000305175781,482500
2025-11-13,8.09000015258789,8.449999809265137,7.914999961853027,8.0,8.0,1109100
2025-11-14,7.860000133514404,8.979999542236328,7.809999942779541,8.770000457763672,8.770000457763672,1157000
2025-11-17,8.819999694824219,9.239999771118164,8.720000267028809,8.90999984741211,8.90999984741211,920400
2025-11-18,8.70300006866455,9.149999618530273,8.692000389099121,9.09000015258789,9.09000015258789,639500
2025-11-19,9.09000015258789,9.220000267028809,8.859999656677246,8.899999618530273,8.899999618530273,742800
2025-11-20,9.100000381469727,9.1899995803833,8.470000267028809,8.510000228881836,8.510000228881836,679200
2025-11-21,8.510000228881836,8.800000190734863,8.34000015258789,8.569999694824219,8.569999694824219,764500
2025-11-24,8.600000381469727,8.770000457763672,8.5,8.579999923706055,8.579999923706055,959700
2025-11-25,8.5600004196167,8.920000076293945,8.489999771118164,8.869999885559082,8.869999885559082,725900
2025-11-26,8.829999923706055,9.319999694824219,8.75,9.069999694824219,9.069999694824219,995500
2025-11-28,9.100000381469727,9.180000305175781,8.9350004196167,9.170000076293945,9.170000076293945,460800
2025-12-01,9.170000076293945,9.170000076293945,8.3100004196167,8.510000228881836,8.510000228881836,888200
2025-12-02,8.529999732971191,8.569999694824219,8.029999732971191,8.050000190734863,8.050000190734863,1431700
2025-12-03,8.0600004196167,8.484999656677246,8.050000190734863,8.4399995803833,8.4399995803833,914800
2025-12-04,8.4399995803833,8.899999618530273,8.399999618530273,8.8100004196167,8.8100004196167,1225000
2025-12-05,8.890000343322754,9.380000114440918,8.789999961853027,8.8100004196167,8.8100004196167,1275700
2025-12-08,9.039999961853027,9.600000381469727,8.319999694824219,8.5600004196167,8.5600004196167,2185100
2025-12-09,8.640000343322754,9.204999923706055,8.489999771118164,8.670000076293945,8.670000076293945,1718400
2025-12-10,8.609999656677246,8.739999771118164,8.3100004196167,8.489999771118164,8.489999771118164,1203700
2025-12-11,8.5,8.739999771118164,8.359999656677246,8.399999618530273,8.399999618530273,968500
2025-12-12,8.369999885559082,8.5600004196167,8.260000228881836,8.369999885559082,8.369999885559082,2296200
2025-12-15,8.430000305175781,8.555000305175781,8.199999809265137,8.390000343322754,8.390000343322754,1420700
2025-12-16,8.399999618530273,8.475000381469727,7.869999885559082,7.940000057220459,7.940000057220459,3229900
2025-12-17,7.909999847412109,8.079999923706055,7.630000114440918,7.840000152587891,7.840000152587891,1660700
2025-12-18,7.869999885559082,7.999000072479248,7.46999979019165,7.639999866485596,7.639999866485596,1906500
2025-12-19,7.619999885559082,7.954999923706055,7.460000038146973,7.489999771118164,7.489999771118164,5782300
2025-12-22,7.550000190734863,8.0,7.461999893188477,7.800000190734863,7.800000190734863,1635500
2025-12-23,7.800000190734863,7.800000190734863,7.340000152587891,7.369999885559082,7.369999885559082,815100
2025-12-24,7.389999866485596,7.625,7.364999771118164,7.480000019073486,7.480000019073486,448600
2025-12-26,7.480000019073486,7.784999847412109,7.320000171661377,7.699999809265137,7.699999809265137,1351800
2025-12-29,7.699999809265137,7.855000019073486,7.389999866485596,7.449999809265137,7.449999809265137,1450300
2025-12-30,7.429999828338623,7.53000020980835,7.275000095367432,7.489999771118164,7.489999771118164,941600
