date,open,high,low,close,adj_close,volume,"('date', '')","('open', 'GTBIF')","('high', 'GTBIF')","('low', 'GTBIF')","('close', 'GTBIF')","('adj_close', 'GTBIF')","('volume', 'GTBIF')","('currency', '')"
2020-01-02,9.880000114440918,9.880000114440918,9.229999542236328,9.449999809265137,9.449999809265137,622700,,,,,,,,
2020-01-03,9.449999809265137,9.489999771118164,9.093000411987305,9.199999809265137,9.199999809265137,293800,,,,,,,,
2020-01-06,9.199999809265137,9.402999877929688,9.149999618530273,9.22599983215332,9.22599983215332,274900,,,,,,,,
2020-01-07,9.300000190734863,9.300000190734863,8.723999977111816,8.920000076293945,8.920000076293945,317700,,,,,,,,
2020-01-08,8.824999809265137,9.449999809265137,8.75,9.300000190734863,9.300000190734863,443900,,,,,,,,
2020-01-09,9.319999694824219,9.649999618530273,9.3100004196167,9.5,9.5,292800,,,,,,,,
2020-01-10,9.5,9.666999816894531,9.428000450134277,9.630000114440918,9.630000114440918,224000,,,,,,,,
2020-01-13,9.600000381469727,9.850000381469727,9.600000381469727,9.670000076293945,9.670000076293945,330000,,,,,,,,
2020-01-14,9.704999923706055,9.930000305175781,9.628999710083008,9.770000457763672,9.770000457763672,235100,,,,,,,,
2020-01-15,10.050000190734863,10.319999694824219,9.84000015258789,10.119999885559082,10.119999885559082,433500,,,,,,,,
2020-01-16,10.36299991607666,10.5,10.029999732971191,10.152999877929688,10.152999877929688,281100,,,,,,,,
2020-01-17,10.119999885559082,10.479999542236328,10.097000122070312,10.329999923706055,10.329999923706055,271700,,,,,,,,
2020-01-21,10.390000343322754,10.390000343322754,9.887999534606934,10.130000114440918,10.130000114440918,344500,,,,,,,,
2020-01-22,10.015000343322754,10.479999542236328,9.970000267028809,10.03499984741211,10.03499984741211,143300,,,,,,,,
2020-01-23,9.789999961853027,10.300000190734863,9.779999732971191,10.260000228881836,10.260000228881836,137700,,,,,,,,
2020-01-24,10.0600004196167,10.300000190734863,9.8100004196167,9.9350004196167,9.9350004196167,246400,,,,,,,,
2020-01-27,9.8100004196167,9.9399995803833,9.420000076293945,9.800000190734863,9.800000190734863,229700,,,,,,,,
2020-01-28,9.989999771118164,10.069999694824219,9.600000381469727,9.694000244140625,9.694000244140625,170100,,,,,,,,
2020-01-29,9.734999656677246,9.859999656677246,9.48900032043457,9.800000190734863,9.800000190734863,114100,,,,,,,,
2020-01-30,9.902999877929688,9.949999809265137,9.460000038146973,9.57699966430664,9.57699966430664,120500,,,,,,,,
2020-01-31,9.319999694824219,9.779999732971191,9.319999694824219,9.550000190734863,9.550000190734863,125200,,,,,,,,
2020-02-03,9.545000076293945,9.609999656677246,9.100000381469727,9.289999961853027,9.289999961853027,203800,,,,,,,,
2020-02-04,9.449999809265137,9.5,8.991000175476074,9.03600025177002,9.03600025177002,235100,,,,,,,,
2020-02-05,9.0,9.104999542236328,8.739999771118164,8.77299976348877,8.77299976348877,329600,,,,,,,,
2020-02-06,8.8100004196167,8.899999618530273,8.430000305175781,8.720000267028809,8.720000267028809,491800,,,,,,,,
2020-02-07,8.380000114440918,8.725000381469727,8.149999618530273,8.319999694824219,8.319999694824219,509500,,,,,,,,
2020-02-10,8.100000381469727,8.319999694824219,8.079999923706055,8.262999534606934,8.262999534606934,308100,,,,,,,,
2020-02-11,8.029999732971191,8.460000038146973,8.029999732971191,8.3100004196167,8.3100004196167,260500,,,,,,,,
2020-02-12,8.505000114440918,8.510000228881836,8.270000457763672,8.359999656677246,8.359999656677246,228700,,,,,,,,
2020-02-13,8.319999694824219,8.920000076293945,8.319999694824219,8.890000343322754,8.890000343322754,314600,,,,,,,,
2020-02-14,9.220000267028809,9.220000267028809,8.949999809265137,9.0600004196167,9.0600004196167,324000,,,,,,,,
2020-02-18,9.050000190734863,9.210000038146973,8.699999809265137,8.850000381469727,8.850000381469727,331800,,,,,,,,
2020-02-19,8.819999694824219,9.0,8.75,8.90999984741211,8.90999984741211,156700,,,,,,,,
2020-02-20,8.90999984741211,9.119999885559082,8.802000045776367,8.852999687194824,8.852999687194824,157800,,,,,,,,
2020-02-21,9.050000190734863,9.050000190734863,8.399999618530273,8.579999923706055,8.579999923706055,187900,,,,,,,,
2020-02-24,8.329999923706055,8.329999923706055,7.909999847412109,8.121000289916992,8.121000289916992,469100,,,,,,,,
2020-02-25,8.0,8.199999809265137,7.599999904632568,7.860000133514404,7.860000133514404,684200,,,,,,,,
2020-02-26,7.809999942779541,7.90500020980835,7.164999961853027,7.388999938964844,7.388999938964844,555800,,,,,,,,
2020-02-27,7.389999866485596,7.389999866485596,6.800000190734863,7.039999961853027,7.039999961853027,642000,,,,,,,,
2020-02-28,6.679999828338623,7.119999885559082,6.440000057220459,7.058000087738037,7.058000087738037,529300,,,,,,,,
2020-03-02,7.0,7.199999809265137,6.550000190734863,6.752999782562256,6.752999782562256,373800,,,,,,,,
2020-03-03,6.800000190734863,6.920000076293945,6.099999904632568,6.172999858856201,6.172999858856201,456700,,,,,,,,
2020-03-04,6.170000076293945,6.822999954223633,6.160999774932861,6.688000202178955,6.688000202178955,314000,,,,,,,,
2020-03-05,6.630000114440918,7.1020002365112305,6.300000190734863,7.1020002365112305,7.1020002365112305,387900,,,,,,,,
2020-03-06,6.840000152587891,6.943999767303467,6.440000057220459,6.579999923706055,6.579999923706055,412500,,,,,,,,
2020-03-09,5.874000072479248,6.300000190734863,5.675000190734863,5.682000160217285,5.682000160217285,652700,,,,,,,,
2020-03-10,5.724999904632568,6.139999866485596,5.519999980926514,5.708000183105469,5.708000183105469,344300,,,,,,,,
2020-03-11,5.550000190734863,5.800000190734863,5.010000228881836,5.051000118255615,5.051000118255615,658600,,,,,,,,
2020-03-12,4.829999923706055,4.980000019073486,4.058000087738037,4.111999988555908,4.111999988555908,783300,,,,,,,,
2020-03-13,4.21999979019165,4.550000190734863,4.050000190734863,4.360000133514404,4.360000133514404,621000,,,,,,,,
2020-03-16,4.010000228881836,4.4029998779296875,3.693000078201294,4.078999996185303,4.078999996185303,658300,,,,,,,,
2020-03-17,4.0,4.767000198364258,3.8499999046325684,4.75,4.75,722000,,,,,,,,
2020-03-18,4.75,4.860000133514404,3.7699999809265137,4.550000190734863,4.550000190734863,798700,,,,,,,,
2020-03-19,4.550000190734863,4.705999851226807,3.799999952316284,4.550000190734863,4.550000190734863,444100,,,,,,,,
2020-03-20,4.699999809265137,5.474999904632568,4.5,4.625999927520752,4.625999927520752,448900,,,,,,,,
2020-03-23,4.829999923706055,5.0,4.5,4.943999767303467,4.943999767303467,385000,,,,,,,,
2020-03-24,5.019999980926514,5.78000020980835,5.019999980926514,5.690000057220459,5.690000057220459,527500,,,,,,,,
2020-03-25,6.005000114440918,6.188000202178955,5.449999809265137,6.059999942779541,6.059999942779541,474700,,,,,,,,
2020-03-26,6.429999828338623,6.630000114440918,6.025000095367432,6.590000152587891,6.590000152587891,644300,,,,,,,,
2020-03-27,6.5,6.659999847412109,6.048999786376953,6.210000038146973,6.210000038146973,588100,,,,,,,,
2020-03-30,6.389999866485596,6.389999866485596,5.789999961853027,5.989999771118164,5.989999771118164,259900,,,,,,,,
2020-03-31,6.025000095367432,6.099999904632568,5.670000076293945,5.821000099182129,5.821000099182129,219900,,,,,,,,
2020-04-01,5.75,5.980000019073486,5.260000228881836,5.409999847412109,5.409999847412109,238800,,,,,,,,
2020-04-02,5.409999847412109,5.810999870300293,5.25,5.788000106811523,5.788000106811523,202600,,,,,,,,
2020-04-03,5.619999885559082,5.849999904632568,5.5,5.6529998779296875,5.6529998779296875,152500,,,,,,,,
2020-04-06,5.5,5.9070000648498535,5.5,5.849999904632568,5.849999904632568,201200,,,,,,,,
2020-04-07,6.0,6.070000171661377,5.650000095367432,5.849999904632568,5.849999904632568,215800,,,,,,,,
2020-04-08,5.869999885559082,6.099999904632568,5.550000190734863,5.769999980926514,5.769999980926514,255100,,,,,,,,
2020-04-09,5.525000095367432,5.880000114440918,5.443999767303467,5.769999980926514,5.769999980926514,285500,,,,,,,,
2020-04-13,5.5,5.949999809265137,5.5,5.61899995803833,5.61899995803833,223000,,,,,,,,
2020-04-14,5.650000095367432,6.054999828338623,5.619999885559082,5.65500020980835,5.65500020980835,181300,,,,,,,,
2020-04-15,5.425000190734863,5.659999847412109,5.36899995803833,5.6020002365112305,5.6020002365112305,149000,,,,,,,,
2020-04-16,5.789999961853027,5.789999961853027,5.400000095367432,5.510000228881836,5.510000228881836,139800,,,,,,,,
2020-04-17,5.599999904632568,5.744999885559082,5.460000038146973,5.639999866485596,5.639999866485596,201300,,,,,,,,
2020-04-20,5.619999885559082,6.046999931335449,5.5,5.940000057220459,5.940000057220459,343500,,,,,,,,
2020-04-21,5.900000095367432,6.185999870300293,5.75,6.0,6.0,291300,,,,,,,,
2020-04-22,6.429999828338623,6.448999881744385,6.025000095367432,6.429999828338623,6.429999828338623,270700,,,,,,,,
2020-04-23,6.429999828338623,7.015999794006348,6.28000020980835,6.980000019073486,6.980000019073486,466700,,,,,,,,
2020-04-24,7.0,7.139999866485596,6.809999942779541,7.039999961853027,7.039999961853027,293200,,,,,,,,
2020-04-27,7.014999866485596,7.550000190734863,7.014999866485596,7.322999954223633,7.322999954223633,363900,,,,,,,,
2020-04-28,7.355000019073486,7.5,6.880000114440918,7.130000114440918,7.130000114440918,296200,,,,,,,,
2020-04-29,7.150000095367432,7.449999809265137,7.139999866485596,7.260000228881836,7.260000228881836,303800,,,,,,,,
2020-04-30,7.320000171661377,7.5,7.099999904632568,7.190000057220459,7.190000057220459,193100,,,,,,,,
2020-05-01,7.010000228881836,7.230999946594238,6.539999961853027,6.840000152587891,6.840000152587891,244200,,,,,,,,
2020-05-04,7.070000171661377,7.070000171661377,6.650000095367432,6.75,6.75,236800,,,,,,,,
2020-05-05,6.75,7.203000068664551,6.75,7.199999809265137,7.199999809265137,180400,,,,,,,,
2020-05-06,7.099999904632568,7.25,6.997000217437744,7.119999885559082,7.119999885559082,196800,,,,,,,,
2020-05-07,7.119999885559082,7.309999942779541,6.909999847412109,6.958000183105469,6.958000183105469,212100,,,,,,,,
2020-05-08,7.0,7.196000099182129,6.909999847412109,7.150000095367432,7.150000095367432,176300,,,,,,,,
2020-05-11,7.284999847412109,7.390999794006348,7.084000110626221,7.389999866485596,7.389999866485596,260700,,,,,,,,
2020-05-12,7.480000019073486,7.820000171661377,7.2729997634887695,7.354000091552734,7.354000091552734,413900,,,,,,,,
2020-05-13,7.400000095367432,7.570000171661377,7.145999908447266,7.46999979019165,7.46999979019165,449800,,,,,,,,
2020-05-14,7.465000152587891,8.0,7.232999801635742,8.0,8.0,555500,,,,,,,,
2020-05-15,8.25,9.270000457763672,8.25,9.218000411987305,9.218000411987305,1353200,,,,,,,,
2020-05-18,9.350000381469727,9.890000343322754,8.649999618530273,9.670000076293945,9.670000076293945,568500,,,,,,,,
2020-05-19,9.380000114440918,9.829999923706055,9.111000061035156,9.399999618530273,9.399999618530273,430100,,,,,,,,
2020-05-20,9.449999809265137,9.930000305175781,8.899999618530273,9.100000381469727,9.100000381469727,473000,,,,,,,,
2020-05-21,9.09000015258789,9.359999656677246,8.913999557495117,9.319999694824219,9.319999694824219,257100,,,,,,,,
2020-05-22,9.420000076293945,9.720000267028809,9.140000343322754,9.652999877929688,9.652999877929688,419900,,,,,,,,
2020-05-26,9.760000228881836,9.899999618530273,9.5600004196167,9.829999923706055,9.829999923706055,372500,,,,,,,,
2020-05-27,9.979999542236328,9.979999542236328,9.520000457763672,9.84000015258789,9.84000015258789,247000,,,,,,,,
2020-05-28,9.789999961853027,9.850000381469727,9.63599967956543,9.760000228881836,9.760000228881836,251800,,,,,,,,
2020-05-29,9.550000190734863,10.258000373840332,9.331000328063965,10.239999771118164,10.239999771118164,442000,,,,,,,,
2020-06-01,10.25,10.430000305175781,9.817000389099121,10.369999885559082,10.369999885559082,480800,,,,,,,,
2020-06-02,10.399999618530273,10.449999809265137,10.0,10.399999618530273,10.399999618530273,217600,,,,,,,,
2020-06-03,10.180000305175781,10.550000190734863,10.13700008392334,10.472000122070312,10.472000122070312,298200,,,,,,,,
2020-06-04,10.550000190734863,10.550000190734863,9.819999694824219,10.25,10.25,216400,,,,,,,,
2020-06-05,10.300000190734863,10.9399995803833,10.050000190734863,10.279999732971191,10.279999732971191,286400,,,,,,,,
2020-06-08,10.649999618530273,10.960000038146973,10.199999809265137,10.270000457763672,10.270000457763672,280200,,,,,,,,
2020-06-09,10.329999923706055,10.329999923706055,10.100000381469727,10.170000076293945,10.170000076293945,223600,,,,,,,,
2020-06-10,10.055000305175781,10.414999961853027,9.944999694824219,10.0600004196167,10.0600004196167,312700,,,,,,,,
2020-06-11,9.649999618530273,9.9399995803833,8.869999885559082,9.100000381469727,9.100000381469727,698600,,,,,,,,
2020-06-12,9.100000381469727,9.569999694824219,8.932000160217285,9.170000076293945,9.170000076293945,387600,,,,,,,,
2020-06-15,9.0,9.973999977111816,8.800000190734863,9.949999809265137,9.949999809265137,182500,,,,,,,,
2020-06-16,10.529999732971191,10.529999732971191,9.901000022888184,9.979999542236328,9.979999542236328,224400,,,,,,,,
2020-06-17,9.970000267028809,10.065999984741211,9.793000221252441,10.050000190734863,10.050000190734863,156700,,,,,,,,
2020-06-18,10.5,10.5,10.0,10.199999809265137,10.199999809265137,595700,,,,,,,,
2020-06-19,10.397000312805176,10.5,10.050000190734863,10.140000343322754,10.140000343322754,465500,,,,,,,,
2020-06-22,10.300000190734863,10.34000015258789,10.100000381469727,10.3100004196167,10.3100004196167,252000,,,,,,,,
2020-06-23,10.359999656677246,10.510000228881836,10.246999740600586,10.430000305175781,10.430000305175781,347700,,,,,,,,
2020-06-24,10.300000190734863,10.529999732971191,9.949999809265137,10.119000434875488,10.119000434875488,327000,,,,,,,,
2020-06-25,9.670000076293945,10.25,9.670000076293945,10.119999885559082,10.119999885559082,186500,,,,,,,,
2020-06-26,9.79699993133545,10.25,9.350000381469727,10.029999732971191,10.029999732971191,188500,,,,,,,,
2020-06-29,10.029999732971191,10.130000114440918,9.63599967956543,9.670000076293945,9.670000076293945,217100,,,,,,,,
2020-06-30,9.5,10.100000381469727,9.5,9.998000144958496,9.998000144958496,126300,,,,,,,,
2020-07-01,10.0,10.1899995803833,9.90999984741211,10.1899995803833,10.1899995803833,132500,,,,,,,,
2020-07-02,10.100000381469727,10.444999694824219,9.901000022888184,10.0,10.0,204100,,,,,,,,
2020-07-06,10.0,10.25,9.920000076293945,10.029999732971191,10.029999732971191,281900,,,,,,,,
2020-07-07,10.1899995803833,10.1899995803833,9.847000122070312,10.100000381469727,10.100000381469727,210600,,,,,,,,
2020-07-08,10.229999542236328,10.34000015258789,10.0,10.317999839782715,10.317999839782715,193200,,,,,,,,
2020-07-09,10.25,10.449999809265137,10.121999740600586,10.295000076293945,10.295000076293945,159900,,,,,,,,
2020-07-10,10.0,11.359999656677246,10.0,11.289999961853027,11.289999961853027,580200,,,,,,,,
2020-07-13,11.25,12.039999961853027,11.149999618530273,11.317000389099121,11.317000389099121,1051500,,,,,,,,
2020-07-14,11.109999656677246,11.800000190734863,11.074999809265137,11.539999961853027,11.539999961853027,230700,,,,,,,,
2020-07-15,11.604999542236328,11.930000305175781,11.449999809265137,11.5,11.5,248500,,,,,,,,
2020-07-16,11.449999809265137,11.824999809265137,11.270000457763672,11.28499984741211,11.28499984741211,173400,,,,,,,,
2020-07-17,11.279999732971191,11.430000305175781,10.850000381469727,11.149999618530273,11.149999618530273,259400,,,,,,,,
2020-07-20,11.5,11.529999732971191,11.0,11.529999732971191,11.529999732971191,274900,,,,,,,,
2020-07-21,11.449999809265137,12.279999732971191,11.449999809265137,12.197999954223633,12.197999954223633,477200,,,,,,,,
2020-07-22,12.369999885559082,12.536999702453613,12.230999946594238,12.449999809265137,12.449999809265137,227400,,,,,,,,
2020-07-23,12.25,12.630000114440918,12.220000267028809,12.300000190734863,12.300000190734863,197300,,,,,,,,
2020-07-24,12.0,12.359999656677246,11.600000381469727,12.187999725341797,12.187999725341797,219100,,,,,,,,
2020-07-27,12.59000015258789,12.824000358581543,12.289999961853027,12.819999694824219,12.819999694824219,301800,,,,,,,,
2020-07-28,12.899999618530273,13.67300033569336,12.75,13.279999732971191,13.279999732971191,529000,,,,,,,,
2020-07-29,13.5,13.753000259399414,13.359999656677246,13.635000228881836,13.635000228881836,463200,,,,,,,,
2020-07-30,13.699999809265137,13.699999809265137,12.819999694824219,13.454999923706055,13.454999923706055,275900,,,,,,,,
2020-07-31,13.630000114440918,13.630000114440918,12.991999626159668,13.413000106811523,13.413000106811523,354800,,,,,,,,
2020-08-03,13.350000381469727,13.930000305175781,13.350000381469727,13.927000045776367,13.927000045776367,322600,,,,,,,,
2020-08-04,13.989999771118164,14.01200008392334,12.819999694824219,13.880000114440918,13.880000114440918,312700,,,,,,,,
2020-08-05,14.128000259399414,14.128000259399414,13.600000381469727,13.84000015258789,13.84000015258789,361500,,,,,,,,
2020-08-06,13.84000015258789,14.449999809265137,13.84000015258789,14.4399995803833,14.4399995803833,377400,,,,,,,,
2020-08-07,14.510000228881836,14.619999885559082,14.020000457763672,14.350000381469727,14.350000381469727,396300,,,,,,,,
2020-08-10,14.569999694824219,15.0,14.449999809265137,14.989999771118164,14.989999771118164,356100,,,,,,,,
2020-08-11,15.0,15.25,14.100000381469727,14.470000267028809,14.470000267028809,602700,,,,,,,,
2020-08-12,14.640000343322754,15.315999984741211,14.5,14.90999984741211,14.90999984741211,708300,,,,,,,,
2020-08-13,15.239999771118164,15.637999534606934,14.590999603271484,15.449999809265137,15.449999809265137,1363500,,,,,,,,
2020-08-14,15.880000114440918,16.059999465942383,15.111000061035156,16.010000228881836,16.010000228881836,984200,,,,,,,,
2020-08-17,16.010000228881836,16.295000076293945,15.699999809265137,15.84000015258789,15.84000015258789,684400,,,,,,,,
2020-08-18,15.039999961853027,16.0,14.991000175476074,15.100000381469727,15.100000381469727,684800,,,,,,,,
2020-08-19,15.199999809265137,15.50100040435791,14.630000114440918,14.65999984741211,14.65999984741211,519100,,,,,,,,
2020-08-20,14.600000381469727,14.75,14.0,14.300000190734863,14.300000190734863,700700,,,,,,,,
2020-08-21,14.5,14.5,13.300000190734863,14.008000373840332,14.008000373840332,1052000,,,,,,,,
2020-08-24,14.010000228881836,14.670000076293945,14.010000228881836,14.600000381469727,14.600000381469727,530100,,,,,,,,
2020-08-25,15.199999809265137,15.199999809265137,14.420000076293945,14.449999809265137,14.449999809265137,372200,,,,,,,,
2020-08-26,14.819999694824219,14.819999694824219,14.0,14.190999984741211,14.190999984741211,429400,,,,,,,,
2020-08-27,14.75,14.840999603271484,13.600000381469727,14.640000343322754,14.640000343322754,399800,,,,,,,,
2020-08-28,14.460000038146973,15.315999984741211,14.449999809265137,15.25,15.25,444600,,,,,,,,
2020-08-31,15.470000267028809,15.470000267028809,14.607999801635742,15.25,15.25,363600,,,,,,,,
2020-09-01,15.25,15.5,14.60099983215332,14.819000244140625,14.819000244140625,298900,,,,,,,,
2020-09-02,14.399999618530273,15.100000381469727,13.812000274658203,14.039999961853027,14.039999961853027,421800,,,,,,,,
2020-09-03,14.0,14.5,13.489999771118164,13.699999809265137,13.699999809265137,748700,,,,,,,,
2020-09-04,13.399999618530273,14.279999732971191,12.699999809265137,13.800000190734863,13.800000190734863,663500,,,,,,,,
2020-09-08,13.3100004196167,13.850000381469727,13.149999618530273,13.449999809265137,13.449999809265137,286500,,,,,,,,
2020-09-09,13.220000267028809,14.319999694824219,13.220000267028809,13.600000381469727,13.600000381469727,232600,,,,,,,,
2020-09-10,13.574999809265137,13.960000038146973,13.119999885559082,13.25,13.25,357600,,,,,,,,
2020-09-11,13.40999984741211,13.899999618530273,13.109999656677246,13.859999656677246,13.859999656677246,218500,,,,,,,,
2020-09-14,14.140000343322754,14.140000343322754,13.34000015258789,13.555999755859375,13.555999755859375,236900,,,,,,,,
2020-09-15,13.550000190734863,13.970000267028809,13.3100004196167,13.42300033569336,13.42300033569336,201900,,,,,,,,
2020-09-16,13.880000114440918,14.069999694824219,13.149999618530273,13.819999694824219,13.819999694824219,252100,,,,,,,,
2020-09-17,13.979999542236328,14.149999618530273,13.300000190734863,14.149999618530273,14.149999618530273,252800,,,,,,,,
2020-09-18,13.479999542236328,14.300000190734863,13.479999542236328,14.100000381469727,14.100000381469727,206200,,,,,,,,
2020-09-21,14.100000381469727,14.100000381469727,13.029000282287598,13.505000114440918,13.505000114440918,361200,,,,,,,,
2020-09-22,13.539999961853027,13.696000099182129,12.550000190734863,13.555000305175781,13.555000305175781,180000,,,,,,,,
2020-09-23,13.585000038146973,13.585000038146973,12.795000076293945,12.90999984741211,12.90999984741211,311900,,,,,,,,
2020-09-24,12.520000457763672,12.850000381469727,12.050000190734863,12.32800006866455,12.32800006866455,397400,,,,,,,,
2020-09-25,11.600000381469727,12.706000328063965,11.600000381469727,12.359999656677246,12.359999656677246,472800,,,,,,,,
2020-09-28,12.5,12.78499984741211,11.722000122070312,12.670000076293945,12.670000076293945,215700,,,,,,,,
2020-09-29,12.670000076293945,13.050000190734863,12.670000076293945,12.890000343322754,12.890000343322754,149300,,,,,,,,
2020-09-30,13.050000190734863,13.050000190734863,12.720000267028809,12.954999923706055,12.954999923706055,174500,,,,,,,,
2020-10-01,12.710000038146973,13.100000381469727,12.5,12.930000305175781,12.930000305175781,126800,,,,,,,,
2020-10-02,12.114999771118164,13.029999732971191,12.114999771118164,12.970000267028809,12.970000267028809,181600,,,,,,,,
2020-10-05,13.069999694824219,13.579999923706055,12.901000022888184,13.329999923706055,13.329999923706055,234600,,,,,,,,
2020-10-06,13.390000343322754,13.630000114440918,13.125,13.307999610900879,13.307999610900879,226300,,,,,,,,
2020-10-07,13.218000411987305,13.869999885559082,13.21399974822998,13.760000228881836,13.760000228881836,342000,,,,,,,,
2020-10-08,14.0,15.15999984741211,13.880000114440918,15.107000350952148,15.107000350952148,715900,,,,,,,,
2020-10-09,15.47599983215332,15.760000228881836,14.930000305175781,15.319999694824219,15.319999694824219,836600,,,,,,,,
2020-10-12,15.6899995803833,15.949999809265137,15.619999885559082,15.84000015258789,15.84000015258789,688500,,,,,,,,
2020-10-13,15.5,15.899999618530273,14.899999618530273,15.850000381469727,15.850000381469727,681500,,,,,,,,
2020-10-14,15.92300033569336,16.059999465942383,15.58899974822998,15.657999992370605,15.657999992370605,466000,,,,,,,,
2020-10-15,15.251999855041504,16.020000457763672,15.149999618530273,15.512999534606934,15.512999534606934,277700,,,,,,,,
2020-10-16,15.520000457763672,16.30900001525879,15.180000305175781,15.880000114440918,15.880000114440918,530800,,,,,,,,
2020-10-19,14.890000343322754,16.459999084472656,14.890000343322754,15.84000015258789,15.84000015258789,353900,,,,,,,,
2020-10-20,15.899999618530273,16.40999984741211,15.770000457763672,16.209999084472656,16.209999084472656,375100,,,,,,,,
2020-10-21,16.440000534057617,16.719999313354492,16.106000900268555,16.350000381469727,16.350000381469727,535900,,,,,,,,
2020-10-22,16.5,16.6299991607666,16.172000885009766,16.6299991607666,16.6299991607666,380000,,,,,,,,
2020-10-23,16.007999420166016,16.725000381469727,15.5600004196167,16.59000015258789,16.59000015258789,291400,,,,,,,,
2020-10-26,16.829999923706055,16.829999923706055,15.649999618530273,16.091999053955078,16.091999053955078,588500,,,,,,,,
2020-10-27,16.09000015258789,16.329999923706055,15.562999725341797,15.812999725341797,15.812999725341797,339900,,,,,,,,
2020-10-28,15.869999885559082,15.869999885559082,14.652999877929688,15.0,15.0,700600,,,,,,,,
2020-10-29,15.114999771118164,15.819999694824219,14.859999656677246,15.670000076293945,15.670000076293945,386800,,,,,,,,
2020-10-30,15.699999809265137,16.100000381469727,15.399999618530273,15.739999771118164,15.739999771118164,467300,,,,,,,,
2020-11-02,16.0,16.700000762939453,15.739999771118164,16.700000762939453,16.700000762939453,881400,,,,,,,,
2020-11-03,16.93000030517578,17.253999710083008,16.719999313354492,17.040000915527344,17.040000915527344,606900,,,,,,,,
2020-11-04,16.190000534057617,18.1200008392334,16.190000534057617,17.940000534057617,17.940000534057617,1141000,,,,,,,,
2020-11-05,19.200000762939453,19.200000762939453,17.5,18.844999313354492,18.844999313354492,916900,,,,,,,,
2020-11-06,19.895000457763672,19.899999618530273,18.893999099731445,19.5,19.5,905700,,,,,,,,
2020-11-09,20.399999618530273,21.0,19.75,19.902000427246094,19.902000427246094,754100,,,,,,,,
2020-11-10,20.450000762939453,20.450000762939453,19.399999618530273,20.343000411987305,20.343000411987305,546100,,,,,,,,
2020-11-11,20.479999542236328,20.5,19.850000381469727,20.309999465942383,20.309999465942383,525500,,,,,,,,
2020-11-12,20.799999237060547,21.850000381469727,19.899999618530273,20.280000686645508,20.280000686645508,1685700,,,,,,,,
2020-11-13,21.280000686645508,21.280000686645508,19.593000411987305,20.5,20.5,734800,,,,,,,,
2020-11-16,21.0,21.0,19.573999404907227,20.06800079345703,20.06800079345703,568700,,,,,,,,
2020-11-17,20.06999969482422,20.399999618530273,19.565000534057617,19.889999389648438,19.889999389648438,387800,,,,,,,,
2020-11-18,20.0,20.350000381469727,19.760000228881836,19.777999877929688,19.777999877929688,491800,,,,,,,,
2020-11-19,19.780000686645508,20.219999313354492,19.549999237060547,19.610000610351562,19.610000610351562,292500,,,,,,,,
2020-11-20,19.607999801635742,20.0,18.360000610351562,18.799999237060547,18.799999237060547,925200,,,,,,,,
2020-11-23,18.549999237060547,18.979999542236328,18.0,18.690000534057617,18.690000534057617,1063600,,,,,,,,
2020-11-24,19.190000534057617,19.753000259399414,18.700000762939453,19.540000915527344,19.540000915527344,696500,,,,,,,,
2020-11-25,19.8799991607666,20.799999237060547,19.5,20.399999618530273,20.399999618530273,788400,,,,,,,,
2020-11-27,20.399999618530273,21.31999969482422,19.809999465942383,21.239999771118164,21.239999771118164,569600,,,,,,,,
2020-11-30,21.8799991607666,21.8799991607666,21.0,21.25200080871582,21.25200080871582,586400,,,,,,,,
2020-12-01,21.8799991607666,21.8799991607666,20.889999389648438,21.40999984741211,21.40999984741211,454800,,,,,,,,
2020-12-02,21.6200008392334,21.6200008392334,20.992000579833984,21.388999938964844,21.388999938964844,430900,,,,,,,,
2020-12-03,21.280000686645508,21.690000534057617,20.75,20.899999618530273,20.899999618530273,428400,,,,,,,,
2020-12-04,21.0,21.774999618530273,20.989999771118164,21.493999481201172,21.493999481201172,765600,,,,,,,,
2020-12-07,21.780000686645508,21.84000015258789,21.270000457763672,21.5,21.5,454600,,,,,,,,
2020-12-08,21.799999237060547,22.5,20.75,21.5,21.5,395200,,,,,,,,
2020-12-09,21.649999618530273,21.790000915527344,21.479999542236328,21.540000915527344,21.540000915527344,360800,,,,,,,,
2020-12-10,21.280000686645508,21.969999313354492,21.280000686645508,21.6299991607666,21.6299991607666,312000,,,,,,,,
2020-12-11,21.8799991607666,21.940000534057617,21.549999237060547,21.739999771118164,21.739999771118164,220900,,,,,,,,
2020-12-14,21.989999771118164,22.0049991607666,21.749000549316406,21.780000686645508,21.780000686645508,270100,,,,,,,,
2020-12-15,21.709999084472656,22.329999923706055,21.709999084472656,22.309999465942383,22.309999465942383,499300,,,,,,,,
2020-12-16,22.309999465942383,22.799999237060547,22.030000686645508,22.68000030517578,22.68000030517578,431100,,,,,,,,
2020-12-17,22.559999465942383,23.100000381469727,22.559999465942383,23.049999237060547,23.049999237060547,385200,,,,,,,,
2020-12-18,23.200000762939453,23.479999542236328,23.049999237060547,23.360000610351562,23.360000610351562,329100,,,,,,,,
2020-12-21,23.15999984741211,23.15999984741211,22.299999237060547,22.993000030517578,22.993000030517578,391200,,,,,,,,
2020-12-22,22.700000762939453,23.5,22.549999237060547,23.440000534057617,23.440000534057617,373500,,,,,,,,
2020-12-23,23.549999237060547,23.8799991607666,23.450000762939453,23.72800064086914,23.72800064086914,364200,,,,,,,,
2020-12-24,23.8799991607666,24.344999313354492,23.719999313354492,24.139999389648438,24.139999389648438,205500,,,,,,,,
2020-12-28,24.31999969482422,25.350000381469727,24.31999969482422,25.288000106811523,25.288000106811523,409200,,,,,,,,
2020-12-29,25.290000915527344,25.3700008392334,23.687999725341797,24.040000915527344,24.040000915527344,602900,,,,,,,,
2020-12-30,25.15999984741211,25.15999984741211,23.75,23.84000015258789,23.84000015258789,275500,,,,,,,,
2020-12-31,24.93000030517578,24.93000030517578,23.100000381469727,24.5,24.5,379000,,,,,,,,
2021-01-04,24.5,25.149999618530273,24.031999588012695,24.899999618530273,24.899999618530273,566800,,,,,,,,
2021-01-05,25.0,25.799999237060547,24.780000686645508,25.25,25.25,488900,,,,,,,,
2021-01-06,26.959999084472656,27.899999618530273,26.136999130249023,27.18000030517578,27.18000030517578,1384500,,,,,,,,
2021-01-07,28.5,28.5,27.33099937438965,27.799999237060547,27.799999237060547,841000,,,,,,,,
2021-01-08,28.489999771118164,28.489999771118164,27.329999923706055,27.399999618530273,27.399999618530273,901900,,,,,,,,
2021-01-11,27.450000762939453,29.469999313354492,27.280000686645508,29.149999618530273,29.149999618530273,1037100,,,,,,,,
2021-01-12,29.5,29.920000076293945,29.0,29.350000381469727,29.350000381469727,841200,,,,,,,,
2021-01-13,29.600000381469727,30.059999465942383,29.152000427246094,29.93000030517578,29.93000030517578,657400,,,,,,,,
2021-01-14,30.440000534057617,31.0,29.829999923706055,30.014999389648438,30.014999389648438,903500,,,,,,,,
2021-01-15,30.030000686645508,30.760000228881836,27.76300048828125,28.149999618530273,28.149999618530273,1045500,,,,,,,,
2021-01-19,28.5,29.299999237060547,28.312999725341797,28.899999618530273,28.899999618530273,475400,,,,,,,,
2021-01-20,30.5,30.5,28.85300064086914,29.40999984741211,29.40999984741211,435800,,,,,,,,
2021-01-21,29.469999313354492,30.25,28.75,30.149999618530273,30.149999618530273,473600,,,,,,,,
2021-01-22,30.0,31.1299991607666,28.5,30.600000381469727,30.600000381469727,440900,,,,,,,,
2021-01-25,31.1299991607666,31.25,28.79800033569336,29.719999313354492,29.719999313354492,565000,,,,,,,,
2021-01-26,29.75,29.75,26.3799991607666,26.559999465942383,26.559999465942383,1077500,,,,,,,,
2021-01-27,26.0,26.540000915527344,23.6299991607666,25.219999313354492,25.219999313354492,1505300,,,,,,,,
2021-01-28,24.8700008392334,28.759000778198242,24.8700008392334,28.25,28.25,986000,,,,,,,,
2021-01-29,27.770000457763672,29.006999969482422,27.540000915527344,28.979999542236328,28.979999542236328,491100,,,,,,,,
2021-02-01,28.194000244140625,30.329999923706055,28.194000244140625,30.149999618530273,30.149999618530273,608300,,,,,,,,
2021-02-02,30.4950008392334,32.150001525878906,30.4950008392334,31.899999618530273,31.899999618530273,849000,,,,,,,,
2021-02-03,32.54999923706055,34.439998626708984,31.98200035095215,32.0,32.0,832800,,,,,,,,
2021-02-04,32.5,33.29999923706055,31.198999404907227,33.130001068115234,33.130001068115234,673800,,,,,,,,
2021-02-05,33.25,34.45000076293945,32.75,33.189998626708984,33.189998626708984,437400,,,,,,,,
2021-02-08,33.36000061035156,34.75,33.36000061035156,33.900001525878906,33.900001525878906,612800,,,,,,,,
2021-02-09,34.75,37.959999084472656,34.54999923706055,35.75,35.75,1005500,,,,,,,,
2021-02-10,37.849998474121094,39.11000061035156,35.994998931884766,38.45000076293945,38.45000076293945,1910000,,,,,,,,
2021-02-11,37.0,38.0,34.54999923706055,35.79999923706055,35.79999923706055,1556500,,,,,,,,
2021-02-12,36.89500045776367,38.209999084472656,35.189998626708984,36.439998626708984,36.439998626708984,1415300,,,,,,,,
2021-02-16,38.04999923706055,38.04999923706055,36.5,36.849998474121094,36.849998474121094,713900,,,,,,,,
2021-02-17,37.41999816894531,37.79999923706055,35.09000015258789,36.08000183105469,36.08000183105469,568100,,,,,,,,
2021-02-18,35.970001220703125,37.0,34.994998931884766,35.209999084472656,35.209999084472656,524100,,,,,,,,
2021-02-19,35.209999084472656,37.0,35.209999084472656,36.77000045776367,36.77000045776367,914400,,,,,,,,
2021-02-22,36.84000015258789,37.0,35.04999923706055,35.349998474121094,35.349998474121094,649000,,,,,,,,
2021-02-23,34.380001068115234,35.28099822998047,32.04999923706055,34.83000183105469,34.83000183105469,1255800,,,,,,,,
2021-02-24,36.064998626708984,36.130001068115234,34.75,34.88999938964844,34.88999938964844,536200,,,,,,,,
2021-02-25,35.279998779296875,35.88999938964844,32.571998596191406,33.15999984741211,33.15999984741211,856000,,,,,,,,
2021-02-26,32.7400016784668,34.43899917602539,31.850000381469727,32.5,32.5,845900,,,,,,,,
2021-03-01,33.20000076293945,33.97999954223633,32.650001525878906,33.49399948120117,33.49399948120117,628600,,,,,,,,
2021-03-02,34.04999923706055,35.59000015258789,33.650001525878906,35.59000015258789,35.59000015258789,837300,,,,,,,,
2021-03-03,35.150001525878906,36.099998474121094,35.150001525878906,35.459999084472656,35.459999084472656,563100,,,,,,,,
2021-03-04,35.459999084472656,35.56999969482422,30.229999542236328,32.79999923706055,32.79999923706055,1060800,,,,,,,,
2021-03-05,32.79999923706055,33.5,27.924999237060547,32.02000045776367,32.02000045776367,1834200,,,,,,,,
2021-03-08,33.11000061035156,33.61899948120117,30.0,30.0,30.0,568500,,,,,,,,
2021-03-09,31.375,32.220001220703125,31.040000915527344,31.450000762939453,31.450000762939453,449500,,,,,,,,
2021-03-10,31.700000762939453,32.13999938964844,29.96299934387207,30.80900001525879,30.80900001525879,1086900,,,,,,,,
2021-03-11,31.489999771118164,32.77000045776367,31.0,32.75,32.75,946000,,,,,,,,
2021-03-12,32.7400016784668,34.220001220703125,31.40999984741211,34.189998626708984,34.189998626708984,674000,,,,,,,,
2021-03-15,34.441001892089844,35.470001220703125,34.441001892089844,35.20000076293945,35.20000076293945,891500,,,,,,,,
2021-03-16,35.5,36.0,34.20000076293945,34.91299819946289,34.91299819946289,551600,,,,,,,,
2021-03-17,34.599998474121094,35.6349983215332,33.290000915527344,35.630001068115234,35.630001068115234,936400,,,,,,,,
2021-03-18,36.70000076293945,37.369998931884766,34.88999938964844,35.0,35.0,1498700,,,,,,,,
2021-03-19,35.2599983215332,35.5,33.5099983215332,34.49300003051758,34.49300003051758,678100,,,,,,,,
2021-03-22,34.494998931884766,35.400001525878906,32.814998626708984,33.75,33.75,709500,,,,,,,,
2021-03-23,33.689998626708984,33.689998626708984,30.6299991607666,30.909000396728516,30.909000396728516,1266400,,,,,,,,
2021-03-24,31.5,32.5,30.5,31.399999618530273,31.399999618530273,668700,,,,,,,,
2021-03-25,30.5,31.469999313354492,30.0,30.59000015258789,30.59000015258789,589200,,,,,,,,
2021-03-26,30.59000015258789,31.610000610351562,29.90999984741211,30.790000915527344,30.790000915527344,349200,,,,,,,,
2021-03-29,30.790000915527344,31.0,28.631000518798828,28.75,28.75,646600,,,,,,,,
2021-03-30,27.0,27.0,24.562999725341797,25.350000381469727,25.350000381469727,3486300,,,,,,,,
2021-03-31,25.350000381469727,29.649999618530273,25.350000381469727,29.5,29.5,1522700,,,,,,,,
2021-04-01,29.25,31.549999237060547,28.690000534057617,29.0,29.0,802900,,,,,,,,
2021-04-05,29.399999618530273,31.0,29.18000030517578,29.191999435424805,29.191999435424805,455200,,,,,,,,
2021-04-06,29.847999572753906,29.8799991607666,27.174999237060547,28.21299934387207,28.21299934387207,533000,,,,,,,,
2021-04-07,27.5,28.790000915527344,27.09000015258789,27.350000381469727,27.350000381469727,621600,,,,,,,,
2021-04-08,27.5,27.920000076293945,26.899999618530273,27.0,27.0,391000,,,,,,,,
2021-04-09,27.25,28.219999313354492,26.530000686645508,28.100000381469727,28.100000381469727,309400,,,,,,,,
2021-04-12,26.1299991607666,28.81999969482422,26.1299991607666,28.530000686645508,28.530000686645508,481400,,,,,,,,
2021-04-13,28.8799991607666,29.360000610351562,28.020000457763672,29.170000076293945,29.170000076293945,325500,,,,,,,,
2021-04-14,29.170000076293945,30.0,28.5,29.489999771118164,29.489999771118164,295900,,,,,,,,
2021-04-15,29.5,29.8439998626709,29.06999969482422,29.309999465942383,29.309999465942383,244600,,,,,,,,
2021-04-16,29.399999618530273,29.510000228881836,27.940000534057617,28.19499969482422,28.19499969482422,474600,,,,,,,,
2021-04-19,28.0,28.729999542236328,26.600000381469727,27.149999618530273,27.149999618530273,438900,,,,,,,,
2021-04-20,27.799999237060547,28.225000381469727,26.34000015258789,26.81599998474121,26.81599998474121,558000,,,,,,,,
2021-04-21,26.010000228881836,28.94499969482422,26.010000228881836,28.56999969482422,28.56999969482422,535000,,,,,,,,
2021-04-22,28.989999771118164,29.190000534057617,27.489999771118164,27.979999542236328,27.979999542236328,415300,,,,,,,,
2021-04-23,27.260000228881836,28.3700008392334,27.260000228881836,28.06999969482422,28.06999969482422,230500,,,,,,,,
2021-04-26,28.149999618530273,28.75,27.892000198364258,28.5,28.5,403800,,,,,,,,
2021-04-27,27.18000030517578,30.09000015258789,27.18000030517578,29.8799991607666,29.8799991607666,420700,,,,,,,,
2021-04-28,29.975000381469727,30.8799991607666,29.299999237060547,30.549999237060547,30.549999237060547,411800,,,,,,,,
2021-04-29,31.0,31.0,29.450000762939453,29.799999237060547,29.799999237060547,370800,,,,,,,,
2021-04-30,29.809999465942383,32.01100158691406,29.510000228881836,32.0,32.0,870600,,,,,,,,
2021-05-03,32.5,33.900001525878906,31.149999618530273,31.6299991607666,31.6299991607666,1178900,,,,,,,,
2021-05-04,31.614999771118164,32.4900016784668,29.5,30.780000686645508,30.780000686645508,553800,,,,,,,,
2021-05-05,31.0,32.0,31.0,31.60300064086914,31.60300064086914,281400,,,,,,,,
2021-05-06,31.850000381469727,31.940000534057617,30.309999465942383,30.979999542236328,30.979999542236328,346400,,,,,,,,
2021-05-07,30.979999542236328,31.549999237060547,30.850000381469727,31.31999969482422,31.31999969482422,266200,,,,,,,,
2021-05-10,31.790000915527344,31.979999542236328,29.709999084472656,29.874000549316406,29.874000549316406,310700,,,,,,,,
2021-05-11,29.5,30.549999237060547,28.1299991607666,30.139999389648438,30.139999389648438,429000,,,,,,,,
2021-05-12,30.5,30.799999237060547,28.5,29.469999313354492,29.469999313354492,557600,,,,,,,,
2021-05-13,29.0,29.490999221801758,27.270000457763672,28.492000579833984,28.492000579833984,722500,,,,,,,,
2021-05-14,29.0,29.5,28.100000381469727,29.5,29.5,271300,,,,,,,,
2021-05-17,29.200000762939453,30.0,28.850000381469727,29.0,29.0,151900,,,,,,,,
2021-05-18,29.270000457763672,29.760000228881836,28.5,28.799999237060547,28.799999237060547,205500,,,,,,,,
2021-05-19,28.100000381469727,28.700000762939453,27.5,27.59000015258789,27.59000015258789,255600,,,,,,,,
2021-05-20,27.799999237060547,28.350000381469727,27.59000015258789,27.59000015258789,27.59000015258789,177100,,,,,,,,
2021-05-21,27.610000610351562,28.049999237060547,27.549999237060547,27.75,27.75,168800,,,,,,,,
2021-05-24,27.84000015258789,28.575000762939453,27.84000015258789,28.575000762939453,28.575000762939453,128000,,,,,,,,
2021-05-25,28.59000015258789,29.295000076293945,28.18000030517578,29.25,29.25,221100,,,,,,,,
2021-05-26,28.520000457763672,29.75,28.520000457763672,29.719999313354492,29.719999313354492,195700,,,,,,,,
2021-05-27,29.895000457763672,30.049999237060547,29.290000915527344,30.020000457763672,30.020000457763672,225600,,,,,,,,
2021-05-28,30.5,30.549999237060547,29.59000015258789,29.670000076293945,29.670000076293945,251800,,,,,,,,
2021-06-01,30.110000610351562,30.5,29.329999923706055,29.989999771118164,29.989999771118164,171900,,,,,,,,
2021-06-02,30.600000381469727,30.600000381469727,29.020000457763672,30.209999084472656,30.209999084472656,221000,,,,,,,,
2021-06-03,30.059999465942383,30.25,29.492000579833984,30.110000610351562,30.110000610351562,158200,,,,,,,,
2021-06-04,30.100000381469727,30.479999542236328,29.75,30.270000457763672,30.270000457763672,226500,,,,,,,,
2021-06-07,28.549999237060547,30.327999114990234,28.5,30.322999954223633,30.322999954223633,242100,,,,,,,,
2021-06-08,30.700000762939453,30.700000762939453,29.68000030517578,29.809999465942383,29.809999465942383,177000,,,,,,,,
2021-06-09,29.950000762939453,29.979999542236328,28.799999237060547,28.95199966430664,28.95199966430664,248500,,,,,,,,
2021-06-10,28.950000762939453,29.816999435424805,28.549999237060547,29.799999237060547,29.799999237060547,315200,,,,,,,,
2021-06-11,29.799999237060547,30.329999923706055,29.459999084472656,30.260000228881836,30.260000228881836,174100,,,,,,,,
2021-06-14,30.031999588012695,30.450000762939453,29.892000198364258,30.450000762939453,30.450000762939453,173600,,,,,,,,
2021-06-15,29.809999465942383,30.68000030517578,29.40999984741211,29.690000534057617,29.690000534057617,185500,,,,,,,,
2021-06-16,29.700000762939453,30.100000381469727,29.219999313354492,29.809999465942383,29.809999465942383,169300,,,,,,,,
2021-06-17,29.25,29.700000762939453,28.979999542236328,29.309999465942383,29.309999465942383,302400,,,,,,,,
2021-06-18,29.0,29.520000457763672,28.368000030517578,28.59000015258789,28.59000015258789,319000,,,,,,,,
2021-06-21,28.59000015258789,29.81599998474121,28.3799991607666,29.059999465942383,29.059999465942383,305800,,,,,,,,
2021-06-22,28.200000762939453,29.399999618530273,28.200000762939453,29.3799991607666,29.3799991607666,112400,,,,,,,,
2021-06-23,29.3799991607666,30.489999771118164,29.0,30.19099998474121,30.19099998474121,268500,,,,,,,,
2021-06-24,30.5,32.25,30.3700008392334,31.940000534057617,31.940000534057617,471500,,,,,,,,
2021-06-25,32.0,32.54999923706055,31.940000534057617,32.25,32.25,180900,,,,,,,,
2021-06-28,32.45000076293945,32.9900016784668,31.81999969482422,32.779998779296875,32.779998779296875,192600,,,,,,,,
2021-06-29,32.349998474121094,32.95000076293945,31.559999465942383,32.400001525878906,32.400001525878906,180100,,,,,,,,
2021-06-30,32.5,33.005001068115234,31.770000457763672,33.0,33.0,254700,,,,,,,,
2021-07-01,33.0,33.439998626708984,32.650001525878906,33.189998626708984,33.189998626708984,206000,,,,,,,,
2021-07-02,33.125,33.125,31.979999542236328,33.08599853515625,33.08599853515625,159100,,,,,,,,
2021-07-06,33.099998474121094,33.400001525878906,32.45199966430664,33.0,33.0,179000,,,,,,,,
2021-07-07,33.529998779296875,33.7599983215332,33.0,33.02000045776367,33.02000045776367,238400,,,,,,,,
2021-07-08,32.599998474121094,33.0,32.0,32.720001220703125,32.720001220703125,264400,,,,,,,,
2021-07-09,32.810001373291016,33.709999084472656,32.099998474121094,33.650001525878906,33.650001525878906,186500,,,,,,,,
2021-07-12,33.29999923706055,33.650001525878906,32.5359992980957,33.03099822998047,33.03099822998047,163700,,,,,,,,
2021-07-13,33.029998779296875,34.0,32.9119987487793,33.54100036621094,33.54100036621094,324600,,,,,,,,
2021-07-14,35.150001525878906,35.150001525878906,31.493999481201172,31.639999389648438,31.639999389648438,544100,,,,,,,,
2021-07-15,31.549999237060547,31.600000381469727,30.049999237060547,31.049999237060547,31.049999237060547,614600,,,,,,,,
2021-07-16,30.325000762939453,31.549999237060547,30.15999984741211,30.70599937438965,30.70599937438965,294700,,,,,,,,
2021-07-19,30.0,30.450000762939453,28.149999618530273,29.829999923706055,29.829999923706055,971000,,,,,,,,
2021-07-20,29.860000610351562,30.700000762939453,29.75,30.399999618530273,30.399999618530273,192900,,,,,,,,
2021-07-21,29.5,31.420000076293945,29.5,31.0,31.0,149100,,,,,,,,
2021-07-22,31.0,31.329999923706055,30.399999618530273,31.200000762939453,31.200000762939453,124600,,,,,,,,
2021-07-23,31.200000762939453,31.200000762939453,30.100000381469727,30.549999237060547,30.549999237060547,223000,,,,,,,,
2021-07-26,30.0,30.5,29.5,30.5,30.5,212900,,,,,,,,
2021-07-27,30.600000381469727,30.600000381469727,29.18000030517578,29.239999771118164,29.239999771118164,253300,,,,,,,,
2021-07-28,29.466999053955078,30.41699981689453,29.232999801635742,29.600000381469727,29.600000381469727,164700,,,,,,,,
2021-07-29,30.25,30.25,29.09600067138672,29.280000686645508,29.280000686645508,195000,,,,,,,,
2021-07-30,29.200000762939453,30.049999237060547,28.969999313354492,29.34000015258789,29.34000015258789,227200,,,,,,,,
2021-08-02,28.969999313354492,30.760000228881836,28.969999313354492,30.479999542236328,30.479999542236328,268300,,,,,,,,
2021-08-03,30.329999923706055,31.1299991607666,29.5,31.0,31.0,188500,,,,,,,,
2021-08-04,31.024999618530273,31.3700008392334,30.75,31.1299991607666,31.1299991607666,134400,,,,,,,,
2021-08-05,31.100000381469727,32.5,30.1200008392334,32.380001068115234,32.380001068115234,164800,,,,,,,,
2021-08-06,31.270000457763672,32.689998626708984,31.270000457763672,32.28499984741211,32.28499984741211,138400,,,,,,,,
2021-08-09,32.150001525878906,33.099998474121094,32.04499816894531,32.68000030517578,32.68000030517578,151500,,,,,,,,
2021-08-10,31.65999984741211,33.150001525878906,31.65999984741211,32.95000076293945,32.95000076293945,164600,,,,,,,,
2021-08-11,32.5,32.97999954223633,31.0,31.299999237060547,31.299999237060547,200500,,,,,,,,
2021-08-12,31.795000076293945,33.349998474121094,31.299999237060547,32.400001525878906,32.400001525878906,501300,,,,,,,,
2021-08-13,32.25,32.75,31.309999465942383,31.649999618530273,31.649999618530273,179200,,,,,,,,
2021-08-16,31.274999618530273,32.27000045776367,30.420000076293945,30.860000610351562,30.860000610351562,263400,,,,,,,,
2021-08-17,31.100000381469727,31.100000381469727,29.600000381469727,30.100000381469727,30.100000381469727,276400,,,,,,,,
2021-08-18,29.31999969482422,31.010000228881836,29.31999969482422,30.1200008392334,30.1200008392334,171100,,,,,,,,
2021-08-19,29.145000457763672,30.01799964904785,29.040000915527344,29.579999923706055,29.579999923706055,194100,,,,,,,,
2021-08-20,28.850000381469727,29.6200008392334,27.75,28.45599937438965,28.45599937438965,597800,,,,,,,,
2021-08-23,28.5,29.034000396728516,28.03499984741211,28.610000610351562,28.610000610351562,343800,,,,,,,,
2021-08-24,28.604999542236328,30.0,28.604999542236328,29.996000289916992,29.996000289916992,177200,,,,,,,,
2021-08-25,30.604999542236328,30.624000549316406,29.200000762939453,30.059999465942383,30.059999465942383,127700,,,,,,,,
2021-08-26,30.100000381469727,30.469999313354492,28.479999542236328,30.030000686645508,30.030000686645508,102100,,,,,,,,
2021-08-27,29.950000762939453,30.410999298095703,29.700000762939453,30.225000381469727,30.225000381469727,132000,,,,,,,,
2021-08-30,30.1200008392334,30.600000381469727,29.299999237060547,29.459999084472656,29.459999084472656,133300,,,,,,,,
2021-08-31,29.889999389648438,29.950000762939453,28.5,29.700000762939453,29.700000762939453,193500,,,,,,,,
2021-09-01,28.739999771118164,30.0,28.739999771118164,29.5,29.5,164300,,,,,,,,
2021-09-02,28.774999618530273,29.847000122070312,28.75,28.8700008392334,28.8700008392334,236300,,,,,,,,
2021-09-03,28.8700008392334,29.3700008392334,28.09000015258789,29.3700008392334,29.3700008392334,132200,,,,,,,,
2021-09-07,29.0,29.67099952697754,28.200000762939453,28.30500030517578,28.30500030517578,158100,,,,,,,,
2021-09-08,29.0,29.0,27.280000686645508,27.64299964904785,27.64299964904785,263800,,,,,,,,
2021-09-09,27.639999389648438,27.93000030517578,26.059999465942383,26.219999313354492,26.219999313354492,538000,,,,,,,,
2021-09-10,26.0,26.600000381469727,25.18000030517578,25.350000381469727,25.350000381469727,491400,,,,,,,,
2021-09-13,24.899999618530273,26.041000366210938,24.836000442504883,25.926000595092773,25.926000595092773,313900,,,,,,,,
2021-09-14,26.19499969482422,26.381000518798828,24.93000030517578,25.670000076293945,25.670000076293945,444300,,,,,,,,
2021-09-15,24.110000610351562,27.6299991607666,24.100000381469727,27.350000381469727,27.350000381469727,408800,,,,,,,,
2021-09-16,27.799999237060547,27.799999237060547,26.610000610351562,27.3700008392334,27.3700008392334,162600,,,,,,,,
2021-09-17,27.3700008392334,27.3700008392334,25.97599983215332,26.466999053955078,26.466999053955078,261100,,,,,,,,
2021-09-20,26.200000762939453,26.93000030517578,25.100000381469727,25.5,25.5,364800,,,,,,,,
2021-09-21,25.825000762939453,27.170000076293945,25.600000381469727,26.64299964904785,26.64299964904785,276300,,,,,,,,
2021-09-22,27.100000381469727,27.600000381469727,26.5,26.790000915527344,26.790000915527344,459800,,,,,,,,
2021-09-23,27.200000762939453,27.899999618530273,26.170000076293945,26.826000213623047,26.826000213623047,485300,,,,,,,,
2021-09-24,26.719999313354492,28.690000534057617,26.149999618530273,28.03499984741211,28.03499984741211,365800,,,,,,,,
2021-09-27,28.0,28.649999618530273,27.490999221801758,28.503000259399414,28.503000259399414,176900,,,,,,,,
2021-09-28,28.899999618530273,28.899999618530273,27.475000381469727,27.649999618530273,27.649999618530273,197000,,,,,,,,
2021-09-29,27.010000228881836,28.079999923706055,26.639999389648438,27.260000228881836,27.260000228881836,338600,,,,,,,,
2021-09-30,26.774999618530273,27.996000289916992,25.950000762939453,27.770000457763672,27.770000457763672,405400,,,,,,,,
2021-10-01,26.350000381469727,27.68000030517578,26.350000381469727,27.56999969482422,27.56999969482422,337500,,,,,,,,
2021-10-04,27.399999618530273,27.5,26.19700050354004,26.360000610351562,26.360000610351562,230100,,,,,,,,
2021-10-05,27.940000534057617,27.940000534057617,26.200000762939453,26.559999465942383,26.559999465942383,213200,,,,,,,,
2021-10-06,27.0,27.0,25.549999237060547,26.059999465942383,26.059999465942383,287300,,,,,,,,
2021-10-07,25.649999618530273,27.229999542236328,25.43000030517578,25.961999893188477,25.961999893188477,199300,,,,,,,,
2021-10-08,26.0,26.280000686645508,25.0,25.273000717163086,25.273000717163086,257700,,,,,,,,
2021-10-11,25.0,26.06999969482422,25.0,25.325000762939453,25.325000762939453,103000,,,,,,,,
2021-10-12,25.415000915527344,25.549999237060547,24.350000381469727,25.16699981689453,25.16699981689453,306700,,,,,,,,
2021-10-13,24.790000915527344,25.490999221801758,24.670000076293945,25.150999069213867,25.150999069213867,264100,,,,,,,,
2021-10-14,25.0,25.402000427246094,23.746000289916992,24.229999542236328,24.229999542236328,343600,,,,,,,,
2021-10-15,24.010000228881836,24.357999801635742,22.979999542236328,23.719999313354492,23.719999313354492,352000,,,,,,,,
2021-10-18,23.469999313354492,24.0,22.489999771118164,22.850000381469727,22.850000381469727,486000,,,,,,,,
2021-10-19,22.729999542236328,24.731000900268555,22.59000015258789,24.079999923706055,24.079999923706055,337600,,,,,,,,
2021-10-20,23.950000762939453,24.8700008392334,23.729999542236328,24.09000015258789,24.09000015258789,250700,,,,,,,,
2021-10-21,24.25,24.81399917602539,23.68000030517578,23.90999984741211,23.90999984741211,216300,,,,,,,,
2021-10-22,23.479999542236328,24.450000762939453,22.8700008392334,23.29599952697754,23.29599952697754,192100,,,,,,,,
2021-10-25,22.280000686645508,24.469999313354492,22.280000686645508,22.625999450683594,22.625999450683594,193300,,,,,,,,
2021-10-26,22.100000381469727,22.989999771118164,21.920000076293945,22.200000762939453,22.200000762939453,337100,,,,,,,,
2021-10-27,21.920000076293945,22.5,20.649999618530273,20.65999984741211,20.65999984741211,648500,,,,,,,,
2021-10-28,21.700000762939453,21.700000762939453,20.0,20.040000915527344,20.040000915527344,975200,,,,,,,,
2021-10-29,20.049999237060547,20.540000915527344,19.2450008392334,20.47100067138672,20.47100067138672,748100,,,,,,,,
2021-11-01,19.649999618530273,21.510000228881836,19.649999618530273,20.700000762939453,20.700000762939453,349400,,,,,,,,
2021-11-02,20.5,21.0,19.34000015258789,19.868000030517578,19.868000030517578,619600,,,,,,,,
2021-11-03,19.520000457763672,19.892000198364258,18.399999618530273,19.6299991607666,19.6299991607666,592000,,,,,,,,
2021-11-04,19.549999237060547,20.0,18.579999923706055,18.649999618530273,18.649999618530273,515300,,,,,,,,
2021-11-05,18.600000381469727,21.099000930786133,18.549999237060547,21.06999969482422,21.06999969482422,830000,,,,,,,,
2021-11-08,23.0,24.474000930786133,21.299999237060547,22.25,22.25,1429000,,,,,,,,
2021-11-09,23.25,23.690000534057617,21.719999313354492,22.399999618530273,22.399999618530273,985800,,,,,,,,
2021-11-10,23.450000762939453,23.450000762939453,21.0,21.799999237060547,21.799999237060547,850700,,,,,,,,
2021-11-11,22.719999313354492,25.860000610351562,21.049999237060547,25.280000686645508,25.280000686645508,1104100,,,,,,,,
2021-11-12,26.8700008392334,27.719999313354492,25.572999954223633,27.110000610351562,27.110000610351562,1275600,,,,,,,,
2021-11-15,28.25,28.55900001525879,24.040000915527344,24.15999984741211,24.15999984741211,1208200,,,,,,,,
2021-11-16,24.0,25.0,22.69099998474121,22.719999313354492,22.719999313354492,1049500,,,,,,,,
2021-11-17,23.0,23.709999084472656,22.040000915527344,22.690000534057617,22.690000534057617,434600,,,,,,,,
2021-11-18,23.469999313354492,23.545000076293945,21.0,21.75,21.75,771900,,,,,,,,
2021-11-19,22.59000015258789,22.59000015258789,21.229999542236328,21.59000015258789,21.59000015258789,378300,,,,,,,,
2021-11-22,21.270000457763672,22.739999771118164,20.391000747680664,20.649999618530273,20.649999618530273,562600,,,,,,,,
2021-11-23,21.0,22.649999618530273,20.0,22.229999542236328,22.229999542236328,449200,,,,,,,,
2021-11-24,22.239999771118164,23.27899932861328,21.06999969482422,22.916000366210938,22.916000366210938,342600,,,,,,,,
2021-11-26,22.600000381469727,23.649999618530273,21.1200008392334,23.200000762939453,23.200000762939453,187600,,,,,,,,
2021-11-29,24.959999084472656,24.969999313354492,21.34000015258789,21.799999237060547,21.799999237060547,456600,,,,,,,,
2021-11-30,21.639999389648438,22.450000762939453,20.25,21.584999084472656,21.584999084472656,484000,,,,,,,,
2021-12-01,20.510000228881836,21.5,19.600000381469727,19.81999969482422,19.81999969482422,762100,,,,,,,,
2021-12-02,19.709999084472656,21.04199981689453,19.600000381469727,20.889999389648438,20.889999389648438,576600,,,,,,,,
2021-12-03,21.200000762939453,21.81999969482422,20.139999389648438,20.639999389648438,20.639999389648438,466200,,,,,,,,
2021-12-06,20.639999389648438,21.790000915527344,19.34000015258789,19.3799991607666,19.3799991607666,568600,,,,,,,,
2021-12-07,20.0,20.719999313354492,18.81999969482422,19.0,19.0,724800,,,,,,,,
2021-12-08,20.579999923706055,22.0,18.790000915527344,21.52199935913086,21.52199935913086,511300,,,,,,,,
2021-12-09,21.520000457763672,22.610000610351562,20.520000457763672,21.850000381469727,21.850000381469727,507000,,,,,,,,
2021-12-10,22.34000015258789,22.90999984741211,21.200000762939453,22.0,22.0,427000,,,,,,,,
2021-12-13,21.200000762939453,22.229999542236328,19.760000228881836,20.7549991607666,20.7549991607666,617000,,,,,,,,
2021-12-14,20.350000381469727,20.700000762939453,19.899999618530273,19.979999542236328,19.979999542236328,374000,,,,,,,,
2021-12-15,19.149999618530273,20.350000381469727,19.09000015258789,19.780000686645508,19.780000686645508,450800,,,,,,,,
2021-12-16,20.760000228881836,20.780000686645508,19.110000610351562,19.40999984741211,19.40999984741211,3795400,,,,,,,,
2021-12-17,19.18000030517578,19.770000457763672,18.799999237060547,19.399999618530273,19.399999618530273,625600,,,,,,,,
2021-12-20,18.75,19.0,18.360000610351562,18.3799991607666,18.3799991607666,558800,,,,,,,,
2021-12-21,19.0,19.2450008392334,18.454999923706055,18.56999969482422,18.56999969482422,355500,,,,,,,,
2021-12-22,18.450000762939453,19.826000213623047,18.40999984741211,19.59000015258789,19.59000015258789,678600,,,,,,,,
2021-12-23,19.700000762939453,20.579999923706055,19.0,20.469999313354492,20.469999313354492,656400,,,,,,,,
2021-12-27,20.469999313354492,20.850000381469727,19.900999069213867,20.34000015258789,20.34000015258789,360300,,,,,,,,
2021-12-28,20.0,20.200000762939453,19.5,19.889999389648438,19.889999389648438,333600,,,,,,,,
2021-12-29,20.75,21.329999923706055,19.40999984741211,21.25,21.25,452300,,,,,,,,
2021-12-30,21.25,22.207000732421875,20.110000610351562,21.420000076293945,21.420000076293945,383800,,,,,,,,
2021-12-31,21.40999984741211,22.98699951171875,21.020000457763672,22.15999984741211,22.15999984741211,313900,,,,,,,,
2022-01-03,22.420000076293945,23.469999313354492,22.149999618530273,22.670000076293945,22.670000076293945,423300,,,,,,,,
2022-01-04,22.670000076293945,22.9950008392334,20.850000381469727,21.6200008392334,21.6200008392334,358500,,,,,,,,
2022-01-05,21.6299991607666,21.6299991607666,19.549999237060547,20.329999923706055,20.329999923706055,762000,,,,,,,,
2022-01-06,20.0,20.5,19.3799991607666,20.357999801635742,20.357999801635742,246200,,,,,,,,
2022-01-07,19.610000610351562,21.200000762939453,19.610000610351562,20.84000015258789,20.84000015258789,380300,,,,,,,,
2022-01-10,21.489999771118164,21.530000686645508,20.0,20.829999923706055,20.829999923706055,302000,,,,,,,,
2022-01-11,20.81999969482422,21.170000076293945,20.40999984741211,20.889999389648438,20.889999389648438,204300,,,,,,,,
2022-01-12,20.020000457763672,21.450000762939453,20.020000457763672,20.795000076293945,20.795000076293945,384600,,,,,,,,
2022-01-13,20.299999237060547,21.200000762939453,20.010000228881836,20.229999542236328,20.229999542236328,363100,,,,,,,,
2022-01-14,19.200000762939453,21.049999237060547,19.200000762939453,20.322999954223633,20.322999954223633,342400,,,,,,,,
2022-01-18,20.5,20.950000762939453,19.475000381469727,20.29800033569336,20.29800033569336,237800,,,,,,,,
2022-01-19,20.6200008392334,20.93000030517578,19.649999618530273,20.795000076293945,20.795000076293945,321200,,,,,,,,
2022-01-20,21.0,21.0,19.299999237060547,19.469999313354492,19.469999313354492,430200,,,,,,,,
2022-01-21,19.173999786376953,19.450000762939453,18.450000762939453,19.079999923706055,19.079999923706055,437700,,,,,,,,
2022-01-24,17.829999923706055,19.0,16.670000076293945,18.75,18.75,896800,,,,,,,,
2022-01-25,17.530000686645508,18.809999465942383,17.510000228881836,18.43000030517578,18.43000030517578,381800,,,,,,,,
2022-01-26,18.299999237060547,19.0,17.670000076293945,18.110000610351562,18.110000610351562,285000,,,,,,,,
2022-01-27,17.579999923706055,18.729999542236328,17.100000381469727,17.3799991607666,17.3799991607666,331800,,,,,,,,
2022-01-28,16.93000030517578,17.459999084472656,16.770000457763672,17.049999237060547,17.049999237060547,555400,,,,,,,,
2022-01-31,16.65999984741211,18.14299964904785,16.65999984741211,17.650999069213867,17.650999069213867,506700,,,,,,,,
2022-02-01,17.729999542236328,18.979999542236328,17.200000762939453,18.59000015258789,18.59000015258789,419800,,,,,,,,
2022-02-02,18.600000381469727,19.21500015258789,17.48200035095215,18.0,18.0,442000,,,,,,,,
2022-02-03,17.0,18.309999465942383,17.0,17.239999771118164,17.239999771118164,228700,,,,,,,,
2022-02-04,17.25,19.100000381469727,17.059999465942383,18.5,18.5,715800,,,,,,,,
2022-02-07,17.559999465942383,19.69499969482422,17.5,19.149999618530273,19.149999618530273,475200,,,,,,,,
2022-02-08,19.450000762939453,19.799999237060547,18.459999084472656,19.010000228881836,19.010000228881836,317800,,,,,,,,
2022-02-09,18.950000762939453,20.389999389648438,18.950000762939453,20.325000762939453,20.325000762939453,402000,,,,,,,,
2022-02-10,19.0,21.989999771118164,19.0,20.31999969482422,20.31999969482422,811400,,,,,,,,
2022-02-11,20.479999542236328,21.222999572753906,19.540000915527344,20.610000610351562,20.610000610351562,540700,,,,,,,,
2022-02-14,21.07900047302246,21.420000076293945,19.389999389648438,20.989999771118164,20.989999771118164,218700,,,,,,,,
2022-02-15,21.15999984741211,21.770000457763672,20.530000686645508,21.770000457763672,21.770000457763672,446800,,,,,,,,
2022-02-16,22.0,22.420000076293945,21.049999237060547,21.989999771118164,21.989999771118164,250800,,,,,,,,
2022-02-17,22.0,22.46299934387207,20.729999542236328,21.649999618530273,21.649999618530273,434400,,,,,,,,
2022-02-18,21.68000030517578,21.68000030517578,20.618999481201172,21.270000457763672,21.270000457763672,266100,,,,,,,,
2022-02-22,20.229999542236328,20.98200035095215,19.309999465942383,20.299999237060547,20.299999237060547,366900,,,,,,,,
2022-02-23,20.700000762939453,20.700000762939453,19.100000381469727,19.53499984741211,19.53499984741211,341900,,,,,,,,
2022-02-24,18.649999618530273,19.649999618530273,18.5,19.649999618530273,19.649999618530273,332700,,,,,,,,
2022-02-25,19.549999237060547,19.989999771118164,18.690000534057617,18.989999771118164,18.989999771118164,330400,,,,,,,,
2022-02-28,18.989999771118164,19.850000381469727,18.5,19.1200008392334,19.1200008392334,275100,,,,,,,,
2022-03-01,19.200000762939453,19.43000030517578,17.483999252319336,18.520000457763672,18.520000457763672,642300,,,,,,,,
2022-03-02,18.549999237060547,18.7549991607666,17.5,17.770000457763672,17.770000457763672,325600,,,,,,,,
2022-03-03,17.530000686645508,17.954999923706055,17.020000457763672,17.30299949645996,17.30299949645996,364100,,,,,,,,
2022-03-04,17.14900016784668,17.259000778198242,16.459999084472656,16.520000457763672,16.520000457763672,405900,,,,,,,,
2022-03-07,16.540000915527344,16.655000686645508,15.100000381469727,15.350000381469727,15.350000381469727,642700,,,,,,,,
2022-03-08,15.350000381469727,16.280000686645508,14.77299976348877,15.510000228881836,15.510000228881836,749000,,,,,,,,
2022-03-09,16.049999237060547,16.799999237060547,15.6899995803833,15.699999809265137,15.699999809265137,320900,,,,,,,,
2022-03-10,15.720000267028809,16.084999084472656,15.210000038146973,16.020000457763672,16.020000457763672,237300,,,,,,,,
2022-03-11,16.110000610351562,16.600000381469727,15.279999732971191,15.609999656677246,15.609999656677246,229900,,,,,,,,
2022-03-14,15.25,16.020000457763672,15.140000343322754,15.279999732971191,15.279999732971191,234900,,,,,,,,
2022-03-15,15.149999618530273,16.18000030517578,15.100000381469727,16.18000030517578,16.18000030517578,337300,,,,,,,,
2022-03-16,16.284000396728516,17.0,15.819999694824219,16.989999771118164,16.989999771118164,218900,,,,,,,,
2022-03-17,15.930000305175781,17.600000381469727,15.930000305175781,17.399999618530273,17.399999618530273,214800,,,,,,,,
2022-03-18,17.3799991607666,18.3799991607666,17.020000457763672,18.049999237060547,18.049999237060547,3784100,,,,,,,,
2022-03-21,18.049999237060547,18.399999618530273,17.665000915527344,18.219999313354492,18.219999313354492,186500,,,,,,,,
2022-03-22,18.100000381469727,18.579999923706055,17.790000915527344,17.850000381469727,17.850000381469727,150700,,,,,,,,
2022-03-23,18.0,18.235000610351562,17.049999237060547,17.450000762939453,17.450000762939453,202700,,,,,,,,
2022-03-24,17.350000381469727,18.360000610351562,16.90999984741211,17.34000015258789,17.34000015258789,427300,,,,,,,,
2022-03-25,17.760000228881836,18.674999237060547,17.097000122070312,17.540000915527344,17.540000915527344,640300,,,,,,,,
2022-03-28,17.469999313354492,18.3700008392334,16.655000686645508,17.31999969482422,17.31999969482422,458400,,,,,,,,
2022-03-29,16.959999084472656,17.600000381469727,16.920000076293945,17.420000076293945,17.420000076293945,339500,,,,,,,,
2022-03-30,17.450000762939453,18.09000015258789,17.010000228881836,18.059999465942383,18.059999465942383,439200,,,,,,,,
2022-03-31,18.059999465942383,18.700000762939453,17.6200008392334,18.649999618530273,18.649999618530273,173100,,,,,,,,
2022-04-01,18.93000030517578,19.299999237060547,18.3799991607666,19.09000015258789,19.09000015258789,516600,,,,,,,,
2022-04-04,19.1299991607666,19.510000228881836,18.5,18.969999313354492,18.969999313354492,206700,,,,,,,,
2022-04-05,18.731000900268555,18.975000381469727,17.90999984741211,18.559999465942383,18.559999465942383,371800,,,,,,,,
2022-04-06,18.5,18.5,17.5,18.040000915527344,18.040000915527344,241300,,,,,,,,
2022-04-07,17.829999923706055,18.100000381469727,17.170000076293945,17.75,17.75,274400,,,,,,,,
2022-04-08,17.5,18.0,17.31999969482422,17.670000076293945,17.670000076293945,156900,,,,,,,,
2022-04-11,17.530000686645508,18.0,16.920000076293945,17.09000015258789,17.09000015258789,382500,,,,,,,,
2022-04-12,16.639999389648438,17.56999969482422,16.25,16.399999618530273,16.399999618530273,333400,,,,,,,,
2022-04-13,16.25,16.983999252319336,16.010000228881836,16.760000228881836,16.760000228881836,288400,,,,,,,,
2022-04-14,16.850000381469727,16.850000381469727,16.110000610351562,16.6200008392334,16.6200008392334,188700,,,,,,,,
2022-04-18,16.100000381469727,16.844999313354492,15.729999542236328,16.15999984741211,16.15999984741211,390500,,,,,,,,
2022-04-19,16.15999984741211,16.649999618530273,15.510000228881836,16.649999618530273,16.649999618530273,161200,,,,,,,,
2022-04-20,16.15999984741211,16.78499984741211,16.15999984741211,16.399999618530273,16.399999618530273,158900,,,,,,,,
2022-04-21,16.389999389648438,16.790000915527344,15.630000114440918,16.149999618530273,16.149999618530273,267000,,,,,,,,
2022-04-22,15.5,16.799999237060547,15.5,15.800000190734863,15.800000190734863,242000,,,,,,,,
2022-04-25,15.619999885559082,15.9399995803833,15.399999618530273,15.699999809265137,15.699999809265137,197400,,,,,,,,
2022-04-26,15.739999771118164,16.020000457763672,15.119999885559082,15.640000343322754,15.640000343322754,122100,,,,,,,,
2022-04-27,15.600000381469727,15.75,14.390000343322754,14.460000038146973,14.460000038146973,448200,,,,,,,,
2022-04-28,14.75,15.0,13.694999694824219,14.906999588012695,14.906999588012695,603800,,,,,,,,
2022-04-29,15.0,15.289999961853027,14.020000457763672,14.050000190734863,14.050000190734863,209300,,,,,,,,
2022-05-02,14.0,14.569999694824219,13.0,13.710000038146973,13.710000038146973,560400,,,,,,,,
2022-05-03,13.5,13.789999961853027,12.899999618530273,13.039999961853027,13.039999961853027,318400,,,,,,,,
2022-05-04,13.1899995803833,13.210000038146973,12.640000343322754,12.819999694824219,12.819999694824219,573000,,,,,,,,
2022-05-05,13.050000190734863,13.050000190734863,11.727999687194824,11.949999809265137,11.949999809265137,935700,,,,,,,,
2022-05-06,12.09000015258789,13.140000343322754,11.520000457763672,13.130000114440918,13.130000114440918,630500,,,,,,,,
2022-05-09,12.989999771118164,12.989999771118164,11.949999809265137,12.039999961853027,12.039999961853027,559800,,,,,,,,
2022-05-10,11.515999794006348,12.635000228881836,11.510000228881836,11.710000038146973,11.710000038146973,423900,,,,,,,,
2022-05-11,11.649999618530273,12.420000076293945,11.489999771118164,11.760000228881836,11.760000228881836,362100,,,,,,,,
2022-05-12,11.479999542236328,12.449999809265137,11.446999549865723,12.430000305175781,12.430000305175781,294300,,,,,,,,
2022-05-13,12.5,13.25,12.449999809265137,13.119999885559082,13.119999885559082,470400,,,,,,,,
2022-05-16,13.0,13.199999809265137,12.760000228881836,12.819999694824219,12.819999694824219,231700,,,,,,,,
2022-05-17,12.6899995803833,13.15999984741211,12.1899995803833,12.1899995803833,12.1899995803833,282300,,,,,,,,
2022-05-18,11.75,12.350000381469727,11.300000190734863,11.670000076293945,11.670000076293945,343200,,,,,,,,
2022-05-19,11.27400016784668,12.182000160217285,11.27400016784668,12.170000076293945,12.170000076293945,190600,,,,,,,,
2022-05-20,12.25,13.0,11.600000381469727,13.0,13.0,207300,,,,,,,,
2022-05-23,12.829999923706055,13.140000343322754,12.5,12.75,12.75,121800,,,,,,,,
2022-05-24,12.579999923706055,12.710000038146973,11.789999961853027,12.09000015258789,12.09000015258789,206700,,,,,,,,
2022-05-25,11.829999923706055,12.25,11.539999961853027,11.850000381469727,11.850000381469727,291100,,,,,,,,
2022-05-26,11.699999809265137,12.390000343322754,11.529999732971191,11.600000381469727,11.600000381469727,249200,,,,,,,,
2022-05-27,11.550000190734863,11.779999732971191,11.0,11.3149995803833,11.3149995803833,541200,,,,,,,,
2022-05-31,11.5,11.680000305175781,11.100000381469727,11.199999809265137,11.199999809265137,235900,,,,,,,,
2022-06-01,11.0,11.5,10.850000381469727,11.0,11.0,291600,,,,,,,,
2022-06-02,10.800000190734863,11.329999923706055,10.75,11.322999954223633,11.322999954223633,195100,,,,,,,,
2022-06-03,11.329999923706055,11.399999618530273,10.800000190734863,11.039999961853027,11.039999961853027,532500,,,,,,,,
2022-06-06,10.800000190734863,11.4399995803833,10.800000190734863,11.331000328063965,11.331000328063965,209100,,,,,,,,
2022-06-07,11.329999923706055,11.470000267028809,11.100000381469727,11.319999694824219,11.319999694824219,148700,,,,,,,,
2022-06-08,11.489999771118164,11.489999771118164,10.850000381469727,11.350000381469727,11.350000381469727,264400,,,,,,,,
2022-06-09,10.75,11.489999771118164,10.75,11.149999618530273,11.149999618530273,131300,,,,,,,,
2022-06-10,11.109999656677246,11.487000465393066,10.800000190734863,10.979999542236328,10.979999542236328,213700,,,,,,,,
2022-06-13,10.75,10.989999771118164,10.0,10.081999778747559,10.081999778747559,472000,,,,,,,,
2022-06-14,10.029999732971191,10.081999778747559,9.350000381469727,9.399999618530273,9.399999618530273,484600,,,,,,,,
2022-06-15,9.300000190734863,9.6899995803833,9.1899995803833,9.494999885559082,9.494999885559082,301300,,,,,,,,
2022-06-16,9.395000457763672,9.720000267028809,9.109999656677246,9.15999984741211,9.15999984741211,282500,,,,,,,,
2022-06-17,9.0,9.270000457763672,8.800000190734863,9.010000228881836,9.010000228881836,295300,,,,,,,,
2022-06-21,9.050000190734863,9.350000381469727,8.75,8.760000228881836,8.760000228881836,439000,,,,,,,,
2022-06-22,8.800000190734863,9.140000343322754,8.079999923706055,8.75,8.75,975700,,,,,,,,
2022-06-23,8.75,8.75,8.04800033569336,8.470000267028809,8.470000267028809,494800,,,,,,,,
2022-06-24,8.399999618530273,8.824999809265137,8.100000381469727,8.520000457763672,8.520000457763672,327700,,,,,,,,
2022-06-27,8.5600004196167,8.925999641418457,8.069999694824219,8.819999694824219,8.819999694824219,667300,,,,,,,,
2022-06-28,8.489999771118164,8.920000076293945,8.319999694824219,8.597999572753906,8.597999572753906,387000,,,,,,,,
2022-06-29,8.199999809265137,8.6899995803833,8.149999618530273,8.199999809265137,8.199999809265137,239600,,,,,,,,
2022-06-30,8.199999809265137,8.300000190734863,7.820000171661377,8.0,8.0,393200,,,,,,,,
2022-07-01,8.119999885559082,8.180000305175781,7.949999809265137,7.96999979019165,7.96999979019165,268200,,,,,,,,
2022-07-05,7.980000019073486,9.15999984741211,7.71999979019165,8.979999542236328,8.979999542236328,536400,,,,,,,,
2022-07-06,8.949999809265137,9.486000061035156,8.869999885559082,9.170000076293945,9.170000076293945,351500,,,,,,,,
2022-07-07,9.395999908447266,9.550000190734863,9.149999618530273,9.470000267028809,9.470000267028809,240400,,,,,,,,
2022-07-08,9.600000381469727,9.699999809265137,9.130000114440918,9.270000457763672,9.270000457763672,170900,,,,,,,,
2022-07-11,9.09000015258789,9.140999794006348,8.800000190734863,8.949999809265137,8.949999809265137,162000,,,,,,,,
2022-07-12,9.0,9.149999618530273,8.75,9.0,9.0,174700,,,,,,,,
2022-07-13,8.899999618530273,9.470000267028809,8.75,9.100000381469727,9.100000381469727,350000,,,,,,,,
2022-07-14,8.993000030517578,9.854999542236328,8.850000381469727,9.460000038146973,9.460000038146973,428400,,,,,,,,
2022-07-15,9.460000038146973,9.699999809265137,9.300000190734863,9.5,9.5,354600,,,,,,,,
2022-07-18,9.699999809265137,9.859999656677246,9.5,9.640000343322754,9.640000343322754,314300,,,,,,,,
2022-07-19,9.640000343322754,9.9350004196167,9.420000076293945,9.718999862670898,9.718999862670898,451900,,,,,,,,
2022-07-20,9.890000343322754,10.600000381469727,9.710000038146973,9.859999656677246,9.859999656677246,688800,,,,,,,,
2022-07-21,10.0,10.710000038146973,9.630000114440918,10.460000038146973,10.460000038146973,568400,,,,,,,,
2022-07-22,10.5600004196167,10.649999618530273,10.0,10.300000190734863,10.300000190734863,403300,,,,,,,,
2022-07-25,10.265000343322754,10.479999542236328,10.0,10.149999618530273,10.149999618530273,3914100,,,,,,,,
2022-07-26,10.65999984741211,10.65999984741211,9.300000190734863,9.600000381469727,9.600000381469727,469500,,,,,,,,
2022-07-27,9.600000381469727,10.0,9.149999618530273,9.319999694824219,9.319999694824219,403600,,,,,,,,
2022-07-28,9.770000457763672,9.770000457763672,8.949999809265137,9.119999885559082,9.119999885559082,414700,,,,,,,,
2022-07-29,9.300000190734863,9.350000381469727,8.967000007629395,9.1850004196167,9.1850004196167,426200,,,,,,,,
2022-08-01,9.260000228881836,9.484999656677246,9.020000457763672,9.199999809265137,9.199999809265137,307300,,,,,,,,
2022-08-02,9.199999809265137,9.609999656677246,9.029999732971191,9.579999923706055,9.579999923706055,358900,,,,,,,,
2022-08-03,9.579999923706055,9.850000381469727,9.180000305175781,9.710000038146973,9.710000038146973,368400,,,,,,,,
2022-08-04,9.710000038146973,10.069999694824219,9.300000190734863,9.401000022888184,9.401000022888184,447400,,,,,,,,
2022-08-05,9.5,10.100000381469727,9.289999961853027,10.0,10.0,631300,,,,,,,,
2022-08-08,9.970000267028809,10.482999801635742,9.960000038146973,10.100000381469727,10.100000381469727,393800,,,,,,,,
2022-08-09,10.092000007629395,10.3100004196167,9.862000465393066,10.130000114440918,10.130000114440918,200500,,,,,,,,
2022-08-10,10.130000114440918,10.449999809265137,10.079999923706055,10.420000076293945,10.420000076293945,205800,,,,,,,,
2022-08-11,10.5,11.020000457763672,10.350000381469727,10.819999694824219,10.819999694824219,457000,,,,,,,,
2022-08-12,11.0,11.09000015258789,10.760000228881836,11.09000015258789,11.09000015258789,305400,,,,,,,,
2022-08-15,11.029999732971191,11.489999771118164,10.75,11.050000190734863,11.050000190734863,440800,,,,,,,,
2022-08-16,11.050000190734863,11.229999542236328,10.895999908447266,11.069999694824219,11.069999694824219,359800,,,,,,,,
2022-08-17,11.140000343322754,11.149999618530273,10.359999656677246,10.470000267028809,10.470000267028809,323900,,,,,,,,
2022-08-18,10.600000381469727,11.15999984741211,10.300000190734863,10.979999542236328,10.979999542236328,429800,,,,,,,,
2022-08-19,11.0,11.149999618530273,10.680999755859375,11.0,11.0,226300,,,,,,,,
2022-08-22,10.850000381469727,11.25,10.770000457763672,11.125,11.125,186600,,,,,,,,
2022-08-23,11.100000381469727,11.680000305175781,11.055000305175781,11.529999732971191,11.529999732971191,207200,,,,,,,,
2022-08-24,11.59000015258789,12.645000457763672,11.529999732971191,12.359999656677246,12.359999656677246,414300,,,,,,,,
2022-08-25,12.449999809265137,13.979000091552734,12.25,13.550000190734863,13.550000190734863,620400,,,,,,,,
2022-08-26,14.0,14.0,12.871999740600586,13.260000228881836,13.260000228881836,535100,,,,,,,,
2022-08-29,13.069999694824219,13.890000343322754,12.4399995803833,13.6899995803833,13.6899995803833,283300,,,,,,,,
2022-08-30,13.699999809265137,13.822999954223633,12.979999542236328,13.0600004196167,13.0600004196167,3728200,,,,,,,,
2022-08-31,12.720000267028809,13.586999893188477,12.350000381469727,13.40999984741211,13.40999984741211,396900,,,,,,,,
2022-09-01,13.0,13.300000190734863,12.670000076293945,12.920000076293945,12.920000076293945,194200,,,,,,,,
2022-09-02,12.920000076293945,13.270000457763672,12.819999694824219,12.960000038146973,12.960000038146973,152700,,,,,,,,
2022-09-06,12.979999542236328,13.3100004196167,12.329999923706055,12.779999732971191,12.779999732971191,176500,,,,,,,,
2022-09-07,13.069999694824219,13.069999694824219,12.420000076293945,12.569999694824219,12.569999694824219,173800,,,,,,,,
2022-09-08,12.529999732971191,12.779999732971191,12.270000457763672,12.5600004196167,12.5600004196167,195700,,,,,,,,
2022-09-09,12.449999809265137,13.145000457763672,12.449999809265137,12.75,12.75,184000,,,,,,,,
2022-09-12,12.149999618530273,12.829999923706055,11.899999618530273,12.119999885559082,12.119999885559082,416700,,,,,,,,
2022-09-13,11.699999809265137,11.998000144958496,11.197999954223633,11.329999923706055,11.329999923706055,292500,,,,,,,,
2022-09-14,11.199999809265137,11.685999870300293,11.175000190734863,11.5,11.5,308100,,,,,,,,
2022-09-15,11.645000457763672,11.8100004196167,11.050000190734863,11.170000076293945,11.170000076293945,224600,,,,,,,,
2022-09-16,10.949999809265137,11.161999702453613,10.869999885559082,11.149999618530273,11.149999618530273,179200,,,,,,,,
2022-09-19,10.520000457763672,11.071999549865723,10.520000457763672,11.050000190734863,11.050000190734863,203100,,,,,,,,
2022-09-20,10.770999908447266,11.15999984741211,10.744000434875488,11.020000457763672,11.020000457763672,143900,,,,,,,,
2022-09-21,10.380000114440918,11.25,10.380000114440918,11.25,11.25,99300,,,,,,,,
2022-09-22,11.0,11.279000282287598,10.383000373840332,10.649999618530273,10.649999618530273,233700,,,,,,,,
2022-09-23,10.199999809265137,10.4399995803833,9.850000381469727,9.989999771118164,9.989999771118164,390600,,,,,,,,
2022-09-26,9.800000190734863,10.220000267028809,9.420000076293945,9.59000015258789,9.59000015258789,217400,,,,,,,,
2022-09-27,9.399999618530273,9.829999923706055,9.229999542236328,9.390000343322754,9.390000343322754,189700,,,,,,,,
2022-09-28,9.210000038146973,9.800000190734863,9.210000038146973,9.6899995803833,9.6899995803833,337600,,,,,,,,
2022-09-29,9.220000267028809,9.59000015258789,9.140000343322754,9.270000457763672,9.270000457763672,204200,,,,,,,,
2022-09-30,9.0,9.680000305175781,8.899999618530273,9.369999885559082,9.369999885559082,353900,,,,,,,,
2022-10-03,9.369999885559082,10.402999877929688,9.0,10.399999618530273,10.399999618530273,258600,,,,,,,,
2022-10-04,10.515000343322754,10.829999923706055,10.199999809265137,10.350000381469727,10.350000381469727,255700,,,,,,,,
2022-10-05,9.520000457763672,10.350000381469727,9.460000038146973,10.09000015258789,10.09000015258789,130000,,,,,,,,
2022-10-06,9.359999656677246,14.550000190734863,9.142999649047852,13.149999618530273,13.149999618530273,2206800,,,,,,,,
2022-10-07,14.0,14.109999656677246,11.949999809265137,13.25,13.25,3198600,,,,,,,,
2022-10-10,13.029999732971191,13.25,11.84000015258789,12.199999809265137,12.199999809265137,517600,,,,,,,,
2022-10-11,12.050000190734863,12.13599967956543,9.880000114440918,10.149999618530273,10.149999618530273,1294200,,,,,,,,
2022-10-12,10.149999618530273,10.4399995803833,9.850000381469727,10.15999984741211,10.15999984741211,629700,,,,,,,,
2022-10-13,9.979999542236328,10.270000457763672,9.50100040435791,10.170000076293945,10.170000076293945,437600,,,,,,,,
2022-10-14,10.149999618530273,10.25,9.600000381469727,9.869999885559082,9.869999885559082,351000,,,,,,,,
2022-10-17,9.819999694824219,10.40999984741211,9.819999694824219,10.199999809265137,10.199999809265137,310700,,,,,,,,
2022-10-18,10.6899995803833,11.0,10.199999809265137,10.850000381469727,10.850000381469727,535900,,,,,,,,
2022-10-19,10.90999984741211,12.069999694824219,10.90999984741211,11.239999771118164,11.239999771118164,911400,,,,,,,,
2022-10-20,11.3100004196167,12.100000381469727,10.949999809265137,11.729999542236328,11.729999542236328,637300,,,,,,,,
2022-10-21,12.350000381469727,12.350000381469727,11.600000381469727,11.65999984741211,11.65999984741211,230800,,,,,,,,
2022-10-24,11.770000457763672,11.788000106811523,10.812000274658203,11.0,11.0,549300,,,,,,,,
2022-10-25,10.600000381469727,11.960000038146973,10.600000381469727,11.253000259399414,11.253000259399414,391900,,,,,,,,
2022-10-26,11.220000267028809,11.722999572753906,10.555000305175781,11.260000228881836,11.260000228881836,269900,,,,,,,,
2022-10-27,11.0649995803833,11.529999732971191,11.050000190734863,11.050000190734863,11.050000190734863,162500,,,,,,,,
2022-10-28,10.390000343322754,11.470000267028809,10.390000343322754,11.206000328063965,11.206000328063965,239400,,,,,,,,
2022-10-31,11.199999809265137,13.0,10.960000038146973,11.880000114440918,11.880000114440918,768300,,,,,,,,
2022-11-01,11.899999618530273,11.979999542236328,11.550000190734863,11.739999771118164,11.739999771118164,197100,,,,,,,,
2022-11-02,11.770000457763672,11.852999687194824,11.369999885559082,11.449999809265137,11.449999809265137,203900,,,,,,,,
2022-11-03,10.65999984741211,12.430000305175781,10.65999984741211,12.0600004196167,12.0600004196167,452800,,,,,,,,
2022-11-04,12.130000114440918,12.604999542236328,12.100000381469727,12.25,12.25,241900,,,,,,,,
2022-11-07,11.800000190734863,12.329999923706055,11.600000381469727,11.779999732971191,11.779999732971191,271700,,,,,,,,
2022-11-08,11.800000190734863,12.6899995803833,11.210000038146973,12.180000305175781,12.180000305175781,240600,,,,,,,,
2022-11-09,12.234999656677246,13.130000114440918,11.90999984741211,12.649999618530273,12.649999618530273,599600,,,,,,,,
2022-11-10,12.649999618530273,13.640000343322754,12.545000076293945,13.199999809265137,13.199999809265137,405800,,,,,,,,
2022-11-11,12.619999885559082,13.654000282287598,12.619999885559082,13.600000381469727,13.600000381469727,321800,,,,,,,,
2022-11-14,13.600000381469727,14.25,13.020000457763672,13.890000343322754,13.890000343322754,728500,,,,,,,,
2022-11-15,14.0600004196167,14.399999618530273,13.5,14.25,14.25,513900,,,,,,,,
2022-11-16,14.25,14.399999618530273,13.449999809265137,14.25,14.25,578600,,,,,,,,
2022-11-17,13.789999961853027,14.239999771118164,13.369999885559082,13.609999656677246,13.609999656677246,464100,,,,,,,,
2022-11-18,13.600000381469727,13.609999656677246,12.880000114440918,12.979999542236328,12.979999542236328,422600,,,,,,,,
2022-11-21,13.0600004196167,13.085000038146973,12.288999557495117,12.8100004196167,12.8100004196167,489100,,,,,,,,
2022-11-22,13.529999732971191,13.529999732971191,12.5600004196167,12.899999618530273,12.899999618530273,300000,,,,,,,,
2022-11-23,12.520000457763672,13.430000305175781,12.520000457763672,13.289999961853027,13.289999961853027,774100,,,,,,,,
2022-11-25,12.8100004196167,13.510000228881836,12.8100004196167,13.25,13.25,87900,,,,,,,,
2022-11-28,13.449999809265137,13.449999809265137,12.630000114440918,12.850000381469727,12.850000381469727,308100,,,,,,,,
2022-11-29,12.850000381469727,12.970000267028809,12.5,12.699999809265137,12.699999809265137,223700,,,,,,,,
2022-11-30,12.843000411987305,13.079999923706055,12.550000190734863,13.0,13.0,192200,,,,,,,,
2022-12-01,12.760000228881836,14.850000381469727,12.75,14.520000457763672,14.520000457763672,420400,,,,,,,,
2022-12-02,14.5,15.649999618530273,13.5600004196167,15.470000267028809,15.470000267028809,988900,,,,,,,,
2022-12-05,15.75,16.5,14.729999542236328,15.635000228881836,15.635000228881836,1403900,,,,,,,,
2022-12-06,15.960000038146973,15.970000267028809,13.09000015258789,13.520000457763672,13.520000457763672,1335900,,,,,,,,
2022-12-07,13.350000381469727,13.390000343322754,12.15999984741211,12.770000457763672,12.770000457763672,715200,,,,,,,,
2022-12-08,12.130000114440918,13.0,11.109999656677246,11.3100004196167,11.3100004196167,919100,,,,,,,,
2022-12-09,11.270000457763672,11.640000343322754,10.918000221252441,11.345000267028809,11.345000267028809,463500,,,,,,,,
2022-12-12,11.0,11.350000381469727,10.100000381469727,10.289999961853027,10.289999961853027,377600,,,,,,,,
2022-12-13,10.649999618530273,10.755999565124512,9.9399995803833,9.98900032043457,9.98900032043457,481800,,,,,,,,
2022-12-14,9.90999984741211,10.093000411987305,9.4399995803833,9.649999618530273,9.649999618530273,664200,,,,,,,,
2022-12-15,9.300000190734863,10.399999618530273,9.029999732971191,9.130000114440918,9.130000114440918,580400,,,,,,,,
2022-12-16,9.260000228881836,10.300000190734863,9.239999771118164,9.829999923706055,9.829999923706055,617400,,,,,,,,
2022-12-19,9.850000381469727,10.0,8.194000244140625,8.640000343322754,8.640000343322754,1127700,,,,,,,,
2022-12-20,8.600000381469727,8.9399995803833,7.991000175476074,8.0,8.0,1298000,,,,,,,,
2022-12-21,8.149999618530273,8.329999923706055,7.493000030517578,8.079999923706055,8.079999923706055,1092700,,,,,,,,
2022-12-22,8.03499984741211,8.239999771118164,7.900000095367432,8.0,8.0,486100,,,,,,,,
2022-12-23,7.650000095367432,8.489999771118164,7.650000095367432,8.380000114440918,8.380000114440918,876100,,,,,,,,
2022-12-27,8.529999732971191,8.579999923706055,8.199999809265137,8.5,8.5,586400,,,,,,,,
2022-12-28,8.4399995803833,8.630000114440918,7.869999885559082,7.889999866485596,7.889999866485596,1034000,,,,,,,,
2022-12-29,7.889999866485596,8.84000015258789,7.889999866485596,8.84000015258789,8.84000015258789,767100,,,,,,,,
2022-12-30,8.649999618530273,8.840999603271484,8.100000381469727,8.640000343322754,8.640000343322754,913700,,,,,,,,
2023-01-03,8.130000114440918,8.829999923706055,8.100000381469727,8.324999809265137,8.324999809265137,316400,,,,,,,,
2023-01-04,8.449999809265137,8.630000114440918,8.246000289916992,8.5,8.5,285700,,,,,,,,
2023-01-05,8.871000289916992,8.871000289916992,8.399999618530273,8.739999771118164,8.739999771118164,374600,,,,,,,,
2023-01-06,8.600000381469727,8.84000015258789,8.447999954223633,8.579999923706055,8.579999923706055,278700,,,,,,,,
2023-01-09,8.470000267028809,8.600000381469727,8.0,8.149999618530273,8.149999618530273,494400,,,,,,,,
2023-01-10,8.029999732971191,8.289999961853027,8.010000228881836,8.130000114440918,8.130000114440918,290000,,,,,,,,
2023-01-11,8.130000114440918,8.5600004196167,8.0,8.229999542236328,8.229999542236328,383100,,,,,,,,
2023-01-12,8.270000457763672,8.460000038146973,8.0,8.239999771118164,8.239999771118164,259900,,,,,,,,
2023-01-13,8.40999984741211,8.420000076293945,8.149999618530273,8.295000076293945,8.295000076293945,203500,,,,,,,,
2023-01-17,8.258000373840332,8.5600004196167,8.25,8.5,8.5,228100,,,,,,,,
2023-01-18,8.390000343322754,8.680000305175781,8.359999656677246,8.380000114440918,8.380000114440918,298400,,,,,,,,
2023-01-19,8.319999694824219,8.447999954223633,7.949999809265137,8.050000190734863,8.050000190734863,388300,,,,,,,,
2023-01-20,8.100000381469727,8.1899995803833,7.889999866485596,8.0,8.0,433300,,,,,,,,
2023-01-23,8.0,8.25,7.849999904632568,7.900000095367432,7.900000095367432,402000,,,,,,,,
2023-01-24,7.909999847412109,8.0,7.809999942779541,7.889999866485596,7.889999866485596,221200,,,,,,,,
2023-01-25,7.889999866485596,7.940000057220459,7.738999843597412,7.809999942779541,7.809999942779541,288600,,,,,,,,
2023-01-26,7.809999942779541,7.909999847412109,7.400000095367432,7.480000019073486,7.480000019073486,662000,,,,,,,,
2023-01-27,7.5,7.730000019073486,7.5,7.519999980926514,7.519999980926514,407000,,,,,,,,
2023-01-30,7.550000190734863,7.670000076293945,7.5,7.510000228881836,7.510000228881836,1353200,,,,,,,,
2023-01-31,7.599999904632568,8.399999618530273,7.519999980926514,8.0600004196167,8.0600004196167,345100,,,,,,,,
2023-02-01,8.100000381469727,8.649999618530273,7.900000095367432,8.449999809265137,8.449999809265137,552200,,,,,,,,
2023-02-02,8.550000190734863,8.84000015258789,8.25,8.25,8.25,406800,,,,,,,,
2023-02-03,8.199999809265137,8.6899995803833,8.199999809265137,8.539999961853027,8.539999961853027,282200,,,,,,,,
2023-02-06,8.600000381469727,9.0,8.579999923706055,8.689000129699707,8.689000129699707,209200,,,,,,,,
2023-02-07,8.649999618530273,8.819999694824219,8.390000343322754,8.649999618530273,8.649999618530273,214100,,,,,,,,
2023-02-08,8.725000381469727,8.725000381469727,8.25,8.279999732971191,8.279999732971191,233900,,,,,,,,
2023-02-09,8.25,8.4399995803833,7.889999866485596,7.949999809265137,7.949999809265137,381900,,,,,,,,
2023-02-10,8.020000457763672,8.449999809265137,7.900000095367432,8.369999885559082,8.369999885559082,313900,,,,,,,,
2023-02-13,8.359999656677246,8.5,8.260000228881836,8.397000312805176,8.397000312805176,210300,,,,,,,,
2023-02-14,8.399999618530273,8.699999809265137,8.300000190734863,8.619999885559082,8.619999885559082,184100,,,,,,,,
2023-02-15,8.600000381469727,8.850000381469727,8.600000381469727,8.824999809265137,8.824999809265137,263100,,,,,,,,
2023-02-16,8.65999984741211,9.100000381469727,8.600000381469727,8.899999618530273,8.899999618530273,274700,,,,,,,,
2023-02-17,8.8100004196167,9.055000305175781,8.729999542236328,9.050000190734863,9.050000190734863,233200,,,,,,,,
2023-02-21,9.100000381469727,9.125,8.220999717712402,8.5,8.5,397800,,,,,,,,
2023-02-22,8.5,8.609999656677246,8.300000190734863,8.505999565124512,8.505999565124512,108500,,,,,,,,
2023-02-23,8.420000076293945,8.640000343322754,8.350000381469727,8.46399974822998,8.46399974822998,80500,,,,,,,,
2023-02-24,8.4399995803833,8.529999732971191,8.265000343322754,8.520000457763672,8.520000457763672,100600,,,,,,,,
2023-02-27,8.279999732971191,8.649999618530273,8.199999809265137,8.210000038146973,8.210000038146973,126500,,,,,,,,
2023-02-28,8.199999809265137,8.5600004196167,8.119999885559082,8.300000190734863,8.300000190734863,302500,,,,,,,,
2023-03-01,8.010000228881836,8.529999732971191,7.800000190734863,8.350000381469727,8.350000381469727,451200,,,,,,,,
2023-03-02,8.140000343322754,8.751999855041504,8.140000343322754,8.449999809265137,8.449999809265137,175800,,,,,,,,
2023-03-03,8.8100004196167,8.899999618530273,8.3100004196167,8.899999618530273,8.899999618530273,3123700,,,,,,,,
2023-03-06,8.890000343322754,9.180000305175781,8.550000190734863,8.640000343322754,8.640000343322754,213600,,,,,,,,
2023-03-07,8.649999618530273,8.743000030517578,8.300000190734863,8.515000343322754,8.515000343322754,212600,,,,,,,,
2023-03-08,8.25,8.579999923706055,8.149999618530273,8.380000114440918,8.380000114440918,166800,,,,,,,,
2023-03-09,8.380000114440918,8.430000305175781,7.769999980926514,8.152999877929688,8.152999877929688,253300,,,,,,,,
2023-03-10,8.0,8.152999877929688,7.940000057220459,8.100000381469727,8.100000381469727,3182200,,,,,,,,
2023-03-13,8.0,8.079999923706055,7.909999847412109,7.989999771118164,7.989999771118164,180500,,,,,,,,
2023-03-14,8.0,8.145000457763672,7.989999771118164,8.020000457763672,8.020000457763672,102600,,,,,,,,
2023-03-15,7.956999778747559,8.010000228881836,7.849999904632568,7.980000019073486,7.980000019073486,141300,,,,,,,,
2023-03-16,7.881999969482422,8.6899995803833,7.849999904632568,8.050000190734863,8.050000190734863,301300,,,,,,,,
2023-03-17,8.152000427246094,8.279999732971191,7.949999809265137,8.170000076293945,8.170000076293945,127900,,,,,,,,
2023-03-20,8.079999923706055,8.199999809265137,8.0,8.050000190734863,8.050000190734863,97700,,,,,,,,
2023-03-21,8.100000381469727,8.25,7.849999904632568,8.01200008392334,8.01200008392334,168800,,,,,,,,
2023-03-22,8.199999809265137,8.199999809265137,7.989999771118164,8.029999732971191,8.029999732971191,1706100,,,,,,,,
2023-03-23,7.989999771118164,8.149999618530273,7.869999885559082,7.869999885559082,7.869999885559082,344100,,,,,,,,
2023-03-24,7.820000171661377,7.958000183105469,7.78000020980835,7.849999904632568,7.849999904632568,3019200,,,,,,,,
2023-03-27,7.769999980926514,7.949999809265137,7.519999980926514,7.849999904632568,7.849999904632568,210700,,,,,,,,
2023-03-28,7.849999904632568,8.0,7.800000190734863,8.0,8.0,137300,,,,,,,,
2023-03-29,8.0,8.020000457763672,7.860000133514404,7.954999923706055,7.954999923706055,74400,,,,,,,,
2023-03-30,7.920000076293945,7.989999771118164,7.800000190734863,7.909999847412109,7.909999847412109,140600,,,,,,,,
2023-03-31,7.849999904632568,7.954999923706055,7.519999980926514,7.684000015258789,7.684000015258789,203300,,,,,,,,
2023-04-03,7.739999771118164,7.739999771118164,7.170000076293945,7.322999954223633,7.322999954223633,381000,,,,,,,,
2023-04-04,7.300000190734863,7.300000190734863,7.019999980926514,7.050000190734863,7.050000190734863,577400,,,,,,,,
2023-04-05,7.059999942779541,7.150000095367432,6.829999923706055,7.119999885559082,7.119999885559082,267200,,,,,,,,
2023-04-06,7.079999923706055,7.465000152587891,7.079999923706055,7.150000095367432,7.150000095367432,233500,,,,,,,,
2023-04-10,7.159999847412109,7.201000213623047,6.980000019073486,7.150000095367432,7.150000095367432,164100,,,,,,,,
2023-04-11,7.150000095367432,7.199999809265137,6.96999979019165,7.0,7.0,180400,,,,,,,,
2023-04-12,7.0,7.239999771118164,7.0,7.03000020980835,7.03000020980835,380300,,,,,,,,
2023-04-13,7.0,7.369999885559082,7.0,7.300000190734863,7.300000190734863,232400,,,,,,,,
2023-04-14,7.380000114440918,7.420000076293945,6.949999809265137,7.099999904632568,7.099999904632568,334000,,,,,,,,
2023-04-17,7.090000152587891,7.320000171661377,7.0,7.2179999351501465,7.2179999351501465,142100,,,,,,,,
2023-04-18,7.25,7.28000020980835,7.050000190734863,7.099999904632568,7.099999904632568,129500,,,,,,,,
2023-04-19,7.050000190734863,7.179999828338623,7.050000190734863,7.150000095367432,7.150000095367432,83600,,,,,,,,
2023-04-20,7.125,7.190000057220459,6.948999881744385,7.0,7.0,359900,,,,,,,,
2023-04-21,7.0,7.090000152587891,6.900000095367432,7.0,7.0,194100,,,,,,,,
2023-04-24,7.0,7.019999980926514,6.599999904632568,6.86299991607666,6.86299991607666,403700,,,,,,,,
2023-04-25,6.802000045776367,6.980000019073486,6.74399995803833,6.800000190734863,6.800000190734863,240600,,,,,,,,
2023-04-26,6.699999809265137,6.889999866485596,6.650000095367432,6.889999866485596,6.889999866485596,146900,,,,,,,,
2023-04-27,7.25,7.940000057220459,7.059999942779541,7.317999839782715,7.317999839782715,662200,,,,,,,,
2023-04-28,7.28000020980835,7.460000038146973,7.0,7.099999904632568,7.099999904632568,278200,,,,,,,,
2023-05-01,7.070000171661377,7.5,7.050000190734863,7.329999923706055,7.329999923706055,705200,,,,,,,,
2023-05-02,7.329999923706055,7.539999961853027,7.079999923706055,7.425000190734863,7.425000190734863,225800,,,,,,,,
2023-05-03,7.46999979019165,7.590000152587891,7.355000019073486,7.380000114440918,7.380000114440918,320400,,,,,,,,
2023-05-04,7.415999889373779,8.100000381469727,7.400000095367432,7.989999771118164,7.989999771118164,575500,,,,,,,,
2023-05-05,8.020000457763672,8.989999771118164,8.020000457763672,8.579999923706055,8.579999923706055,728600,,,,,,,,
2023-05-08,8.5,8.789999961853027,8.25,8.619999885559082,8.619999885559082,250100,,,,,,,,
2023-05-09,8.630000114440918,8.645000457763672,8.142000198364258,8.300000190734863,8.300000190734863,414900,,,,,,,,
2023-05-10,8.0600004196167,8.4399995803833,7.880000114440918,8.0,8.0,228800,,,,,,,,
2023-05-11,8.069999694824219,8.069999694824219,7.099999904632568,7.300000190734863,7.300000190734863,399100,,,,,,,,
2023-05-12,7.300000190734863,7.335999965667725,6.820000171661377,7.199999809265137,7.199999809265137,385600,,,,,,,,
2023-05-15,7.0,7.360000133514404,6.989999771118164,7.300000190734863,7.300000190734863,153200,,,,,,,,
2023-05-16,7.28000020980835,7.770999908447266,7.28000020980835,7.460000038146973,7.460000038146973,216300,,,,,,,,
2023-05-17,7.760000228881836,7.760000228881836,7.304999828338623,7.409999847412109,7.409999847412109,244600,,,,,,,,
2023-05-18,7.25,7.610000133514404,7.25,7.380000114440918,7.380000114440918,2284200,,,,,,,,
2023-05-19,7.519999980926514,7.519999980926514,7.019999980926514,7.050000190734863,7.050000190734863,273300,,,,,,,,
2023-05-22,7.070000171661377,7.25,7.019999980926514,7.235000133514404,7.235000133514404,171900,,,,,,,,
2023-05-23,7.300000190734863,7.449999809265137,7.099999904632568,7.409999847412109,7.409999847412109,223100,,,,,,,,
2023-05-24,7.400000095367432,7.480000019073486,7.239999771118164,7.480000019073486,7.480000019073486,194500,,,,,,,,
2023-05-25,7.449999809265137,7.449999809265137,7.210000038146973,7.316999912261963,7.316999912261963,128000,,,,,,,,
2023-05-26,7.15500020980835,7.400000095367432,7.150000095367432,7.400000095367432,7.400000095367432,132600,,,,,,,,
2023-05-30,7.400000095367432,7.90500020980835,7.130000114440918,7.71999979019165,7.71999979019165,366700,,,,,,,,
2023-05-31,7.789999961853027,7.948999881744385,7.400000095367432,7.650000095367432,7.650000095367432,213400,,,,,,,,
2023-06-01,7.659999847412109,7.690000057220459,7.340000152587891,7.400000095367432,7.400000095367432,202800,,,,,,,,
2023-06-02,7.400000095367432,7.599999904632568,7.349999904632568,7.449999809265137,7.449999809265137,210400,,,,,,,,
2023-06-05,7.449999809265137,7.849999904632568,7.340000152587891,7.480000019073486,7.480000019073486,160700,,,,,,,,
2023-06-06,7.510000228881836,7.510000228881836,7.340000152587891,7.420000076293945,7.420000076293945,242200,,,,,,,,
2023-06-07,7.414999961853027,8.170000076293945,7.300000190734863,7.599999904632568,7.599999904632568,536600,,,,,,,,
2023-06-08,7.699999809265137,7.900000095367432,7.584000110626221,7.699999809265137,7.699999809265137,144800,,,,,,,,
2023-06-09,7.75,7.841000080108643,7.599999904632568,7.829999923706055,7.829999923706055,133800,,,,,,,,
2023-06-12,7.869999885559082,7.880000114440918,7.47599983215332,7.5,7.5,245700,,,,,,,,
2023-06-13,7.5,7.585000038146973,7.269999980926514,7.349999904632568,7.349999904632568,216900,,,,,,,,
2023-06-14,7.340000152587891,7.639999866485596,7.289999961853027,7.639999866485596,7.639999866485596,172900,,,,,,,,
2023-06-15,7.5,7.869999885559082,7.420000076293945,7.510000228881836,7.510000228881836,293600,,,,,,,,
2023-06-16,7.309999942779541,7.980000019073486,7.309999942779541,7.559999942779541,7.559999942779541,259400,,,,,,,,
2023-06-20,7.349999904632568,7.690000057220459,7.349999904632568,7.579999923706055,7.579999923706055,117100,,,,,,,,
2023-06-21,7.579999923706055,8.043999671936035,7.550000190734863,7.800000190734863,7.800000190734863,428500,,,,,,,,
2023-06-22,7.699999809265137,7.863999843597412,7.650000095367432,7.820000171661377,7.820000171661377,198400,,,,,,,,
2023-06-23,7.820000171661377,7.820000171661377,7.539999961853027,7.613999843597412,7.613999843597412,180600,,,,,,,,
2023-06-26,7.619999885559082,7.650000095367432,7.5,7.550000190734863,7.550000190734863,110000,,,,,,,,
2023-06-27,7.5,7.710000038146973,7.429999828338623,7.590000152587891,7.590000152587891,110100,,,,,,,,
2023-06-28,7.353000164031982,7.639999866485596,7.353000164031982,7.449999809265137,7.449999809265137,242700,,,,,,,,
2023-06-29,7.349999904632568,7.550000190734863,7.329999923706055,7.480000019073486,7.480000019073486,113200,,,,,,,,
2023-06-30,7.449999809265137,7.650000095367432,7.449999809265137,7.619999885559082,7.619999885559082,165700,,,,,,,,
2023-07-03,7.619999885559082,8.199999809265137,7.5,8.1850004196167,8.1850004196167,198500,,,,,,,,
2023-07-05,8.109999656677246,8.119999885559082,7.800000190734863,8.0,8.0,317700,,,,,,,,
2023-07-06,8.0,8.109999656677246,7.75,7.784999847412109,7.784999847412109,235000,,,,,,,,
2023-07-07,7.730000019073486,8.380000114440918,7.699999809265137,8.350000381469727,8.350000381469727,342100,,,,,,,,
2023-07-10,8.479999542236328,8.479999542236328,8.130000114440918,8.199999809265137,8.199999809265137,372200,,,,,,,,
2023-07-11,8.0,8.390000343322754,8.0,8.170000076293945,8.170000076293945,187400,,,,,,,,
2023-07-12,8.149999618530273,8.173999786376953,7.71999979019165,7.765999794006348,7.765999794006348,447200,,,,,,,,
2023-07-13,7.900000095367432,8.109999656677246,7.659999847412109,7.929999828338623,7.929999828338623,286300,,,,,,,,
2023-07-14,8.100000381469727,8.100000381469727,7.599999904632568,7.659999847412109,7.659999847412109,300100,,,,,,,,
2023-07-17,7.611000061035156,7.659999847412109,7.25,7.269999980926514,7.269999980926514,375600,,,,,,,,
2023-07-18,7.25,7.400000095367432,7.0,7.099999904632568,7.099999904632568,420500,,,,,,,,
2023-07-19,7.010000228881836,7.215000152587891,7.0,7.099999904632568,7.099999904632568,282300,,,,,,,,
2023-07-20,7.190000057220459,7.199999809265137,6.800000190734863,7.119999885559082,7.119999885559082,551600,,,,,,,,
2023-07-21,7.199999809265137,7.199999809265137,6.849999904632568,6.900000095367432,6.900000095367432,390400,,,,,,,,
2023-07-24,6.900000095367432,7.010000228881836,6.75,6.800000190734863,6.800000190734863,291600,,,,,,,,
2023-07-25,6.75,6.800000190734863,6.559999942779541,6.574999809265137,6.574999809265137,403600,,,,,,,,
2023-07-26,6.570000171661377,6.769999980926514,6.550000190734863,6.699999809265137,6.699999809265137,342500,,,,,,,,
2023-07-27,6.699999809265137,6.760000228881836,6.559999942779541,6.6479997634887695,6.6479997634887695,227900,,,,,,,,
2023-07-28,6.590000152587891,6.989999771118164,6.590000152587891,6.889999866485596,6.889999866485596,350100,,,,,,,,
2023-07-31,6.989999771118164,7.164000034332275,6.864999771118164,7.164000034332275,7.164000034332275,324100,,,,,,,,
2023-08-01,7.199999809265137,7.199999809265137,7.039999961853027,7.110000133514404,7.110000133514404,199900,,,,,,,,
2023-08-02,7.070000171661377,7.204999923706055,7.0269999504089355,7.110000133514404,7.110000133514404,158300,,,,,,,,
2023-08-03,7.099999904632568,7.170000076293945,7.010000228881836,7.03000020980835,7.03000020980835,145900,,,,,,,,
2023-08-04,7.110000133514404,7.110000133514404,6.929999828338623,7.0,7.0,139600,,,,,,,,
2023-08-07,7.070000171661377,7.070000171661377,6.809999942779541,6.829999923706055,6.829999923706055,157900,,,,,,,,
2023-08-08,6.820000171661377,7.010000228881836,6.820000171661377,7.0,7.0,300100,,,,,,,,
2023-08-09,6.993000030517578,7.25,6.619999885559082,6.75,6.75,432300,,,,,,,,
2023-08-10,7.050000190734863,7.050000190734863,6.599999904632568,6.716000080108643,6.716000080108643,273900,,,,,,,,
2023-08-11,6.760000228881836,6.760000228881836,6.420000076293945,6.599999904632568,6.599999904632568,401200,,,,,,,,
2023-08-14,6.559999942779541,6.679999828338623,6.539999961853027,6.670000076293945,6.670000076293945,208800,,,,,,,,
2023-08-15,6.679999828338623,6.800000190734863,6.630000114440918,6.684000015258789,6.684000015258789,155800,,,,,,,,
2023-08-16,6.650000095367432,6.800000190734863,6.610000133514404,6.71999979019165,6.71999979019165,134500,,,,,,,,
2023-08-17,6.800000190734863,6.900000095367432,6.699999809265137,6.849999904632568,6.849999904632568,124100,,,,,,,,
2023-08-18,6.690000057220459,6.880000114440918,6.670000076293945,6.800000190734863,6.800000190734863,196500,,,,,,,,
2023-08-21,6.820000171661377,6.920000076293945,6.71999979019165,6.809999942779541,6.809999942779541,144100,,,,,,,,
2023-08-22,6.809999942779541,6.889999866485596,6.809999942779541,6.880000114440918,6.880000114440918,84800,,,,,,,,
2023-08-23,6.760000228881836,6.900000095367432,6.75,6.880000114440918,6.880000114440918,119400,,,,,,,,
2023-08-24,6.849999904632568,6.849999904632568,6.71999979019165,6.744999885559082,6.744999885559082,112500,,,,,,,,
2023-08-25,6.739999771118164,6.800000190734863,6.659999847412109,6.789999961853027,6.789999961853027,109900,,,,,,,,
2023-08-28,6.75,6.809999942779541,6.699999809265137,6.789999961853027,6.789999961853027,76400,,,,,,,,
2023-08-29,6.699999809265137,6.960000038146973,6.699999809265137,6.920000076293945,6.920000076293945,188000,,,,,,,,
2023-08-30,6.920000076293945,8.5,6.78000020980835,8.368000030517578,8.368000030517578,1447100,,,,,,,,
2023-08-31,8.395000457763672,10.005999565124512,8.380000114440918,9.350000381469727,9.350000381469727,1833300,,,,,,,,
2023-09-01,9.449999809265137,9.920000076293945,9.239999771118164,9.5,9.5,1233300,,,,,,,,
2023-09-05,9.399999618530273,11.34000015258789,9.399999618530273,10.789999961853027,10.789999961853027,1358200,,,,,,,,
2023-09-06,11.0600004196167,11.300000190734863,10.25,10.5,10.5,1319700,,,,,,,,
2023-09-07,10.850000381469727,11.460000038146973,10.276000022888184,10.350000381469727,10.350000381469727,881700,,,,,,,,
2023-09-08,10.350000381469727,11.550000190734863,10.140000343322754,10.8100004196167,10.8100004196167,945200,,,,,,,,
2023-09-11,10.8100004196167,11.899999618530273,10.8100004196167,11.880000114440918,11.880000114440918,668400,,,,,,,,
2023-09-12,11.850000381469727,11.850000381469727,10.5600004196167,11.050000190734863,11.050000190734863,751100,,,,,,,,
2023-09-13,11.069999694824219,11.640000343322754,10.609999656677246,10.899999618530273,10.899999618530273,509400,,,,,,,,
2023-09-14,11.039999961853027,11.949999809265137,11.020000457763672,11.539999961853027,11.539999961853027,351600,,,,,,,,
2023-09-15,12.0,12.48799991607666,11.5,11.899999618530273,11.899999618530273,728900,,,,,,,,
2023-09-18,11.75,11.989999771118164,11.067999839782715,11.300000190734863,11.300000190734863,562100,,,,,,,,
2023-09-19,11.329999923706055,11.329999923706055,10.5600004196167,10.829999923706055,10.829999923706055,372400,,,,,,,,
2023-09-20,10.65999984741211,11.239999771118164,10.65999984741211,10.899999618530273,10.899999618530273,221700,,,,,,,,
2023-09-21,10.960000038146973,10.960000038146973,10.15999984741211,10.430000305175781,10.430000305175781,443500,,,,,,,,
2023-09-22,10.350000381469727,10.850000381469727,10.258000373840332,10.708000183105469,10.708000183105469,265200,,,,,,,,
2023-09-25,10.770000457763672,11.720000267028809,10.720000267028809,10.720000267028809,10.720000267028809,322400,,,,,,,,
2023-09-26,10.699999809265137,11.25,10.699999809265137,11.079999923706055,11.079999923706055,308500,,,,,,,,
2023-09-27,11.100000381469727,11.649999618530273,10.6899995803833,11.0600004196167,11.0600004196167,489100,,,,,,,,
2023-09-28,11.083000183105469,11.460000038146973,10.72599983215332,11.09000015258789,11.09000015258789,257300,,,,,,,,
2023-09-29,11.435999870300293,11.65999984741211,10.739999771118164,11.119999885559082,11.119999885559082,467500,,,,,,,,
2023-10-02,11.149999618530273,11.180000305175781,10.699999809265137,11.15999984741211,11.15999984741211,743600,,,,,,,,
2023-10-03,10.949999809265137,11.40999984741211,10.390000343322754,10.630000114440918,10.630000114440918,396700,,,,,,,,
2023-10-04,10.430000305175781,10.470000267028809,9.789999961853027,10.050000190734863,10.050000190734863,506400,,,,,,,,
2023-10-05,10.050000190734863,10.25,9.5600004196167,10.0,10.0,564400,,,,,,,,
2023-10-06,9.65999984741211,10.557999610900879,9.649999618530273,10.119999885559082,10.119999885559082,380300,,,,,,,,
2023-10-09,10.0,10.130000114440918,9.770000457763672,10.100000381469727,10.100000381469727,197100,,,,,,,,
2023-10-10,9.84000015258789,10.295000076293945,9.84000015258789,10.020000457763672,10.020000457763672,115300,,,,,,,,
2023-10-11,10.0,10.055000305175781,9.6899995803833,9.746000289916992,9.746000289916992,1306000,,,,,,,,
2023-10-12,9.65999984741211,9.949999809265137,9.399999618530273,9.699999809265137,9.699999809265137,392200,,,,,,,,
2023-10-13,9.460000038146973,10.109999656677246,9.350000381469727,9.75,9.75,313000,,,,,,,,
2023-10-16,9.5,9.803999900817871,9.300000190734863,9.649999618530273,9.649999618530273,535900,,,,,,,,
2023-10-17,9.199999809265137,10.390000343322754,9.199999809265137,10.199999809265137,10.199999809265137,482000,,,,,,,,
2023-10-18,10.149999618530273,10.501999855041504,9.100000381469727,9.210000038146973,9.210000038146973,610700,,,,,,,,
2023-10-19,9.220000267028809,9.460000038146973,9.100000381469727,9.289999961853027,9.289999961853027,144600,,,,,,,,
2023-10-20,9.220000267028809,9.399999618530273,8.850000381469727,9.380000114440918,9.380000114440918,282600,,,,,,,,
2023-10-23,9.069999694824219,9.289999961853027,8.850000381469727,9.100000381469727,9.100000381469727,1197600,,,,,,,,
2023-10-24,9.010000228881836,9.460000038146973,8.970000267028809,9.199999809265137,9.199999809265137,303200,,,,,,,,
2023-10-25,8.899999618530273,9.039999961853027,8.550000190734863,8.829999923706055,8.829999923706055,304300,,,,,,,,
2023-10-26,8.649999618530273,8.670000076293945,8.34000015258789,8.489999771118164,8.489999771118164,338000,,,,,,,,
2023-10-27,8.489999771118164,8.539999961853027,7.829999923706055,7.960000038146973,7.960000038146973,420300,,,,,,,,
2023-10-30,7.960000038146973,8.145000457763672,7.570000171661377,7.800000190734863,7.800000190734863,400200,,,,,,,,
2023-10-31,7.824999809265137,8.449999809265137,7.679999828338623,8.329999923706055,8.329999923706055,218600,,,,,,,,
2023-11-01,8.210000038146973,8.449999809265137,8.100000381469727,8.229999542236328,8.229999542236328,316500,,,,,,,,
2023-11-02,8.0600004196167,9.0,8.0600004196167,8.800000190734863,8.800000190734863,392000,,,,,,,,
2023-11-03,8.75,9.210000038146973,8.75,9.100000381469727,9.100000381469727,237300,,,,,,,,
2023-11-06,9.050000190734863,9.229999542236328,8.779999732971191,9.199999809265137,9.199999809265137,167600,,,,,,,,
2023-11-07,9.1899995803833,9.369999885559082,9.010000228881836,9.199999809265137,9.199999809265137,161300,,,,,,,,
2023-11-08,9.213000297546387,9.699999809265137,9.213000297546387,9.510000228881836,9.510000228881836,232800,,,,,,,,
2023-11-09,9.710000038146973,9.800000190734863,9.25,9.279999732971191,9.279999732971191,242900,,,,,,,,
2023-11-10,9.520000457763672,9.803000450134277,9.25,9.789999961853027,9.789999961853027,285000,,,,,,,,
2023-11-13,9.850000381469727,10.289999961853027,9.630000114440918,10.289999961853027,10.289999961853027,280200,,,,,,,,
2023-11-14,10.289999961853027,10.473999977111816,9.5,9.75,9.75,270900,,,,,,,,
2023-11-15,9.75,9.949999809265137,9.496999740600586,9.649999618530273,9.649999618530273,265900,,,,,,,,
2023-11-16,9.649999618530273,9.649999618530273,9.069999694824219,9.130000114440918,9.130000114440918,289300,,,,,,,,
2023-11-17,9.180000305175781,9.829999923706055,9.0600004196167,9.670000076293945,9.670000076293945,270000,,,,,,,,
2023-11-20,9.75,9.819999694824219,9.520000457763672,9.571000099182129,9.571000099182129,160800,,,,,,,,
2023-11-21,9.5,10.15999984741211,9.388999938964844,10.114999771118164,10.114999771118164,134700,,,,,,,,
2023-11-22,10.109999656677246,10.270000457763672,10.0,10.270000457763672,10.270000457763672,144400,,,,,,,,
2023-11-24,10.300000190734863,10.300000190734863,10.0,10.229999542236328,10.229999542236328,33100,,,,,,,,
2023-11-27,9.5,10.260000228881836,9.5,10.123000144958496,10.123000144958496,168800,,,,,,,,
2023-11-28,9.869999885559082,10.5,9.869999885559082,10.479999542236328,10.479999542236328,179800,,,,,,,,
2023-11-29,10.5,10.649999618530273,10.109999656677246,10.282999992370605,10.282999992370605,364200,,,,,,,,
2023-11-30,10.199999809265137,10.600000381469727,10.180000305175781,10.489999771118164,10.489999771118164,235500,,,,,,,,
2023-12-01,10.350000381469727,10.649999618530273,10.350000381469727,10.543999671936035,10.543999671936035,264400,,,,,,,,
2023-12-04,10.539999961853027,11.479999542236328,10.25,11.270000457763672,11.270000457763672,516000,,,,,,,,
2023-12-05,11.079999923706055,11.479999542236328,11.079999923706055,11.199999809265137,11.199999809265137,1099900,,,,,,,,
2023-12-06,11.449999809265137,11.770000457763672,11.199999809265137,11.5600004196167,11.5600004196167,649200,,,,,,,,
2023-12-07,11.8100004196167,12.079999923706055,11.493000030517578,11.493000030517578,11.493000030517578,538300,,,,,,,,
2023-12-08,11.470000267028809,11.604999542236328,11.210000038146973,11.399999618530273,11.399999618530273,212100,,,,,,,,
2023-12-11,11.229999542236328,11.593000411987305,10.84000015258789,10.84000015258789,10.84000015258789,419000,,,,,,,,
2023-12-12,10.699999809265137,10.949999809265137,9.5,9.960000038146973,9.960000038146973,671100,,,,,,,,
2023-12-13,9.529999732971191,10.210000038146973,9.489999771118164,10.199999809265137,10.199999809265137,527500,,,,,,,,
2023-12-14,10.460000038146973,10.460000038146973,9.699999809265137,10.09000015258789,10.09000015258789,295900,,,,,,,,
2023-12-15,10.180000305175781,10.449999809265137,9.791000366210938,10.420000076293945,10.420000076293945,263000,,,,,,,,
2023-12-18,9.960000038146973,10.420000076293945,9.899999618530273,9.899999618530273,9.899999618530273,288300,,,,,,,,
2023-12-19,9.899999618530273,10.09000015258789,9.729999542236328,9.829999923706055,9.829999923706055,377900,,,,,,,,
2023-12-20,9.84000015258789,9.949999809265137,9.680000305175781,9.890000343322754,9.890000343322754,254500,,,,,,,,
2023-12-21,9.920000076293945,9.989999771118164,9.739999771118164,9.859999656677246,9.859999656677246,219300,,,,,,,,
2023-12-22,9.859999656677246,10.600000381469727,9.800000190734863,10.600000381469727,10.600000381469727,450600,,,,,,,,
2023-12-26,10.399999618530273,11.989999771118164,10.229999542236328,11.699999809265137,11.699999809265137,528500,,,,,,,,
2023-12-27,11.329999923706055,11.649999618530273,11.135000228881836,11.5,11.5,446100,,,,,,,,
2023-12-28,11.5,11.699999809265137,11.170000076293945,11.4399995803833,11.4399995803833,443600,,,,,,,,
2023-12-29,11.420000076293945,11.420000076293945,10.819999694824219,11.289999961853027,11.289999961853027,453700,,,,,,,,
2024-01-02,11.149999618530273,11.350000381469727,10.5,10.819999694824219,10.819999694824219,227300,,,,,,,,
2024-01-03,10.510000228881836,11.75,10.510000228881836,11.199999809265137,11.199999809265137,481600,,,,,,,,
2024-01-04,10.829999923706055,11.670000076293945,10.829999923706055,11.199999809265137,11.199999809265137,426800,,,,,,,,
2024-01-05,11.369999885559082,12.119999885559082,10.960000038146973,11.899999618530273,11.899999618530273,597800,,,,,,,,
2024-01-08,11.90999984741211,12.0,11.5,11.949999809265137,11.949999809265137,448100,,,,,,,,
2024-01-09,11.859999656677246,12.0,11.168000221252441,11.229999542236328,11.229999542236328,257100,,,,,,,,
2024-01-10,11.140000343322754,11.369999885559082,10.670000076293945,10.949999809265137,10.949999809265137,249300,,,,,,,,
2024-01-11,10.75,11.359000205993652,10.75,11.350000381469727,11.350000381469727,158800,,,,,,,,
2024-01-12,11.539999961853027,12.550000190734863,11.270000457763672,12.550000190734863,12.550000190734863,738200,,,,,,,,
2024-01-16,13.020000457763672,13.569999694824219,12.619999885559082,13.100000381469727,13.100000381469727,1004500,,,,,,,,
2024-01-17,13.5,13.5,12.649999618530273,12.880000114440918,12.880000114440918,353700,,,,,,,,
2024-01-18,12.699999809265137,13.100000381469727,12.270000457763672,12.369999885559082,12.369999885559082,272600,,,,,,,,
2024-01-19,12.369999885559082,13.0,11.960000038146973,12.800000190734863,12.800000190734863,451500,,,,,,,,
2024-01-22,12.800000190734863,13.362000465393066,12.645000457763672,13.154000282287598,13.154000282287598,496400,,,,,,,,
2024-01-23,13.149999618530273,13.149999618530273,12.699999809265137,12.859999656677246,12.859999656677246,157300,,,,,,,,
2024-01-24,12.75,13.800000190734863,12.75,13.390000343322754,13.390000343322754,555200,,,,,,,,
2024-01-25,13.319999694824219,13.550000190734863,13.050000190734863,13.420000076293945,13.420000076293945,381500,,,,,,,,
2024-01-26,13.5,13.59000015258789,13.130000114440918,13.25,13.25,455400,,,,,,,,
2024-01-29,13.204999923706055,13.350000381469727,12.760000228881836,13.119999885559082,13.119999885559082,258300,,,,,,,,
2024-01-30,13.0,13.449999809265137,12.569999694824219,13.239999771118164,13.239999771118164,425000,,,,,,,,
2024-01-31,13.029999732971191,13.420000076293945,12.800000190734863,13.1899995803833,13.1899995803833,379500,,,,,,,,
2024-02-01,12.84000015258789,13.899999618530273,12.84000015258789,13.800000190734863,13.800000190734863,846000,,,,,,,,
2024-02-02,13.585000038146973,14.149999618530273,13.300000190734863,13.829999923706055,13.829999923706055,2854300,,,,,,,,
2024-02-05,13.899999618530273,13.899999618530273,13.0,13.369999885559082,13.369999885559082,538300,,,,,,,,
2024-02-06,13.010000228881836,14.300000190734863,13.010000228881836,13.90999984741211,13.90999984741211,1033700,,,,,,,,
2024-02-07,14.0,14.0600004196167,13.5,13.520000457763672,13.520000457763672,386200,,,,,,,,
2024-02-08,13.5,13.649999618530273,13.149999618530273,13.220000267028809,13.220000267028809,542200,,,,,,,,
2024-02-09,13.09000015258789,13.430000305175781,13.09000015258789,13.180000305175781,13.180000305175781,249300,,,,,,,,
2024-02-12,13.289999961853027,13.75,12.25,12.850000381469727,12.850000381469727,819400,,,,,,,,
2024-02-13,12.550000190734863,13.489999771118164,12.199999809265137,12.789999961853027,12.789999961853027,374100,,,,,,,,
2024-02-14,12.800000190734863,13.149999618530273,12.65999984741211,12.949999809265137,12.949999809265137,480600,,,,,,,,
2024-02-15,12.6899995803833,13.949999809265137,12.6899995803833,13.75,13.75,400600,,,,,,,,
2024-02-16,13.699999809265137,13.960000038146973,13.300000190734863,13.899999618530273,13.899999618530273,350300,,,,,,,,
2024-02-20,13.640000343322754,13.800000190734863,13.319999694824219,13.359999656677246,13.359999656677246,207400,,,,,,,,
2024-02-21,13.350000381469727,13.40999984741211,13.149999618530273,13.319999694824219,13.319999694824219,294400,,,,,,,,
2024-02-22,13.149999618530273,13.880000114440918,13.149999618530273,13.800000190734863,13.800000190734863,337400,,,,,,,,
2024-02-23,13.180000305175781,14.300000190734863,13.180000305175781,14.279999732971191,14.279999732971191,628000,,,,,,,,
2024-02-26,14.059000015258789,14.239999771118164,13.510000228881836,13.649999618530273,13.649999618530273,412600,,,,,,,,
2024-02-27,13.649999618530273,13.779999732971191,13.0,13.0,13.0,282400,,,,,,,,
2024-02-28,13.0,13.25,12.619999885559082,12.739999771118164,12.739999771118164,326600,,,,,,,,
2024-02-29,12.850000381469727,13.5,12.49899959564209,12.550000190734863,12.550000190734863,572000,,,,,,,,
2024-03-01,12.5,13.15999984741211,12.5,13.045000076293945,13.045000076293945,583800,,,,,,,,
2024-03-04,13.369999885559082,13.369999885559082,12.680000305175781,12.84000015258789,12.84000015258789,422600,,,,,,,,
2024-03-05,12.550000190734863,13.34000015258789,12.489999771118164,12.800000190734863,12.800000190734863,565900,,,,,,,,
2024-03-06,12.600000381469727,12.949999809265137,11.9399995803833,11.972999572753906,11.972999572753906,745600,,,,,,,,
2024-03-07,12.010000228881836,12.010000228881836,11.329999923706055,11.630000114440918,11.630000114440918,967200,,,,,,,,
2024-03-08,11.800000190734863,12.210000038146973,11.760000228881836,12.109999656677246,12.109999656677246,320400,,,,,,,,
2024-03-11,12.029999732971191,12.029999732971191,11.239999771118164,11.479999542236328,11.479999542236328,543200,,,,,,,,
2024-03-12,11.510000228881836,11.729999542236328,10.878000259399414,11.119000434875488,11.119000434875488,585200,,,,,,,,
2024-03-13,10.949999809265137,11.57800006866455,10.949999809265137,11.510000228881836,11.510000228881836,305700,,,,,,,,
2024-03-14,11.600000381469727,11.890000343322754,11.130000114440918,11.569999694824219,11.569999694824219,245700,,,,,,,,
2024-03-15,11.739999771118164,13.039999961853027,11.5600004196167,12.880000114440918,12.880000114440918,970900,,,,,,,,
2024-03-18,13.039999961853027,13.520000457763672,12.800000190734863,13.520000457763672,13.520000457763672,699400,,,,,,,,
2024-03-19,13.369999885559082,13.529999732971191,12.729999542236328,13.449999809265137,13.449999809265137,327000,,,,,,,,
2024-03-20,13.220000267028809,13.824000358581543,13.010000228881836,13.100000381469727,13.100000381469727,280300,,,,,,,,
2024-03-21,13.1899995803833,14.0,12.920000076293945,14.0,14.0,476300,,,,,,,,
2024-03-22,14.0,14.050000190734863,13.34000015258789,13.90999984741211,13.90999984741211,448000,,,,,,,,
2024-03-25,14.199999809265137,14.300000190734863,13.300000190734863,13.470000267028809,13.470000267028809,389800,,,,,,,,
2024-03-26,13.239999771118164,14.220000267028809,13.239999771118164,14.170000076293945,14.170000076293945,458200,,,,,,,,
2024-03-27,13.979999542236328,15.0,13.399999618530273,15.0,15.0,639800,,,,,,,,
2024-03-28,14.800000190734863,15.0,14.220000267028809,14.520000457763672,14.520000457763672,365000,,,,,,,,
2024-04-01,14.699999809265137,15.050000190734863,14.050000190734863,14.831000328063965,14.831000328063965,509200,,,,,,,,
2024-04-02,14.949999809265137,15.010000228881836,14.5,14.880000114440918,14.880000114440918,532500,,,,,,,,
2024-04-03,14.829999923706055,15.149999618530273,14.420000076293945,14.829999923706055,14.829999923706055,494400,,,,,,,,
2024-04-04,14.829999923706055,15.510000228881836,13.050000190734863,13.149999618530273,13.149999618530273,986300,,,,,,,,
2024-04-05,13.300000190734863,14.109999656677246,13.140000343322754,14.0,14.0,651800,,,,,,,,
2024-04-08,13.850000381469727,15.0,13.800000190734863,14.300000190734863,14.300000190734863,192800,,,,,,,,
2024-04-09,14.3100004196167,14.3100004196167,13.770000457763672,14.279999732971191,14.279999732971191,224000,,,,,,,,
2024-04-10,13.899999618530273,14.359999656677246,13.510000228881836,13.819999694824219,13.819999694824219,168300,,,,,,,,
2024-04-11,13.670000076293945,14.210000038146973,13.350000381469727,14.050000190734863,14.050000190734863,257300,,,,,,,,
2024-04-12,13.819000244140625,14.09000015258789,12.520000457763672,12.75,12.75,728800,,,,,,,,
2024-04-15,12.75,12.880000114440918,12.229999542236328,12.5,12.5,358300,,,,,,,,
2024-04-16,12.420000076293945,13.300000190734863,12.100000381469727,12.420000076293945,12.420000076293945,287000,,,,,,,,
2024-04-17,12.479999542236328,13.649999618530273,12.100000381469727,13.109999656677246,13.109999656677246,355000,,,,,,,,
2024-04-18,12.899999618530273,13.399999618530273,12.833000183105469,12.930000305175781,12.930000305175781,198600,,,,,,,,
2024-04-19,12.666999816894531,13.1899995803833,12.130000114440918,12.369999885559082,12.369999885559082,174600,,,,,,,,
2024-04-22,12.34000015258789,12.545999526977539,11.949999809265137,12.010000228881836,12.010000228881836,143100,,,,,,,,
2024-04-23,11.949999809265137,12.479999542236328,11.949999809265137,12.199999809265137,12.199999809265137,97600,,,,,,,,
2024-04-24,12.010000228881836,12.699999809265137,11.989999771118164,12.5,12.5,146700,,,,,,,,
2024-04-25,12.489999771118164,12.75,11.680000305175781,11.800000190734863,11.800000190734863,258600,,,,,,,,
2024-04-26,11.899999618530273,12.680000305175781,11.75,12.220000267028809,12.220000267028809,1508800,,,,,,,,
2024-04-29,12.1899995803833,13.0,11.770000457763672,12.550000190734863,12.550000190734863,2278700,,,,,,,,
2024-04-30,12.390000343322754,16.329999923706055,11.970000267028809,15.350000381469727,15.350000381469727,2164700,,,,,,,,
2024-05-01,14.970000267028809,15.199999809265137,13.01099967956543,13.220000267028809,13.220000267028809,1137300,,,,,,,,
2024-05-02,13.149999618530273,14.317999839782715,13.149999618530273,13.359999656677246,13.359999656677246,434000,,,,,,,,
2024-05-03,13.630000114440918,13.949999809265137,12.9399995803833,13.199999809265137,13.199999809265137,653300,,,,,,,,
2024-05-06,13.199999809265137,13.84000015258789,12.460000038146973,12.520000457763672,12.520000457763672,566300,,,,,,,,
2024-05-07,12.5,13.279999732971191,12.050000190734863,12.130000114440918,12.130000114440918,595000,,,,,,,,
2024-05-08,12.199999809265137,12.579999923706055,12.0,12.380000114440918,12.380000114440918,276400,,,,,,,,
2024-05-09,12.569999694824219,13.470000267028809,12.569999694824219,12.8100004196167,12.8100004196167,372400,,,,,,,,
2024-05-10,12.850000381469727,13.050000190734863,12.390000343322754,12.927000045776367,12.927000045776367,554100,,,,,,,,
2024-05-13,12.760000228881836,13.25,12.460000038146973,13.005000114440918,13.005000114440918,434800,,,,,,,,
2024-05-14,12.574999809265137,13.350000381469727,12.550000190734863,12.899999618530273,12.899999618530273,556900,,,,,,,,
2024-05-15,13.25,13.300000190734863,12.805000305175781,13.029999732971191,13.029999732971191,2137800,,,,,,,,
2024-05-16,13.020000457763672,14.300000190734863,13.020000457763672,13.119999885559082,13.119999885559082,794900,,,,,,,,
2024-05-17,13.25,13.449999809265137,12.899999618530273,13.0,13.0,364000,,,,,,,,
2024-05-20,13.050000190734863,13.069999694824219,12.069999694824219,12.380000114440918,12.380000114440918,479500,,,,,,,,
2024-05-21,12.210000038146973,12.699999809265137,12.199999809265137,12.640000343322754,12.640000343322754,574700,,,,,,,,
2024-05-22,12.319999694824219,12.800000190734863,12.199999809265137,12.289999961853027,12.289999961853027,373000,,,,,,,,
2024-05-23,12.28499984741211,12.289999961853027,11.300000190734863,11.359999656677246,11.359999656677246,875400,,,,,,,,
2024-05-24,11.510000228881836,11.800000190734863,11.279999732971191,11.289999961853027,11.289999961853027,3690000,,,,,,,,
2024-05-28,11.289999961853027,11.359999656677246,10.899999618530273,11.0,11.0,677700,,,,,,,,
2024-05-29,11.0,11.460000038146973,10.65999984741211,10.949999809265137,10.949999809265137,412700,,,,,,,,
2024-05-30,11.0,11.449999809265137,10.869999885559082,11.25,11.25,366100,,,,,,,,
2024-05-31,11.34000015258789,11.520000457763672,11.0600004196167,11.399999618530273,11.399999618530273,265000,,,,,,,,
2024-06-03,11.399999618530273,11.920000076293945,11.119999885559082,11.680000305175781,11.680000305175781,595200,,,,,,,,
2024-06-04,11.739999771118164,12.289999961853027,11.09000015258789,12.149999618530273,12.149999618530273,781900,,,,,,,,
2024-06-05,11.9399995803833,12.449999809265137,11.819999694824219,11.890000343322754,11.890000343322754,355800,,,,,,,,
2024-06-06,12.25,12.25,11.449999809265137,11.75,11.75,351900,,,,,,,,
2024-06-07,11.699999809265137,12.199999809265137,11.649999618530273,12.149999618530273,12.149999618530273,249400,,,,,,,,
2024-06-10,12.180000305175781,12.329999923706055,12.0,12.149999618530273,12.149999618530273,323000,,,,,,,,
2024-06-11,12.149999618530273,12.149999618530273,11.821999549865723,11.899999618530273,11.899999618530273,222800,,,,,,,,
2024-06-12,11.84000015258789,12.239999771118164,11.84000015258789,11.869999885559082,11.869999885559082,316300,,,,,,,,
2024-06-13,11.890000343322754,12.039999961853027,11.380000114440918,11.489999771118164,11.489999771118164,343000,,,,,,,,
2024-06-14,11.489999771118164,11.720000267028809,11.010000228881836,11.399999618530273,11.399999618530273,517800,,,,,,,,
2024-06-17,11.1899995803833,11.979999542236328,11.010000228881836,11.800000190734863,11.800000190734863,428800,,,,,,,,
2024-06-18,11.800000190734863,12.119999885559082,11.5,11.979999542236328,11.979999542236328,276600,,,,,,,,
2024-06-20,11.300000190734863,12.0,11.300000190734863,11.729999542236328,11.729999542236328,277000,,,,,,,,
2024-06-21,11.604999542236328,11.949999809265137,11.399999618530273,11.899999618530273,11.899999618530273,436300,,,,,,,,
2024-06-24,11.460000038146973,12.59000015258789,11.460000038146973,12.550000190734863,12.550000190734863,342100,,,,,,,,
2024-06-25,12.600000381469727,12.600000381469727,12.0,12.0649995803833,12.0649995803833,344200,,,,,,,,
2024-06-26,12.079999923706055,12.729999542236328,11.989999771118164,12.479999542236328,12.479999542236328,585700,,,,,,,,
2024-06-27,12.5,12.90999984741211,12.300000190734863,12.800000190734863,12.800000190734863,899900,,,,,,,,
2024-06-28,12.850000381469727,12.850000381469727,11.75,11.989999771118164,11.989999771118164,705500,,,,,,,,
2024-07-01,11.75,12.229999542236328,11.3100004196167,11.59000015258789,11.59000015258789,331200,,,,,,,,
2024-07-02,11.59000015258789,11.850000381469727,10.779999732971191,11.100000381469727,11.100000381469727,742100,,,,,,,,
2024-07-03,11.0,11.800000190734863,11.0,11.59000015258789,11.59000015258789,223200,,,,,,,,
2024-07-05,11.199999809265137,11.550000190734863,11.0600004196167,11.489999771118164,11.489999771118164,271500,,,,,,,,
2024-07-08,11.109999656677246,11.850000381469727,11.109999656677246,11.800000190734863,11.800000190734863,305100,,,,,,,,
2024-07-09,11.739999771118164,11.949999809265137,11.25,11.461999893188477,11.461999893188477,240000,,,,,,,,
2024-07-10,11.350000381469727,11.609999656677246,11.170000076293945,11.300000190734863,11.300000190734863,231800,,,,,,,,
2024-07-11,11.300000190734863,11.880000114440918,11.100000381469727,11.869999885559082,11.869999885559082,314900,,,,,,,,
2024-07-12,11.880000114440918,11.979999542236328,11.550000190734863,11.6899995803833,11.6899995803833,320200,,,,,,,,
2024-07-15,11.399999618530273,11.800000190734863,11.279999732971191,11.600000381469727,11.600000381469727,298700,,,,,,,,
2024-07-16,11.449999809265137,12.100000381469727,11.399999618530273,11.890000343322754,11.890000343322754,427100,,,,,,,,
2024-07-17,11.890000343322754,12.25,11.75,11.795000076293945,11.795000076293945,259100,,,,,,,,
2024-07-18,11.800000190734863,12.119999885559082,11.430000305175781,11.729999542236328,11.729999542236328,331800,,,,,,,,
2024-07-19,11.479999542236328,11.609999656677246,11.069999694824219,11.149999618530273,11.149999618530273,192300,,,,,,,,
2024-07-22,11.229999542236328,11.630000114440918,11.149999618530273,11.600000381469727,11.600000381469727,183600,,,,,,,,
2024-07-23,11.369999885559082,12.050000190734863,11.289999961853027,11.649999618530273,11.649999618530273,345100,,,,,,,,
2024-07-24,11.279999732971191,11.649999618530273,11.130000114440918,11.199999809265137,11.199999809265137,192000,,,,,,,,
2024-07-25,11.109999656677246,11.479999542236328,10.970000267028809,11.170000076293945,11.170000076293945,299800,,,,,,,,
2024-07-26,11.050000190734863,11.4399995803833,11.050000190734863,11.239999771118164,11.239999771118164,96900,,,,,,,,
2024-07-29,11.425000190734863,11.449999809265137,10.90999984741211,11.210000038146973,11.210000038146973,186200,,,,,,,,
2024-07-30,11.149999618530273,11.390000343322754,11.039999961853027,11.277000427246094,11.277000427246094,141900,,,,,,,,
2024-07-31,11.020000457763672,11.569999694824219,11.020000457763672,11.255000114440918,11.255000114440918,243300,,,,,,,,
2024-08-01,11.28499984741211,11.600000381469727,11.020000457763672,11.25,11.25,217000,,,,,,,,
2024-08-02,11.050000190734863,11.399999618530273,10.640000343322754,10.8100004196167,10.8100004196167,403400,,,,,,,,
2024-08-05,10.199999809265137,10.789999961853027,9.949999809265137,10.069999694824219,10.069999694824219,724900,,,,,,,,
2024-08-06,10.5,11.75,10.300000190734863,11.210000038146973,11.210000038146973,547200,,,,,,,,
2024-08-07,11.0,11.579999923706055,10.800000190734863,11.029999732971191,11.029999732971191,393400,,,,,,,,
2024-08-08,10.859999656677246,12.0,10.800000190734863,11.760000228881836,11.760000228881836,310900,,,,,,,,
2024-08-09,11.760000228881836,11.779999732971191,11.220000267028809,11.25,11.25,268400,,,,,,,,
2024-08-12,11.210000038146973,11.324999809265137,10.800000190734863,10.859999656677246,10.859999656677246,242700,,,,,,,,
2024-08-13,10.649999618530273,11.149999618530273,10.510000228881836,10.699999809265137,10.699999809265137,294200,,,,,,,,
2024-08-14,10.600000381469727,10.949999809265137,10.539999961853027,10.770000457763672,10.770000457763672,354900,,,,,,,,
2024-08-15,10.779999732971191,11.050000190734863,10.779999732971191,10.859999656677246,10.859999656677246,227100,,,,,,,,
2024-08-16,10.859999656677246,12.0,10.720000267028809,11.199999809265137,11.199999809265137,229100,,,,,,,,
2024-08-19,11.289999961853027,11.300000190734863,10.949999809265137,11.069999694824219,11.069999694824219,249500,,,,,,,,
2024-08-20,11.079999923706055,11.079999923706055,10.430000305175781,10.600000381469727,10.600000381469727,278700,,,,,,,,
2024-08-21,10.699999809265137,10.838000297546387,10.5,10.718999862670898,10.718999862670898,146800,,,,,,,,
2024-08-22,10.670000076293945,10.770000457763672,10.399999618530273,10.5,10.5,153900,,,,,,,,
2024-08-23,10.4399995803833,10.789999961853027,10.4399995803833,10.640000343322754,10.640000343322754,206800,,,,,,,,
2024-08-26,10.600000381469727,10.800000190734863,10.600000381469727,10.6899995803833,10.6899995803833,103200,,,,,,,,
2024-08-27,9.970000267028809,9.989999771118164,9.479999542236328,9.670000076293945,9.670000076293945,1280000,,,,,,,,
2024-08-28,9.670000076293945,9.859999656677246,9.350000381469727,9.375,9.375,403800,,,,,,,,
2024-08-29,9.600000381469727,9.600000381469727,9.130000114440918,9.390000343322754,9.390000343322754,419800,,,,,,,,
2024-08-30,9.300000190734863,9.9399995803833,9.279999732971191,9.6899995803833,9.6899995803833,246100,,,,,,,,
2024-09-03,9.725000381469727,10.21500015258789,9.5600004196167,9.765000343322754,9.765000343322754,423000,,,,,,,,
2024-09-04,9.899999618530273,10.100000381469727,9.649999618530273,9.829999923706055,9.829999923706055,324800,,,,,,,,
2024-09-05,9.835000038146973,10.010000228881836,9.609999656677246,9.869999885559082,9.869999885559082,190900,,,,,,,,
2024-09-06,9.930000305175781,9.930000305175781,9.59000015258789,9.640000343322754,9.640000343322754,120600,,,,,,,,
2024-09-09,10.0,10.833000183105469,9.949999809265137,10.8149995803833,10.8149995803833,517400,,,,,,,,
2024-09-10,10.5600004196167,10.850000381469727,10.399999618530273,10.4399995803833,10.4399995803833,245800,,,,,,,,
2024-09-11,10.4399995803833,10.569999694824219,10.289999961853027,10.34000015258789,10.34000015258789,164600,,,,,,,,
2024-09-12,10.345000267028809,10.569999694824219,10.199999809265137,10.289999961853027,10.289999961853027,158500,,,,,,,,
2024-09-13,10.210000038146973,10.446999549865723,10.15999984741211,10.333999633789062,10.333999633789062,125200,,,,,,,,
2024-09-16,10.020000457763672,10.869999885559082,10.020000457763672,10.779999732971191,10.779999732971191,223400,,,,,,,,
2024-09-17,10.819999694824219,10.819999694824219,10.427000045776367,10.449999809265137,10.449999809265137,227200,,,,,,,,
2024-09-18,10.369999885559082,10.630000114440918,10.170000076293945,10.199999809265137,10.199999809265137,297800,,,,,,,,
2024-09-19,10.239999771118164,10.359999656677246,10.199999809265137,10.300000190734863,10.300000190734863,224400,,,,,,,,
2024-09-20,10.260000228881836,10.300000190734863,9.9399995803833,10.163999557495117,10.163999557495117,513300,,,,,,,,
2024-09-23,10.020000457763672,10.5,10.020000457763672,10.449999809265137,10.449999809265137,280200,,,,,,,,
2024-09-24,10.300000190734863,10.800000190734863,10.210000038146973,10.5,10.5,326100,,,,,,,,
2024-09-25,10.430000305175781,10.62600040435791,10.319999694824219,10.350000381469727,10.350000381469727,164400,,,,,,,,
2024-09-26,10.319999694824219,10.468000411987305,10.199999809265137,10.430000305175781,10.430000305175781,171800,,,,,,,,
2024-09-27,10.430000305175781,10.859999656677246,10.350000381469727,10.460000038146973,10.460000038146973,281500,,,,,,,,
2024-09-30,10.399999618530273,10.770000457763672,10.300000190734863,10.387999534606934,10.387999534606934,318200,,,,,,,,
2024-10-01,10.260000228881836,10.609999656677246,10.239999771118164,10.359999656677246,10.359999656677246,178400,,,,,,,,
2024-10-02,10.619999885559082,10.619999885559082,10.199999809265137,10.380000114440918,10.380000114440918,234600,,,,,,,,
2024-10-03,10.220000267028809,10.520000457763672,10.220000267028809,10.413000106811523,10.413000106811523,1124500,,,,,,,,
2024-10-04,10.34000015258789,10.470999717712402,10.239999771118164,10.279999732971191,10.279999732971191,186700,,,,,,,,
2024-10-07,10.239999771118164,10.395000457763672,10.119999885559082,10.145000457763672,10.145000457763672,128500,,,,,,,,
2024-10-08,10.130000114440918,10.449999809265137,10.100000381469727,10.336999893188477,10.336999893188477,200200,,,,,,,,
2024-10-09,10.34000015258789,10.470000267028809,10.25,10.454999923706055,10.454999923706055,110400,,,,,,,,
2024-10-10,10.359999656677246,10.5,10.3149995803833,10.350000381469727,10.350000381469727,70900,,,,,,,,
2024-10-11,10.350000381469727,10.414999961853027,10.25,10.354000091552734,10.354000091552734,108200,,,,,,,,
2024-10-14,10.5,10.5,10.229999542236328,10.420000076293945,10.420000076293945,121600,,,,,,,,
2024-10-15,10.100000381469727,10.470000267028809,10.100000381469727,10.279999732971191,10.279999732971191,96800,,,,,,,,
2024-10-16,10.489999771118164,10.489999771118164,10.25,10.385000228881836,10.385000228881836,78200,,,,,,,,
2024-10-17,10.380000114440918,10.479999542236328,10.324999809265137,10.40999984741211,10.40999984741211,210900,,,,,,,,
2024-10-18,10.5,10.550000190734863,10.3100004196167,10.34000015258789,10.34000015258789,146500,,,,,,,,
2024-10-21,10.380000114440918,10.4399995803833,10.210000038146973,10.289999961853027,10.289999961853027,138800,,,,,,,,
2024-10-22,10.279999732971191,11.289999961853027,10.180000305175781,11.109999656677246,11.109999656677246,863100,,,,,,,,
2024-10-23,11.199999809265137,11.5,11.0,11.430000305175781,11.430000305175781,254100,,,,,,,,
2024-10-24,11.399999618530273,11.399999618530273,10.850000381469727,10.9350004196167,10.9350004196167,194600,,,,,,,,
2024-10-25,10.6899995803833,11.121000289916992,10.6899995803833,11.0,11.0,231300,,,,,,,,
2024-10-28,10.949999809265137,11.09000015258789,10.640000343322754,10.670000076293945,10.670000076293945,239800,,,,,,,,
2024-10-29,10.609999656677246,10.84000015258789,10.15999984741211,10.229999542236328,10.229999542236328,373300,,,,,,,,
2024-10-30,10.199999809265137,10.399999618530273,10.020000457763672,10.079000473022461,10.079000473022461,305500,,,,,,,,
2024-10-31,9.864999771118164,10.232999801635742,9.864999771118164,10.079999923706055,10.079999923706055,252200,,,,,,,,
2024-11-01,10.079999923706055,10.350000381469727,10.024999618530273,10.289999961853027,10.289999961853027,259300,,,,,,,,
2024-11-04,10.180000305175781,10.739999771118164,10.170000076293945,10.680000305175781,10.680000305175781,228800,,,,,,,,
2024-11-05,10.710000038146973,10.800000190734863,10.40999984741211,10.699999809265137,10.699999809265137,274100,,,,,,,,
2024-11-06,7.519999980926514,9.210000038146973,7.5,8.935999870300293,8.935999870300293,2965000,,,,,,,,
2024-11-07,8.029999732971191,9.779999732971191,8.029999732971191,9.25,9.25,523200,,,,,,,,
2024-11-08,9.25,9.670000076293945,8.579999923706055,8.920000076293945,8.920000076293945,1062200,,,,,,,,
2024-11-11,8.899999618530273,8.899999618530273,7.800000190734863,7.802000045776367,7.802000045776367,1941600,,,,,,,,
2024-11-12,7.820000171661377,9.140000343322754,7.820000171661377,8.949999809265137,8.949999809265137,893000,,,,,,,,
2024-11-13,8.770000457763672,10.489999771118164,8.404000282287598,9.699999809265137,9.699999809265137,721700,,,,,,,,
2024-11-14,9.989999771118164,10.010000228881836,8.979999542236328,9.291999816894531,9.291999816894531,463300,,,,,,,,
2024-11-15,9.100000381469727,9.680000305175781,9.050000190734863,9.609999656677246,9.609999656677246,286700,,,,,,,,
2024-11-18,9.479999542236328,10.0,9.180000305175781,9.40999984741211,9.40999984741211,303500,,,,,,,,
2024-11-19,9.399999618530273,9.470000267028809,9.130000114440918,9.279999732971191,9.279999732971191,272800,,,,,,,,
2024-11-20,9.010000228881836,9.630000114440918,9.010000228881836,9.600000381469727,9.600000381469727,1235100,,,,,,,,
2024-11-21,9.489999771118164,9.699999809265137,8.699999809265137,9.34000015258789,9.34000015258789,334600,,,,,,,,
2024-11-22,9.350000381469727,9.350000381469727,8.949999809265137,9.038999557495117,9.038999557495117,491700,,,,,,,,
2024-11-25,9.0,9.199999809265137,8.899999618530273,9.010000228881836,9.010000228881836,546800,,,,,,,,
2024-11-26,8.569999694824219,9.470000267028809,8.569999694824219,9.34000015258789,9.34000015258789,462800,,,,,,,,
2024-11-27,9.020000457763672,9.510000228881836,9.020000457763672,9.5,9.5,313100,,,,,,,,
2024-11-29,9.34000015258789,9.550000190734863,9.100000381469727,9.289999961853027,9.289999961853027,150500,,,,,,,,
2024-12-02,9.050000190734863,9.329999923706055,9.0,9.260000228881836,9.260000228881836,200400,,,,,,,,
2024-12-03,9.289999961853027,9.380000114440918,9.130000114440918,9.168000221252441,9.168000221252441,232100,,,,,,,,
2024-12-04,9.0,9.220000267028809,8.680000305175781,8.699999809265137,8.699999809265137,551100,,,,,,,,
2024-12-05,8.65999984741211,9.100000381469727,8.529999732971191,8.600000381469727,8.600000381469727,614100,,,,,,,,
2024-12-06,8.649999618530273,8.73799991607666,8.5,8.539999961853027,8.539999961853027,384400,,,,,,,,
2024-12-09,8.539999961853027,8.84000015258789,8.5,8.520000457763672,8.520000457763672,769300,,,,,,,,
2024-12-10,8.4399995803833,8.670000076293945,8.270000457763672,8.460000038146973,8.460000038146973,492200,,,,,,,,
2024-12-11,8.4350004196167,8.4350004196167,7.849999904632568,8.0,8.0,833800,,,,,,,,
2024-12-12,7.869999885559082,8.083999633789062,7.820000171661377,7.840000152587891,7.840000152587891,469800,,,,,,,,
2024-12-13,7.820000171661377,8.149999618530273,7.760000228881836,8.079999923706055,8.079999923706055,426900,,,,,,,,
2024-12-16,8.039999961853027,8.0600004196167,7.699999809265137,7.730000019073486,7.730000019073486,597900,,,,,,,,
2024-12-17,7.710000038146973,8.057000160217285,7.550000190734863,7.980000019073486,7.980000019073486,674100,,,,,,,,
2024-12-18,7.599999904632568,8.15999984741211,7.599999904632568,7.739999771118164,7.739999771118164,475700,,,,,,,,
2024-12-19,7.724999904632568,7.900000095367432,7.599999904632568,7.699999809265137,7.699999809265137,432200,,,,,,,,
2024-12-20,7.659999847412109,8.079999923706055,7.659999847412109,7.929999828338623,7.929999828338623,300000,,,,,,,,
2024-12-23,7.820000171661377,8.100000381469727,7.800000190734863,7.849999904632568,7.849999904632568,586300,,,,,,,,
2024-12-24,7.809999942779541,7.910999774932861,7.71999979019165,7.739999771118164,7.739999771118164,218200,,,,,,,,
2024-12-26,7.71999979019165,7.869999885559082,7.699999809265137,7.739999771118164,7.739999771118164,329600,,,,,,,,
2024-12-27,7.699999809265137,7.800000190734863,7.659999847412109,7.800000190734863,7.800000190734863,481900,,,,,,,,
2024-12-30,7.75,8.029999732971191,7.53000020980835,7.980000019073486,7.980000019073486,776200,,,,,,,,
2024-12-31,7.78000020980835,8.430000305175781,7.760000228881836,8.170000076293945,8.170000076293945,784100,,,,,,,,
2025-01-02,8.069999694824219,8.66100025177002,8.069999694824219,8.145999908447266,8.145999908447266,377100,,,,,,,,
2025-01-03,8.079999923706055,8.430000305175781,8.079999923706055,8.350000381469727,8.350000381469727,193700,,,,,,,,
2025-01-06,8.430000305175781,8.430000305175781,8.050000190734863,8.119999885559082,8.119999885559082,227200,,,,,,,,
2025-01-07,7.880000114440918,8.3100004196167,7.869999885559082,8.0600004196167,8.0600004196167,216800,,,,,,,,
2025-01-08,8.0,8.095000267028809,7.5,7.510000228881836,7.510000228881836,383400,,,,,,,,
2025-01-10,7.795000076293945,7.795000076293945,7.269999980926514,7.389999866485596,7.389999866485596,453500,,,,,,,,
2025-01-13,7.489999771118164,7.510000228881836,7.150000095367432,7.300000190734863,7.300000190734863,330700,,,,,,,,
2025-01-14,7.199999809265137,7.199999809265137,7.010000228881836,7.050000190734863,7.050000190734863,635600,,,,,,,,
2025-01-15,7.019999980926514,7.175000190734863,7.0,7.070000171661377,7.070000171661377,481300,,,,,,,,
2025-01-16,7.150000095367432,7.25,7.059999942779541,7.159999847412109,7.159999847412109,684500,,,,,,,,
2025-01-17,7.179999828338623,7.550000190734863,7.144999980926514,7.429999828338623,7.429999828338623,785100,,,,,,,,
2025-01-21,7.420000076293945,7.690000057220459,7.150000095367432,7.409999847412109,7.409999847412109,369000,,,,,,,,
2025-01-22,7.40500020980835,7.513999938964844,7.099999904632568,7.15500020980835,7.15500020980835,271100,,,,,,,,
2025-01-23,7.111999988555908,7.199999809265137,7.0,7.059999942779541,7.059999942779541,302600,,,,,,,,
2025-01-24,7.019999980926514,7.599999904632568,7.019999980926514,7.320000171661377,7.320000171661377,647700,,,,,,,,
2025-01-27,7.139999866485596,7.550000190734863,7.039999961853027,7.09499979019165,7.09499979019165,336100,,,,,,,,
2025-01-28,7.090000152587891,7.210000038146973,6.889999866485596,6.909999847412109,6.909999847412109,746500,,,,,,,,
2025-01-29,6.980000019073486,7.150000095367432,6.889999866485596,6.920000076293945,6.920000076293945,308700,,,,,,,,
2025-01-30,6.909999847412109,7.099999904632568,6.909999847412109,6.980000019073486,6.980000019073486,415600,,,,,,,,
2025-01-31,6.980000019073486,7.050000190734863,6.920000076293945,7.010000228881836,7.010000228881836,326000,,,,,,,,
2025-02-03,6.900000095367432,7.03000020980835,6.75,6.980000019073486,6.980000019073486,369100,,,,,,,,
2025-02-04,7.0,7.130000114440918,6.909999847412109,6.979000091552734,6.979000091552734,1154100,,,,,,,,
2025-02-05,7.0,7.320000171661377,7.0,7.175000190734863,7.175000190734863,2261100,,,,,,,,
2025-02-06,7.179999828338623,7.410999774932861,7.150000095367432,7.150000095367432,7.150000095367432,550900,,,,,,,,
2025-02-07,7.320000171661377,7.320000171661377,7.150000095367432,7.179999828338623,7.179999828338623,815600,,,,,,,,
2025-02-10,7.21999979019165,7.5,7.050000190734863,7.199999809265137,7.199999809265137,273500,,,,,,,,
2025-02-11,7.059999942779541,7.25,6.989999771118164,7.130000114440918,7.130000114440918,231300,,,,,,,,
2025-02-12,7.070000171661377,7.249000072479248,7.03000020980835,7.249000072479248,7.249000072479248,311300,,,,,,,,
2025-02-13,7.179999828338623,7.349999904632568,7.172999858856201,7.289999961853027,7.289999961853027,285300,,,,,,,,
2025-02-14,7.159999847412109,7.335000038146973,7.110000133514404,7.199999809265137,7.199999809265137,262600,,,,,,,,
2025-02-18,7.019999980926514,7.177000045776367,6.800000190734863,6.800000190734863,6.800000190734863,352800,,,,,,,,
2025-02-19,6.789999961853027,7.050000190734863,6.599999904632568,6.989999771118164,6.989999771118164,625200,,,,,,,,
2025-02-20,7.025000095367432,7.0980000495910645,6.880000114440918,6.993000030517578,6.993000030517578,495200,,,,,,,,
2025-02-21,6.989999771118164,7.130000114440918,6.900000095367432,7.110000133514404,7.110000133514404,259100,,,,,,,,
2025-02-24,7.114999771118164,7.119999885559082,6.954999923706055,7.0370001792907715,7.0370001792907715,332300,,,,,,,,
2025-02-25,7.039999961853027,7.114999771118164,6.736000061035156,6.736000061035156,6.736000061035156,255500,,,,,,,,
2025-02-26,6.765999794006348,7.0,6.765999794006348,6.980000019073486,6.980000019073486,123600,,,,,,,,
2025-02-27,7.070000171661377,7.320000171661377,7.0,7.199999809265137,7.199999809265137,438400,,,,,,,,
2025-02-28,7.159999847412109,7.159999847412109,6.869999885559082,6.949999809265137,6.949999809265137,392600,,,,,,,,
2025-03-03,7.150000095367432,7.199999809265137,6.929999828338623,7.03000020980835,7.03000020980835,1226900,,,,,,,,
2025-03-04,7.0,7.03000020980835,6.570000171661377,6.690000057220459,6.690000057220459,662000,,,,,,,,
2025-03-05,6.110000133514404,7.5,6.079999923706055,7.119999885559082,7.119999885559082,766300,,,,,,,,
2025-03-06,6.974999904632568,7.099999904632568,6.869999885559082,6.869999885559082,6.869999885559082,259400,,,,,,,,
2025-03-07,6.849999904632568,7.050000190734863,6.710000038146973,7.039999961853027,7.039999961853027,245900,,,,,,,,
2025-03-10,6.800000190734863,7.0,6.590000152587891,6.699999809265137,6.699999809265137,581400,,,,,,,,
2025-03-11,6.5,6.807000160217285,6.5,6.75,6.75,294600,,,,,,,,
2025-03-12,6.75,6.920000076293945,6.64900016784668,6.829999923706055,6.829999923706055,423100,,,,,,,,
2025-03-13,6.630000114440918,6.900000095367432,6.170000076293945,6.188000202178955,6.188000202178955,471800,,,,,,,,
2025-03-14,6.190000057220459,6.349999904632568,6.183000087738037,6.260000228881836,6.260000228881836,531700,,,,,,,,
2025-03-17,6.199999809265137,6.340000152587891,6.199999809265137,6.269999980926514,6.269999980926514,224200,,,,,,,,
2025-03-18,6.340000152587891,6.380000114440918,6.210000038146973,6.210000038146973,6.210000038146973,211200,,,,,,,,
2025-03-19,6.23799991607666,6.265999794006348,6.150000095367432,6.170000076293945,6.170000076293945,587500,,,,,,,,
2025-03-20,6.369999885559082,6.369999885559082,6.050000190734863,6.050000190734863,6.050000190734863,226700,,,,,,,,
2025-03-21,6.25,6.25,5.929999828338623,5.940000057220459,5.940000057220459,276700,,,,,,,,
2025-03-24,5.960000038146973,6.019999980926514,5.795000076293945,5.849999904632568,5.849999904632568,434500,,,,,,,,
2025-03-25,5.849999904632568,5.885000228881836,5.519999980926514,5.619999885559082,5.619999885559082,590800,,,,,,,,
2025-03-26,5.650000095367432,5.6579999923706055,5.369999885559082,5.519999980926514,5.519999980926514,1601700,,,,,,,,
2025-03-27,5.449999809265137,5.96999979019165,5.420000076293945,5.880000114440918,5.880000114440918,455200,,,,,,,,
2025-03-28,5.800000190734863,5.940000057220459,5.630000114440918,5.650000095367432,5.650000095367432,223800,,,,,,,,
2025-03-31,5.599999904632568,5.835999965667725,5.5,5.809999942779541,5.809999942779541,471100,,,,,,,,
2025-04-01,5.760000228881836,6.0,5.679999828338623,5.739999771118164,5.739999771118164,238600,,,,,,,,
2025-04-02,5.699999809265137,5.849999904632568,5.519999980926514,5.800000190734863,5.800000190734863,365700,,,,,,,,
2025-04-03,5.800000190734863,5.829999923706055,5.309999942779541,5.329999923706055,5.329999923706055,530400,,,,,,,,
2025-04-04,5.25,5.300000190734863,4.949999809265137,5.019999980926514,5.019999980926514,1008700,,,,,,,,
2025-04-07,5.019999980926514,5.139999866485596,4.630000114440918,5.059999942779541,5.059999942779541,745600,,,,,,,,
2025-04-08,5.099999904632568,5.199999809265137,4.949999809265137,5.0,5.0,482800,,,,,,,,
2025-04-09,5.005000114440918,5.300000190734863,4.760000228881836,5.099999904632568,5.099999904632568,619300,,,,,,,,
2025-04-10,5.079999923706055,5.179999828338623,4.880000114440918,4.96999979019165,4.96999979019165,284100,,,,,,,,
2025-04-11,5.039999961853027,5.110000133514404,5.0,5.039999961853027,5.039999961853027,204600,,,,,,,,
2025-04-14,5.050000190734863,5.199999809265137,4.909999847412109,5.070000171661377,5.070000171661377,300400,,,,,,,,
2025-04-15,5.03000020980835,5.199999809265137,5.010000228881836,5.099999904632568,5.099999904632568,149200,,,,,,,,
2025-04-16,5.125,5.239999771118164,5.039999961853027,5.199999809265137,5.199999809265137,329900,,,,,,,,
2025-04-17,5.03000020980835,5.699999809265137,5.03000020980835,5.599999904632568,5.599999904632568,575500,,,,,,,,
2025-04-21,5.639999866485596,5.639999866485596,5.159999847412109,5.21999979019165,5.21999979019165,338000,,,,,,,,
2025-04-22,5.25,5.389999866485596,5.190000057220459,5.360000133514404,5.360000133514404,152100,,,,,,,,
2025-04-23,5.389999866485596,5.482999801635742,5.28000020980835,5.309999942779541,5.309999942779541,165800,,,,,,,,
2025-04-24,5.320000171661377,6.300000190734863,5.320000171661377,6.190000057220459,6.190000057220459,1366300,,,,,,,,
2025-04-25,6.179999828338623,6.480000019073486,5.900000095367432,5.920000076293945,5.920000076293945,471200,,,,,,,,
2025-04-28,5.889999866485596,5.989999771118164,5.360000133514404,5.566999912261963,5.566999912261963,518100,,,,,,,,
2025-04-29,5.599999904632568,6.28000020980835,5.599999904632568,5.889999866485596,5.889999866485596,316900,,,,,,,,
2025-04-30,5.699999809265137,7.179999828338623,5.210000038146973,6.599999904632568,6.599999904632568,979300,,,,,,,,
2025-05-01,6.670000076293945,6.699999809265137,6.25,6.260000228881836,6.260000228881836,292000,,,,,,,,
2025-05-02,6.5,6.53000020980835,6.269999980926514,6.489999771118164,6.489999771118164,263000,,,,,,,,
2025-05-05,6.190000057220459,6.552000045776367,6.190000057220459,6.420000076293945,6.420000076293945,155100,,,,,,,,
2025-05-06,6.317999839782715,6.349999904632568,6.050000190734863,6.050000190734863,6.050000190734863,137100,,,,,,,,
2025-05-07,6.099999904632568,6.300000190734863,5.960000038146973,6.019999980926514,6.019999980926514,210000,,,,,,,,
2025-05-08,5.992000102996826,6.019999980926514,5.699999809265137,5.829999923706055,5.829999923706055,385700,,,,,,,,
2025-05-09,5.789999961853027,5.820000171661377,5.510000228881836,5.539999961853027,5.539999961853027,270100,,,,,,,,
2025-05-12,5.599999904632568,5.650000095367432,5.400000095367432,5.440000057220459,5.440000057220459,330800,,,,,,,,
2025-05-13,5.440000057220459,5.61299991607666,5.400000095367432,5.533999919891357,5.533999919891357,340500,,,,,,,,
2025-05-14,5.699999809265137,5.699999809265137,5.480000019073486,5.539999961853027,5.539999961853027,256900,,,,,,,,
2025-05-15,5.559999942779541,5.96999979019165,5.449999809265137,5.710000038146973,5.710000038146973,265700,,,,,,,,
2025-05-16,5.650000095367432,6.0,5.510000228881836,5.584000110626221,5.584000110626221,468800,,,,,,,,
2025-05-19,5.550000190734863,5.699999809265137,5.440000057220459,5.550000190734863,5.550000190734863,131200,,,,,,,,
2025-05-20,5.552000045776367,5.699999809265137,5.5,5.699999809265137,5.699999809265137,236200,,,,,,,,
2025-05-21,5.519999980926514,5.735000133514404,5.5,5.519999980926514,5.519999980926514,175500,,,,,,,,
2025-05-22,5.260000228881836,5.677000045776367,5.260000228881836,5.550000190734863,5.550000190734863,192400,,,,,,,,
2025-05-23,5.445000171661377,5.521999835968018,5.328999996185303,5.409999847412109,5.409999847412109,195300,,,,,,,,
2025-05-27,5.510000228881836,5.510000228881836,5.28000020980835,5.289999961853027,5.289999961853027,242700,,,,,,,,
2025-05-28,5.5,5.5,5.198999881744385,5.210000038146973,5.210000038146973,297200,,,,,,,,
2025-05-29,5.230000019073486,5.300000190734863,5.0980000495910645,5.25,5.25,1145100,,,,,,,,
2025-05-30,5.150000095367432,5.303999900817871,5.130000114440918,5.239999771118164,5.239999771118164,205400,,,,,,,,
2025-06-02,5.119999885559082,5.539999961853027,5.119999885559082,5.400000095367432,5.400000095367432,236300,,,,,,,,
2025-06-03,5.320000171661377,5.5,5.199999809265137,5.243000030517578,5.243000030517578,216800,,,,,,,,
2025-06-04,5.210000038146973,5.369999885559082,5.199999809265137,5.199999809265137,5.199999809265137,280900,,,,,,,,
2025-06-05,5.210000038146973,5.28000020980835,5.099999904632568,5.099999904632568,5.099999904632568,170700,,,,,,,,
2025-06-06,5.099999904632568,5.300000190734863,5.050000190734863,5.195000171661377,5.195000171661377,296300,,,,,,,,
2025-06-09,5.190000057220459,5.239999771118164,5.079999923706055,5.110000133514404,5.110000133514404,176900,,,,,,,,
2025-06-10,5.340000152587891,5.340000152587891,5.010000228881836,5.019999980926514,5.019999980926514,216000,,,,,,,,
2025-06-11,5.0,5.119999885559082,5.0,5.079999923706055,5.079999923706055,284200,,,,,,,,
2025-06-12,5.050000190734863,5.179999828338623,5.010000228881836,5.010000228881836,5.010000228881836,241200,,,,,,,,
2025-06-13,5.010000228881836,5.090000152587891,4.929999828338623,4.952000141143799,4.952000141143799,391300,,,,,,,,
2025-06-16,5.0,5.190000057220459,4.940000057220459,4.979000091552734,4.979000091552734,356500,,,,,,,,
2025-06-17,5.320000171661377,5.320000171661377,4.934999942779541,4.949999809265137,4.949999809265137,233500,,,,,,,,
2025-06-18,4.949999809265137,5.060999870300293,4.927000045776367,5.0,5.0,979300,,,,,,,,
2025-06-20,5.190000057220459,5.190000057220459,4.889999866485596,4.920000076293945,4.920000076293945,237700,,,,,,,,
2025-06-23,4.860000133514404,4.940000057220459,4.800000190734863,4.809999942779541,4.809999942779541,318100,,,,,,,,
2025-06-24,4.809999942779541,5.070000171661377,4.809999942779541,5.019999980926514,5.019999980926514,484600,,,,,,,,
2025-06-25,4.880000114440918,5.269999980926514,4.880000114440918,5.25,5.25,375700,,,,,,,,
2025-06-26,5.210000038146973,5.445000171661377,5.070000171661377,5.289999961853027,5.289999961853027,364500,,,,,,,,
2025-06-27,5.340000152587891,5.355999946594238,5.159999847412109,5.25,5.25,162200,,,,,,,,
2025-06-30,5.21999979019165,5.550000190734863,5.150000095367432,5.510000228881836,5.510000228881836,465800,,,,,,,,
2025-07-01,5.5,5.590000152587891,5.349999904632568,5.46999979019165,5.46999979019165,197700,,,,,,,,
2025-07-02,5.519999980926514,5.550000190734863,5.414000034332275,5.519999980926514,5.519999980926514,250100,,,,,,,,
2025-07-03,5.5,5.5,5.400000095367432,5.5,5.5,141800,,,,,,,,
2025-07-07,5.5,5.59499979019165,5.449999809265137,5.494999885559082,5.494999885559082,364100,,,,,,,,
2025-07-08,5.5,6.00600004196167,5.459000110626221,5.71999979019165,5.71999979019165,754300,,,,,,,,
2025-07-09,5.75,6.0,5.690000057220459,5.900000095367432,5.900000095367432,729300,,,,,,,,
2025-07-10,6.0,6.550000190734863,5.900000095367432,6.409999847412109,6.409999847412109,1242000,,,,,,,,
2025-07-11,6.300000190734863,6.670000076293945,6.059999942779541,6.559999942779541,6.559999942779541,536600,,,,,,,,
2025-07-14,6.570000171661377,6.809999942779541,6.199999809265137,6.489999771118164,6.489999771118164,329200,,,,,,,,
2025-07-15,6.489999771118164,6.510000228881836,5.869999885559082,5.880000114440918,5.880000114440918,415400,,,,,,,,
2025-07-16,5.949999809265137,6.070000171661377,5.71999979019165,5.724999904632568,5.724999904632568,267200,,,,,,,,
2025-07-17,5.710000038146973,5.960000038146973,5.599999904632568,5.699999809265137,5.699999809265137,313200,,,,,,,,
2025-07-18,5.599999904632568,5.789999961853027,5.545000076293945,5.619999885559082,5.619999885559082,200100,,,,,,,,
2025-07-21,5.650000095367432,5.953999996185303,5.610000133514404,5.9079999923706055,5.9079999923706055,457700,,,,,,,,
2025-07-22,6.0,6.110000133514404,5.699999809265137,5.872000217437744,5.872000217437744,962600,,,,,,,,
2025-07-23,6.0,6.070000171661377,5.679999828338623,5.75,5.75,636400,,,,,,,,
2025-07-24,5.639999866485596,5.989999771118164,5.610000133514404,5.989999771118164,5.989999771118164,266900,,,,,,,,
2025-07-25,5.980000019073486,6.300000190734863,5.849999904632568,6.289999961853027,6.289999961853027,1417400,,,,,,,,
2025-07-28,6.300000190734863,6.429999828338623,6.010000228881836,6.291999816894531,6.291999816894531,1037600,,,,,,,,
2025-07-29,6.289999961853027,6.300000190734863,5.979000091552734,6.010000228881836,6.010000228881836,459100,,,,,,,,
2025-07-30,6.099999904632568,6.176000118255615,5.960000038146973,6.005000114440918,6.005000114440918,345500,,,,,,,,
2025-07-31,6.050000190734863,6.190000057220459,5.849999904632568,5.909999847412109,5.909999847412109,644200,,,,,,,,
2025-08-01,5.519999980926514,6.75,5.519999980926514,6.75,6.75,971200,,,,,,,,
2025-08-04,6.690000057220459,7.550000190734863,6.519999980926514,7.289999961853027,7.289999961853027,826400,,,,,,,,
2025-08-05,7.289999961853027,7.699999809265137,7.039999961853027,7.21999979019165,7.21999979019165,1143300,,,,,,,,
2025-08-06,6.889999866485596,7.420000076293945,6.510000228881836,6.869999885559082,6.869999885559082,727900,,,,,,,,
2025-08-07,6.800000190734863,7.190000057220459,6.309999942779541,6.980000019073486,6.980000019073486,670900,,,,,,,,
2025-08-08,6.849999904632568,7.400000095367432,6.760000228881836,7.130000114440918,7.130000114440918,601500,,,,,,,,
2025-08-11,7.75,8.899999618530273,7.699999809265137,8.5,8.5,2434000,,,,,,,,
2025-08-12,8.850000381469727,8.979999542236328,8.09000015258789,8.180000305175781,8.180000305175781,1160100,,,,,,,,
2025-08-13,8.050000190734863,8.989999771118164,8.050000190734863,8.970000267028809,8.970000267028809,1430100,,,,,,,,
2025-08-14,8.640000343322754,9.0,8.449999809265137,8.630000114440918,8.630000114440918,689600,,,,,,,,
2025-08-15,8.850000381469727,8.859999656677246,7.550000190734863,7.559999942779541,7.559999942779541,1264200,,,,,,,,
2025-08-18,7.929999828338623,8.40999984741211,7.559999942779541,8.270000457763672,8.270000457763672,896400,,,,,,,,
2025-08-19,8.390000343322754,8.585000038146973,7.320000171661377,7.3979997634887695,7.3979997634887695,1065600,,,,,,,,
2025-08-20,7.400000095367432,7.980000019073486,7.400000095367432,7.96999979019165,7.96999979019165,599600,,,,,,,,
2025-08-21,8.1899995803833,8.619999885559082,7.829999923706055,8.52299976348877,8.52299976348877,274400,,,,,,,,
2025-08-22,8.609999656677246,8.760000228881836,8.220000267028809,8.300000190734863,8.300000190734863,406000,,,,,,,,
2025-08-25,8.5,8.989999771118164,8.390000343322754,8.82800006866455,8.82800006866455,485000,,,,,,,,
2025-08-26,8.949999809265137,9.15999984741211,8.649999618530273,8.920000076293945,8.920000076293945,897100,,,,,,,,
2025-08-27,9.09000015258789,9.09000015258789,8.729999542236328,8.862000465393066,8.862000465393066,803500,,,,,,,,
2025-08-28,8.800000190734863,9.729999542236328,8.618000030517578,8.8100004196167,8.8100004196167,1895900,,,,,,,,
2025-08-29,9.390000343322754,9.390000343322754,8.479999542236328,8.6899995803833,8.6899995803833,478900,,,,,,,,
2025-09-02,8.420000076293945,8.869999885559082,8.25,8.800000190734863,8.800000190734863,979200,,,,,,,,
2025-09-03,8.649999618530273,8.649999618530273,8.100000381469727,8.149999618530273,8.149999618530273,495200,,,,,,,,
2025-09-04,8.149999618530273,8.253000259399414,7.78000020980835,7.909999847412109,7.909999847412109,339500,,,,,,,,
2025-09-05,8.100000381469727,8.380000114440918,7.809999942779541,8.270000457763672,8.270000457763672,211300,,,,,,,,
2025-09-08,8.5,8.5,7.960000038146973,8.111000061035156,8.111000061035156,183500,,,,,,,,
2025-09-09,8.039999961853027,8.800000190734863,8.039999961853027,8.526000022888184,8.526000022888184,305900,,,,,,,,
2025-09-10,8.75,8.75,7.78000020980835,7.952000141143799,7.952000141143799,365800,,,,,,,,
2025-09-11,7.820000171661377,8.329999923706055,7.5,7.5,7.5,353900,,,,,,,,
2025-09-12,7.46999979019165,7.949999809265137,7.300000190734863,7.409999847412109,7.409999847412109,196500,,,,,,,,
2025-09-15,7.010000228881836,7.449999809265137,7.010000228881836,7.070000171661377,7.070000171661377,329500,,,,,,,,
2025-09-16,7.110000133514404,7.820000171661377,7.059999942779541,7.71999979019165,7.71999979019165,339200,,,,,,,,
2025-09-17,7.440000057220459,7.909999847412109,7.440000057220459,7.671000003814697,7.671000003814697,173800,,,,,,,,
2025-09-18,7.681000232696533,8.050000190734863,7.420000076293945,7.800000190734863,7.800000190734863,374400,,,,,,,,
2025-09-19,7.699999809265137,8.220000267028809,7.519999980926514,8.220000267028809,8.220000267028809,221600,,,,,,,,
2025-09-22,8.220000267028809,8.220000267028809,7.610000133514404,7.610000133514404,7.610000133514404,398100,,,,,,,,
2025-09-23,7.699999809265137,8.0,7.449999809265137,7.630000114440918,7.630000114440918,282500,,,,,,,,
2025-09-24,7.360000133514404,8.199999809265137,7.360000133514404,8.015000343322754,8.015000343322754,343000,,,,,,,,
2025-09-25,8.0,8.130000114440918,7.420000076293945,7.420000076293945,7.420000076293945,347800,,,,,,,,
2025-09-26,7.860000133514404,7.860000133514404,7.260000228881836,7.269999980926514,7.269999980926514,198000,,,,,,,,
2025-09-29,7.829999923706055,9.100000381469727,7.699999809265137,8.411999702453613,8.411999702453613,1663800,,,,,,,,
2025-09-30,8.40999984741211,8.84000015258789,7.96999979019165,7.989999771118164,7.989999771118164,498900,,,,,,,,
2025-10-01,7.920000076293945,8.699999809265137,7.849999904632568,8.430000305175781,8.430000305175781,1490500,,,,,,,,
2025-10-02,8.430000305175781,8.75,8.149999618530273,8.729999542236328,8.729999542236328,277800,,,,,,,,
2025-10-03,8.789999961853027,8.970000267028809,8.40999984741211,8.5,8.5,385200,,,,,,,,
2025-10-06,8.529999732971191,9.100000381469727,8.449999809265137,9.020000457763672,9.020000457763672,507600,,,,,,,,
2025-10-07,9.020000457763672,9.295000076293945,8.6899995803833,8.8100004196167,8.8100004196167,524700,,,,,,,,
2025-10-08,8.800000190734863,9.119999885559082,8.779999732971191,8.899999618530273,8.899999618530273,256400,,,,,,,,
2025-10-09,8.899999618530273,9.119999885559082,8.670000076293945,8.720000267028809,8.720000267028809,245400,,,,,,,,
2025-10-10,8.6899995803833,8.850000381469727,7.840000152587891,8.15999984741211,8.15999984741211,447700,,,,,,,,
2025-10-13,8.25,8.84000015258789,8.0600004196167,8.70199966430664,8.70199966430664,232300,,,,,,,,
2025-10-14,8.505000114440918,8.550000190734863,8.050000190734863,8.088000297546387,8.088000297546387,305900,,,,,,,,
2025-10-15,8.199999809265137,9.25,8.0,8.550000190734863,8.550000190734863,544100,,,,,,,,
2025-10-16,8.170000076293945,9.149999618530273,7.829999923706055,8.079999923706055,8.079999923706055,314700,,,,,,,,
2025-10-17,8.399999618530273,8.399999618530273,7.769999980926514,7.820000171661377,7.820000171661377,556000,,,,,,,,
2025-10-20,7.769999980926514,8.170000076293945,7.769999980926514,8.15999984741211,8.15999984741211,97100,,,,,,,,
2025-10-21,7.985000133514404,8.119999885559082,7.5,7.550000190734863,7.550000190734863,257800,,,,,,,,
2025-10-22,7.610000133514404,7.735000133514404,7.099999904632568,7.199999809265137,7.199999809265137,407200,,,,,,,,
2025-10-23,7.199999809265137,7.869999885559082,7.119999885559082,7.659999847412109,7.659999847412109,323600,,,,,,,,
2025-10-24,7.638000011444092,7.840000152587891,7.289999961853027,7.650000095367432,7.650000095367432,245400,,,,,,,,
2025-10-27,7.400000095367432,7.630000114440918,7.25,7.409999847412109,7.409999847412109,239800,,,,,,,,
2025-10-28,7.409999847412109,7.420000076293945,7.130000114440918,7.130000114440918,7.130000114440918,258600,,,,,,,,
2025-10-29,7.090000152587891,7.78000020980835,6.909999847412109,7.019999980926514,7.019999980926514,458100,,,,,,,,
2025-10-30,6.920000076293945,7.050000190734863,6.809999942779541,6.840000152587891,6.840000152587891,347500,,,,,,,,
2025-10-31,6.988999843597412,7.099999904632568,6.78000020980835,7.050000190734863,7.050000190734863,221600,,,,,,,,
2025-11-03,6.760000228881836,7.199999809265137,6.760000228881836,6.889999866485596,6.889999866485596,162600,,,,,,,,
2025-11-04,6.829999923706055,7.0,6.690000057220459,6.710000038146973,6.710000038146973,220400,,,,,,,,
2025-11-05,7.0,7.0,6.75,6.849999904632568,6.849999904632568,135400,,,,,,,,
2025-11-06,6.849999904632568,7.0279998779296875,6.510000228881836,6.510000228881836,6.510000228881836,274500,,,,,,,,
2025-11-07,6.510000228881836,7.021999835968018,6.320000171661377,6.984000205993652,6.984000205993652,587400,,,,,,,,
2025-11-10,6.820000171661377,7.78000020980835,6.820000171661377,7.769999980926514,7.769999980926514,412900,,,,,,,,
2025-11-11,7.380000114440918,7.639999866485596,7.230000019073486,7.25,7.25,178700,,,,,,,,
2025-11-12,7.400000095367432,7.400000095367432,6.96999979019165,7.0,7.0,267900,,,,,,,,
2025-11-13,6.949999809265137,7.004000186920166,6.550000190734863,6.650000095367432,6.650000095367432,279100,,,,,,,,
2025-11-14,6.409999847412109,6.519999980926514,5.699999809265137,5.760000228881836,5.760000228881836,903300,,,,,,,,
2025-11-17,5.760000228881836,6.019999980926514,5.53000020980835,5.71999979019165,5.71999979019165,810500,,,,,,,,
2025-11-18,5.570000171661377,5.739999771118164,5.360000133514404,5.565999984741211,5.565999984741211,634600,,,,,,,,
2025-11-19,5.5,5.760000228881836,5.309999942779541,5.340000152587891,5.340000152587891,936900,,,,,,,,
2025-11-20,5.320000171661377,5.670000076293945,5.289999961853027,5.289999961853027,5.289999961853027,717500,,,,,,,,
2025-11-21,5.400000095367432,5.949999809265137,5.289999961853027,5.849999904632568,5.849999904632568,388100,,,,,,,,
2025-11-24,5.769999980926514,6.199999809265137,5.599999904632568,5.900000095367432,5.900000095367432,394600,,,,,,,,
2025-11-25,5.909999847412109,5.940000057220459,5.659999847412109,5.75,5.75,264300,,,,,,,,
2025-11-26,5.800000190734863,5.96999979019165,5.75,5.829999923706055,5.829999923706055,197800,,,,,,,,
2025-11-28,5.949999809265137,6.010000228881836,5.822000026702881,5.929999828338623,5.929999828338623,94700,,,,,,,,
2025-12-01,5.679999828338623,6.699999809265137,5.679999828338623,6.699999809265137,6.699999809265137,373400,,,,,,,,
2025-12-02,6.880000114440918,6.880000114440918,6.289999961853027,6.369999885559082,6.369999885559082,294000,,,,,,,,
2025-12-03,5.940000057220459,6.699999809265137,5.940000057220459,6.420000076293945,6.420000076293945,384000,,,,,,,,
2025-12-04,6.210999965667725,6.889999866485596,6.199999809265137,6.849999904632568,6.849999904632568,296900,,,,,,,,
2025-12-05,6.800000190734863,6.869999885559082,6.510000228881836,6.630000114440918,6.630000114440918,420100,,,,,,,,
2025-12-08,6.429999828338623,6.547999858856201,5.960000038146973,6.150000095367432,6.150000095367432,273200,,,,,,,,
2025-12-09,6.110000133514404,6.619999885559082,6.110000133514404,6.422999858856201,6.422999858856201,172000,,,,,,,,
2025-12-10,6.130000114440918,6.489999771118164,6.050000190734863,6.210000038146973,6.210000038146973,314400,,,,,,,,
2025-12-11,6.260000228881836,6.440000057220459,6.179999828338623,6.409999847412109,6.409999847412109,244100,,,,,,,,
2025-12-12,7.900000095367432,9.729999542236328,7.699999809265137,9.694999694824219,9.694999694824219,4512500,,,,,,,,
2025-12-15,10.0,10.100000381469727,8.395000457763672,8.395000457763672,8.395000457763672,2330500,,,,,,,,
2025-12-16,8.479999542236328,9.949999809265137,8.479999542236328,9.630000114440918,9.630000114440918,1561000,,,,,,,,
2025-12-17,10.100000381469727,10.430000305175781,9.449999809265137,9.579999923706055,9.579999923706055,2714300,,,,,,,,
2025-12-18,10.010000228881836,10.369999885559082,7.889999866485596,7.989999771118164,7.989999771118164,3575800,,,,,,,,
2025-12-19,8.579999923706055,9.039999961853027,8.119999885559082,8.149999618530273,8.149999618530273,1627700,,,,,,,,
2025-12-22,8.220000267028809,8.279999732971191,7.5,7.579999923706055,7.579999923706055,1356200,,,,,,,,
2025-12-23,7.659999847412109,8.25,7.099999904632568,7.75,7.75,770800,,,,,,,,
2025-12-24,7.806000232696533,8.149999618530273,7.710000038146973,8.140000343322754,8.140000343322754,175300,,,,,,,,
2025-12-26,7.880000114440918,8.15999984741211,7.848999977111816,7.98799991607666,7.98799991607666,157200,,,,,,,,
2025-12-29,8.029999732971191,8.199999809265137,7.71999979019165,7.860000133514404,7.860000133514404,822000,,,,,,,,
2025-12-30,7.949999809265137,8.579999923706055,7.760000228881836,8.0600004196167,8.0600004196167,522300,,,,,,,,
,GTBIF,GTBIF,GTBIF,GTBIF,GTBIF,GTBIF,,,,,,,,
