date,open,high,low,close,adj_close,volume,"('date', '')","('open', 'HVT-A')","('high', 'HVT-A')","('low', 'HVT-A')","('close', 'HVT-A')","('adj_close', 'HVT-A')","('volume', 'HVT-A')","('currency', '')"
2020-01-02,20.200000762939453,20.200000762939453,20.200000762939453,20.200000762939453,13.431236267089844,0,,,,,,,,
2020-01-03,20.200000762939453,20.200000762939453,20.200000762939453,20.200000762939453,13.431236267089844,0,,,,,,,,
2020-01-06,20.200000762939453,20.200000762939453,20.200000762939453,20.200000762939453,13.431236267089844,0,,,,,,,,
2020-01-07,20.200000762939453,20.200000762939453,20.200000762939453,20.200000762939453,13.431236267089844,0,,,,,,,,
2020-01-08,20.200000762939453,20.200000762939453,20.200000762939453,20.200000762939453,13.431236267089844,0,,,,,,,,
2020-01-09,20.200000762939453,20.200000762939453,20.200000762939453,20.200000762939453,13.431236267089844,0,,,,,,,,
2020-01-10,19.219999313354492,19.219999313354492,19.219999313354492,19.219999313354492,12.779620170593262,300,,,,,,,,
2020-01-13,19.219999313354492,19.219999313354492,19.219999313354492,19.219999313354492,12.779620170593262,0,,,,,,,,
2020-01-14,19.219999313354492,19.219999313354492,19.219999313354492,19.219999313354492,12.779620170593262,0,,,,,,,,
2020-01-15,19.219999313354492,19.219999313354492,19.219999313354492,19.219999313354492,12.779620170593262,0,,,,,,,,
2020-01-16,19.899999618530273,20.6299991607666,19.899999618530273,20.489999771118164,13.624054908752441,600,,,,,,,,
2020-01-17,20.489999771118164,20.489999771118164,20.489999771118164,20.489999771118164,13.624054908752441,0,,,,,,,,
2020-01-21,20.489999771118164,20.489999771118164,20.489999771118164,20.489999771118164,13.624054908752441,0,,,,,,,,
2020-01-22,20.489999771118164,20.489999771118164,20.489999771118164,20.489999771118164,13.624054908752441,0,,,,,,,,
2020-01-23,20.489999771118164,20.489999771118164,20.489999771118164,20.489999771118164,13.624054908752441,0,,,,,,,,
2020-01-24,20.489999771118164,20.489999771118164,20.489999771118164,20.489999771118164,13.624054908752441,0,,,,,,,,
2020-01-27,20.209999084472656,21.079999923706055,18.68000030517578,20.239999771118164,13.457832336425781,5800,,,,,,,,
2020-01-28,20.239999771118164,20.239999771118164,20.239999771118164,20.239999771118164,13.457832336425781,0,,,,,,,,
2020-01-29,20.200000762939453,20.200000762939453,20.200000762939453,20.200000762939453,13.431236267089844,100,,,,,,,,
2020-01-30,20.200000762939453,20.200000762939453,20.200000762939453,20.200000762939453,13.431236267089844,0,,,,,,,,
2020-01-31,20.200000762939453,20.200000762939453,20.200000762939453,20.200000762939453,13.431236267089844,0,,,,,,,,
2020-02-03,20.200000762939453,20.200000762939453,20.200000762939453,20.200000762939453,13.431236267089844,0,,,,,,,,
2020-02-04,20.200000762939453,20.200000762939453,20.200000762939453,20.200000762939453,13.431236267089844,0,,,,,,,,
2020-02-05,20.200000762939453,20.200000762939453,20.200000762939453,20.200000762939453,13.431236267089844,0,,,,,,,,
2020-02-06,20.520000457763672,20.520000457763672,20.520000457763672,20.520000457763672,13.644007682800293,200,,,,,,,,
2020-02-07,20.520000457763672,20.520000457763672,20.520000457763672,20.520000457763672,13.644007682800293,0,,,,,,,,
2020-02-10,20.520000457763672,20.520000457763672,20.520000457763672,20.520000457763672,13.644007682800293,0,,,,,,,,
2020-02-11,20.520000457763672,20.520000457763672,20.520000457763672,20.520000457763672,13.644007682800293,0,,,,,,,,
2020-02-12,20.520000457763672,20.520000457763672,20.520000457763672,20.520000457763672,13.644007682800293,0,,,,,,,,
2020-02-13,20.520000457763672,20.520000457763672,20.520000457763672,20.520000457763672,13.644007682800293,0,,,,,,,,
2020-02-14,20.520000457763672,20.520000457763672,20.520000457763672,20.520000457763672,13.644007682800293,0,,,,,,,,
2020-02-18,20.520000457763672,20.520000457763672,20.520000457763672,20.520000457763672,13.644007682800293,0,,,,,,,,
2020-02-19,18.0,18.0,17.739999771118164,17.739999771118164,11.795548439025879,600,,,,,,,,
2020-02-20,18.709999084472656,18.709999084472656,17.739999771118164,17.739999771118164,11.795548439025879,500,,,,,,,,
2020-02-21,17.739999771118164,17.739999771118164,17.739999771118164,17.739999771118164,11.795548439025879,0,,,,,,,,
2020-02-24,17.739999771118164,17.739999771118164,17.739999771118164,17.739999771118164,11.795548439025879,0,,,,,,,,
2020-02-25,16.0,16.0,15.649999618530273,15.649999618530273,10.405881881713867,300,,,,,,,,
2020-02-26,15.880000114440918,15.880000114440918,15.880000114440918,15.880000114440918,10.558812141418457,100,,,,,,,,
2020-02-27,15.880000114440918,15.880000114440918,15.880000114440918,15.880000114440918,10.558812141418457,0,,,,,,,,
2020-02-28,15.880000114440918,15.880000114440918,15.880000114440918,15.880000114440918,10.558812141418457,0,,,,,,,,
2020-03-02,15.880000114440918,15.880000114440918,15.880000114440918,15.880000114440918,10.558812141418457,0,,,,,,,,
2020-03-03,15.880000114440918,15.880000114440918,15.880000114440918,15.880000114440918,10.558812141418457,0,,,,,,,,
2020-03-04,15.880000114440918,15.880000114440918,15.880000114440918,15.880000114440918,10.558812141418457,0,,,,,,,,
2020-03-05,17.440000534057617,17.440000534057617,17.399999618530273,17.399999618530273,11.569478034973145,200,,,,,,,,
2020-03-06,17.399999618530273,17.399999618530273,17.399999618530273,17.399999618530273,11.569478034973145,0,,,,,,,,
2020-03-09,16.979999542236328,16.979999542236328,16.979999542236328,16.979999542236328,11.290215492248535,200,,,,,,,,
2020-03-10,15.800000190734863,15.800000190734863,15.800000190734863,15.800000190734863,10.505619049072266,100,,,,,,,,
2020-03-11,15.800000190734863,15.800000190734863,15.800000190734863,15.800000190734863,10.633489608764648,0,,,,,,,,
2020-03-12,14.9399995803833,14.9399995803833,13.369999885559082,13.800000190734863,9.287479400634766,600,,,,,,,,
2020-03-13,14.350000381469727,14.350000381469727,14.350000381469727,14.350000381469727,9.657630920410156,100,,,,,,,,
2020-03-16,13.819999694824219,13.819999694824219,13.819999694824219,13.819999694824219,9.300936698913574,200,,,,,,,,
2020-03-17,13.819999694824219,13.819999694824219,13.819999694824219,13.819999694824219,9.300936698913574,0,,,,,,,,
2020-03-18,13.819999694824219,13.819999694824219,13.819999694824219,13.819999694824219,9.300936698913574,0,,,,,,,,
2020-03-19,13.819999694824219,13.819999694824219,13.819999694824219,13.819999694824219,9.300936698913574,0,,,,,,,,
2020-03-20,11.609999656677246,11.649999618530273,11.609999656677246,11.649999618530273,7.84051513671875,400,,,,,,,,
2020-03-23,11.3100004196167,11.3100004196167,11.3100004196167,11.3100004196167,7.611694812774658,200,,,,,,,,
2020-03-24,12.270000457763672,12.270000457763672,12.270000457763672,12.270000457763672,8.257781028747559,200,,,,,,,,
2020-03-25,12.270000457763672,12.270000457763672,12.270000457763672,12.270000457763672,8.257781028747559,0,,,,,,,,
2020-03-26,12.640000343322754,12.640000343322754,12.640000343322754,12.640000343322754,8.506792068481445,100,,,,,,,,
2020-03-27,12.640000343322754,12.640000343322754,12.640000343322754,12.640000343322754,8.506792068481445,0,,,,,,,,
2020-03-30,12.640000343322754,12.640000343322754,12.640000343322754,12.640000343322754,8.506792068481445,0,,,,,,,,
2020-03-31,12.640000343322754,12.640000343322754,12.640000343322754,12.640000343322754,8.506792068481445,0,,,,,,,,
2020-04-01,12.640000343322754,12.640000343322754,12.640000343322754,12.640000343322754,8.506792068481445,0,,,,,,,,
2020-04-02,12.520000457763672,12.520000457763672,11.640000343322754,11.640000343322754,7.8337860107421875,500,,,,,,,,
2020-04-03,11.640000343322754,11.640000343322754,11.640000343322754,11.640000343322754,7.8337860107421875,0,,,,,,,,
2020-04-06,10.670000076293945,10.670000076293945,10.670000076293945,10.670000076293945,7.180970668792725,200,,,,,,,,
2020-04-07,10.670000076293945,10.670000076293945,10.670000076293945,10.670000076293945,7.180970668792725,0,,,,,,,,
2020-04-08,10.670000076293945,10.670000076293945,10.670000076293945,10.670000076293945,7.180970668792725,0,,,,,,,,
2020-04-09,11.640000343322754,13.34000015258789,11.640000343322754,13.34000015258789,8.97789478302002,500,,,,,,,,
2020-04-13,13.34000015258789,13.34000015258789,13.34000015258789,13.34000015258789,8.97789478302002,0,,,,,,,,
2020-04-14,13.34000015258789,13.34000015258789,13.34000015258789,13.34000015258789,8.97789478302002,0,,,,,,,,
2020-04-15,13.34000015258789,13.34000015258789,13.34000015258789,13.34000015258789,8.97789478302002,0,,,,,,,,
2020-04-16,13.34000015258789,13.34000015258789,13.34000015258789,13.34000015258789,8.97789478302002,0,,,,,,,,
2020-04-17,13.34000015258789,13.34000015258789,13.34000015258789,13.34000015258789,8.97789478302002,0,,,,,,,,
2020-04-20,13.34000015258789,13.34000015258789,13.34000015258789,13.34000015258789,8.97789478302002,0,,,,,,,,
2020-04-21,13.34000015258789,13.34000015258789,13.34000015258789,13.34000015258789,8.97789478302002,0,,,,,,,,
2020-04-22,13.34000015258789,13.34000015258789,13.34000015258789,13.34000015258789,8.97789478302002,0,,,,,,,,
2020-04-23,13.34000015258789,13.34000015258789,13.34000015258789,13.34000015258789,8.97789478302002,0,,,,,,,,
2020-04-24,13.34000015258789,13.34000015258789,13.34000015258789,13.34000015258789,8.97789478302002,0,,,,,,,,
2020-04-27,13.34000015258789,13.34000015258789,13.34000015258789,13.34000015258789,8.97789478302002,0,,,,,,,,
2020-04-28,13.34000015258789,13.34000015258789,13.34000015258789,13.34000015258789,8.97789478302002,0,,,,,,,,
2020-04-29,13.34000015258789,13.34000015258789,13.34000015258789,13.34000015258789,8.97789478302002,0,,,,,,,,
2020-04-30,13.34000015258789,13.34000015258789,13.34000015258789,13.34000015258789,8.97789478302002,0,,,,,,,,
2020-05-01,13.34000015258789,13.34000015258789,13.34000015258789,13.34000015258789,8.97789478302002,0,,,,,,,,
2020-05-04,13.34000015258789,13.34000015258789,13.34000015258789,13.34000015258789,8.97789478302002,0,,,,,,,,
2020-05-05,13.34000015258789,13.34000015258789,13.34000015258789,13.34000015258789,8.97789478302002,0,,,,,,,,
2020-05-06,13.34000015258789,13.34000015258789,13.34000015258789,13.34000015258789,8.97789478302002,0,,,,,,,,
2020-05-07,13.34000015258789,13.34000015258789,13.34000015258789,13.34000015258789,8.97789478302002,0,,,,,,,,
2020-05-08,13.34000015258789,13.34000015258789,13.34000015258789,13.34000015258789,8.97789478302002,0,,,,,,,,
2020-05-11,13.34000015258789,13.34000015258789,13.34000015258789,13.34000015258789,8.97789478302002,0,,,,,,,,
2020-05-12,13.34000015258789,13.34000015258789,13.34000015258789,13.34000015258789,8.97789478302002,0,,,,,,,,
2020-05-13,14.029999732971191,14.579999923706055,14.029999732971191,14.579999923706055,9.812423706054688,700,,,,,,,,
2020-05-14,14.350000381469727,14.350000381469727,14.350000381469727,14.350000381469727,9.657630920410156,600,,,,,,,,
2020-05-15,14.350000381469727,14.350000381469727,14.350000381469727,14.350000381469727,9.657630920410156,0,,,,,,,,
2020-05-18,14.350000381469727,14.350000381469727,14.350000381469727,14.350000381469727,9.657630920410156,0,,,,,,,,
2020-05-19,14.350000381469727,14.350000381469727,14.350000381469727,14.350000381469727,9.657630920410156,0,,,,,,,,
2020-05-20,15.359999656677246,15.359999656677246,15.359999656677246,15.359999656677246,10.33736515045166,500,,,,,,,,
2020-05-21,15.359999656677246,15.359999656677246,15.359999656677246,15.359999656677246,10.33736515045166,0,,,,,,,,
2020-05-22,15.359999656677246,15.359999656677246,15.359999656677246,15.359999656677246,10.33736515045166,0,,,,,,,,
2020-05-26,17.65999984741211,18.030000686645508,17.65999984741211,18.030000686645508,12.134292602539062,300,,,,,,,,
2020-05-27,18.030000686645508,18.030000686645508,18.030000686645508,18.030000686645508,12.134292602539062,0,,,,,,,,
2020-05-28,18.030000686645508,18.030000686645508,18.030000686645508,18.030000686645508,12.134292602539062,0,,,,,,,,
2020-05-29,18.030000686645508,18.030000686645508,18.030000686645508,18.030000686645508,12.134292602539062,0,,,,,,,,
2020-06-01,18.030000686645508,18.030000686645508,18.030000686645508,18.030000686645508,12.134292602539062,0,,,,,,,,
2020-06-02,18.030000686645508,18.030000686645508,18.030000686645508,18.030000686645508,12.134292602539062,0,,,,,,,,
2020-06-03,18.030000686645508,18.030000686645508,18.030000686645508,18.030000686645508,12.22925090789795,0,,,,,,,,
2020-06-04,18.030000686645508,18.030000686645508,18.030000686645508,18.030000686645508,12.22925090789795,0,,,,,,,,
2020-06-05,18.030000686645508,18.030000686645508,18.030000686645508,18.030000686645508,12.22925090789795,0,,,,,,,,
2020-06-08,18.030000686645508,18.030000686645508,18.030000686645508,18.030000686645508,12.22925090789795,0,,,,,,,,
2020-06-09,18.030000686645508,18.030000686645508,18.030000686645508,18.030000686645508,12.22925090789795,0,,,,,,,,
2020-06-10,17.889999389648438,17.889999389648438,17.889999389648438,17.889999389648438,12.134291648864746,100,,,,,,,,
2020-06-11,17.889999389648438,17.889999389648438,17.889999389648438,17.889999389648438,12.134291648864746,0,,,,,,,,
2020-06-12,17.889999389648438,17.889999389648438,17.889999389648438,17.889999389648438,12.134291648864746,0,,,,,,,,
2020-06-15,17.889999389648438,17.889999389648438,17.889999389648438,17.889999389648438,12.134291648864746,0,,,,,,,,
2020-06-16,17.889999389648438,17.889999389648438,17.889999389648438,17.889999389648438,12.134291648864746,0,,,,,,,,
2020-06-17,17.889999389648438,17.889999389648438,17.889999389648438,17.889999389648438,12.134291648864746,300,,,,,,,,
2020-06-18,16.760000228881836,16.760000228881836,16.760000228881836,16.760000228881836,11.367847442626953,700,,,,,,,,
2020-06-19,16.760000228881836,16.760000228881836,16.760000228881836,16.760000228881836,11.367847442626953,0,,,,,,,,
2020-06-22,16.760000228881836,16.760000228881836,16.760000228881836,16.760000228881836,11.367847442626953,0,,,,,,,,
2020-06-23,16.75,16.75,16.15999984741211,16.15999984741211,10.960880279541016,1500,,,,,,,,
2020-06-24,16.15999984741211,16.15999984741211,16.15999984741211,16.15999984741211,10.960880279541016,0,,,,,,,,
2020-06-25,16.15999984741211,16.15999984741211,16.15999984741211,16.15999984741211,10.960880279541016,0,,,,,,,,
2020-06-26,16.15999984741211,16.15999984741211,16.15999984741211,16.15999984741211,10.960880279541016,0,,,,,,,,
2020-06-29,16.15999984741211,16.15999984741211,16.15999984741211,16.15999984741211,10.960880279541016,0,,,,,,,,
2020-06-30,16.15999984741211,16.15999984741211,16.15999984741211,16.15999984741211,10.960880279541016,0,,,,,,,,
2020-07-01,16.15999984741211,16.15999984741211,16.15999984741211,16.15999984741211,10.960880279541016,0,,,,,,,,
2020-07-02,16.15999984741211,16.15999984741211,16.15999984741211,16.15999984741211,10.960880279541016,0,,,,,,,,
2020-07-06,16.15999984741211,16.15999984741211,16.15999984741211,16.15999984741211,10.960880279541016,0,,,,,,,,
2020-07-07,16.15999984741211,16.15999984741211,16.15999984741211,16.15999984741211,10.960880279541016,0,,,,,,,,
2020-07-08,16.15999984741211,16.15999984741211,16.15999984741211,16.15999984741211,10.960880279541016,0,,,,,,,,
2020-07-09,16.15999984741211,16.15999984741211,16.15999984741211,16.15999984741211,10.960880279541016,0,,,,,,,,
2020-07-10,14.489999771118164,14.489999771118164,14.010000228881836,14.25,9.665379524230957,700,,,,,,,,
2020-07-13,14.25,14.25,14.25,14.25,9.665379524230957,0,,,,,,,,
2020-07-14,14.25,14.25,14.25,14.25,9.665379524230957,0,,,,,,,,
2020-07-15,14.279999732971191,14.279999732971191,14.279999732971191,14.279999732971191,9.685728073120117,300,,,,,,,,
2020-07-16,14.279999732971191,14.279999732971191,14.279999732971191,14.279999732971191,9.685728073120117,0,,,,,,,,
2020-07-17,13.979999542236328,13.979999542236328,13.979999542236328,13.979999542236328,9.482246398925781,200,,,,,,,,
2020-07-20,13.979999542236328,13.979999542236328,13.979999542236328,13.979999542236328,9.482246398925781,0,,,,,,,,
2020-07-21,13.979999542236328,13.979999542236328,13.979999542236328,13.979999542236328,9.482246398925781,0,,,,,,,,
2020-07-22,13.979999542236328,13.979999542236328,13.979999542236328,13.979999542236328,9.482246398925781,0,,,,,,,,
2020-07-23,13.979999542236328,13.979999542236328,13.979999542236328,13.979999542236328,9.482246398925781,0,,,,,,,,
2020-07-24,13.979999542236328,13.979999542236328,13.979999542236328,13.979999542236328,9.482246398925781,0,,,,,,,,
2020-07-27,13.979999542236328,13.979999542236328,13.979999542236328,13.979999542236328,9.482246398925781,0,,,,,,,,
2020-07-28,13.979999542236328,13.979999542236328,13.979999542236328,13.979999542236328,9.482246398925781,0,,,,,,,,
2020-07-29,13.979999542236328,13.979999542236328,13.979999542236328,13.979999542236328,9.482246398925781,0,,,,,,,,
2020-07-30,13.979999542236328,13.979999542236328,13.979999542236328,13.979999542236328,9.482246398925781,0,,,,,,,,
2020-07-31,13.979999542236328,13.979999542236328,13.979999542236328,13.979999542236328,9.482246398925781,0,,,,,,,,
2020-08-03,13.979999542236328,13.979999542236328,13.979999542236328,13.979999542236328,9.482246398925781,0,,,,,,,,
2020-08-04,13.979999542236328,13.979999542236328,13.979999542236328,13.979999542236328,9.482246398925781,0,,,,,,,,
2020-08-05,13.979999542236328,13.979999542236328,13.979999542236328,13.979999542236328,9.482246398925781,0,,,,,,,,
2020-08-06,13.979999542236328,13.979999542236328,13.979999542236328,13.979999542236328,9.482246398925781,0,,,,,,,,
2020-08-07,13.979999542236328,13.979999542236328,13.979999542236328,13.979999542236328,9.482246398925781,0,,,,,,,,
2020-08-10,16.06999969482422,16.06999969482422,16.06999969482422,16.06999969482422,10.899833679199219,100,,,,,,,,
2020-08-11,16.760000228881836,17.889999389648438,16.760000228881836,17.889999389648438,12.134291648864746,400,,,,,,,,
2020-08-12,17.889999389648438,17.889999389648438,17.889999389648438,17.889999389648438,12.134291648864746,0,,,,,,,,
2020-08-13,17.889999389648438,17.889999389648438,17.889999389648438,17.889999389648438,12.134291648864746,0,,,,,,,,
2020-08-14,17.889999389648438,17.889999389648438,17.889999389648438,17.889999389648438,12.134291648864746,0,,,,,,,,
2020-08-17,19.65999984741211,20.299999237060547,19.65999984741211,19.8799991607666,13.484054565429688,2400,,,,,,,,
2020-08-18,20.049999237060547,20.049999237060547,20.049999237060547,20.049999237060547,13.599357604980469,100,,,,,,,,
2020-08-19,21.020000457763672,21.020000457763672,21.020000457763672,21.020000457763672,14.257283210754395,100,,,,,,,,
2020-08-20,21.5,21.75,21.5,21.75,14.752421379089355,300,,,,,,,,
2020-08-21,22.600000381469727,22.600000381469727,22.399999618530273,22.399999618530273,15.327190399169922,300,,,,,,,,
2020-08-24,22.399999618530273,22.399999618530273,22.399999618530273,22.399999618530273,15.327190399169922,0,,,,,,,,
2020-08-25,22.399999618530273,22.399999618530273,22.399999618530273,22.399999618530273,15.327190399169922,0,,,,,,,,
2020-08-26,22.399999618530273,22.399999618530273,22.399999618530273,22.399999618530273,15.327190399169922,0,,,,,,,,
2020-08-27,22.399999618530273,22.399999618530273,22.399999618530273,22.399999618530273,15.327190399169922,0,,,,,,,,
2020-08-28,22.399999618530273,22.399999618530273,22.399999618530273,22.399999618530273,15.327190399169922,0,,,,,,,,
2020-08-31,20.959999084472656,21.31999969482422,20.940000534057617,21.31999969482422,14.588205337524414,1500,,,,,,,,
2020-09-01,21.31999969482422,21.31999969482422,21.31999969482422,21.31999969482422,14.588205337524414,0,,,,,,,,
2020-09-02,21.31999969482422,21.31999969482422,21.31999969482422,21.31999969482422,14.588205337524414,0,,,,,,,,
2020-09-03,21.31999969482422,21.31999969482422,21.31999969482422,21.31999969482422,14.588205337524414,0,,,,,,,,
2020-09-04,21.31999969482422,21.31999969482422,21.31999969482422,21.31999969482422,14.588205337524414,0,,,,,,,,
2020-09-08,21.31999969482422,21.31999969482422,21.31999969482422,21.31999969482422,14.588205337524414,0,,,,,,,,
2020-09-09,21.31999969482422,21.31999969482422,21.31999969482422,21.31999969482422,14.588205337524414,0,,,,,,,,
2020-09-10,21.31999969482422,21.31999969482422,21.31999969482422,21.31999969482422,14.588205337524414,0,,,,,,,,
2020-09-11,21.31999969482422,21.31999969482422,21.31999969482422,21.31999969482422,14.588205337524414,0,,,,,,,,
2020-09-14,21.31999969482422,21.31999969482422,21.31999969482422,21.31999969482422,14.588205337524414,0,,,,,,,,
2020-09-15,21.31999969482422,21.31999969482422,21.31999969482422,21.31999969482422,14.588205337524414,0,,,,,,,,
2020-09-16,21.31999969482422,21.31999969482422,21.31999969482422,21.31999969482422,14.588205337524414,0,,,,,,,,
2020-09-17,21.31999969482422,21.31999969482422,21.31999969482422,21.31999969482422,14.588205337524414,0,,,,,,,,
2020-09-18,21.31999969482422,21.31999969482422,21.31999969482422,21.31999969482422,14.588205337524414,0,,,,,,,,
2020-09-21,21.31999969482422,21.31999969482422,21.31999969482422,21.31999969482422,14.588205337524414,0,,,,,,,,
2020-09-22,21.31999969482422,21.31999969482422,21.31999969482422,21.31999969482422,14.588205337524414,0,,,,,,,,
2020-09-23,21.31999969482422,21.31999969482422,21.31999969482422,21.31999969482422,14.588205337524414,0,,,,,,,,
2020-09-24,21.31999969482422,21.31999969482422,21.31999969482422,21.31999969482422,14.588205337524414,0,,,,,,,,
2020-09-25,21.31999969482422,21.31999969482422,21.31999969482422,21.31999969482422,14.588205337524414,0,,,,,,,,
2020-09-28,21.31999969482422,21.31999969482422,21.31999969482422,21.31999969482422,14.588205337524414,0,,,,,,,,
2020-09-29,21.31999969482422,21.31999969482422,21.31999969482422,21.31999969482422,14.588205337524414,0,,,,,,,,
2020-09-30,21.31999969482422,21.31999969482422,21.31999969482422,21.31999969482422,14.588205337524414,0,,,,,,,,
2020-10-01,21.31999969482422,21.31999969482422,21.31999969482422,21.31999969482422,14.588205337524414,0,,,,,,,,
2020-10-02,21.31999969482422,21.31999969482422,21.31999969482422,21.31999969482422,14.588205337524414,0,,,,,,,,
2020-10-05,21.31999969482422,21.31999969482422,21.31999969482422,21.31999969482422,14.588205337524414,0,,,,,,,,
2020-10-06,21.31999969482422,21.31999969482422,21.31999969482422,21.31999969482422,14.588205337524414,0,,,,,,,,
2020-10-07,22.799999237060547,22.799999237060547,22.799999237060547,22.799999237060547,15.600894927978516,200,,,,,,,,
2020-10-08,24.1299991607666,24.1299991607666,24.1299991607666,24.1299991607666,16.51094627380371,200,,,,,,,,
2020-10-09,24.649999618530273,24.649999618530273,24.649999618530273,24.649999618530273,16.86675262451172,200,,,,,,,,
2020-10-12,24.649999618530273,24.649999618530273,24.649999618530273,24.649999618530273,16.86675262451172,0,,,,,,,,
2020-10-13,24.649999618530273,24.649999618530273,24.649999618530273,24.649999618530273,16.86675262451172,0,,,,,,,,
2020-10-14,25.309999465942383,25.309999465942383,25.309999465942383,25.309999465942383,17.318357467651367,200,,,,,,,,
2020-10-15,25.309999465942383,25.309999465942383,25.309999465942383,25.309999465942383,17.318357467651367,0,,,,,,,,
2020-10-16,25.809999465942383,25.809999465942383,25.469999313354492,25.469999313354492,17.427839279174805,200,,,,,,,,
2020-10-19,26.1299991607666,26.1299991607666,25.110000610351562,25.110000610351562,17.181509017944336,400,,,,,,,,
2020-10-20,24.75,24.75,24.020000457763672,24.020000457763672,16.43567657470703,600,,,,,,,,
2020-10-21,24.020000457763672,24.020000457763672,24.020000457763672,24.020000457763672,16.43567657470703,0,,,,,,,,
2020-10-22,22.440000534057617,22.440000534057617,22.440000534057617,22.440000534057617,15.354564666748047,600,,,,,,,,
2020-10-23,22.440000534057617,22.440000534057617,22.440000534057617,22.440000534057617,15.354564666748047,0,,,,,,,,
2020-10-26,22.440000534057617,22.440000534057617,22.440000534057617,22.440000534057617,15.354564666748047,0,,,,,,,,
2020-10-27,23.579999923706055,23.579999923706055,23.579999923706055,23.579999923706055,16.134607315063477,100,,,,,,,,
2020-10-28,23.579999923706055,23.579999923706055,23.579999923706055,23.579999923706055,16.134607315063477,0,,,,,,,,
2020-10-29,23.579999923706055,23.579999923706055,23.579999923706055,23.579999923706055,16.134607315063477,0,,,,,,,,
2020-10-30,23.579999923706055,23.579999923706055,23.579999923706055,23.579999923706055,16.134607315063477,0,,,,,,,,
2020-11-02,23.579999923706055,23.579999923706055,23.579999923706055,23.579999923706055,16.134607315063477,0,,,,,,,,
2020-11-03,25.709999084472656,26.420000076293945,25.709999084472656,25.84000015258789,17.681013107299805,2500,,,,,,,,
2020-11-04,25.84000015258789,25.84000015258789,25.84000015258789,25.84000015258789,17.681013107299805,0,,,,,,,,
2020-11-05,25.84000015258789,25.84000015258789,25.84000015258789,25.84000015258789,17.681013107299805,0,,,,,,,,
2020-11-06,25.84000015258789,25.84000015258789,25.84000015258789,25.84000015258789,17.681013107299805,0,,,,,,,,
2020-11-09,26.0,26.0,26.0,26.0,17.790494918823242,200,,,,,,,,
2020-11-10,27.219999313354492,27.530000686645508,27.219999313354492,27.530000686645508,18.837392807006836,600,,,,,,,,
2020-11-11,27.530000686645508,27.530000686645508,27.530000686645508,27.530000686645508,18.837392807006836,0,,,,,,,,
2020-11-12,29.0,30.010000228881836,29.0,29.209999084472656,19.98693084716797,900,,,,,,,,
2020-11-13,28.729999542236328,28.729999542236328,28.729999542236328,28.729999542236328,19.65849494934082,200,,,,,,,,
2020-11-16,30.56999969482422,30.56999969482422,29.709999084472656,29.709999084472656,20.329055786132812,2800,,,,,,,,
2020-11-17,30.079999923706055,31.18000030517578,29.90999984741211,30.81999969482422,21.088577270507812,2800,,,,,,,,
2020-11-18,30.81999969482422,30.81999969482422,30.81999969482422,30.81999969482422,21.088577270507812,0,,,,,,,,
2020-11-19,30.399999618530273,31.690000534057617,30.18000030517578,31.280000686645508,21.40332794189453,3600,,,,,,,,
2020-11-20,29.290000915527344,29.290000915527344,27.31999969482422,27.360000610351562,20.06837272644043,1900,,,,,,,,
2020-11-23,27.770000457763672,28.969999313354492,27.770000457763672,28.969999313354492,21.249298095703125,1000,,,,,,,,
2020-11-24,28.110000610351562,28.81999969482422,28.110000610351562,28.81999969482422,21.13927459716797,500,,,,,,,,
2020-11-25,28.81999969482422,28.81999969482422,28.81999969482422,28.81999969482422,21.13927459716797,100,,,,,,,,
2020-11-27,28.81999969482422,28.81999969482422,28.81999969482422,28.81999969482422,21.13927459716797,0,,,,,,,,
2020-11-30,28.81999969482422,28.81999969482422,28.81999969482422,28.81999969482422,21.13927459716797,0,,,,,,,,
2020-12-01,28.81999969482422,28.81999969482422,28.81999969482422,28.81999969482422,21.13927459716797,0,,,,,,,,
2020-12-02,28.15999984741211,28.15999984741211,28.15999984741211,28.15999984741211,20.65517234802246,200,,,,,,,,
2020-12-03,28.15999984741211,28.15999984741211,28.15999984741211,28.15999984741211,20.65517234802246,0,,,,,,,,
2020-12-04,26.829999923706055,26.829999923706055,26.829999923706055,26.829999923706055,19.67962074279785,200,,,,,,,,
2020-12-07,27.25,27.25,26.0,26.0,19.070825576782227,300,,,,,,,,
2020-12-08,25.540000915527344,25.540000915527344,25.540000915527344,25.540000915527344,18.73341941833496,200,,,,,,,,
2020-12-09,26.600000381469727,26.600000381469727,26.600000381469727,26.600000381469727,19.51091766357422,300,,,,,,,,
2020-12-10,26.600000381469727,26.600000381469727,26.600000381469727,26.600000381469727,19.51091766357422,0,,,,,,,,
2020-12-11,26.600000381469727,26.600000381469727,26.600000381469727,26.600000381469727,19.51091766357422,0,,,,,,,,
2020-12-14,27.209999084472656,27.209999084472656,25.790000915527344,25.790000915527344,18.916790008544922,300,,,,,,,,
2020-12-15,26.0,26.65999984741211,25.959999084472656,26.65999984741211,19.554927825927734,400,,,,,,,,
2020-12-16,28.079999923706055,28.079999923706055,27.889999389648438,27.889999389648438,20.45712661743164,300,,,,,,,,
2020-12-17,29.3799991607666,29.649999618530273,29.3799991607666,29.649999618530273,21.74807357788086,800,,,,,,,,
2020-12-18,29.260000228881836,29.260000228881836,29.260000228881836,29.260000228881836,21.462011337280273,100,,,,,,,,
2020-12-21,29.40999984741211,29.40999984741211,28.75,28.75,21.087926864624023,200,,,,,,,,
2020-12-22,28.6200008392334,28.6200008392334,28.0,28.0,20.537809371948242,200,,,,,,,,
2020-12-23,28.0,28.0,28.0,28.0,20.537809371948242,200,,,,,,,,
2020-12-24,28.290000915527344,28.290000915527344,28.290000915527344,28.290000915527344,20.75052261352539,100,,,,,,,,
2020-12-28,28.780000686645508,29.0,28.780000686645508,29.0,21.27130126953125,2000,,,,,,,,
2020-12-29,29.0,29.0,29.0,29.0,21.27130126953125,0,,,,,,,,
2020-12-30,29.0,29.0,29.0,29.0,21.27130126953125,0,,,,,,,,
2020-12-31,29.0,29.0,29.0,29.0,21.27130126953125,0,,,,,,,,
2021-01-04,29.0,29.0,29.0,29.0,21.27130126953125,0,,,,,,,,
2021-01-05,29.0,29.0,29.0,29.0,21.27130126953125,0,,,,,,,,
2021-01-06,29.360000610351562,30.149999618530273,29.360000610351562,30.149999618530273,22.114818572998047,800,,,,,,,,
2021-01-07,30.149999618530273,30.149999618530273,30.149999618530273,30.149999618530273,22.114818572998047,0,,,,,,,,
2021-01-08,30.84000015258789,30.84000015258789,30.84000015258789,30.84000015258789,22.620927810668945,500,,,,,,,,
2021-01-11,30.829999923706055,30.829999923706055,30.829999923706055,30.829999923706055,22.61359405517578,200,,,,,,,,
2021-01-12,30.829999923706055,30.829999923706055,30.829999923706055,30.829999923706055,22.61359405517578,0,,,,,,,,
2021-01-13,30.829999923706055,30.829999923706055,30.829999923706055,30.829999923706055,22.61359405517578,0,,,,,,,,
2021-01-14,30.829999923706055,30.829999923706055,30.829999923706055,30.829999923706055,22.61359405517578,0,,,,,,,,
2021-01-15,32.880001068115234,33.040000915527344,32.849998474121094,33.02000045776367,24.21994400024414,5100,,,,,,,,
2021-01-19,33.02000045776367,33.02000045776367,33.02000045776367,33.02000045776367,24.21994400024414,0,,,,,,,,
2021-01-20,33.02000045776367,33.02000045776367,33.02000045776367,33.02000045776367,24.21994400024414,0,,,,,,,,
2021-01-21,32.540000915527344,33.38999938964844,32.540000915527344,33.38999938964844,24.491336822509766,1200,,,,,,,,
2021-01-22,33.189998626708984,33.470001220703125,32.75,33.470001220703125,24.550018310546875,400,,,,,,,,
2021-01-25,33.060001373291016,35.2599983215332,33.060001373291016,34.5,25.305509567260742,1600,,,,,,,,
2021-01-26,33.560001373291016,33.560001373291016,33.560001373291016,33.560001373291016,24.616037368774414,100,,,,,,,,
2021-01-27,34.29999923706055,34.29999923706055,34.29999923706055,34.29999923706055,25.158815383911133,2100,,,,,,,,
2021-01-28,34.29999923706055,34.29999923706055,34.29999923706055,34.29999923706055,25.158815383911133,0,,,,,,,,
2021-01-29,34.29999923706055,34.29999923706055,34.29999923706055,34.29999923706055,25.158815383911133,0,,,,,,,,
2021-02-01,34.29999923706055,34.29999923706055,34.29999923706055,34.29999923706055,25.158815383911133,0,,,,,,,,
2021-02-02,34.29999923706055,34.29999923706055,34.29999923706055,34.29999923706055,25.158815383911133,0,,,,,,,,
2021-02-03,31.520000457763672,31.520000457763672,31.520000457763672,31.520000457763672,23.119705200195312,200,,,,,,,,
2021-02-04,33.439998626708984,33.959999084472656,33.439998626708984,33.66999816894531,24.69671630859375,700,,,,,,,,
2021-02-05,34.91999816894531,34.91999816894531,33.540000915527344,33.540000915527344,24.601362228393555,400,,,,,,,,
2021-02-08,33.540000915527344,34.0,33.540000915527344,34.0,24.93876838684082,200,,,,,,,,
2021-02-09,35.029998779296875,35.81999969482422,35.029998779296875,35.81999969482422,26.273727416992188,1200,,,,,,,,
2021-02-10,35.81999969482422,35.81999969482422,35.81999969482422,35.81999969482422,26.273727416992188,0,,,,,,,,
2021-02-11,34.81999969482422,34.81999969482422,34.81999969482422,34.81999969482422,25.540233612060547,100,,,,,,,,
2021-02-12,35.33000183105469,35.33000183105469,34.650001525878906,34.650001525878906,25.415544509887695,400,,,,,,,,
2021-02-16,35.130001068115234,35.130001068115234,34.27000045776367,34.27000045776367,25.136812210083008,400,,,,,,,,
2021-02-17,32.880001068115234,32.880001068115234,32.880001068115234,32.880001068115234,24.117258071899414,200,,,,,,,,
2021-02-18,32.880001068115234,32.880001068115234,32.880001068115234,32.880001068115234,24.117258071899414,0,,,,,,,,
2021-02-19,32.880001068115234,32.880001068115234,32.880001068115234,32.880001068115234,24.117258071899414,0,,,,,,,,
2021-02-22,36.20000076293945,37.04999923706055,35.869998931884766,37.04999923706055,27.17592430114746,300,,,,,,,,
2021-02-23,37.04999923706055,37.04999923706055,37.04999923706055,37.04999923706055,27.17592430114746,0,,,,,,,,
2021-02-24,37.04999923706055,37.04999923706055,37.04999923706055,37.04999923706055,27.17592430114746,0,,,,,,,,
2021-02-25,36.880001068115234,37.02000045776367,36.04999923706055,36.04999923706055,26.442428588867188,3500,,,,,,,,
2021-02-26,36.22999954223633,36.22999954223633,36.22999954223633,36.22999954223633,26.574459075927734,1100,,,,,,,,
2021-03-01,36.22999954223633,36.22999954223633,36.22999954223633,36.22999954223633,26.574459075927734,0,,,,,,,,
2021-03-02,37.91999816894531,37.91999816894531,37.91999816894531,37.91999816894531,27.814058303833008,100,,,,,,,,
2021-03-03,37.91999816894531,37.91999816894531,37.91999816894531,37.91999816894531,27.814058303833008,0,,,,,,,,
2021-03-04,36.400001525878906,36.400001525878906,35.70000076293945,35.70000076293945,26.185701370239258,200,,,,,,,,
2021-03-05,35.70000076293945,35.70000076293945,35.70000076293945,35.70000076293945,26.185701370239258,0,,,,,,,,
2021-03-08,35.70000076293945,35.70000076293945,35.70000076293945,35.70000076293945,26.185701370239258,0,,,,,,,,
2021-03-09,35.70000076293945,35.70000076293945,35.70000076293945,35.70000076293945,26.185701370239258,0,,,,,,,,
2021-03-10,37.0099983215332,37.0099983215332,37.0099983215332,37.0099983215332,27.146581649780273,100,,,,,,,,
2021-03-11,36.7599983215332,36.7599983215332,36.72999954223633,36.72999954223633,27.087583541870117,800,,,,,,,,
2021-03-12,36.72999954223633,36.72999954223633,36.72999954223633,36.72999954223633,27.087583541870117,0,,,,,,,,
2021-03-15,37.9900016784668,37.9900016784668,37.9900016784668,37.9900016784668,28.01681137084961,300,,,,,,,,
2021-03-16,37.9900016784668,37.9900016784668,37.9900016784668,37.9900016784668,28.01681137084961,0,,,,,,,,
2021-03-17,38.27000045776367,38.43000030517578,38.27000045776367,38.43000030517578,28.34130859375,300,,,,,,,,
2021-03-18,39.47999954223633,39.47999954223633,39.47999954223633,39.47999954223633,29.115646362304688,100,,,,,,,,
2021-03-19,39.099998474121094,39.130001068115234,39.099998474121094,39.130001068115234,28.85753059387207,400,,,,,,,,
2021-03-22,39.279998779296875,39.279998779296875,39.279998779296875,39.279998779296875,28.968151092529297,200,,,,,,,,
2021-03-23,38.0,38.0,37.52000045776367,37.52000045776367,27.670196533203125,300,,,,,,,,
2021-03-24,36.88999938964844,36.88999938964844,36.88999938964844,36.88999938964844,27.20557975769043,100,,,,,,,,
2021-03-25,36.88999938964844,36.88999938964844,36.88999938964844,36.88999938964844,27.20557975769043,0,,,,,,,,
2021-03-26,36.88999938964844,36.88999938964844,36.88999938964844,36.88999938964844,27.20557975769043,0,,,,,,,,
2021-03-29,36.970001220703125,37.0,36.970001220703125,37.0,27.28670310974121,400,,,,,,,,
2021-03-30,36.88999938964844,36.88999938964844,36.88999938964844,36.88999938964844,27.20557975769043,200,,,,,,,,
2021-03-31,36.91999816894531,36.91999816894531,36.91999816894531,36.91999816894531,27.22770118713379,100,,,,,,,,
2021-04-01,36.91999816894531,36.91999816894531,36.91999816894531,36.91999816894531,27.22770118713379,0,,,,,,,,
2021-04-05,37.880001068115234,38.400001525878906,37.880001068115234,38.400001525878906,28.31917953491211,400,,,,,,,,
2021-04-06,37.65999984741211,40.0,37.65999984741211,40.0,29.49913787841797,900,,,,,,,,
2021-04-07,38.93000030517578,38.93000030517578,38.91999816894531,38.91999816894531,28.702659606933594,300,,,,,,,,
2021-04-08,38.91999816894531,38.91999816894531,38.91999816894531,38.91999816894531,28.702659606933594,0,,,,,,,,
2021-04-09,39.79999923706055,40.47999954223633,39.79999923706055,40.47999954223633,29.853124618530273,500,,,,,,,,
2021-04-12,40.38999938964844,40.4900016784668,39.16999816894531,39.16999816894531,28.88703155517578,400,,,,,,,,
2021-04-13,39.16999816894531,39.16999816894531,39.16999816894531,39.16999816894531,28.88703155517578,0,,,,,,,,
2021-04-14,39.16999816894531,39.16999816894531,39.16999816894531,39.16999816894531,28.88703155517578,0,,,,,,,,
2021-04-15,39.16999816894531,39.16999816894531,39.16999816894531,39.16999816894531,28.88703155517578,0,,,,,,,,
2021-04-16,40.5,40.5,40.36000061035156,40.36000061035156,29.764629364013672,300,,,,,,,,
2021-04-19,39.61000061035156,39.61000061035156,39.61000061035156,39.61000061035156,29.211519241333008,100,,,,,,,,
2021-04-20,39.369998931884766,39.400001525878906,39.369998931884766,39.400001525878906,29.056652069091797,200,,,,,,,,
2021-04-21,39.83000183105469,39.97999954223633,39.83000183105469,39.97999954223633,29.48438262939453,300,,,,,,,,
2021-04-22,39.97999954223633,39.97999954223633,39.97999954223633,39.97999954223633,29.48438262939453,0,,,,,,,,
2021-04-23,39.97999954223633,39.97999954223633,39.97999954223633,39.97999954223633,29.48438262939453,0,,,,,,,,
2021-04-26,39.97999954223633,39.97999954223633,39.97999954223633,39.97999954223633,29.48438262939453,0,,,,,,,,
2021-04-27,39.97999954223633,39.97999954223633,39.97999954223633,39.97999954223633,29.48438262939453,0,,,,,,,,
2021-04-28,42.25,44.72999954223633,42.25,44.72999954223633,32.98740005493164,400,,,,,,,,
2021-04-29,44.72999954223633,44.72999954223633,44.72999954223633,44.72999954223633,32.98740005493164,0,,,,,,,,
2021-04-30,44.72999954223633,44.72999954223633,44.72999954223633,44.72999954223633,32.98740005493164,0,,,,,,,,
2021-05-03,47.599998474121094,47.599998474121094,47.599998474121094,47.599998474121094,35.103965759277344,200,,,,,,,,
2021-05-04,47.400001525878906,47.400001525878906,45.5,47.150001525878906,34.77210235595703,900,,,,,,,,
2021-05-05,47.150001525878906,47.150001525878906,45.88999938964844,45.88999938964844,33.84288787841797,600,,,,,,,,
2021-05-06,45.88999938964844,45.88999938964844,45.88999938964844,45.88999938964844,33.84288787841797,0,,,,,,,,
2021-05-07,45.88999938964844,45.88999938964844,45.88999938964844,45.88999938964844,33.84288787841797,0,,,,,,,,
2021-05-10,47.380001068115234,47.380001068115234,47.380001068115234,47.380001068115234,34.94173049926758,100,,,,,,,,
2021-05-11,45.790000915527344,45.790000915527344,44.220001220703125,44.689998626708984,32.95790481567383,1900,,,,,,,,
2021-05-12,44.310001373291016,44.310001373291016,43.15999984741211,43.15999984741211,31.82956886291504,300,,,,,,,,
2021-05-13,42.959999084472656,42.959999084472656,42.959999084472656,42.959999084472656,31.682079315185547,200,,,,,,,,
2021-05-14,42.959999084472656,42.959999084472656,42.959999084472656,42.959999084472656,31.682079315185547,0,,,,,,,,
2021-05-17,42.959999084472656,42.959999084472656,42.959999084472656,42.959999084472656,31.682079315185547,0,,,,,,,,
2021-05-18,42.959999084472656,42.959999084472656,42.959999084472656,42.959999084472656,31.682079315185547,0,,,,,,,,
2021-05-19,42.959999084472656,42.959999084472656,42.959999084472656,42.959999084472656,31.682079315185547,0,,,,,,,,
2021-05-20,42.959999084472656,42.959999084472656,42.959999084472656,42.959999084472656,31.682079315185547,0,,,,,,,,
2021-05-21,43.79999923706055,43.79999923706055,43.79999923706055,43.79999923706055,32.30155944824219,200,,,,,,,,
2021-05-24,42.459999084472656,43.79999923706055,42.459999084472656,43.79999923706055,32.30155944824219,300,,,,,,,,
2021-05-25,43.77000045776367,43.77000045776367,43.77000045776367,43.77000045776367,32.2794303894043,600,,,,,,,,
2021-05-26,44.91999816894531,46.599998474121094,44.91999816894531,46.599998474121094,34.366493225097656,300,,,,,,,,
2021-05-27,48.08000183105469,48.5,47.380001068115234,47.380001068115234,34.94173049926758,2100,,,,,,,,
2021-05-28,45.720001220703125,45.93000030517578,45.720001220703125,45.90999984741211,34.02280044555664,400,,,,,,,,
2021-06-01,45.90999984741211,45.90999984741211,45.90999984741211,45.90999984741211,34.02280044555664,0,,,,,,,,
2021-06-02,46.4900016784668,46.959999084472656,46.31999969482422,46.959999084472656,34.80093002319336,800,,,,,,,,
2021-06-03,47.75,47.75,47.75,47.75,35.386375427246094,300,,,,,,,,
2021-06-04,47.75,47.75,47.75,47.75,35.386375427246094,0,,,,,,,,
2021-06-07,51.459999084472656,51.90999984741211,51.459999084472656,51.70000076293945,38.31362533569336,500,,,,,,,,
2021-06-08,51.70000076293945,51.70000076293945,51.70000076293945,51.70000076293945,38.31362533569336,0,,,,,,,,
2021-06-09,50.38999938964844,50.540000915527344,50.040000915527344,50.040000915527344,37.08343505859375,1200,,,,,,,,
2021-06-10,50.040000915527344,50.040000915527344,50.040000915527344,50.040000915527344,37.08343505859375,0,,,,,,,,
2021-06-11,50.040000915527344,50.040000915527344,50.040000915527344,50.040000915527344,37.08343505859375,0,,,,,,,,
2021-06-14,49.220001220703125,49.220001220703125,49.220001220703125,49.220001220703125,36.47576141357422,300,,,,,,,,
2021-06-15,49.220001220703125,49.220001220703125,49.220001220703125,49.220001220703125,36.47576141357422,0,,,,,,,,
2021-06-16,46.09000015258789,46.09000015258789,44.70000076293945,44.70000076293945,33.12609100341797,300,,,,,,,,
2021-06-17,43.849998474121094,43.849998474121094,42.470001220703125,42.470001220703125,31.47349739074707,300,,,,,,,,
2021-06-18,40.02000045776367,40.02000045776367,40.02000045776367,40.02000045776367,29.657854080200195,100,,,,,,,,
2021-06-21,40.52000045776367,40.52000045776367,40.52000045776367,40.52000045776367,30.02839469909668,100,,,,,,,,
2021-06-22,40.52000045776367,40.52000045776367,40.52000045776367,40.52000045776367,30.02839469909668,0,,,,,,,,
2021-06-23,40.91999816894531,40.91999816894531,40.91999816894531,40.91999816894531,30.324827194213867,100,,,,,,,,
2021-06-24,41.0,41.0,40.650001525878906,40.900001525878906,30.31000518798828,1100,,,,,,,,
2021-06-25,40.900001525878906,40.900001525878906,40.900001525878906,40.900001525878906,30.31000518798828,0,,,,,,,,
2021-06-28,42.619998931884766,43.099998474121094,42.619998931884766,43.0099983215332,31.87367820739746,1300,,,,,,,,
2021-06-29,43.0099983215332,43.0099983215332,43.0099983215332,43.0099983215332,31.87367820739746,0,,,,,,,,
2021-06-30,42.880001068115234,42.880001068115234,42.880001068115234,42.880001068115234,31.77733612060547,100,,,,,,,,
2021-07-01,43.029998779296875,43.029998779296875,43.029998779296875,43.029998779296875,31.888498306274414,100,,,,,,,,
2021-07-02,43.029998779296875,43.029998779296875,43.029998779296875,43.029998779296875,31.888498306274414,0,,,,,,,,
2021-07-06,43.029998779296875,43.029998779296875,43.029998779296875,43.029998779296875,31.888498306274414,0,,,,,,,,
2021-07-07,43.400001525878906,43.400001525878906,41.61000061035156,41.61000061035156,30.836164474487305,2100,,,,,,,,
2021-07-08,41.61000061035156,41.61000061035156,41.61000061035156,41.61000061035156,30.836164474487305,0,,,,,,,,
2021-07-09,41.61000061035156,41.61000061035156,41.61000061035156,41.61000061035156,30.836164474487305,0,,,,,,,,
2021-07-12,41.61000061035156,41.61000061035156,41.61000061035156,41.61000061035156,30.836164474487305,0,,,,,,,,
2021-07-13,42.15999984741211,42.15999984741211,42.15999984741211,42.15999984741211,31.243764877319336,500,,,,,,,,
2021-07-14,42.15999984741211,42.15999984741211,42.15999984741211,42.15999984741211,31.243764877319336,0,,,,,,,,
2021-07-15,41.599998474121094,41.599998474121094,40.88999938964844,40.88999938964844,30.302595138549805,500,,,,,,,,
2021-07-16,40.88999938964844,40.88999938964844,40.88999938964844,40.88999938964844,30.302595138549805,0,,,,,,,,
2021-07-19,40.88999938964844,40.88999938964844,40.88999938964844,40.88999938964844,30.302595138549805,0,,,,,,,,
2021-07-20,40.0,40.0,40.0,40.0,29.643037796020508,100,,,,,,,,
2021-07-21,39.310001373291016,39.310001373291016,39.310001373291016,39.310001373291016,29.131694793701172,100,,,,,,,,
2021-07-22,39.310001373291016,39.310001373291016,39.310001373291016,39.310001373291016,29.131694793701172,0,,,,,,,,
2021-07-23,39.06999969482422,39.06999969482422,38.119998931884766,38.119998931884766,28.249813079833984,200,,,,,,,,
2021-07-26,37.0,37.0,37.0,37.0,27.419809341430664,200,,,,,,,,
2021-07-27,37.0,37.0,37.0,37.0,27.419809341430664,0,,,,,,,,
2021-07-28,37.0,37.0,37.0,37.0,27.419809341430664,0,,,,,,,,
2021-07-29,37.0,37.0,37.0,37.0,27.419809341430664,0,,,,,,,,
2021-07-30,37.0,37.0,37.0,37.0,27.419809341430664,0,,,,,,,,
2021-08-02,37.0,37.0,37.0,37.0,27.419809341430664,0,,,,,,,,
2021-08-03,37.060001373291016,37.060001373291016,37.060001373291016,37.060001373291016,27.46427345275879,300,,,,,,,,
2021-08-04,37.060001373291016,37.060001373291016,37.060001373291016,37.060001373291016,27.46427345275879,0,,,,,,,,
2021-08-05,37.43000030517578,37.43000030517578,36.939998626708984,36.939998626708984,27.37534523010254,200,,,,,,,,
2021-08-06,36.939998626708984,36.939998626708984,36.939998626708984,36.939998626708984,27.37534523010254,0,,,,,,,,
2021-08-09,36.83000183105469,38.81999969482422,36.83000183105469,38.81999969482422,28.768571853637695,600,,,,,,,,
2021-08-10,39.27000045776367,39.27000045776367,39.27000045776367,39.27000045776367,29.102052688598633,100,,,,,,,,
2021-08-11,38.880001068115234,38.880001068115234,37.9900016784668,37.9900016784668,28.153480529785156,300,,,,,,,,
2021-08-12,37.9900016784668,37.9900016784668,37.9900016784668,37.9900016784668,28.153480529785156,0,,,,,,,,
2021-08-13,37.9900016784668,37.9900016784668,37.9900016784668,37.9900016784668,28.153480529785156,0,,,,,,,,
2021-08-16,38.0,38.0,38.0,38.0,28.160886764526367,100,,,,,,,,
2021-08-17,37.0,37.0,37.0,37.0,27.419809341430664,200,,,,,,,,
2021-08-18,36.36000061035156,36.36000061035156,35.45000076293945,35.45000076293945,26.271137237548828,300,,,,,,,,
2021-08-19,35.439998626708984,35.439998626708984,35.439998626708984,35.439998626708984,26.263729095458984,100,,,,,,,,
2021-08-20,35.439998626708984,35.439998626708984,35.439998626708984,35.439998626708984,26.4352970123291,0,,,,,,,,
2021-08-23,35.72999954223633,35.72999954223633,35.72999954223633,35.72999954223633,26.6516056060791,300,,,,,,,,
2021-08-24,35.72999954223633,35.72999954223633,35.72999954223633,35.72999954223633,26.6516056060791,0,,,,,,,,
2021-08-25,35.72999954223633,35.72999954223633,35.72999954223633,35.72999954223633,26.6516056060791,0,,,,,,,,
2021-08-26,35.72999954223633,35.72999954223633,35.72999954223633,35.72999954223633,26.6516056060791,0,,,,,,,,
2021-08-27,35.72999954223633,35.72999954223633,35.72999954223633,35.72999954223633,26.6516056060791,0,,,,,,,,
2021-08-30,35.72999954223633,35.72999954223633,35.72999954223633,35.72999954223633,26.6516056060791,0,,,,,,,,
2021-08-31,35.72999954223633,35.72999954223633,35.72999954223633,35.72999954223633,26.6516056060791,0,,,,,,,,
2021-09-01,35.7400016784668,36.75,35.7400016784668,36.75,27.41244125366211,600,,,,,,,,
2021-09-02,36.75,36.75,36.75,36.75,27.41244125366211,0,,,,,,,,
2021-09-03,36.75,36.75,36.75,36.75,27.41244125366211,0,,,,,,,,
2021-09-07,36.470001220703125,36.939998626708984,36.33000183105469,36.33000183105469,27.099159240722656,800,,,,,,,,
2021-09-08,36.63999938964844,37.349998474121094,35.95000076293945,36.529998779296875,27.24833869934082,1500,,,,,,,,
2021-09-09,36.95000076293945,37.61000061035156,36.31999969482422,36.31999969482422,27.091703414916992,800,,,,,,,,
2021-09-10,37.290000915527344,38.0,34.93000030517578,34.93000030517578,26.054872512817383,900,,,,,,,,
2021-09-13,33.599998474121094,33.599998474121094,33.599998474121094,33.599998474121094,25.06280517578125,800,,,,,,,,
2021-09-14,33.54999923706055,34.15999984741211,33.310001373291016,33.5,24.98821258544922,2200,,,,,,,,
2021-09-15,34.47999954223633,34.47999954223633,34.47999954223633,34.47999954223633,25.719215393066406,200,,,,,,,,
2021-09-16,34.47999954223633,34.47999954223633,34.47999954223633,34.47999954223633,25.719215393066406,0,,,,,,,,
2021-09-17,34.06999969482422,34.06999969482422,32.189998626708984,32.189998626708984,24.01106071472168,1800,,,,,,,,
2021-09-20,32.189998626708984,32.189998626708984,32.189998626708984,32.189998626708984,24.01106071472168,0,,,,,,,,
2021-09-21,34.16999816894531,34.16999816894531,33.900001525878906,33.900001525878906,25.28658103942871,600,,,,,,,,
2021-09-22,34.470001220703125,34.470001220703125,34.470001220703125,34.470001220703125,25.711755752563477,500,,,,,,,,
2021-09-23,35.900001525878906,35.900001525878906,35.900001525878906,35.900001525878906,26.778413772583008,200,,,,,,,,
2021-09-24,35.900001525878906,35.900001525878906,35.900001525878906,35.900001525878906,26.778413772583008,0,,,,,,,,
2021-09-27,36.869998931884766,36.869998931884766,36.869998931884766,36.869998931884766,27.501949310302734,200,,,,,,,,
2021-09-28,36.869998931884766,36.869998931884766,36.869998931884766,36.869998931884766,27.501949310302734,0,,,,,,,,
2021-09-29,35.9900016784668,35.9900016784668,35.9900016784668,35.9900016784668,26.845544815063477,100,,,,,,,,
2021-09-30,35.9900016784668,35.9900016784668,35.9900016784668,35.9900016784668,26.845544815063477,0,,,,,,,,
2021-10-01,35.9900016784668,35.9900016784668,35.9900016784668,35.9900016784668,26.845544815063477,0,,,,,,,,
2021-10-04,35.75,35.75,35.75,35.75,26.666519165039062,200,,,,,,,,
2021-10-05,33.220001220703125,33.220001220703125,33.220001220703125,33.220001220703125,24.779359817504883,200,,,,,,,,
2021-10-06,33.220001220703125,33.220001220703125,33.220001220703125,33.220001220703125,24.779359817504883,0,,,,,,,,
2021-10-07,33.619998931884766,35.52000045776367,33.619998931884766,35.52000045776367,26.494966506958008,300,,,,,,,,
2021-10-08,34.970001220703125,34.970001220703125,34.970001220703125,34.970001220703125,26.084707260131836,100,,,,,,,,
2021-10-11,34.4900016784668,34.4900016784668,34.4900016784668,34.4900016784668,25.72667121887207,100,,,,,,,,
2021-10-12,34.02000045776367,34.02000045776367,34.02000045776367,34.02000045776367,25.3760929107666,100,,,,,,,,
2021-10-13,33.189998626708984,33.189998626708984,32.349998474121094,32.349998474121094,24.130407333374023,200,,,,,,,,
2021-10-14,31.959999084472656,32.79999923706055,31.959999084472656,32.79999923706055,24.466075897216797,200,,,,,,,,
2021-10-15,32.68000030517578,33.52000045776367,32.68000030517578,33.40999984741211,24.921079635620117,300,,,,,,,,
2021-10-18,32.709999084472656,33.630001068115234,32.709999084472656,32.97999954223633,24.60033416748047,4200,,,,,,,,
2021-10-19,33.09000015258789,33.09000015258789,33.09000015258789,33.09000015258789,24.682384490966797,300,,,,,,,,
2021-10-20,33.09000015258789,33.09000015258789,33.09000015258789,33.09000015258789,24.682384490966797,0,,,,,,,,
2021-10-21,33.09000015258789,33.09000015258789,33.09000015258789,33.09000015258789,24.682384490966797,0,,,,,,,,
2021-10-22,33.09000015258789,33.09000015258789,33.09000015258789,33.09000015258789,24.682384490966797,0,,,,,,,,
2021-10-25,33.0099983215332,34.150001525878906,33.0099983215332,34.150001525878906,25.473054885864258,500,,,,,,,,
2021-10-26,33.099998474121094,33.099998474121094,33.099998474121094,33.099998474121094,24.689842224121094,300,,,,,,,,
2021-10-27,31.770000457763672,31.770000457763672,31.770000457763672,31.770000457763672,23.697776794433594,200,,,,,,,,
2021-10-28,32.189998626708984,32.189998626708984,32.189998626708984,32.189998626708984,24.01106071472168,100,,,,,,,,
2021-10-29,28.969999313354492,28.969999313354492,27.729999542236328,28.280000686645508,21.094524383544922,2800,,,,,,,,
2021-11-01,28.739999771118164,30.770000457763672,28.739999771118164,30.770000457763672,22.951858520507812,700,,,,,,,,
2021-11-02,30.0,30.0,30.0,30.0,22.377504348754883,200,,,,,,,,
2021-11-03,30.290000915527344,32.04999923706055,30.290000915527344,32.04999923706055,23.90662956237793,900,,,,,,,,
2021-11-04,30.770000457763672,30.770000457763672,30.770000457763672,30.770000457763672,22.951858520507812,300,,,,,,,,
2021-11-05,30.770000457763672,30.770000457763672,30.770000457763672,30.770000457763672,22.951858520507812,0,,,,,,,,
2021-11-08,32.060001373291016,34.0,32.060001373291016,34.0,25.36117172241211,600,,,,,,,,
2021-11-09,35.400001525878906,35.400001525878906,35.0,35.0,26.107084274291992,1000,,,,,,,,
2021-11-10,35.63999938964844,36.029998779296875,35.220001220703125,35.220001220703125,26.27119255065918,1300,,,,,,,,
2021-11-11,35.060001373291016,35.060001373291016,35.060001373291016,35.060001373291016,26.15184783935547,200,,,,,,,,
2021-11-12,35.470001220703125,35.470001220703125,35.060001373291016,35.060001373291016,26.15184783935547,300,,,,,,,,
2021-11-15,34.849998474121094,35.220001220703125,34.04999923706055,34.04999923706055,25.398468017578125,1200,,,,,,,,
2021-11-16,34.04999923706055,34.04999923706055,34.04999923706055,34.04999923706055,25.398468017578125,0,,,,,,,,
2021-11-17,32.619998931884766,33.369998931884766,32.619998931884766,33.369998931884766,24.891239166259766,500,,,,,,,,
2021-11-18,33.880001068115234,34.0099983215332,32.86000061035156,32.86000061035156,24.51082992553711,2900,,,,,,,,
2021-11-19,32.86000061035156,32.86000061035156,32.86000061035156,32.86000061035156,26.209754943847656,0,,,,,,,,
2021-11-22,32.86000061035156,32.86000061035156,32.86000061035156,32.86000061035156,26.209754943847656,0,,,,,,,,
2021-11-23,32.86000061035156,32.86000061035156,32.86000061035156,32.86000061035156,26.209754943847656,0,,,,,,,,
2021-11-24,31.0,31.0,31.0,31.0,24.726181030273438,100,,,,,,,,
2021-11-26,31.0,31.0,31.0,31.0,24.726181030273438,0,,,,,,,,
2021-11-29,31.0,31.0,31.0,31.0,24.726181030273438,0,,,,,,,,
2021-11-30,31.0,31.0,31.0,31.0,24.726181030273438,0,,,,,,,,
2021-12-01,30.469999313354492,30.469999313354492,30.469999313354492,30.469999313354492,24.303443908691406,100,,,,,,,,
2021-12-02,30.399999618530273,30.399999618530273,30.399999618530273,30.399999618530273,24.24761390686035,100,,,,,,,,
2021-12-03,30.399999618530273,30.399999618530273,30.399999618530273,30.399999618530273,24.24761390686035,0,,,,,,,,
2021-12-06,30.399999618530273,30.399999618530273,30.399999618530273,30.399999618530273,24.24761390686035,0,,,,,,,,
2021-12-07,30.399999618530273,30.399999618530273,30.399999618530273,30.399999618530273,24.24761390686035,0,,,,,,,,
2021-12-08,31.260000228881836,31.260000228881836,31.260000228881836,31.260000228881836,24.933563232421875,200,,,,,,,,
2021-12-09,31.260000228881836,31.260000228881836,31.260000228881836,31.260000228881836,24.933563232421875,0,,,,,,,,
2021-12-10,31.260000228881836,31.260000228881836,31.260000228881836,31.260000228881836,24.933563232421875,0,,,,,,,,
2021-12-13,31.260000228881836,31.260000228881836,31.260000228881836,31.260000228881836,24.933563232421875,0,,,,,,,,
2021-12-14,31.260000228881836,31.260000228881836,31.260000228881836,31.260000228881836,24.933563232421875,0,,,,,,,,
2021-12-15,30.729999542236328,32.599998474121094,30.729999542236328,32.599998474121094,26.002368927001953,400,,,,,,,,
2021-12-16,32.099998474121094,32.38999938964844,32.099998474121094,32.38999938964844,25.834875106811523,400,,,,,,,,
2021-12-17,32.38999938964844,32.38999938964844,32.38999938964844,32.38999938964844,25.834875106811523,0,,,,,,,,
2021-12-20,31.670000076293945,31.670000076293945,29.719999313354492,29.719999313354492,23.705232620239258,400,,,,,,,,
2021-12-21,29.719999313354492,29.719999313354492,29.719999313354492,29.719999313354492,23.705232620239258,0,,,,,,,,
2021-12-22,29.719999313354492,29.719999313354492,29.719999313354492,29.719999313354492,23.705232620239258,0,,,,,,,,
2021-12-23,30.209999084472656,30.760000228881836,30.209999084472656,30.760000228881836,24.534753799438477,900,,,,,,,,
2021-12-27,30.290000915527344,30.290000915527344,30.290000915527344,30.290000915527344,24.159873962402344,100,,,,,,,,
2021-12-28,30.68000030517578,30.690000534057617,30.329999923706055,30.329999923706055,24.19178009033203,700,,,,,,,,
2021-12-29,30.329999923706055,30.329999923706055,30.329999923706055,30.329999923706055,24.19178009033203,0,,,,,,,,
2021-12-30,30.329999923706055,30.329999923706055,30.329999923706055,30.329999923706055,24.19178009033203,0,,,,,,,,
2021-12-31,30.329999923706055,30.329999923706055,30.329999923706055,30.329999923706055,24.19178009033203,0,,,,,,,,
2022-01-03,30.729999542236328,30.729999542236328,30.719999313354492,30.719999313354492,24.502851486206055,300,,,,,,,,
2022-01-04,30.719999313354492,30.719999313354492,30.719999313354492,30.719999313354492,24.502851486206055,0,,,,,,,,
2022-01-05,30.719999313354492,30.719999313354492,30.719999313354492,30.719999313354492,24.502851486206055,0,,,,,,,,
2022-01-06,30.719999313354492,30.719999313354492,30.719999313354492,30.719999313354492,24.502851486206055,0,,,,,,,,
2022-01-07,30.719999313354492,30.719999313354492,30.719999313354492,30.719999313354492,24.502851486206055,0,,,,,,,,
2022-01-10,30.719999313354492,30.719999313354492,30.719999313354492,30.719999313354492,24.502851486206055,0,,,,,,,,
2022-01-11,30.719999313354492,30.719999313354492,30.719999313354492,30.719999313354492,24.502851486206055,0,,,,,,,,
2022-01-12,30.719999313354492,30.719999313354492,30.719999313354492,30.719999313354492,24.502851486206055,0,,,,,,,,
2022-01-13,30.719999313354492,30.719999313354492,30.719999313354492,30.719999313354492,24.502851486206055,0,,,,,,,,
2022-01-14,30.719999313354492,30.719999313354492,30.719999313354492,30.719999313354492,24.502851486206055,0,,,,,,,,
2022-01-18,30.290000915527344,30.290000915527344,30.290000915527344,30.290000915527344,24.159873962402344,100,,,,,,,,
2022-01-19,30.290000915527344,30.290000915527344,30.290000915527344,30.290000915527344,24.159873962402344,0,,,,,,,,
2022-01-20,29.959999084472656,29.959999084472656,29.190000534057617,29.190000534057617,23.282495498657227,300,,,,,,,,
2022-01-21,28.75,28.75,28.75,28.75,22.93153953552246,100,,,,,,,,
2022-01-24,28.75,28.75,28.75,28.75,22.93153953552246,0,,,,,,,,
2022-01-25,29.450000762939453,29.459999084472656,28.75,28.75,22.93153953552246,400,,,,,,,,
2022-01-26,28.75,28.75,28.75,28.75,22.93153953552246,0,,,,,,,,
2022-01-27,28.75,28.75,28.75,28.75,22.93153953552246,0,,,,,,,,
2022-01-28,28.75,28.75,28.75,28.75,22.93153953552246,0,,,,,,,,
2022-01-31,28.75,28.75,28.75,28.75,22.93153953552246,0,,,,,,,,
2022-02-01,29.43000030517578,29.719999313354492,28.90999984741211,29.719999313354492,23.705232620239258,2200,,,,,,,,
2022-02-02,29.440000534057617,29.440000534057617,29.440000534057617,29.440000534057617,23.48189926147461,100,,,,,,,,
2022-02-03,29.440000534057617,29.440000534057617,29.440000534057617,29.440000534057617,23.48189926147461,0,,,,,,,,
2022-02-04,29.440000534057617,29.440000534057617,29.440000534057617,29.440000534057617,23.48189926147461,0,,,,,,,,
2022-02-07,29.440000534057617,29.440000534057617,29.440000534057617,29.440000534057617,23.48189926147461,0,,,,,,,,
2022-02-08,29.440000534057617,29.440000534057617,29.440000534057617,29.440000534057617,23.48189926147461,0,,,,,,,,
2022-02-09,29.440000534057617,29.440000534057617,29.440000534057617,29.440000534057617,23.48189926147461,0,,,,,,,,
2022-02-10,29.440000534057617,29.440000534057617,29.440000534057617,29.440000534057617,23.48189926147461,0,,,,,,,,
2022-02-11,29.440000534057617,29.440000534057617,29.440000534057617,29.440000534057617,23.48189926147461,0,,,,,,,,
2022-02-14,29.010000228881836,29.010000228881836,29.010000228881836,29.010000228881836,23.1389217376709,100,,,,,,,,
2022-02-15,29.010000228881836,29.010000228881836,29.010000228881836,29.010000228881836,23.1389217376709,0,,,,,,,,
2022-02-16,30.1299991607666,30.1299991607666,29.049999237060547,29.049999237060547,23.170825958251953,600,,,,,,,,
2022-02-17,26.920000076293945,26.920000076293945,26.920000076293945,26.920000076293945,21.471895217895508,200,,,,,,,,
2022-02-18,27.25,27.899999618530273,27.25,27.899999618530273,22.25356101989746,300,,,,,,,,
2022-02-22,27.1200008392334,27.559999465942383,27.110000610351562,27.110000610351562,21.623445510864258,300,,,,,,,,
2022-02-23,26.649999618530273,27.0,26.649999618530273,27.0,21.535707473754883,900,,,,,,,,
2022-02-24,27.0,27.0,27.0,27.0,21.535707473754883,0,,,,,,,,
2022-02-25,27.219999313354492,27.739999771118164,26.34000015258789,27.43000030517578,21.87868309020996,1400,,,,,,,,
2022-02-28,28.530000686645508,28.530000686645508,28.530000686645508,28.530000686645508,22.756065368652344,200,,,,,,,,
2022-03-01,28.489999771118164,28.489999771118164,28.489999771118164,28.489999771118164,22.724159240722656,200,,,,,,,,
2022-03-02,28.489999771118164,28.489999771118164,28.489999771118164,28.489999771118164,22.724159240722656,0,,,,,,,,
2022-03-03,30.149999618530273,30.149999618530273,30.149999618530273,30.149999618530273,24.048206329345703,100,,,,,,,,
2022-03-04,30.149999618530273,30.149999618530273,30.149999618530273,30.149999618530273,24.048206329345703,0,,,,,,,,
2022-03-07,28.850000381469727,28.850000381469727,28.850000381469727,28.850000381469727,23.011302947998047,100,,,,,,,,
2022-03-08,28.709999084472656,28.709999084472656,28.709999084472656,28.709999084472656,22.899639129638672,300,,,,,,,,
2022-03-09,28.709999084472656,28.709999084472656,28.709999084472656,28.709999084472656,22.899639129638672,0,,,,,,,,
2022-03-10,28.270000457763672,28.270000457763672,28.270000457763672,28.270000457763672,22.73078155517578,200,,,,,,,,
2022-03-11,28.270000457763672,28.270000457763672,28.270000457763672,28.270000457763672,22.73078155517578,0,,,,,,,,
2022-03-14,28.799999237060547,29.989999771118164,28.799999237060547,29.989999771118164,24.11376190185547,400,,,,,,,,
2022-03-15,29.559999465942383,29.559999465942383,29.0,29.0,23.317747116088867,300,,,,,,,,
2022-03-16,29.0,29.0,29.0,29.0,23.317747116088867,0,,,,,,,,
2022-03-17,29.0,29.0,29.0,29.0,23.317747116088867,0,,,,,,,,
2022-03-18,29.0,29.0,29.0,29.0,23.317747116088867,0,,,,,,,,
2022-03-21,29.0,29.0,29.0,29.0,23.317747116088867,0,,,,,,,,
2022-03-22,29.0,29.0,29.0,29.0,23.317747116088867,0,,,,,,,,
2022-03-23,28.270000457763672,28.270000457763672,28.270000457763672,28.270000457763672,22.73078155517578,200,,,,,,,,
2022-03-24,28.270000457763672,28.270000457763672,28.270000457763672,28.270000457763672,22.73078155517578,0,,,,,,,,
2022-03-25,28.270000457763672,28.270000457763672,28.270000457763672,28.270000457763672,22.73078155517578,0,,,,,,,,
2022-03-28,28.270000457763672,28.270000457763672,28.270000457763672,28.270000457763672,22.73078155517578,0,,,,,,,,
2022-03-29,28.270000457763672,28.270000457763672,28.270000457763672,28.270000457763672,22.73078155517578,0,,,,,,,,
2022-03-30,28.270000457763672,28.270000457763672,28.270000457763672,28.270000457763672,22.73078155517578,0,,,,,,,,
2022-03-31,28.270000457763672,28.270000457763672,28.270000457763672,28.270000457763672,22.73078155517578,0,,,,,,,,
2022-04-01,28.270000457763672,28.270000457763672,28.270000457763672,28.270000457763672,22.73078155517578,0,,,,,,,,
2022-04-04,27.889999389648438,27.889999389648438,27.889999389648438,27.889999389648438,22.425241470336914,100,,,,,,,,
2022-04-05,27.889999389648438,27.889999389648438,27.889999389648438,27.889999389648438,22.425241470336914,0,,,,,,,,
2022-04-06,27.889999389648438,27.889999389648438,27.889999389648438,27.889999389648438,22.425241470336914,0,,,,,,,,
2022-04-07,27.889999389648438,27.889999389648438,27.889999389648438,27.889999389648438,22.425241470336914,0,,,,,,,,
2022-04-08,27.889999389648438,27.889999389648438,27.889999389648438,27.889999389648438,22.425241470336914,0,,,,,,,,
2022-04-11,27.889999389648438,27.889999389648438,27.889999389648438,27.889999389648438,22.425241470336914,0,,,,,,,,
2022-04-12,27.889999389648438,27.889999389648438,27.889999389648438,27.889999389648438,22.425241470336914,0,,,,,,,,
2022-04-13,27.889999389648438,27.889999389648438,27.889999389648438,27.889999389648438,22.425241470336914,0,,,,,,,,
2022-04-14,27.889999389648438,27.889999389648438,27.889999389648438,27.889999389648438,22.425241470336914,0,,,,,,,,
2022-04-18,27.889999389648438,27.889999389648438,27.889999389648438,27.889999389648438,22.425241470336914,0,,,,,,,,
2022-04-19,27.889999389648438,27.889999389648438,27.889999389648438,27.889999389648438,22.425241470336914,0,,,,,,,,
2022-04-20,27.110000610351562,27.110000610351562,27.110000610351562,27.110000610351562,21.798072814941406,100,,,,,,,,
2022-04-21,27.110000610351562,27.110000610351562,27.110000610351562,27.110000610351562,21.798072814941406,0,,,,,,,,
2022-04-22,27.110000610351562,27.110000610351562,27.110000610351562,27.110000610351562,21.798072814941406,0,,,,,,,,
2022-04-25,25.600000381469727,25.600000381469727,25.600000381469727,25.600000381469727,20.583942413330078,100,,,,,,,,
2022-04-26,25.600000381469727,25.600000381469727,25.600000381469727,25.600000381469727,20.583942413330078,0,,,,,,,,
2022-04-27,25.600000381469727,25.600000381469727,25.600000381469727,25.600000381469727,20.583942413330078,0,,,,,,,,
2022-04-28,25.600000381469727,25.600000381469727,25.600000381469727,25.600000381469727,20.583942413330078,0,,,,,,,,
2022-04-29,25.600000381469727,25.600000381469727,25.600000381469727,25.600000381469727,20.583942413330078,0,,,,,,,,
2022-05-02,25.3700008392334,25.3700008392334,24.68000030517578,24.68000030517578,19.844205856323242,500,,,,,,,,
2022-05-03,24.68000030517578,24.68000030517578,24.68000030517578,24.68000030517578,19.844205856323242,0,,,,,,,,
2022-05-04,25.0,25.0,25.0,25.0,20.101503372192383,200,,,,,,,,
2022-05-05,25.5,25.5,25.5,25.5,20.503538131713867,100,,,,,,,,
2022-05-06,27.350000381469727,27.6200008392334,27.350000381469727,27.540000915527344,22.143821716308594,1200,,,,,,,,
2022-05-09,27.540000915527344,27.540000915527344,27.540000915527344,27.540000915527344,22.143821716308594,0,,,,,,,,
2022-05-10,27.709999084472656,27.709999084472656,27.709999084472656,27.709999084472656,22.280508041381836,200,,,,,,,,
2022-05-11,27.709999084472656,27.709999084472656,27.709999084472656,27.709999084472656,22.280508041381836,0,,,,,,,,
2022-05-12,27.709999084472656,27.709999084472656,27.709999084472656,27.709999084472656,22.280508041381836,0,,,,,,,,
2022-05-13,27.709999084472656,27.709999084472656,27.709999084472656,27.709999084472656,22.280508041381836,0,,,,,,,,
2022-05-16,27.709999084472656,27.709999084472656,27.709999084472656,27.709999084472656,22.280508041381836,0,,,,,,,,
2022-05-17,27.709999084472656,27.709999084472656,27.709999084472656,27.709999084472656,22.280508041381836,0,,,,,,,,
2022-05-18,27.90999984741211,28.079999923706055,27.860000610351562,28.020000457763672,22.529767990112305,1100,,,,,,,,
2022-05-19,28.020000457763672,28.020000457763672,28.020000457763672,28.020000457763672,22.529767990112305,0,,,,,,,,
2022-05-20,28.020000457763672,28.020000457763672,28.020000457763672,28.020000457763672,22.529767990112305,0,,,,,,,,
2022-05-23,27.459999084472656,27.459999084472656,26.6299991607666,26.6299991607666,21.412126541137695,200,,,,,,,,
2022-05-24,26.0,26.299999237060547,26.0,26.299999237060547,21.14678192138672,300,,,,,,,,
2022-05-25,26.299999237060547,26.299999237060547,26.299999237060547,26.299999237060547,21.14678192138672,200,,,,,,,,
2022-05-26,28.709999084472656,29.260000228881836,28.709999084472656,29.260000228881836,23.526805877685547,500,,,,,,,,
2022-05-27,29.260000228881836,29.260000228881836,29.260000228881836,29.260000228881836,23.526805877685547,0,,,,,,,,
2022-05-31,29.260000228881836,29.260000228881836,29.260000228881836,29.260000228881836,23.526805877685547,0,,,,,,,,
2022-06-01,29.260000228881836,29.260000228881836,29.260000228881836,29.260000228881836,23.737735748291016,0,,,,,,,,
2022-06-02,27.719999313354492,27.719999313354492,27.719999313354492,27.719999313354492,22.48837661743164,100,,,,,,,,
2022-06-03,27.719999313354492,27.719999313354492,27.719999313354492,27.719999313354492,22.48837661743164,0,,,,,,,,
2022-06-06,27.110000610351562,27.110000610351562,27.110000610351562,27.110000610351562,21.993505477905273,100,,,,,,,,
2022-06-07,27.110000610351562,27.110000610351562,27.110000610351562,27.110000610351562,21.993505477905273,0,,,,,,,,
2022-06-08,27.110000610351562,27.110000610351562,27.110000610351562,27.110000610351562,21.993505477905273,0,,,,,,,,
2022-06-09,27.110000610351562,27.110000610351562,27.110000610351562,27.110000610351562,21.993505477905273,0,,,,,,,,
2022-06-10,27.110000610351562,27.110000610351562,27.110000610351562,27.110000610351562,21.993505477905273,0,,,,,,,,
2022-06-13,27.110000610351562,27.110000610351562,27.110000610351562,27.110000610351562,21.993505477905273,0,,,,,,,,
2022-06-14,26.309999465942383,26.309999465942383,26.309999465942383,26.309999465942383,21.344491958618164,100,,,,,,,,
2022-06-15,26.309999465942383,26.309999465942383,26.309999465942383,26.309999465942383,21.344491958618164,0,,,,,,,,
2022-06-16,26.15999984741211,26.15999984741211,24.549999237060547,24.549999237060547,19.916654586791992,300,,,,,,,,
2022-06-17,24.799999237060547,24.799999237060547,24.799999237060547,24.799999237060547,20.11947250366211,200,,,,,,,,
2022-06-21,24.799999237060547,24.799999237060547,24.799999237060547,24.799999237060547,20.11947250366211,0,,,,,,,,
2022-06-22,24.799999237060547,24.799999237060547,24.799999237060547,24.799999237060547,20.11947250366211,0,,,,,,,,
2022-06-23,24.799999237060547,24.799999237060547,24.799999237060547,24.799999237060547,20.11947250366211,0,,,,,,,,
2022-06-24,24.799999237060547,24.799999237060547,24.799999237060547,24.799999237060547,20.11947250366211,0,,,,,,,,
2022-06-27,24.799999237060547,24.799999237060547,24.799999237060547,24.799999237060547,20.11947250366211,0,,,,,,,,
2022-06-28,24.799999237060547,24.799999237060547,24.799999237060547,24.799999237060547,20.11947250366211,0,,,,,,,,
2022-06-29,24.799999237060547,24.799999237060547,24.799999237060547,24.799999237060547,20.11947250366211,0,,,,,,,,
2022-06-30,24.799999237060547,24.799999237060547,24.799999237060547,24.799999237060547,20.11947250366211,0,,,,,,,,
2022-07-01,24.799999237060547,24.799999237060547,24.799999237060547,24.799999237060547,20.11947250366211,0,,,,,,,,
2022-07-05,24.799999237060547,24.799999237060547,24.799999237060547,24.799999237060547,20.11947250366211,0,,,,,,,,
2022-07-06,24.799999237060547,24.799999237060547,24.799999237060547,24.799999237060547,20.11947250366211,0,,,,,,,,
2022-07-07,24.799999237060547,24.799999237060547,24.799999237060547,24.799999237060547,20.11947250366211,0,,,,,,,,
2022-07-08,24.799999237060547,24.799999237060547,24.799999237060547,24.799999237060547,20.11947250366211,0,,,,,,,,
2022-07-11,24.799999237060547,24.799999237060547,24.799999237060547,24.799999237060547,20.11947250366211,0,,,,,,,,
2022-07-12,24.799999237060547,24.799999237060547,24.799999237060547,24.799999237060547,20.11947250366211,0,,,,,,,,
2022-07-13,24.799999237060547,24.799999237060547,24.799999237060547,24.799999237060547,20.11947250366211,0,,,,,,,,
2022-07-14,24.799999237060547,24.799999237060547,24.799999237060547,24.799999237060547,20.11947250366211,0,,,,,,,,
2022-07-15,24.68000030517578,24.68000030517578,24.68000030517578,24.68000030517578,20.022119522094727,100,,,,,,,,
2022-07-18,24.68000030517578,24.68000030517578,24.68000030517578,24.68000030517578,20.022119522094727,0,,,,,,,,
2022-07-19,24.68000030517578,24.68000030517578,24.68000030517578,24.68000030517578,20.022119522094727,0,,,,,,,,
2022-07-20,24.68000030517578,24.68000030517578,24.68000030517578,24.68000030517578,20.022119522094727,0,,,,,,,,
2022-07-21,25.0,25.0,25.0,25.0,20.28172492980957,100,,,,,,,,
2022-07-22,26.219999313354492,26.219999313354492,26.219999313354492,26.219999313354492,21.271474838256836,100,,,,,,,,
2022-07-25,26.219999313354492,26.219999313354492,26.219999313354492,26.219999313354492,21.271474838256836,0,,,,,,,,
2022-07-26,25.90999984741211,25.90999984741211,25.899999618530273,25.899999618530273,21.01186752319336,500,,,,,,,,
2022-07-27,26.0,26.0,26.0,26.0,21.09299659729004,100,,,,,,,,
2022-07-28,26.0,26.0,26.0,26.0,21.09299659729004,0,,,,,,,,
2022-07-29,26.68000030517578,26.68000030517578,26.68000030517578,26.68000030517578,21.64466094970703,200,,,,,,,,
2022-08-01,26.68000030517578,26.68000030517578,26.68000030517578,26.68000030517578,21.64466094970703,0,,,,,,,,
2022-08-02,26.68000030517578,26.68000030517578,26.68000030517578,26.68000030517578,21.64466094970703,0,,,,,,,,
2022-08-03,26.670000076293945,29.360000610351562,26.670000076293945,29.360000610351562,23.81886100769043,600,,,,,,,,
2022-08-04,29.360000610351562,29.360000610351562,29.360000610351562,29.360000610351562,23.81886100769043,0,,,,,,,,
2022-08-05,28.969999313354492,29.09000015258789,28.969999313354492,29.09000015258789,23.59981918334961,200,,,,,,,,
2022-08-08,30.299999237060547,30.299999237060547,30.299999237060547,30.299999237060547,24.581453323364258,100,,,,,,,,
2022-08-09,30.299999237060547,30.299999237060547,30.299999237060547,30.299999237060547,24.581453323364258,0,,,,,,,,
2022-08-10,30.299999237060547,30.299999237060547,30.299999237060547,30.299999237060547,24.581453323364258,0,,,,,,,,
2022-08-11,30.299999237060547,30.299999237060547,30.299999237060547,30.299999237060547,24.581453323364258,0,,,,,,,,
2022-08-12,30.299999237060547,30.299999237060547,30.299999237060547,30.299999237060547,24.581453323364258,0,,,,,,,,
2022-08-15,29.059999465942383,31.149999618530273,29.059999465942383,31.149999618530273,25.271034240722656,400,,,,,,,,
2022-08-16,31.149999618530273,31.149999618530273,31.149999618530273,31.149999618530273,25.271034240722656,0,,,,,,,,
2022-08-17,31.149999618530273,31.149999618530273,31.149999618530273,31.149999618530273,25.271034240722656,0,,,,,,,,
2022-08-18,31.149999618530273,31.149999618530273,31.149999618530273,31.149999618530273,25.271034240722656,0,,,,,,,,
2022-08-19,30.260000228881836,30.260000228881836,30.260000228881836,30.260000228881836,24.755630493164062,100,,,,,,,,
2022-08-22,29.200000762939453,30.1200008392334,29.200000762939453,29.559999465942383,24.182960510253906,500,,,,,,,,
2022-08-23,29.559999465942383,29.559999465942383,29.559999465942383,29.559999465942383,24.182960510253906,0,,,,,,,,
2022-08-24,29.559999465942383,29.559999465942383,29.559999465942383,29.559999465942383,24.182960510253906,0,,,,,,,,
2022-08-25,29.559999465942383,29.559999465942383,29.559999465942383,29.559999465942383,24.182960510253906,0,,,,,,,,
2022-08-26,29.559999465942383,29.559999465942383,29.559999465942383,29.559999465942383,24.182960510253906,0,,,,,,,,
2022-08-29,29.0,29.0,29.0,29.0,23.724828720092773,100,,,,,,,,
2022-08-30,29.0,29.0,29.0,29.0,23.724828720092773,0,,,,,,,,
2022-08-31,29.0,29.0,29.0,29.0,23.724828720092773,0,,,,,,,,
2022-09-01,26.770000457763672,26.770000457763672,26.770000457763672,26.770000457763672,21.900470733642578,100,,,,,,,,
2022-09-02,26.770000457763672,26.770000457763672,26.770000457763672,26.770000457763672,21.900470733642578,0,,,,,,,,
2022-09-06,26.770000457763672,26.770000457763672,26.770000457763672,26.770000457763672,21.900470733642578,0,,,,,,,,
2022-09-07,26.770000457763672,26.770000457763672,26.770000457763672,26.770000457763672,21.900470733642578,0,,,,,,,,
2022-09-08,26.770000457763672,26.770000457763672,26.770000457763672,26.770000457763672,21.900470733642578,0,,,,,,,,
2022-09-09,26.770000457763672,26.770000457763672,26.770000457763672,26.770000457763672,21.900470733642578,0,,,,,,,,
2022-09-12,27.479999542236328,27.479999542236328,27.469999313354492,27.469999313354492,22.4731388092041,200,,,,,,,,
2022-09-13,27.389999389648438,27.389999389648438,26.709999084472656,26.709999084472656,21.851383209228516,200,,,,,,,,
2022-09-14,26.709999084472656,26.709999084472656,26.709999084472656,26.709999084472656,21.851383209228516,0,,,,,,,,
2022-09-15,26.709999084472656,26.709999084472656,26.709999084472656,26.709999084472656,21.851383209228516,0,,,,,,,,
2022-09-16,25.989999771118164,26.84000015258789,25.989999771118164,25.989999771118164,21.26235580444336,100,,,,,,,,
2022-09-19,25.989999771118164,25.989999771118164,25.989999771118164,25.989999771118164,21.26235580444336,0,,,,,,,,
2022-09-20,25.989999771118164,25.989999771118164,25.989999771118164,25.989999771118164,21.26235580444336,0,,,,,,,,
2022-09-21,25.989999771118164,25.989999771118164,25.989999771118164,25.989999771118164,21.26235580444336,0,,,,,,,,
2022-09-22,25.989999771118164,25.989999771118164,25.989999771118164,25.989999771118164,21.26235580444336,0,,,,,,,,
2022-09-23,25.989999771118164,25.989999771118164,25.989999771118164,25.989999771118164,21.26235580444336,0,,,,,,,,
2022-09-26,25.989999771118164,25.989999771118164,25.989999771118164,25.989999771118164,21.26235580444336,0,,,,,,,,
2022-09-27,25.5,25.5,25.5,25.5,20.861486434936523,100,,,,,,,,
2022-09-28,25.5,25.5,25.5,25.5,20.861486434936523,0,,,,,,,,
2022-09-29,25.5,25.5,25.5,25.5,20.861486434936523,0,,,,,,,,
2022-09-30,25.190000534057617,25.190000534057617,25.190000534057617,25.190000534057617,20.60787582397461,200,,,,,,,,
2022-10-03,25.190000534057617,25.190000534057617,25.190000534057617,25.190000534057617,20.60787582397461,0,,,,,,,,
2022-10-04,25.84000015258789,25.84000015258789,25.84000015258789,25.84000015258789,21.139638900756836,1000,,,,,,,,
2022-10-05,25.84000015258789,25.84000015258789,25.84000015258789,25.84000015258789,21.139638900756836,0,,,,,,,,
2022-10-06,25.84000015258789,25.84000015258789,25.84000015258789,25.84000015258789,21.139638900756836,0,,,,,,,,
2022-10-07,25.25,25.25,25.25,25.25,20.65696144104004,100,,,,,,,,
2022-10-10,25.25,25.25,25.25,25.25,20.65696144104004,0,,,,,,,,
2022-10-11,25.530000686645508,25.530000686645508,25.530000686645508,25.530000686645508,20.886030197143555,200,,,,,,,,
2022-10-12,25.530000686645508,25.530000686645508,25.530000686645508,25.530000686645508,20.886030197143555,0,,,,,,,,
2022-10-13,26.0,26.0,26.0,26.0,21.27053451538086,100,,,,,,,,
2022-10-14,26.0,26.0,26.0,26.0,21.27053451538086,0,,,,,,,,
2022-10-17,27.079999923706055,27.079999923706055,27.079999923706055,27.079999923706055,22.154085159301758,200,,,,,,,,
2022-10-18,26.90999984741211,26.90999984741211,26.690000534057617,26.690000534057617,21.835023880004883,400,,,,,,,,
2022-10-19,26.690000534057617,26.690000534057617,26.690000534057617,26.690000534057617,21.835023880004883,0,,,,,,,,
2022-10-20,26.690000534057617,26.690000534057617,26.690000534057617,26.690000534057617,21.835023880004883,0,,,,,,,,
2022-10-21,26.690000534057617,26.690000534057617,26.690000534057617,26.690000534057617,21.835023880004883,0,,,,,,,,
2022-10-24,26.079999923706055,26.360000610351562,25.700000762939453,26.360000610351562,21.56505012512207,800,,,,,,,,
2022-10-25,26.469999313354492,26.93000030517578,26.3799991607666,26.93000030517578,22.0313663482666,400,,,,,,,,
2022-10-26,27.1299991607666,27.1299991607666,26.84000015258789,26.84000015258789,21.957740783691406,700,,,,,,,,
2022-10-27,26.639999389648438,26.639999389648438,26.639999389648438,26.639999389648438,21.794118881225586,400,,,,,,,,
2022-10-28,27.40999984741211,27.959999084472656,27.299999237060547,27.610000610351562,22.587677001953125,1100,,,,,,,,
2022-10-31,27.40999984741211,27.40999984741211,27.040000915527344,27.040000915527344,22.121356964111328,700,,,,,,,,
2022-11-01,26.799999237060547,26.799999237060547,26.799999237060547,26.799999237060547,21.925012588500977,700,,,,,,,,
2022-11-02,26.799999237060547,26.799999237060547,26.799999237060547,26.799999237060547,21.925012588500977,0,,,,,,,,
2022-11-03,28.280000686645508,29.68000030517578,28.280000686645508,29.68000030517578,24.2811336517334,700,,,,,,,,
2022-11-04,30.0,30.0,30.0,30.0,24.54292869567871,100,,,,,,,,
2022-11-07,30.0,30.0,30.0,30.0,24.54292869567871,0,,,,,,,,
2022-11-08,31.0,31.0,31.0,31.0,25.361024856567383,200,,,,,,,,
2022-11-09,31.0,31.0,30.770000457763672,30.770000457763672,25.17286491394043,600,,,,,,,,
2022-11-10,30.770000457763672,30.770000457763672,30.770000457763672,30.770000457763672,25.17286491394043,0,,,,,,,,
2022-11-11,30.770000457763672,30.770000457763672,30.770000457763672,30.770000457763672,25.17286491394043,0,,,,,,,,
2022-11-14,30.770000457763672,30.770000457763672,30.770000457763672,30.770000457763672,25.17286491394043,0,,,,,,,,
2022-11-15,30.770000457763672,30.770000457763672,30.770000457763672,30.770000457763672,25.17286491394043,0,,,,,,,,
2022-11-16,32.77000045776367,32.77000045776367,32.27000045776367,32.27000045776367,26.400007247924805,200,,,,,,,,
2022-11-17,31.440000534057617,31.8799991607666,31.440000534057617,31.700000762939453,25.933691024780273,600,,,,,,,,
2022-11-18,31.700000762939453,31.700000762939453,31.700000762939453,31.700000762939453,25.933691024780273,0,,,,,,,,
2022-11-21,32.33000183105469,32.33000183105469,32.33000183105469,32.33000183105469,26.449094772338867,100,,,,,,,,
2022-11-22,32.79999923706055,33.31999969482422,32.77000045776367,32.77000045776367,26.809057235717773,1300,,,,,,,,
2022-11-23,32.77000045776367,32.77000045776367,32.77000045776367,32.77000045776367,26.809057235717773,0,,,,,,,,
2022-11-25,31.559999465942383,31.559999465942383,31.559999465942383,31.559999465942383,26.809053421020508,200,,,,,,,,
2022-11-28,30.290000915527344,30.559999465942383,30.030000686645508,30.559999465942383,25.959592819213867,1700,,,,,,,,
2022-11-29,30.0,30.3799991607666,30.0,30.3799991607666,25.806692123413086,1000,,,,,,,,
2022-11-30,30.3799991607666,30.3799991607666,30.3799991607666,30.3799991607666,25.806692123413086,0,,,,,,,,
2022-12-01,32.54999923706055,32.54999923706055,32.54999923706055,32.54999923706055,27.650026321411133,100,,,,,,,,
2022-12-02,32.54999923706055,32.54999923706055,32.54999923706055,32.54999923706055,27.650026321411133,0,,,,,,,,
2022-12-05,31.540000915527344,31.540000915527344,31.540000915527344,31.540000915527344,26.792068481445312,100,,,,,,,,
2022-12-06,31.540000915527344,31.540000915527344,31.540000915527344,31.540000915527344,26.792068481445312,100,,,,,,,,
2022-12-07,31.540000915527344,31.540000915527344,31.540000915527344,31.540000915527344,26.792068481445312,0,,,,,,,,
2022-12-08,31.540000915527344,31.540000915527344,31.540000915527344,31.540000915527344,26.792068481445312,0,,,,,,,,
2022-12-09,31.540000915527344,31.540000915527344,31.540000915527344,31.540000915527344,26.792068481445312,0,,,,,,,,
2022-12-12,31.540000915527344,31.540000915527344,31.540000915527344,31.540000915527344,26.792068481445312,0,,,,,,,,
2022-12-13,31.540000915527344,31.540000915527344,31.540000915527344,31.540000915527344,26.792068481445312,0,,,,,,,,
2022-12-14,31.540000915527344,31.540000915527344,31.540000915527344,31.540000915527344,26.792068481445312,0,,,,,,,,
2022-12-15,31.540000915527344,31.540000915527344,31.540000915527344,31.540000915527344,26.792068481445312,0,,,,,,,,
2022-12-16,31.719999313354492,31.719999313354492,31.719999313354492,31.719999313354492,26.94497299194336,100,,,,,,,,
2022-12-19,30.889999389648438,30.889999389648438,30.209999084472656,30.209999084472656,25.66227912902832,400,,,,,,,,
2022-12-20,30.209999084472656,30.209999084472656,30.209999084472656,30.209999084472656,25.66227912902832,0,,,,,,,,
2022-12-21,30.209999084472656,30.209999084472656,30.209999084472656,30.209999084472656,25.66227912902832,0,,,,,,,,
2022-12-22,30.209999084472656,30.209999084472656,30.209999084472656,30.209999084472656,25.66227912902832,0,,,,,,,,
2022-12-23,30.209999084472656,30.209999084472656,30.209999084472656,30.209999084472656,25.66227912902832,0,,,,,,,,
2022-12-27,30.709999084472656,30.709999084472656,30.709999084472656,30.709999084472656,26.087011337280273,300,,,,,,,,
2022-12-28,30.709999084472656,30.709999084472656,30.709999084472656,30.709999084472656,26.087011337280273,0,,,,,,,,
2022-12-29,30.709999084472656,30.709999084472656,30.709999084472656,30.709999084472656,26.087011337280273,0,,,,,,,,
2022-12-30,30.709999084472656,30.709999084472656,30.709999084472656,30.709999084472656,26.087011337280273,0,,,,,,,,
2023-01-03,30.489999771118164,30.489999771118164,30.489999771118164,30.489999771118164,25.90013313293457,500,,,,,,,,
2023-01-04,30.489999771118164,30.489999771118164,30.489999771118164,30.489999771118164,25.90013313293457,0,,,,,,,,
2023-01-05,30.5,30.5,30.5,30.5,25.90862464904785,200,,,,,,,,
2023-01-06,30.5,30.5,30.5,30.5,25.90862464904785,0,,,,,,,,
2023-01-09,30.5,30.5,30.5,30.5,25.90862464904785,0,,,,,,,,
2023-01-10,32.5,33.06999969482422,32.5,33.06999969482422,28.09174346923828,600,,,,,,,,
2023-01-11,33.5,33.5,33.5,33.5,28.457014083862305,300,,,,,,,,
2023-01-12,33.5,33.5,33.5,33.5,28.457014083862305,0,,,,,,,,
2023-01-13,34.939998626708984,34.939998626708984,34.0,34.0,28.881744384765625,300,,,,,,,,
2023-01-17,34.43000030517578,34.43000030517578,34.43000030517578,34.43000030517578,29.24701499938965,200,,,,,,,,
2023-01-18,35.220001220703125,35.220001220703125,35.220001220703125,35.220001220703125,29.918094635009766,200,,,,,,,,
2023-01-19,32.95000076293945,32.95000076293945,32.93000030517578,32.93000030517578,27.97281837463379,700,,,,,,,,
2023-01-20,32.93000030517578,32.93000030517578,32.93000030517578,32.93000030517578,27.97281837463379,0,,,,,,,,
2023-01-23,32.93000030517578,32.93000030517578,32.93000030517578,32.93000030517578,27.97281837463379,0,,,,,,,,
2023-01-24,32.93000030517578,32.93000030517578,32.93000030517578,32.93000030517578,27.97281837463379,0,,,,,,,,
2023-01-25,32.93000030517578,32.93000030517578,32.93000030517578,32.93000030517578,27.97281837463379,0,,,,,,,,
2023-01-26,32.93000030517578,32.93000030517578,32.93000030517578,32.93000030517578,27.97281837463379,0,,,,,,,,
2023-01-27,32.93000030517578,32.93000030517578,32.93000030517578,32.93000030517578,27.97281837463379,0,,,,,,,,
2023-01-30,32.93000030517578,32.93000030517578,32.93000030517578,32.93000030517578,27.97281837463379,0,,,,,,,,
2023-01-31,34.349998474121094,34.349998474121094,34.349998474121094,34.349998474121094,29.17905616760254,500,,,,,,,,
2023-02-01,35.83000183105469,35.83000183105469,34.83000183105469,34.83000183105469,29.586803436279297,900,,,,,,,,
2023-02-02,35.15999984741211,36.27000045776367,35.15999984741211,36.27000045776367,30.810026168823242,300,,,,,,,,
2023-02-03,36.27000045776367,36.27000045776367,36.27000045776367,36.27000045776367,30.810026168823242,0,,,,,,,,
2023-02-06,36.27000045776367,36.27000045776367,36.27000045776367,36.27000045776367,30.810026168823242,0,,,,,,,,
2023-02-07,36.27000045776367,36.27000045776367,36.27000045776367,36.27000045776367,30.810026168823242,0,,,,,,,,
2023-02-08,36.27000045776367,36.27000045776367,36.27000045776367,36.27000045776367,30.810026168823242,0,,,,,,,,
2023-02-09,36.27000045776367,36.27000045776367,36.27000045776367,36.27000045776367,30.810026168823242,0,,,,,,,,
2023-02-10,36.27000045776367,36.27000045776367,36.27000045776367,36.27000045776367,30.810026168823242,0,,,,,,,,
2023-02-13,36.27000045776367,36.27000045776367,36.27000045776367,36.27000045776367,30.810026168823242,0,,,,,,,,
2023-02-14,36.27000045776367,36.27000045776367,36.27000045776367,36.27000045776367,30.810026168823242,0,,,,,,,,
2023-02-15,36.27000045776367,36.27000045776367,36.27000045776367,36.27000045776367,30.810026168823242,0,,,,,,,,
2023-02-16,36.97999954223633,36.97999954223633,36.97999954223633,36.97999954223633,31.41314697265625,100,,,,,,,,
2023-02-17,36.97999954223633,36.97999954223633,36.97999954223633,36.97999954223633,31.41314697265625,0,,,,,,,,
2023-02-21,36.15999984741211,36.15999984741211,34.95000076293945,35.0,29.7312068939209,400,,,,,,,,
2023-02-22,37.619998931884766,37.619998931884766,37.619998931884766,37.619998931884766,31.956798553466797,800,,,,,,,,
2023-02-23,37.560001373291016,37.560001373291016,37.560001373291016,37.560001373291016,31.905834197998047,200,,,,,,,,
2023-02-24,37.560001373291016,37.560001373291016,37.560001373291016,37.560001373291016,31.905834197998047,0,,,,,,,,
2023-02-27,37.560001373291016,37.560001373291016,37.560001373291016,37.560001373291016,31.905834197998047,0,,,,,,,,
2023-02-28,37.560001373291016,37.560001373291016,37.560001373291016,37.560001373291016,31.905834197998047,0,,,,,,,,
2023-03-01,37.560001373291016,37.560001373291016,37.560001373291016,37.560001373291016,31.905834197998047,0,,,,,,,,
2023-03-02,36.150001525878906,37.09000015258789,36.150001525878906,37.09000015258789,31.506589889526367,700,,,,,,,,
2023-03-03,37.09000015258789,37.09000015258789,37.09000015258789,37.09000015258789,31.506589889526367,0,,,,,,,,
2023-03-06,37.09000015258789,37.09000015258789,37.09000015258789,37.09000015258789,31.506589889526367,0,,,,,,,,
2023-03-07,37.09000015258789,37.09000015258789,37.09000015258789,37.09000015258789,31.506589889526367,0,,,,,,,,
2023-03-08,37.09000015258789,37.09000015258789,37.09000015258789,37.09000015258789,31.506589889526367,0,,,,,,,,
2023-03-09,37.09000015258789,37.09000015258789,37.09000015258789,37.09000015258789,31.7290096282959,0,,,,,,,,
2023-03-10,32.0099983215332,32.0099983215332,32.0099983215332,32.0099983215332,27.383268356323242,600,,,,,,,,
2023-03-13,32.0099983215332,32.0099983215332,32.0099983215332,32.0099983215332,27.383268356323242,0,,,,,,,,
2023-03-14,32.0099983215332,32.0099983215332,32.0099983215332,32.0099983215332,27.383268356323242,100,,,,,,,,
2023-03-15,32.0099983215332,32.0099983215332,32.0099983215332,32.0099983215332,27.383268356323242,0,,,,,,,,
2023-03-16,32.0099983215332,32.0099983215332,32.0099983215332,32.0099983215332,27.383268356323242,0,,,,,,,,
2023-03-17,31.459999084472656,31.459999084472656,31.459999084472656,31.459999084472656,26.912765502929688,100,,,,,,,,
2023-03-20,32.34000015258789,32.34000015258789,32.34000015258789,32.34000015258789,27.665571212768555,600,,,,,,,,
2023-03-21,32.34000015258789,32.34000015258789,32.34000015258789,32.34000015258789,27.665571212768555,0,,,,,,,,
2023-03-22,32.34000015258789,32.34000015258789,32.34000015258789,32.34000015258789,27.665571212768555,0,,,,,,,,
2023-03-23,32.34000015258789,32.34000015258789,32.34000015258789,32.34000015258789,27.665571212768555,0,,,,,,,,
2023-03-24,32.34000015258789,32.34000015258789,32.34000015258789,32.34000015258789,27.665571212768555,0,,,,,,,,
2023-03-27,31.450000762939453,31.450000762939453,31.450000762939453,31.450000762939453,26.904212951660156,100,,,,,,,,
2023-03-28,30.950000762939453,30.950000762939453,30.950000762939453,30.950000762939453,26.476484298706055,500,,,,,,,,
2023-03-29,32.59000015258789,32.59000015258789,32.59000015258789,32.59000015258789,27.879438400268555,100,,,,,,,,
2023-03-30,33.02000045776367,33.02000045776367,32.0,32.0,27.374717712402344,400,,,,,,,,
2023-03-31,32.0,32.0,32.0,32.0,27.374717712402344,0,,,,,,,,
2023-04-03,32.0,32.0,32.0,32.0,27.374717712402344,500,,,,,,,,
2023-04-04,31.190000534057617,31.190000534057617,31.190000534057617,31.190000534057617,26.681793212890625,300,,,,,,,,
2023-04-05,31.190000534057617,31.190000534057617,31.190000534057617,31.190000534057617,26.681793212890625,0,,,,,,,,
2023-04-06,31.190000534057617,31.190000534057617,31.190000534057617,31.190000534057617,26.681793212890625,0,,,,,,,,
2023-04-10,32.40999984741211,32.40999984741211,32.40999984741211,32.40999984741211,27.72545623779297,200,,,,,,,,
2023-04-11,31.940000534057617,31.940000534057617,31.940000534057617,31.940000534057617,27.32339096069336,100,,,,,,,,
2023-04-12,31.940000534057617,31.940000534057617,31.940000534057617,31.940000534057617,27.32339096069336,0,,,,,,,,
2023-04-13,31.940000534057617,31.940000534057617,31.940000534057617,31.940000534057617,27.32339096069336,0,,,,,,,,
2023-04-14,31.940000534057617,31.940000534057617,31.940000534057617,31.940000534057617,27.32339096069336,0,,,,,,,,
2023-04-17,31.940000534057617,31.940000534057617,31.940000534057617,31.940000534057617,27.32339096069336,0,,,,,,,,
2023-04-18,31.940000534057617,31.940000534057617,31.940000534057617,31.940000534057617,27.32339096069336,0,,,,,,,,
2023-04-19,31.940000534057617,31.940000534057617,31.940000534057617,31.940000534057617,27.32339096069336,0,,,,,,,,
2023-04-20,31.940000534057617,31.940000534057617,31.940000534057617,31.940000534057617,27.32339096069336,0,,,,,,,,
2023-04-21,31.25,31.25,31.25,31.25,26.733121871948242,300,,,,,,,,
2023-04-24,30.469999313354492,30.469999313354492,30.469999313354492,30.469999313354492,26.065858840942383,100,,,,,,,,
2023-04-25,30.469999313354492,30.469999313354492,30.469999313354492,30.469999313354492,26.065858840942383,0,,,,,,,,
2023-04-26,30.469999313354492,30.469999313354492,30.469999313354492,30.469999313354492,26.065858840942383,0,,,,,,,,
2023-04-27,30.469999313354492,30.469999313354492,30.469999313354492,30.469999313354492,26.065858840942383,0,,,,,,,,
2023-04-28,30.469999313354492,30.469999313354492,30.469999313354492,30.469999313354492,26.065858840942383,0,,,,,,,,
2023-05-01,29.850000381469727,29.850000381469727,29.850000381469727,29.850000381469727,25.535476684570312,300,,,,,,,,
2023-05-02,29.850000381469727,29.850000381469727,29.850000381469727,29.850000381469727,25.535476684570312,0,,,,,,,,
2023-05-03,29.850000381469727,29.850000381469727,29.850000381469727,29.850000381469727,25.535476684570312,0,,,,,,,,
2023-05-04,26.149999618530273,26.149999618530273,26.139999389648438,26.139999389648438,22.36172103881836,400,,,,,,,,
2023-05-05,26.139999389648438,26.139999389648438,26.139999389648438,26.139999389648438,22.36172103881836,0,,,,,,,,
2023-05-08,26.139999389648438,26.139999389648438,26.139999389648438,26.139999389648438,22.36172103881836,0,,,,,,,,
2023-05-09,26.139999389648438,26.139999389648438,26.139999389648438,26.139999389648438,22.36172103881836,0,,,,,,,,
2023-05-10,26.139999389648438,26.139999389648438,26.139999389648438,26.139999389648438,22.36172103881836,0,,,,,,,,
2023-05-11,26.139999389648438,26.139999389648438,26.139999389648438,26.139999389648438,22.36172103881836,0,,,,,,,,
2023-05-12,26.139999389648438,26.139999389648438,26.139999389648438,26.139999389648438,22.36172103881836,0,,,,,,,,
2023-05-15,26.139999389648438,26.139999389648438,26.139999389648438,26.139999389648438,22.36172103881836,0,,,,,,,,
2023-05-16,26.139999389648438,26.139999389648438,26.139999389648438,26.139999389648438,22.36172103881836,0,,,,,,,,
2023-05-17,26.139999389648438,26.139999389648438,26.139999389648438,26.139999389648438,22.36172103881836,0,,,,,,,,
2023-05-18,26.139999389648438,26.139999389648438,26.139999389648438,26.139999389648438,22.36172103881836,0,,,,,,,,
2023-05-19,26.139999389648438,26.139999389648438,26.139999389648438,26.139999389648438,22.36172103881836,0,,,,,,,,
2023-05-22,26.139999389648438,26.139999389648438,26.139999389648438,26.139999389648438,22.36172103881836,0,,,,,,,,
2023-05-23,26.139999389648438,26.139999389648438,26.139999389648438,26.139999389648438,22.36172103881836,0,,,,,,,,
2023-05-24,26.139999389648438,26.139999389648438,26.139999389648438,26.139999389648438,22.36172103881836,0,,,,,,,,
2023-05-25,26.139999389648438,26.139999389648438,26.139999389648438,26.139999389648438,22.36172103881836,0,,,,,,,,
2023-05-26,26.139999389648438,26.139999389648438,26.139999389648438,26.139999389648438,22.36172103881836,0,,,,,,,,
2023-05-30,26.139999389648438,26.139999389648438,26.139999389648438,26.139999389648438,22.36172103881836,0,,,,,,,,
2023-05-31,26.139999389648438,26.139999389648438,26.139999389648438,26.139999389648438,22.36172103881836,0,,,,,,,,
2023-06-01,26.139999389648438,26.139999389648438,26.139999389648438,26.139999389648438,22.36172103881836,0,,,,,,,,
2023-06-02,26.559999465942383,26.600000381469727,26.559999465942383,26.600000381469727,22.75523567199707,400,,,,,,,,
2023-06-05,26.639999389648438,26.639999389648438,26.559999465942383,26.559999465942383,22.962724685668945,300,,,,,,,,
2023-06-06,27.450000762939453,27.450000762939453,27.360000610351562,27.360000610351562,23.654376983642578,2200,,,,,,,,
2023-06-07,28.18000030517578,28.18000030517578,28.18000030517578,28.18000030517578,24.36331558227539,100,,,,,,,,
2023-06-08,28.18000030517578,28.18000030517578,28.18000030517578,28.18000030517578,24.36331558227539,0,,,,,,,,
2023-06-09,28.18000030517578,28.18000030517578,28.18000030517578,28.18000030517578,24.36331558227539,0,,,,,,,,
2023-06-12,28.309999465942383,28.309999465942383,28.309999465942383,28.309999465942383,24.475706100463867,100,,,,,,,,
2023-06-13,28.309999465942383,28.309999465942383,28.309999465942383,28.309999465942383,24.475706100463867,0,,,,,,,,
2023-06-14,28.309999465942383,28.309999465942383,28.309999465942383,28.309999465942383,24.475706100463867,0,,,,,,,,
2023-06-15,28.790000915527344,28.790000915527344,28.790000915527344,28.790000915527344,24.890695571899414,100,,,,,,,,
2023-06-16,28.790000915527344,28.790000915527344,28.790000915527344,28.790000915527344,24.890695571899414,0,,,,,,,,
2023-06-20,28.81999969482422,28.81999969482422,28.81999969482422,28.81999969482422,24.91663360595703,100,,,,,,,,
2023-06-21,28.25,28.25,28.25,28.25,24.4238338470459,100,,,,,,,,
2023-06-22,28.25,28.25,28.25,28.25,24.4238338470459,0,,,,,,,,
2023-06-23,28.190000534057617,28.190000534057617,28.190000534057617,28.190000534057617,24.37196159362793,100,,,,,,,,
2023-06-26,28.190000534057617,28.190000534057617,28.190000534057617,28.190000534057617,24.37196159362793,0,,,,,,,,
2023-06-27,28.190000534057617,28.190000534057617,28.190000534057617,28.190000534057617,24.37196159362793,0,,,,,,,,
2023-06-28,28.190000534057617,28.190000534057617,28.190000534057617,28.190000534057617,24.37196159362793,0,,,,,,,,
2023-06-29,28.190000534057617,28.190000534057617,28.190000534057617,28.190000534057617,24.37196159362793,0,,,,,,,,
2023-06-30,28.190000534057617,28.190000534057617,28.190000534057617,28.190000534057617,24.37196159362793,0,,,,,,,,
2023-07-03,28.190000534057617,28.190000534057617,28.190000534057617,28.190000534057617,24.37196159362793,0,,,,,,,,
2023-07-05,28.190000534057617,28.190000534057617,28.190000534057617,28.190000534057617,24.37196159362793,0,,,,,,,,
2023-07-06,28.190000534057617,28.190000534057617,28.190000534057617,28.190000534057617,24.37196159362793,0,,,,,,,,
2023-07-07,28.190000534057617,28.190000534057617,28.190000534057617,28.190000534057617,24.37196159362793,0,,,,,,,,
2023-07-10,28.190000534057617,28.190000534057617,28.190000534057617,28.190000534057617,24.37196159362793,0,,,,,,,,
2023-07-11,31.649999618530273,32.15999984741211,31.649999618530273,32.0,27.665937423706055,1300,,,,,,,,
2023-07-12,32.0,32.0,32.0,32.0,27.665937423706055,0,,,,,,,,
2023-07-13,32.0,32.0,32.0,32.0,27.665937423706055,0,,,,,,,,
2023-07-14,32.0,32.0,32.0,32.0,27.665937423706055,0,,,,,,,,
2023-07-17,32.0,32.0,32.0,32.0,27.665937423706055,0,,,,,,,,
2023-07-18,31.90999984741211,31.90999984741211,31.90999984741211,31.90999984741211,27.588125228881836,100,,,,,,,,
2023-07-19,33.0,33.0,33.0,33.0,28.530494689941406,100,,,,,,,,
2023-07-20,33.0,33.0,33.0,33.0,28.530494689941406,0,,,,,,,,
2023-07-21,33.0,33.0,33.0,33.0,28.530494689941406,0,,,,,,,,
2023-07-24,33.0,33.0,33.0,33.0,28.530494689941406,0,,,,,,,,
2023-07-25,33.0,33.0,33.0,33.0,28.530494689941406,0,,,,,,,,
2023-07-26,33.0,33.0,33.0,33.0,28.530494689941406,0,,,,,,,,
2023-07-27,34.0,34.0,34.0,34.0,29.395057678222656,100,,,,,,,,
2023-07-28,34.0,34.0,34.0,34.0,29.395057678222656,0,,,,,,,,
2023-07-31,35.54999923706055,35.54999923706055,35.54999923706055,35.54999923706055,30.735122680664062,400,,,,,,,,
2023-08-01,34.83000183105469,34.83000183105469,34.83000183105469,34.83000183105469,30.112640380859375,300,,,,,,,,
2023-08-02,34.189998626708984,34.189998626708984,34.189998626708984,34.189998626708984,29.559322357177734,200,,,,,,,,
2023-08-03,34.189998626708984,34.189998626708984,34.189998626708984,34.189998626708984,29.559322357177734,0,,,,,,,,
2023-08-04,34.189998626708984,34.189998626708984,34.189998626708984,34.189998626708984,29.559322357177734,0,,,,,,,,
2023-08-07,34.189998626708984,34.189998626708984,34.189998626708984,34.189998626708984,29.559322357177734,0,,,,,,,,
2023-08-08,34.189998626708984,34.189998626708984,34.189998626708984,34.189998626708984,29.559322357177734,0,,,,,,,,
2023-08-09,34.189998626708984,34.189998626708984,34.189998626708984,34.189998626708984,29.559322357177734,0,,,,,,,,
2023-08-10,34.189998626708984,34.189998626708984,34.189998626708984,34.189998626708984,29.559322357177734,0,,,,,,,,
2023-08-11,34.189998626708984,34.189998626708984,34.189998626708984,34.189998626708984,29.559322357177734,0,,,,,,,,
2023-08-14,34.189998626708984,34.189998626708984,34.189998626708984,34.189998626708984,29.559322357177734,0,,,,,,,,
2023-08-15,34.189998626708984,34.189998626708984,34.189998626708984,34.189998626708984,29.559322357177734,0,,,,,,,,
2023-08-16,34.189998626708984,34.189998626708984,34.189998626708984,34.189998626708984,29.559322357177734,0,,,,,,,,
2023-08-17,34.189998626708984,34.189998626708984,34.189998626708984,34.189998626708984,29.559322357177734,0,,,,,,,,
2023-08-18,34.189998626708984,34.189998626708984,34.189998626708984,34.189998626708984,29.559322357177734,0,,,,,,,,
2023-08-21,34.189998626708984,34.189998626708984,34.189998626708984,34.189998626708984,29.559322357177734,0,,,,,,,,
2023-08-22,31.350000381469727,31.350000381469727,31.350000381469727,31.350000381469727,27.103973388671875,200,,,,,,,,
2023-08-23,31.350000381469727,31.350000381469727,31.350000381469727,31.350000381469727,27.103973388671875,0,,,,,,,,
2023-08-24,31.350000381469727,31.350000381469727,31.350000381469727,31.350000381469727,27.103973388671875,0,,,,,,,,
2023-08-25,31.350000381469727,31.350000381469727,31.350000381469727,31.350000381469727,27.348230361938477,0,,,,,,,,
2023-08-28,31.350000381469727,31.350000381469727,31.350000381469727,31.350000381469727,27.348230361938477,0,,,,,,,,
2023-08-29,31.350000381469727,31.350000381469727,31.350000381469727,31.350000381469727,27.348230361938477,0,,,,,,,,
2023-08-30,31.350000381469727,31.350000381469727,31.350000381469727,31.350000381469727,27.348230361938477,0,,,,,,,,
2023-08-31,31.350000381469727,31.350000381469727,31.350000381469727,31.350000381469727,27.348230361938477,0,,,,,,,,
2023-09-01,31.700000762939453,31.700000762939453,31.700000762939453,31.700000762939453,27.653553009033203,200,,,,,,,,
2023-09-05,31.700000762939453,31.700000762939453,31.700000762939453,31.700000762939453,27.653553009033203,0,,,,,,,,
2023-09-06,31.700000762939453,31.700000762939453,31.700000762939453,31.700000762939453,27.653553009033203,0,,,,,,,,
2023-09-07,31.700000762939453,31.700000762939453,31.700000762939453,31.700000762939453,27.653553009033203,0,,,,,,,,
2023-09-08,31.700000762939453,31.700000762939453,31.700000762939453,31.700000762939453,27.653553009033203,0,,,,,,,,
2023-09-11,31.700000762939453,31.700000762939453,31.700000762939453,31.700000762939453,27.653553009033203,0,,,,,,,,
2023-09-12,31.700000762939453,31.700000762939453,31.700000762939453,31.700000762939453,27.653553009033203,0,,,,,,,,
2023-09-13,31.700000762939453,31.700000762939453,31.700000762939453,31.700000762939453,27.653553009033203,0,,,,,,,,
2023-09-14,31.700000762939453,31.700000762939453,31.700000762939453,31.700000762939453,27.653553009033203,0,,,,,,,,
2023-09-15,31.700000762939453,31.700000762939453,31.700000762939453,31.700000762939453,27.653553009033203,0,,,,,,,,
2023-09-18,31.700000762939453,31.700000762939453,31.700000762939453,31.700000762939453,27.653553009033203,0,,,,,,,,
2023-09-19,31.700000762939453,31.700000762939453,31.700000762939453,31.700000762939453,27.653553009033203,0,,,,,,,,
2023-09-20,31.700000762939453,31.700000762939453,31.700000762939453,31.700000762939453,27.653553009033203,0,,,,,,,,
2023-09-21,31.700000762939453,31.700000762939453,31.700000762939453,31.700000762939453,27.653553009033203,0,,,,,,,,
2023-09-22,31.700000762939453,31.700000762939453,31.700000762939453,31.700000762939453,27.653553009033203,0,,,,,,,,
2023-09-25,31.700000762939453,31.700000762939453,31.700000762939453,31.700000762939453,27.653553009033203,0,,,,,,,,
2023-09-26,29.0,29.0,29.0,29.0,25.298202514648438,100,,,,,,,,
2023-09-27,29.0,29.0,29.0,29.0,25.298202514648438,0,,,,,,,,
2023-09-28,29.0,29.0,29.0,29.0,25.298202514648438,0,,,,,,,,
2023-09-29,29.0,29.0,29.0,29.0,25.298202514648438,0,,,,,,,,
2023-10-02,29.0,29.0,29.0,29.0,25.298202514648438,0,,,,,,,,
2023-10-03,29.0,29.0,29.0,29.0,25.298202514648438,0,,,,,,,,
2023-10-04,29.0,29.0,29.0,29.0,25.298202514648438,0,,,,,,,,
2023-10-05,29.0,29.0,29.0,29.0,25.298202514648438,0,,,,,,,,
2023-10-06,29.0,29.0,29.0,29.0,25.298202514648438,0,,,,,,,,
2023-10-09,29.0,29.0,29.0,29.0,25.298202514648438,0,,,,,,,,
2023-10-10,29.0,29.0,29.0,29.0,25.298202514648438,0,,,,,,,,
2023-10-11,29.0,29.0,29.0,29.0,25.298202514648438,0,,,,,,,,
2023-10-12,29.0,29.0,29.0,29.0,25.298202514648438,0,,,,,,,,
2023-10-13,29.0,29.0,29.0,29.0,25.298202514648438,0,,,,,,,,
2023-10-16,29.0,29.0,29.0,29.0,25.298202514648438,0,,,,,,,,
2023-10-17,28.1299991607666,28.1299991607666,28.1299991607666,28.1299991607666,24.539255142211914,100,,,,,,,,
2023-10-18,28.1299991607666,28.1299991607666,28.1299991607666,28.1299991607666,24.539255142211914,0,,,,,,,,
2023-10-19,28.1299991607666,28.1299991607666,28.1299991607666,28.1299991607666,24.539255142211914,0,,,,,,,,
2023-10-20,28.1299991607666,28.1299991607666,28.1299991607666,28.1299991607666,24.539255142211914,0,,,,,,,,
2023-10-23,28.1299991607666,28.1299991607666,28.1299991607666,28.1299991607666,24.539255142211914,0,,,,,,,,
2023-10-24,28.1299991607666,28.1299991607666,28.1299991607666,28.1299991607666,24.539255142211914,0,,,,,,,,
2023-10-25,28.1299991607666,28.1299991607666,28.1299991607666,28.1299991607666,24.539255142211914,0,,,,,,,,
2023-10-26,28.1299991607666,28.1299991607666,28.1299991607666,28.1299991607666,24.539255142211914,0,,,,,,,,
2023-10-27,28.1299991607666,28.1299991607666,28.1299991607666,28.1299991607666,24.539255142211914,0,,,,,,,,
2023-10-30,26.100000381469727,26.100000381469727,26.100000381469727,26.100000381469727,22.768381118774414,400,,,,,,,,
2023-10-31,26.100000381469727,26.100000381469727,26.100000381469727,26.100000381469727,22.768381118774414,0,,,,,,,,
2023-11-01,26.100000381469727,26.100000381469727,26.100000381469727,26.100000381469727,22.768381118774414,0,,,,,,,,
2023-11-02,26.260000228881836,26.260000228881836,26.260000228881836,26.260000228881836,22.907958984375,200,,,,,,,,
2023-11-03,26.260000228881836,26.260000228881836,26.260000228881836,26.260000228881836,22.907958984375,0,,,,,,,,
2023-11-06,26.260000228881836,26.260000228881836,26.260000228881836,26.260000228881836,22.907958984375,0,,,,,,,,
2023-11-07,26.260000228881836,26.260000228881836,26.260000228881836,26.260000228881836,22.907958984375,0,,,,,,,,
2023-11-08,26.260000228881836,26.260000228881836,26.260000228881836,26.260000228881836,22.907958984375,0,,,,,,,,
2023-11-09,28.75,28.75,28.75,28.75,25.080116271972656,100,,,,,,,,
2023-11-10,28.75,28.75,28.75,28.75,25.080116271972656,0,,,,,,,,
2023-11-13,28.75,28.75,28.75,28.75,25.080116271972656,0,,,,,,,,
2023-11-14,28.75,28.75,28.75,28.75,25.080116271972656,0,,,,,,,,
2023-11-15,31.8799991607666,31.8799991607666,31.8799991607666,31.8799991607666,27.81057357788086,200,,,,,,,,
2023-11-16,31.8799991607666,31.8799991607666,31.8799991607666,31.8799991607666,27.81057357788086,0,,,,,,,,
2023-11-17,31.8799991607666,31.8799991607666,31.8799991607666,31.8799991607666,27.81057357788086,0,,,,,,,,
2023-11-20,32.52000045776367,32.52000045776367,32.52000045776367,32.52000045776367,28.36888313293457,400,,,,,,,,
2023-11-21,32.720001220703125,32.7599983215332,32.720001220703125,32.7599983215332,28.5782470703125,1300,,,,,,,,
2023-11-22,32.25,32.25,32.25,32.25,28.133344650268555,200,,,,,,,,
2023-11-24,32.91999816894531,32.93000030517578,32.900001525878906,32.900001525878906,28.700376510620117,400,,,,,,,,
2023-11-27,32.900001525878906,32.900001525878906,32.900001525878906,32.900001525878906,29.81504249572754,0,,,,,,,,
2023-11-28,32.900001525878906,32.900001525878906,32.900001525878906,32.900001525878906,29.81504249572754,0,,,,,,,,
2023-11-29,32.900001525878906,32.900001525878906,32.900001525878906,32.900001525878906,29.81504249572754,0,,,,,,,,
2023-11-30,32.900001525878906,32.900001525878906,32.900001525878906,32.900001525878906,29.81504249572754,0,,,,,,,,
2023-12-01,32.900001525878906,32.900001525878906,32.900001525878906,32.900001525878906,29.81504249572754,0,,,,,,,,
2023-12-04,31.670000076293945,31.670000076293945,31.670000076293945,31.670000076293945,28.70037269592285,400,,,,,,,,
2023-12-05,31.670000076293945,31.670000076293945,31.670000076293945,31.670000076293945,28.70037269592285,0,,,,,,,,
2023-12-06,31.670000076293945,31.670000076293945,31.670000076293945,31.670000076293945,28.70037269592285,0,,,,,,,,
2023-12-07,31.670000076293945,31.670000076293945,31.670000076293945,31.670000076293945,28.70037269592285,0,,,,,,,,
2023-12-08,31.670000076293945,31.670000076293945,31.670000076293945,31.670000076293945,28.70037269592285,0,,,,,,,,
2023-12-11,31.670000076293945,31.670000076293945,31.670000076293945,31.670000076293945,28.70037269592285,0,,,,,,,,
2023-12-12,31.670000076293945,31.670000076293945,31.670000076293945,31.670000076293945,28.70037269592285,0,,,,,,,,
2023-12-13,33.4900016784668,33.4900016784668,32.66999816894531,32.66999816894531,29.606603622436523,600,,,,,,,,
2023-12-14,32.66999816894531,32.66999816894531,32.66999816894531,32.66999816894531,29.606603622436523,0,,,,,,,,
2023-12-15,40.0,40.0,40.0,40.0,36.249290466308594,3900,,,,,,,,
2023-12-18,36.25,36.25,34.75,34.90999984741211,31.636564254760742,1800,,,,,,,,
2023-12-19,35.060001373291016,35.060001373291016,35.060001373291016,35.060001373291016,31.772506713867188,100,,,,,,,,
2023-12-20,35.58000183105469,35.58000183105469,35.58000183105469,35.58000183105469,32.243743896484375,400,,,,,,,,
2023-12-21,35.58000183105469,35.58000183105469,35.58000183105469,35.58000183105469,32.243743896484375,0,,,,,,,,
2023-12-22,35.58000183105469,35.58000183105469,35.58000183105469,35.58000183105469,32.243743896484375,0,,,,,,,,
2023-12-26,35.58000183105469,35.58000183105469,35.58000183105469,35.58000183105469,32.243743896484375,0,,,,,,,,
2023-12-27,35.58000183105469,35.58000183105469,35.58000183105469,35.58000183105469,32.243743896484375,0,,,,,,,,
2023-12-28,35.58000183105469,35.58000183105469,35.58000183105469,35.58000183105469,32.243743896484375,0,,,,,,,,
2023-12-29,35.58000183105469,35.58000183105469,35.58000183105469,35.58000183105469,32.243743896484375,0,,,,,,,,
2024-01-02,35.58000183105469,35.58000183105469,35.58000183105469,35.58000183105469,32.243743896484375,0,,,,,,,,
2024-01-03,35.619998931884766,35.619998931884766,34.75,34.75,31.49156951904297,300,,,,,,,,
2024-01-04,34.970001220703125,34.970001220703125,34.970001220703125,34.970001220703125,31.690937042236328,100,,,,,,,,
2024-01-05,34.970001220703125,34.970001220703125,34.970001220703125,34.970001220703125,31.690937042236328,0,,,,,,,,
2024-01-08,34.970001220703125,34.970001220703125,34.970001220703125,34.970001220703125,31.690937042236328,0,,,,,,,,
2024-01-09,34.970001220703125,34.970001220703125,34.970001220703125,34.970001220703125,31.690937042236328,0,,,,,,,,
2024-01-10,34.970001220703125,34.970001220703125,34.970001220703125,34.970001220703125,31.690937042236328,0,,,,,,,,
2024-01-11,34.970001220703125,34.970001220703125,34.970001220703125,34.970001220703125,31.690937042236328,0,,,,,,,,
2024-01-12,34.900001525878906,34.900001525878906,34.88999938964844,34.88999938964844,31.618440628051758,600,,,,,,,,
2024-01-16,34.88999938964844,34.88999938964844,34.88999938964844,34.88999938964844,31.618440628051758,0,,,,,,,,
2024-01-17,34.88999938964844,34.88999938964844,34.88999938964844,34.88999938964844,31.618440628051758,0,,,,,,,,
2024-01-18,34.88999938964844,34.88999938964844,34.88999938964844,34.88999938964844,31.618440628051758,0,,,,,,,,
2024-01-19,34.88999938964844,34.88999938964844,34.88999938964844,34.88999938964844,31.618440628051758,0,,,,,,,,
2024-01-22,34.88999938964844,34.88999938964844,34.88999938964844,34.88999938964844,31.618440628051758,0,,,,,,,,
2024-01-23,34.88999938964844,34.88999938964844,34.88999938964844,34.88999938964844,31.618440628051758,0,,,,,,,,
2024-01-24,36.0,36.0,36.0,36.0,32.624359130859375,300,,,,,,,,
2024-01-25,34.41999816894531,35.0,34.349998474121094,35.0,31.718120574951172,500,,,,,,,,
2024-01-26,35.0,35.0,35.0,35.0,31.718120574951172,0,,,,,,,,
2024-01-29,35.0,35.0,35.0,35.0,31.718120574951172,0,,,,,,,,
2024-01-30,35.0,35.0,35.0,35.0,31.718120574951172,0,,,,,,,,
2024-01-31,35.0,35.0,35.0,35.0,31.718120574951172,0,,,,,,,,
2024-02-01,35.0,35.0,35.0,35.0,31.718120574951172,0,,,,,,,,
2024-02-02,35.0,35.0,35.0,35.0,31.718120574951172,0,,,,,,,,
2024-02-05,35.0,35.0,35.0,35.0,31.718120574951172,0,,,,,,,,
2024-02-06,35.0,35.0,35.0,35.0,31.718120574951172,0,,,,,,,,
2024-02-07,34.029998779296875,34.029998779296875,34.029998779296875,34.029998779296875,30.839080810546875,100,,,,,,,,
2024-02-08,34.029998779296875,34.029998779296875,34.029998779296875,34.029998779296875,30.839080810546875,0,,,,,,,,
2024-02-09,34.029998779296875,34.029998779296875,34.029998779296875,34.029998779296875,30.839080810546875,0,,,,,,,,
2024-02-12,35.689998626708984,35.689998626708984,35.689998626708984,35.689998626708984,32.343421936035156,300,,,,,,,,
2024-02-13,35.689998626708984,35.689998626708984,35.689998626708984,35.689998626708984,32.343421936035156,0,,,,,,,,
2024-02-14,35.689998626708984,35.689998626708984,35.689998626708984,35.689998626708984,32.343421936035156,0,,,,,,,,
2024-02-15,35.689998626708984,35.689998626708984,35.689998626708984,35.689998626708984,32.343421936035156,0,,,,,,,,
2024-02-16,35.689998626708984,35.689998626708984,35.689998626708984,35.689998626708984,32.343421936035156,0,,,,,,,,
2024-02-20,35.689998626708984,35.689998626708984,35.689998626708984,35.689998626708984,32.343421936035156,0,,,,,,,,
2024-02-21,35.689998626708984,35.689998626708984,35.689998626708984,35.689998626708984,32.343421936035156,0,,,,,,,,
2024-02-22,35.689998626708984,35.689998626708984,35.689998626708984,35.689998626708984,32.343421936035156,0,,,,,,,,
2024-02-23,35.689998626708984,35.689998626708984,35.689998626708984,35.689998626708984,32.343421936035156,0,,,,,,,,
2024-02-26,35.689998626708984,35.689998626708984,35.689998626708984,35.689998626708984,32.343421936035156,0,,,,,,,,
2024-02-27,35.689998626708984,35.689998626708984,35.689998626708984,35.689998626708984,32.343421936035156,0,,,,,,,,
2024-02-28,35.689998626708984,35.689998626708984,35.689998626708984,35.689998626708984,32.343421936035156,0,,,,,,,,
2024-02-29,35.689998626708984,35.689998626708984,35.689998626708984,35.689998626708984,32.343421936035156,0,,,,,,,,
2024-03-01,35.689998626708984,35.689998626708984,35.689998626708984,35.689998626708984,32.343421936035156,0,,,,,,,,
2024-03-04,35.689998626708984,35.689998626708984,35.689998626708984,35.689998626708984,32.343421936035156,0,,,,,,,,
2024-03-05,34.439998626708984,34.439998626708984,34.029998779296875,34.029998779296875,30.839080810546875,1600,,,,,,,,
2024-03-06,32.91999816894531,32.91999816894531,32.91999816894531,32.91999816894531,29.83316421508789,100,,,,,,,,
2024-03-07,32.91999816894531,32.91999816894531,32.91999816894531,32.91999816894531,29.83316421508789,0,,,,,,,,
2024-03-08,32.91999816894531,32.91999816894531,32.91999816894531,32.91999816894531,30.089086532592773,0,,,,,,,,
2024-03-11,32.91999816894531,32.91999816894531,32.91999816894531,32.91999816894531,30.089086532592773,0,,,,,,,,
2024-03-12,32.91999816894531,32.91999816894531,32.91999816894531,32.91999816894531,30.089086532592773,0,,,,,,,,
2024-03-13,32.439998626708984,32.439998626708984,32.439998626708984,32.439998626708984,29.650360107421875,100,,,,,,,,
2024-03-14,32.439998626708984,32.439998626708984,32.439998626708984,32.439998626708984,29.650360107421875,0,,,,,,,,
2024-03-15,32.439998626708984,32.439998626708984,32.439998626708984,32.439998626708984,29.650360107421875,0,,,,,,,,
2024-03-18,32.439998626708984,32.439998626708984,32.439998626708984,32.439998626708984,29.650360107421875,0,,,,,,,,
2024-03-19,32.439998626708984,32.439998626708984,32.439998626708984,32.439998626708984,29.650360107421875,0,,,,,,,,
2024-03-20,32.439998626708984,32.439998626708984,32.439998626708984,32.439998626708984,29.650360107421875,0,,,,,,,,
2024-03-21,32.439998626708984,32.439998626708984,32.439998626708984,32.439998626708984,29.650360107421875,0,,,,,,,,
2024-03-22,32.439998626708984,32.439998626708984,32.439998626708984,32.439998626708984,29.650360107421875,0,,,,,,,,
2024-03-25,32.439998626708984,32.439998626708984,32.439998626708984,32.439998626708984,29.650360107421875,0,,,,,,,,
2024-03-26,32.439998626708984,32.439998626708984,32.439998626708984,32.439998626708984,29.650360107421875,0,,,,,,,,
2024-03-27,32.439998626708984,32.439998626708984,32.439998626708984,32.439998626708984,29.650360107421875,0,,,,,,,,
2024-03-28,32.439998626708984,32.439998626708984,32.439998626708984,32.439998626708984,29.650360107421875,0,,,,,,,,
2024-04-01,32.439998626708984,32.439998626708984,32.439998626708984,32.439998626708984,29.650360107421875,0,,,,,,,,
2024-04-02,32.439998626708984,32.439998626708984,32.439998626708984,32.439998626708984,29.650360107421875,0,,,,,,,,
2024-04-03,32.439998626708984,32.439998626708984,32.439998626708984,32.439998626708984,29.650360107421875,0,,,,,,,,
2024-04-04,32.439998626708984,32.439998626708984,32.439998626708984,32.439998626708984,29.650360107421875,0,,,,,,,,
2024-04-05,32.439998626708984,32.439998626708984,32.439998626708984,32.439998626708984,29.650360107421875,0,,,,,,,,
2024-04-08,32.439998626708984,32.439998626708984,32.439998626708984,32.439998626708984,29.650360107421875,0,,,,,,,,
2024-04-09,32.439998626708984,32.439998626708984,32.439998626708984,32.439998626708984,29.650360107421875,0,,,,,,,,
2024-04-10,32.439998626708984,32.439998626708984,32.439998626708984,32.439998626708984,29.650360107421875,0,,,,,,,,
2024-04-11,32.439998626708984,32.439998626708984,32.439998626708984,32.439998626708984,29.650360107421875,0,,,,,,,,
2024-04-12,32.439998626708984,32.439998626708984,32.439998626708984,32.439998626708984,29.650360107421875,0,,,,,,,,
2024-04-15,32.439998626708984,32.439998626708984,32.439998626708984,32.439998626708984,29.650360107421875,0,,,,,,,,
2024-04-16,32.439998626708984,32.439998626708984,32.439998626708984,32.439998626708984,29.650360107421875,0,,,,,,,,
2024-04-17,30.579999923706055,30.579999923706055,30.360000610351562,30.360000610351562,27.749229431152344,200,,,,,,,,
2024-04-18,30.360000610351562,30.360000610351562,30.360000610351562,30.360000610351562,27.749229431152344,0,,,,,,,,
2024-04-19,30.360000610351562,30.360000610351562,30.360000610351562,30.360000610351562,27.749229431152344,0,,,,,,,,
2024-04-22,30.360000610351562,30.360000610351562,30.360000610351562,30.360000610351562,27.749229431152344,0,,,,,,,,
2024-04-23,32.45000076293945,32.45000076293945,32.45000076293945,32.45000076293945,29.659503936767578,200,,,,,,,,
2024-04-24,32.45000076293945,32.45000076293945,32.45000076293945,32.45000076293945,29.659503936767578,0,,,,,,,,
2024-04-25,32.45000076293945,32.45000076293945,32.45000076293945,32.45000076293945,29.659503936767578,0,,,,,,,,
2024-04-26,32.45000076293945,32.45000076293945,32.45000076293945,32.45000076293945,29.659503936767578,0,,,,,,,,
2024-04-29,32.45000076293945,32.45000076293945,32.45000076293945,32.45000076293945,29.659503936767578,0,,,,,,,,
2024-04-30,32.45000076293945,32.45000076293945,32.45000076293945,32.45000076293945,29.659503936767578,0,,,,,,,,
2024-05-01,32.45000076293945,32.45000076293945,32.45000076293945,32.45000076293945,29.659503936767578,0,,,,,,,,
2024-05-02,28.0,28.5,28.0,28.010000228881836,25.601314544677734,500,,,,,,,,
2024-05-03,28.690000534057617,28.690000534057617,28.690000534057617,28.690000534057617,26.22283935546875,300,,,,,,,,
2024-05-06,29.479999542236328,29.530000686645508,29.479999542236328,29.530000686645508,26.990604400634766,300,,,,,,,,
2024-05-07,29.530000686645508,29.530000686645508,29.530000686645508,29.530000686645508,26.990604400634766,0,,,,,,,,
2024-05-08,29.530000686645508,29.530000686645508,29.530000686645508,29.530000686645508,26.990604400634766,0,,,,,,,,
2024-05-09,29.530000686645508,29.530000686645508,29.530000686645508,29.530000686645508,26.990604400634766,0,,,,,,,,
2024-05-10,29.530000686645508,29.530000686645508,29.530000686645508,29.530000686645508,26.990604400634766,0,,,,,,,,
2024-05-13,29.530000686645508,29.530000686645508,29.530000686645508,29.530000686645508,26.990604400634766,0,,,,,,,,
2024-05-14,29.530000686645508,29.530000686645508,29.530000686645508,29.530000686645508,26.990604400634766,0,,,,,,,,
2024-05-15,29.530000686645508,29.530000686645508,29.530000686645508,29.530000686645508,26.990604400634766,0,,,,,,,,
2024-05-16,29.530000686645508,29.530000686645508,29.530000686645508,29.530000686645508,26.990604400634766,0,,,,,,,,
2024-05-17,29.530000686645508,29.530000686645508,29.530000686645508,29.530000686645508,26.990604400634766,0,,,,,,,,
2024-05-20,29.530000686645508,29.530000686645508,29.530000686645508,29.530000686645508,26.990604400634766,0,,,,,,,,
2024-05-21,29.530000686645508,29.530000686645508,29.530000686645508,29.530000686645508,26.990604400634766,0,,,,,,,,
2024-05-22,29.530000686645508,29.530000686645508,29.530000686645508,29.530000686645508,26.990604400634766,0,,,,,,,,
2024-05-23,29.530000686645508,29.530000686645508,29.530000686645508,29.530000686645508,27.267621994018555,0,,,,,,,,
2024-05-24,29.530000686645508,29.530000686645508,29.530000686645508,29.530000686645508,27.267621994018555,0,,,,,,,,
2024-05-28,29.530000686645508,29.530000686645508,29.530000686645508,29.530000686645508,27.267621994018555,0,,,,,,,,
2024-05-29,27.0,27.0,27.0,27.0,24.93145179748535,100,,,,,,,,
2024-05-30,27.0,27.0,27.0,27.0,24.93145179748535,0,,,,,,,,
2024-05-31,28.049999237060547,28.049999237060547,28.049999237060547,28.049999237060547,25.9010066986084,200,,,,,,,,
2024-06-03,28.049999237060547,28.049999237060547,28.049999237060547,28.049999237060547,25.9010066986084,0,,,,,,,,
2024-06-04,28.049999237060547,28.049999237060547,28.049999237060547,28.049999237060547,25.9010066986084,0,,,,,,,,
2024-06-05,28.049999237060547,28.049999237060547,28.049999237060547,28.049999237060547,25.9010066986084,0,,,,,,,,
2024-06-06,26.790000915527344,26.790000915527344,26.790000915527344,26.790000915527344,24.737539291381836,100,,,,,,,,
2024-06-07,26.790000915527344,26.790000915527344,26.790000915527344,26.790000915527344,24.737539291381836,0,,,,,,,,
2024-06-10,26.790000915527344,26.790000915527344,26.790000915527344,26.790000915527344,24.737539291381836,0,,,,,,,,
2024-06-11,26.790000915527344,26.790000915527344,26.790000915527344,26.790000915527344,24.737539291381836,0,,,,,,,,
2024-06-12,26.790000915527344,26.790000915527344,26.790000915527344,26.790000915527344,24.737539291381836,0,,,,,,,,
2024-06-13,26.790000915527344,26.790000915527344,26.790000915527344,26.790000915527344,24.737539291381836,0,,,,,,,,
2024-06-14,27.399999618530273,27.399999618530273,27.399999618530273,27.399999618530273,25.300806045532227,400,,,,,,,,
2024-06-17,27.399999618530273,27.399999618530273,27.399999618530273,27.399999618530273,25.300806045532227,0,,,,,,,,
2024-06-18,27.399999618530273,27.399999618530273,27.399999618530273,27.399999618530273,25.300806045532227,0,,,,,,,,
2024-06-20,27.399999618530273,27.399999618530273,27.399999618530273,27.399999618530273,25.300806045532227,0,,,,,,,,
2024-06-21,25.219999313354492,25.600000381469727,25.110000610351562,25.600000381469727,23.638710021972656,2400,,,,,,,,
2024-06-24,25.600000381469727,25.600000381469727,25.600000381469727,25.600000381469727,23.638710021972656,0,,,,,,,,
2024-06-25,25.600000381469727,25.600000381469727,25.600000381469727,25.600000381469727,23.638710021972656,0,,,,,,,,
2024-06-26,25.600000381469727,25.600000381469727,25.600000381469727,25.600000381469727,23.638710021972656,0,,,,,,,,
2024-06-27,25.600000381469727,25.600000381469727,25.600000381469727,25.600000381469727,23.638710021972656,0,,,,,,,,
2024-06-28,25.600000381469727,25.600000381469727,25.600000381469727,25.600000381469727,23.638710021972656,0,,,,,,,,
2024-07-01,25.600000381469727,25.600000381469727,25.600000381469727,25.600000381469727,23.638710021972656,0,,,,,,,,
2024-07-02,25.600000381469727,25.600000381469727,25.600000381469727,25.600000381469727,23.638710021972656,0,,,,,,,,
2024-07-03,24.09000015258789,24.09000015258789,24.09000015258789,24.09000015258789,22.24439239501953,200,,,,,,,,
2024-07-05,24.079999923706055,24.079999923706055,23.299999237060547,23.299999237060547,21.51491928100586,200,,,,,,,,
2024-07-08,23.649999618530273,23.649999618530273,23.649999618530273,23.649999618530273,21.838102340698242,100,,,,,,,,
2024-07-09,23.649999618530273,23.649999618530273,23.649999618530273,23.649999618530273,21.838102340698242,0,,,,,,,,
2024-07-10,23.649999618530273,23.649999618530273,23.649999618530273,23.649999618530273,21.838102340698242,0,,,,,,,,
2024-07-11,23.649999618530273,23.649999618530273,23.649999618530273,23.649999618530273,21.838102340698242,0,,,,,,,,
2024-07-12,24.799999237060547,24.799999237060547,24.780000686645508,24.780000686645508,22.881532669067383,200,,,,,,,,
2024-07-15,24.969999313354492,25.059999465942383,24.799999237060547,24.940000534057617,23.029273986816406,900,,,,,,,,
2024-07-16,24.940000534057617,24.940000534057617,24.940000534057617,24.940000534057617,23.029273986816406,0,,,,,,,,
2024-07-17,24.940000534057617,24.940000534057617,24.940000534057617,24.940000534057617,23.029273986816406,0,,,,,,,,
2024-07-18,24.940000534057617,24.940000534057617,24.940000534057617,24.940000534057617,23.029273986816406,0,,,,,,,,
2024-07-19,24.940000534057617,24.940000534057617,24.940000534057617,24.940000534057617,23.029273986816406,0,,,,,,,,
2024-07-22,24.940000534057617,24.940000534057617,24.940000534057617,24.940000534057617,23.029273986816406,0,,,,,,,,
2024-07-23,24.940000534057617,24.940000534057617,24.940000534057617,24.940000534057617,23.029273986816406,0,,,,,,,,
2024-07-24,24.940000534057617,24.940000534057617,24.940000534057617,24.940000534057617,23.029273986816406,0,,,,,,,,
2024-07-25,24.940000534057617,24.940000534057617,24.940000534057617,24.940000534057617,23.029273986816406,0,,,,,,,,
2024-07-26,24.940000534057617,24.940000534057617,24.940000534057617,24.940000534057617,23.029273986816406,0,,,,,,,,
2024-07-29,27.420000076293945,27.420000076293945,27.420000076293945,27.420000076293945,25.319276809692383,300,,,,,,,,
2024-07-30,27.420000076293945,27.420000076293945,27.420000076293945,27.420000076293945,25.319276809692383,0,,,,,,,,
2024-07-31,27.420000076293945,27.420000076293945,27.420000076293945,27.420000076293945,25.319276809692383,100,,,,,,,,
2024-08-01,27.420000076293945,27.420000076293945,27.420000076293945,27.420000076293945,25.319276809692383,0,,,,,,,,
2024-08-02,27.420000076293945,27.420000076293945,27.420000076293945,27.420000076293945,25.319276809692383,0,,,,,,,,
2024-08-05,27.420000076293945,27.420000076293945,27.420000076293945,27.420000076293945,25.319276809692383,0,,,,,,,,
2024-08-06,27.420000076293945,27.420000076293945,27.420000076293945,27.420000076293945,25.319276809692383,0,,,,,,,,
2024-08-07,27.420000076293945,27.420000076293945,27.420000076293945,27.420000076293945,25.319276809692383,0,,,,,,,,
2024-08-08,28.3799991607666,28.690000534057617,28.18000030517578,28.3799991607666,26.205724716186523,2300,,,,,,,,
2024-08-09,28.479999542236328,28.479999542236328,28.360000610351562,28.360000610351562,26.187259674072266,1700,,,,,,,,
2024-08-12,28.360000610351562,28.360000610351562,28.360000610351562,28.360000610351562,26.187259674072266,100,,,,,,,,
2024-08-13,28.360000610351562,28.360000610351562,28.360000610351562,28.360000610351562,26.187259674072266,0,,,,,,,,
2024-08-14,28.360000610351562,28.360000610351562,28.360000610351562,28.360000610351562,26.187259674072266,0,,,,,,,,
2024-08-15,28.360000610351562,28.360000610351562,28.360000610351562,28.360000610351562,26.187259674072266,0,,,,,,,,
2024-08-16,28.360000610351562,28.360000610351562,28.360000610351562,28.360000610351562,26.187259674072266,0,,,,,,,,
2024-08-19,28.360000610351562,28.360000610351562,28.360000610351562,28.360000610351562,26.187259674072266,0,,,,,,,,
2024-08-20,28.360000610351562,28.360000610351562,28.360000610351562,28.360000610351562,26.187259674072266,0,,,,,,,,
2024-08-21,28.360000610351562,28.360000610351562,28.360000610351562,28.360000610351562,26.187259674072266,0,,,,,,,,
2024-08-22,26.350000381469727,26.350000381469727,26.350000381469727,26.350000381469727,24.331249237060547,100,,,,,,,,
2024-08-23,26.350000381469727,26.350000381469727,26.350000381469727,26.350000381469727,24.331249237060547,0,,,,,,,,
2024-08-26,26.350000381469727,26.350000381469727,26.350000381469727,26.350000381469727,24.6114559173584,0,,,,,,,,
2024-08-27,26.360000610351562,26.360000610351562,26.360000610351562,26.360000610351562,24.62079620361328,100,,,,,,,,
2024-08-28,26.360000610351562,26.360000610351562,26.360000610351562,26.360000610351562,24.62079620361328,0,,,,,,,,
2024-08-29,26.360000610351562,26.360000610351562,26.360000610351562,26.360000610351562,24.62079620361328,0,,,,,,,,
2024-08-30,26.360000610351562,26.360000610351562,26.360000610351562,26.360000610351562,24.62079620361328,0,,,,,,,,
2024-09-03,26.360000610351562,26.360000610351562,26.360000610351562,26.360000610351562,24.62079620361328,0,,,,,,,,
2024-09-04,26.360000610351562,26.360000610351562,26.360000610351562,26.360000610351562,24.62079620361328,0,,,,,,,,
2024-09-05,26.360000610351562,26.360000610351562,26.360000610351562,26.360000610351562,24.62079620361328,0,,,,,,,,
2024-09-06,26.360000610351562,26.360000610351562,26.360000610351562,26.360000610351562,24.62079620361328,0,,,,,,,,
2024-09-09,26.360000610351562,26.360000610351562,26.360000610351562,26.360000610351562,24.62079620361328,100,,,,,,,,
2024-09-10,26.360000610351562,26.360000610351562,26.360000610351562,26.360000610351562,24.62079620361328,0,,,,,,,,
2024-09-11,25.530000686645508,26.100000381469727,25.389999389648438,25.5,23.81753921508789,3600,,,,,,,,
2024-09-12,25.5,25.5,25.5,25.5,23.81753921508789,0,,,,,,,,
2024-09-13,25.5,25.5,25.5,25.5,23.81753921508789,0,,,,,,,,
2024-09-16,25.5,25.5,25.5,25.5,23.81753921508789,0,,,,,,,,
2024-09-17,26.75,26.75,26.75,26.75,24.985065460205078,300,,,,,,,,
2024-09-18,26.75,26.75,26.75,26.75,24.985065460205078,0,,,,,,,,
2024-09-19,26.75,26.75,26.75,26.75,24.985065460205078,0,,,,,,,,
2024-09-20,26.0,26.0,26.0,26.0,24.284547805786133,1100,,,,,,,,
2024-09-23,27.190000534057617,27.450000762939453,27.190000534057617,27.450000762939453,25.638879776000977,600,,,,,,,,
2024-09-24,27.34000015258789,27.34000015258789,27.299999237060547,27.299999237060547,25.4987735748291,500,,,,,,,,
2024-09-25,27.299999237060547,27.299999237060547,27.299999237060547,27.299999237060547,25.4987735748291,0,,,,,,,,
2024-09-26,26.34000015258789,26.34000015258789,26.34000015258789,26.34000015258789,24.602113723754883,300,,,,,,,,
2024-09-27,27.190000534057617,27.219999313354492,26.950000762939453,26.950000762939453,25.1718692779541,1500,,,,,,,,
2024-09-30,26.950000762939453,26.950000762939453,26.950000762939453,26.950000762939453,25.1718692779541,0,,,,,,,,
2024-10-01,26.950000762939453,26.950000762939453,26.950000762939453,26.950000762939453,25.1718692779541,0,,,,,,,,
2024-10-02,26.950000762939453,26.950000762939453,26.950000762939453,26.950000762939453,25.1718692779541,0,,,,,,,,
2024-10-03,26.950000762939453,26.950000762939453,26.950000762939453,26.950000762939453,25.1718692779541,0,,,,,,,,
2024-10-04,26.459999084472656,26.459999084472656,26.459999084472656,26.459999084472656,24.71419906616211,400,,,,,,,,
2024-10-07,27.40999984741211,27.40999984741211,27.40999984741211,27.40999984741211,25.601516723632812,400,,,,,,,,
2024-10-08,27.40999984741211,27.40999984741211,27.40999984741211,27.40999984741211,25.601516723632812,0,,,,,,,,
2024-10-09,27.40999984741211,27.40999984741211,27.40999984741211,27.40999984741211,25.601516723632812,0,,,,,,,,
2024-10-10,27.40999984741211,27.40999984741211,27.40999984741211,27.40999984741211,25.601516723632812,0,,,,,,,,
2024-10-11,27.40999984741211,27.40999984741211,27.40999984741211,27.40999984741211,25.601516723632812,0,,,,,,,,
2024-10-14,27.40999984741211,27.40999984741211,27.40999984741211,27.40999984741211,25.601516723632812,0,,,,,,,,
2024-10-15,27.40999984741211,27.40999984741211,27.40999984741211,27.40999984741211,25.601516723632812,0,,,,,,,,
2024-10-16,27.40999984741211,27.40999984741211,27.40999984741211,27.40999984741211,25.601516723632812,0,,,,,,,,
2024-10-17,27.40999984741211,27.40999984741211,27.40999984741211,27.40999984741211,25.601516723632812,100,,,,,,,,
2024-10-18,25.579999923706055,25.59000015258789,24.329999923706055,25.59000015258789,23.901599884033203,1000,,,,,,,,
2024-10-21,25.59000015258789,25.59000015258789,25.59000015258789,25.59000015258789,23.901599884033203,0,,,,,,,,
2024-10-22,25.59000015258789,25.59000015258789,25.59000015258789,25.59000015258789,23.901599884033203,0,,,,,,,,
2024-10-23,25.59000015258789,25.59000015258789,25.59000015258789,25.59000015258789,23.901599884033203,0,,,,,,,,
2024-10-24,25.59000015258789,25.59000015258789,25.59000015258789,25.59000015258789,23.901599884033203,0,,,,,,,,
2024-10-25,25.59000015258789,25.59000015258789,25.59000015258789,25.59000015258789,23.901599884033203,0,,,,,,,,
2024-10-28,25.59000015258789,25.59000015258789,25.59000015258789,25.59000015258789,23.901599884033203,0,,,,,,,,
2024-10-29,25.59000015258789,25.59000015258789,25.59000015258789,25.59000015258789,23.901599884033203,0,,,,,,,,
2024-10-30,24.6200008392334,24.6200008392334,24.549999237060547,24.549999237060547,22.93021583557129,500,,,,,,,,
2024-10-31,22.420000076293945,22.420000076293945,22.420000076293945,22.420000076293945,20.940752029418945,100,,,,,,,,
2024-11-01,22.420000076293945,22.420000076293945,22.420000076293945,22.420000076293945,20.940752029418945,0,,,,,,,,
2024-11-04,22.420000076293945,22.420000076293945,22.420000076293945,22.420000076293945,20.940752029418945,0,,,,,,,,
2024-11-05,22.420000076293945,22.420000076293945,22.420000076293945,22.420000076293945,20.940752029418945,0,,,,,,,,
2024-11-06,23.010000228881836,23.010000228881836,23.010000228881836,23.010000228881836,21.491825103759766,100,,,,,,,,
2024-11-07,23.010000228881836,23.010000228881836,23.010000228881836,23.010000228881836,21.491825103759766,0,,,,,,,,
2024-11-08,22.290000915527344,22.290000915527344,22.290000915527344,22.290000915527344,20.819332122802734,300,,,,,,,,
2024-11-11,22.290000915527344,22.290000915527344,22.290000915527344,22.290000915527344,20.819332122802734,0,,,,,,,,
2024-11-12,22.290000915527344,22.290000915527344,22.290000915527344,22.290000915527344,20.819332122802734,0,,,,,,,,
2024-11-13,22.290000915527344,22.290000915527344,22.290000915527344,22.290000915527344,20.819332122802734,0,,,,,,,,
2024-11-14,22.260000228881836,22.459999084472656,22.260000228881836,22.459999084472656,20.97811508178711,700,,,,,,,,
2024-11-15,22.270000457763672,22.280000686645508,22.25,22.270000457763672,20.80065155029297,900,,,,,,,,
2024-11-18,22.270000457763672,22.270000457763672,22.270000457763672,22.270000457763672,20.80065155029297,0,,,,,,,,
2024-11-19,22.270000457763672,22.270000457763672,22.270000457763672,22.270000457763672,20.80065155029297,0,,,,,,,,
2024-11-20,22.270000457763672,22.270000457763672,22.270000457763672,22.270000457763672,20.80065155029297,0,,,,,,,,
2024-11-21,22.270000457763672,22.270000457763672,22.270000457763672,22.270000457763672,20.80065155029297,0,,,,,,,,
2024-11-22,22.270000457763672,22.270000457763672,22.270000457763672,22.270000457763672,20.80065155029297,0,,,,,,,,
2024-11-25,24.40999984741211,24.40999984741211,24.40999984741211,24.40999984741211,22.799455642700195,200,,,,,,,,
2024-11-26,24.40999984741211,24.40999984741211,24.40999984741211,24.40999984741211,23.083148956298828,0,,,,,,,,
2024-11-27,24.40999984741211,24.40999984741211,24.40999984741211,24.40999984741211,23.083148956298828,0,,,,,,,,
2024-11-29,24.40999984741211,24.40999984741211,24.40999984741211,24.40999984741211,23.083148956298828,0,,,,,,,,
2024-12-02,24.40999984741211,24.40999984741211,24.40999984741211,24.40999984741211,23.083148956298828,0,,,,,,,,
2024-12-03,23.34000015258789,23.34000015258789,23.34000015258789,23.34000015258789,22.07131004333496,300,,,,,,,,
2024-12-04,23.34000015258789,23.34000015258789,23.34000015258789,23.34000015258789,22.07131004333496,0,,,,,,,,
2024-12-05,23.34000015258789,23.34000015258789,23.34000015258789,23.34000015258789,22.07131004333496,0,,,,,,,,
2024-12-06,23.34000015258789,23.34000015258789,23.34000015258789,23.34000015258789,22.07131004333496,0,,,,,,,,
2024-12-09,23.34000015258789,23.34000015258789,23.34000015258789,23.34000015258789,22.07131004333496,0,,,,,,,,
2024-12-10,23.34000015258789,23.34000015258789,23.34000015258789,23.34000015258789,22.07131004333496,0,,,,,,,,
2024-12-11,23.34000015258789,23.34000015258789,23.34000015258789,23.34000015258789,22.07131004333496,0,,,,,,,,
2024-12-12,23.34000015258789,23.34000015258789,23.34000015258789,23.34000015258789,22.07131004333496,0,,,,,,,,
2024-12-13,23.079999923706055,23.079999923706055,23.079999923706055,23.079999923706055,21.825443267822266,200,,,,,,,,
2024-12-16,23.079999923706055,23.079999923706055,23.079999923706055,23.079999923706055,21.825443267822266,0,,,,,,,,
2024-12-17,23.079999923706055,23.079999923706055,23.079999923706055,23.079999923706055,21.825443267822266,0,,,,,,,,
2024-12-18,23.079999923706055,23.079999923706055,23.079999923706055,23.079999923706055,21.825443267822266,0,,,,,,,,
2024-12-19,23.079999923706055,23.079999923706055,23.079999923706055,23.079999923706055,21.825443267822266,0,,,,,,,,
2024-12-20,21.5,21.520000457763672,21.5,21.5,20.331329345703125,1200,,,,,,,,
2024-12-23,21.5,21.5,21.5,21.5,20.331329345703125,0,,,,,,,,
2024-12-24,21.5,21.5,21.5,21.5,20.331329345703125,0,,,,,,,,
2024-12-26,21.5,21.5,21.5,21.5,20.331329345703125,0,,,,,,,,
2024-12-27,21.940000534057617,22.1299991607666,21.920000076293945,22.1299991607666,20.927082061767578,400,,,,,,,,
2024-12-30,21.860000610351562,21.860000610351562,21.860000610351562,21.860000610351562,20.6717586517334,100,,,,,,,,
2024-12-31,22.360000610351562,22.360000610351562,22.290000915527344,22.290000915527344,21.078386306762695,300,,,,,,,,
2025-01-02,22.290000915527344,22.290000915527344,22.290000915527344,22.290000915527344,21.078386306762695,0,,,,,,,,
2025-01-03,22.290000915527344,22.290000915527344,22.290000915527344,22.290000915527344,21.078386306762695,0,,,,,,,,
2025-01-06,22.290000915527344,22.290000915527344,22.290000915527344,22.290000915527344,21.078386306762695,0,,,,,,,,
2025-01-07,22.290000915527344,22.290000915527344,22.290000915527344,22.290000915527344,21.078386306762695,0,,,,,,,,
2025-01-08,22.290000915527344,22.290000915527344,22.290000915527344,22.290000915527344,21.078386306762695,0,,,,,,,,
2025-01-10,22.290000915527344,22.290000915527344,22.290000915527344,22.290000915527344,21.078386306762695,0,,,,,,,,
2025-01-13,22.290000915527344,22.290000915527344,22.290000915527344,22.290000915527344,21.078386306762695,0,,,,,,,,
2025-01-14,22.290000915527344,22.290000915527344,22.290000915527344,22.290000915527344,21.078386306762695,0,,,,,,,,
2025-01-15,22.290000915527344,22.290000915527344,22.290000915527344,22.290000915527344,21.078386306762695,0,,,,,,,,
2025-01-16,22.290000915527344,22.290000915527344,22.290000915527344,22.290000915527344,21.078386306762695,0,,,,,,,,
2025-01-17,22.290000915527344,22.290000915527344,22.290000915527344,22.290000915527344,21.078386306762695,0,,,,,,,,
2025-01-21,22.290000915527344,22.290000915527344,22.290000915527344,22.290000915527344,21.078386306762695,0,,,,,,,,
2025-01-22,22.290000915527344,22.290000915527344,22.290000915527344,22.290000915527344,21.078386306762695,0,,,,,,,,
2025-01-23,22.290000915527344,22.290000915527344,22.290000915527344,22.290000915527344,21.078386306762695,0,,,,,,,,
2025-01-24,22.290000915527344,22.290000915527344,22.290000915527344,22.290000915527344,21.078386306762695,0,,,,,,,,
2025-01-27,22.290000915527344,22.290000915527344,22.290000915527344,22.290000915527344,21.078386306762695,0,,,,,,,,
2025-01-28,22.290000915527344,22.290000915527344,22.290000915527344,22.290000915527344,21.078386306762695,0,,,,,,,,
2025-01-29,22.290000915527344,22.290000915527344,22.290000915527344,22.290000915527344,21.078386306762695,0,,,,,,,,
2025-01-30,23.290000915527344,23.290000915527344,23.290000915527344,23.290000915527344,22.024028778076172,100,,,,,,,,
2025-01-31,23.290000915527344,23.290000915527344,23.290000915527344,23.290000915527344,22.024028778076172,0,,,,,,,,
2025-02-03,23.290000915527344,23.290000915527344,23.290000915527344,23.290000915527344,22.024028778076172,0,,,,,,,,
2025-02-04,23.290000915527344,23.290000915527344,23.290000915527344,23.290000915527344,22.024028778076172,0,,,,,,,,
2025-02-05,23.290000915527344,23.290000915527344,23.290000915527344,23.290000915527344,22.024028778076172,0,,,,,,,,
2025-02-06,23.290000915527344,23.290000915527344,23.290000915527344,23.290000915527344,22.024028778076172,0,,,,,,,,
2025-02-07,21.360000610351562,21.360000610351562,20.780000686645508,20.780000686645508,19.65046501159668,1700,,,,,,,,
2025-02-10,20.780000686645508,20.780000686645508,20.780000686645508,20.780000686645508,19.65046501159668,0,,,,,,,,
2025-02-11,22.209999084472656,22.209999084472656,22.209999084472656,22.209999084472656,21.002731323242188,300,,,,,,,,
2025-02-12,22.209999084472656,22.209999084472656,22.209999084472656,22.209999084472656,21.002731323242188,0,,,,,,,,
2025-02-13,21.770000457763672,21.770000457763672,21.770000457763672,21.770000457763672,20.586650848388672,500,,,,,,,,
2025-02-14,21.770000457763672,21.770000457763672,21.770000457763672,21.770000457763672,20.586650848388672,0,,,,,,,,
2025-02-18,21.770000457763672,21.770000457763672,21.770000457763672,21.770000457763672,20.586650848388672,0,,,,,,,,
2025-02-19,21.770000457763672,21.770000457763672,21.770000457763672,21.770000457763672,20.586650848388672,0,,,,,,,,
2025-02-20,21.770000457763672,21.770000457763672,21.770000457763672,21.770000457763672,20.586650848388672,0,,,,,,,,
2025-02-21,21.3799991607666,21.3799991607666,21.3799991607666,21.3799991607666,20.21784782409668,500,,,,,,,,
2025-02-24,21.3799991607666,21.3799991607666,21.3799991607666,21.3799991607666,20.21784782409668,0,,,,,,,,
2025-02-25,23.510000228881836,23.510000228881836,23.5,23.5,22.222612380981445,300,,,,,,,,
2025-02-26,23.5,23.5,23.5,23.5,22.222612380981445,0,,,,,,,,
2025-02-27,22.0,22.290000915527344,21.93000030517578,22.290000915527344,21.078386306762695,400,,,,,,,,
2025-02-28,22.290000915527344,22.290000915527344,22.290000915527344,22.290000915527344,21.078386306762695,0,,,,,,,,
2025-03-03,22.290000915527344,22.290000915527344,22.290000915527344,22.290000915527344,21.078386306762695,0,,,,,,,,
2025-03-04,22.290000915527344,22.290000915527344,22.290000915527344,22.290000915527344,21.078386306762695,0,,,,,,,,
2025-03-05,21.760000228881836,21.950000762939453,21.389999389648438,21.389999389648438,20.227306365966797,1700,,,,,,,,
2025-03-06,22.0,22.0,21.5,21.549999237060547,20.668489456176758,1300,,,,,,,,
2025-03-07,21.549999237060547,21.549999237060547,21.549999237060547,21.549999237060547,20.668489456176758,0,,,,,,,,
2025-03-10,21.549999237060547,21.549999237060547,21.549999237060547,21.549999237060547,20.668489456176758,0,,,,,,,,
2025-03-11,21.549999237060547,21.549999237060547,21.549999237060547,21.549999237060547,20.668489456176758,0,,,,,,,,
2025-03-12,22.09000015258789,22.09000015258789,21.6200008392334,21.6200008392334,20.735626220703125,1900,,,,,,,,
2025-03-13,21.6200008392334,21.6200008392334,21.6200008392334,21.6200008392334,20.735626220703125,0,,,,,,,,
2025-03-14,21.6200008392334,21.6200008392334,21.6200008392334,21.6200008392334,20.735626220703125,0,,,,,,,,
2025-03-17,21.6200008392334,21.6200008392334,21.6200008392334,21.6200008392334,20.735626220703125,0,,,,,,,,
2025-03-18,21.6200008392334,21.6200008392334,21.6200008392334,21.6200008392334,20.735626220703125,0,,,,,,,,
2025-03-19,21.6200008392334,21.6200008392334,21.6200008392334,21.6200008392334,20.735626220703125,0,,,,,,,,
2025-03-20,21.6200008392334,21.6200008392334,21.6200008392334,21.6200008392334,20.735626220703125,0,,,,,,,,
2025-03-21,21.81999969482422,23.0,21.149999618530273,23.0,22.05917739868164,2800,,,,,,,,
2025-03-24,23.0,23.0,21.399999618530273,21.399999618530273,20.524625778198242,3100,,,,,,,,
2025-03-25,21.25,21.25,20.40999984741211,20.40999984741211,19.575122833251953,800,,,,,,,,
2025-03-26,20.899999618530273,21.0,20.899999618530273,21.0,20.140989303588867,500,,,,,,,,
2025-03-27,21.100000381469727,21.709999084472656,21.010000228881836,21.440000534057617,20.562990188598633,3000,,,,,,,,
2025-03-28,21.440000534057617,21.440000534057617,21.440000534057617,21.440000534057617,20.562990188598633,0,,,,,,,,
2025-03-31,19.899999618530273,20.790000915527344,19.729999542236328,19.729999542236328,18.922937393188477,2900,,,,,,,,
2025-04-01,19.729999542236328,19.729999542236328,19.729999542236328,19.729999542236328,18.922937393188477,0,,,,,,,,
2025-04-02,19.899999618530273,19.920000076293945,19.799999237060547,19.799999237060547,18.990074157714844,900,,,,,,,,
2025-04-03,18.25,18.25,18.25,18.25,17.503477096557617,200,,,,,,,,
2025-04-04,18.25,18.25,18.25,18.25,17.503477096557617,0,,,,,,,,
2025-04-07,18.25,18.25,18.25,18.25,17.503477096557617,0,,,,,,,,
2025-04-08,18.25,18.25,18.25,18.25,17.503477096557617,0,,,,,,,,
2025-04-09,18.25,18.25,18.25,18.25,17.503477096557617,0,,,,,,,,
2025-04-10,18.25,18.25,18.25,18.25,17.503477096557617,0,,,,,,,,
2025-04-11,18.25,18.25,18.25,18.25,17.503477096557617,0,,,,,,,,
2025-04-14,18.25,18.25,18.25,18.25,17.503477096557617,0,,,,,,,,
2025-04-15,18.25,18.25,18.25,18.25,17.503477096557617,0,,,,,,,,
2025-04-16,17.280000686645508,17.280000686645508,17.280000686645508,17.280000686645508,16.57315444946289,100,,,,,,,,
2025-04-17,17.280000686645508,17.280000686645508,17.280000686645508,17.280000686645508,16.57315444946289,0,,,,,,,,
2025-04-21,17.350000381469727,17.350000381469727,16.940000534057617,16.940000534057617,16.2470645904541,300,,,,,,,,
2025-04-22,16.940000534057617,16.940000534057617,16.940000534057617,16.940000534057617,16.2470645904541,0,,,,,,,,
2025-04-23,16.940000534057617,16.940000534057617,16.940000534057617,16.940000534057617,16.2470645904541,0,,,,,,,,
2025-04-24,16.940000534057617,16.940000534057617,16.940000534057617,16.940000534057617,16.2470645904541,0,,,,,,,,
2025-04-25,16.940000534057617,16.940000534057617,16.940000534057617,16.940000534057617,16.2470645904541,0,,,,,,,,
2025-04-28,18.059999465942383,18.059999465942383,18.059999465942383,18.059999465942383,17.32124900817871,200,,,,,,,,
2025-04-29,18.059999465942383,18.059999465942383,18.059999465942383,18.059999465942383,17.32124900817871,0,,,,,,,,
2025-04-30,18.059999465942383,18.059999465942383,18.059999465942383,18.059999465942383,17.32124900817871,0,,,,,,,,
2025-05-01,18.059999465942383,18.059999465942383,18.059999465942383,18.059999465942383,17.32124900817871,0,,,,,,,,
2025-05-02,20.0,20.0,20.0,20.0,19.181894302368164,400,,,,,,,,
2025-05-05,19.81999969482422,19.81999969482422,19.81999969482422,19.81999969482422,19.00925636291504,200,,,,,,,,
2025-05-06,19.81999969482422,19.81999969482422,19.81999969482422,19.81999969482422,19.00925636291504,0,,,,,,,,
2025-05-07,18.610000610351562,18.709999084472656,18.610000610351562,18.709999084472656,17.944660186767578,600,,,,,,,,
2025-05-08,18.709999084472656,18.709999084472656,18.709999084472656,18.709999084472656,17.944660186767578,0,,,,,,,,
2025-05-09,18.709999084472656,18.709999084472656,18.709999084472656,18.709999084472656,17.944660186767578,0,,,,,,,,
2025-05-12,18.709999084472656,18.709999084472656,18.709999084472656,18.709999084472656,17.944660186767578,0,,,,,,,,
2025-05-13,20.56999969482422,20.709999084472656,20.540000915527344,20.709999084472656,19.86284828186035,300,,,,,,,,
2025-05-14,20.709999084472656,20.709999084472656,20.709999084472656,20.709999084472656,19.86284828186035,0,,,,,,,,
2025-05-15,20.709999084472656,20.709999084472656,20.709999084472656,20.709999084472656,19.86284828186035,0,,,,,,,,
2025-05-16,20.709999084472656,20.709999084472656,20.709999084472656,20.709999084472656,19.86284828186035,0,,,,,,,,
2025-05-19,20.709999084472656,20.709999084472656,20.709999084472656,20.709999084472656,19.86284828186035,0,,,,,,,,
2025-05-20,20.709999084472656,20.709999084472656,20.709999084472656,20.709999084472656,19.86284828186035,0,,,,,,,,
2025-05-21,20.709999084472656,20.709999084472656,20.709999084472656,20.709999084472656,19.86284828186035,0,,,,,,,,
2025-05-22,20.709999084472656,20.709999084472656,20.709999084472656,20.709999084472656,19.86284828186035,0,,,,,,,,
2025-05-23,20.709999084472656,20.709999084472656,20.709999084472656,20.709999084472656,19.86284828186035,0,,,,,,,,
2025-05-27,20.709999084472656,20.709999084472656,20.709999084472656,20.709999084472656,19.86284828186035,0,,,,,,,,
2025-05-28,20.709999084472656,20.709999084472656,20.709999084472656,20.709999084472656,19.86284828186035,0,,,,,,,,
2025-05-29,20.709999084472656,20.709999084472656,20.709999084472656,20.709999084472656,19.86284828186035,0,,,,,,,,
2025-05-30,20.709999084472656,20.709999084472656,20.709999084472656,20.709999084472656,19.86284828186035,0,,,,,,,,
2025-06-02,20.709999084472656,20.709999084472656,20.709999084472656,20.709999084472656,20.154808044433594,0,,,,,,,,
2025-06-03,20.709999084472656,20.709999084472656,20.709999084472656,20.709999084472656,20.154808044433594,0,,,,,,,,
2025-06-04,20.709999084472656,20.709999084472656,20.709999084472656,20.709999084472656,20.154808044433594,0,,,,,,,,
2025-06-05,20.709999084472656,20.709999084472656,20.709999084472656,20.709999084472656,20.154808044433594,0,,,,,,,,
2025-06-06,20.709999084472656,20.709999084472656,20.709999084472656,20.709999084472656,20.154808044433594,0,,,,,,,,
2025-06-09,20.709999084472656,20.709999084472656,20.709999084472656,20.709999084472656,20.154808044433594,0,,,,,,,,
2025-06-10,20.709999084472656,20.709999084472656,20.709999084472656,20.709999084472656,20.154808044433594,0,,,,,,,,
2025-06-11,20.709999084472656,20.709999084472656,20.709999084472656,20.709999084472656,20.154808044433594,0,,,,,,,,
2025-06-12,20.709999084472656,20.709999084472656,20.709999084472656,20.709999084472656,20.154808044433594,0,,,,,,,,
2025-06-13,19.479999542236328,19.479999542236328,19.479999542236328,19.479999542236328,18.957782745361328,100,,,,,,,,
2025-06-16,19.969999313354492,19.969999313354492,19.969999313354492,19.969999313354492,19.434646606445312,300,,,,,,,,
2025-06-17,19.969999313354492,19.969999313354492,19.969999313354492,19.969999313354492,19.434646606445312,0,,,,,,,,
2025-06-18,19.969999313354492,19.969999313354492,19.969999313354492,19.969999313354492,19.434646606445312,0,,,,,,,,
2025-06-20,19.969999313354492,19.969999313354492,19.969999313354492,19.969999313354492,19.434646606445312,0,,,,,,,,
2025-06-23,19.969999313354492,19.969999313354492,19.969999313354492,19.969999313354492,19.434646606445312,0,,,,,,,,
2025-06-24,19.969999313354492,19.969999313354492,19.969999313354492,19.969999313354492,19.434646606445312,0,,,,,,,,
2025-06-25,19.969999313354492,19.969999313354492,19.969999313354492,19.969999313354492,19.434646606445312,0,,,,,,,,
2025-06-26,19.969999313354492,19.969999313354492,19.969999313354492,19.969999313354492,19.434646606445312,0,,,,,,,,
2025-06-27,19.969999313354492,19.969999313354492,19.969999313354492,19.969999313354492,19.434646606445312,0,,,,,,,,
2025-06-30,19.969999313354492,19.969999313354492,19.969999313354492,19.969999313354492,19.434646606445312,0,,,,,,,,
2025-07-01,19.969999313354492,19.969999313354492,19.969999313354492,19.969999313354492,19.434646606445312,0,,,,,,,,
2025-07-02,19.969999313354492,19.969999313354492,19.969999313354492,19.969999313354492,19.434646606445312,0,,,,,,,,
2025-07-03,19.969999313354492,19.969999313354492,19.969999313354492,19.969999313354492,19.434646606445312,0,,,,,,,,
2025-07-07,19.969999313354492,19.969999313354492,19.969999313354492,19.969999313354492,19.434646606445312,0,,,,,,,,
2025-07-08,21.989999771118164,22.0,21.989999771118164,22.0,21.41022491455078,400,,,,,,,,
2025-07-09,22.0,22.0,22.0,22.0,21.41022491455078,0,,,,,,,,
2025-07-10,22.690000534057617,23.0,22.690000534057617,23.0,22.383419036865234,300,,,,,,,,
2025-07-11,22.6200008392334,22.6200008392334,22.6200008392334,22.6200008392334,22.013607025146484,300,,,,,,,,
2025-07-14,22.6200008392334,22.6200008392334,22.6200008392334,22.6200008392334,22.013607025146484,0,,,,,,,,
2025-07-15,22.6200008392334,22.6200008392334,22.6200008392334,22.6200008392334,22.013607025146484,0,,,,,,,,
2025-07-16,20.760000228881836,20.760000228881836,20.739999771118164,20.739999771118164,20.184003829956055,300,,,,,,,,
2025-07-17,20.739999771118164,20.739999771118164,20.739999771118164,20.739999771118164,20.184003829956055,0,,,,,,,,
2025-07-18,20.860000610351562,20.860000610351562,20.860000610351562,20.860000610351562,20.3007869720459,100,,,,,,,,
2025-07-21,20.860000610351562,20.860000610351562,20.860000610351562,20.860000610351562,20.3007869720459,0,,,,,,,,
2025-07-22,21.18000030517578,21.18000030517578,21.18000030517578,21.18000030517578,20.61220932006836,200,,,,,,,,
2025-07-23,21.18000030517578,21.18000030517578,21.18000030517578,21.18000030517578,20.61220932006836,0,,,,,,,,
2025-07-24,21.18000030517578,21.18000030517578,21.18000030517578,21.18000030517578,20.61220932006836,0,,,,,,,,
2025-07-25,21.18000030517578,21.18000030517578,21.18000030517578,21.18000030517578,20.61220932006836,0,,,,,,,,
2025-07-28,21.18000030517578,21.18000030517578,21.18000030517578,21.18000030517578,20.61220932006836,0,,,,,,,,
2025-07-29,21.18000030517578,21.18000030517578,21.18000030517578,21.18000030517578,20.61220932006836,0,,,,,,,,
2025-07-30,21.18000030517578,21.18000030517578,21.18000030517578,21.18000030517578,20.61220932006836,0,,,,,,,,
2025-07-31,21.18000030517578,21.18000030517578,21.18000030517578,21.18000030517578,20.61220932006836,0,,,,,,,,
2025-08-01,21.18000030517578,21.18000030517578,21.18000030517578,21.18000030517578,20.61220932006836,0,,,,,,,,
2025-08-04,21.18000030517578,21.18000030517578,21.18000030517578,21.18000030517578,20.61220932006836,0,,,,,,,,
2025-08-05,21.18000030517578,21.18000030517578,21.18000030517578,21.18000030517578,20.61220932006836,0,,,,,,,,
2025-08-06,21.18000030517578,21.18000030517578,21.18000030517578,21.18000030517578,20.61220932006836,0,,,,,,,,
2025-08-07,21.610000610351562,23.5,21.610000610351562,22.450000762939453,21.848163604736328,3300,,,,,,,,
2025-08-08,21.280000686645508,22.5,21.280000686645508,22.5,21.89682388305664,1100,,,,,,,,
2025-08-11,22.59000015258789,22.59000015258789,22.59000015258789,22.59000015258789,21.98440933227539,500,,,,,,,,
2025-08-12,23.290000915527344,23.290000915527344,22.0,22.899999618530273,22.28609848022461,3900,,,,,,,,
2025-08-13,22.899999618530273,22.899999618530273,22.899999618530273,22.899999618530273,22.28609848022461,0,,,,,,,,
2025-08-14,23.399999618530273,23.399999618530273,21.969999313354492,22.299999237060547,21.70218276977539,6100,,,,,,,,
2025-08-15,22.299999237060547,22.299999237060547,22.299999237060547,22.299999237060547,21.70218276977539,0,,,,,,,,
2025-08-18,22.299999237060547,22.299999237060547,22.299999237060547,22.299999237060547,21.70218276977539,0,,,,,,,,
2025-08-19,22.299999237060547,22.299999237060547,22.299999237060547,22.299999237060547,21.70218276977539,0,,,,,,,,
2025-08-20,22.299999237060547,22.299999237060547,22.299999237060547,22.299999237060547,21.70218276977539,0,,,,,,,,
2025-08-21,22.299999237060547,22.299999237060547,22.299999237060547,22.299999237060547,21.70218276977539,0,,,,,,,,
2025-08-22,22.299999237060547,22.299999237060547,22.299999237060547,22.299999237060547,21.70218276977539,0,,,,,,,,
2025-08-25,22.299999237060547,22.299999237060547,22.299999237060547,22.299999237060547,21.99812126159668,0,,,,,,,,
2025-08-26,22.299999237060547,22.299999237060547,22.299999237060547,22.299999237060547,21.99812126159668,0,,,,,,,,
2025-08-27,22.299999237060547,22.299999237060547,22.299999237060547,22.299999237060547,21.99812126159668,0,,,,,,,,
2025-08-28,22.299999237060547,22.299999237060547,22.299999237060547,22.299999237060547,21.99812126159668,0,,,,,,,,
2025-08-29,22.299999237060547,22.299999237060547,22.299999237060547,22.299999237060547,21.99812126159668,0,,,,,,,,
2025-09-02,22.299999237060547,22.299999237060547,22.299999237060547,22.299999237060547,21.99812126159668,0,,,,,,,,
2025-09-03,22.299999237060547,22.299999237060547,22.299999237060547,22.299999237060547,21.99812126159668,0,,,,,,,,
2025-09-04,22.299999237060547,22.299999237060547,22.299999237060547,22.299999237060547,21.99812126159668,0,,,,,,,,
2025-09-05,23.530000686645508,23.530000686645508,23.530000686645508,23.530000686645508,23.211471557617188,200,,,,,,,,
2025-09-08,23.530000686645508,23.530000686645508,23.530000686645508,23.530000686645508,23.211471557617188,0,,,,,,,,
2025-09-09,23.530000686645508,23.530000686645508,23.530000686645508,23.530000686645508,23.211471557617188,0,,,,,,,,
2025-09-10,23.530000686645508,23.530000686645508,23.530000686645508,23.530000686645508,23.211471557617188,0,,,,,,,,
2025-09-11,23.530000686645508,23.530000686645508,23.530000686645508,23.530000686645508,23.211471557617188,0,,,,,,,,
2025-09-12,23.530000686645508,23.530000686645508,23.530000686645508,23.530000686645508,23.211471557617188,0,,,,,,,,
2025-09-15,22.010000228881836,22.010000228881836,22.010000228881836,22.010000228881836,21.712047576904297,100,,,,,,,,
2025-09-16,22.010000228881836,22.010000228881836,22.010000228881836,22.010000228881836,21.712047576904297,0,,,,,,,,
2025-09-17,22.010000228881836,22.010000228881836,22.010000228881836,22.010000228881836,21.712047576904297,0,,,,,,,,
2025-09-18,22.010000228881836,22.010000228881836,22.010000228881836,22.010000228881836,21.712047576904297,0,,,,,,,,
2025-09-19,22.010000228881836,22.010000228881836,22.010000228881836,22.010000228881836,21.712047576904297,0,,,,,,,,
2025-09-22,22.010000228881836,22.010000228881836,22.010000228881836,22.010000228881836,21.712047576904297,0,,,,,,,,
2025-09-23,22.010000228881836,22.010000228881836,22.010000228881836,22.010000228881836,21.712047576904297,0,,,,,,,,
2025-09-24,24.149999618530273,24.149999618530273,24.149999618530273,24.149999618530273,23.823078155517578,200,,,,,,,,
2025-09-25,24.149999618530273,24.149999618530273,24.149999618530273,24.149999618530273,23.823078155517578,0,,,,,,,,
2025-09-26,21.739999771118164,21.739999771118164,21.739999771118164,21.739999771118164,21.445703506469727,300,,,,,,,,
2025-09-29,21.739999771118164,21.739999771118164,21.739999771118164,21.739999771118164,21.445703506469727,0,,,,,,,,
2025-09-30,21.739999771118164,21.739999771118164,21.739999771118164,21.739999771118164,21.445703506469727,0,,,,,,,,
2025-10-01,21.739999771118164,21.739999771118164,21.739999771118164,21.739999771118164,21.445703506469727,0,,,,,,,,
2025-10-02,20.989999771118164,20.989999771118164,20.989999771118164,20.989999771118164,20.705856323242188,300,,,,,,,,
2025-10-03,20.989999771118164,20.989999771118164,20.989999771118164,20.989999771118164,20.705856323242188,0,,,,,,,,
2025-10-06,20.989999771118164,20.989999771118164,20.989999771118164,20.989999771118164,20.705856323242188,0,,,,,,,,
2025-10-07,20.950000762939453,20.950000762939453,20.950000762939453,20.950000762939453,20.666399002075195,100,,,,,,,,
2025-10-08,20.950000762939453,20.950000762939453,20.950000762939453,20.950000762939453,20.666399002075195,0,,,,,,,,
2025-10-09,20.280000686645508,20.280000686645508,20.280000686645508,20.280000686645508,20.005468368530273,100,,,,,,,,
2025-10-10,20.280000686645508,20.280000686645508,20.280000686645508,20.280000686645508,20.005468368530273,0,,,,,,,,
2025-10-13,20.280000686645508,20.280000686645508,20.280000686645508,20.280000686645508,20.005468368530273,0,,,,,,,,
2025-10-14,20.280000686645508,20.280000686645508,20.280000686645508,20.280000686645508,20.005468368530273,0,,,,,,,,
2025-10-15,20.280000686645508,20.280000686645508,20.280000686645508,20.280000686645508,20.005468368530273,0,,,,,,,,
2025-10-16,20.280000686645508,20.280000686645508,20.280000686645508,20.280000686645508,20.005468368530273,0,,,,,,,,
2025-10-17,20.280000686645508,20.280000686645508,20.280000686645508,20.280000686645508,20.005468368530273,0,,,,,,,,
2025-10-20,20.280000686645508,20.280000686645508,20.280000686645508,20.280000686645508,20.005468368530273,0,,,,,,,,
2025-10-21,20.280000686645508,20.280000686645508,20.280000686645508,20.280000686645508,20.005468368530273,0,,,,,,,,
2025-10-22,20.280000686645508,20.280000686645508,20.280000686645508,20.280000686645508,20.005468368530273,0,,,,,,,,
2025-10-23,20.280000686645508,20.280000686645508,20.280000686645508,20.280000686645508,20.005468368530273,0,,,,,,,,
2025-10-24,20.280000686645508,20.280000686645508,20.280000686645508,20.280000686645508,20.005468368530273,0,,,,,,,,
2025-10-27,20.280000686645508,20.280000686645508,20.280000686645508,20.280000686645508,20.005468368530273,0,,,,,,,,
2025-10-28,20.280000686645508,20.280000686645508,20.280000686645508,20.280000686645508,20.005468368530273,0,,,,,,,,
2025-10-29,20.280000686645508,20.280000686645508,20.280000686645508,20.280000686645508,20.005468368530273,0,,,,,,,,
2025-10-30,20.280000686645508,20.280000686645508,20.280000686645508,20.280000686645508,20.005468368530273,0,,,,,,,,
2025-10-31,20.280000686645508,20.280000686645508,20.280000686645508,20.280000686645508,20.005468368530273,0,,,,,,,,
2025-11-03,20.280000686645508,20.280000686645508,20.280000686645508,20.280000686645508,20.005468368530273,0,,,,,,,,
2025-11-04,21.799999237060547,21.799999237060547,21.799999237060547,21.799999237060547,21.50489044189453,100,,,,,,,,
2025-11-05,22.760000228881836,22.760000228881836,22.760000228881836,22.760000228881836,22.451894760131836,300,,,,,,,,
2025-11-06,22.760000228881836,22.760000228881836,22.760000228881836,22.760000228881836,22.451894760131836,0,,,,,,,,
2025-11-07,22.760000228881836,22.760000228881836,22.760000228881836,22.760000228881836,22.451894760131836,0,,,,,,,,
2025-11-10,22.760000228881836,22.760000228881836,22.760000228881836,22.760000228881836,22.451894760131836,0,,,,,,,,
2025-11-11,22.899999618530273,22.899999618530273,22.899999618530273,22.899999618530273,22.59000015258789,100,,,,,,,,
2025-11-12,22.899999618530273,22.899999618530273,22.899999618530273,22.899999618530273,22.59000015258789,0,,,,,,,,
2025-11-13,22.899999618530273,22.899999618530273,22.899999618530273,22.899999618530273,22.59000015258789,0,,,,,,,,
2025-11-14,22.899999618530273,22.899999618530273,22.899999618530273,22.899999618530273,22.59000015258789,0,,,,,,,,
2025-11-17,22.899999618530273,22.899999618530273,22.899999618530273,22.899999618530273,22.59000015258789,0,,,,,,,,
2025-11-18,22.899999618530273,22.899999618530273,22.899999618530273,22.899999618530273,22.59000015258789,0,,,,,,,,
2025-11-19,22.899999618530273,22.899999618530273,22.899999618530273,22.899999618530273,22.59000015258789,0,,,,,,,,
2025-11-20,22.899999618530273,22.899999618530273,22.899999618530273,22.899999618530273,22.59000015258789,0,,,,,,,,
2025-11-21,22.899999618530273,22.899999618530273,22.899999618530273,22.899999618530273,22.59000015258789,0,,,,,,,,
2025-11-24,22.899999618530273,22.899999618530273,22.899999618530273,22.899999618530273,22.59000015258789,0,,,,,,,,
2025-11-25,22.899999618530273,22.899999618530273,22.899999618530273,22.899999618530273,22.899999618530273,0,,,,,,,,
2025-11-26,22.899999618530273,22.899999618530273,22.899999618530273,22.899999618530273,22.899999618530273,0,,,,,,,,
2025-11-28,22.899999618530273,22.899999618530273,22.899999618530273,22.899999618530273,22.899999618530273,0,,,,,,,,
2025-12-01,22.899999618530273,22.899999618530273,22.899999618530273,22.899999618530273,22.899999618530273,0,,,,,,,,
2025-12-02,22.899999618530273,22.899999618530273,22.899999618530273,22.899999618530273,22.899999618530273,0,,,,,,,,
2025-12-03,22.899999618530273,22.899999618530273,22.899999618530273,22.899999618530273,22.899999618530273,0,,,,,,,,
2025-12-04,22.899999618530273,22.899999618530273,22.899999618530273,22.899999618530273,22.899999618530273,0,,,,,,,,
2025-12-05,22.899999618530273,22.899999618530273,22.899999618530273,22.899999618530273,22.899999618530273,0,,,,,,,,
2025-12-08,22.899999618530273,22.899999618530273,22.899999618530273,22.899999618530273,22.899999618530273,0,,,,,,,,
2025-12-09,22.899999618530273,22.899999618530273,22.899999618530273,22.899999618530273,22.899999618530273,0,,,,,,,,
2025-12-10,24.84000015258789,24.84000015258789,24.84000015258789,24.84000015258789,24.84000015258789,600,,,,,,,,
2025-12-11,24.84000015258789,24.84000015258789,24.84000015258789,24.84000015258789,24.84000015258789,0,,,,,,,,
2025-12-12,24.84000015258789,24.84000015258789,24.84000015258789,24.84000015258789,24.84000015258789,0,,,,,,,,
2025-12-15,24.84000015258789,24.84000015258789,24.84000015258789,24.84000015258789,24.84000015258789,0,,,,,,,,
2025-12-16,24.84000015258789,24.84000015258789,24.84000015258789,24.84000015258789,24.84000015258789,0,,,,,,,,
2025-12-17,24.84000015258789,24.84000015258789,24.84000015258789,24.84000015258789,24.84000015258789,0,,,,,,,,
2025-12-18,24.84000015258789,24.84000015258789,24.84000015258789,24.84000015258789,24.84000015258789,0,,,,,,,,
2025-12-19,25.149999618530273,26.139999389648438,25.110000610351562,26.139999389648438,26.139999389648438,2800,,,,,,,,
2025-12-22,25.079999923706055,25.079999923706055,25.079999923706055,25.079999923706055,25.079999923706055,300,,,,,,,,
2025-12-23,25.079999923706055,25.079999923706055,25.079999923706055,25.079999923706055,25.079999923706055,0,,,,,,,,
2025-12-24,25.079999923706055,25.079999923706055,25.079999923706055,25.079999923706055,25.079999923706055,0,,,,,,,,
2025-12-26,25.079999923706055,25.079999923706055,25.079999923706055,25.079999923706055,25.079999923706055,0,,,,,,,,
2025-12-29,25.079999923706055,25.079999923706055,25.079999923706055,25.079999923706055,25.079999923706055,0,,,,,,,,
2025-12-30,25.079999923706055,25.079999923706055,25.079999923706055,25.079999923706055,25.079999923706055,0,,,,,,,,
,HVT-A,HVT-A,HVT-A,HVT-A,HVT-A,HVT-A,,,,,,,,
