date,open,high,low,close,adj_close,volume,"('date', '')","('open', 'ICL')","('high', 'ICL')","('low', 'ICL')","('close', 'ICL')","('adj_close', 'ICL')","('volume', 'ICL')","('currency', '')"
2020-01-02,4.789999961853027,4.820000171661377,4.760000228881836,4.800000190734863,3.6890387535095215,134600,,,,,,,,
2020-01-03,4.769999980926514,4.769999980926514,4.619999885559082,4.659999847412109,3.5814404487609863,159900,,,,,,,,
2020-01-06,4.679999828338623,4.699999809265137,4.610000133514404,4.690000057220459,3.6044976711273193,235000,,,,,,,,
2020-01-07,4.650000095367432,4.699999809265137,4.630000114440918,4.659999847412109,3.5814404487609863,78600,,,,,,,,
2020-01-08,4.690000057220459,4.760000228881836,4.659999847412109,4.760000228881836,3.658296585083008,112300,,,,,,,,
2020-01-09,4.670000076293945,4.679999828338623,4.630000114440918,4.670000076293945,3.5891263484954834,61100,,,,,,,,
2020-01-10,4.659999847412109,4.679999828338623,4.619999885559082,4.659999847412109,3.5814404487609863,73100,,,,,,,,
2020-01-13,4.690000057220459,4.71999979019165,4.639999866485596,4.71999979019165,3.627554416656494,64300,,,,,,,,
2020-01-14,4.699999809265137,4.71999979019165,4.670000076293945,4.690000057220459,3.6044976711273193,130800,,,,,,,,
2020-01-15,4.630000114440918,4.630000114440918,4.559999942779541,4.610000133514404,3.543013572692871,149700,,,,,,,,
2020-01-16,4.53000020980835,4.53000020980835,4.460000038146973,4.489999771118164,3.45078706741333,176500,,,,,,,,
2020-01-17,4.489999771118164,4.489999771118164,4.46999979019165,4.489999771118164,3.45078706741333,82500,,,,,,,,
2020-01-21,4.489999771118164,4.489999771118164,4.400000095367432,4.420000076293945,3.3969883918762207,209200,,,,,,,,
2020-01-22,4.429999828338623,4.429999828338623,4.360000133514404,4.420000076293945,3.3969883918762207,131600,,,,,,,,
2020-01-23,4.320000171661377,4.340000152587891,4.289999961853027,4.329999923706055,3.32781982421875,106700,,,,,,,,
2020-01-24,4.369999885559082,4.369999885559082,4.269999980926514,4.300000190734863,3.304762363433838,164300,,,,,,,,
2020-01-27,4.079999923706055,4.099999904632568,4.050000190734863,4.079999923706055,3.1356821060180664,508200,,,,,,,,
2020-01-28,4.039999961853027,4.059999942779541,4.0,4.019999980926514,3.089569568634033,232300,,,,,,,,
2020-01-29,4.179999828338623,4.21999979019165,4.150000095367432,4.179999828338623,3.2125370502471924,342300,,,,,,,,
2020-01-30,4.150000095367432,4.25,4.150000095367432,4.239999771118164,3.258650064468384,160600,,,,,,,,
2020-01-31,4.150000095367432,4.210000038146973,4.130000114440918,4.190000057220459,3.2202234268188477,188900,,,,,,,,
2020-02-03,3.990000009536743,4.019999980926514,3.9600000381469727,3.9600000381469727,3.0434560775756836,208000,,,,,,,,
2020-02-04,3.9000000953674316,3.984999895095825,3.8499999046325684,3.950000047683716,3.035771131515503,329200,,,,,,,,
2020-02-05,4.079999923706055,4.21999979019165,4.059999942779541,4.190000057220459,3.2202234268188477,264900,,,,,,,,
2020-02-06,4.28000020980835,4.289000034332275,4.190000057220459,4.260000228881836,3.274021625518799,155700,,,,,,,,
2020-02-07,4.25,4.260000228881836,4.130000114440918,4.179999828338623,3.2125370502471924,152300,,,,,,,,
2020-02-10,4.150000095367432,4.179999828338623,4.070000171661377,4.150000095367432,3.189480781555176,214800,,,,,,,,
2020-02-11,4.25,4.320000171661377,4.25,4.289999961853027,3.2970781326293945,136000,,,,,,,,
2020-02-12,4.300000190734863,4.377999782562256,4.28000020980835,4.349999904632568,3.343190908432007,322300,,,,,,,,
2020-02-13,4.099999904632568,4.179999828338623,4.03000020980835,4.119999885559082,3.166424036026001,286200,,,,,,,,
2020-02-14,4.090000152587891,4.139999866485596,4.090000152587891,4.110000133514404,3.158738613128662,133200,,,,,,,,
2020-02-18,3.8399999141693115,3.9100000858306885,3.7899999618530273,3.859999895095825,2.966601610183716,668800,,,,,,,,
2020-02-19,3.9000000953674316,3.9100000858306885,3.8499999046325684,3.890000104904175,2.9896581172943115,235600,,,,,,,,
2020-02-20,3.8299999237060547,3.859999895095825,3.7899999618530273,3.8499999046325684,2.9589154720306396,390100,,,,,,,,
2020-02-21,3.869999885559082,3.869999885559082,3.819999933242798,3.8299999237060547,2.943544864654541,372100,,,,,,,,
2020-02-24,3.7100000381469727,3.8299999237060547,3.680000066757202,3.7899999618530273,2.9128024578094482,497900,,,,,,,,
2020-02-25,3.8499999046325684,3.880000114440918,3.759999990463257,3.759999990463257,2.8897461891174316,473700,,,,,,,,
2020-02-26,3.759999990463257,3.859999895095825,3.759999990463257,3.799999952316284,2.920488119125366,329100,,,,,,,,
2020-02-27,3.7200000286102295,3.7799999713897705,3.700000047683716,3.7100000381469727,2.851318836212158,318200,,,,,,,,
2020-02-28,3.6600000858306885,3.7300000190734863,3.640000104904175,3.7100000381469727,2.851318836212158,486900,,,,,,,,
2020-03-02,3.700000047683716,3.8499999046325684,3.680000066757202,3.8399999141693115,2.9512298107147217,334300,,,,,,,,
2020-03-03,3.690000057220459,3.880000114440918,3.640000104904175,3.7100000381469727,2.851318836212158,844100,,,,,,,,
2020-03-04,3.700000047683716,3.7330000400543213,3.619999885559082,3.7100000381469727,2.865220308303833,351500,,,,,,,,
2020-03-05,3.4800000190734863,3.630000114440918,3.4700000286102295,3.5799999237060547,2.7648215293884277,550900,,,,,,,,
2020-03-06,3.5199999809265137,3.5299999713897705,3.4100000858306885,3.4700000286102295,2.679868459701538,391600,,,,,,,,
2020-03-09,2.930000066757202,3.0799999237060547,2.930000066757202,2.940000057220459,2.270551919937134,513600,,,,,,,,
2020-03-10,3.0899999141693115,3.25,3.0199999809265137,3.140000104904175,2.425011157989502,973800,,,,,,,,
2020-03-11,3.049999952316284,3.059999942779541,2.8399999141693115,2.880000114440918,2.2242140769958496,544700,,,,,,,,
2020-03-12,2.7300000190734863,2.9000000953674316,2.700000047683716,2.8299999237060547,2.1855995655059814,738500,,,,,,,,
2020-03-13,2.930000066757202,2.9700000286102295,2.7899999618530273,2.950000047683716,2.2782745361328125,468000,,,,,,,,
2020-03-16,2.690000057220459,2.9800000190734863,2.680000066757202,2.9100000858306885,2.247382879257202,535900,,,,,,,,
2020-03-17,2.940000057220459,3.200000047683716,2.930000066757202,3.1500000953674316,2.432734489440918,726800,,,,,,,,
2020-03-18,3.0,3.0299999713897705,2.8299999237060547,2.9800000190734863,2.3014438152313232,297700,,,,,,,,
2020-03-19,3.1500000953674316,3.2799999713897705,3.109999895095825,3.1500000953674316,2.432734489440918,252200,,,,,,,,
2020-03-20,3.109999895095825,3.2899999618530273,3.109999895095825,3.2100000381469727,2.479071855545044,387000,,,,,,,,
2020-03-23,3.009999990463257,3.109999895095825,2.880000114440918,2.9700000286102295,2.2937204837799072,317800,,,,,,,,
2020-03-24,3.1700000762939453,3.390000104904175,3.130000114440918,3.3499999046325684,2.587193489074707,502100,,,,,,,,
2020-03-25,3.059999942779541,3.3299999237060547,2.9600000381469727,3.190000057220459,2.463625907897949,383300,,,,,,,,
2020-03-26,3.1500000953674316,3.2899999618530273,3.140000104904175,3.190000057220459,2.463625907897949,739300,,,,,,,,
2020-03-27,3.0999999046325684,3.1700000762939453,3.069999933242798,3.0799999237060547,2.3786733150482178,467900,,,,,,,,
2020-03-30,3.0,3.130000114440918,2.9700000286102295,3.109999895095825,2.4018423557281494,518600,,,,,,,,
2020-03-31,3.140000104904175,3.200000047683716,3.0399999618530273,3.069999933242798,2.37095046043396,509300,,,,,,,,
2020-04-01,3.0399999618530273,3.049999952316284,2.9200000762939453,2.950000047683716,2.2782745361328125,301200,,,,,,,,
2020-04-02,2.9000000953674316,2.9800000190734863,2.890000104904175,2.9000000953674316,2.2396600246429443,427000,,,,,,,,
2020-04-03,2.930000066757202,2.9700000286102295,2.9100000858306885,2.9200000762939453,2.255105972290039,306200,,,,,,,,
2020-04-06,3.0399999618530273,3.130000114440918,3.0,3.0899999141693115,2.3863964080810547,685300,,,,,,,,
2020-04-07,3.319999933242798,3.3499999046325684,3.180000066757202,3.180000066757202,2.4559028148651123,605700,,,,,,,,
2020-04-08,3.190000057220459,3.3570001125335693,3.190000057220459,3.319999933242798,2.5640246868133545,384100,,,,,,,,
2020-04-09,3.319999933242798,3.4200000762939453,3.299999952316284,3.3299999237060547,2.5717475414276123,256800,,,,,,,,
2020-04-13,3.299999952316284,3.299999952316284,3.190000057220459,3.2100000381469727,2.479071855545044,185300,,,,,,,,
2020-04-14,3.200000047683716,3.240000009536743,3.1500000953674316,3.180000066757202,2.4559028148651123,332900,,,,,,,,
2020-04-15,3.109999895095825,3.1600000858306885,3.049999952316284,3.119999885559082,2.4095652103424072,213200,,,,,,,,
2020-04-16,3.109999895095825,3.1500000953674316,3.0350000858306885,3.119999885559082,2.4095652103424072,292000,,,,,,,,
2020-04-17,3.1700000762939453,3.184999942779541,3.0899999141693115,3.0899999141693115,2.3863964080810547,164700,,,,,,,,
2020-04-20,3.190000057220459,3.2100000381469727,3.1500000953674316,3.200000047683716,2.4713494777679443,268700,,,,,,,,
2020-04-21,3.3399999141693115,3.3399999141693115,3.180000066757202,3.200000047683716,2.4713494777679443,339800,,,,,,,,
2020-04-22,3.440000057220459,3.490000009536743,3.4049999713897705,3.4800000190734863,2.687592029571533,277000,,,,,,,,
2020-04-23,3.509999990463257,3.549999952316284,3.440000057220459,3.4600000381469727,2.6721463203430176,305000,,,,,,,,
2020-04-24,3.5299999713897705,3.5889999866485596,3.490000009536743,3.5799999237060547,2.7648215293884277,205500,,,,,,,,
2020-04-27,3.549999952316284,3.6500000953674316,3.515000104904175,3.630000114440918,2.803436279296875,250600,,,,,,,,
2020-04-28,3.690000057220459,3.700000047683716,3.509999990463257,3.559999942779541,2.749375820159912,196800,,,,,,,,
2020-04-29,3.640000104904175,3.640000104904175,3.509999990463257,3.5999999046325684,2.7802674770355225,196100,,,,,,,,
2020-04-30,3.5399999618530273,3.5850000381469727,3.4800000190734863,3.549999952316284,2.741652727127075,207700,,,,,,,,
2020-05-01,3.4000000953674316,3.4800000190734863,3.380000114440918,3.4200000762939453,2.64125394821167,158200,,,,,,,,
2020-05-04,3.3399999141693115,3.390000104904175,3.309999942779541,3.369999885559082,2.602639675140381,250900,,,,,,,,
2020-05-05,3.5,3.5899999141693115,3.490000009536743,3.5299999713897705,2.7262067794799805,195000,,,,,,,,
2020-05-06,3.569999933242798,3.609999895095825,3.490000009536743,3.569999933242798,2.757098913192749,234900,,,,,,,,
2020-05-07,3.549999952316284,3.615000009536743,3.549999952316284,3.609999895095825,2.7879908084869385,105500,,,,,,,,
2020-05-08,3.640000104904175,3.690000057220459,3.619999885559082,3.6700000762939453,2.8343286514282227,91800,,,,,,,,
2020-05-11,3.549999952316284,3.5999999046325684,3.4600000381469727,3.509999990463257,2.7107608318328857,136300,,,,,,,,
2020-05-12,3.390000104904175,3.490000009536743,3.3499999046325684,3.369999885559082,2.602639675140381,212900,,,,,,,,
2020-05-13,3.2699999809265137,3.3299999237060547,3.2100000381469727,3.2300000190734863,2.4945178031921387,132600,,,,,,,,
2020-05-14,3.119999885559082,3.1700000762939453,3.065000057220459,3.109999895095825,2.4018423557281494,212700,,,,,,,,
2020-05-15,3.059999942779541,3.1700000762939453,3.059999942779541,3.109999895095825,2.4018423557281494,139100,,,,,,,,
2020-05-18,3.25,3.390000104904175,3.25,3.390000104904175,2.6180853843688965,187800,,,,,,,,
2020-05-19,3.4000000953674316,3.4000000953674316,3.309999942779541,3.3299999237060547,2.5717475414276123,124300,,,,,,,,
2020-05-20,3.4600000381469727,3.4800000190734863,3.4100000858306885,3.4800000190734863,2.687592029571533,440900,,,,,,,,
2020-05-21,3.390000104904175,3.450000047683716,3.390000104904175,3.430000066757202,2.648977041244507,78400,,,,,,,,
2020-05-22,3.430000066757202,3.4549999237060547,3.390000104904175,3.4100000858306885,2.6335315704345703,73200,,,,,,,,
2020-05-26,3.4600000381469727,3.490000009536743,3.440000057220459,3.4700000286102295,2.679868459701538,119200,,,,,,,,
2020-05-27,3.440000057220459,3.5,3.440000057220459,3.4800000190734863,2.687592029571533,167400,,,,,,,,
2020-05-28,3.5399999618530273,3.549999952316284,3.450000047683716,3.509999990463257,2.7107608318328857,70800,,,,,,,,
2020-05-29,3.4600000381469727,3.515000104904175,3.4200000762939453,3.4600000381469727,2.6721463203430176,122500,,,,,,,,
2020-06-01,3.4000000953674316,3.4700000286102295,3.369999885559082,3.430000066757202,2.648977041244507,151800,,,,,,,,
2020-06-02,3.369999885559082,3.5399999618530273,3.369999885559082,3.4700000286102295,2.679868459701538,208700,,,,,,,,
2020-06-03,3.4600000381469727,3.569999933242798,3.4600000381469727,3.5199999809265137,2.7366228103637695,94800,,,,,,,,
2020-06-04,3.5999999046325684,3.700000047683716,3.5999999046325684,3.700000047683716,2.8765645027160645,187500,,,,,,,,
2020-06-05,3.7699999809265137,3.7699999809265137,3.6500000953674316,3.700000047683716,2.8765645027160645,168800,,,,,,,,
2020-06-08,3.640000104904175,3.7100000381469727,3.619999885559082,3.680000066757202,2.8610146045684814,238200,,,,,,,,
2020-06-09,3.619999885559082,3.6600000858306885,3.5999999046325684,3.630000114440918,2.8221418857574463,166600,,,,,,,,
2020-06-10,3.6500000953674316,3.6500000953674316,3.549999952316284,3.569999933242798,2.7754955291748047,51900,,,,,,,,
2020-06-11,3.549999952316284,3.549999952316284,3.4200000762939453,3.4600000381469727,2.6899759769439697,143700,,,,,,,,
2020-06-12,3.5199999809265137,3.5199999809265137,3.3949999809265137,3.450000047683716,2.682201623916626,109700,,,,,,,,
2020-06-15,3.359999895095825,3.4600000381469727,3.319999933242798,3.4200000762939453,2.6588776111602783,118800,,,,,,,,
2020-06-16,3.4100000858306885,3.4600000381469727,3.359999895095825,3.4100000858306885,2.6511037349700928,189500,,,,,,,,
2020-06-17,3.4000000953674316,3.430000066757202,3.3499999046325684,3.3499999046325684,2.6044561862945557,140900,,,,,,,,
2020-06-18,3.2699999809265137,3.319999933242798,3.259999990463257,3.2899999618530273,2.557809591293335,125300,,,,,,,,
2020-06-19,3.319999933242798,3.319999933242798,3.265000104904175,3.2899999618530273,2.557809591293335,217700,,,,,,,,
2020-06-22,3.240000009536743,3.240000009536743,3.180000066757202,3.2200000286102295,2.503387689590454,84500,,,,,,,,
2020-06-23,3.180000066757202,3.2899999618530273,3.130000114440918,3.140000104904175,2.4411916732788086,165800,,,,,,,,
2020-06-24,3.0899999141693115,3.130000114440918,3.049999952316284,3.059999942779541,2.378995895385742,259200,,,,,,,,
2020-06-25,3.009999990463257,3.119999885559082,3.009999990463257,3.109999895095825,2.4178686141967773,132800,,,,,,,,
2020-06-26,3.059999942779541,3.0799999237060547,3.0199999809265137,3.0299999713897705,2.355672597885132,144700,,,,,,,,
2020-06-29,3.0399999618530273,3.049999952316284,3.0,3.0199999809265137,2.347898244857788,130600,,,,,,,,
2020-06-30,2.990000009536743,3.049999952316284,2.950000047683716,3.049999952316284,2.3712213039398193,582800,,,,,,,,
2020-07-01,2.950000047683716,2.9800000190734863,2.9200000762939453,2.940000057220459,2.2857019901275635,226700,,,,,,,,
2020-07-02,3.0399999618530273,3.115999937057495,3.0,3.0299999713897705,2.355672597885132,262900,,,,,,,,
2020-07-06,3.0299999713897705,3.1500000953674316,3.0299999713897705,3.130000114440918,2.433417558670044,194000,,,,,,,,
2020-07-07,3.2100000381469727,3.2149999141693115,3.109999895095825,3.1600000858306885,2.4567408561706543,234000,,,,,,,,
2020-07-08,3.1500000953674316,3.1600000858306885,3.0799999237060547,3.109999895095825,2.4178686141967773,147700,,,,,,,,
2020-07-09,3.130000114440918,3.130000114440918,3.0,3.0299999713897705,2.355672597885132,205800,,,,,,,,
2020-07-10,3.0199999809265137,3.0999999046325684,3.0199999809265137,3.0899999141693115,2.4023196697235107,151400,,,,,,,,
2020-07-13,3.140000104904175,3.2100000381469727,3.0899999141693115,3.0999999046325684,2.4100937843322754,296500,,,,,,,,
2020-07-14,3.0899999141693115,3.1500000953674316,3.0899999141693115,3.130000114440918,2.433417558670044,184600,,,,,,,,
2020-07-15,3.190000057220459,3.200000047683716,3.1600000858306885,3.200000047683716,2.487839460372925,134000,,,,,,,,
2020-07-16,3.119999885559082,3.130000114440918,3.069999933242798,3.0799999237060547,2.394544839859009,231800,,,,,,,,
2020-07-17,3.119999885559082,3.134999990463257,3.0999999046325684,3.130000114440918,2.433417558670044,132000,,,,,,,,
2020-07-20,3.200000047683716,3.2100000381469727,3.1500000953674316,3.180000066757202,2.472289800643921,162700,,,,,,,,
2020-07-21,3.1700000762939453,3.2300000190734863,3.140000104904175,3.1600000858306885,2.4567408561706543,194200,,,,,,,,
2020-07-22,3.1600000858306885,3.2699999809265137,3.1600000858306885,3.25,2.5267112255096436,224600,,,,,,,,
2020-07-23,3.2899999618530273,3.3299999237060547,3.259999990463257,3.259999990463257,2.5344858169555664,131500,,,,,,,,
2020-07-24,3.2899999618530273,3.2899999618530273,3.2300000190734863,3.240000009536743,2.518937110900879,115000,,,,,,,,
2020-07-27,3.1600000858306885,3.190000057220459,3.1500000953674316,3.180000066757202,2.472289800643921,121500,,,,,,,,
2020-07-28,3.119999885559082,3.1500000953674316,3.069999933242798,3.0999999046325684,2.4100937843322754,282600,,,,,,,,
2020-07-29,3.1700000762939453,3.1700000762939453,3.059999942779541,3.0999999046325684,2.4100937843322754,200100,,,,,,,,
2020-07-30,3.069999933242798,3.1600000858306885,3.059999942779541,3.140000104904175,2.4411916732788086,166900,,,,,,,,
2020-07-31,3.200000047683716,3.200000047683716,3.0799999237060547,3.0999999046325684,2.4100937843322754,231600,,,,,,,,
2020-08-03,3.190000057220459,3.2699999809265137,3.180000066757202,3.259999990463257,2.5344858169555664,257500,,,,,,,,
2020-08-04,3.2200000286102295,3.4600000381469727,3.2200000286102295,3.3499999046325684,2.6044561862945557,716600,,,,,,,,
2020-08-05,3.549999952316284,3.5799999237060547,3.490000009536743,3.5199999809265137,2.7366228103637695,266300,,,,,,,,
2020-08-06,3.5999999046325684,3.5999999046325684,3.5,3.5199999809265137,2.7366228103637695,155600,,,,,,,,
2020-08-07,3.5799999237060547,3.625,3.549999952316284,3.609999895095825,2.806593418121338,219800,,,,,,,,
2020-08-10,3.5799999237060547,3.5799999237060547,3.5299999713897705,3.5299999713897705,2.7443974018096924,118800,,,,,,,,
2020-08-11,3.609999895095825,3.6700000762939453,3.549999952316284,3.609999895095825,2.806593418121338,299800,,,,,,,,
2020-08-12,3.6700000762939453,3.700000047683716,3.630000114440918,3.6700000762939453,2.853240489959717,144800,,,,,,,,
2020-08-13,3.6700000762939453,3.75,3.6700000762939453,3.7100000381469727,2.884338140487671,104400,,,,,,,,
2020-08-14,3.6700000762939453,3.8499999046325684,3.6700000762939453,3.740000009536743,2.9076619148254395,120700,,,,,,,,
2020-08-17,3.7899999618530273,3.799999952316284,3.6700000762939453,3.7200000286102295,2.8921124935150146,786900,,,,,,,,
2020-08-18,3.700000047683716,3.746999979019165,3.6600000858306885,3.690000057220459,2.8687891960144043,406200,,,,,,,,
2020-08-19,3.7899999618530273,3.8299999237060547,3.75,3.7899999618530273,2.9465339183807373,275900,,,,,,,,
2020-08-20,3.75,3.7799999713897705,3.680000066757202,3.690000057220459,2.8687891960144043,205900,,,,,,,,
2020-08-21,3.690000057220459,3.7300000190734863,3.680999994277954,3.7100000381469727,2.884338140487671,81100,,,,,,,,
2020-08-24,3.8499999046325684,3.877000093460083,3.799999952316284,3.8399999141693115,2.9854063987731934,199500,,,,,,,,
2020-08-25,3.809999942779541,3.8499999046325684,3.799999952316284,3.8499999046325684,2.993180990219116,126500,,,,,,,,
2020-08-26,3.819999933242798,3.9100000858306885,3.819999933242798,3.9100000858306885,3.039828300476074,85800,,,,,,,,
2020-08-27,3.7699999809265137,3.7899999618530273,3.7200000286102295,3.7300000190734863,2.8998870849609375,138300,,,,,,,,
2020-08-28,3.7300000190734863,3.7699999809265137,3.7300000190734863,3.75,2.9154365062713623,62100,,,,,,,,
2020-08-31,3.690000057220459,3.7300000190734863,3.6700000762939453,3.7100000381469727,2.884338140487671,100600,,,,,,,,
2020-09-01,3.7300000190734863,3.759999990463257,3.690000057220459,3.759999990463257,2.923210859298706,102100,,,,,,,,
2020-09-02,3.700000047683716,3.75,3.680000066757202,3.7200000286102295,2.913811206817627,99000,,,,,,,,
2020-09-03,3.619999885559082,3.630000114440918,3.5299999713897705,3.549999952316284,2.780653476715088,128000,,,,,,,,
2020-09-04,3.509999990463257,3.569999933242798,3.4700000286102295,3.509999990463257,2.7493221759796143,84700,,,,,,,,
2020-09-08,3.5199999809265137,3.5799999237060547,3.5,3.559999942779541,2.7884860038757324,183500,,,,,,,,
2020-09-09,3.640000104904175,3.6500000953674316,3.569999933242798,3.609999895095825,2.827650547027588,94300,,,,,,,,
2020-09-10,3.5199999809265137,3.549999952316284,3.4700000286102295,3.509999990463257,2.7493221759796143,111100,,,,,,,,
2020-09-11,3.490000009536743,3.509999990463257,3.4100000858306885,3.4100000858306885,2.6709940433502197,107400,,,,,,,,
2020-09-14,3.559999942779541,3.619999885559082,3.559999942779541,3.5899999141693115,2.8119845390319824,156800,,,,,,,,
2020-09-15,3.640000104904175,3.690000057220459,3.630000114440918,3.6700000762939453,2.874647378921509,162300,,,,,,,,
2020-09-16,3.5999999046325684,3.630000114440918,3.559999942779541,3.569999933242798,2.7963192462921143,64700,,,,,,,,
2020-09-17,3.490000009536743,3.640000104904175,3.4800000190734863,3.5999999046325684,2.819817066192627,218600,,,,,,,,
2020-09-18,3.559999942779541,3.609999895095825,3.559999942779541,3.5799999237060547,2.8041515350341797,233900,,,,,,,,
2020-09-21,3.559999942779541,3.559999942779541,3.494999885559082,3.5299999713897705,2.7649877071380615,182200,,,,,,,,
2020-09-22,3.549999952316284,3.549999952316284,3.450000047683716,3.490000009536743,2.733656406402588,75800,,,,,,,,
2020-09-23,3.4600000381469727,3.509999990463257,3.4000000953674316,3.4000000953674316,2.663161039352417,179100,,,,,,,,
2020-09-24,3.509999990463257,3.5399999618530273,3.4749999046325684,3.509999990463257,2.7493221759796143,161600,,,,,,,,
2020-09-25,3.4600000381469727,3.509999990463257,3.430000066757202,3.5,2.7414891719818115,68100,,,,,,,,
2020-09-28,3.5,3.5999999046325684,3.5,3.559999942779541,2.7884860038757324,254600,,,,,,,,
2020-09-29,3.5199999809265137,3.5199999809265137,3.4100000858306885,3.440000057220459,2.6944921016693115,150300,,,,,,,,
2020-09-30,3.4800000190734863,3.5399999618530273,3.4800000190734863,3.490000009536743,2.733656406402588,357700,,,,,,,,
2020-10-01,3.7699999809265137,3.805000066757202,3.7100000381469727,3.7799999713897705,2.960808753967285,239900,,,,,,,,
2020-10-02,3.680000066757202,3.7799999713897705,3.680000066757202,3.700000047683716,2.898146390914917,248900,,,,,,,,
2020-10-05,3.7899999618530273,3.890000104904175,3.7899999618530273,3.8499999046325684,3.0156378746032715,97300,,,,,,,,
2020-10-06,3.799999952316284,3.9000000953674316,3.799999952316284,3.8299999237060547,2.999972343444824,110500,,,,,,,,
2020-10-07,3.819999933242798,3.9000000953674316,3.809999942779541,3.8399999141693115,3.007805109024048,81700,,,,,,,,
2020-10-08,3.819999933242798,3.890000104904175,3.819999933242798,3.869999885559082,3.031303644180298,70500,,,,,,,,
2020-10-09,3.869999885559082,3.950000047683716,3.8499999046325684,3.940000057220459,3.0861339569091797,140300,,,,,,,,
2020-10-12,3.7799999713897705,3.809999942779541,3.7300000190734863,3.75,2.937310218811035,127200,,,,,,,,
2020-10-13,3.690000057220459,3.690000057220459,3.619999885559082,3.6500000953674316,2.8589816093444824,57500,,,,,,,,
2020-10-14,3.6500000953674316,3.700000047683716,3.630000114440918,3.6700000762939453,2.874647378921509,47800,,,,,,,,
2020-10-15,3.6600000858306885,3.7100000381469727,3.640000104904175,3.7100000381469727,2.9059784412384033,80200,,,,,,,,
2020-10-16,3.6500000953674316,3.7179999351501465,3.640000104904175,3.690000057220459,2.890312910079956,99400,,,,,,,,
2020-10-19,3.690000057220459,3.7899999618530273,3.690000057220459,3.7100000381469727,2.9059784412384033,145700,,,,,,,,
2020-10-20,3.7100000381469727,3.7799999713897705,3.7100000381469727,3.7699999809265137,2.9529757499694824,101700,,,,,,,,
2020-10-21,3.7100000381469727,3.740000009536743,3.680000066757202,3.690000057220459,2.890312910079956,67900,,,,,,,,
2020-10-22,3.6600000858306885,3.740000009536743,3.640000104904175,3.7200000286102295,2.913811206817627,78200,,,,,,,,
2020-10-23,3.7200000286102295,3.765000104904175,3.680000066757202,3.7300000190734863,2.9216439723968506,99300,,,,,,,,
2020-10-26,3.700000047683716,3.7899999618530273,3.700000047683716,3.759999990463257,2.9451427459716797,77400,,,,,,,,
2020-10-27,3.75,3.7699999809265137,3.630000114440918,3.630000114440918,2.843315601348877,116300,,,,,,,,
2020-10-28,3.640000104904175,3.680000066757202,3.569999933242798,3.5999999046325684,2.819817066192627,105100,,,,,,,,
2020-10-29,3.5999999046325684,3.680000066757202,3.5450000762939453,3.6700000762939453,2.874647378921509,58700,,,,,,,,
2020-10-30,3.609999895095825,3.680000066757202,3.5899999141693115,3.619999885559082,2.8354833126068115,96100,,,,,,,,
2020-11-02,3.619999885559082,3.7200000286102295,3.619999885559082,3.7100000381469727,2.9059784412384033,105700,,,,,,,,
2020-11-03,3.5799999237060547,3.6500000953674316,3.559999942779541,3.619999885559082,2.8354833126068115,85400,,,,,,,,
2020-11-04,3.5899999141693115,3.609999895095825,3.5299999713897705,3.559999942779541,2.7884860038757324,80000,,,,,,,,
2020-11-05,3.609999895095825,3.630000114440918,3.5899999141693115,3.630000114440918,2.843315601348877,71100,,,,,,,,
2020-11-06,3.609999895095825,3.640000104904175,3.572000026702881,3.619999885559082,2.8354833126068115,49800,,,,,,,,
2020-11-09,3.819999933242798,3.8299999237060547,3.694999933242798,3.740000009536743,2.9294772148132324,159100,,,,,,,,
2020-11-10,3.740000009536743,3.75,3.6600000858306885,3.740000009536743,2.9294772148132324,125300,,,,,,,,
2020-11-11,3.7699999809265137,3.9000000953674316,3.7699999809265137,3.859999895095825,3.0234713554382324,108200,,,,,,,,
2020-11-12,3.9600000381469727,4.0,3.9100000858306885,3.9800000190734863,3.1174654960632324,73500,,,,,,,,
2020-11-13,4.0,4.0329999923706055,3.9700000286102295,3.9800000190734863,3.1174654960632324,89100,,,,,,,,
2020-11-16,4.050000190734863,4.079999923706055,4.03000020980835,4.070000171661377,3.187960386276245,59600,,,,,,,,
2020-11-17,4.090000152587891,4.119999885559082,4.070000171661377,4.099999904632568,3.211458683013916,80400,,,,,,,,
2020-11-18,4.139999866485596,4.199999809265137,4.099999904632568,4.159999847412109,3.258455514907837,116200,,,,,,,,
2020-11-19,4.119999885559082,4.159999847412109,4.110000133514404,4.150000095367432,3.2506232261657715,56900,,,,,,,,
2020-11-20,4.159999847412109,4.170000076293945,4.099999904632568,4.130000114440918,3.234957456588745,93600,,,,,,,,
2020-11-23,4.239999771118164,4.369999885559082,4.199999809265137,4.349999904632568,3.4072797298431396,218900,,,,,,,,
2020-11-24,4.409999847412109,4.579999923706055,4.409999847412109,4.559999942779541,3.5717694759368896,218000,,,,,,,,
2020-11-25,4.699999809265137,4.739999771118164,4.650000095367432,4.710000038146973,3.6892611980438232,138300,,,,,,,,
2020-11-27,4.710000038146973,4.769999980926514,4.710000038146973,4.769999980926514,3.736257791519165,144900,,,,,,,,
2020-11-30,4.760000228881836,4.820000171661377,4.690000057220459,4.699999809265137,3.681428909301758,189600,,,,,,,,
2020-12-01,4.71999979019165,4.728000164031982,4.619999885559082,4.659999847412109,3.6500964164733887,174100,,,,,,,,
2020-12-02,4.559999942779541,4.579999923706055,4.46999979019165,4.53000020980835,3.565870523452759,115900,,,,,,,,
2020-12-03,4.579999923706055,4.619999885559082,4.46999979019165,4.570000171661377,3.5973570346832275,154200,,,,,,,,
2020-12-04,4.570000171661377,4.650000095367432,4.5,4.639999866485596,3.6524574756622314,125600,,,,,,,,
2020-12-07,4.809999942779541,4.820000171661377,4.695000171661377,4.800000190734863,3.77840518951416,160900,,,,,,,,
2020-12-08,4.769999980926514,4.789999961853027,4.650000095367432,4.710000038146973,3.7075603008270264,227800,,,,,,,,
2020-12-09,4.760000228881836,4.840000152587891,4.730000019073486,4.769999980926514,3.7547905445098877,118800,,,,,,,,
2020-12-10,4.744999885559082,4.760000228881836,4.659999847412109,4.739999771118164,3.731175661087036,61300,,,,,,,,
2020-12-11,4.739999771118164,4.769999980926514,4.619999885559082,4.71999979019165,3.7154321670532227,53300,,,,,,,,
2020-12-14,4.71999979019165,4.769999980926514,4.670000076293945,4.670000076293945,3.676072835922241,67800,,,,,,,,
2020-12-15,4.75,4.789999961853027,4.670000076293945,4.75,3.739046573638916,76300,,,,,,,,
2020-12-16,4.75,4.75,4.630000114440918,4.699999809265137,3.699688196182251,100000,,,,,,,,
2020-12-17,4.690000057220459,4.739999771118164,4.619999885559082,4.699999809265137,3.699688196182251,102900,,,,,,,,
2020-12-18,4.690000057220459,4.699999809265137,4.571000099182129,4.619999885559082,3.6367154121398926,192800,,,,,,,,
2020-12-21,4.559999942779541,4.610000133514404,4.489999771118164,4.610000133514404,3.6288437843322754,117900,,,,,,,,
2020-12-22,4.53000020980835,4.599999904632568,4.510000228881836,4.539999961853027,3.573741912841797,57000,,,,,,,,
2020-12-23,4.53000020980835,4.579999923706055,4.53000020980835,4.570000171661377,3.5973570346832275,55700,,,,,,,,
2020-12-24,4.579999923706055,4.690000057220459,4.559999942779541,4.690000057220459,3.691817045211792,81300,,,,,,,,
2020-12-28,4.860000133514404,4.920000076293945,4.820000171661377,4.849999904632568,3.817763566970825,230600,,,,,,,,
2020-12-29,4.900000095367432,4.909999847412109,4.78000020980835,4.860000133514404,3.8256351947784424,181100,,,,,,,,
2020-12-30,4.900000095367432,5.059999942779541,4.900000095367432,5.050000190734863,3.9751977920532227,127400,,,,,,,,
2020-12-31,4.989999771118164,5.130000114440918,4.949999809265137,5.050000190734863,3.9751977920532227,528100,,,,,,,,
2021-01-04,5.099999904632568,5.099999904632568,4.960000038146973,5.0,3.9358386993408203,250600,,,,,,,,
2021-01-05,4.980000019073486,5.090000152587891,4.980000019073486,5.079999923706055,3.9988129138946533,98400,,,,,,,,
2021-01-06,5.230000019073486,5.389999866485596,5.230000019073486,5.340000152587891,4.2034759521484375,275500,,,,,,,,
2021-01-07,5.519999980926514,5.639999866485596,5.5,5.570000171661377,4.384524822235107,220300,,,,,,,,
2021-01-08,5.559999942779541,5.590000152587891,5.409999847412109,5.510000228881836,4.337294101715088,211600,,,,,,,,
2021-01-11,5.480000019073486,5.5960001945495605,5.480000019073486,5.519999980926514,4.345166206359863,210700,,,,,,,,
2021-01-12,5.480000019073486,5.550000190734863,5.360000133514404,5.519999980926514,4.345166206359863,292500,,,,,,,,
2021-01-13,5.539999961853027,5.630000114440918,5.519999980926514,5.590000152587891,4.4002685546875,257800,,,,,,,,
2021-01-14,5.429999828338623,5.5,5.349999904632568,5.449999809265137,4.290064811706543,243000,,,,,,,,
2021-01-15,5.409999847412109,5.409999847412109,5.300000190734863,5.340000152587891,4.2034759521484375,191100,,,,,,,,
2021-01-19,5.46999979019165,5.5329999923706055,5.389999866485596,5.5,4.329422950744629,84400,,,,,,,,
2021-01-20,5.489999771118164,5.489999771118164,5.400000095367432,5.46999979019165,4.305807590484619,120300,,,,,,,,
2021-01-21,5.46999979019165,5.49399995803833,5.360000133514404,5.440000057220459,4.282193183898926,63600,,,,,,,,
2021-01-22,5.440000057220459,5.440000057220459,5.340000152587891,5.420000076293945,4.266449928283691,60100,,,,,,,,
2021-01-25,5.369999885559082,5.380000114440918,5.289999961853027,5.349999904632568,4.211346626281738,125200,,,,,,,,
2021-01-26,5.429999828338623,5.429999828338623,5.340000152587891,5.349999904632568,4.211346626281738,41800,,,,,,,,
2021-01-27,5.380000114440918,5.449999809265137,5.329999923706055,5.329999923706055,4.1956048011779785,143000,,,,,,,,
2021-01-28,5.349999904632568,5.480000019073486,5.313000202178955,5.460000038146973,4.29793643951416,193600,,,,,,,,
2021-01-29,5.389999866485596,5.449999809265137,5.309999942779541,5.320000171661377,4.1877336502075195,217000,,,,,,,,
2021-02-01,5.309999942779541,5.364999771118164,5.25,5.340000152587891,4.2034759521484375,216900,,,,,,,,
2021-02-02,5.340000152587891,5.400000095367432,5.239999771118164,5.329999923706055,4.1956048011779785,266600,,,,,,,,
2021-02-03,5.28000020980835,5.420000076293945,5.28000020980835,5.369999885559082,4.227090835571289,242900,,,,,,,,
2021-02-04,5.28000020980835,5.408999919891357,5.269999980926514,5.309999942779541,4.179859638214111,70000,,,,,,,,
2021-02-05,5.349999904632568,5.380000114440918,5.295000076293945,5.369999885559082,4.227090835571289,56500,,,,,,,,
2021-02-08,5.349999904632568,5.440000057220459,5.309999942779541,5.409999847412109,4.258577823638916,162300,,,,,,,,
2021-02-09,5.53000020980835,5.650000095367432,5.519999980926514,5.630000114440918,4.431755065917969,224700,,,,,,,,
2021-02-10,5.690000057220459,5.739999771118164,5.570000171661377,5.710000038146973,4.49472713470459,135500,,,,,,,,
2021-02-11,5.739999771118164,5.739999771118164,5.619999885559082,5.679999828338623,4.4711127281188965,161800,,,,,,,,
2021-02-12,5.710000038146973,5.78000020980835,5.690999984741211,5.769999980926514,4.541958332061768,102200,,,,,,,,
2021-02-16,5.949999809265137,6.079999923706055,5.869999885559082,5.980000019073486,4.707262992858887,335700,,,,,,,,
2021-02-17,5.96999979019165,6.010000228881836,5.934999942779541,5.949999809265137,4.6836466789245605,128400,,,,,,,,
2021-02-18,5.980000019073486,5.989999771118164,5.769999980926514,5.809999942779541,4.573445796966553,110100,,,,,,,,
2021-02-19,5.800000190734863,5.900000095367432,5.699999809265137,5.880000114440918,4.628547191619873,127800,,,,,,,,
2021-02-22,5.829999923706055,5.940000057220459,5.800000190734863,5.909999847412109,4.652162075042725,459600,,,,,,,,
2021-02-23,5.869999885559082,5.940000057220459,5.78000020980835,5.880000114440918,4.628547191619873,284700,,,,,,,,
2021-02-24,5.869999885559082,5.929999828338623,5.820000171661377,5.920000076293945,4.660033702850342,151600,,,,,,,,
2021-02-25,5.920000076293945,5.921999931335449,5.715000152587891,5.769999980926514,4.541958332061768,121200,,,,,,,,
2021-02-26,5.769999980926514,5.806000232696533,5.559999942779541,5.699999809265137,4.4868550300598145,134000,,,,,,,,
2021-03-01,5.869999885559082,5.929999828338623,5.840000152587891,5.849999904632568,4.604931354522705,116400,,,,,,,,
2021-03-02,5.869999885559082,5.929999828338623,5.829999923706055,5.860000133514404,4.612804412841797,85000,,,,,,,,
2021-03-03,5.849999904632568,5.900000095367432,5.809999942779541,5.849999904632568,4.626246929168701,91500,,,,,,,,
2021-03-04,5.869999885559082,5.920000076293945,5.691999912261963,5.739999771118164,4.539258003234863,94700,,,,,,,,
2021-03-05,5.789999961853027,5.889999866485596,5.715000152587891,5.880000114440918,4.649971961975098,58700,,,,,,,,
2021-03-08,5.880000114440918,5.889999866485596,5.809999942779541,5.809999942779541,4.594614505767822,81400,,,,,,,,
2021-03-09,6.0,6.03000020980835,5.920000076293945,5.929999828338623,4.689511299133301,162800,,,,,,,,
2021-03-10,6.0,6.110000133514404,6.0,6.059999942779541,4.792317867279053,141200,,,,,,,,
2021-03-11,6.070000171661377,6.090000152587891,6.03000020980835,6.070000171661377,4.800225734710693,146600,,,,,,,,
2021-03-12,6.090000152587891,6.130000114440918,5.989999771118164,6.010000228881836,4.752777576446533,95000,,,,,,,,
2021-03-15,6.099999904632568,6.119999885559082,6.0,6.099999904632568,4.823948860168457,166900,,,,,,,,
2021-03-16,6.119999885559082,6.119999885559082,6.019999980926514,6.019999980926514,4.760684013366699,230300,,,,,,,,
2021-03-17,5.96999979019165,6.0,5.875,5.980000019073486,4.729052543640137,127600,,,,,,,,
2021-03-18,5.980000019073486,6.0279998779296875,5.909999847412109,5.920000076293945,4.681604385375977,102100,,,,,,,,
2021-03-19,5.860000133514404,5.929999828338623,5.809999942779541,5.920000076293945,4.681604385375977,330300,,,,,,,,
2021-03-22,6.050000190734863,6.070000171661377,5.980000019073486,6.070000171661377,4.800225734710693,102800,,,,,,,,
2021-03-23,6.039999961853027,6.039999961853027,5.900000095367432,5.920000076293945,4.681604385375977,108500,,,,,,,,
2021-03-24,6.03000020980835,6.070000171661377,5.920000076293945,5.960000038146973,4.713235855102539,118600,,,,,,,,
2021-03-25,5.789999961853027,5.889999866485596,5.744999885559082,5.849999904632568,4.626246929168701,111000,,,,,,,,
2021-03-26,5.849999904632568,5.965000152587891,5.789999961853027,5.840000152587891,4.6183390617370605,97400,,,,,,,,
2021-03-29,5.889999866485596,5.909999847412109,5.75,5.789999961853027,4.578798294067383,111100,,,,,,,,
2021-03-30,5.849999904632568,5.929999828338623,5.809999942779541,5.900000095367432,4.665787696838379,121000,,,,,,,,
2021-03-31,5.900000095367432,5.900000095367432,5.769999980926514,5.809999942779541,4.594614505767822,95000,,,,,,,,
2021-04-01,5.800000190734863,5.869999885559082,5.78000020980835,5.860000133514404,4.634155750274658,132000,,,,,,,,
2021-04-05,6.199999809265137,6.25,6.119999885559082,6.199999809265137,4.903030872344971,365200,,,,,,,,
2021-04-06,6.269999980926514,6.309999942779541,6.235000133514404,6.260000228881836,4.9504804611206055,172300,,,,,,,,
2021-04-07,6.25,6.289999961853027,6.179999828338623,6.25,4.942571640014648,157200,,,,,,,,
2021-04-08,6.409999847412109,6.409999847412109,6.340000152587891,6.389999866485596,5.053285121917725,141700,,,,,,,,
2021-04-09,6.340000152587891,6.400000095367432,6.309999942779541,6.389999866485596,5.053285121917725,60200,,,,,,,,
2021-04-12,6.360000133514404,6.375,6.230000019073486,6.269999980926514,4.958387851715088,69500,,,,,,,,
2021-04-13,6.269999980926514,6.409999847412109,6.269999980926514,6.340000152587891,5.013744354248047,109700,,,,,,,,
2021-04-14,6.369999885559082,6.46999979019165,6.349999904632568,6.440000057220459,5.0928263664245605,101300,,,,,,,,
2021-04-15,6.440000057220459,6.489999771118164,6.340000152587891,6.449999809265137,5.100734233856201,181400,,,,,,,,
2021-04-16,6.449999809265137,6.489999771118164,6.449999809265137,6.449999809265137,5.100734233856201,118000,,,,,,,,
2021-04-19,6.460000038146973,6.510000228881836,6.389999866485596,6.449999809265137,5.100734233856201,217700,,,,,,,,
2021-04-20,6.460000038146973,6.480000019073486,6.239999771118164,6.389999866485596,5.053285121917725,305800,,,,,,,,
2021-04-21,6.409999847412109,6.489999771118164,6.400000095367432,6.440000057220459,5.0928263664245605,147600,,,,,,,,
2021-04-22,6.409999847412109,6.429999828338623,6.329999923706055,6.380000114440918,5.045377731323242,126300,,,,,,,,
2021-04-23,6.440000057220459,6.519999980926514,6.400000095367432,6.429999828338623,5.084917068481445,147900,,,,,,,,
2021-04-26,6.239999771118164,6.340000152587891,6.159999847412109,6.230000019073486,4.926755905151367,163000,,,,,,,,
2021-04-27,6.260000228881836,6.369999885559082,6.260000228881836,6.260000228881836,4.9504804611206055,126300,,,,,,,,
2021-04-28,6.28000020980835,6.320000171661377,6.239999771118164,6.260000228881836,4.9504804611206055,92600,,,,,,,,
2021-04-29,6.340000152587891,6.579999923706055,6.340000152587891,6.519999980926514,5.15609073638916,603200,,,,,,,,
2021-04-30,6.5,7.070000171661377,6.5,6.619999885559082,5.235171794891357,2701100,,,,,,,,
2021-05-03,6.75,6.769999980926514,6.599999904632568,6.730000019073486,5.3221611976623535,491700,,,,,,,,
2021-05-04,6.699999809265137,6.800000190734863,6.670000076293945,6.769999980926514,5.353794097900391,379400,,,,,,,,
2021-05-05,6.820000171661377,7.0,6.789999961853027,6.880000114440918,5.44078254699707,481800,,,,,,,,
2021-05-06,6.920000076293945,7.0,6.730000019073486,6.960000038146973,5.504047870635986,407800,,,,,,,,
2021-05-07,7.050000190734863,7.059999942779541,6.926000118255615,6.989999771118164,5.527771949768066,245000,,,,,,,,
2021-05-10,6.889999866485596,6.960000038146973,6.829999923706055,6.840000152587891,5.40915060043335,277400,,,,,,,,
2021-05-11,6.730000019073486,6.849999904632568,6.679999828338623,6.800000190734863,5.377518177032471,203100,,,,,,,,
2021-05-12,6.789999961853027,6.876999855041504,6.75,6.769999980926514,5.353794097900391,186700,,,,,,,,
2021-05-13,6.769999980926514,6.788000106811523,6.519999980926514,6.690000057220459,5.29052734375,220900,,,,,,,,
2021-05-14,6.789999961853027,6.809999942779541,6.679999828338623,6.75,5.337976932525635,180400,,,,,,,,
2021-05-17,6.699999809265137,6.809999942779541,6.670000076293945,6.789999961853027,5.369609832763672,115900,,,,,,,,
2021-05-18,6.840000152587891,6.920000076293945,6.840000152587891,6.880000114440918,5.44078254699707,234300,,,,,,,,
2021-05-19,6.809999942779541,6.849999904632568,6.739999771118164,6.800000190734863,5.377518177032471,170600,,,,,,,,
2021-05-20,6.820000171661377,6.900000095367432,6.800000190734863,6.889999866485596,5.448690891265869,128000,,,,,,,,
2021-05-21,6.900000095367432,6.949999809265137,6.809999942779541,6.809999942779541,5.385425090789795,100900,,,,,,,,
2021-05-24,7.0,7.079999923706055,6.985000133514404,7.079999923706055,5.598944664001465,220500,,,,,,,,
2021-05-25,7.03000020980835,7.070000171661377,6.849999904632568,6.980000019073486,5.519863605499268,248800,,,,,,,,
2021-05-26,7.059999942779541,7.110000133514404,7.039999961853027,7.090000152587891,5.606853485107422,446900,,,,,,,,
2021-05-27,7.170000076293945,7.400000095367432,7.130000114440918,7.210000038146973,5.701750755310059,320000,,,,,,,,
2021-05-28,7.210000038146973,7.260000228881836,7.159999847412109,7.190000057220459,5.685933589935303,105400,,,,,,,,
2021-06-01,7.25,7.349999904632568,7.230000019073486,7.309999942779541,5.780831813812256,277800,,,,,,,,
2021-06-02,7.380000114440918,7.400000095367432,7.309999942779541,7.369999885559082,5.870037078857422,172500,,,,,,,,
2021-06-03,7.260000228881836,7.349999904632568,7.230000019073486,7.349999904632568,5.854106903076172,88700,,,,,,,,
2021-06-04,7.389999866485596,7.489999771118164,7.340000152587891,7.440000057220459,5.925789833068848,191800,,,,,,,,
2021-06-07,7.5,7.550000190734863,7.429999828338623,7.480000019073486,5.957648754119873,185200,,,,,,,,
2021-06-08,7.5,7.559999942779541,7.440000057220459,7.510000228881836,5.981544494628906,222100,,,,,,,,
2021-06-09,7.400000095367432,7.400000095367432,7.28000020980835,7.349999904632568,5.854106903076172,177400,,,,,,,,
2021-06-10,7.300000190734863,7.340000152587891,7.269999980926514,7.309999942779541,5.822248935699463,142600,,,,,,,,
2021-06-11,7.369999885559082,7.369999885559082,7.300000190734863,7.329999923706055,5.8381781578063965,86200,,,,,,,,
2021-06-14,7.369999885559082,7.389999866485596,7.269999980926514,7.289999961853027,5.806319236755371,143200,,,,,,,,
2021-06-15,7.340000152587891,7.360000133514404,7.260000228881836,7.300000190734863,5.814283847808838,237700,,,,,,,,
2021-06-16,7.309999942779541,7.309999942779541,7.159999847412109,7.25,5.774460315704346,199500,,,,,,,,
2021-06-17,7.03000020980835,7.050000190734863,6.849999904632568,6.980000019073486,5.559412002563477,446500,,,,,,,,
2021-06-18,6.889999866485596,6.920000076293945,6.809999942779541,6.840000152587891,5.447903633117676,300900,,,,,,,,
2021-06-21,6.900000095367432,7.03000020980835,6.900000095367432,6.980000019073486,5.559412002563477,190600,,,,,,,,
2021-06-22,7.130000114440918,7.139999866485596,6.949999809265137,6.980000019073486,5.559412002563477,441800,,,,,,,,
2021-06-23,7.059999942779541,7.110000133514404,7.031000137329102,7.079999923706055,5.639059066772461,140700,,,,,,,,
2021-06-24,7.110000133514404,7.110000133514404,7.019999980926514,7.050000190734863,5.615164756774902,118000,,,,,,,,
2021-06-25,7.050000190734863,7.099999904632568,6.96999979019165,6.96999979019165,5.551445960998535,118000,,,,,,,,
2021-06-28,6.900000095367432,6.909999847412109,6.840000152587891,6.840000152587891,5.447903633117676,140600,,,,,,,,
2021-06-29,6.880000114440918,6.929999828338623,6.860000133514404,6.869999885559082,5.471797943115234,98900,,,,,,,,
2021-06-30,6.809999942779541,6.880000114440918,6.75,6.860000133514404,5.463834285736084,203300,,,,,,,,
2021-07-01,6.949999809265137,6.949999809265137,6.840000152587891,6.880000114440918,5.479763031005859,141800,,,,,,,,
2021-07-02,6.909999847412109,6.909999847412109,6.829999923706055,6.849999904632568,5.455869197845459,58900,,,,,,,,
2021-07-06,6.940000057220459,6.960000038146973,6.800000190734863,6.840000152587891,5.447903633117676,173400,,,,,,,,
2021-07-07,6.760000228881836,6.864999771118164,6.639999866485596,6.809999942779541,5.424009323120117,148000,,,,,,,,
2021-07-08,6.590000152587891,6.690000057220459,6.539999961853027,6.650000095367432,5.296574115753174,206100,,,,,,,,
2021-07-09,6.710000038146973,6.75,6.659999847412109,6.690000057220459,5.328431606292725,199200,,,,,,,,
2021-07-12,6.71999979019165,6.739999771118164,6.650000095367432,6.710000038146973,5.344361782073975,111400,,,,,,,,
2021-07-13,6.789999961853027,6.849999904632568,6.760000228881836,6.809999942779541,5.424009323120117,111600,,,,,,,,
2021-07-14,6.860000133514404,6.909999847412109,6.824999809265137,6.860000133514404,5.463834285736084,114400,,,,,,,,
2021-07-15,6.889999866485596,6.920000076293945,6.809999942779541,6.880000114440918,5.479763031005859,94900,,,,,,,,
2021-07-16,6.909999847412109,6.949999809265137,6.760000228881836,6.78000020980835,5.400115966796875,133500,,,,,,,,
2021-07-19,6.670000076293945,6.679999828338623,6.429999828338623,6.559999942779541,5.22489070892334,145200,,,,,,,,
2021-07-20,6.570000171661377,6.71999979019165,6.570000171661377,6.690000057220459,5.328431606292725,132400,,,,,,,,
2021-07-21,6.71999979019165,6.820000171661377,6.690000057220459,6.769999980926514,5.392150402069092,156700,,,,,,,,
2021-07-22,6.699999809265137,6.739999771118164,6.650000095367432,6.679999828338623,5.320467948913574,151000,,,,,,,,
2021-07-23,6.730000019073486,6.769000053405762,6.659999847412109,6.730000019073486,5.360291004180908,78600,,,,,,,,
2021-07-26,7.050000190734863,7.159999847412109,7.0,7.110000133514404,5.6629533767700195,220300,,,,,,,,
2021-07-27,7.050000190734863,7.119999885559082,6.96999979019165,7.050000190734863,5.615164756774902,104000,,,,,,,,
2021-07-28,7.150000095367432,7.230000019073486,7.059999942779541,7.199999809265137,5.734636306762695,154800,,,,,,,,
2021-07-29,7.300000190734863,7.349999904632568,7.25,7.340000152587891,5.846142292022705,73900,,,,,,,,
2021-07-30,7.320000171661377,7.389999866485596,7.199999809265137,7.300000190734863,5.814283847808838,145300,,,,,,,,
2021-08-02,7.5,7.5,7.360000133514404,7.420000076293945,5.9098615646362305,181700,,,,,,,,
2021-08-03,7.380000114440918,7.420000076293945,7.300000190734863,7.369999885559082,5.870037078857422,98200,,,,,,,,
2021-08-04,7.300000190734863,7.348999977111816,7.28000020980835,7.289999961853027,5.806319236755371,75100,,,,,,,,
2021-08-05,7.230000019073486,7.25,7.130000114440918,7.159999847412109,5.70277738571167,113000,,,,,,,,
2021-08-06,7.159999847412109,7.21999979019165,7.139999866485596,7.190000057220459,5.7266716957092285,41000,,,,,,,,
2021-08-09,7.0,7.0,6.940000057220459,6.960000038146973,5.543481349945068,159300,,,,,,,,
2021-08-10,7.260000228881836,7.360000133514404,7.230000019073486,7.309999942779541,5.822248935699463,189500,,,,,,,,
2021-08-11,7.360000133514404,7.389999866485596,7.320000171661377,7.360000133514404,5.862072467803955,56100,,,,,,,,
2021-08-12,7.369999885559082,7.389999866485596,7.269999980926514,7.369999885559082,5.870037078857422,46500,,,,,,,,
2021-08-13,7.340000152587891,7.389999866485596,7.289999961853027,7.380000114440918,5.878002166748047,79300,,,,,,,,
2021-08-16,7.300000190734863,7.300000190734863,7.160999774932861,7.210000038146973,5.742600440979004,76400,,,,,,,,
2021-08-17,7.010000228881836,7.050000190734863,6.880000114440918,6.989999771118164,5.567375183105469,111900,,,,,,,,
2021-08-18,7.0,7.090000152587891,7.0,7.010000228881836,5.625151634216309,63100,,,,,,,,
2021-08-19,6.920000076293945,7.0,6.840000152587891,6.880000114440918,5.5208330154418945,176900,,,,,,,,
2021-08-20,6.920000076293945,7.019999980926514,6.900000095367432,6.980000019073486,5.601078510284424,55000,,,,,,,,
2021-08-23,6.949999809265137,7.010000228881836,6.909999847412109,6.949999809265137,5.577005386352539,129000,,,,,,,,
2021-08-24,6.940000057220459,6.960000038146973,6.860000133514404,6.869999885559082,5.5128092765808105,238400,,,,,,,,
2021-08-25,6.869999885559082,6.929999828338623,6.869999885559082,6.920000076293945,5.552931785583496,276400,,,,,,,,
2021-08-26,6.96999979019165,6.96999979019165,6.860000133514404,6.889999866485596,5.528857707977295,288600,,,,,,,,
2021-08-27,6.929999828338623,7.019999980926514,6.929999828338623,6.980000019073486,5.601078510284424,266600,,,,,,,,
2021-08-30,7.059999942779541,7.150000095367432,6.965000152587891,7.010000228881836,5.625151634216309,1293500,,,,,,,,
2021-08-31,7.0,7.260000228881836,6.980000019073486,7.130000114440918,5.721445560455322,703700,,,,,,,,
2021-09-01,7.190000057220459,7.21999979019165,7.150000095367432,7.179999828338623,5.761567115783691,203600,,,,,,,,
2021-09-02,7.090000152587891,7.199999809265137,7.059999942779541,7.190000057220459,5.76959228515625,168400,,,,,,,,
2021-09-03,7.159999847412109,7.190000057220459,7.110000133514404,7.130000114440918,5.721445560455322,72500,,,,,,,,
2021-09-07,7.130000114440918,7.190000057220459,7.130000114440918,7.139999866485596,5.729469299316406,66700,,,,,,,,
2021-09-08,7.139999866485596,7.159999847412109,7.019999980926514,7.079999923706055,5.681323528289795,115600,,,,,,,,
2021-09-09,6.989999771118164,7.130000114440918,6.96999979019165,7.059999942779541,5.665273666381836,96700,,,,,,,,
2021-09-10,7.099999904632568,7.130000114440918,7.039999961853027,7.050000190734863,5.657249927520752,104200,,,,,,,,
2021-09-13,7.199999809265137,7.199999809265137,7.129000186920166,7.170000076293945,5.753543376922607,68300,,,,,,,,
2021-09-14,7.170000076293945,7.190000057220459,7.070000171661377,7.079999923706055,5.681323528289795,107000,,,,,,,,
2021-09-15,7.070000171661377,7.21999979019165,7.019999980926514,7.210000038146973,5.785641670227051,77200,,,,,,,,
2021-09-16,7.130000114440918,7.21999979019165,7.110000133514404,7.170000076293945,5.753543376922607,65800,,,,,,,,
2021-09-17,7.150000095367432,7.239999771118164,7.050000190734863,7.230000019073486,5.801690101623535,396400,,,,,,,,
2021-09-20,7.050000190734863,7.070000171661377,6.909999847412109,6.989999771118164,5.609102249145508,257700,,,,,,,,
2021-09-21,7.079999923706055,7.079999923706055,6.960000038146973,7.059999942779541,5.665273666381836,131700,,,,,,,,
2021-09-22,7.119999885559082,7.199999809265137,7.090000152587891,7.139999866485596,5.729469299316406,71300,,,,,,,,
2021-09-23,7.150000095367432,7.349999904632568,7.150000095367432,7.300000190734863,5.8578619956970215,150800,,,,,,,,
2021-09-24,7.199999809265137,7.409999847412109,7.199999809265137,7.28000020980835,5.841812610626221,275700,,,,,,,,
2021-09-27,7.349999904632568,7.489999771118164,7.340000152587891,7.420000076293945,5.954155445098877,324100,,,,,,,,
2021-09-28,7.429999828338623,7.429999828338623,7.28000020980835,7.289999961853027,5.849836826324463,211600,,,,,,,,
2021-09-29,7.510000228881836,7.610000133514404,7.46999979019165,7.559999942779541,6.066498756408691,219800,,,,,,,,
2021-09-30,7.409999847412109,7.429999828338623,7.260000228881836,7.269999980926514,5.833787441253662,256000,,,,,,,,
2021-10-01,7.340000152587891,7.510000228881836,7.289999961853027,7.489999771118164,6.010326862335205,510500,,,,,,,,
2021-10-04,7.590000152587891,7.659999847412109,7.519999980926514,7.639999866485596,6.130693435668945,335000,,,,,,,,
2021-10-05,7.699999809265137,7.849999904632568,7.670000076293945,7.71999979019165,6.194888591766357,215000,,,,,,,,
2021-10-06,7.71999979019165,7.71999979019165,7.610000133514404,7.710000038146973,6.186864852905273,288800,,,,,,,,
2021-10-07,7.760000228881836,8.0600004196167,7.760000228881836,8.0,6.419574737548828,380200,,,,,,,,
2021-10-08,8.029999732971191,8.034000396728516,7.909999847412109,7.929999828338623,6.363402843475342,216000,,,,,,,,
2021-10-11,8.09000015258789,8.34000015258789,8.079999923706055,8.260000228881836,6.628210067749023,393300,,,,,,,,
2021-10-12,8.239999771118164,8.289999961853027,8.140000343322754,8.199999809265137,6.5800628662109375,295500,,,,,,,,
2021-10-13,8.199999809265137,8.199999809265137,8.050000190734863,8.109999656677246,6.507843494415283,174300,,,,,,,,
2021-10-14,8.220000267028809,8.260000228881836,8.180000305175781,8.1899995803833,6.5720391273498535,161100,,,,,,,,
2021-10-15,8.260000228881836,8.279999732971191,8.199999809265137,8.229999542236328,6.604135990142822,101000,,,,,,,,
2021-10-18,8.25,8.359999656677246,8.229999542236328,8.350000381469727,6.700430870056152,259200,,,,,,,,
2021-10-19,8.3100004196167,8.329999923706055,8.210000038146973,8.270000457763672,6.636235237121582,232000,,,,,,,,
2021-10-20,8.25,8.289999961853027,8.170000076293945,8.239999771118164,6.612161159515381,125500,,,,,,,,
2021-10-21,8.239999771118164,8.277000427246094,8.15999984741211,8.1899995803833,6.5720391273498535,175100,,,,,,,,
2021-10-22,8.25,8.34000015258789,8.210000038146973,8.3100004196167,6.668333053588867,187900,,,,,,,,
2021-10-25,8.59000015258789,8.789999961853027,8.460000038146973,8.75,7.021409511566162,440600,,,,,,,,
2021-10-26,8.529999732971191,8.640000343322754,8.430000305175781,8.479999542236328,6.80474853515625,260000,,,,,,,,
2021-10-27,8.65999984741211,8.699999809265137,8.545000076293945,8.600000381469727,6.901042461395264,245900,,,,,,,,
2021-10-28,8.600000381469727,8.649999618530273,8.510000228881836,8.619999885559082,6.917090892791748,157000,,,,,,,,
2021-10-29,8.65999984741211,8.6899995803833,8.520000457763672,8.670000076293945,6.957212924957275,216900,,,,,,,,
2021-11-01,8.8100004196167,8.890000343322754,8.770000457763672,8.880000114440918,7.12572717666626,227700,,,,,,,,
2021-11-02,9.050000190734863,9.050000190734863,8.720000267028809,8.800000190734863,7.061532497406006,269000,,,,,,,,
2021-11-03,8.649999618530273,9.0,8.630000114440918,8.949999809265137,7.181899070739746,216100,,,,,,,,
2021-11-04,8.949999809265137,8.970000267028809,8.75,8.819999694824219,7.077580451965332,294100,,,,,,,,
2021-11-05,8.989999771118164,8.989999771118164,8.741000175476074,8.819999694824219,7.077580451965332,146600,,,,,,,,
2021-11-08,8.930000305175781,9.029999732971191,8.930000305175781,9.020000457763672,7.238071441650391,150400,,,,,,,,
2021-11-09,9.029999732971191,9.029999732971191,8.829999923706055,8.90999984741211,7.149800777435303,273300,,,,,,,,
2021-11-10,8.869999885559082,8.920000076293945,8.640000343322754,8.720000267028809,6.997336387634277,197000,,,,,,,,
2021-11-11,8.760000228881836,8.819999694824219,8.720000267028809,8.779999732971191,7.045482158660889,138000,,,,,,,,
2021-11-12,8.739999771118164,8.800000190734863,8.704999923706055,8.739999771118164,7.013383388519287,90900,,,,,,,,
2021-11-15,8.829999923706055,8.880000114440918,8.751999855041504,8.800000190734863,7.061532497406006,117400,,,,,,,,
2021-11-16,9.109999656677246,9.180000305175781,9.050000190734863,9.109999656677246,7.310290336608887,301300,,,,,,,,
2021-11-17,9.5,9.569999694824219,9.380000114440918,9.420000076293945,7.559048175811768,246700,,,,,,,,
2021-11-18,9.479999542236328,9.59000015258789,9.4399995803833,9.5600004196167,7.671391487121582,266400,,,,,,,,
2021-11-19,9.529999732971191,9.5600004196167,9.430000305175781,9.470000267028809,7.599170684814453,145400,,,,,,,,
2021-11-22,9.520000457763672,9.550000190734863,9.40999984741211,9.489999771118164,7.615219593048096,176700,,,,,,,,
2021-11-23,9.270000457763672,9.300000190734863,9.069999694824219,9.140000343322754,7.334364414215088,217600,,,,,,,,
2021-11-24,9.229999542236328,9.260000228881836,9.149999618530273,9.199999809265137,7.382508754730225,144700,,,,,,,,
2021-11-26,8.979999542236328,9.029999732971191,8.859999656677246,9.020000457763672,7.238071441650391,182700,,,,,,,,
2021-11-29,9.119999885559082,9.180000305175781,8.960000038146973,9.039999961853027,7.2541184425354,225600,,,,,,,,
2021-11-30,8.880000114440918,8.920000076293945,8.600000381469727,8.6899995803833,6.973261833190918,334600,,,,,,,,
2021-12-01,8.899999618530273,8.920000076293945,8.670000076293945,8.699999809265137,6.98128604888916,320800,,,,,,,,
2021-12-02,8.619999885559082,8.770000457763672,8.619999885559082,8.739999771118164,7.080938339233398,123200,,,,,,,,
2021-12-03,8.760000228881836,8.850000381469727,8.579999923706055,8.649999618530273,7.008022785186768,151600,,,,,,,,
2021-12-06,9.029999732971191,9.170000076293945,9.0,9.09000015258789,7.364501476287842,197100,,,,,,,,
2021-12-07,9.369999885559082,9.430000305175781,9.300000190734863,9.350000381469727,7.575145721435547,281200,,,,,,,,
2021-12-08,9.65999984741211,9.760000228881836,9.567000389099121,9.640000343322754,7.81009578704834,324700,,,,,,,,
2021-12-09,9.630000114440918,9.649999618530273,9.550000190734863,9.5600004196167,7.745283126831055,160700,,,,,,,,
2021-12-10,9.539999961853027,9.739999771118164,9.539999961853027,9.670000076293945,7.834402561187744,204100,,,,,,,,
2021-12-13,9.65999984741211,9.670000076293945,9.470999717712402,9.489999771118164,7.688570022583008,173800,,,,,,,,
2021-12-14,9.449999809265137,9.489999771118164,9.300000190734863,9.399999618530273,7.615654468536377,190400,,,,,,,,
2021-12-15,9.399999618530273,9.5600004196167,9.25,9.550000190734863,7.737180709838867,254000,,,,,,,,
2021-12-16,9.59000015258789,9.75,9.550000190734863,9.699999809265137,7.858707904815674,379100,,,,,,,,
2021-12-17,9.5,9.75,9.449999809265137,9.670000076293945,7.834402561187744,682100,,,,,,,,
2021-12-20,9.079999923706055,9.180000305175781,8.869999885559082,9.050000190734863,7.332093238830566,444600,,,,,,,,
2021-12-21,9.199999809265137,9.350000381469727,9.09000015258789,9.229999542236328,7.477923393249512,243100,,,,,,,,
2021-12-22,9.229999542236328,9.390000343322754,9.180000305175781,9.369999885559082,7.591350078582764,381900,,,,,,,,
2021-12-23,9.380000114440918,9.529999732971191,9.380000114440918,9.510000228881836,7.704773902893066,285900,,,,,,,,
2021-12-27,9.600000381469727,9.800000190734863,9.600000381469727,9.789999961853027,7.9316229820251465,160200,,,,,,,,
2021-12-28,10.029999732971191,10.09000015258789,9.960000038146973,10.010000228881836,8.10986042022705,233700,,,,,,,,
2021-12-29,9.949999809265137,10.010000228881836,9.829999923706055,9.869999885559082,7.9964375495910645,457000,,,,,,,,
2021-12-30,9.699999809265137,9.739999771118164,9.630000114440918,9.640000343322754,7.81009578704834,207200,,,,,,,,
2021-12-31,9.640000343322754,9.670000076293945,9.579999923706055,9.670000076293945,7.834402561187744,127000,,,,,,,,
2022-01-03,9.75,9.918000221252441,9.720000267028809,9.789999961853027,7.9316229820251465,230600,,,,,,,,
2022-01-04,9.960000038146973,10.079999923706055,9.899999618530273,9.9399995803833,8.053149223327637,196400,,,,,,,,
2022-01-05,10.119999885559082,10.199999809265137,9.869999885559082,9.90999984741211,8.028844833374023,337300,,,,,,,,
2022-01-06,10.270000457763672,10.5600004196167,10.17300033569336,10.449999809265137,8.466340065002441,759100,,,,,,,,
2022-01-07,10.5,10.5600004196167,10.289999961853027,10.420000076293945,8.442033767700195,295700,,,,,,,,
2022-01-10,10.5600004196167,10.569999694824219,10.260000228881836,10.430000305175781,8.4501371383667,362200,,,,,,,,
2022-01-11,10.550000190734863,10.859999656677246,10.5,10.829999923706055,8.77420711517334,349600,,,,,,,,
2022-01-12,10.710000038146973,10.930000305175781,10.710000038146973,10.789999961853027,8.741799354553223,325800,,,,,,,,
2022-01-13,10.979999542236328,11.15999984741211,10.90999984741211,10.989999771118164,8.903834342956543,622400,,,,,,,,
2022-01-14,10.90999984741211,11.11299991607666,10.880999565124512,11.039999961853027,8.944343566894531,431100,,,,,,,,
2022-01-18,10.579999923706055,10.800000190734863,10.470000267028809,10.710000038146973,8.676985740661621,657300,,,,,,,,
2022-01-19,10.710000038146973,10.770000457763672,10.350000381469727,10.40999984741211,8.43393325805664,356500,,,,,,,,
2022-01-20,10.479999542236328,10.614999771118164,10.289999961853027,10.34000015258789,8.377218246459961,285700,,,,,,,,
2022-01-21,10.149999618530273,10.279999732971191,10.050000190734863,10.149999618530273,8.223288536071777,550900,,,,,,,,
2022-01-24,9.720000267028809,9.789999961853027,9.3100004196167,9.65999984741211,7.826301097869873,1005300,,,,,,,,
2022-01-25,9.359999656677246,9.5600004196167,9.229999542236328,9.479999542236328,7.680468559265137,555700,,,,,,,,
2022-01-26,9.470000267028809,9.529999732971191,9.100000381469727,9.229999542236328,7.477923393249512,470000,,,,,,,,
2022-01-27,9.229999542236328,9.229999542236328,8.84000015258789,8.970000267028809,7.267278671264648,411200,,,,,,,,
2022-01-28,9.029999732971191,9.039999961853027,8.8100004196167,9.020000457763672,7.307789325714111,275500,,,,,,,,
2022-01-31,8.890000343322754,9.069999694824219,8.859999656677246,9.050000190734863,7.332093238830566,215900,,,,,,,,
2022-02-01,9.0600004196167,9.390000343322754,9.017000198364258,9.359999656677246,7.583248138427734,538100,,,,,,,,
2022-02-02,9.399999618530273,9.399999618530273,9.206000328063965,9.300000190734863,7.534637928009033,233900,,,,,,,,
2022-02-03,9.430000305175781,9.5600004196167,9.350000381469727,9.390000343322754,7.607553958892822,335400,,,,,,,,
2022-02-04,9.289999961853027,9.5,9.289999961853027,9.460000038146973,7.66426420211792,301500,,,,,,,,
2022-02-07,9.569999694824219,9.720000267028809,9.5,9.609999656677246,7.785790920257568,477900,,,,,,,,
2022-02-08,9.8100004196167,9.890000343322754,9.680000305175781,9.84000015258789,7.972133159637451,387200,,,,,,,,
2022-02-09,10.079999923706055,10.130000114440918,9.875,10.069999694824219,8.15847396850586,702100,,,,,,,,
2022-02-10,9.710000038146973,10.15999984741211,9.710000038146973,9.949999809265137,8.061250686645508,762500,,,,,,,,
2022-02-11,9.930000305175781,10.029999732971191,9.729999542236328,9.800000190734863,7.939723014831543,418500,,,,,,,,
2022-02-14,10.130000114440918,10.180000305175781,9.819999694824219,9.880000114440918,8.004539489746094,769700,,,,,,,,
2022-02-15,9.890000343322754,10.149999618530273,9.821999549865723,10.100000381469727,8.182778358459473,367400,,,,,,,,
2022-02-16,10.100000381469727,10.270000457763672,10.069999694824219,10.199999809265137,8.263794898986816,426100,,,,,,,,
2022-02-17,10.289999961853027,10.470000267028809,10.289999961853027,10.369999885559082,8.40152645111084,358700,,,,,,,,
2022-02-18,10.390000343322754,10.460000038146973,10.154999732971191,10.279999732971191,8.32861042022705,332600,,,,,,,,
2022-02-22,10.550000190734863,10.640000343322754,10.402999877929688,10.550000190734863,8.547356605529785,524200,,,,,,,,
2022-02-23,10.760000228881836,10.800000190734863,10.520000457763672,10.59000015258789,8.688471794128418,578700,,,,,,,,
2022-02-24,10.539999961853027,10.819999694824219,10.536999702453613,10.800000190734863,8.86076545715332,600500,,,,,,,,
2022-02-25,10.789999961853027,11.265000343322754,10.710000038146973,11.220000267028809,9.205351829528809,693300,,,,,,,,
2022-02-28,11.220000267028809,11.680000305175781,11.15999984741211,11.640000343322754,9.549936294555664,703800,,,,,,,,
2022-03-01,11.010000228881836,11.010000228881836,10.520000457763672,10.569999694824219,8.672063827514648,1034900,,,,,,,,
2022-03-02,10.880000114440918,11.260000228881836,10.84000015258789,11.260000228881836,9.238168716430664,711700,,,,,,,,
2022-03-03,10.979999542236328,11.039999961853027,10.770000457763672,11.029999732971191,9.049466133117676,871300,,,,,,,,
2022-03-04,10.899999618530273,11.5600004196167,10.880000114440918,11.5,9.435075759887695,1680000,,,,,,,,
2022-03-07,11.579999923706055,12.210000038146973,11.5,11.949999809265137,9.804272651672363,2925900,,,,,,,,
2022-03-08,11.760000228881836,11.920000076293945,11.048999786376953,11.109999656677246,9.115102767944336,1742400,,,,,,,,
2022-03-09,10.930000305175781,11.199999809265137,10.77400016784668,11.100000381469727,9.106897354125977,963800,,,,,,,,
2022-03-10,10.829999923706055,11.380000114440918,10.789999961853027,11.369999885559082,9.328415870666504,2210700,,,,,,,,
2022-03-11,11.270000457763672,11.539999961853027,11.050000190734863,11.069999694824219,9.082283973693848,947100,,,,,,,,
2022-03-14,11.0600004196167,11.069999694824219,10.579999923706055,10.670000076293945,8.754108428955078,964400,,,,,,,,
2022-03-15,10.600000381469727,10.720000267028809,10.380000114440918,10.640000343322754,8.729496002197266,852500,,,,,,,,
2022-03-16,10.619999885559082,10.720000267028809,10.170000076293945,10.390000343322754,8.524382591247559,939200,,,,,,,,
2022-03-17,10.399999618530273,11.029999732971191,10.399999618530273,11.0,9.024852752685547,787900,,,,,,,,
2022-03-18,11.050000190734863,11.15999984741211,10.904999732971191,11.079999923706055,9.090487480163574,1998200,,,,,,,,
2022-03-21,11.3100004196167,11.84000015258789,11.3100004196167,11.75,9.640185356140137,1636000,,,,,,,,
2022-03-22,11.729999542236328,11.760000228881836,11.390000343322754,11.59000015258789,9.508913040161133,1280600,,,,,,,,
2022-03-23,11.609999656677246,11.989999771118164,11.579999923706055,11.850000381469727,9.722228050231934,1142900,,,,,,,,
2022-03-24,11.630000114440918,11.949999809265137,11.569999694824219,11.920000076293945,9.77966022491455,1045600,,,,,,,,
2022-03-25,12.0,12.180000305175781,11.850000381469727,12.029999732971191,9.869908332824707,1186100,,,,,,,,
2022-03-28,12.079999923706055,12.699999809265137,11.829999923706055,12.4399995803833,10.20628833770752,3777100,,,,,,,,
2022-03-29,11.859999656677246,11.95300006866455,11.260000228881836,11.729999542236328,9.62377643585205,2897700,,,,,,,,
2022-03-30,11.770000457763672,12.1899995803833,11.75,12.050000190734863,9.886316299438477,1356400,,,,,,,,
2022-03-31,11.899999618530273,12.25,11.729999542236328,12.069999694824219,9.902726173400879,1112200,,,,,,,,
2022-04-01,12.1899995803833,12.449999809265137,11.854999542236328,11.869999885559082,9.738637924194336,1072100,,,,,,,,
2022-04-04,11.880000114440918,12.050000190734863,11.6899995803833,11.979999542236328,9.828886032104492,1771500,,,,,,,,
2022-04-05,12.010000228881836,12.149999618530273,11.744999885559082,11.789999961853027,9.673002243041992,1555200,,,,,,,,
2022-04-06,11.800000190734863,12.010000228881836,11.5649995803833,11.699999809265137,9.599161148071289,1041900,,,,,,,,
2022-04-07,11.739999771118164,12.039999961853027,11.729999542236328,11.970000267028809,9.820680618286133,1033100,,,,,,,,
2022-04-08,12.09000015258789,12.239999771118164,11.920000076293945,12.079999923706055,9.910931587219238,1045700,,,,,,,,
2022-04-11,12.039999961853027,12.225000381469727,11.779999732971191,12.0,9.845295906066895,1242900,,,,,,,,
2022-04-12,11.829999923706055,12.220000267028809,11.770000457763672,12.010000228881836,9.853500366210938,1823200,,,,,,,,
2022-04-13,12.270000457763672,12.760000228881836,12.079999923706055,12.600000381469727,10.337559700012207,2382000,,,,,,,,
2022-04-14,12.600000381469727,12.960000038146973,12.520000457763672,12.680000305175781,10.40319538116455,1564900,,,,,,,,
2022-04-18,12.680000305175781,12.880000114440918,12.520000457763672,12.630000114440918,10.362173080444336,1234400,,,,,,,,
2022-04-19,12.65999984741211,12.729999542236328,12.369999885559082,12.600000381469727,10.337559700012207,778500,,,,,,,,
2022-04-20,12.609999656677246,12.729999542236328,12.25100040435791,12.489999771118164,10.247312545776367,613000,,,,,,,,
2022-04-21,12.75,12.75,11.61299991607666,11.75,9.640185356140137,1506900,,,,,,,,
2022-04-22,11.640000343322754,11.890000343322754,11.430000305175781,11.619999885559082,9.533527374267578,1390100,,,,,,,,
2022-04-25,11.390000343322754,11.420000076293945,10.739999771118164,11.180000305175781,9.17253303527832,1813600,,,,,,,,
2022-04-26,11.149999618530273,11.248000144958496,10.84000015258789,10.920000076293945,8.95921802520752,1075000,,,,,,,,
2022-04-27,11.119999885559082,11.220000267028809,10.880000114440918,11.09000015258789,9.098692893981934,955100,,,,,,,,
2022-04-28,11.149999618530273,11.300000190734863,10.940999984741211,11.239999771118164,9.221759796142578,717000,,,,,,,,
2022-04-29,11.210000038146973,11.420000076293945,10.890000343322754,10.970000267028809,9.00024127960205,673700,,,,,,,,
2022-05-02,10.970000267028809,11.1899995803833,10.8149995803833,11.020000457763672,9.041263580322266,844500,,,,,,,,
2022-05-03,11.0,11.539999961853027,10.850000381469727,11.390000343322754,9.344826698303223,1306400,,,,,,,,
2022-05-04,11.539999961853027,11.718999862670898,11.25,11.6899995803833,9.590956687927246,1108000,,,,,,,,
2022-05-05,11.739999771118164,11.739999771118164,11.079999923706055,11.140000343322754,9.139716148376465,1013800,,,,,,,,
2022-05-06,11.180000305175781,11.180000305175781,10.699999809265137,10.850000381469727,8.901786804199219,899400,,,,,,,,
2022-05-09,10.5,10.510000228881836,9.930000305175781,10.0,8.204410552978516,1925100,,,,,,,,
2022-05-10,10.390000343322754,10.460000038146973,10.029999732971191,10.260000228881836,8.417726516723633,1622300,,,,,,,,
2022-05-11,11.130000114440918,11.779999732971191,11.119999885559082,11.329999923706055,9.295599937438965,2349100,,,,,,,,
2022-05-12,11.119999885559082,11.319999694824219,10.899999618530273,11.15999984741211,9.156124114990234,1965700,,,,,,,,
2022-05-13,11.329999923706055,11.869999885559082,11.300000190734863,11.649999618530273,9.55813980102539,1212000,,,,,,,,
2022-05-16,11.619999885559082,12.029999732971191,11.579999923706055,11.84000015258789,9.714024543762207,2142300,,,,,,,,
2022-05-17,12.140000343322754,12.529999732971191,12.069999694824219,12.470000267028809,10.230901718139648,1833700,,,,,,,,
2022-05-18,11.920000076293945,11.9399995803833,11.329999923706055,11.430000305175781,9.377642631530762,1666200,,,,,,,,
2022-05-19,11.270000457763672,11.59000015258789,11.164999961853027,11.369999885559082,9.328415870666504,1305500,,,,,,,,
2022-05-20,11.579999923706055,11.640000343322754,10.930000305175781,11.239999771118164,9.221759796142578,996800,,,,,,,,
2022-05-23,11.329999923706055,11.609999656677246,11.270000457763672,11.5,9.435075759887695,790600,,,,,,,,
2022-05-24,11.420000076293945,11.4350004196167,11.079999923706055,11.289999961853027,9.262782096862793,794600,,,,,,,,
2022-05-25,11.130000114440918,11.40999984741211,11.071000099182129,11.270000457763672,9.246373176574707,892200,,,,,,,,
2022-05-26,11.130000114440918,11.390000343322754,11.071999549865723,11.220000267028809,9.205351829528809,1079800,,,,,,,,
2022-05-27,11.380000114440918,11.399999618530273,10.960000038146973,11.399999618530273,9.35303020477295,1132700,,,,,,,,
2022-05-31,11.0,11.164999961853027,10.859999656677246,10.979999542236328,9.008444786071777,1828500,,,,,,,,
2022-06-01,11.050000190734863,11.100000381469727,10.579999923706055,10.800000190734863,9.057085037231445,1551400,,,,,,,,
2022-06-02,10.869999885559082,11.210000038146973,10.850000381469727,11.130000114440918,9.333828926086426,1064400,,,,,,,,
2022-06-03,11.050000190734863,11.079999923706055,10.84000015258789,10.899999618530273,9.140947341918945,588400,,,,,,,,
2022-06-06,11.199999809265137,11.260000228881836,11.104999542236328,11.15999984741211,9.358987808227539,699900,,,,,,,,
2022-06-07,11.0600004196167,11.079999923706055,10.864999771118164,11.029999732971191,9.249966621398926,622400,,,,,,,,
2022-06-08,10.859999656677246,10.960000038146973,10.630000114440918,10.779999732971191,9.040311813354492,742700,,,,,,,,
2022-06-09,10.40999984741211,10.4350004196167,10.15999984741211,10.180000305175781,8.537140846252441,1618200,,,,,,,,
2022-06-10,10.170000076293945,10.354999542236328,10.015000343322754,10.050000190734863,8.428120613098145,1461500,,,,,,,,
2022-06-13,10.0,10.0600004196167,9.710000038146973,9.789999961853027,8.210079193115234,1314300,,,,,,,,
2022-06-14,10.100000381469727,10.300000190734863,10.029999732971191,10.239999771118164,8.587457656860352,945900,,,,,,,,
2022-06-15,10.300000190734863,10.338000297546387,10.010000228881836,10.270000457763672,8.612618446350098,880000,,,,,,,,
2022-06-16,9.9399995803833,10.050000190734863,9.6899995803833,9.789999961853027,8.210079193115234,1600700,,,,,,,,
2022-06-17,9.760000228881836,9.819999694824219,9.479999542236328,9.789999961853027,8.210079193115234,3104700,,,,,,,,
2022-06-21,9.869999885559082,9.994999885559082,9.8100004196167,9.899999618530273,8.302327156066895,1242900,,,,,,,,
2022-06-22,9.729999542236328,9.920000076293945,9.649999618530273,9.779999732971191,8.201695442199707,740600,,,,,,,,
2022-06-23,9.75,9.779999732971191,9.015000343322754,9.050000190734863,7.589501857757568,1550300,,,,,,,,
2022-06-24,9.119999885559082,9.619999885559082,9.109999656677246,9.489999771118164,7.958493232727051,1741800,,,,,,,,
2022-06-27,9.300000190734863,9.600000381469727,9.25,9.489999771118164,7.958493232727051,2076600,,,,,,,,
2022-06-28,9.489999771118164,9.65999984741211,9.34000015258789,9.420000076293945,7.8997907638549805,1635600,,,,,,,,
2022-06-29,9.470000267028809,9.510000228881836,9.244999885559082,9.369999885559082,7.857860565185547,841700,,,,,,,,
2022-06-30,9.109999656677246,9.1899995803833,8.869999885559082,9.079999923706055,7.614659786224365,911200,,,,,,,,
2022-07-01,8.989999771118164,9.085000038146973,8.699999809265137,8.979999542236328,7.530796527862549,839400,,,,,,,,
2022-07-05,8.6899995803833,8.729999542236328,8.510000228881836,8.59000015258789,7.203737258911133,3046700,,,,,,,,
2022-07-06,8.84000015258789,8.914999961853027,8.59000015258789,8.869999885559082,7.4385504722595215,1521000,,,,,,,,
2022-07-07,9.079999923706055,9.199999809265137,8.9399995803833,9.09000015258789,7.623047828674316,966400,,,,,,,,
2022-07-08,9.170000076293945,9.220000267028809,9.020000457763672,9.15999984741211,7.681748867034912,692300,,,,,,,,
2022-07-11,9.329999923706055,9.670000076293945,9.289999961853027,9.59000015258789,8.04235553741455,1720500,,,,,,,,
2022-07-12,9.569999694824219,9.710000038146973,9.5,9.520000457763672,7.9836530685424805,1531200,,,,,,,,
2022-07-13,9.40999984741211,9.699999809265137,9.399999618530273,9.529999732971191,7.992038249969482,631500,,,,,,,,
2022-07-14,9.170000076293945,9.220000267028809,8.84000015258789,8.989999771118164,7.5391845703125,1776800,,,,,,,,
2022-07-15,9.09000015258789,9.255000114440918,9.010000228881836,9.1899995803833,7.706907749176025,1010100,,,,,,,,
2022-07-18,9.300000190734863,9.430000305175781,9.220000267028809,9.239999771118164,7.748838901519775,882200,,,,,,,,
2022-07-19,9.270000457763672,9.444999694824219,9.239999771118164,9.40999984741211,7.891403675079346,1001800,,,,,,,,
2022-07-20,9.050000190734863,9.279999732971191,9.020000457763672,9.229999542236328,7.740451812744141,1438900,,,,,,,,
2022-07-21,9.149999618530273,9.300000190734863,9.09000015258789,9.300000190734863,7.79915714263916,499900,,,,,,,,
2022-07-22,9.329999923706055,9.460000038146973,9.15999984741211,9.15999984741211,7.681748867034912,864200,,,,,,,,
2022-07-25,9.329999923706055,9.640000343322754,9.319999694824219,9.619999885559082,8.067514419555664,1348500,,,,,,,,
2022-07-26,9.609999656677246,9.619999885559082,9.461000442504883,9.529999732971191,7.992038249969482,717600,,,,,,,,
2022-07-27,8.989999771118164,9.109999656677246,8.8100004196167,9.029999732971191,7.572729587554932,2765000,,,,,,,,
2022-07-28,8.890000343322754,9.024999618530273,8.850000381469727,8.949999809265137,7.505638599395752,1400700,,,,,,,,
2022-07-29,9.069999694824219,9.130000114440918,8.960000038146973,9.09000015258789,7.623047828674316,976100,,,,,,,,
2022-08-01,9.3100004196167,9.484999656677246,9.229999542236328,9.449999809265137,7.924948215484619,1636000,,,,,,,,
2022-08-02,9.329999923706055,9.545000076293945,9.28499984741211,9.380000114440918,7.866246223449707,1261400,,,,,,,,
2022-08-03,9.670000076293945,9.84000015258789,9.529999732971191,9.739999771118164,8.168148040771484,1669000,,,,,,,,
2022-08-04,9.699999809265137,9.75,9.520000457763672,9.5600004196167,8.017197608947754,907300,,,,,,,,
2022-08-05,9.569999694824219,9.78499984741211,9.5649995803833,9.65999984741211,8.101059913635254,733100,,,,,,,,
2022-08-08,9.600000381469727,9.67199993133545,9.555000305175781,9.640000343322754,8.084285736083984,819200,,,,,,,,
2022-08-09,9.640000343322754,9.774999618530273,9.581999778747559,9.680000305175781,8.117833137512207,676700,,,,,,,,
2022-08-10,9.9399995803833,9.970000267028809,9.791999816894531,9.899999618530273,8.302327156066895,792200,,,,,,,,
2022-08-11,9.989999771118164,10.199999809265137,9.970000267028809,10.079999923706055,8.453278541564941,729700,,,,,,,,
2022-08-12,10.149999618530273,10.204999923706055,10.069999694824219,10.199999809265137,8.553913116455078,613000,,,,,,,,
2022-08-15,10.029999732971191,10.175000190734863,9.90999984741211,10.069999694824219,8.444893836975098,861600,,,,,,,,
2022-08-16,10.0,10.15999984741211,10.0,10.130000114440918,8.495209693908691,492800,,,,,,,,
2022-08-17,10.029999732971191,10.100000381469727,9.979999542236328,10.0600004196167,8.436507225036621,592600,,,,,,,,
2022-08-18,10.029999732971191,10.199999809265137,9.991999626159668,10.149999618530273,8.511983871459961,745800,,,,,,,,
2022-08-19,10.130000114440918,10.130000114440918,9.914999961853027,9.930000305175781,8.327486038208008,708100,,,,,,,,
2022-08-22,9.739999771118164,10.050000190734863,9.710000038146973,9.989999771118164,8.377803802490234,1426200,,,,,,,,
2022-08-23,10.010000228881836,10.3100004196167,9.989999771118164,10.239999771118164,8.587457656860352,1309000,,,,,,,,
2022-08-24,10.329999923706055,10.5600004196167,10.329999923706055,10.529999732971191,8.830658912658691,1245100,,,,,,,,
2022-08-25,10.699999809265137,10.9399995803833,10.670000076293945,10.930000305175781,9.166106224060059,990800,,,,,,,,
2022-08-26,10.960000038146973,11.029999732971191,10.710000038146973,10.739999771118164,9.006767272949219,688400,,,,,,,,
2022-08-29,10.5600004196167,10.710000038146973,10.5,10.5600004196167,8.855817794799805,944300,,,,,,,,
2022-08-30,10.270000457763672,10.270000457763672,9.760000228881836,9.9399995803833,8.335871696472168,1452500,,,,,,,,
2022-08-31,9.630000114440918,9.706999778747559,9.539999961853027,9.569999694824219,8.266766548156738,1103900,,,,,,,,
2022-09-01,9.4399995803833,9.515000343322754,9.279999732971191,9.34000015258789,8.068087577819824,1143900,,,,,,,,
2022-09-02,9.579999923706055,9.649999618530273,9.40999984741211,9.520000457763672,8.223576545715332,987700,,,,,,,,
2022-09-06,9.640000343322754,9.65999984741211,9.449999809265137,9.470000267028809,8.180384635925293,716100,,,,,,,,
2022-09-07,9.229999542236328,9.229999542236328,9.029999732971191,9.180000305175781,7.929878234863281,1091000,,,,,,,,
2022-09-08,9.0600004196167,9.324999809265137,9.048999786376953,9.279999732971191,8.016257286071777,1055500,,,,,,,,
2022-09-09,9.430000305175781,9.505000114440918,9.350000381469727,9.460000038146973,8.171746253967285,888400,,,,,,,,
2022-09-12,9.420000076293945,9.460000038146973,9.0,9.140000343322754,7.895323753356934,1990200,,,,,,,,
2022-09-13,8.949999809265137,9.135000228881836,8.800000190734863,8.819999694824219,7.618900299072266,1844100,,,,,,,,
2022-09-14,8.779999732971191,8.9399995803833,8.739999771118164,8.850000381469727,7.6448163986206055,1074200,,,,,,,,
2022-09-15,8.609999656677246,8.645000457763672,8.420000076293945,8.449999809265137,7.299286365509033,2449300,,,,,,,,
2022-09-16,8.329999923706055,8.420000076293945,8.194999694824219,8.40999984741211,7.264734268188477,1537900,,,,,,,,
2022-09-19,8.279999732971191,8.640000343322754,8.270000457763672,8.619999885559082,7.446136951446533,1255400,,,,,,,,
2022-09-20,8.510000228881836,8.569999694824219,8.399999618530273,8.489999771118164,7.333840370178223,982100,,,,,,,,
2022-09-21,8.710000038146973,8.774999618530273,8.600000381469727,8.600000381469727,7.428861141204834,1210800,,,,,,,,
2022-09-22,8.6899995803833,8.75,8.5600004196167,8.569999694824219,7.402946949005127,796000,,,,,,,,
2022-09-23,8.390000343322754,8.390000343322754,8.055000305175781,8.15999984741211,7.048779487609863,1110500,,,,,,,,
2022-09-26,8.100000381469727,8.350000381469727,8.069999694824219,8.119999885559082,7.014225959777832,949900,,,,,,,,
2022-09-27,8.229999542236328,8.350000381469727,8.199999809265137,8.3100004196167,7.178352355957031,1372700,,,,,,,,
2022-09-28,8.329999923706055,8.508999824523926,8.289999961853027,8.4399995803833,7.290648460388184,1126600,,,,,,,,
2022-09-29,8.300000190734863,8.34000015258789,8.069999694824219,8.229999542236328,7.109245300292969,1139400,,,,,,,,
2022-09-30,8.229999542236328,8.295000076293945,8.135000228881836,8.180000305175781,7.0660552978515625,838200,,,,,,,,
2022-10-03,8.140000343322754,8.369999885559082,8.079999923706055,8.329999923706055,7.195628643035889,1600000,,,,,,,,
2022-10-04,8.520000457763672,8.710000038146973,8.449999809265137,8.640000343322754,7.463413715362549,1471100,,,,,,,,
2022-10-05,8.539999961853027,8.569999694824219,8.324999809265137,8.40999984741211,7.264734268188477,1080500,,,,,,,,
2022-10-06,8.420000076293945,8.460000038146973,8.270000457763672,8.390000343322754,7.247457981109619,793800,,,,,,,,
2022-10-07,8.40999984741211,8.430000305175781,8.220000267028809,8.300000190734863,7.169714450836182,882500,,,,,,,,
2022-10-10,8.319999694824219,8.430000305175781,8.265000343322754,8.289999961853027,7.161076068878174,693000,,,,,,,,
2022-10-11,8.5,8.550000190734863,8.317999839782715,8.449999809265137,7.299286365509033,1615200,,,,,,,,
2022-10-12,8.479999542236328,8.529999732971191,8.364999771118164,8.449999809265137,7.299286365509033,930500,,,,,,,,
2022-10-13,8.319999694824219,8.829999923706055,8.319999694824219,8.75,7.55843448638916,1204900,,,,,,,,
2022-10-14,8.729999542236328,8.75,8.295000076293945,8.3100004196167,7.178352355957031,1174900,,,,,,,,
2022-10-17,8.430000305175781,8.6899995803833,8.430000305175781,8.619999885559082,7.446136951446533,741500,,,,,,,,
2022-10-18,8.640000343322754,8.720000267028809,8.520000457763672,8.640000343322754,7.463413715362549,1442100,,,,,,,,
2022-10-19,8.5,8.640000343322754,8.470000267028809,8.550000190734863,7.385669231414795,1392700,,,,,,,,
2022-10-20,8.619999885559082,8.875,8.579999923706055,8.720000267028809,7.5325188636779785,1049400,,,,,,,,
2022-10-21,8.800000190734863,8.885000228881836,8.614999771118164,8.850000381469727,7.6448163986206055,712800,,,,,,,,
2022-10-24,9.130000114440918,9.130000114440918,8.864999771118164,8.979999542236328,7.757110595703125,1218800,,,,,,,,
2022-10-25,8.869999885559082,8.899999618530273,8.704999923706055,8.819999694824219,7.618900299072266,946800,,,,,,,,
2022-10-26,8.90999984741211,8.960000038146973,8.784000396728516,8.899999618530273,7.688004970550537,811700,,,,,,,,
2022-10-27,8.9399995803833,9.085000038146973,8.9350004196167,9.050000190734863,7.817580223083496,1634500,,,,,,,,
2022-10-28,9.050000190734863,9.069999694824219,8.850000381469727,8.949999809265137,7.731196403503418,832400,,,,,,,,
2022-10-31,9.0,9.154999732971191,8.96500015258789,9.020000457763672,7.791666507720947,1148600,,,,,,,,
2022-11-01,9.15999984741211,9.199999809265137,9.0600004196167,9.140000343322754,7.895323753356934,1182500,,,,,,,,
2022-11-02,8.930000305175781,9.145000457763672,8.845000267028809,8.850000381469727,7.6448163986206055,1525300,,,,,,,,
2022-11-03,8.420000076293945,8.456000328063965,8.119999885559082,8.279999732971191,7.152437686920166,2033600,,,,,,,,
2022-11-04,8.550000190734863,8.779999732971191,8.479999542236328,8.65999984741211,7.480688095092773,2795000,,,,,,,,
2022-11-07,8.65999984741211,8.6899995803833,8.53499984741211,8.600000381469727,7.428861141204834,1173300,,,,,,,,
2022-11-08,8.5,8.829999923706055,8.479999542236328,8.760000228881836,7.56707239151001,1939900,,,,,,,,
2022-11-09,8.5,8.520000457763672,8.050000190734863,8.140000343322754,7.031503200531006,2560100,,,,,,,,
2022-11-10,8.550000190734863,8.654999732971191,8.399999618530273,8.520000457763672,7.359755039215088,1510500,,,,,,,,
2022-11-11,8.65999984741211,8.755000114440918,8.569999694824219,8.75,7.55843448638916,1530200,,,,,,,,
2022-11-14,8.539999961853027,8.670000076293945,8.460000038146973,8.489999771118164,7.333840370178223,1376800,,,,,,,,
2022-11-15,8.5,8.5,8.204999923706055,8.34000015258789,7.204267501831055,1852300,,,,,,,,
2022-11-16,8.350000381469727,8.359999656677246,8.180000305175781,8.199999809265137,7.083332061767578,1040800,,,,,,,,
2022-11-17,8.210000038146973,8.270000457763672,8.010000228881836,8.109999656677246,7.005588054656982,1454600,,,,,,,,
2022-11-18,8.15999984741211,8.239999771118164,8.020999908447266,8.170000076293945,7.057417392730713,828700,,,,,,,,
2022-11-21,8.130000114440918,8.149999618530273,7.920000076293945,8.109999656677246,7.005588054656982,1404500,,,,,,,,
2022-11-22,8.130000114440918,8.3100004196167,8.119999885559082,8.270000457763672,7.143798828125,924500,,,,,,,,
2022-11-23,8.210000038146973,8.289999961853027,8.164999961853027,8.270000457763672,7.143798828125,1055100,,,,,,,,
2022-11-25,8.359999656677246,8.489999771118164,8.34000015258789,8.40999984741211,7.264734268188477,582400,,,,,,,,
2022-11-28,8.430000305175781,8.430000305175781,8.140000343322754,8.210000038146973,7.091970443725586,1476200,,,,,,,,
2022-11-29,8.1899995803833,8.204999923706055,8.029999732971191,8.09000015258789,6.988312244415283,1426900,,,,,,,,
2022-11-30,8.210000038146973,8.289999961853027,8.0,8.289999961853027,7.38377571105957,1662700,,,,,,,,
2022-12-01,8.449999809265137,8.470000267028809,8.234999656677246,8.260000228881836,7.357055187225342,1226400,,,,,,,,
2022-12-02,8.199999809265137,8.40999984741211,8.199999809265137,8.350000381469727,7.437216281890869,815300,,,,,,,,
2022-12-05,8.649999618530273,8.751999855041504,8.494999885559082,8.550000190734863,7.615353107452393,1865700,,,,,,,,
2022-12-06,8.600000381469727,8.649999618530273,8.239999771118164,8.359999656677246,7.446122646331787,3093300,,,,,,,,
2022-12-07,8.329999923706055,8.449999809265137,8.3100004196167,8.380000114440918,7.463936805725098,803800,,,,,,,,
2022-12-08,8.369999885559082,8.40999984741211,8.175000190734863,8.210000038146973,7.312520980834961,1060800,,,,,,,,
2022-12-09,8.220000267028809,8.380000114440918,8.220000267028809,8.300000190734863,7.392682075500488,650000,,,,,,,,
2022-12-12,8.229999542236328,8.279999732971191,8.164999961853027,8.260000228881836,7.357055187225342,939100,,,,,,,,
2022-12-13,8.199999809265137,8.300000190734863,8.135000228881836,8.15999984741211,7.267986297607422,1645800,,,,,,,,
2022-12-14,7.909999847412109,7.980000019073486,7.699999809265137,7.710000038146973,6.867177963256836,2146100,,,,,,,,
2022-12-15,7.440000057220459,7.460000038146973,7.309999942779541,7.369999885559082,6.564344882965088,2134000,,,,,,,,
2022-12-16,7.360000133514404,7.400000095367432,7.239999771118164,7.309999942779541,6.510903835296631,1477600,,,,,,,,
2022-12-19,7.539999961853027,7.579999923706055,7.369999885559082,7.460000038146973,6.644505977630615,1622500,,,,,,,,
2022-12-20,7.599999904632568,7.639999866485596,7.480000019073486,7.590000152587891,6.760295867919922,1324200,,,,,,,,
2022-12-21,7.670000076293945,7.690000057220459,7.550000190734863,7.619999885559082,6.787016868591309,874400,,,,,,,,
2022-12-22,7.400000095367432,7.420000076293945,7.210000038146973,7.300000190734863,6.501997470855713,1086300,,,,,,,,
2022-12-23,7.300000190734863,7.420000076293945,7.294000148773193,7.380000114440918,6.573252201080322,924900,,,,,,,,
2022-12-27,7.340000152587891,7.38100004196167,7.239999771118164,7.369999885559082,6.564344882965088,1246800,,,,,,,,
2022-12-28,7.309999942779541,7.320000171661377,7.090000152587891,7.139999866485596,6.359487533569336,1344100,,,,,,,,
2022-12-29,7.25,7.315000057220459,7.144999980926514,7.25,6.457463264465332,2224500,,,,,,,,
2022-12-30,7.190000057220459,7.328999996185303,7.164999961853027,7.309999942779541,6.510903835296631,1046900,,,,,,,,
2023-01-03,7.460000038146973,7.489999771118164,7.21999979019165,7.28000020980835,6.4841837882995605,1058800,,,,,,,,
2023-01-04,7.320000171661377,7.349999904632568,7.135000228881836,7.170000076293945,6.386208534240723,1183200,,,,,,,,
2023-01-05,7.150000095367432,7.260000228881836,7.090000152587891,7.239999771118164,6.448556900024414,758500,,,,,,,,
2023-01-06,7.300000190734863,7.510000228881836,7.28000020980835,7.5,6.6801347732543945,1497600,,,,,,,,
2023-01-09,7.619999885559082,7.650000095367432,7.550000190734863,7.570000171661377,6.742482662200928,865900,,,,,,,,
2023-01-10,7.53000020980835,7.550000190734863,7.389999866485596,7.449999809265137,6.635599613189697,774400,,,,,,,,
2023-01-11,7.510000228881836,7.53000020980835,7.394999980926514,7.449999809265137,6.635599613189697,769200,,,,,,,,
2023-01-12,7.489999771118164,7.630000114440918,7.414999961853027,7.599999904632568,6.76920223236084,672500,,,,,,,,
2023-01-13,7.53000020980835,7.630000114440918,7.489999771118164,7.610000133514404,6.778110027313232,971600,,,,,,,,
2023-01-17,7.880000114440918,8.079999923706055,7.820000171661377,8.010000228881836,7.1343841552734375,1933500,,,,,,,,
2023-01-18,8.199999809265137,8.345000267028809,8.0600004196167,8.100000381469727,7.214546203613281,1240500,,,,,,,,
2023-01-19,8.039999961853027,8.107000350952148,7.934999942779541,8.0600004196167,7.178918361663818,643000,,,,,,,,
2023-01-20,8.079999923706055,8.220000267028809,8.029999732971191,8.170000076293945,7.276893138885498,698300,,,,,,,,
2023-01-23,8.239999771118164,8.3100004196167,8.170000076293945,8.239999771118164,7.339240074157715,824900,,,,,,,,
2023-01-24,8.210000038146973,8.210000038146973,8.024999618530273,8.140000343322754,7.250172138214111,975000,,,,,,,,
2023-01-25,8.029999732971191,8.09000015258789,7.940000057220459,8.0600004196167,7.178918361663818,1047000,,,,,,,,
2023-01-26,7.929999828338623,8.0600004196167,7.894999980926514,8.050000190734863,7.170011043548584,775400,,,,,,,,
2023-01-27,8.039999961853027,8.09000015258789,7.989999771118164,8.010000228881836,7.1343841552734375,1479200,,,,,,,,
2023-01-30,7.829999923706055,7.869999885559082,7.699999809265137,7.71999979019165,6.876084804534912,1987900,,,,,,,,
2023-01-31,7.800000190734863,7.980000019073486,7.789999961853027,7.96999979019165,7.098755359649658,1121800,,,,,,,,
2023-02-01,7.949999809265137,8.140000343322754,7.914999961853027,8.079999923706055,7.196732044219971,932500,,,,,,,,
2023-02-02,8.119999885559082,8.180000305175781,8.065999984741211,8.119999885559082,7.232358932495117,964700,,,,,,,,
2023-02-03,8.09000015258789,8.119999885559082,8.0,8.0,7.125476837158203,991300,,,,,,,,
2023-02-06,7.809999942779541,7.84499979019165,7.625,7.71999979019165,6.876084804534912,1409500,,,,,,,,
2023-02-07,7.71999979019165,7.764999866485596,7.635000228881836,7.739999771118164,6.8938984870910645,796000,,,,,,,,
2023-02-08,7.699999809265137,7.724999904632568,7.650000095367432,7.659999847412109,6.822644233703613,813600,,,,,,,,
2023-02-09,7.78000020980835,7.784999847412109,7.659999847412109,7.690000057220459,6.849364757537842,718900,,,,,,,,
2023-02-10,7.710000038146973,7.849999904632568,7.65500020980835,7.739999771118164,6.8938984870910645,1157200,,,,,,,,
2023-02-13,7.670000076293945,7.670000076293945,7.574999809265137,7.619999885559082,6.787016868591309,1071800,,,,,,,,
2023-02-14,7.639999866485596,7.695000171661377,7.559999942779541,7.670000076293945,6.831550598144531,1174900,,,,,,,,
2023-02-15,7.559999942779541,7.639999866485596,7.489999771118164,7.619999885559082,6.787016868591309,1384500,,,,,,,,
2023-02-16,7.409999847412109,7.639999866485596,7.380000114440918,7.380000114440918,6.573252201080322,1458600,,,,,,,,
2023-02-17,7.400000095367432,7.409999847412109,7.300000190734863,7.389999866485596,6.582159042358398,1322100,,,,,,,,
2023-02-21,7.210000038146973,7.25,7.090000152587891,7.130000114440918,6.350581169128418,1750000,,,,,,,,
2023-02-22,7.179999828338623,7.190000057220459,7.099999904632568,7.119999885559082,6.341673851013184,1381400,,,,,,,,
2023-02-23,7.170000076293945,7.289999961853027,7.119999885559082,7.21999979019165,6.430742263793945,1198400,,,,,,,,
2023-02-24,7.150000095367432,7.170000076293945,7.050000190734863,7.159999847412109,6.3773016929626465,1058600,,,,,,,,
2023-02-27,7.070000171661377,7.130000114440918,6.989999771118164,7.039999961853027,6.270419597625732,1797400,,,,,,,,
2023-02-28,7.050000190734863,7.114999771118164,7.010000228881836,7.03000020980835,6.261512756347656,1511300,,,,,,,,
2023-03-01,7.190000057220459,7.28000020980835,7.133999824523926,7.199999809265137,6.5413360595703125,1793100,,,,,,,,
2023-03-02,7.159999847412109,7.3480000495910645,7.119999885559082,7.309999942779541,6.641273498535156,1376700,,,,,,,,
2023-03-03,7.349999904632568,7.360000133514404,7.230000019073486,7.320000171661377,6.6503586769104,877700,,,,,,,,
2023-03-06,7.429999828338623,7.434999942779541,7.244999885559082,7.269999980926514,6.60493278503418,1297100,,,,,,,,
2023-03-07,7.260000228881836,7.269999980926514,7.079999923706055,7.139999866485596,6.486824989318848,1212500,,,,,,,,
2023-03-08,7.369999885559082,7.5,7.329999923706055,7.429999828338623,6.750296115875244,1765600,,,,,,,,
2023-03-09,7.570000171661377,7.579999923706055,7.03000020980835,7.050000190734863,6.405058860778809,3776100,,,,,,,,
2023-03-10,7.019999980926514,7.099999904632568,6.85099983215332,6.929999828338623,6.296036720275879,3190200,,,,,,,,
2023-03-13,6.980000019073486,6.984000205993652,6.789999961853027,6.820000171661377,6.196099281311035,2790500,,,,,,,,
2023-03-14,7.039999961853027,7.130000114440918,6.96999979019165,7.039999961853027,6.3959736824035645,2671800,,,,,,,,
2023-03-15,6.909999847412109,6.909999847412109,6.650000095367432,6.809999942779541,6.187014579772949,2410900,,,,,,,,
2023-03-16,6.630000114440918,6.744999885559082,6.554999828338623,6.639999866485596,6.032566547393799,2049100,,,,,,,,
2023-03-17,6.590000152587891,6.639999866485596,6.409999847412109,6.599999904632568,5.996224403381348,1246900,,,,,,,,
2023-03-20,6.420000076293945,6.590000152587891,6.409999847412109,6.559999942779541,5.9598846435546875,1130900,,,,,,,,
2023-03-21,6.679999828338623,6.75,6.639999866485596,6.690000057220459,6.077991485595703,844100,,,,,,,,
2023-03-22,6.739999771118164,6.789999961853027,6.644999980926514,6.670000076293945,6.059821605682373,1322400,,,,,,,,
2023-03-23,6.789999961853027,6.949999809265137,6.622000217437744,6.679999828338623,6.068906784057617,2352800,,,,,,,,
2023-03-24,6.610000133514404,6.710000038146973,6.510000228881836,6.710000038146973,6.09616231918335,1363200,,,,,,,,
2023-03-27,6.949999809265137,6.96999979019165,6.775000095367432,6.920000076293945,6.286951065063477,1966700,,,,,,,,
2023-03-28,6.960000038146973,7.050000190734863,6.914999961853027,6.980000019073486,6.341462135314941,939000,,,,,,,,
2023-03-29,6.889999866485596,6.954999923706055,6.809999942779541,6.869999885559082,6.241525650024414,1164800,,,,,,,,
2023-03-30,6.78000020980835,6.800000190734863,6.679999828338623,6.730000019073486,6.11433219909668,1178500,,,,,,,,
2023-03-31,6.739999771118164,6.809999942779541,6.715000152587891,6.800000190734863,6.177929401397705,771300,,,,,,,,
2023-04-03,6.880000114440918,6.90500020980835,6.764999866485596,6.829999923706055,6.205183982849121,832300,,,,,,,,
2023-04-04,6.78000020980835,6.784999847412109,6.559999942779541,6.590000152587891,5.98714017868042,1229700,,,,,,,,
2023-04-05,6.570000171661377,6.599999904632568,6.480000019073486,6.570000171661377,5.968969345092773,630900,,,,,,,,
2023-04-06,6.510000228881836,6.550000190734863,6.389999866485596,6.420000076293945,5.8326921463012695,1043300,,,,,,,,
2023-04-10,6.389999866485596,6.585000038146973,6.389999866485596,6.5,5.905373573303223,1768600,,,,,,,,
2023-04-11,6.5,6.599999904632568,6.5,6.579999923706055,5.978054523468018,1520000,,,,,,,,
2023-04-12,6.619999885559082,6.619999885559082,6.420000076293945,6.420000076293945,5.8326921463012695,1622700,,,,,,,,
2023-04-13,6.369999885559082,6.449999809265137,6.34499979019165,6.440000057220459,5.850862503051758,1701100,,,,,,,,
2023-04-14,6.440000057220459,6.505000114440918,6.239999771118164,6.300000190734863,5.723670482635498,1821700,,,,,,,,
2023-04-17,6.309999942779541,6.420000076293945,6.289999961853027,6.409999847412109,5.823606967926025,1178700,,,,,,,,
2023-04-18,6.420000076293945,6.420000076293945,6.329999923706055,6.369999885559082,5.787265300750732,859600,,,,,,,,
2023-04-19,6.389999866485596,6.420000076293945,6.324999809265137,6.389999866485596,5.805436134338379,769500,,,,,,,,
2023-04-20,6.269999980926514,6.2829999923706055,6.190000057220459,6.199999809265137,5.632817268371582,842800,,,,,,,,
2023-04-21,6.210000038146973,6.210000038146973,6.070000171661377,6.119999885559082,5.560136318206787,891400,,,,,,,,
2023-04-24,6.179999828338623,6.21999979019165,6.159999847412109,6.21999979019165,5.65098762512207,536400,,,,,,,,
2023-04-25,6.139999866485596,6.170000076293945,6.0,6.010000228881836,5.460199356079102,1140200,,,,,,,,
2023-04-26,6.050000190734863,6.079999923706055,6.0,6.059999942779541,5.505625247955322,1402800,,,,,,,,
2023-04-27,6.170000076293945,6.184999942779541,6.059999942779541,6.099999904632568,5.541965961456299,1007400,,,,,,,,
2023-04-28,6.050000190734863,6.199999809265137,6.03000020980835,6.179999828338623,5.614647388458252,902700,,,,,,,,
2023-05-01,6.139999866485596,6.170000076293945,6.079999923706055,6.110000133514404,5.551050662994385,917200,,,,,,,,
2023-05-02,6.190000057220459,6.190000057220459,5.989999771118164,6.110000133514404,5.551050662994385,1225400,,,,,,,,
2023-05-03,6.289999961853027,6.289999961853027,6.150000095367432,6.159999847412109,5.5964765548706055,1492400,,,,,,,,
2023-05-04,6.199999809265137,6.199999809265137,5.909999847412109,5.940000057220459,5.396603107452393,2151000,,,,,,,,
2023-05-05,6.0,6.119999885559082,5.949999809265137,6.099999904632568,5.541965961456299,1168100,,,,,,,,
2023-05-08,6.25,6.309999942779541,6.139999866485596,6.179999828338623,5.614647388458252,1509300,,,,,,,,
2023-05-09,6.079999923706055,6.079999923706055,5.980000019073486,5.989999771118164,5.442028045654297,1234300,,,,,,,,
2023-05-10,6.239999771118164,6.369999885559082,6.179999828338623,6.349999904632568,5.7690958976745605,2061500,,,,,,,,
2023-05-11,6.179999828338623,6.269999980926514,6.139999866485596,6.239999771118164,5.669158935546875,1697400,,,,,,,,
2023-05-12,6.139999866485596,6.239999771118164,6.130000114440918,6.159999847412109,5.5964765548706055,939800,,,,,,,,
2023-05-15,6.329999923706055,6.510000228881836,6.315000057220459,6.449999809265137,5.859947204589844,1362400,,,,,,,,
2023-05-16,6.389999866485596,6.445000171661377,6.320000171661377,6.340000152587891,5.760010242462158,1128900,,,,,,,,
2023-05-17,6.46999979019165,6.46999979019165,6.34499979019165,6.420000076293945,5.8326921463012695,946500,,,,,,,,
2023-05-18,6.400000095367432,6.5,6.364999771118164,6.480000019073486,5.887202262878418,1047200,,,,,,,,
2023-05-19,6.519999980926514,6.519999980926514,6.409999847412109,6.46999979019165,5.878117561340332,811300,,,,,,,,
2023-05-22,6.539999961853027,6.610000133514404,6.474999904632568,6.559999942779541,5.9598846435546875,904600,,,,,,,,
2023-05-23,6.400000095367432,6.480000019073486,6.260000228881836,6.320000171661377,5.74183988571167,1457400,,,,,,,,
2023-05-24,6.210000038146973,6.230000019073486,6.045000076293945,6.079999923706055,5.523794174194336,722100,,,,,,,,
2023-05-25,6.090000152587891,6.090000152587891,5.90500020980835,5.980000019073486,5.432943820953369,948300,,,,,,,,
2023-05-26,5.960000038146973,6.014999866485596,5.929999828338623,5.980000019073486,5.432943820953369,807500,,,,,,,,
2023-05-30,5.800000190734863,5.802000045776367,5.563000202178955,5.639999866485596,5.124046325683594,1576100,,,,,,,,
2023-05-31,5.539999961853027,5.590000152587891,5.429999828338623,5.489999771118164,5.089744567871094,1510400,,,,,,,,
2023-06-01,5.420000076293945,5.554999828338623,5.375,5.5,5.099015712738037,2593200,,,,,,,,
2023-06-02,5.579999923706055,5.639999866485596,5.550000190734863,5.590000152587891,5.182453155517578,1572700,,,,,,,,
2023-06-05,5.630000114440918,5.659999847412109,5.570000171661377,5.579999923706055,5.173182964324951,959300,,,,,,,,
2023-06-06,5.0,5.360000133514404,4.960000038146973,5.360000133514404,4.969222068786621,2813800,,,,,,,,
2023-06-07,5.369999885559082,5.539999961853027,5.369999885559082,5.480000019073486,5.080474376678467,2203600,,,,,,,,
2023-06-08,5.5,5.519000053405762,5.360000133514404,5.429999828338623,5.034119129180908,1534300,,,,,,,,
2023-06-09,5.449999809265137,5.545000076293945,5.440000057220459,5.53000020980835,5.126828193664551,1130300,,,,,,,,
2023-06-12,5.590000152587891,5.659999847412109,5.550000190734863,5.610000133514404,5.200995922088623,1027000,,,,,,,,
2023-06-13,5.71999979019165,5.849999904632568,5.715000152587891,5.820000171661377,5.39568567276001,1347200,,,,,,,,
2023-06-14,5.730000019073486,5.775000095367432,5.619999885559082,5.690000057220459,5.275163650512695,1046500,,,,,,,,
2023-06-15,5.824999809265137,5.940000057220459,5.800000190734863,5.869999885559082,5.442039489746094,1349600,,,,,,,,
2023-06-16,5.940000057220459,5.960000038146973,5.815000057220459,5.949999809265137,5.516206741333008,1693300,,,,,,,,
2023-06-20,5.849999904632568,5.849999904632568,5.670000076293945,5.75,5.330789089202881,941400,,,,,,,,
2023-06-21,5.730000019073486,5.78000020980835,5.683000087738037,5.769999980926514,5.349329948425293,1156200,,,,,,,,
2023-06-22,5.860000133514404,5.869999885559082,5.755000114440918,5.78000020980835,5.358602046966553,1884900,,,,,,,,
2023-06-23,5.730000019073486,5.739999771118164,5.610000133514404,5.730000019073486,5.312246799468994,1224700,,,,,,,,
2023-06-26,5.739999771118164,5.829999923706055,5.71999979019165,5.78000020980835,5.358602046966553,862200,,,,,,,,
2023-06-27,5.820000171661377,5.829999923706055,5.739999771118164,5.800000190734863,5.377143383026123,1166000,,,,,,,,
2023-06-28,5.690000057220459,5.699999809265137,5.599999904632568,5.639999866485596,5.228809356689453,706600,,,,,,,,
2023-06-29,5.449999809265137,5.485000133514404,5.400000095367432,5.420000076293945,5.024847984313965,1391300,,,,,,,,
2023-06-30,5.460000038146973,5.539999961853027,5.440000057220459,5.480000019073486,5.080474376678467,1016600,,,,,,,,
2023-07-03,5.480000019073486,5.610000133514404,5.474999904632568,5.599999904632568,5.19172477722168,738700,,,,,,,,
2023-07-05,5.630000114440918,5.710000038146973,5.610000133514404,5.619999885559082,5.21026611328125,1160500,,,,,,,,
2023-07-06,5.610000133514404,5.619999885559082,5.460000038146973,5.590000152587891,5.182453155517578,1184600,,,,,,,,
2023-07-07,5.639999866485596,5.809999942779541,5.630000114440918,5.71999979019165,5.302976131439209,978300,,,,,,,,
2023-07-10,5.639999866485596,5.650000095367432,5.574999809265137,5.610000133514404,5.200995922088623,986300,,,,,,,,
2023-07-11,5.570000171661377,5.670000076293945,5.519999980926514,5.670000076293945,5.256621360778809,1110400,,,,,,,,
2023-07-12,5.789999961853027,5.889999866485596,5.78000020980835,5.840000152587891,5.414227485656738,1119300,,,,,,,,
2023-07-13,5.860000133514404,5.900000095367432,5.824999809265137,5.889999866485596,5.4605817794799805,774700,,,,,,,,
2023-07-14,5.880000114440918,5.880000114440918,5.744999885559082,5.820000171661377,5.39568567276001,888700,,,,,,,,
2023-07-17,5.920000076293945,6.0,5.840000152587891,5.960000038146973,5.525478363037109,975700,,,,,,,,
2023-07-18,6.079999923706055,6.340000152587891,6.079999923706055,6.260000228881836,5.803606986999512,1052600,,,,,,,,
2023-07-19,6.699999809265137,6.730000019073486,6.519999980926514,6.590000152587891,6.1095476150512695,2182700,,,,,,,,
2023-07-20,6.639999866485596,6.670000076293945,6.489999771118164,6.550000190734863,6.0724639892578125,1020800,,,,,,,,
2023-07-21,6.53000020980835,6.565000057220459,6.400000095367432,6.559999942779541,6.0817341804504395,870900,,,,,,,,
2023-07-24,6.559999942779541,6.670000076293945,6.519999980926514,6.619999885559082,6.137360095977783,1096800,,,,,,,,
2023-07-25,6.46999979019165,6.489999771118164,6.304999828338623,6.429999828338623,5.961212635040283,1684200,,,,,,,,
2023-07-26,6.46999979019165,6.699999809265137,6.460000038146973,6.699999809265137,6.211527347564697,1119200,,,,,,,,
2023-07-27,6.690000057220459,6.704999923706055,6.570000171661377,6.610000133514404,6.128089427947998,679000,,,,,,,,
2023-07-28,6.599999904632568,6.690000057220459,6.590000152587891,6.690000057220459,6.20225715637207,483300,,,,,,,,
2023-07-31,6.579999923706055,6.695000171661377,6.570000171661377,6.690000057220459,6.20225715637207,1280100,,,,,,,,
2023-08-01,6.579999923706055,6.579999923706055,6.449999809265137,6.489999771118164,6.0168375968933105,1073300,,,,,,,,
2023-08-02,6.369999885559082,6.489999771118164,6.329999923706055,6.380000114440918,5.914857387542725,1938600,,,,,,,,
2023-08-03,6.230000019073486,6.25,6.099999904632568,6.119999885559082,5.673813819885254,1814400,,,,,,,,
2023-08-04,6.119999885559082,6.329999923706055,6.119999885559082,6.199999809265137,5.74798059463501,1342400,,,,,,,,
2023-08-07,6.389999866485596,6.409999847412109,6.288000106811523,6.360000133514404,5.8963165283203125,1088000,,,,,,,,
2023-08-08,6.28000020980835,6.357999801635742,6.204999923706055,6.340000152587891,5.877774238586426,1008600,,,,,,,,
2023-08-09,6.5,6.718999862670898,6.5,6.639999866485596,6.155901908874512,1735600,,,,,,,,
2023-08-10,6.619999885559082,6.659999847412109,6.5,6.53000020980835,6.053922176361084,914900,,,,,,,,
2023-08-11,6.599999904632568,6.599999904632568,6.46999979019165,6.5,6.026109218597412,519200,,,,,,,,
2023-08-14,6.389999866485596,6.429999828338623,6.300000190734863,6.320000171661377,5.859232425689697,777500,,,,,,,,
2023-08-15,6.21999979019165,6.23799991607666,6.130000114440918,6.139999866485596,5.692354679107666,831400,,,,,,,,
2023-08-16,6.230000019073486,6.264999866485596,6.150000095367432,6.170000076293945,5.720167636871338,703500,,,,,,,,
2023-08-17,6.079999923706055,6.159999847412109,6.039999961853027,6.130000114440918,5.683084011077881,791400,,,,,,,,
2023-08-18,6.050000190734863,6.139999866485596,6.050000190734863,6.130000114440918,5.683084011077881,517800,,,,,,,,
2023-08-21,6.039999961853027,6.090000152587891,5.991000175476074,6.059999942779541,5.618187427520752,782000,,,,,,,,
2023-08-22,6.099999904632568,6.119999885559082,6.0,6.019999980926514,5.581103801727295,551200,,,,,,,,
2023-08-23,6.019999980926514,6.03000020980835,5.949999809265137,6.019999980926514,5.581103801727295,415500,,,,,,,,
2023-08-24,5.940000057220459,6.010000228881836,5.909999847412109,5.989999771118164,5.553290367126465,448800,,,,,,,,
2023-08-25,6.010000228881836,6.014999866485596,5.920000076293945,5.940000057220459,5.506937026977539,445400,,,,,,,,
2023-08-28,6.019999980926514,6.099999904632568,6.0,6.019999980926514,5.581103801727295,614500,,,,,,,,
2023-08-29,5.96999979019165,6.110000133514404,5.951000213623047,6.099999904632568,5.655270576477051,468700,,,,,,,,
2023-08-30,6.070000171661377,6.099999904632568,6.010000228881836,6.070000171661377,5.686185359954834,965300,,,,,,,,
2023-08-31,6.010000228881836,6.03000020980835,5.929999828338623,5.96999979019165,5.592508316040039,522300,,,,,,,,
2023-09-01,5.989999771118164,6.110000133514404,5.989999771118164,6.079999923706055,5.695551872253418,770000,,,,,,,,
2023-09-05,5.989999771118164,6.03000020980835,5.925000190734863,5.96999979019165,5.592508316040039,629400,,,,,,,,
2023-09-06,5.989999771118164,6.0,5.849999904632568,5.869999885559082,5.498830318450928,434500,,,,,,,,
2023-09-07,5.860000133514404,5.860000133514404,5.71999979019165,5.75,5.386419296264648,778900,,,,,,,,
2023-09-08,5.760000228881836,5.840000152587891,5.739999771118164,5.840000152587891,5.470728874206543,441300,,,,,,,,
2023-09-11,5.849999904632568,5.860000133514404,5.78000020980835,5.809999942779541,5.442625522613525,615300,,,,,,,,
2023-09-12,5.849999904632568,5.920000076293945,5.800000190734863,5.849999904632568,5.480095386505127,821000,,,,,,,,
2023-09-13,5.769999980926514,5.789000034332275,5.71999979019165,5.760000228881836,5.395786762237549,679700,,,,,,,,
2023-09-14,5.679999828338623,5.764999866485596,5.670000076293945,5.730000019073486,5.3676838874816895,1225100,,,,,,,,
2023-09-15,5.710000038146973,5.75,5.630000114440918,5.650000095367432,5.2927422523498535,2369200,,,,,,,,
2023-09-18,5.650000095367432,5.670000076293945,5.570000171661377,5.579999923706055,5.227168560028076,1066800,,,,,,,,
2023-09-19,5.699999809265137,5.788000106811523,5.684999942779541,5.78000020980835,5.414522171020508,1146600,,,,,,,,
2023-09-20,5.789999961853027,5.869999885559082,5.690000057220459,5.71999979019165,5.358315944671631,2105900,,,,,,,,
2023-09-21,5.659999847412109,5.71999979019165,5.599999904632568,5.610000133514404,5.2552714347839355,752700,,,,,,,,
2023-09-22,5.619999885559082,5.670000076293945,5.550000190734863,5.590000152587891,5.236535549163818,1004100,,,,,,,,
2023-09-25,5.639999866485596,5.650000095367432,5.579999923706055,5.639999866485596,5.283374786376953,528600,,,,,,,,
2023-09-26,5.559999942779541,5.570000171661377,5.449999809265137,5.449999809265137,5.105388641357422,895700,,,,,,,,
2023-09-27,5.53000020980835,5.539999961853027,5.465000152587891,5.519999980926514,5.170962333679199,891500,,,,,,,,
2023-09-28,5.53000020980835,5.550000190734863,5.460000038146973,5.550000190734863,5.199065208435059,602900,,,,,,,,
2023-09-29,5.579999923706055,5.630000114440918,5.53000020980835,5.550000190734863,5.199065208435059,537200,,,,,,,,
2023-10-02,5.690000057220459,5.715000152587891,5.590000152587891,5.650000095367432,5.2927422523498535,1157400,,,,,,,,
2023-10-03,5.630000114440918,5.679999828338623,5.590000152587891,5.610000133514404,5.2552714347839355,874300,,,,,,,,
2023-10-04,5.610000133514404,5.619999885559082,5.550000190734863,5.610000133514404,5.2552714347839355,656100,,,,,,,,
2023-10-05,5.559999942779541,5.590000152587891,5.460000038146973,5.46999979019165,5.124123573303223,526200,,,,,,,,
2023-10-06,5.460000038146973,5.559000015258789,5.40500020980835,5.550000190734863,5.199065208435059,445900,,,,,,,,
2023-10-09,5.46999979019165,5.539999961853027,5.420000076293945,5.510000228881836,5.161594867706299,1391600,,,,,,,,
2023-10-10,5.420000076293945,5.539999961853027,5.420000076293945,5.480000019073486,5.1334919929504395,1322800,,,,,,,,
2023-10-11,5.360000133514404,5.360000133514404,5.199999809265137,5.21999979019165,4.8899312019348145,1567300,,,,,,,,
2023-10-12,5.230000019073486,5.239999771118164,5.119999885559082,5.170000076293945,4.843092918395996,2282300,,,,,,,,
2023-10-13,5.230000019073486,5.300000190734863,5.199999809265137,5.210000038146973,4.880564212799072,1199800,,,,,,,,
2023-10-16,5.269999980926514,5.329999923706055,5.230000019073486,5.269999980926514,4.936769485473633,1068100,,,,,,,,
2023-10-17,5.179999828338623,5.315000057220459,5.150000095367432,5.28000020980835,4.94613790512085,1541700,,,,,,,,
2023-10-18,5.239999771118164,5.260000228881836,5.170000076293945,5.190000057220459,4.861828327178955,991200,,,,,,,,
2023-10-19,5.190000057220459,5.190000057220459,5.070000171661377,5.099999904632568,4.777519226074219,1079700,,,,,,,,
2023-10-20,5.170000076293945,5.170000076293945,4.980000019073486,5.0,4.683842658996582,741300,,,,,,,,
2023-10-23,4.900000095367432,4.960000038146973,4.829999923706055,4.889999866485596,4.5807976722717285,962700,,,,,,,,
2023-10-24,4.989999771118164,5.010000228881836,4.909999847412109,4.949999809265137,4.6370038986206055,894500,,,,,,,,
2023-10-25,4.889999866485596,4.920000076293945,4.849999904632568,4.869999885559082,4.562062740325928,481800,,,,,,,,
2023-10-26,4.820000171661377,4.869999885559082,4.78000020980835,4.820000171661377,4.515224933624268,1198800,,,,,,,,
2023-10-27,4.849999904632568,4.880000114440918,4.789999961853027,4.809999942779541,4.505856513977051,704200,,,,,,,,
2023-10-30,4.900000095367432,4.959000110626221,4.880000114440918,4.929999828338623,4.618268966674805,869000,,,,,,,,
2023-10-31,4.900000095367432,4.900000095367432,4.78000020980835,4.829999923706055,4.52459192276001,994500,,,,,,,,
2023-11-01,4.860000133514404,4.869999885559082,4.809999942779541,4.849999904632568,4.543327331542969,776000,,,,,,,,
2023-11-02,4.840000152587891,4.929999828338623,4.835000038146973,4.929999828338623,4.618268966674805,1317600,,,,,,,,
2023-11-03,4.949999809265137,5.010000228881836,4.920000076293945,4.989999771118164,4.674474716186523,811200,,,,,,,,
2023-11-06,4.889999866485596,4.909999847412109,4.820000171661377,4.829999923706055,4.52459192276001,2022000,,,,,,,,
2023-11-07,4.980000019073486,4.980000019073486,4.775000095367432,4.809999942779541,4.505856513977051,1351400,,,,,,,,
2023-11-08,4.940000057220459,5.059999942779541,4.940000057220459,5.019999980926514,4.702577590942383,1803600,,,,,,,,
2023-11-09,4.929999828338623,5.019999980926514,4.880000114440918,4.889999866485596,4.5807976722717285,1507600,,,,,,,,
2023-11-10,4.869999885559082,4.914999961853027,4.809999942779541,4.889999866485596,4.5807976722717285,947000,,,,,,,,
2023-11-13,4.670000076293945,4.71999979019165,4.650000095367432,4.699999809265137,4.402812480926514,1598800,,,,,,,,
2023-11-14,4.960000038146973,5.139999866485596,4.940000057220459,5.099999904632568,4.777519226074219,1883600,,,,,,,,
2023-11-15,5.010000228881836,5.159999847412109,5.010000228881836,5.130000114440918,4.805622577667236,1259100,,,,,,,,
2023-11-16,5.139999866485596,5.139999866485596,5.010000228881836,5.039999961853027,4.721312999725342,488300,,,,,,,,
2023-11-17,5.090000152587891,5.099999904632568,5.019999980926514,5.079999923706055,4.75878381729126,764600,,,,,,,,
2023-11-20,5.21999979019165,5.239999771118164,5.171000003814697,5.230000019073486,4.899299144744873,798800,,,,,,,,
2023-11-21,5.170000076293945,5.190000057220459,5.125,5.139999866485596,4.814990043640137,476900,,,,,,,,
2023-11-22,5.230000019073486,5.239999771118164,5.150000095367432,5.190000057220459,4.861828327178955,612600,,,,,,,,
2023-11-24,5.190000057220459,5.260000228881836,5.179999828338623,5.230000019073486,4.899299144744873,281000,,,,,,,,
2023-11-27,5.159999847412109,5.215000152587891,5.130000114440918,5.179999828338623,4.852460861206055,596900,,,,,,,,
2023-11-28,5.239999771118164,5.25,5.179999828338623,5.199999809265137,4.8711957931518555,777200,,,,,,,,
2023-11-29,5.269999980926514,5.309999942779541,5.244999885559082,5.289999961853027,4.955504894256592,517900,,,,,,,,
2023-11-30,5.2179999351501465,5.2179999351501465,5.019999980926514,5.03000020980835,4.711945533752441,1265600,,,,,,,,
2023-12-01,5.03000020980835,5.130000114440918,5.014999866485596,5.130000114440918,4.805622577667236,764500,,,,,,,,
2023-12-04,5.059999942779541,5.085999965667725,5.03000020980835,5.070000171661377,4.749416351318359,732200,,,,,,,,
2023-12-05,5.03000020980835,5.090000152587891,5.010000228881836,5.019999980926514,4.752255916595459,1092100,,,,,,,,
2023-12-06,5.039999961853027,5.099999904632568,5.019999980926514,5.03000020980835,4.761723041534424,513000,,,,,,,,
2023-12-07,5.019999980926514,5.070000171661377,5.0,5.050000190734863,4.780656337738037,791900,,,,,,,,
2023-12-08,5.039999961853027,5.070000171661377,4.960000038146973,5.0,4.733323097229004,556700,,,,,,,,
2023-12-11,5.0,5.050000190734863,4.980000019073486,5.019999980926514,4.752255916595459,694300,,,,,,,,
2023-12-12,4.929999828338623,4.929999828338623,4.860000133514404,4.889999866485596,4.629189491271973,689300,,,,,,,,
2023-12-13,4.78000020980835,5.0,4.769999980926514,5.0,4.733323097229004,1408000,,,,,,,,
2023-12-14,5.099999904632568,5.230000019073486,5.09499979019165,5.150000095367432,4.8753228187561035,1109200,,,,,,,,
2023-12-15,5.170000076293945,5.25,5.050000190734863,5.059999942779541,4.790122985839844,1450200,,,,,,,,
2023-12-18,4.869999885559082,4.960000038146973,4.85099983215332,4.929999828338623,4.667056560516357,1386200,,,,,,,,
2023-12-19,4.96999979019165,5.079999923706055,4.960000038146973,5.070000171661377,4.79958963394165,735300,,,,,,,,
2023-12-20,5.039999961853027,5.070000171661377,4.940000057220459,4.960000038146973,4.695456504821777,859200,,,,,,,,
2023-12-21,5.00600004196167,5.050000190734863,4.974999904632568,5.019999980926514,4.752255916595459,734300,,,,,,,,
2023-12-22,5.050000190734863,5.119999885559082,5.039999961853027,5.070000171661377,4.79958963394165,515200,,,,,,,,
2023-12-26,5.03000020980835,5.039999961853027,4.960000038146973,5.010000228881836,4.742790222167969,1067100,,,,,,,,
2023-12-27,5.010000228881836,5.019999980926514,4.980000019073486,5.010000228881836,4.742790222167969,667700,,,,,,,,
2023-12-28,5.0,5.056000232696533,4.989999771118164,5.0,4.733323097229004,618300,,,,,,,,
2023-12-29,4.980000019073486,5.019999980926514,4.960000038146973,5.010000228881836,4.742790222167969,576000,,,,,,,,
2024-01-02,5.010000228881836,5.045000076293945,4.929999828338623,4.96999979019165,4.704923152923584,1169300,,,,,,,,
2024-01-03,4.96999979019165,4.989999771118164,4.900000095367432,4.960000038146973,4.695456504821777,1058900,,,,,,,,
2024-01-04,5.039999961853027,5.159999847412109,5.010000228881836,5.079999923706055,4.809055805206299,987200,,,,,,,,
2024-01-05,5.079999923706055,5.079999923706055,5.0,5.050000190734863,4.780656337738037,855800,,,,,,,,
2024-01-08,4.940000057220459,4.960000038146973,4.900000095367432,4.949999809265137,4.6859893798828125,964200,,,,,,,,
2024-01-09,4.909999847412109,4.920000076293945,4.840000152587891,4.849999904632568,4.591323375701904,839700,,,,,,,,
2024-01-10,4.849999904632568,4.860000133514404,4.789999961853027,4.800000190734863,4.543990135192871,784800,,,,,,,,
2024-01-11,4.820000171661377,4.840000152587891,4.739999771118164,4.769999980926514,4.515590667724609,736800,,,,,,,,
2024-01-12,4.670000076293945,4.744999885559082,4.554999828338623,4.639999866485596,4.392523765563965,1802800,,,,,,,,
2024-01-16,4.510000228881836,4.550000190734863,4.360000133514404,4.380000114440918,4.146390914916992,1767200,,,,,,,,
2024-01-17,4.420000076293945,4.420000076293945,4.300000190734863,4.340000152587891,4.108523845672607,1609200,,,,,,,,
2024-01-18,4.460000038146973,4.460000038146973,4.400000095367432,4.409999847412109,4.174790859222412,1547300,,,,,,,,
2024-01-19,4.400000095367432,4.510000228881836,4.360000133514404,4.510000228881836,4.2694573402404785,904800,,,,,,,,
2024-01-22,4.5,4.519999980926514,4.429999828338623,4.489999771118164,4.250523567199707,793400,,,,,,,,
2024-01-23,4.5,4.579999923706055,4.5,4.539999961853027,4.297857761383057,1008900,,,,,,,,
2024-01-24,4.690000057220459,4.690000057220459,4.565000057220459,4.610000133514404,4.364124298095703,2049400,,,,,,,,
2024-01-25,4.670000076293945,4.690000057220459,4.639999866485596,4.659999847412109,4.411457061767578,684900,,,,,,,,
2024-01-26,4.699999809265137,4.704999923706055,4.630000114440918,4.630000114440918,4.383058071136475,497700,,,,,,,,
2024-01-29,4.610000133514404,4.659999847412109,4.570000171661377,4.650000095367432,4.4019904136657715,729600,,,,,,,,
2024-01-30,4.639999866485596,4.664999961853027,4.579999923706055,4.639999866485596,4.392523765563965,451400,,,,,,,,
2024-01-31,4.639999866485596,4.650000095367432,4.550000190734863,4.550000190734863,4.307324409484863,1026200,,,,,,,,
2024-02-01,4.610000133514404,4.659999847412109,4.539999961853027,4.650000095367432,4.4019904136657715,1638800,,,,,,,,
2024-02-02,4.619999885559082,4.619999885559082,4.519999980926514,4.590000152587891,4.345190525054932,645200,,,,,,,,
2024-02-05,4.519999980926514,4.550000190734863,4.440000057220459,4.489999771118164,4.250523567199707,900200,,,,,,,,
2024-02-06,4.539999961853027,4.619999885559082,4.539999961853027,4.619999885559082,4.37359094619751,800600,,,,,,,,
2024-02-07,4.619999885559082,4.639999866485596,4.565000057220459,4.630000114440918,4.383058071136475,577100,,,,,,,,
2024-02-08,4.550000190734863,4.559999942779541,4.46999979019165,4.550000190734863,4.307324409484863,942100,,,,,,,,
2024-02-09,4.489999771118164,4.545000076293945,4.489999771118164,4.510000228881836,4.2694573402404785,465800,,,,,,,,
2024-02-12,4.53000020980835,4.630000114440918,4.53000020980835,4.630000114440918,4.383058071136475,942700,,,,,,,,
2024-02-13,4.659999847412109,4.724999904632568,4.625,4.699999809265137,4.449324131011963,1746100,,,,,,,,
2024-02-14,4.75,4.75,4.670000076293945,4.739999771118164,4.487189769744873,875100,,,,,,,,
2024-02-15,4.784999847412109,4.96999979019165,4.784999847412109,4.960000038146973,4.695456504821777,865400,,,,,,,,
2024-02-16,4.929999828338623,5.050000190734863,4.869999885559082,5.03000020980835,4.761723041534424,937800,,,,,,,,
2024-02-20,4.989999771118164,5.0,4.909999847412109,4.960000038146973,4.695456504821777,649800,,,,,,,,
2024-02-21,4.829999923706055,4.909999847412109,4.809999942779541,4.880000114440918,4.619723320007324,474900,,,,,,,,
2024-02-22,5.070000171661377,5.164999961853027,5.059999942779541,5.159999847412109,4.88478946685791,985800,,,,,,,,
2024-02-23,5.170000076293945,5.190000057220459,5.105000019073486,5.150000095367432,4.8753228187561035,498000,,,,,,,,
2024-02-26,5.059999942779541,5.074999809265137,5.03000020980835,5.050000190734863,4.780656337738037,404600,,,,,,,,
2024-02-27,5.070000171661377,5.150000095367432,5.059999942779541,5.119999885559082,4.846922874450684,775800,,,,,,,,
2024-02-28,5.139999866485596,5.179999828338623,5.099999904632568,5.130000114440918,4.85638952255249,752000,,,,,,,,
2024-02-29,5.260000228881836,5.369999885559082,5.239999771118164,5.360000133514404,5.074121952056885,997600,,,,,,,,
2024-03-01,5.380000114440918,5.460000038146973,5.355000019073486,5.380000114440918,5.093055248260498,632900,,,,,,,,
2024-03-04,5.360000133514404,5.369999885559082,5.309999942779541,5.320000171661377,5.036255359649658,512700,,,,,,,,
2024-03-05,5.300000190734863,5.300000190734863,5.260000228881836,5.300000190734863,5.017322540283203,550800,,,,,,,,
2024-03-06,5.329999923706055,5.409999847412109,5.309999942779541,5.409999847412109,5.121455192565918,628300,,,,,,,,
2024-03-07,5.460000038146973,5.539000034332275,5.460000038146973,5.489999771118164,5.197188854217529,508300,,,,,,,,
2024-03-08,5.489999771118164,5.5,5.40500020980835,5.409999847412109,5.121455192565918,412500,,,,,,,,
2024-03-11,5.070000171661377,5.179999828338623,5.059999942779541,5.150000095367432,4.8753228187561035,1036700,,,,,,,,
2024-03-12,4.989999771118164,5.03000020980835,4.960000038146973,5.0,4.733323097229004,978100,,,,,,,,
2024-03-13,4.920000076293945,5.03000020980835,4.920000076293945,5.03000020980835,4.761723041534424,900200,,,,,,,,
2024-03-14,4.989999771118164,4.989999771118164,4.829999923706055,4.889999866485596,4.67379093170166,1090900,,,,,,,,
2024-03-15,4.849999904632568,4.909999847412109,4.769999980926514,4.800000190734863,4.587770462036133,2308900,,,,,,,,
2024-03-18,5.019999980926514,5.070000171661377,4.989999771118164,5.039999961853027,4.8171586990356445,886200,,,,,,,,
2024-03-19,5.119999885559082,5.130000114440918,5.059999942779541,5.099999904632568,4.874505519866943,799000,,,,,,,,
2024-03-20,5.050000190734863,5.28000020980835,5.050000190734863,5.269999980926514,5.036989212036133,1069000,,,,,,,,
2024-03-21,5.460000038146973,5.479000091552734,5.364999771118164,5.389999866485596,5.151683330535889,1012700,,,,,,,,
2024-03-22,5.369999885559082,5.369999885559082,5.300000190734863,5.329999923706055,5.09433650970459,722900,,,,,,,,
2024-03-25,5.289999961853027,5.310999870300293,5.269999980926514,5.309999942779541,5.075221061706543,442500,,,,,,,,
2024-03-26,5.309999942779541,5.329999923706055,5.25,5.260000228881836,5.027431488037109,341000,,,,,,,,
2024-03-27,5.269999980926514,5.389999866485596,5.269999980926514,5.360000133514404,5.12300968170166,740800,,,,,,,,
2024-03-28,5.340000152587891,5.389999866485596,5.289999961853027,5.380000114440918,5.142126083374023,1133100,,,,,,,,
2024-04-01,5.360000133514404,5.409999847412109,5.309999942779541,5.320000171661377,5.084779262542725,597800,,,,,,,,
2024-04-02,5.230000019073486,5.243000030517578,5.15500020980835,5.199999809265137,4.970084190368652,617200,,,,,,,,
2024-04-03,5.110000133514404,5.139999866485596,5.09499979019165,5.130000114440918,4.90317964553833,724700,,,,,,,,
2024-04-04,5.03000020980835,5.070000171661377,4.96999979019165,4.96999979019165,4.750253200531006,954300,,,,,,,,
2024-04-05,4.96999979019165,5.070000171661377,4.909999847412109,5.019999980926514,4.798043251037598,770900,,,,,,,,
2024-04-08,5.170000076293945,5.199999809265137,5.090000152587891,5.110000133514404,4.884063720703125,802800,,,,,,,,
2024-04-09,5.190000057220459,5.21999979019165,5.159999847412109,5.21999979019165,4.989200115203857,440500,,,,,,,,
2024-04-10,5.050000190734863,5.070000171661377,4.974999904632568,5.019999980926514,4.798043251037598,752900,,,,,,,,
2024-04-11,4.909999847412109,4.920000076293945,4.809999942779541,4.880000114440918,4.664233684539795,824000,,,,,,,,
2024-04-12,4.860000133514404,4.860000133514404,4.730000019073486,4.730000019073486,4.520865440368652,550400,,,,,,,,
2024-04-15,4.739999771118164,4.75,4.610000133514404,4.630000114440918,4.425286293029785,762900,,,,,,,,
2024-04-16,4.699999809265137,4.78000020980835,4.659999847412109,4.679999828338623,4.4730753898620605,1029700,,,,,,,,
2024-04-17,4.75,4.78000020980835,4.659999847412109,4.679999828338623,4.4730753898620605,945600,,,,,,,,
2024-04-18,4.679999828338623,4.71999979019165,4.639999866485596,4.659999847412109,4.453959941864014,579500,,,,,,,,
2024-04-19,4.650000095367432,4.75,4.650000095367432,4.710000038146973,4.501749515533447,525300,,,,,,,,
2024-04-22,4.739999771118164,4.739999771118164,4.65500020980835,4.710000038146973,4.501749515533447,436100,,,,,,,,
2024-04-23,4.710000038146973,4.724999904632568,4.650000095367432,4.71999979019165,4.511307239532471,377600,,,,,,,,
2024-04-24,4.71999979019165,4.71999979019165,4.59499979019165,4.659999847412109,4.453959941864014,613700,,,,,,,,
2024-04-25,4.599999904632568,4.610000133514404,4.5,4.559999942779541,4.358381271362305,515600,,,,,,,,
2024-04-26,4.590000152587891,4.659999847412109,4.574999809265137,4.630000114440918,4.425286293029785,505300,,,,,,,,
2024-04-29,4.650000095367432,4.739999771118164,4.650000095367432,4.730000019073486,4.520865440368652,400500,,,,,,,,
2024-04-30,4.690000057220459,4.71999979019165,4.630000114440918,4.639999866485596,4.434844493865967,451500,,,,,,,,
2024-05-01,4.579999923706055,4.590000152587891,4.5,4.53000020980835,4.329708099365234,797500,,,,,,,,
2024-05-02,4.610000133514404,4.659999847412109,4.534999847412109,4.630000114440918,4.425286293029785,583700,,,,,,,,
2024-05-03,4.690000057220459,4.769999980926514,4.650000095367432,4.710000038146973,4.501749515533447,445800,,,,,,,,
2024-05-06,4.710000038146973,4.75,4.650000095367432,4.739999771118164,4.530422687530518,815100,,,,,,,,
2024-05-07,4.949999809265137,4.96999979019165,4.869999885559082,4.900000095367432,4.683348655700684,629200,,,,,,,,
2024-05-08,4.809999942779541,4.840000152587891,4.789999961853027,4.829999923706055,4.616443634033203,250700,,,,,,,,
2024-05-09,4.789999961853027,4.835000038146973,4.760000228881836,4.800000190734863,4.587770462036133,585100,,,,,,,,
2024-05-10,4.840000152587891,4.849999904632568,4.739999771118164,4.769999980926514,4.559096813201904,376900,,,,,,,,
2024-05-13,4.789999961853027,4.820000171661377,4.71999979019165,4.71999979019165,4.511307239532471,541700,,,,,,,,
2024-05-14,4.78000020980835,4.800000190734863,4.71999979019165,4.78000020980835,4.568654537200928,311200,,,,,,,,
2024-05-15,4.75,4.809999942779541,4.75,4.789999961853027,4.578212261199951,332300,,,,,,,,
2024-05-16,4.840000152587891,4.840000152587891,4.769999980926514,4.800000190734863,4.587770462036133,540700,,,,,,,,
2024-05-17,4.789999961853027,4.829999923706055,4.760000228881836,4.769999980926514,4.559096813201904,254000,,,,,,,,
2024-05-20,4.650000095367432,4.764999866485596,4.639999866485596,4.75,4.539980888366699,708000,,,,,,,,
2024-05-21,4.71999979019165,4.730000019073486,4.670000076293945,4.710000038146973,4.501749515533447,260300,,,,,,,,
2024-05-22,4.659999847412109,4.789999961853027,4.65500020980835,4.78000020980835,4.568654537200928,1026200,,,,,,,,
2024-05-23,4.889999866485596,4.909999847412109,4.829999923706055,4.889999866485596,4.67379093170166,871600,,,,,,,,
2024-05-24,4.96999979019165,4.985000133514404,4.869999885559082,4.869999885559082,4.654674530029297,335400,,,,,,,,
2024-05-28,4.829999923706055,4.849999904632568,4.75,4.809999942779541,4.597327709197998,618400,,,,,,,,
2024-05-29,4.75,4.764999866485596,4.670000076293945,4.670000076293945,4.463517665863037,403000,,,,,,,,
2024-05-30,4.650000095367432,4.724999904632568,4.639999866485596,4.710000038146973,4.501749515533447,463200,,,,,,,,
2024-05-31,4.690000057220459,4.748000144958496,4.679999828338623,4.730000019073486,4.520865440368652,442100,,,,,,,,
2024-06-03,4.730000019073486,4.75,4.679999828338623,4.730000019073486,4.520865440368652,308000,,,,,,,,
2024-06-04,4.690000057220459,4.710000038146973,4.679999828338623,4.699999809265137,4.492191314697266,381200,,,,,,,,
2024-06-05,4.670000076293945,4.670000076293945,4.599999904632568,4.599999904632568,4.396612644195557,504800,,,,,,,,
2024-06-06,4.570000171661377,4.614999771118164,4.550000190734863,4.610000133514404,4.450677394866943,324900,,,,,,,,
2024-06-07,4.599999904632568,4.599999904632568,4.493000030517578,4.510000228881836,4.354133605957031,338900,,,,,,,,
2024-06-10,4.570000171661377,4.610000133514404,4.554999828338623,4.590000152587891,4.431369304656982,427400,,,,,,,,
2024-06-11,4.550000190734863,4.579999923706055,4.489999771118164,4.570000171661377,4.412060260772705,489700,,,,,,,,
2024-06-12,4.690000057220459,4.690000057220459,4.574999809265137,4.610000133514404,4.450677394866943,536000,,,,,,,,
2024-06-13,4.599999904632568,4.599999904632568,4.5,4.510000228881836,4.354133605957031,331700,,,,,,,,
2024-06-14,4.5,4.519999980926514,4.434999942779541,4.510000228881836,4.354133605957031,494200,,,,,,,,
2024-06-17,4.389999866485596,4.400000095367432,4.300000190734863,4.349999904632568,4.199663162231445,1022100,,,,,,,,
2024-06-18,4.369999885559082,4.449999809265137,4.369999885559082,4.440000057220459,4.286552906036377,520500,,,,,,,,
2024-06-20,4.380000114440918,4.414999961853027,4.300000190734863,4.380000114440918,4.228626251220703,549700,,,,,,,,
2024-06-21,4.400000095367432,4.409999847412109,4.349999904632568,4.369999885559082,4.2189717292785645,937400,,,,,,,,
2024-06-24,4.389999866485596,4.408999919891357,4.34499979019165,4.380000114440918,4.228626251220703,723500,,,,,,,,
2024-06-25,4.380000114440918,4.400000095367432,4.300000190734863,4.320000171661377,4.170700550079346,498400,,,,,,,,
2024-06-26,4.340000152587891,4.400000095367432,4.320000171661377,4.389999866485596,4.238280773162842,445700,,,,,,,,
2024-06-27,4.360000133514404,4.369999885559082,4.315000057220459,4.360000133514404,4.209317684173584,495200,,,,,,,,
2024-06-28,4.360000133514404,4.380000114440918,4.26200008392334,4.28000020980835,4.132082939147949,558700,,,,,,,,
2024-07-01,4.190000057220459,4.21999979019165,4.130000114440918,4.159999847412109,4.016229629516602,738200,,,,,,,,
2024-07-02,4.210000038146973,4.230000019073486,4.150000095367432,4.190000057220459,4.045193195343018,908100,,,,,,,,
2024-07-03,4.199999809265137,4.289999961853027,4.190000057220459,4.269999980926514,4.122427940368652,295400,,,,,,,,
2024-07-05,4.360000133514404,4.369999885559082,4.239999771118164,4.300000190734863,4.151391506195068,752300,,,,,,,,
2024-07-08,4.309999942779541,4.375,4.300000190734863,4.309999942779541,4.161045551300049,743100,,,,,,,,
2024-07-09,4.389999866485596,4.409999847412109,4.320000171661377,4.340000152587891,4.190009593963623,831100,,,,,,,,
2024-07-10,4.369999885559082,4.400000095367432,4.360000133514404,4.380000114440918,4.228626251220703,402600,,,,,,,,
2024-07-11,4.409999847412109,4.429999828338623,4.369999885559082,4.409999847412109,4.257589340209961,727500,,,,,,,,
2024-07-12,4.420000076293945,4.495999813079834,4.380000114440918,4.480000019073486,4.325170040130615,614400,,,,,,,,
2024-07-15,4.440000057220459,4.465000152587891,4.400000095367432,4.440000057220459,4.286552906036377,462100,,,,,,,,
2024-07-16,4.429999828338623,4.550000190734863,4.425000190734863,4.53000020980835,4.373442649841309,399300,,,,,,,,
2024-07-17,4.480000019073486,4.590000152587891,4.480000019073486,4.579999923706055,4.421714782714844,810100,,,,,,,,
2024-07-18,4.619999885559082,4.71999979019165,4.619999885559082,4.639999866485596,4.479640960693359,721300,,,,,,,,
2024-07-19,4.639999866485596,4.675000190734863,4.570000171661377,4.590000152587891,4.431369304656982,403900,,,,,,,,
2024-07-22,4.619999885559082,4.664999961853027,4.579999923706055,4.650000095367432,4.489295482635498,470600,,,,,,,,
2024-07-23,4.659999847412109,4.670000076293945,4.619999885559082,4.639999866485596,4.479640960693359,339000,,,,,,,,
2024-07-24,4.599999904632568,4.639999866485596,4.570000171661377,4.570000171661377,4.412060260772705,336200,,,,,,,,
2024-07-25,4.559999942779541,4.650000095367432,4.519999980926514,4.610000133514404,4.450677394866943,648700,,,,,,,,
2024-07-26,4.639999866485596,4.659999847412109,4.590000152587891,4.619999885559082,4.460331916809082,525400,,,,,,,,
2024-07-29,4.380000114440918,4.396999835968018,4.289999961853027,4.320000171661377,4.170700550079346,1569500,,,,,,,,
2024-07-30,4.230000019073486,4.284999847412109,4.199999809265137,4.260000228881836,4.112773418426514,928000,,,,,,,,
2024-07-31,4.25,4.275000095367432,4.190000057220459,4.199999809265137,4.054847240447998,1220200,,,,,,,,
2024-08-01,4.139999866485596,4.170000076293945,4.050000190734863,4.070000171661377,3.929340362548828,635900,,,,,,,,
2024-08-02,4.019999980926514,4.034999847412109,3.934999942779541,3.9800000190734863,3.8424506187438965,832000,,,,,,,,
2024-08-05,3.859999895095825,3.9200000762939453,3.8299999237060547,3.8399999141693115,3.707288980484009,919100,,,,,,,,
2024-08-06,3.869999885559082,3.940000057220459,3.8550000190734863,3.9000000953674316,3.7652156352996826,1220500,,,,,,,,
2024-08-07,3.9700000286102295,3.9800000190734863,3.875,3.890000104904175,3.755560874938965,1438200,,,,,,,,
2024-08-08,4.010000228881836,4.03000020980835,3.9000000953674316,3.9700000286102295,3.832796096801758,1058800,,,,,,,,
2024-08-09,3.9600000381469727,4.0,3.930999994277954,3.990000009536743,3.852104902267456,460100,,,,,,,,
2024-08-12,3.880000114440918,3.890000104904175,3.799999952316284,3.799999952316284,3.668671131134033,734500,,,,,,,,
2024-08-13,3.880000114440918,3.994999885559082,3.809999942779541,3.9600000381469727,3.8231420516967773,1131100,,,,,,,,
2024-08-14,4.119999885559082,4.224999904632568,4.079999923706055,4.210000038146973,4.064501762390137,1350900,,,,,,,,
2024-08-15,4.210000038146973,4.300000190734863,4.199999809265137,4.25,4.103119373321533,961900,,,,,,,,
2024-08-16,4.25,4.300000190734863,4.239999771118164,4.289999961853027,4.14173698425293,527700,,,,,,,,
2024-08-19,4.239999771118164,4.340000152587891,4.230000019073486,4.340000152587891,4.190009593963623,793100,,,,,,,,
2024-08-20,4.260000228881836,4.275000095367432,4.230000019073486,4.239999771118164,4.0934648513793945,1046900,,,,,,,,
2024-08-21,4.159999847412109,4.284999847412109,4.159999847412109,4.21999979019165,4.074155807495117,1299800,,,,,,,,
2024-08-22,4.199999809265137,4.260000228881836,4.179999828338623,4.199999809265137,4.054847240447998,754400,,,,,,,,
2024-08-23,4.260000228881836,4.409999847412109,4.260000228881836,4.389999866485596,4.238280773162842,1709000,,,,,,,,
2024-08-26,4.480000019073486,4.539999961853027,4.460000038146973,4.46999979019165,4.315516471862793,602000,,,,,,,,
2024-08-27,4.46999979019165,4.489999771118164,4.420000076293945,4.46999979019165,4.315516471862793,745800,,,,,,,,
2024-08-28,4.489999771118164,4.53000020980835,4.480000019073486,4.510000228881836,4.354133605957031,438400,,,,,,,,
2024-08-29,4.539999961853027,4.610000133514404,4.489999771118164,4.599999904632568,4.441023349761963,747700,,,,,,,,
2024-08-30,4.599999904632568,4.635000228881836,4.539999961853027,4.590000152587891,4.431369304656982,605200,,,,,,,,
2024-09-03,4.480000019073486,4.489999771118164,4.349999904632568,4.369999885559082,4.2189717292785645,636800,,,,,,,,
2024-09-04,4.230000019073486,4.320000171661377,4.224999904632568,4.260000228881836,4.159412384033203,670400,,,,,,,,
2024-09-05,4.25,4.28000020980835,4.159999847412109,4.190000057220459,4.091065406799316,675400,,,,,,,,
2024-09-06,4.199999809265137,4.199999809265137,4.099999904632568,4.150000095367432,4.052009582519531,713600,,,,,,,,
2024-09-09,4.039999961853027,4.09499979019165,4.03000020980835,4.03000020980835,3.9348435401916504,872900,,,,,,,,
2024-09-10,4.059999942779541,4.059999942779541,3.9600000381469727,4.010000228881836,3.915315628051758,572400,,,,,,,,
2024-09-11,4.0,4.034999847412109,3.950000047683716,4.03000020980835,3.9348435401916504,738100,,,,,,,,
2024-09-12,4.099999904632568,4.159999847412109,4.079999923706055,4.139999866485596,4.042245864868164,507400,,,,,,,,
2024-09-13,4.139999866485596,4.190000057220459,4.139999866485596,4.190000057220459,4.091065406799316,376700,,,,,,,,
2024-09-16,4.0,4.050000190734863,3.9000000953674316,3.9200000762939453,3.8274407386779785,1527000,,,,,,,,
2024-09-17,3.8499999046325684,3.940000057220459,3.8299999237060547,3.9100000858306885,3.8176767826080322,1358400,,,,,,,,
2024-09-18,3.880000114440918,3.924999952316284,3.8299999237060547,3.8399999141693115,3.7493295669555664,912900,,,,,,,,
2024-09-19,3.880000114440918,3.940000057220459,3.815000057220459,3.9200000762939453,3.8274407386779785,1054100,,,,,,,,
2024-09-20,3.869999885559082,3.9100000858306885,3.799999952316284,3.799999952316284,3.7102737426757812,1586400,,,,,,,,
2024-09-23,3.809999942779541,3.8499999046325684,3.7899999618530273,3.809999942779541,3.7200379371643066,1212500,,,,,,,,
2024-09-24,3.8949999809265137,4.0,3.8949999809265137,3.9700000286102295,3.8762600421905518,1048700,,,,,,,,
2024-09-25,4.119999885559082,4.159999847412109,4.074999809265137,4.090000152587891,3.993426561355591,1452600,,,,,,,,
2024-09-26,4.21999979019165,4.34499979019165,4.21999979019165,4.300000190734863,4.198468208312988,2587900,,,,,,,,
2024-09-27,4.329999923706055,4.385000228881836,4.260000228881836,4.269999980926514,4.16917610168457,752600,,,,,,,,
2024-09-30,4.28000020980835,4.289999961853027,4.175000190734863,4.25,4.149648666381836,1129300,,,,,,,,
2024-10-01,4.260000228881836,4.28000020980835,4.190000057220459,4.260000228881836,4.159412384033203,768700,,,,,,,,
2024-10-02,4.230000019073486,4.269999980926514,4.179999828338623,4.21999979019165,4.120356559753418,943100,,,,,,,,
2024-10-03,4.179999828338623,4.179999828338623,4.110000133514404,4.130000114440918,4.032482147216797,316000,,,,,,,,
2024-10-04,4.199999809265137,4.204999923706055,4.099999904632568,4.159999847412109,4.061773777008057,460300,,,,,,,,
2024-10-07,4.090000152587891,4.105000019073486,4.014999866485596,4.019999980926514,3.925079345703125,849000,,,,,,,,
2024-10-08,4.039999961853027,4.039999961853027,3.9639999866485596,4.010000228881836,3.915315628051758,653500,,,,,,,,
2024-10-09,4.019999980926514,4.119999885559082,4.010000228881836,4.099999904632568,4.003190517425537,912400,,,,,,,,
2024-10-10,4.059999942779541,4.125,4.054999828338623,4.070000171661377,3.9738988876342773,626600,,,,,,,,
2024-10-11,4.050000190734863,4.085000038146973,4.03000020980835,4.050000190734863,3.954371213912964,453600,,,,,,,,
2024-10-14,3.950000047683716,3.990000009536743,3.9100000858306885,3.990000009536743,3.8957877159118652,496100,,,,,,,,
2024-10-15,3.9800000190734863,4.010000228881836,3.9100000858306885,3.9200000762939453,3.8274407386779785,831400,,,,,,,,
2024-10-16,3.940000057220459,3.9600000381469727,3.930000066757202,3.950000047683716,3.856732130050659,674000,,,,,,,,
2024-10-17,3.9800000190734863,4.059999942779541,3.9700000286102295,4.059999942779541,3.964134693145752,515600,,,,,,,,
2024-10-18,4.059999942779541,4.090000152587891,4.050000190734863,4.070000171661377,3.9738988876342773,537700,,,,,,,,
2024-10-21,4.170000076293945,4.21999979019165,4.119999885559082,4.210000038146973,4.110593318939209,1031300,,,,,,,,
2024-10-22,4.199999809265137,4.199999809265137,4.105000019073486,4.110000133514404,4.012954235076904,616500,,,,,,,,
2024-10-23,4.079999923706055,4.130000114440918,4.072000026702881,4.099999904632568,4.003190517425537,371100,,,,,,,,
2024-10-24,4.099999904632568,4.119999885559082,4.03000020980835,4.110000133514404,4.012954235076904,437600,,,,,,,,
2024-10-25,4.110000133514404,4.114999771118164,4.065000057220459,4.090000152587891,3.993426561355591,543700,,,,,,,,
2024-10-28,4.130000114440918,4.139999866485596,4.090000152587891,4.139999866485596,4.042245864868164,673400,,,,,,,,
2024-10-29,4.090000152587891,4.125,4.052000045776367,4.110000133514404,4.012954235076904,815400,,,,,,,,
2024-10-30,4.125,4.230000019073486,4.119999885559082,4.170000076293945,4.071537971496582,650100,,,,,,,,
2024-10-31,4.150000095367432,4.170000076293945,4.110000133514404,4.119999885559082,4.0227179527282715,404100,,,,,,,,
2024-11-01,4.130000114440918,4.159999847412109,4.110000133514404,4.150000095367432,4.052009582519531,310900,,,,,,,,
2024-11-04,4.420000076293945,4.5,4.394999980926514,4.440000057220459,4.335162162780762,1377700,,,,,,,,
2024-11-05,4.349999904632568,4.375,4.309999942779541,4.320000171661377,4.217996120452881,752300,,,,,,,,
2024-11-06,4.34499979019165,4.360000133514404,4.224999904632568,4.269999980926514,4.16917610168457,685800,,,,,,,,
2024-11-07,4.150000095367432,4.25,4.139999866485596,4.230000019073486,4.130120754241943,954300,,,,,,,,
2024-11-08,4.239999771118164,4.239999771118164,4.110000133514404,4.139999866485596,4.042245864868164,647600,,,,,,,,
2024-11-11,4.340000152587891,4.46999979019165,4.320000171661377,4.389999866485596,4.286342620849609,2292700,,,,,,,,
2024-11-12,4.300000190734863,4.335000038146973,4.230000019073486,4.28000020980835,4.178940773010254,1299100,,,,,,,,
2024-11-13,4.28000020980835,4.385000228881836,4.260000228881836,4.300000190734863,4.198468208312988,1038000,,,,,,,,
2024-11-14,4.320000171661377,4.409999847412109,4.309999942779541,4.409999847412109,4.305870532989502,907700,,,,,,,,
2024-11-15,4.400000095367432,4.485000133514404,4.374000072479248,4.420000076293945,4.315634727478027,836900,,,,,,,,
2024-11-18,4.429999828338623,4.539999961853027,4.40500020980835,4.510000228881836,4.403509616851807,924300,,,,,,,,
2024-11-19,4.380000114440918,4.420000076293945,4.34499979019165,4.380000114440918,4.276578903198242,883200,,,,,,,,
2024-11-20,4.369999885559082,4.440000057220459,4.360000133514404,4.440000057220459,4.335162162780762,476400,,,,,,,,
2024-11-21,4.449999809265137,4.619999885559082,4.449999809265137,4.619999885559082,4.51091194152832,669200,,,,,,,,
2024-11-22,4.619999885559082,4.650000095367432,4.559999942779541,4.630000114440918,4.5206756591796875,485100,,,,,,,,
2024-11-25,4.699999809265137,4.78000020980835,4.679999828338623,4.710000038146973,4.598787307739258,1087500,,,,,,,,
2024-11-26,4.670000076293945,4.679999828338623,4.619999885559082,4.650000095367432,4.540204048156738,663000,,,,,,,,
2024-11-27,4.599999904632568,4.610000133514404,4.539999961853027,4.559999942779541,4.452328681945801,703500,,,,,,,,
2024-11-29,4.539999961853027,4.590000152587891,4.519999980926514,4.579999923706055,4.471857070922852,401800,,,,,,,,
2024-12-02,4.559999942779541,4.630000114440918,4.554999828338623,4.610000133514404,4.501148223876953,770000,,,,,,,,
2024-12-03,4.849999904632568,4.90500020980835,4.815000057220459,4.900000095367432,4.784300804138184,1049600,,,,,,,,
2024-12-04,5.0,5.050000190734863,4.980000019073486,5.010000228881836,4.945192813873291,1845400,,,,,,,,
2024-12-05,4.940000057220459,4.96999979019165,4.820000171661377,4.860000133514404,4.797132968902588,1750900,,,,,,,,
2024-12-06,4.889999866485596,5.03000020980835,4.795000076293945,4.980000019073486,4.9155802726745605,1844300,,,,,,,,
2024-12-09,5.079999923706055,5.210000038146973,5.065000057220459,5.090000152587891,5.024157524108887,1312500,,,,,,,,
2024-12-10,5.050000190734863,5.059999942779541,4.96999979019165,5.019999980926514,4.9550628662109375,851500,,,,,,,,
2024-12-11,5.110000133514404,5.138000011444092,5.054999828338623,5.119999885559082,5.053769111633301,569100,,,,,,,,
2024-12-12,5.119999885559082,5.159999847412109,5.105000019073486,5.130000114440918,5.063640117645264,568400,,,,,,,,
2024-12-13,5.139999866485596,5.139999866485596,5.03000020980835,5.099999904632568,5.034028053283691,363900,,,,,,,,
2024-12-16,5.03000020980835,5.03000020980835,4.940000057220459,4.980000019073486,4.9155802726745605,718900,,,,,,,,
2024-12-17,4.940000057220459,5.019999980926514,4.914999961853027,4.96999979019165,4.905709266662598,974200,,,,,,,,
2024-12-18,4.940000057220459,4.980000019073486,4.800000190734863,4.829999923706055,4.767520904541016,780700,,,,,,,,
2024-12-19,4.849999904632568,4.889999866485596,4.789999961853027,4.849999904632568,4.787261962890625,725400,,,,,,,,
2024-12-20,4.800000190734863,4.940000057220459,4.769999980926514,4.889999866485596,4.826744079589844,615400,,,,,,,,
2024-12-23,4.869999885559082,4.889999866485596,4.809999942779541,4.889999866485596,4.826744079589844,744000,,,,,,,,
2024-12-24,4.900000095367432,4.989999771118164,4.889999866485596,4.980000019073486,4.9155802726745605,310800,,,,,,,,
2024-12-26,4.860000133514404,4.880000114440918,4.829999923706055,4.840000152587891,4.77739143371582,475600,,,,,,,,
2024-12-27,4.809999942779541,4.84499979019165,4.739999771118164,4.789999961853027,4.728038311004639,533800,,,,,,,,
2024-12-30,4.730000019073486,4.815000057220459,4.701000213623047,4.800000190734863,4.737908840179443,638600,,,,,,,,
2024-12-31,4.949999809265137,4.96999979019165,4.880000114440918,4.940000057220459,4.876098155975342,664000,,,,,,,,
2025-01-02,5.0,5.050000190734863,4.929999828338623,4.960000038146973,4.895839214324951,534600,,,,,,,,
2025-01-03,4.960000038146973,5.070000171661377,4.940000057220459,5.059999942779541,4.9945454597473145,519900,,,,,,,,
2025-01-06,5.210000038146973,5.289999961853027,5.179999828338623,5.230000019073486,5.162346363067627,910900,,,,,,,,
2025-01-07,5.289999961853027,5.295000076293945,5.179999828338623,5.199999809265137,5.132734775543213,1034900,,,,,,,,
2025-01-08,5.159999847412109,5.204999923706055,5.110000133514404,5.179999828338623,5.112993240356445,1095200,,,,,,,,
2025-01-10,5.179999828338623,5.199999809265137,5.054999828338623,5.199999809265137,5.132734775543213,998300,,,,,,,,
2025-01-13,5.21999979019165,5.510000228881836,5.21999979019165,5.5,5.428853511810303,1186600,,,,,,,,
2025-01-14,5.639999866485596,5.679999828338623,5.579999923706055,5.670000076293945,5.596654891967773,586100,,,,,,,,
2025-01-15,5.710000038146973,5.789999961853027,5.670000076293945,5.730000019073486,5.65587854385376,837500,,,,,,,,
2025-01-16,5.699999809265137,5.760000228881836,5.690000057220459,5.710000038146973,5.63613748550415,460300,,,,,,,,
2025-01-17,5.75,5.940000057220459,5.75,5.909999847412109,5.833549976348877,1134300,,,,,,,,
2025-01-21,6.0,6.059999942779541,5.889999866485596,5.949999809265137,5.873032569885254,1099200,,,,,,,,
2025-01-22,6.059999942779541,6.179999828338623,6.03000020980835,6.059999942779541,5.98160982131958,1030200,,,,,,,,
2025-01-23,6.010000228881836,6.065000057220459,5.980000019073486,6.039999961853027,5.961868762969971,686600,,,,,,,,
2025-01-24,6.070000171661377,6.070000171661377,5.849999904632568,5.960000038146973,5.882903099060059,966100,,,,,,,,
2025-01-27,5.829999923706055,5.829999923706055,5.75,5.769999980926514,5.695361137390137,599800,,,,,,,,
2025-01-28,5.760000228881836,5.829999923706055,5.75,5.829999923706055,5.754584789276123,326400,,,,,,,,
2025-01-29,5.869999885559082,5.954999923706055,5.864999771118164,5.909999847412109,5.833549976348877,541300,,,,,,,,
2025-01-30,6.0,6.0,5.869999885559082,5.920000076293945,5.843420505523682,391900,,,,,,,,
2025-01-31,5.909999847412109,5.929999828338623,5.849999904632568,5.880000114440918,5.803938388824463,831200,,,,,,,,
2025-02-03,5.800000190734863,5.909999847412109,5.75,5.840000152587891,5.764455795288086,1081500,,,,,,,,
2025-02-04,5.880000114440918,6.059999942779541,5.864999771118164,6.010000228881836,5.932257175445557,536800,,,,,,,,
2025-02-05,6.010000228881836,6.114999771118164,5.994999885559082,6.0,5.922386169433594,796800,,,,,,,,
2025-02-06,6.019999980926514,6.050000190734863,5.875,5.900000095367432,5.823679447174072,793300,,,,,,,,
2025-02-07,5.940000057220459,5.980000019073486,5.880000114440918,5.920000076293945,5.843420505523682,597000,,,,,,,,
2025-02-10,6.039999961853027,6.11899995803833,6.03000020980835,6.059999942779541,5.98160982131958,530200,,,,,,,,
2025-02-11,6.119999885559082,6.159999847412109,6.039999961853027,6.059999942779541,5.98160982131958,667700,,,,,,,,
2025-02-12,6.0,6.034999847412109,5.889999866485596,5.940000057220459,5.863162040710449,810200,,,,,,,,
2025-02-13,5.860000133514404,5.934999942779541,5.809999942779541,5.909999847412109,5.833549976348877,616800,,,,,,,,
2025-02-14,5.920000076293945,5.949999809265137,5.864999771118164,5.880000114440918,5.803938388824463,384600,,,,,,,,
2025-02-18,6.079999923706055,6.170000076293945,6.051000118255615,6.130000114440918,6.050704479217529,634500,,,,,,,,
2025-02-19,6.190000057220459,6.210000038146973,6.099999904632568,6.130000114440918,6.050704479217529,697000,,,,,,,,
2025-02-20,6.420000076293945,6.429999828338623,6.21999979019165,6.230000019073486,6.149411201477051,1474000,,,,,,,,
2025-02-21,6.25,6.275000095367432,6.150000095367432,6.170000076293945,6.090187072753906,717600,,,,,,,,
2025-02-24,6.170000076293945,6.179999828338623,6.070000171661377,6.099999904632568,6.021092414855957,582200,,,,,,,,
2025-02-25,6.260000228881836,6.565000057220459,6.230000019073486,6.449999809265137,6.366564750671387,4479400,,,,,,,,
2025-02-26,6.159999847412109,6.170000076293945,5.449999809265137,5.980000019073486,5.902644634246826,4827700,,,,,,,,
2025-02-27,6.159999847412109,6.210000038146973,6.090000152587891,6.150000095367432,6.070445537567139,1087000,,,,,,,,
2025-02-28,6.099999904632568,6.105000019073486,5.949999809265137,6.03000020980835,5.951997756958008,910700,,,,,,,,
2025-03-03,6.119999885559082,6.150000095367432,5.860000133514404,5.900000095367432,5.823679447174072,1092800,,,,,,,,
2025-03-04,5.800000190734863,5.849999904632568,5.704999923706055,5.78000020980835,5.7052321434021,922600,,,,,,,,
2025-03-05,5.889999866485596,6.070000171661377,5.849999904632568,6.050000190734863,5.971739292144775,844300,,,,,,,,
2025-03-06,6.059999942779541,6.179999828338623,6.019999980926514,6.070000171661377,5.991480350494385,939700,,,,,,,,
2025-03-07,6.039999961853027,6.099999904632568,5.96999979019165,6.050000190734863,5.971739292144775,642700,,,,,,,,
2025-03-10,6.079999923706055,6.170000076293945,5.954999923706055,6.039999961853027,5.961868762969971,1152500,,,,,,,,
2025-03-11,6.050000190734863,6.195000171661377,6.039999961853027,6.179999828338623,6.100057125091553,813700,,,,,,,,
2025-03-12,6.239999771118164,6.25,6.170000076293945,6.199999809265137,6.159667015075684,704300,,,,,,,,
2025-03-13,6.099999904632568,6.170000076293945,6.039999961853027,6.119999885559082,6.0801873207092285,481500,,,,,,,,
2025-03-14,6.190000057220459,6.255000114440918,6.150000095367432,6.25,6.209342002868652,331300,,,,,,,,
2025-03-17,6.260000228881836,6.357999801635742,6.255000114440918,6.329999923706055,6.288821220397949,624800,,,,,,,,
2025-03-18,6.230000019073486,6.25,6.059999942779541,6.070000171661377,6.030512809753418,834200,,,,,,,,
2025-03-19,6.050000190734863,6.105000019073486,5.949999809265137,6.079999923706055,6.04044771194458,704600,,,,,,,,
2025-03-20,5.889999866485596,5.980000019073486,5.849999904632568,5.96999979019165,5.931163311004639,696600,,,,,,,,
2025-03-21,5.920000076293945,5.925000190734863,5.860000133514404,5.889999866485596,5.851683616638184,556900,,,,,,,,
2025-03-24,5.840000152587891,5.894999980926514,5.840000152587891,5.860000133514404,5.821878910064697,503300,,,,,,,,
2025-03-25,5.940000057220459,5.965000152587891,5.619999885559082,5.739999771118164,5.7026591300964355,1091100,,,,,,,,
2025-03-26,5.679999828338623,5.75,5.675000190734863,5.739999771118164,5.7026591300964355,681900,,,,,,,,
2025-03-27,5.699999809265137,5.849999904632568,5.670000076293945,5.820000171661377,5.782139301300049,563100,,,,,,,,
2025-03-28,5.800000190734863,5.820000171661377,5.664999961853027,5.690000057220459,5.652984619140625,470600,,,,,,,,
2025-03-31,5.590000152587891,5.696000099182129,5.579999923706055,5.690000057220459,5.652984619140625,602800,,,,,,,,
2025-04-01,5.769999980926514,5.78000020980835,5.630000114440918,5.760000228881836,5.722529411315918,1214700,,,,,,,,
2025-04-02,5.699999809265137,5.769999980926514,5.670000076293945,5.760000228881836,5.722529411315918,672400,,,,,,,,
2025-04-03,5.630000114440918,5.760000228881836,5.614999771118164,5.679999828338623,5.643049716949463,723100,,,,,,,,
2025-04-04,5.480000019073486,5.5,5.210000038146973,5.349999904632568,5.315196514129639,1268300,,,,,,,,
2025-04-07,5.480000019073486,5.71999979019165,5.429999828338623,5.53000020980835,5.494025707244873,1555800,,,,,,,,
2025-04-08,5.889999866485596,5.909999847412109,5.539999961853027,5.659999847412109,5.623179912567139,1709300,,,,,,,,
2025-04-09,5.755000114440918,6.15500020980835,5.690000057220459,6.139999866485596,6.100057125091553,2060700,,,,,,,,
2025-04-10,5.920000076293945,6.019999980926514,5.849999904632568,5.980000019073486,5.941098213195801,869900,,,,,,,,
2025-04-11,6.079999923706055,6.369999885559082,6.03000020980835,6.28000020980835,6.239146709442139,1156400,,,,,,,,
2025-04-14,6.309999942779541,6.340000152587891,6.239999771118164,6.320000171661377,6.278886795043945,619100,,,,,,,,
2025-04-15,6.349999904632568,6.394999980926514,6.304999828338623,6.320000171661377,6.278886795043945,444200,,,,,,,,
2025-04-16,6.320000171661377,6.449999809265137,6.260000228881836,6.309999942779541,6.268951416015625,955400,,,,,,,,
2025-04-17,6.329999923706055,6.428999900817871,6.300000190734863,6.369999885559082,6.328560829162598,448000,,,,,,,,
2025-04-21,6.360000133514404,6.389999866485596,6.284999847412109,6.360000133514404,6.318626403808594,585500,,,,,,,,
2025-04-22,6.409999847412109,6.510000228881836,6.364999771118164,6.489999771118164,6.447780132293701,579900,,,,,,,,
2025-04-23,6.619999885559082,6.644000053405762,6.519999980926514,6.579999923706055,6.537195205688477,717700,,,,,,,,
2025-04-24,6.610000133514404,6.715000152587891,6.599999904632568,6.670000076293945,6.626609802246094,775800,,,,,,,,
2025-04-25,6.670000076293945,6.739999771118164,6.659999847412109,6.739999771118164,6.6961541175842285,579700,,,,,,,,
2025-04-28,6.739999771118164,6.800000190734863,6.644999980926514,6.730000019073486,6.686219215393066,912500,,,,,,,,
2025-04-29,6.659999847412109,6.735000133514404,6.635000228881836,6.71999979019165,6.676284313201904,644800,,,,,,,,
2025-04-30,6.579999923706055,6.659999847412109,6.520999908447266,6.639999866485596,6.596804618835449,594200,,,,,,,,
2025-05-01,6.639999866485596,6.789999961853027,6.638999938964844,6.690000057220459,6.646479606628418,675600,,,,,,,,
2025-05-02,6.760000228881836,6.835000038146973,6.710000038146973,6.789999961853027,6.745829105377197,1056700,,,,,,,,
2025-05-05,6.840000152587891,6.8420000076293945,6.800000190734863,6.809999942779541,6.7656989097595215,448000,,,,,,,,
2025-05-06,6.800000190734863,6.849999904632568,6.78000020980835,6.840000152587891,6.795503616333008,761300,,,,,,,,
2025-05-07,6.849999904632568,6.909999847412109,6.809999942779541,6.849999904632568,6.80543851852417,728000,,,,,,,,
2025-05-08,6.800000190734863,6.900000095367432,6.75,6.840000152587891,6.795503616333008,594100,,,,,,,,
2025-05-09,6.920000076293945,6.929999828338623,6.820000171661377,6.909999847412109,6.865047931671143,409400,,,,,,,,
2025-05-12,6.949999809265137,6.949999809265137,6.820000171661377,6.840000152587891,6.795503616333008,489300,,,,,,,,
2025-05-13,6.679999828338623,6.860000133514404,6.679999828338623,6.829999923706055,6.785568714141846,1057600,,,,,,,,
2025-05-14,6.840000152587891,6.885000228881836,6.800000190734863,6.809999942779541,6.7656989097595215,598000,,,,,,,,
2025-05-15,6.78000020980835,6.824999809265137,6.75,6.78000020980835,6.735894203186035,909400,,,,,,,,
2025-05-16,6.760000228881836,6.775000095367432,6.690999984741211,6.739999771118164,6.6961541175842285,810100,,,,,,,,
2025-05-19,6.650000095367432,6.650000095367432,6.570000171661377,6.590000152587891,6.547130107879639,1038600,,,,,,,,
2025-05-20,6.579999923706055,6.605000019073486,6.5,6.570000171661377,6.5272603034973145,652100,,,,,,,,
2025-05-21,6.46999979019165,6.539999961853027,6.389999866485596,6.460000038146973,6.417975902557373,889100,,,,,,,,
2025-05-22,6.5,6.5,6.340000152587891,6.340000152587891,6.2987565994262695,567900,,,,,,,,
2025-05-23,6.300000190734863,6.409999847412109,6.28000020980835,6.380000114440918,6.338496208190918,470400,,,,,,,,
2025-05-27,6.429999828338623,6.460000038146973,6.389999866485596,6.440000057220459,6.398105621337891,793000,,,,,,,,
2025-05-28,6.570000171661377,6.679999828338623,6.539999961853027,6.639999866485596,6.596804618835449,746100,,,,,,,,
2025-05-29,6.670000076293945,6.689000129699707,6.570000171661377,6.619999885559082,6.576934814453125,788800,,,,,,,,
2025-05-30,6.579999923706055,6.639999866485596,6.53000020980835,6.630000114440918,6.586869716644287,581400,,,,,,,,
2025-06-02,6.699999809265137,6.704999923706055,6.619999885559082,6.679999828338623,6.636544227600098,1130500,,,,,,,,
2025-06-03,6.650000095367432,6.659999847412109,6.579999923706055,6.610000133514404,6.566999912261963,521700,,,,,,,,
2025-06-04,6.989999771118164,7.039999961853027,6.934999942779541,6.980000019073486,6.980000019073486,1926100,,,,,,,,
2025-06-05,6.840000152587891,6.840000152587891,6.71999979019165,6.71999979019165,6.71999979019165,877100,,,,,,,,
2025-06-06,6.679999828338623,6.730000019073486,6.630000114440918,6.650000095367432,6.650000095367432,855600,,,,,,,,
2025-06-09,6.699999809265137,6.784999847412109,6.690000057220459,6.739999771118164,6.739999771118164,718300,,,,,,,,
2025-06-10,6.71999979019165,6.795000076293945,6.659999847412109,6.670000076293945,6.670000076293945,726600,,,,,,,,
2025-06-11,6.670000076293945,6.690000057220459,6.570000171661377,6.579999923706055,6.579999923706055,1134600,,,,,,,,
2025-06-12,6.460000038146973,6.505000114440918,6.440000057220459,6.489999771118164,6.489999771118164,609800,,,,,,,,
2025-06-13,6.349999904632568,6.507999897003174,6.3460001945495605,6.46999979019165,6.46999979019165,694600,,,,,,,,
2025-06-16,6.599999904632568,6.78000020980835,6.599999904632568,6.650000095367432,6.650000095367432,1028700,,,,,,,,
2025-06-17,6.690000057220459,6.699999809265137,6.590000152587891,6.679999828338623,6.679999828338623,871200,,,,,,,,
2025-06-18,6.699999809265137,6.804999828338623,6.650000095367432,6.769999980926514,6.769999980926514,770100,,,,,,,,
2025-06-20,6.809999942779541,6.809999942779541,6.650000095367432,6.71999979019165,6.71999979019165,867100,,,,,,,,
2025-06-23,6.809999942779541,6.84499979019165,6.71999979019165,6.760000228881836,6.760000228881836,584700,,,,,,,,
2025-06-24,6.670000076293945,6.724999904632568,6.639999866485596,6.639999866485596,6.639999866485596,435100,,,,,,,,
2025-06-25,6.75,6.78000020980835,6.724999904632568,6.730000019073486,6.730000019073486,538000,,,,,,,,
2025-06-26,6.730000019073486,6.860000133514404,6.71999979019165,6.789999961853027,6.789999961853027,794700,,,,,,,,
2025-06-27,6.75,6.775000095367432,6.699999809265137,6.75,6.75,506800,,,,,,,,
2025-06-30,6.769999980926514,6.908999919891357,6.755000114440918,6.880000114440918,6.880000114440918,494800,,,,,,,,
2025-07-01,7.019999980926514,7.059999942779541,6.934999942779541,7.0,7.0,773300,,,,,,,,
2025-07-02,7.199999809265137,7.309999942779541,7.179999828338623,7.210000038146973,7.210000038146973,1711400,,,,,,,,
2025-07-03,7.329999923706055,7.349999904632568,7.244999885559082,7.309999942779541,7.309999942779541,748000,,,,,,,,
2025-07-07,7.170000076293945,7.255000114440918,7.130000114440918,7.150000095367432,7.150000095367432,572400,,,,,,,,
2025-07-08,7.119999885559082,7.119999885559082,7.03000020980835,7.050000190734863,7.050000190734863,624400,,,,,,,,
2025-07-09,7.119999885559082,7.230000019073486,7.090000152587891,7.230000019073486,7.230000019073486,879900,,,,,,,,
2025-07-10,7.179999828338623,7.179999828338623,7.054999828338623,7.079999923706055,7.079999923706055,605800,,,,,,,,
2025-07-11,7.0,7.099999904632568,6.900000095367432,7.070000171661377,7.070000171661377,744200,,,,,,,,
2025-07-14,6.889999866485596,6.980000019073486,6.860000133514404,6.909999847412109,6.909999847412109,712300,,,,,,,,
2025-07-15,6.900000095367432,6.915999889373779,6.809999942779541,6.820000171661377,6.820000171661377,493800,,,,,,,,
2025-07-16,6.849999904632568,6.849999904632568,6.750999927520752,6.789999961853027,6.789999961853027,559700,,,,,,,,
2025-07-17,6.75,6.789000034332275,6.739999771118164,6.75,6.75,433200,,,,,,,,
2025-07-18,6.789999961853027,6.940000057220459,6.760000228881836,6.869999885559082,6.869999885559082,549400,,,,,,,,
2025-07-21,6.900000095367432,6.900000095367432,6.809999942779541,6.849999904632568,6.849999904632568,853000,,,,,,,,
2025-07-22,6.840000152587891,6.889999866485596,6.78000020980835,6.869999885559082,6.869999885559082,436100,,,,,,,,
2025-07-23,6.960000038146973,7.079999923706055,6.949999809265137,7.03000020980835,7.03000020980835,497400,,,,,,,,
2025-07-24,6.929999828338623,6.934999942779541,6.829999923706055,6.840000152587891,6.840000152587891,579900,,,,,,,,
2025-07-25,6.78000020980835,6.840000152587891,6.770999908447266,6.800000190734863,6.800000190734863,332500,,,,,,,,
2025-07-28,6.75,6.769999980926514,6.730000019073486,6.769999980926514,6.769999980926514,283200,,,,,,,,
2025-07-29,6.71999979019165,6.71999979019165,6.639999866485596,6.679999828338623,6.679999828338623,569500,,,,,,,,
2025-07-30,6.519999980926514,6.539999961853027,6.400000095367432,6.409999847412109,6.409999847412109,534600,,,,,,,,
2025-07-31,6.289999961853027,6.320000171661377,6.224999904632568,6.269999980926514,6.269999980926514,1391900,,,,,,,,
2025-08-01,6.329999923706055,6.329999923706055,6.139999866485596,6.159999847412109,6.159999847412109,698500,,,,,,,,
2025-08-04,6.039999961853027,6.090000152587891,5.989999771118164,6.019999980926514,6.019999980926514,930300,,,,,,,,
2025-08-05,5.989999771118164,6.070000171661377,5.96999979019165,6.03000020980835,6.03000020980835,1005500,,,,,,,,
2025-08-06,6.059999942779541,6.138999938964844,5.980000019073486,5.989999771118164,5.989999771118164,1043900,,,,,,,,
2025-08-07,6.289999961853027,6.320000171661377,6.179999828338623,6.199999809265137,6.199999809265137,1118400,,,,,,,,
2025-08-08,6.239999771118164,6.239999771118164,6.135000228881836,6.190000057220459,6.190000057220459,921400,,,,,,,,
2025-08-11,6.03000020980835,6.09499979019165,6.005000114440918,6.019999980926514,6.019999980926514,782200,,,,,,,,
2025-08-12,5.949999809265137,5.96999979019165,5.880000114440918,5.929999828338623,5.929999828338623,860800,,,,,,,,
2025-08-13,6.03000020980835,6.090000152587891,6.010000228881836,6.090000152587891,6.090000152587891,776800,,,,,,,,
2025-08-14,6.119999885559082,6.139999866485596,6.079999923706055,6.119999885559082,6.119999885559082,753700,,,,,,,,
2025-08-15,6.139999866485596,6.210000038146973,6.099999904632568,6.179999828338623,6.179999828338623,673200,,,,,,,,
2025-08-18,6.190000057220459,6.269999980926514,6.170000076293945,6.260000228881836,6.260000228881836,1023000,,,,,,,,
2025-08-19,6.289999961853027,6.349999904632568,6.255000114440918,6.260000228881836,6.260000228881836,699600,,,,,,,,
2025-08-20,6.260000228881836,6.260000228881836,6.204999923706055,6.210000038146973,6.210000038146973,429200,,,,,,,,
2025-08-21,6.139999866485596,6.25,6.139999866485596,6.25,6.25,433300,,,,,,,,
2025-08-22,6.260000228881836,6.349999904632568,6.260000228881836,6.300000190734863,6.300000190734863,713700,,,,,,,,
2025-08-25,6.329999923706055,6.559999942779541,6.329999923706055,6.389999866485596,6.389999866485596,738800,,,,,,,,
2025-08-26,6.409999847412109,6.449999809265137,6.389999866485596,6.429999828338623,6.429999828338623,613300,,,,,,,,
2025-08-27,6.400000095367432,6.5,6.400000095367432,6.449999809265137,6.449999809265137,490200,,,,,,,,
2025-08-28,6.550000190734863,6.565000057220459,6.480000019073486,6.539999961853027,6.539999961853027,487600,,,,,,,,
2025-08-29,6.539999961853027,6.539999961853027,6.420000076293945,6.440000057220459,6.440000057220459,507500,,,,,,,,
2025-09-02,6.230000019073486,6.289999961853027,6.211999893188477,6.260000228881836,6.260000228881836,611500,,,,,,,,
2025-09-03,6.210000038146973,6.210000038146973,6.110000133514404,6.130000114440918,6.130000114440918,872300,,,,,,,,
2025-09-04,6.03000020980835,6.110000133514404,6.014999866485596,6.090000152587891,6.090000152587891,701800,,,,,,,,
2025-09-05,6.139999866485596,6.210000038146973,6.059999942779541,6.079999923706055,6.079999923706055,730000,,,,,,,,
2025-09-08,6.079999923706055,6.130000114440918,6.045000076293945,6.099999904632568,6.099999904632568,615800,,,,,,,,
2025-09-09,6.130000114440918,6.159999847412109,6.079999923706055,6.099999904632568,6.099999904632568,579700,,,,,,,,
2025-09-10,6.159999847412109,6.264999866485596,6.159999847412109,6.25,6.25,417000,,,,,,,,
2025-09-11,6.139999866485596,6.239999771118164,6.139999866485596,6.190000057220459,6.190000057220459,356400,,,,,,,,
2025-09-12,6.199999809265137,6.199999809265137,6.135000228881836,6.190000057220459,6.190000057220459,458800,,,,,,,,
2025-09-15,6.190000057220459,6.239999771118164,6.125,6.170000076293945,6.170000076293945,606500,,,,,,,,
2025-09-16,6.110000133514404,6.139999866485596,6.039999961853027,6.110000133514404,6.110000133514404,701500,,,,,,,,
2025-09-17,6.070000171661377,6.125999927520752,6.034999847412109,6.070000171661377,6.070000171661377,834900,,,,,,,,
2025-09-18,6.150000095367432,6.150000095367432,6.039999961853027,6.119999885559082,6.119999885559082,649300,,,,,,,,
2025-09-19,6.119999885559082,6.159999847412109,6.110000133514404,6.139999866485596,6.139999866485596,419000,,,,,,,,
2025-09-22,6.119999885559082,6.119999885559082,6.025000095367432,6.079999923706055,6.079999923706055,530100,,,,,,,,
2025-09-23,6.119999885559082,6.119999885559082,6.039999961853027,6.050000190734863,6.050000190734863,514500,,,,,,,,
2025-09-24,6.0,6.199999809265137,6.0,6.139999866485596,6.139999866485596,1154000,,,,,,,,
2025-09-25,6.090000152587891,6.190000057220459,5.974999904632568,6.010000228881836,6.010000228881836,808000,,,,,,,,
2025-09-26,6.019999980926514,6.105000019073486,5.980000019073486,6.090000152587891,6.090000152587891,560300,,,,,,,,
2025-09-29,6.25,6.364999771118164,6.230000019073486,6.329999923706055,6.329999923706055,1340700,,,,,,,,
2025-09-30,6.329999923706055,6.329999923706055,6.179999828338623,6.21999979019165,6.21999979019165,572500,,,,,,,,
2025-10-01,6.239999771118164,6.239999771118164,6.065000057220459,6.070000171661377,6.070000171661377,445600,,,,,,,,
2025-10-02,6.119999885559082,6.269999980926514,6.119999885559082,6.260000228881836,6.260000228881836,563000,,,,,,,,
2025-10-03,6.239999771118164,6.300000190734863,6.21999979019165,6.230000019073486,6.230000019073486,350900,,,,,,,,
2025-10-06,6.269999980926514,6.409999847412109,6.260000228881836,6.409999847412109,6.409999847412109,518500,,,,,,,,
2025-10-07,6.420000076293945,6.429999828338623,6.329999923706055,6.400000095367432,6.400000095367432,454900,,,,,,,,
2025-10-08,6.420000076293945,6.449999809265137,6.335000038146973,6.440000057220459,6.440000057220459,522500,,,,,,,,
2025-10-09,6.760000228881836,6.929999828338623,6.659999847412109,6.71999979019165,6.71999979019165,999800,,,,,,,,
2025-10-10,6.679999828338623,6.679999828338623,6.460000038146973,6.480000019073486,6.480000019073486,1012900,,,,,,,,
2025-10-13,6.539999961853027,6.855000019073486,6.534999847412109,6.840000152587891,6.840000152587891,1324600,,,,,,,,
2025-10-14,6.699999809265137,6.755000114440918,6.579999923706055,6.590000152587891,6.590000152587891,1242500,,,,,,,,
2025-10-15,6.489999771118164,6.489999771118164,6.349999904632568,6.360000133514404,6.360000133514404,673700,,,,,,,,
2025-10-16,6.349999904632568,6.349999904632568,6.190000057220459,6.21999979019165,6.21999979019165,686500,,,,,,,,
2025-10-17,6.199999809265137,6.300000190734863,6.190000057220459,6.28000020980835,6.28000020980835,353400,,,,,,,,
2025-10-20,6.190000057220459,6.264999866485596,6.159999847412109,6.239999771118164,6.239999771118164,466400,,,,,,,,
2025-10-21,6.230000019073486,6.289999961853027,6.203000068664551,6.239999771118164,6.239999771118164,331800,,,,,,,,
2025-10-22,6.25,6.300000190734863,6.184999942779541,6.28000020980835,6.28000020980835,343800,,,,,,,,
2025-10-23,6.489999771118164,6.550000190734863,6.465000152587891,6.53000020980835,6.53000020980835,322300,,,,,,,,
2025-10-24,6.53000020980835,6.574999809265137,6.494999885559082,6.559999942779541,6.559999942779541,231200,,,,,,,,
2025-10-27,6.78000020980835,6.789999961853027,6.635000228881836,6.639999866485596,6.639999866485596,1048000,,,,,,,,
2025-10-28,6.639999866485596,6.690000057220459,6.611000061035156,6.639999866485596,6.639999866485596,375800,,,,,,,,
2025-10-29,6.610000133514404,6.670000076293945,6.545000076293945,6.579999923706055,6.579999923706055,357300,,,,,,,,
2025-10-30,6.570000171661377,6.599999904632568,6.46999979019165,6.510000228881836,6.510000228881836,764200,,,,,,,,
2025-10-31,6.460000038146973,6.538000106811523,6.460000038146973,6.519999980926514,6.519999980926514,253100,,,,,,,,
2025-11-03,6.53000020980835,6.579999923706055,6.519999980926514,6.579999923706055,6.579999923706055,357900,,,,,,,,
2025-11-04,6.619999885559082,6.619999885559082,6.545000076293945,6.590000152587891,6.590000152587891,420200,,,,,,,,
2025-11-05,6.659999847412109,6.690000057220459,6.59499979019165,6.650000095367432,6.650000095367432,434200,,,,,,,,
2025-11-06,5.550000190734863,5.639999866485596,5.460000038146973,5.510000228881836,5.510000228881836,1215300,,,,,,,,
2025-11-07,5.510000228881836,5.639999866485596,5.485000133514404,5.639999866485596,5.639999866485596,1088900,,,,,,,,
2025-11-10,5.71999979019165,5.730000019073486,5.659999847412109,5.699999809265137,5.699999809265137,1145900,,,,,,,,
2025-11-11,5.699999809265137,5.715000152587891,5.585000038146973,5.659999847412109,5.659999847412109,967900,,,,,,,,
2025-11-12,5.519999980926514,5.550000190734863,5.445000171661377,5.5,5.5,808700,,,,,,,,
2025-11-13,5.5,5.579999923706055,5.465000152587891,5.489999771118164,5.489999771118164,832500,,,,,,,,
2025-11-14,5.449999809265137,5.480000019073486,5.400000095367432,5.460000038146973,5.460000038146973,1844800,,,,,,,,
2025-11-17,5.46999979019165,5.53000020980835,5.40500020980835,5.409999847412109,5.409999847412109,951600,,,,,,,,
2025-11-18,5.380000114440918,5.4079999923706055,5.300000190734863,5.389999866485596,5.389999866485596,1452100,,,,,,,,
2025-11-19,5.46999979019165,5.510000228881836,5.420000076293945,5.480000019073486,5.480000019073486,938300,,,,,,,,
2025-11-20,5.449999809265137,5.510000228881836,5.275000095367432,5.28000020980835,5.28000020980835,1321700,,,,,,,,
2025-11-21,5.269999980926514,5.400000095367432,5.264999866485596,5.389999866485596,5.389999866485596,929100,,,,,,,,
2025-11-24,5.360000133514404,5.510000228881836,5.360000133514404,5.460000038146973,5.460000038146973,1243400,,,,,,,,
2025-11-25,5.46999979019165,5.559999942779541,5.460000038146973,5.539999961853027,5.539999961853027,732200,,,,,,,,
2025-11-26,5.480000019073486,5.53000020980835,5.46999979019165,5.510000228881836,5.510000228881836,502000,,,,,,,,
2025-11-28,5.559999942779541,5.59499979019165,5.510000228881836,5.590000152587891,5.590000152587891,395000,,,,,,,,
2025-12-01,5.53000020980835,5.579999923706055,5.519999980926514,5.570000171661377,5.570000171661377,707000,,,,,,,,
2025-12-02,5.599999904632568,5.630000114440918,5.559999942779541,5.619999885559082,5.619999885559082,624500,,,,,,,,
2025-12-03,5.199999809265137,5.340000152587891,5.150000095367432,5.25,5.25,1504200,,,,,,,,
2025-12-04,5.25,5.260000228881836,5.170000076293945,5.179999828338623,5.179999828338623,735900,,,,,,,,
2025-12-05,5.21999979019165,5.239999771118164,5.159999847412109,5.179999828338623,5.179999828338623,1066500,,,,,,,,
2025-12-08,5.159999847412109,5.159999847412109,5.083000183105469,5.099999904632568,5.099999904632568,1488600,,,,,,,,
2025-12-09,5.0,5.078000068664551,4.96999979019165,5.039999961853027,5.039999961853027,868800,,,,,,,,
2025-12-10,4.940000057220459,4.980000019073486,4.880000114440918,4.960000038146973,4.960000038146973,1087200,,,,,,,,
2025-12-11,4.960000038146973,5.076000213623047,4.960000038146973,5.050000190734863,5.050000190734863,1234500,,,,,,,,
2025-12-12,5.059999942779541,5.110000133514404,5.019999980926514,5.070000171661377,5.070000171661377,930600,,,,,,,,
2025-12-15,5.0,5.010000228881836,4.909999847412109,4.980000019073486,4.980000019073486,989200,,,,,,,,
2025-12-16,4.949999809265137,4.980000019073486,4.929999828338623,4.929999828338623,4.929999828338623,658400,,,,,,,,
2025-12-17,4.900000095367432,4.940000057220459,4.85099983215332,4.880000114440918,4.880000114440918,1293800,,,,,,,,
2025-12-18,5.0,5.050000190734863,4.954999923706055,4.960000038146973,4.960000038146973,1013700,,,,,,,,
2025-12-19,4.949999809265137,5.0,4.945000171661377,4.980000019073486,4.980000019073486,728600,,,,,,,,
2025-12-22,5.079999923706055,5.110000133514404,5.039999961853027,5.079999923706055,5.079999923706055,889500,,,,,,,,
2025-12-23,5.110000133514404,5.184999942779541,5.099999904632568,5.179999828338623,5.179999828338623,723900,,,,,,,,
2025-12-24,5.349999904632568,5.375,5.335000038146973,5.349999904632568,5.349999904632568,991100,,,,,,,,
2025-12-26,5.550000190734863,5.559999942779541,5.48199987411499,5.539999961853027,5.539999961853027,993900,,,,,,,,
2025-12-29,5.650000095367432,5.664999961853027,5.519999980926514,5.539999961853027,5.539999961853027,1555500,,,,,,,,
2025-12-30,5.619999885559082,5.639999866485596,5.53000020980835,5.539999961853027,5.539999961853027,1231200,,,,,,,,
,ICL,ICL,ICL,ICL,ICL,ICL,,,,,,,,
